order,subset,subset_str,target_index,target,ei_joint,ei_joint_raw,bias_correction,delta_K,null_mean,null_std,z,p_empirical
1,[0],0,0,component_01,0.23651946641717417,0.23651946641717417,0.00012214486198658392,0.23651946641717417,,,,
1,[0],0,1,component_02,0.030215418224024786,0.030215418224024786,0.00012214486198658392,0.030215418224024786,,,,
1,[0],0,2,component_03,0.00023676314298436284,0.00023676314298436284,0.00012214486198658392,0.00023676314298436284,,,,
1,[0],0,3,component_04,0.0023205755090967587,0.0023205755090967587,0.00012214486198658392,0.0023205755090967587,,,,
1,[0],0,4,component_05,0.0027767330308262,0.0027767330308262,0.00012214486198658392,0.0027767330308262,,,,
1,[0],0,5,component_06,0.0015138131014125682,0.0015138131014125682,0.00012214486198658392,0.0015138131014125682,,,,
1,[0],0,6,component_07,0.0022942611479263952,0.0022942611479263952,0.00012214486198658392,0.0022942611479263952,,,,
1,[0],0,7,component_08,0.002033859862922278,0.002033859862922278,0.00012214486198658392,0.002033859862922278,,,,
1,[0],0,8,component_09,0.0038809330014542964,0.0038809330014542964,0.00012214486198658392,0.0038809330014542964,,,,
1,[0],0,9,component_10,0.00021736584864294557,0.00021736584864294557,0.00012214486198658392,0.00021736584864294557,,,,
1,[0],0,10,component_11,0.0,-3.000573199464309e-05,0.00012214486198658392,0.0,,,,
1,[0],0,11,component_12,0.006512181285444446,0.006512181285444446,0.00012214486198658392,0.006512181285444446,,,,
1,[0],0,12,component_13,0.0005139054336314093,0.0005139054336314093,0.00012214486198658392,0.0005139054336314093,,,,
1,[0],0,13,component_14,0.09334738600962554,0.09334738600962554,0.00012214486198658392,0.09334738600962554,,,,
1,[0],0,14,component_15,5.245493878344083e-05,5.245493878344083e-05,0.00012214486198658392,5.245493878344083e-05,,,,
1,[0],0,15,component_16,0.0008452555841997775,0.0008452555841997775,0.00012214486198658392,0.0008452555841997775,,,,
1,[0],0,16,component_17,0.009527556746415195,0.009527556746415195,0.00012214486198658392,0.009527556746415195,,,,
1,[0],0,17,component_18,0.0006662112994201064,0.0006662112994201064,0.00012214486198658392,0.0006662112994201064,,,,
1,[0],0,18,component_19,0.0,-0.00010465408710207599,0.00012214486198658392,0.0,,,,
1,[0],0,19,component_20,0.0003472486589517331,0.0003472486589517331,0.00012214486198658392,0.0003472486589517331,,,,
1,[0],0,20,component_21,0.00025806286250634877,0.00025806286250634877,0.00012214486198658392,0.00025806286250634877,,,,
1,[0],0,21,component_22,0.01582281321348838,0.01582281321348838,0.00012214486198658392,0.01582281321348838,,,,
1,[0],0,22,component_23,0.0,-9.459744511785141e-05,0.00012214486198658392,0.0,,,,
1,[0],0,23,component_24,0.005992445532081014,0.005992445532081014,0.00012214486198658392,0.005992445532081014,,,,
1,[0],0,24,component_25,0.005162390353142635,0.005162390353142635,0.00012214486198658392,0.005162390353142635,,,,
1,[0],0,25,component_26,0.0,-4.123465164990029e-05,0.00012214486198658392,0.0,,,,
1,[0],0,26,component_27,0.058689354663633814,0.058689354663633814,0.00012214486198658392,0.058689354663633814,,,,
1,[0],0,27,component_28,0.00015819924601098126,0.00015819924601098126,0.00012214486198658392,0.00015819924601098126,,,,
1,[0],0,28,component_29,0.0001792807131104362,0.0001792807131104362,0.00012214486198658392,0.0001792807131104362,,,,
1,[0],0,29,component_30,0.0003472677706751655,0.0003472677706751655,0.00012214486198658392,0.0003472677706751655,,,,
1,[0],0,30,component_31,0.0006766550754271536,0.0006766550754271536,0.00012214486198658392,0.0006766550754271536,,,,
1,[0],0,31,component_32,0.00025592320074972817,0.00025592320074972817,0.00012214486198658392,0.00025592320074972817,,,,
1,[0],0,32,component_33,0.00035936949725726933,0.00035936949725726933,0.00012214486198658392,0.00035936949725726933,,,,
1,[0],0,33,component_34,0.0020727997241534405,0.0020727997241534405,0.00012214486198658392,0.0020727997241534405,,,,
1,[0],0,34,component_35,0.0,-7.67990432522878e-05,0.00012214486198658392,0.0,,,,
1,[0],0,35,component_36,0.01640273983517595,0.01640273983517595,0.00012214486198658392,0.01640273983517595,,,,
1,[0],0,36,component_37,0.013502209860991862,0.013502209860991862,0.00012214486198658392,0.013502209860991862,,,,
1,[0],0,37,component_38,0.007340333065613518,0.007340333065613518,0.00012214486198658392,0.007340333065613518,,,,
1,[0],0,38,component_39,0.008140626476456884,0.008140626476456884,0.00012214486198658392,0.008140626476456884,,,,
1,[0],0,39,component_40,0.00038273146038376646,0.00038273146038376646,0.00012214486198658392,0.00038273146038376646,,,,
1,[0],0,40,component_41,0.047541093844482796,0.047541093844482796,0.00012214486198658392,0.047541093844482796,,,,
1,[0],0,41,component_42,0.012815651437815618,0.012815651437815618,0.00012214486198658392,0.012815651437815618,,,,
1,[0],0,42,component_43,0.001535237831249421,0.001535237831249421,0.00012214486198658392,0.001535237831249421,,,,
1,[0],0,43,component_44,0.0029651533435338176,0.0029651533435338176,0.00012214486198658392,0.0029651533435338176,,,,
1,[0],0,44,component_45,0.0,-0.00011363207917270524,0.00012214486198658392,0.0,,,,
1,[0],0,45,component_46,0.00041468141399194063,0.00041468141399194063,0.00012214486198658392,0.00041468141399194063,,,,
1,[0],0,46,component_47,0.004044584891253979,0.004044584891253979,0.00012214486198658392,0.004044584891253979,,,,
1,[0],0,47,component_48,0.0016334566702087758,0.0016334566702087758,0.00012214486198658392,0.0016334566702087758,,,,
1,[0],0,48,component_49,0.004070094217379073,0.004070094217379073,0.00012214486198658392,0.004070094217379073,,,,
1,[0],0,49,component_50,0.01592134439111072,0.01592134439111072,0.00012214486198658392,0.01592134439111072,,,,
1,[0],0,50,component_51,0.0030773027165776606,0.0030773027165776606,0.00012214486198658392,0.0030773027165776606,,,,
1,[0],0,51,component_52,7.58758906424082e-05,7.58758906424082e-05,0.00012214486198658392,7.58758906424082e-05,,,,
1,[0],0,52,component_53,0.0,-0.00011048194043296759,0.00012214486198658392,0.0,,,,
1,[0],0,53,component_54,0.010398039223432954,0.010398039223432954,0.00012214486198658392,0.010398039223432954,,,,
1,[0],0,54,component_55,0.020531854649794307,0.020531854649794307,0.00012214486198658392,0.020531854649794307,,,,
1,[0],0,55,component_56,0.0063618339008916355,0.0063618339008916355,0.00012214486198658392,0.0063618339008916355,,,,
1,[0],0,56,component_57,0.019243834750282244,0.019243834750282244,0.00012214486198658392,0.019243834750282244,,,,
1,[0],0,57,component_58,0.02675870984479755,0.02675870984479755,0.00012214486198658392,0.02675870984479755,,,,
1,[0],0,58,component_59,0.006515516080488112,0.006515516080488112,0.00012214486198658392,0.006515516080488112,,,,
1,[0],0,59,component_60,0.000964011243608036,0.000964011243608036,0.00012214486198658392,0.000964011243608036,,,,
1,[1],1,0,component_01,0.0,-2.8943163936856817e-05,0.00012214486198658392,0.0,,,,
1,[1],1,1,component_02,0.17904147536272758,0.17904147536272758,0.00012214486198658392,0.17904147536272758,,,,
1,[1],1,2,component_03,0.004814108486060774,0.004814108486060774,0.00012214486198658392,0.004814108486060774,,,,
1,[1],1,3,component_04,0.0,-0.00010184823240438678,0.00012214486198658392,0.0,,,,
1,[1],1,4,component_05,0.00014277151799491015,0.00014277151799491015,0.00012214486198658392,0.00014277151799491015,,,,
1,[1],1,5,component_06,0.0030316808087717645,0.0030316808087717645,0.00012214486198658392,0.0030316808087717645,,,,
1,[1],1,6,component_07,0.0028096474727926247,0.0028096474727926247,0.00012214486198658392,0.0028096474727926247,,,,
1,[1],1,7,component_08,0.017576116295926918,0.017576116295926918,0.00012214486198658392,0.017576116295926918,,,,
1,[1],1,8,component_09,0.0005801927768928107,0.0005801927768928107,0.00012214486198658392,0.0005801927768928107,,,,
1,[1],1,9,component_10,0.0007209469891788603,0.0007209469891788603,0.00012214486198658392,0.0007209469891788603,,,,
1,[1],1,10,component_11,0.0013144860021856,0.0013144860021856,0.00012214486198658392,0.0013144860021856,,,,
1,[1],1,11,component_12,0.032688177668289756,0.032688177668289756,0.00012214486198658392,0.032688177668289756,,,,
1,[1],1,12,component_13,0.002749163581850635,0.002749163581850635,0.00012214486198658392,0.002749163581850635,,,,
1,[1],1,13,component_14,0.001759572580917045,0.001759572580917045,0.00012214486198658392,0.001759572580917045,,,,
1,[1],1,14,component_15,0.004868759122569975,0.004868759122569975,0.00012214486198658392,0.004868759122569975,,,,
1,[1],1,15,component_16,0.0019875205982056265,0.0019875205982056265,0.00012214486198658392,0.0019875205982056265,,,,
1,[1],1,16,component_17,0.0,-0.0001218870842895304,0.00012214486198658392,0.0,,,,
1,[1],1,17,component_18,0.0004243710873099554,0.0004243710873099554,0.00012214486198658392,0.0004243710873099554,,,,
1,[1],1,18,component_19,0.011080320668606349,0.011080320668606349,0.00012214486198658392,0.011080320668606349,,,,
1,[1],1,19,component_20,0.0011093356014909136,0.0011093356014909136,0.00012214486198658392,0.0011093356014909136,,,,
1,[1],1,20,component_21,0.0046002261103114585,0.0046002261103114585,0.00012214486198658392,0.0046002261103114585,,,,
1,[1],1,21,component_22,0.0,-0.00012157945088715142,0.00012214486198658392,0.0,,,,
1,[1],1,22,component_23,0.006608440646526844,0.006608440646526844,0.00012214486198658392,0.006608440646526844,,,,
1,[1],1,23,component_24,0.0076542965380234276,0.0076542965380234276,0.00012214486198658392,0.0076542965380234276,,,,
1,[1],1,24,component_25,0.004322618981308701,0.004322618981308701,0.00012214486198658392,0.004322618981308701,,,,
1,[1],1,25,component_26,0.0030687087044537504,0.0030687087044537504,0.00012214486198658392,0.0030687087044537504,,,,
1,[1],1,26,component_27,0.0001972137871388804,0.0001972137871388804,0.00012214486198658392,0.0001972137871388804,,,,
1,[1],1,27,component_28,0.013316183663710107,0.013316183663710107,0.00012214486198658392,0.013316183663710107,,,,
1,[1],1,28,component_29,0.03529143550801572,0.03529143550801572,0.00012214486198658392,0.03529143550801572,,,,
1,[1],1,29,component_30,0.0004316087900828982,0.0004316087900828982,0.00012214486198658392,0.0004316087900828982,,,,
1,[1],1,30,component_31,0.0020528835458108454,0.0020528835458108454,0.00012214486198658392,0.0020528835458108454,,,,
1,[1],1,31,component_32,0.00032914674126785916,0.00032914674126785916,0.00012214486198658392,0.00032914674126785916,,,,
1,[1],1,32,component_33,0.0003986261413702309,0.0003986261413702309,0.00012214486198658392,0.0003986261413702309,,,,
1,[1],1,33,component_34,0.008270858515063935,0.008270858515063935,0.00012214486198658392,0.008270858515063935,,,,
1,[1],1,34,component_35,0.0005414791170373415,0.0005414791170373415,0.00012214486198658392,0.0005414791170373415,,,,
1,[1],1,35,component_36,0.004045231657846382,0.004045231657846382,0.00012214486198658392,0.004045231657846382,,,,
1,[1],1,36,component_37,0.009164954229740601,0.009164954229740601,0.00012214486198658392,0.009164954229740601,,,,
1,[1],1,37,component_38,0.018955680161056372,0.018955680161056372,0.00012214486198658392,0.018955680161056372,,,,
1,[1],1,38,component_39,1.2227698820425046e-05,1.2227698820425046e-05,0.00012214486198658392,1.2227698820425046e-05,,,,
1,[1],1,39,component_40,0.0012653589795278296,0.0012653589795278296,0.00012214486198658392,0.0012653589795278296,,,,
1,[1],1,40,component_41,0.0002173545666336688,0.0002173545666336688,0.00012214486198658392,0.0002173545666336688,,,,
1,[1],1,41,component_42,0.0017541352625309696,0.0017541352625309696,0.00012214486198658392,0.0017541352625309696,,,,
1,[1],1,42,component_43,0.0016462943504747022,0.0016462943504747022,0.00012214486198658392,0.0016462943504747022,,,,
1,[1],1,43,component_44,0.0012112800135274026,0.0012112800135274026,0.00012214486198658392,0.0012112800135274026,,,,
1,[1],1,44,component_45,3.984144042086719e-05,3.984144042086719e-05,0.00012214486198658392,3.984144042086719e-05,,,,
1,[1],1,45,component_46,0.0,-9.686571842520484e-05,0.00012214486198658392,0.0,,,,
1,[1],1,46,component_47,6.243780901741083e-05,6.243780901741083e-05,0.00012214486198658392,6.243780901741083e-05,,,,
1,[1],1,47,component_48,0.0,-6.989522727586145e-05,0.00012214486198658392,0.0,,,,
1,[1],1,48,component_49,0.005685207131929684,0.005685207131929684,0.00012214486198658392,0.005685207131929684,,,,
1,[1],1,49,component_50,0.0004674703018146652,0.0004674703018146652,0.00012214486198658392,0.0004674703018146652,,,,
1,[1],1,50,component_51,0.011682862414797377,0.011682862414797377,0.00012214486198658392,0.011682862414797377,,,,
1,[1],1,51,component_52,0.0006572095306027744,0.0006572095306027744,0.00012214486198658392,0.0006572095306027744,,,,
1,[1],1,52,component_53,0.007311132458255178,0.007311132458255178,0.00012214486198658392,0.007311132458255178,,,,
1,[1],1,53,component_54,0.010590077766358931,0.010590077766358931,0.00012214486198658392,0.010590077766358931,,,,
1,[1],1,54,component_55,0.001176401977708067,0.001176401977708067,0.00012214486198658392,0.001176401977708067,,,,
1,[1],1,55,component_56,0.004505347238162347,0.004505347238162347,0.00012214486198658392,0.004505347238162347,,,,
1,[1],1,56,component_57,0.0,-0.0001056519908125327,0.00012214486198658392,0.0,,,,
1,[1],1,57,component_58,0.009666197237418697,0.009666197237418697,0.00012214486198658392,0.009666197237418697,,,,
1,[1],1,58,component_59,0.015292603489634512,0.015292603489634512,0.00012214486198658392,0.015292603489634512,,,,
1,[1],1,59,component_60,0.0023924167820757506,0.0023924167820757506,0.00012214486198658392,0.0023924167820757506,,,,
1,[2],2,0,component_01,0.0034183655020075614,0.0034183655020075614,0.00012214486198658392,0.0034183655020075614,,,,
1,[2],2,1,component_02,0.000663539592658957,0.000663539592658957,0.00012214486198658392,0.000663539592658957,,,,
1,[2],2,2,component_03,0.1356387175387331,0.1356387175387331,0.00012214486198658392,0.1356387175387331,,,,
1,[2],2,3,component_04,0.00013289681534772632,0.00013289681534772632,0.00012214486198658392,0.00013289681534772632,,,,
1,[2],2,4,component_05,0.011678001919223083,0.011678001919223083,0.00012214486198658392,0.011678001919223083,,,,
1,[2],2,5,component_06,0.0009853312896059287,0.0009853312896059287,0.00012214486198658392,0.0009853312896059287,,,,
1,[2],2,6,component_07,5.561607866317762e-05,5.561607866317762e-05,0.00012214486198658392,5.561607866317762e-05,,,,
1,[2],2,7,component_08,0.006003967877011044,0.006003967877011044,0.00012214486198658392,0.006003967877011044,,,,
1,[2],2,8,component_09,0.0,-0.00011465166405919694,0.00012214486198658392,0.0,,,,
1,[2],2,9,component_10,0.0003949616043823975,0.0003949616043823975,0.00012214486198658392,0.0003949616043823975,,,,
1,[2],2,10,component_11,0.01236658655150391,0.01236658655150391,0.00012214486198658392,0.01236658655150391,,,,
1,[2],2,11,component_12,0.0,-0.00010431488332279047,0.00012214486198658392,0.0,,,,
1,[2],2,12,component_13,0.0066409615616422725,0.0066409615616422725,0.00012214486198658392,0.0066409615616422725,,,,
1,[2],2,13,component_14,0.0003857885334180892,0.0003857885334180892,0.00012214486198658392,0.0003857885334180892,,,,
1,[2],2,14,component_15,0.00038387497151192134,0.00038387497151192134,0.00012214486198658392,0.00038387497151192134,,,,
1,[2],2,15,component_16,0.002128783255609636,0.002128783255609636,0.00012214486198658392,0.002128783255609636,,,,
1,[2],2,16,component_17,0.0013608237865495893,0.0013608237865495893,0.00012214486198658392,0.0013608237865495893,,,,
1,[2],2,17,component_18,0.0031614524993024357,0.0031614524993024357,0.00012214486198658392,0.0031614524993024357,,,,
1,[2],2,18,component_19,0.002879498196723457,0.002879498196723457,0.00012214486198658392,0.002879498196723457,,,,
1,[2],2,19,component_20,0.012336859944110224,0.012336859944110224,0.00012214486198658392,0.012336859944110224,,,,
1,[2],2,20,component_21,0.0009622719929908175,0.0009622719929908175,0.00012214486198658392,0.0009622719929908175,,,,
1,[2],2,21,component_22,0.0,-0.00012062095904786209,0.00012214486198658392,0.0,,,,
1,[2],2,22,component_23,0.0003935554247491132,0.0003935554247491132,0.00012214486198658392,0.0003935554247491132,,,,
1,[2],2,23,component_24,0.0,-8.502267339738812e-05,0.00012214486198658392,0.0,,,,
1,[2],2,24,component_25,0.0,-0.00011242166066702361,0.00012214486198658392,0.0,,,,
1,[2],2,25,component_26,2.2002622590442116e-05,2.2002622590442116e-05,0.00012214486198658392,2.2002622590442116e-05,,,,
1,[2],2,26,component_27,0.008948604440931361,0.008948604440931361,0.00012214486198658392,0.008948604440931361,,,,
1,[2],2,27,component_28,0.00012563907107755726,0.00012563907107755726,0.00012214486198658392,0.00012563907107755726,,,,
1,[2],2,28,component_29,0.0018199740203591248,0.0018199740203591248,0.00012214486198658392,0.0018199740203591248,,,,
1,[2],2,29,component_30,0.0005090381229266804,0.0005090381229266804,0.00012214486198658392,0.0005090381229266804,,,,
1,[2],2,30,component_31,0.0003883687113809337,0.0003883687113809337,0.00012214486198658392,0.0003883687113809337,,,,
1,[2],2,31,component_32,0.0013108993419055105,0.0013108993419055105,0.00012214486198658392,0.0013108993419055105,,,,
1,[2],2,32,component_33,0.0,-0.00012138120511977332,0.00012214486198658392,0.0,,,,
1,[2],2,33,component_34,0.0009216402610902273,0.0009216402610902273,0.00012214486198658392,0.0009216402610902273,,,,
1,[2],2,34,component_35,0.0,-3.792777841855595e-05,0.00012214486198658392,0.0,,,,
1,[2],2,35,component_36,0.006527658900447918,0.006527658900447918,0.00012214486198658392,0.006527658900447918,,,,
1,[2],2,36,component_37,0.0007027382845613158,0.0007027382845613158,0.00012214486198658392,0.0007027382845613158,,,,
1,[2],2,37,component_38,0.007121640471472315,0.007121640471472315,0.00012214486198658392,0.007121640471472315,,,,
1,[2],2,38,component_39,0.0023715304877630003,0.0023715304877630003,0.00012214486198658392,0.0023715304877630003,,,,
1,[2],2,39,component_40,0.000635679946904361,0.000635679946904361,0.00012214486198658392,0.000635679946904361,,,,
1,[2],2,40,component_41,0.003075790184496365,0.003075790184496365,0.00012214486198658392,0.003075790184496365,,,,
1,[2],2,41,component_42,0.015081280306150205,0.015081280306150205,0.00012214486198658392,0.015081280306150205,,,,
1,[2],2,42,component_43,0.00024923886715732646,0.00024923886715732646,0.00012214486198658392,0.00024923886715732646,,,,
1,[2],2,43,component_44,0.00674414889899348,0.00674414889899348,0.00012214486198658392,0.00674414889899348,,,,
1,[2],2,44,component_45,0.00035939300470974145,0.00035939300470974145,0.00012214486198658392,0.00035939300470974145,,,,
1,[2],2,45,component_46,0.005893581066376325,0.005893581066376325,0.00012214486198658392,0.005893581066376325,,,,
1,[2],2,46,component_47,0.0012769412301496122,0.0012769412301496122,0.00012214486198658392,0.0012769412301496122,,,,
1,[2],2,47,component_48,0.0024570265512104004,0.0024570265512104004,0.00012214486198658392,0.0024570265512104004,,,,
1,[2],2,48,component_49,0.0037526446550875787,0.0037526446550875787,0.00012214486198658392,0.0037526446550875787,,,,
1,[2],2,49,component_50,0.0004128560661568788,0.0004128560661568788,0.00012214486198658392,0.0004128560661568788,,,,
1,[2],2,50,component_51,0.005765269923104825,0.005765269923104825,0.00012214486198658392,0.005765269923104825,,,,
1,[2],2,51,component_52,0.001286701196673388,0.001286701196673388,0.00012214486198658392,0.001286701196673388,,,,
1,[2],2,52,component_53,0.0017089805804209224,0.0017089805804209224,0.00012214486198658392,0.0017089805804209224,,,,
1,[2],2,53,component_54,0.0026474467540148158,0.0026474467540148158,0.00012214486198658392,0.0026474467540148158,,,,
1,[2],2,54,component_55,0.023152494686644712,0.023152494686644712,0.00012214486198658392,0.023152494686644712,,,,
1,[2],2,55,component_56,0.006442042237864239,0.006442042237864239,0.00012214486198658392,0.006442042237864239,,,,
1,[2],2,56,component_57,0.024211904450678785,0.024211904450678785,0.00012214486198658392,0.024211904450678785,,,,
1,[2],2,57,component_58,0.0021889862064746876,0.0021889862064746876,0.00012214486198658392,0.0021889862064746876,,,,
1,[2],2,58,component_59,0.0009580837132184893,0.0009580837132184893,0.00012214486198658392,0.0009580837132184893,,,,
1,[2],2,59,component_60,0.0025061090337817424,0.0025061090337817424,0.00012214486198658392,0.0025061090337817424,,,,
1,[3],3,0,component_01,0.0,-9.475392773652814e-05,0.00012214486198658392,0.0,,,,
1,[3],3,1,component_02,0.0,-6.064460184304659e-06,0.00012214486198658392,0.0,,,,
1,[3],3,2,component_03,0.0025104741599822574,0.0025104741599822574,0.00012214486198658392,0.0025104741599822574,,,,
1,[3],3,3,component_04,0.5356062155756942,0.5356062155756942,0.00012214486198658392,0.5356062155756942,,,,
1,[3],3,4,component_05,0.0024096817617189964,0.0024096817617189964,0.00012214486198658392,0.0024096817617189964,,,,
1,[3],3,5,component_06,0.0009290671512660466,0.0009290671512660466,0.00012214486198658392,0.0009290671512660466,,,,
1,[3],3,6,component_07,0.003621578309628801,0.003621578309628801,0.00012214486198658392,0.003621578309628801,,,,
1,[3],3,7,component_08,0.002248044094606507,0.002248044094606507,0.00012214486198658392,0.002248044094606507,,,,
1,[3],3,8,component_09,0.004018432156893719,0.004018432156893719,0.00012214486198658392,0.004018432156893719,,,,
1,[3],3,9,component_10,0.0002907339021833038,0.0002907339021833038,0.00012214486198658392,0.0002907339021833038,,,,
1,[3],3,10,component_11,0.0034584963829969637,0.0034584963829969637,0.00012214486198658392,0.0034584963829969637,,,,
1,[3],3,11,component_12,0.00708617086051559,0.00708617086051559,0.00012214486198658392,0.00708617086051559,,,,
1,[3],3,12,component_13,0.0013474470304703442,0.0013474470304703442,0.00012214486198658392,0.0013474470304703442,,,,
1,[3],3,13,component_14,0.002534604039446762,0.002534604039446762,0.00012214486198658392,0.002534604039446762,,,,
1,[3],3,14,component_15,0.00506814813279402,0.00506814813279402,0.00012214486198658392,0.00506814813279402,,,,
1,[3],3,15,component_16,0.0,-0.00011299947110115003,0.00012214486198658392,0.0,,,,
1,[3],3,16,component_17,0.0025669273568599627,0.0025669273568599627,0.00012214486198658392,0.0025669273568599627,,,,
1,[3],3,17,component_18,0.005582184119243019,0.005582184119243019,0.00012214486198658392,0.005582184119243019,,,,
1,[3],3,18,component_19,0.0003104375425680926,0.0003104375425680926,0.00012214486198658392,0.0003104375425680926,,,,
1,[3],3,19,component_20,0.005187844447630505,0.005187844447630505,0.00012214486198658392,0.005187844447630505,,,,
1,[3],3,20,component_21,0.0003609406598205869,0.0003609406598205869,0.00012214486198658392,0.0003609406598205869,,,,
1,[3],3,21,component_22,0.008313165951015705,0.008313165951015705,0.00012214486198658392,0.008313165951015705,,,,
1,[3],3,22,component_23,0.007549587054151298,0.007549587054151298,0.00012214486198658392,0.007549587054151298,,,,
1,[3],3,23,component_24,0.0007082694770389852,0.0007082694770389852,0.00012214486198658392,0.0007082694770389852,,,,
1,[3],3,24,component_25,0.00676751223256058,0.00676751223256058,0.00012214486198658392,0.00676751223256058,,,,
1,[3],3,25,component_26,0.009284044955587527,0.009284044955587527,0.00012214486198658392,0.009284044955587527,,,,
1,[3],3,26,component_27,0.0,-7.151679811906312e-05,0.00012214486198658392,0.0,,,,
1,[3],3,27,component_28,0.01099222568931139,0.01099222568931139,0.00012214486198658392,0.01099222568931139,,,,
1,[3],3,28,component_29,0.0037421296029255305,0.0037421296029255305,0.00012214486198658392,0.0037421296029255305,,,,
1,[3],3,29,component_30,0.01717418292167886,0.01717418292167886,0.00012214486198658392,0.01717418292167886,,,,
1,[3],3,30,component_31,0.003896803986792055,0.003896803986792055,0.00012214486198658392,0.003896803986792055,,,,
1,[3],3,31,component_32,0.00022005991105943093,0.00022005991105943093,0.00012214486198658392,0.00022005991105943093,,,,
1,[3],3,32,component_33,0.0,-0.00011438899785411053,0.00012214486198658392,0.0,,,,
1,[3],3,33,component_34,0.00033467736339391264,0.00033467736339391264,0.00012214486198658392,0.00033467736339391264,,,,
1,[3],3,34,component_35,0.00011213720880452443,0.00011213720880452443,0.00012214486198658392,0.00011213720880452443,,,,
1,[3],3,35,component_36,0.005534444644799129,0.005534444644799129,0.00012214486198658392,0.005534444644799129,,,,
1,[3],3,36,component_37,0.0028222847443483213,0.0028222847443483213,0.00012214486198658392,0.0028222847443483213,,,,
1,[3],3,37,component_38,0.0016065980755616044,0.0016065980755616044,0.00012214486198658392,0.0016065980755616044,,,,
1,[3],3,38,component_39,0.0037066677429740784,0.0037066677429740784,0.00012214486198658392,0.0037066677429740784,,,,
1,[3],3,39,component_40,0.00028146122043128634,0.00028146122043128634,0.00012214486198658392,0.00028146122043128634,,,,
1,[3],3,40,component_41,0.0008537470161238897,0.0008537470161238897,0.00012214486198658392,0.0008537470161238897,,,,
1,[3],3,41,component_42,0.0,-6.27741343368806e-05,0.00012214486198658392,0.0,,,,
1,[3],3,42,component_43,0.0021109091706316475,0.0021109091706316475,0.00012214486198658392,0.0021109091706316475,,,,
1,[3],3,43,component_44,0.0,-1.786006428368636e-05,0.00012214486198658392,0.0,,,,
1,[3],3,44,component_45,0.044300407813081435,0.044300407813081435,0.00012214486198658392,0.044300407813081435,,,,
1,[3],3,45,component_46,0.0,-3.235350776176164e-05,0.00012214486198658392,0.0,,,,
1,[3],3,46,component_47,0.0007041764391970073,0.0007041764391970073,0.00012214486198658392,0.0007041764391970073,,,,
1,[3],3,47,component_48,0.0002774381579639679,0.0002774381579639679,0.00012214486198658392,0.0002774381579639679,,,,
1,[3],3,48,component_49,0.0,-0.0001102390463376737,0.00012214486198658392,0.0,,,,
1,[3],3,49,component_50,0.0,-0.00012183180960589055,0.00012214486198658392,0.0,,,,
1,[3],3,50,component_51,1.1331995369655924e-05,1.1331995369655924e-05,0.00012214486198658392,1.1331995369655924e-05,,,,
1,[3],3,51,component_52,6.074412379283712e-05,6.074412379283712e-05,0.00012214486198658392,6.074412379283712e-05,,,,
1,[3],3,52,component_53,0.0,-3.0141144536885195e-06,0.00012214486198658392,0.0,,,,
1,[3],3,53,component_54,0.0,-0.00012201714845659322,0.00012214486198658392,0.0,,,,
1,[3],3,54,component_55,0.0014801999254784788,0.0014801999254784788,0.00012214486198658392,0.0014801999254784788,,,,
1,[3],3,55,component_56,9.80497531496662e-05,9.80497531496662e-05,0.00012214486198658392,9.80497531496662e-05,,,,
1,[3],3,56,component_57,0.0164995158197457,0.0164995158197457,0.00012214486198658392,0.0164995158197457,,,,
1,[3],3,57,component_58,0.0017903256841560748,0.0017903256841560748,0.00012214486198658392,0.0017903256841560748,,,,
1,[3],3,58,component_59,0.000126124315887902,0.000126124315887902,0.00012214486198658392,0.000126124315887902,,,,
1,[3],3,59,component_60,0.0,-6.502586347483376e-05,0.00012214486198658392,0.0,,,,
1,[4],4,0,component_01,0.0020544798085950296,0.0020544798085950296,0.00012214486198658392,0.0020544798085950296,,,,
1,[4],4,1,component_02,0.0005381238274027119,0.0005381238274027119,0.00012214486198658392,0.0005381238274027119,,,,
1,[4],4,2,component_03,0.0017672382456773307,0.0017672382456773307,0.00012214486198658392,0.0017672382456773307,,,,
1,[4],4,3,component_04,0.0002802891180432887,0.0002802891180432887,0.00012214486198658392,0.0002802891180432887,,,,
1,[4],4,4,component_05,0.41720484299540517,0.41720484299540517,0.00012214486198658392,0.41720484299540517,,,,
1,[4],4,5,component_06,0.00020932685597350371,0.00020932685597350371,0.00012214486198658392,0.00020932685597350371,,,,
1,[4],4,6,component_07,0.004814719310437069,0.004814719310437069,0.00012214486198658392,0.004814719310437069,,,,
1,[4],4,7,component_08,0.0040612454441648176,0.0040612454441648176,0.00012214486198658392,0.0040612454441648176,,,,
1,[4],4,8,component_09,0.0013934674608625335,0.0013934674608625335,0.00012214486198658392,0.0013934674608625335,,,,
1,[4],4,9,component_10,0.0035943621696536716,0.0035943621696536716,0.00012214486198658392,0.0035943621696536716,,,,
1,[4],4,10,component_11,0.0009886918960290046,0.0009886918960290046,0.00012214486198658392,0.0009886918960290046,,,,
1,[4],4,11,component_12,0.0,-0.00010689022166683054,0.00012214486198658392,0.0,,,,
1,[4],4,12,component_13,0.006041397082669764,0.006041397082669764,0.00012214486198658392,0.006041397082669764,,,,
1,[4],4,13,component_14,3.7582295360772766e-05,3.7582295360772766e-05,0.00012214486198658392,3.7582295360772766e-05,,,,
1,[4],4,14,component_15,0.016879131138420315,0.016879131138420315,0.00012214486198658392,0.016879131138420315,,,,
1,[4],4,15,component_16,0.0030542598718092248,0.0030542598718092248,0.00012214486198658392,0.0030542598718092248,,,,
1,[4],4,16,component_17,0.0001572917262230366,0.0001572917262230366,0.00012214486198658392,0.0001572917262230366,,,,
1,[4],4,17,component_18,0.006393786247484205,0.006393786247484205,0.00012214486198658392,0.006393786247484205,,,,
1,[4],4,18,component_19,0.0006920384760602379,0.0006920384760602379,0.00012214486198658392,0.0006920384760602379,,,,
1,[4],4,19,component_20,0.0012579427738907993,0.0012579427738907993,0.00012214486198658392,0.0012579427738907993,,,,
1,[4],4,20,component_21,0.00010596343537706151,0.00010596343537706151,0.00012214486198658392,0.00010596343537706151,,,,
1,[4],4,21,component_22,0.004003476221763764,0.004003476221763764,0.00012214486198658392,0.004003476221763764,,,,
1,[4],4,22,component_23,0.0004005539807579911,0.0004005539807579911,0.00012214486198658392,0.0004005539807579911,,,,
1,[4],4,23,component_24,0.016532480370184347,0.016532480370184347,0.00012214486198658392,0.016532480370184347,,,,
1,[4],4,24,component_25,0.0,-7.585752147571212e-05,0.00012214486198658392,0.0,,,,
1,[4],4,25,component_26,0.0,-7.118557294429181e-05,0.00012214486198658392,0.0,,,,
1,[4],4,26,component_27,0.0,-4.430981374433488e-05,0.00012214486198658392,0.0,,,,
1,[4],4,27,component_28,0.0,-4.041603399062717e-05,0.00012214486198658392,0.0,,,,
1,[4],4,28,component_29,0.001181161385202835,0.001181161385202835,0.00012214486198658392,0.001181161385202835,,,,
1,[4],4,29,component_30,0.0012759668721013032,0.0012759668721013032,0.00012214486198658392,0.0012759668721013032,,,,
1,[4],4,30,component_31,0.019122122254177643,0.019122122254177643,0.00012214486198658392,0.019122122254177643,,,,
1,[4],4,31,component_32,0.0016431247082904041,0.0016431247082904041,0.00012214486198658392,0.0016431247082904041,,,,
1,[4],4,32,component_33,0.0037340318251762013,0.0037340318251762013,0.00012214486198658392,0.0037340318251762013,,,,
1,[4],4,33,component_34,0.00016653657206606442,0.00016653657206606442,0.00012214486198658392,0.00016653657206606442,,,,
1,[4],4,34,component_35,0.0008760459201272575,0.0008760459201272575,0.00012214486198658392,0.0008760459201272575,,,,
1,[4],4,35,component_36,0.0001205632983293437,0.0001205632983293437,0.00012214486198658392,0.0001205632983293437,,,,
1,[4],4,36,component_37,0.0007312297272582297,0.0007312297272582297,0.00012214486198658392,0.0007312297272582297,,,,
1,[4],4,37,component_38,0.0,-6.597534526325735e-05,0.00012214486198658392,0.0,,,,
1,[4],4,38,component_39,0.0031391424889383648,0.0031391424889383648,0.00012214486198658392,0.0031391424889383648,,,,
1,[4],4,39,component_40,0.013949867124454838,0.013949867124454838,0.00012214486198658392,0.013949867124454838,,,,
1,[4],4,40,component_41,0.0002185045310748652,0.0002185045310748652,0.00012214486198658392,0.0002185045310748652,,,,
1,[4],4,41,component_42,0.004812581600042475,0.004812581600042475,0.00012214486198658392,0.004812581600042475,,,,
1,[4],4,42,component_43,0.0002977186100197321,0.0002977186100197321,0.00012214486198658392,0.0002977186100197321,,,,
1,[4],4,43,component_44,0.004125003528091607,0.004125003528091607,0.00012214486198658392,0.004125003528091607,,,,
1,[4],4,44,component_45,0.0,-5.58774087414948e-05,0.00012214486198658392,0.0,,,,
1,[4],4,45,component_46,0.0034664215870808014,0.0034664215870808014,0.00012214486198658392,0.0034664215870808014,,,,
1,[4],4,46,component_47,0.0007945810558539539,0.0007945810558539539,0.00012214486198658392,0.0007945810558539539,,,,
1,[4],4,47,component_48,0.006995542778784798,0.006995542778784798,0.00012214486198658392,0.006995542778784798,,,,
1,[4],4,48,component_49,0.006106224074287552,0.006106224074287552,0.00012214486198658392,0.006106224074287552,,,,
1,[4],4,49,component_50,0.0040046269903022,0.0040046269903022,0.00012214486198658392,0.0040046269903022,,,,
1,[4],4,50,component_51,0.010895111946639793,0.010895111946639793,0.00012214486198658392,0.010895111946639793,,,,
1,[4],4,51,component_52,0.006024495760224903,0.006024495760224903,0.00012214486198658392,0.006024495760224903,,,,
1,[4],4,52,component_53,0.0,-1.919878508359468e-05,0.00012214486198658392,0.0,,,,
1,[4],4,53,component_54,0.0016251152453441416,0.0016251152453441416,0.00012214486198658392,0.0016251152453441416,,,,
1,[4],4,54,component_55,0.01074679354286295,0.01074679354286295,0.00012214486198658392,0.01074679354286295,,,,
1,[4],4,55,component_56,0.0018637273888569036,0.0018637273888569036,0.00012214486198658392,0.0018637273888569036,,,,
1,[4],4,56,component_57,0.0028173586821263826,0.0028173586821263826,0.00012214486198658392,0.0028173586821263826,,,,
1,[4],4,57,component_58,0.001978700852108449,0.001978700852108449,0.00012214486198658392,0.001978700852108449,,,,
1,[4],4,58,component_59,0.00030346012010160084,0.00030346012010160084,0.00012214486198658392,0.00030346012010160084,,,,
1,[4],4,59,component_60,0.0018272766704166082,0.0018272766704166082,0.00012214486198658392,0.0018272766704166082,,,,
1,[5],5,0,component_01,0.006448207744111436,0.006448207744111436,0.00012214486198658392,0.006448207744111436,,,,
1,[5],5,1,component_02,0.00608255214852808,0.00608255214852808,0.00012214486198658392,0.00608255214852808,,,,
1,[5],5,2,component_03,0.002118650808383207,0.002118650808383207,0.00012214486198658392,0.002118650808383207,,,,
1,[5],5,3,component_04,0.0009688229464716395,0.0009688229464716395,0.00012214486198658392,0.0009688229464716395,,,,
1,[5],5,4,component_05,0.0002607648069461303,0.0002607648069461303,0.00012214486198658392,0.0002607648069461303,,,,
1,[5],5,5,component_06,0.2163237394483631,0.2163237394483631,0.00012214486198658392,0.2163237394483631,,,,
1,[5],5,6,component_07,0.002156583923055809,0.002156583923055809,0.00012214486198658392,0.002156583923055809,,,,
1,[5],5,7,component_08,0.008215692907366227,0.008215692907366227,0.00012214486198658392,0.008215692907366227,,,,
1,[5],5,8,component_09,0.0027870736975897457,0.0027870736975897457,0.00012214486198658392,0.0027870736975897457,,,,
1,[5],5,9,component_10,0.002971055298807086,0.002971055298807086,0.00012214486198658392,0.002971055298807086,,,,
1,[5],5,10,component_11,0.0,-0.00010681308268297048,0.00012214486198658392,0.0,,,,
1,[5],5,11,component_12,0.0045086003470322464,0.0045086003470322464,0.00012214486198658392,0.0045086003470322464,,,,
1,[5],5,12,component_13,0.0029653838020975943,0.0029653838020975943,0.00012214486198658392,0.0029653838020975943,,,,
1,[5],5,13,component_14,0.017693327229526212,0.017693327229526212,0.00012214486198658392,0.017693327229526212,,,,
1,[5],5,14,component_15,0.002786593569179507,0.002786593569179507,0.00012214486198658392,0.002786593569179507,,,,
1,[5],5,15,component_16,0.013724030214210675,0.013724030214210675,0.00012214486198658392,0.013724030214210675,,,,
1,[5],5,16,component_17,0.0012957357466896013,0.0012957357466896013,0.00012214486198658392,0.0012957357466896013,,,,
1,[5],5,17,component_18,0.002074123343446114,0.002074123343446114,0.00012214486198658392,0.002074123343446114,,,,
1,[5],5,18,component_19,0.004456335500655048,0.004456335500655048,0.00012214486198658392,0.004456335500655048,,,,
1,[5],5,19,component_20,0.0,-0.0001217140029713444,0.00012214486198658392,0.0,,,,
1,[5],5,20,component_21,0.0023177387047521106,0.0023177387047521106,0.00012214486198658392,0.0023177387047521106,,,,
1,[5],5,21,component_22,0.0007927201704936836,0.0007927201704936836,0.00012214486198658392,0.0007927201704936836,,,,
1,[5],5,22,component_23,0.00022947831231304983,0.00022947831231304983,0.00012214486198658392,0.00022947831231304983,,,,
1,[5],5,23,component_24,0.00044349123056711397,0.00044349123056711397,0.00012214486198658392,0.00044349123056711397,,,,
1,[5],5,24,component_25,0.0011325488493655468,0.0011325488493655468,0.00012214486198658392,0.0011325488493655468,,,,
1,[5],5,25,component_26,0.005441797365909332,0.005441797365909332,0.00012214486198658392,0.005441797365909332,,,,
1,[5],5,26,component_27,0.012652650106313095,0.012652650106313095,0.00012214486198658392,0.012652650106313095,,,,
1,[5],5,27,component_28,0.0036887793580420635,0.0036887793580420635,0.00012214486198658392,0.0036887793580420635,,,,
1,[5],5,28,component_29,0.002287037327803774,0.002287037327803774,0.00012214486198658392,0.002287037327803774,,,,
1,[5],5,29,component_30,0.0022641087711897075,0.0022641087711897075,0.00012214486198658392,0.0022641087711897075,,,,
1,[5],5,30,component_31,0.0,-0.00010513741106150723,0.00012214486198658392,0.0,,,,
1,[5],5,31,component_32,0.00011489812013015728,0.00011489812013015728,0.00012214486198658392,0.00011489812013015728,,,,
1,[5],5,32,component_33,0.0010973843542126972,0.0010973843542126972,0.00012214486198658392,0.0010973843542126972,,,,
1,[5],5,33,component_34,0.0013188301342948621,0.0013188301342948621,0.00012214486198658392,0.0013188301342948621,,,,
1,[5],5,34,component_35,0.0,-6.097860967847643e-05,0.00012214486198658392,0.0,,,,
1,[5],5,35,component_36,0.0021410332440110285,0.0021410332440110285,0.00012214486198658392,0.0021410332440110285,,,,
1,[5],5,36,component_37,6.573524382812285e-05,6.573524382812285e-05,0.00012214486198658392,6.573524382812285e-05,,,,
1,[5],5,37,component_38,0.00020401901790481034,0.00020401901790481034,0.00012214486198658392,0.00020401901790481034,,,,
1,[5],5,38,component_39,0.010249370876054861,0.010249370876054861,0.00012214486198658392,0.010249370876054861,,,,
1,[5],5,39,component_40,0.0048957323567742714,0.0048957323567742714,0.00012214486198658392,0.0048957323567742714,,,,
1,[5],5,40,component_41,0.0004205162931729424,0.0004205162931729424,0.00012214486198658392,0.0004205162931729424,,,,
1,[5],5,41,component_42,0.0020562995819007404,0.0020562995819007404,0.00012214486198658392,0.0020562995819007404,,,,
1,[5],5,42,component_43,0.0007501096821625915,0.0007501096821625915,0.00012214486198658392,0.0007501096821625915,,,,
1,[5],5,43,component_44,0.00014168510882962826,0.00014168510882962826,0.00012214486198658392,0.00014168510882962826,,,,
1,[5],5,44,component_45,0.0013008934260705805,0.0013008934260705805,0.00012214486198658392,0.0013008934260705805,,,,
1,[5],5,45,component_46,0.0,-8.340105170472279e-05,0.00012214486198658392,0.0,,,,
1,[5],5,46,component_47,0.00030419677342481395,0.00030419677342481395,0.00012214486198658392,0.00030419677342481395,,,,
1,[5],5,47,component_48,0.0021059056574260445,0.0021059056574260445,0.00012214486198658392,0.0021059056574260445,,,,
1,[5],5,48,component_49,0.008835134605616479,0.008835134605616479,0.00012214486198658392,0.008835134605616479,,,,
1,[5],5,49,component_50,0.0012877326984687722,0.0012877326984687722,0.00012214486198658392,0.0012877326984687722,,,,
1,[5],5,50,component_51,0.00021097069500649714,0.00021097069500649714,0.00012214486198658392,0.00021097069500649714,,,,
1,[5],5,51,component_52,0.037004371351570566,0.037004371351570566,0.00012214486198658392,0.037004371351570566,,,,
1,[5],5,52,component_53,0.00017869837171386813,0.00017869837171386813,0.00012214486198658392,0.00017869837171386813,,,,
1,[5],5,53,component_54,0.004020149397693704,0.004020149397693704,0.00012214486198658392,0.004020149397693704,,,,
1,[5],5,54,component_55,0.004635297948282256,0.004635297948282256,0.00012214486198658392,0.004635297948282256,,,,
1,[5],5,55,component_56,0.010512305575063958,0.010512305575063958,0.00012214486198658392,0.010512305575063958,,,,
1,[5],5,56,component_57,0.003846677521901979,0.003846677521901979,0.00012214486198658392,0.003846677521901979,,,,
1,[5],5,57,component_58,0.00019235155138855466,0.00019235155138855466,0.00012214486198658392,0.00019235155138855466,,,,
1,[5],5,58,component_59,0.012760587519535715,0.012760587519535715,0.00012214486198658392,0.012760587519535715,,,,
1,[5],5,59,component_60,0.0037274327180664125,0.0037274327180664125,0.00012214486198658392,0.0037274327180664125,,,,
1,[6],6,0,component_01,0.003234336761304835,0.003234336761304835,0.00012214486198658392,0.003234336761304835,,,,
1,[6],6,1,component_02,9.122564928153837e-05,9.122564928153837e-05,0.00012214486198658392,9.122564928153837e-05,,,,
1,[6],6,2,component_03,0.04160941919985654,0.04160941919985654,0.00012214486198658392,0.04160941919985654,,,,
1,[6],6,3,component_04,0.0004389081111248396,0.0004389081111248396,0.00012214486198658392,0.0004389081111248396,,,,
1,[6],6,4,component_05,0.0,-2.5225155494393135e-05,0.00012214486198658392,0.0,,,,
1,[6],6,5,component_06,0.004775090138950445,0.004775090138950445,0.00012214486198658392,0.004775090138950445,,,,
1,[6],6,6,component_07,0.1279881381798199,0.1279881381798199,0.00012214486198658392,0.1279881381798199,,,,
1,[6],6,7,component_08,0.002515962778590961,0.002515962778590961,0.00012214486198658392,0.002515962778590961,,,,
1,[6],6,8,component_09,0.0016426381045255912,0.0016426381045255912,0.00012214486198658392,0.0016426381045255912,,,,
1,[6],6,9,component_10,0.0,-0.00012079227536226832,0.00012214486198658392,0.0,,,,
1,[6],6,10,component_11,0.009738097873859822,0.009738097873859822,0.00012214486198658392,0.009738097873859822,,,,
1,[6],6,11,component_12,0.0,-3.9008741390598534e-05,0.00012214486198658392,0.0,,,,
1,[6],6,12,component_13,0.00030617902660044934,0.00030617902660044934,0.00012214486198658392,0.00030617902660044934,,,,
1,[6],6,13,component_14,0.000303946456259112,0.000303946456259112,0.00012214486198658392,0.000303946456259112,,,,
1,[6],6,14,component_15,0.0008119181282287616,0.0008119181282287616,0.00012214486198658392,0.0008119181282287616,,,,
1,[6],6,15,component_16,0.0035596736710913814,0.0035596736710913814,0.00012214486198658392,0.0035596736710913814,,,,
1,[6],6,16,component_17,0.0003573534419020146,0.0003573534419020146,0.00012214486198658392,0.0003573534419020146,,,,
1,[6],6,17,component_18,0.0,-3.183332909306529e-05,0.00012214486198658392,0.0,,,,
1,[6],6,18,component_19,0.00016496626086427387,0.00016496626086427387,0.00012214486198658392,0.00016496626086427387,,,,
1,[6],6,19,component_20,0.021128349558393267,0.021128349558393267,0.00012214486198658392,0.021128349558393267,,,,
1,[6],6,20,component_21,0.00983495449271517,0.00983495449271517,0.00012214486198658392,0.00983495449271517,,,,
1,[6],6,21,component_22,0.0011341160892581188,0.0011341160892581188,0.00012214486198658392,0.0011341160892581188,,,,
1,[6],6,22,component_23,0.0,-5.890068722291201e-05,0.00012214486198658392,0.0,,,,
1,[6],6,23,component_24,0.00010993140516098957,0.00010993140516098957,0.00012214486198658392,0.00010993140516098957,,,,
1,[6],6,24,component_25,0.0003727582658872554,0.0003727582658872554,0.00012214486198658392,0.0003727582658872554,,,,
1,[6],6,25,component_26,0.0076469657547916835,0.0076469657547916835,0.00012214486198658392,0.0076469657547916835,,,,
1,[6],6,26,component_27,0.002561032856675198,0.002561032856675198,0.00012214486198658392,0.002561032856675198,,,,
1,[6],6,27,component_28,0.0010584578458787308,0.0010584578458787308,0.00012214486198658392,0.0010584578458787308,,,,
1,[6],6,28,component_29,0.007988746181707234,0.007988746181707234,0.00012214486198658392,0.007988746181707234,,,,
1,[6],6,29,component_30,0.002580541766200638,0.002580541766200638,0.00012214486198658392,0.002580541766200638,,,,
1,[6],6,30,component_31,0.0018254914993960285,0.0018254914993960285,0.00012214486198658392,0.0018254914993960285,,,,
1,[6],6,31,component_32,0.00014106816439043795,0.00014106816439043795,0.00012214486198658392,0.00014106816439043795,,,,
1,[6],6,32,component_33,0.0033564778483995573,0.0033564778483995573,0.00012214486198658392,0.0033564778483995573,,,,
1,[6],6,33,component_34,0.0001705741676630756,0.0001705741676630756,0.00012214486198658392,0.0001705741676630756,,,,
1,[6],6,34,component_35,0.020983371500477965,0.020983371500477965,0.00012214486198658392,0.020983371500477965,,,,
1,[6],6,35,component_36,0.0008781510931193568,0.0008781510931193568,0.00012214486198658392,0.0008781510931193568,,,,
1,[6],6,36,component_37,0.0,-0.00012046556852243962,0.00012214486198658392,0.0,,,,
1,[6],6,37,component_38,0.0003601774514635225,0.0003601774514635225,0.00012214486198658392,0.0003601774514635225,,,,
1,[6],6,38,component_39,0.0,-0.00010881057409697188,0.00012214486198658392,0.0,,,,
1,[6],6,39,component_40,0.0002476645574267934,0.0002476645574267934,0.00012214486198658392,0.0002476645574267934,,,,
1,[6],6,40,component_41,0.00041098086904114544,0.00041098086904114544,0.00012214486198658392,0.00041098086904114544,,,,
1,[6],6,41,component_42,0.0020828434101017425,0.0020828434101017425,0.00012214486198658392,0.0020828434101017425,,,,
1,[6],6,42,component_43,0.0,-5.78103424249624e-05,0.00012214486198658392,0.0,,,,
1,[6],6,43,component_44,0.0009449047039077035,0.0009449047039077035,0.00012214486198658392,0.0009449047039077035,,,,
1,[6],6,44,component_45,0.0013462461638279583,0.0013462461638279583,0.00012214486198658392,0.0013462461638279583,,,,
1,[6],6,45,component_46,0.0014416471191107743,0.0014416471191107743,0.00012214486198658392,0.0014416471191107743,,,,
1,[6],6,46,component_47,0.0,-0.00010377291345326631,0.00012214486198658392,0.0,,,,
1,[6],6,47,component_48,0.0013867686750510134,0.0013867686750510134,0.00012214486198658392,0.0013867686750510134,,,,
1,[6],6,48,component_49,0.0012361764158780367,0.0012361764158780367,0.00012214486198658392,0.0012361764158780367,,,,
1,[6],6,49,component_50,0.03115497959618328,0.03115497959618328,0.00012214486198658392,0.03115497959618328,,,,
1,[6],6,50,component_51,0.0028740817525597494,0.0028740817525597494,0.00012214486198658392,0.0028740817525597494,,,,
1,[6],6,51,component_52,0.0008030859952067996,0.0008030859952067996,0.00012214486198658392,0.0008030859952067996,,,,
1,[6],6,52,component_53,0.000386035463220334,0.000386035463220334,0.00012214486198658392,0.000386035463220334,,,,
1,[6],6,53,component_54,0.00973263570858404,0.00973263570858404,0.00012214486198658392,0.00973263570858404,,,,
1,[6],6,54,component_55,0.004155388345746275,0.004155388345746275,0.00012214486198658392,0.004155388345746275,,,,
1,[6],6,55,component_56,0.0004669300827325125,0.0004669300827325125,0.00012214486198658392,0.0004669300827325125,,,,
1,[6],6,56,component_57,4.0597421654109514e-05,4.0597421654109514e-05,0.00012214486198658392,4.0597421654109514e-05,,,,
1,[6],6,57,component_58,0.00012173812236940514,0.00012173812236940514,0.00012214486198658392,0.00012173812236940514,,,,
1,[6],6,58,component_59,0.015051001701514216,0.015051001701514216,0.00012214486198658392,0.015051001701514216,,,,
1,[6],6,59,component_60,0.0009436260520317653,0.0009436260520317653,0.00012214486198658392,0.0009436260520317653,,,,
1,[7],7,0,component_01,0.0062744374279067126,0.0062744374279067126,0.00012214486198658392,0.0062744374279067126,,,,
1,[7],7,1,component_02,0.005383834739422787,0.005383834739422787,0.00012214486198658392,0.005383834739422787,,,,
1,[7],7,2,component_03,0.00014444632107395435,0.00014444632107395435,0.00012214486198658392,0.00014444632107395435,,,,
1,[7],7,3,component_04,0.0015580012570334224,0.0015580012570334224,0.00012214486198658392,0.0015580012570334224,,,,
1,[7],7,4,component_05,0.0005930827429416096,0.0005930827429416096,0.00012214486198658392,0.0005930827429416096,,,,
1,[7],7,5,component_06,0.041882374462328786,0.041882374462328786,0.00012214486198658392,0.041882374462328786,,,,
1,[7],7,6,component_07,0.004588653166279644,0.004588653166279644,0.00012214486198658392,0.004588653166279644,,,,
1,[7],7,7,component_08,0.11182283093607426,0.11182283093607426,0.00012214486198658392,0.11182283093607426,,,,
1,[7],7,8,component_09,0.006560338405212827,0.006560338405212827,0.00012214486198658392,0.006560338405212827,,,,
1,[7],7,9,component_10,0.009807776795373023,0.009807776795373023,0.00012214486198658392,0.009807776795373023,,,,
1,[7],7,10,component_11,0.0005387071452357087,0.0005387071452357087,0.00012214486198658392,0.0005387071452357087,,,,
1,[7],7,11,component_12,0.0013274844763830167,0.0013274844763830167,0.00012214486198658392,0.0013274844763830167,,,,
1,[7],7,12,component_13,0.0028627074436977486,0.0028627074436977486,0.00012214486198658392,0.0028627074436977486,,,,
1,[7],7,13,component_14,0.006093373337898094,0.006093373337898094,0.00012214486198658392,0.006093373337898094,,,,
1,[7],7,14,component_15,0.0025323385654547944,0.0025323385654547944,0.00012214486198658392,0.0025323385654547944,,,,
1,[7],7,15,component_16,0.0006739732672089598,0.0006739732672089598,0.00012214486198658392,0.0006739732672089598,,,,
1,[7],7,16,component_17,0.0,-0.00012192130748070809,0.00012214486198658392,0.0,,,,
1,[7],7,17,component_18,0.00418084696724116,0.00418084696724116,0.00012214486198658392,0.00418084696724116,,,,
1,[7],7,18,component_19,0.0460572714826879,0.0460572714826879,0.00012214486198658392,0.0460572714826879,,,,
1,[7],7,19,component_20,0.018354908200085868,0.018354908200085868,0.00012214486198658392,0.018354908200085868,,,,
1,[7],7,20,component_21,0.0023388026234498413,0.0023388026234498413,0.00012214486198658392,0.0023388026234498413,,,,
1,[7],7,21,component_22,0.0009345679187444456,0.0009345679187444456,0.00012214486198658392,0.0009345679187444456,,,,
1,[7],7,22,component_23,2.3950076670281573e-05,2.3950076670281573e-05,0.00012214486198658392,2.3950076670281573e-05,,,,
1,[7],7,23,component_24,0.0007045967485973987,0.0007045967485973987,0.00012214486198658392,0.0007045967485973987,,,,
1,[7],7,24,component_25,0.0,-6.557123114205664e-05,0.00012214486198658392,0.0,,,,
1,[7],7,25,component_26,0.005336801805417234,0.005336801805417234,0.00012214486198658392,0.005336801805417234,,,,
1,[7],7,26,component_27,0.025460761220361502,0.025460761220361502,0.00012214486198658392,0.025460761220361502,,,,
1,[7],7,27,component_28,0.00025832778642660497,0.00025832778642660497,0.00012214486198658392,0.00025832778642660497,,,,
1,[7],7,28,component_29,0.014130390039543254,0.014130390039543254,0.00012214486198658392,0.014130390039543254,,,,
1,[7],7,29,component_30,0.001394538051108184,0.001394538051108184,0.00012214486198658392,0.001394538051108184,,,,
1,[7],7,30,component_31,0.00021095778709578073,0.00021095778709578073,0.00012214486198658392,0.00021095778709578073,,,,
1,[7],7,31,component_32,0.0015971086016847373,0.0015971086016847373,0.00012214486198658392,0.0015971086016847373,,,,
1,[7],7,32,component_33,0.0004581312076597177,0.0004581312076597177,0.00012214486198658392,0.0004581312076597177,,,,
1,[7],7,33,component_34,0.0018008867896110922,0.0018008867896110922,0.00012214486198658392,0.0018008867896110922,,,,
1,[7],7,34,component_35,0.03469109752808777,0.03469109752808777,0.00012214486198658392,0.03469109752808777,,,,
1,[7],7,35,component_36,0.0007594788485337648,0.0007594788485337648,0.00012214486198658392,0.0007594788485337648,,,,
1,[7],7,36,component_37,0.005109154163981286,0.005109154163981286,0.00012214486198658392,0.005109154163981286,,,,
1,[7],7,37,component_38,0.00368597969253777,0.00368597969253777,0.00012214486198658392,0.00368597969253777,,,,
1,[7],7,38,component_39,0.0031487913158525878,0.0031487913158525878,0.00012214486198658392,0.0031487913158525878,,,,
1,[7],7,39,component_40,9.68714608523296e-05,9.68714608523296e-05,0.00012214486198658392,9.68714608523296e-05,,,,
1,[7],7,40,component_41,0.0,-6.076573198699793e-05,0.00012214486198658392,0.0,,,,
1,[7],7,41,component_42,0.009794636984496657,0.009794636984496657,0.00012214486198658392,0.009794636984496657,,,,
1,[7],7,42,component_43,0.004299638310459784,0.004299638310459784,0.00012214486198658392,0.004299638310459784,,,,
1,[7],7,43,component_44,0.000397426538598458,0.000397426538598458,0.00012214486198658392,0.000397426538598458,,,,
1,[7],7,44,component_45,0.001661065962888903,0.001661065962888903,0.00012214486198658392,0.001661065962888903,,,,
1,[7],7,45,component_46,0.0,-6.717946212324091e-05,0.00012214486198658392,0.0,,,,
1,[7],7,46,component_47,0.0,-8.63560677126018e-05,0.00012214486198658392,0.0,,,,
1,[7],7,47,component_48,0.014399315335694286,0.014399315335694286,0.00012214486198658392,0.014399315335694286,,,,
1,[7],7,48,component_49,0.0006298490141771096,0.0006298490141771096,0.00012214486198658392,0.0006298490141771096,,,,
1,[7],7,49,component_50,0.0004037886445736824,0.0004037886445736824,0.00012214486198658392,0.0004037886445736824,,,,
1,[7],7,50,component_51,0.001879963538040669,0.001879963538040669,0.00012214486198658392,0.001879963538040669,,,,
1,[7],7,51,component_52,0.0019697935211211272,0.0019697935211211272,0.00012214486198658392,0.0019697935211211272,,,,
1,[7],7,52,component_53,0.0010215380608715684,0.0010215380608715684,0.00012214486198658392,0.0010215380608715684,,,,
1,[7],7,53,component_54,0.04859957491144476,0.04859957491144476,0.00012214486198658392,0.04859957491144476,,,,
1,[7],7,54,component_55,0.010765209484691191,0.010765209484691191,0.00012214486198658392,0.010765209484691191,,,,
1,[7],7,55,component_56,0.0030469983580571104,0.0030469983580571104,0.00012214486198658392,0.0030469983580571104,,,,
1,[7],7,56,component_57,0.006150264279003629,0.006150264279003629,0.00012214486198658392,0.006150264279003629,,,,
1,[7],7,57,component_58,9.525794016642999e-05,9.525794016642999e-05,0.00012214486198658392,9.525794016642999e-05,,,,
1,[7],7,58,component_59,0.018071740640869825,0.018071740640869825,0.00012214486198658392,0.018071740640869825,,,,
1,[7],7,59,component_60,0.011406861651694671,0.011406861651694671,0.00012214486198658392,0.011406861651694671,,,,
1,[8],8,0,component_01,0.0025791268262418906,0.0025791268262418906,0.00012214486198658392,0.0025791268262418906,,,,
1,[8],8,1,component_02,0.0031738099650970263,0.0031738099650970263,0.00012214486198658392,0.0031738099650970263,,,,
1,[8],8,2,component_03,0.0016191498412801192,0.0016191498412801192,0.00012214486198658392,0.0016191498412801192,,,,
1,[8],8,3,component_04,1.6641677115878767e-05,1.6641677115878767e-05,0.00012214486198658392,1.6641677115878767e-05,,,,
1,[8],8,4,component_05,7.55518282384996e-05,7.55518282384996e-05,0.00012214486198658392,7.55518282384996e-05,,,,
1,[8],8,5,component_06,0.002088291969197481,0.002088291969197481,0.00012214486198658392,0.002088291969197481,,,,
1,[8],8,6,component_07,0.0030143861031368055,0.0030143861031368055,0.00012214486198658392,0.0030143861031368055,,,,
1,[8],8,7,component_08,0.010381457393659154,0.010381457393659154,0.00012214486198658392,0.010381457393659154,,,,
1,[8],8,8,component_09,0.20501871347648234,0.20501871347648234,0.00012214486198658392,0.20501871347648234,,,,
1,[8],8,9,component_10,0.009796847021690232,0.009796847021690232,0.00012214486198658392,0.009796847021690232,,,,
1,[8],8,10,component_11,0.00239949631813319,0.00239949631813319,0.00012214486198658392,0.00239949631813319,,,,
1,[8],8,11,component_12,0.0,-9.959020453474034e-05,0.00012214486198658392,0.0,,,,
1,[8],8,12,component_13,0.0,-0.0001221128343979843,0.00012214486198658392,0.0,,,,
1,[8],8,13,component_14,0.0012245332161651534,0.0012245332161651534,0.00012214486198658392,0.0012245332161651534,,,,
1,[8],8,14,component_15,0.004919800883339144,0.004919800883339144,0.00012214486198658392,0.004919800883339144,,,,
1,[8],8,15,component_16,0.006547501847044243,0.006547501847044243,0.00012214486198658392,0.006547501847044243,,,,
1,[8],8,16,component_17,0.0,-0.00012083316483372234,0.00012214486198658392,0.0,,,,
1,[8],8,17,component_18,0.0,-0.00010515237741237518,0.00012214486198658392,0.0,,,,
1,[8],8,18,component_19,0.0025481010004060767,0.0025481010004060767,0.00012214486198658392,0.0025481010004060767,,,,
1,[8],8,19,component_20,0.0013037778093955951,0.0013037778093955951,0.00012214486198658392,0.0013037778093955951,,,,
1,[8],8,20,component_21,0.0031461194960734472,0.0031461194960734472,0.00012214486198658392,0.0031461194960734472,,,,
1,[8],8,21,component_22,0.0013748067227470485,0.0013748067227470485,0.00012214486198658392,0.0013748067227470485,,,,
1,[8],8,22,component_23,0.00010361486765566701,0.00010361486765566701,0.00012214486198658392,0.00010361486765566701,,,,
1,[8],8,23,component_24,0.0012593748648620973,0.0012593748648620973,0.00012214486198658392,0.0012593748648620973,,,,
1,[8],8,24,component_25,0.0,-0.00011664345392610727,0.00012214486198658392,0.0,,,,
1,[8],8,25,component_26,0.0,-9.703818975225501e-05,0.00012214486198658392,0.0,,,,
1,[8],8,26,component_27,0.0067937248486699894,0.0067937248486699894,0.00012214486198658392,0.0067937248486699894,,,,
1,[8],8,27,component_28,0.0009952983117884184,0.0009952983117884184,0.00012214486198658392,0.0009952983117884184,,,,
1,[8],8,28,component_29,0.0015079810180220288,0.0015079810180220288,0.00012214486198658392,0.0015079810180220288,,,,
1,[8],8,29,component_30,0.00031068944901586513,0.00031068944901586513,0.00012214486198658392,0.00031068944901586513,,,,
1,[8],8,30,component_31,0.00487214643163893,0.00487214643163893,0.00012214486198658392,0.00487214643163893,,,,
1,[8],8,31,component_32,0.0033453043127954617,0.0033453043127954617,0.00012214486198658392,0.0033453043127954617,,,,
1,[8],8,32,component_33,0.0027265923565144234,0.0027265923565144234,0.00012214486198658392,0.0027265923565144234,,,,
1,[8],8,33,component_34,0.00016120139201257865,0.00016120139201257865,0.00012214486198658392,0.00016120139201257865,,,,
1,[8],8,34,component_35,0.00016519770790772648,0.00016519770790772648,0.00012214486198658392,0.00016519770790772648,,,,
1,[8],8,35,component_36,0.029380476681993395,0.029380476681993395,0.00012214486198658392,0.029380476681993395,,,,
1,[8],8,36,component_37,0.0008958118794002872,0.0008958118794002872,0.00012214486198658392,0.0008958118794002872,,,,
1,[8],8,37,component_38,0.000838295645745708,0.000838295645745708,0.00012214486198658392,0.000838295645745708,,,,
1,[8],8,38,component_39,0.0,-0.00012123517741133806,0.00012214486198658392,0.0,,,,
1,[8],8,39,component_40,0.00031778267396580977,0.00031778267396580977,0.00012214486198658392,0.00031778267396580977,,,,
1,[8],8,40,component_41,0.003106168382558094,0.003106168382558094,0.00012214486198658392,0.003106168382558094,,,,
1,[8],8,41,component_42,0.0001397225841113827,0.0001397225841113827,0.00012214486198658392,0.0001397225841113827,,,,
1,[8],8,42,component_43,0.010348718807361958,0.010348718807361958,0.00012214486198658392,0.010348718807361958,,,,
1,[8],8,43,component_44,0.00029806488861388615,0.00029806488861388615,0.00012214486198658392,0.00029806488861388615,,,,
1,[8],8,44,component_45,0.0,-2.4122706706258574e-05,0.00012214486198658392,0.0,,,,
1,[8],8,45,component_46,0.001697872118360875,0.001697872118360875,0.00012214486198658392,0.001697872118360875,,,,
1,[8],8,46,component_47,0.015118965772630132,0.015118965772630132,0.00012214486198658392,0.015118965772630132,,,,
1,[8],8,47,component_48,0.0,-0.0001027920862837958,0.00012214486198658392,0.0,,,,
1,[8],8,48,component_49,0.0005003893279316679,0.0005003893279316679,0.00012214486198658392,0.0005003893279316679,,,,
1,[8],8,49,component_50,0.00013739328624838625,0.00013739328624838625,0.00012214486198658392,0.00013739328624838625,,,,
1,[8],8,50,component_51,0.0004310149551141084,0.0004310149551141084,0.00012214486198658392,0.0004310149551141084,,,,
1,[8],8,51,component_52,0.00266247777163103,0.00266247777163103,0.00012214486198658392,0.00266247777163103,,,,
1,[8],8,52,component_53,6.874459679336262e-05,6.874459679336262e-05,0.00012214486198658392,6.874459679336262e-05,,,,
1,[8],8,53,component_54,0.0017045152959528494,0.0017045152959528494,0.00012214486198658392,0.0017045152959528494,,,,
1,[8],8,54,component_55,5.536431172974761e-06,5.536431172974761e-06,0.00012214486198658392,5.536431172974761e-06,,,,
1,[8],8,55,component_56,0.0010462644729487334,0.0010462644729487334,0.00012214486198658392,0.0010462644729487334,,,,
1,[8],8,56,component_57,0.006975056453944373,0.006975056453944373,0.00012214486198658392,0.006975056453944373,,,,
1,[8],8,57,component_58,0.00010154912041590092,0.00010154912041590092,0.00012214486198658392,0.00010154912041590092,,,,
1,[8],8,58,component_59,0.0016858774657200054,0.0016858774657200054,0.00012214486198658392,0.0016858774657200054,,,,
1,[8],8,59,component_60,0.003988109148828968,0.003988109148828968,0.00012214486198658392,0.003988109148828968,,,,
1,[9],9,0,component_01,0.003706999381372828,0.003706999381372828,0.00012214486198658392,0.003706999381372828,,,,
1,[9],9,1,component_02,0.0,-2.882133122765598e-05,0.00012214486198658392,0.0,,,,
1,[9],9,2,component_03,0.01017781781976497,0.01017781781976497,0.00012214486198658392,0.01017781781976497,,,,
1,[9],9,3,component_04,0.00011186069523298344,0.00011186069523298344,0.00012214486198658392,0.00011186069523298344,,,,
1,[9],9,4,component_05,0.0009174133123570644,0.0009174133123570644,0.00012214486198658392,0.0009174133123570644,,,,
1,[9],9,5,component_06,0.01539859323831149,0.01539859323831149,0.00012214486198658392,0.01539859323831149,,,,
1,[9],9,6,component_07,0.0016564067484047301,0.0016564067484047301,0.00012214486198658392,0.0016564067484047301,,,,
1,[9],9,7,component_08,0.0039702300218159995,0.0039702300218159995,0.00012214486198658392,0.0039702300218159995,,,,
1,[9],9,8,component_09,0.0,-7.670050018144728e-05,0.00012214486198658392,0.0,,,,
1,[9],9,9,component_10,0.30399789862545323,0.30399789862545323,0.00012214486198658392,0.30399789862545323,,,,
1,[9],9,10,component_11,0.000302227332459684,0.000302227332459684,0.00012214486198658392,0.000302227332459684,,,,
1,[9],9,11,component_12,0.0013204562143387874,0.0013204562143387874,0.00012214486198658392,0.0013204562143387874,,,,
1,[9],9,12,component_13,0.0,-0.00010175010841173728,0.00012214486198658392,0.0,,,,
1,[9],9,13,component_14,0.006687384681191839,0.006687384681191839,0.00012214486198658392,0.006687384681191839,,,,
1,[9],9,14,component_15,5.538091156704109e-05,5.538091156704109e-05,0.00012214486198658392,5.538091156704109e-05,,,,
1,[9],9,15,component_16,0.0005527812727466587,0.0005527812727466587,0.00012214486198658392,0.0005527812727466587,,,,
1,[9],9,16,component_17,0.0006291228584677907,0.0006291228584677907,0.00012214486198658392,0.0006291228584677907,,,,
1,[9],9,17,component_18,0.0,-0.0001218462725312991,0.00012214486198658392,0.0,,,,
1,[9],9,18,component_19,0.0,-0.00010360275539627776,0.00012214486198658392,0.0,,,,
1,[9],9,19,component_20,0.0002011315954289443,0.0002011315954289443,0.00012214486198658392,0.0002011315954289443,,,,
1,[9],9,20,component_21,0.01193288545892595,0.01193288545892595,0.00012214486198658392,0.01193288545892595,,,,
1,[9],9,21,component_22,0.0,-5.764255575248608e-05,0.00012214486198658392,0.0,,,,
1,[9],9,22,component_23,0.01754537304939368,0.01754537304939368,0.00012214486198658392,0.01754537304939368,,,,
1,[9],9,23,component_24,0.003083371999864479,0.003083371999864479,0.00012214486198658392,0.003083371999864479,,,,
1,[9],9,24,component_25,0.0011001247604103615,0.0011001247604103615,0.00012214486198658392,0.0011001247604103615,,,,
1,[9],9,25,component_26,0.005774423775658978,0.005774423775658978,0.00012214486198658392,0.005774423775658978,,,,
1,[9],9,26,component_27,0.00011523298193196523,0.00011523298193196523,0.00012214486198658392,0.00011523298193196523,,,,
1,[9],9,27,component_28,0.008789443285285501,0.008789443285285501,0.00012214486198658392,0.008789443285285501,,,,
1,[9],9,28,component_29,0.0030879728899415367,0.0030879728899415367,0.00012214486198658392,0.0030879728899415367,,,,
1,[9],9,29,component_30,0.005015718805572489,0.005015718805572489,0.00012214486198658392,0.005015718805572489,,,,
1,[9],9,30,component_31,0.010994299247982526,0.010994299247982526,0.00012214486198658392,0.010994299247982526,,,,
1,[9],9,31,component_32,0.0010454641020944365,0.0010454641020944365,0.00012214486198658392,0.0010454641020944365,,,,
1,[9],9,32,component_33,0.0018445701217427225,0.0018445701217427225,0.00012214486198658392,0.0018445701217427225,,,,
1,[9],9,33,component_34,0.0011837110230179296,0.0011837110230179296,0.00012214486198658392,0.0011837110230179296,,,,
1,[9],9,34,component_35,0.0011739394787681741,0.0011739394787681741,0.00012214486198658392,0.0011739394787681741,,,,
1,[9],9,35,component_36,0.011013223076525903,0.011013223076525903,0.00012214486198658392,0.011013223076525903,,,,
1,[9],9,36,component_37,0.0,-8.053369911448845e-05,0.00012214486198658392,0.0,,,,
1,[9],9,37,component_38,0.00879079371113315,0.00879079371113315,0.00012214486198658392,0.00879079371113315,,,,
1,[9],9,38,component_39,0.028842482932220206,0.028842482932220206,0.00012214486198658392,0.028842482932220206,,,,
1,[9],9,39,component_40,0.0016461647174983967,0.0016461647174983967,0.00012214486198658392,0.0016461647174983967,,,,
1,[9],9,40,component_41,0.014885438442079747,0.014885438442079747,0.00012214486198658392,0.014885438442079747,,,,
1,[9],9,41,component_42,0.0,-7.323349494737835e-06,0.00012214486198658392,0.0,,,,
1,[9],9,42,component_43,0.0,-8.619995889639877e-05,0.00012214486198658392,0.0,,,,
1,[9],9,43,component_44,0.0,-0.00011534095505099824,0.00012214486198658392,0.0,,,,
1,[9],9,44,component_45,0.0,-4.265739503128661e-05,0.00012214486198658392,0.0,,,,
1,[9],9,45,component_46,0.0016402823446852019,0.0016402823446852019,0.00012214486198658392,0.0016402823446852019,,,,
1,[9],9,46,component_47,0.008023056564266821,0.008023056564266821,0.00012214486198658392,0.008023056564266821,,,,
1,[9],9,47,component_48,0.001419953533937026,0.001419953533937026,0.00012214486198658392,0.001419953533937026,,,,
1,[9],9,48,component_49,0.004195911580953292,0.004195911580953292,0.00012214486198658392,0.004195911580953292,,,,
1,[9],9,49,component_50,0.004022849007465357,0.004022849007465357,0.00012214486198658392,0.004022849007465357,,,,
1,[9],9,50,component_51,0.0012109730830726303,0.0012109730830726303,0.00012214486198658392,0.0012109730830726303,,,,
1,[9],9,51,component_52,0.0032515306569067754,0.0032515306569067754,0.00012214486198658392,0.0032515306569067754,,,,
1,[9],9,52,component_53,0.0030823525852598523,0.0030823525852598523,0.00012214486198658392,0.0030823525852598523,,,,
1,[9],9,53,component_54,1.9955075986855854e-05,1.9955075986855854e-05,0.00012214486198658392,1.9955075986855854e-05,,,,
1,[9],9,54,component_55,0.0005425305860557747,0.0005425305860557747,0.00012214486198658392,0.0005425305860557747,,,,
1,[9],9,55,component_56,0.0007743481251231864,0.0007743481251231864,0.00012214486198658392,0.0007743481251231864,,,,
1,[9],9,56,component_57,0.0,-7.230395217228106e-05,0.00012214486198658392,0.0,,,,
1,[9],9,57,component_58,0.0032299602997168933,0.0032299602997168933,0.00012214486198658392,0.0032299602997168933,,,,
1,[9],9,58,component_59,0.0019972005640563908,0.0019972005640563908,0.00012214486198658392,0.0019972005640563908,,,,
1,[9],9,59,component_60,0.004125108625660167,0.004125108625660167,0.00012214486198658392,0.004125108625660167,,,,
1,[10],10,0,component_01,0.0019932639688158157,0.0019932639688158157,0.00012214486198658392,0.0019932639688158157,,,,
1,[10],10,1,component_02,0.0027160162154092867,0.0027160162154092867,0.00012214486198658392,0.0027160162154092867,,,,
1,[10],10,2,component_03,0.0,-7.867509595357801e-05,0.00012214486198658392,0.0,,,,
1,[10],10,3,component_04,0.00017985414350355706,0.00017985414350355706,0.00012214486198658392,0.00017985414350355706,,,,
1,[10],10,4,component_05,0.0004966187140546597,0.0004966187140546597,0.00012214486198658392,0.0004966187140546597,,,,
1,[10],10,5,component_06,0.0006477450035865758,0.0006477450035865758,0.00012214486198658392,0.0006477450035865758,,,,
1,[10],10,6,component_07,0.0005055733207622691,0.0005055733207622691,0.00012214486198658392,0.0005055733207622691,,,,
1,[10],10,7,component_08,0.002783066874836047,0.002783066874836047,0.00012214486198658392,0.002783066874836047,,,,
1,[10],10,8,component_09,0.0021538420650725754,0.0021538420650725754,0.00012214486198658392,0.0021538420650725754,,,,
1,[10],10,9,component_10,0.003936633612369979,0.003936633612369979,0.00012214486198658392,0.003936633612369979,,,,
1,[10],10,10,component_11,0.22792997462765516,0.22792997462765516,0.00012214486198658392,0.22792997462765516,,,,
1,[10],10,11,component_12,0.0008504714156191461,0.0008504714156191461,0.00012214486198658392,0.0008504714156191461,,,,
1,[10],10,12,component_13,0.007650333463839946,0.007650333463839946,0.00012214486198658392,0.007650333463839946,,,,
1,[10],10,13,component_14,0.001249987032028393,0.001249987032028393,0.00012214486198658392,0.001249987032028393,,,,
1,[10],10,14,component_15,0.00689297027246975,0.00689297027246975,0.00012214486198658392,0.00689297027246975,,,,
1,[10],10,15,component_16,0.0019415221785002708,0.0019415221785002708,0.00012214486198658392,0.0019415221785002708,,,,
1,[10],10,16,component_17,0.0011819450027578111,0.0011819450027578111,0.00012214486198658392,0.0011819450027578111,,,,
1,[10],10,17,component_18,0.009550845455787778,0.009550845455787778,0.00012214486198658392,0.009550845455787778,,,,
1,[10],10,18,component_19,0.0001744571087618871,0.0001744571087618871,0.00012214486198658392,0.0001744571087618871,,,,
1,[10],10,19,component_20,0.003592757655402831,0.003592757655402831,0.00012214486198658392,0.003592757655402831,,,,
1,[10],10,20,component_21,0.0065493528044270385,0.0065493528044270385,0.00012214486198658392,0.0065493528044270385,,,,
1,[10],10,21,component_22,0.00029943142470304754,0.00029943142470304754,0.00012214486198658392,0.00029943142470304754,,,,
1,[10],10,22,component_23,0.002771831260984446,0.002771831260984446,0.00012214486198658392,0.002771831260984446,,,,
1,[10],10,23,component_24,0.0014671310475775827,0.0014671310475775827,0.00012214486198658392,0.0014671310475775827,,,,
1,[10],10,24,component_25,0.009966823864247163,0.009966823864247163,0.00012214486198658392,0.009966823864247163,,,,
1,[10],10,25,component_26,0.0002517927999682491,0.0002517927999682491,0.00012214486198658392,0.0002517927999682491,,,,
1,[10],10,26,component_27,0.0011276372559709431,0.0011276372559709431,0.00012214486198658392,0.0011276372559709431,,,,
1,[10],10,27,component_28,0.002337042980097853,0.002337042980097853,0.00012214486198658392,0.002337042980097853,,,,
1,[10],10,28,component_29,0.00023240382007583344,0.00023240382007583344,0.00012214486198658392,0.00023240382007583344,,,,
1,[10],10,29,component_30,0.00013433469476679336,0.00013433469476679336,0.00012214486198658392,0.00013433469476679336,,,,
1,[10],10,30,component_31,0.0,-0.00012038618498386766,0.00012214486198658392,0.0,,,,
1,[10],10,31,component_32,0.0003638147687430926,0.0003638147687430926,0.00012214486198658392,0.0003638147687430926,,,,
1,[10],10,32,component_33,0.002970457436609866,0.002970457436609866,0.00012214486198658392,0.002970457436609866,,,,
1,[10],10,33,component_34,0.023993904541584968,0.023993904541584968,0.00012214486198658392,0.023993904541584968,,,,
1,[10],10,34,component_35,0.006308085534855904,0.006308085534855904,0.00012214486198658392,0.006308085534855904,,,,
1,[10],10,35,component_36,2.7116485505486253e-05,2.7116485505486253e-05,0.00012214486198658392,2.7116485505486253e-05,,,,
1,[10],10,36,component_37,0.0037282583376028536,0.0037282583376028536,0.00012214486198658392,0.0037282583376028536,,,,
1,[10],10,37,component_38,0.00024180605188070373,0.00024180605188070373,0.00012214486198658392,0.00024180605188070373,,,,
1,[10],10,38,component_39,0.00029039099140286265,0.00029039099140286265,0.00012214486198658392,0.00029039099140286265,,,,
1,[10],10,39,component_40,0.0038163774352584045,0.0038163774352584045,0.00012214486198658392,0.0038163774352584045,,,,
1,[10],10,40,component_41,0.0,-9.719810802558568e-05,0.00012214486198658392,0.0,,,,
1,[10],10,41,component_42,5.8124538392308113e-05,5.8124538392308113e-05,0.00012214486198658392,5.8124538392308113e-05,,,,
1,[10],10,42,component_43,0.0,-4.552300885187464e-05,0.00012214486198658392,0.0,,,,
1,[10],10,43,component_44,2.5298279176668315e-05,2.5298279176668315e-05,0.00012214486198658392,2.5298279176668315e-05,,,,
1,[10],10,44,component_45,0.0,-0.00011244801912290028,0.00012214486198658392,0.0,,,,
1,[10],10,45,component_46,0.0035766706658023313,0.0035766706658023313,0.00012214486198658392,0.0035766706658023313,,,,
1,[10],10,46,component_47,0.012146826657007805,0.012146826657007805,0.00012214486198658392,0.012146826657007805,,,,
1,[10],10,47,component_48,7.88972187507868e-05,7.88972187507868e-05,0.00012214486198658392,7.88972187507868e-05,,,,
1,[10],10,48,component_49,0.0,-0.00010521320222870616,0.00012214486198658392,0.0,,,,
1,[10],10,49,component_50,0.0031533752781405513,0.0031533752781405513,0.00012214486198658392,0.0031533752781405513,,,,
1,[10],10,50,component_51,0.00033382411874874167,0.00033382411874874167,0.00012214486198658392,0.00033382411874874167,,,,
1,[10],10,51,component_52,0.0026870546970864475,0.0026870546970864475,0.00012214486198658392,0.0026870546970864475,,,,
1,[10],10,52,component_53,0.0035064920627063127,0.0035064920627063127,0.00012214486198658392,0.0035064920627063127,,,,
1,[10],10,53,component_54,0.0,-0.00011862544386651076,0.00012214486198658392,0.0,,,,
1,[10],10,54,component_55,0.0007655835596728786,0.0007655835596728786,0.00012214486198658392,0.0007655835596728786,,,,
1,[10],10,55,component_56,0.0,-8.854612397879146e-05,0.00012214486198658392,0.0,,,,
1,[10],10,56,component_57,0.0,-0.0001158299903562148,0.00012214486198658392,0.0,,,,
1,[10],10,57,component_58,0.0009560610227975677,0.0009560610227975677,0.00012214486198658392,0.0009560610227975677,,,,
1,[10],10,58,component_59,0.0006317241835290539,0.0006317241835290539,0.00012214486198658392,0.0006317241835290539,,,,
1,[10],10,59,component_60,0.0009077725381950166,0.0009077725381950166,0.00012214486198658392,0.0009077725381950166,,,,
1,[11],11,0,component_01,0.0027240515427761234,0.0027240515427761234,0.00012214486198658392,0.0027240515427761234,,,,
1,[11],11,1,component_02,0.0013918249221967541,0.0013918249221967541,0.00012214486198658392,0.0013918249221967541,,,,
1,[11],11,2,component_03,0.0031134038988217907,0.0031134038988217907,0.00012214486198658392,0.0031134038988217907,,,,
1,[11],11,3,component_04,0.0002945162559725019,0.0002945162559725019,0.00012214486198658392,0.0002945162559725019,,,,
1,[11],11,4,component_05,0.00044168144483381705,0.00044168144483381705,0.00012214486198658392,0.00044168144483381705,,,,
1,[11],11,5,component_06,0.0032927198692128267,0.0032927198692128267,0.00012214486198658392,0.0032927198692128267,,,,
1,[11],11,6,component_07,0.0,-0.00012160121727798116,0.00012214486198658392,0.0,,,,
1,[11],11,7,component_08,0.005298608162817259,0.005298608162817259,0.00012214486198658392,0.005298608162817259,,,,
1,[11],11,8,component_09,0.011485845365293637,0.011485845365293637,0.00012214486198658392,0.011485845365293637,,,,
1,[11],11,9,component_10,0.005746966518860074,0.005746966518860074,0.00012214486198658392,0.005746966518860074,,,,
1,[11],11,10,component_11,7.604047839478015e-06,7.604047839478015e-06,0.00012214486198658392,7.604047839478015e-06,,,,
1,[11],11,11,component_12,0.2411998105686352,0.2411998105686352,0.00012214486198658392,0.2411998105686352,,,,
1,[11],11,12,component_13,0.0,-0.00010532179724272639,0.00012214486198658392,0.0,,,,
1,[11],11,13,component_14,0.010654830079552959,0.010654830079552959,0.00012214486198658392,0.010654830079552959,,,,
1,[11],11,14,component_15,0.0002574086499461558,0.0002574086499461558,0.00012214486198658392,0.0002574086499461558,,,,
1,[11],11,15,component_16,0.0032090235593657205,0.0032090235593657205,0.00012214486198658392,0.0032090235593657205,,,,
1,[11],11,16,component_17,0.007954529260408837,0.007954529260408837,0.00012214486198658392,0.007954529260408837,,,,
1,[11],11,17,component_18,0.001481639259616384,0.001481639259616384,0.00012214486198658392,0.001481639259616384,,,,
1,[11],11,18,component_19,0.010774307562221346,0.010774307562221346,0.00012214486198658392,0.010774307562221346,,,,
1,[11],11,19,component_20,0.0008853163988446538,0.0008853163988446538,0.00012214486198658392,0.0008853163988446538,,,,
1,[11],11,20,component_21,0.000433224397409904,0.000433224397409904,0.00012214486198658392,0.000433224397409904,,,,
1,[11],11,21,component_22,0.0027148236248039073,0.0027148236248039073,0.00012214486198658392,0.0027148236248039073,,,,
1,[11],11,22,component_23,0.0020422172144670056,0.0020422172144670056,0.00012214486198658392,0.0020422172144670056,,,,
1,[11],11,23,component_24,0.00028481741931225997,0.00028481741931225997,0.00012214486198658392,0.00028481741931225997,,,,
1,[11],11,24,component_25,0.0009806680577399488,0.0009806680577399488,0.00012214486198658392,0.0009806680577399488,,,,
1,[11],11,25,component_26,0.0012168561313373224,0.0012168561313373224,0.00012214486198658392,0.0012168561313373224,,,,
1,[11],11,26,component_27,0.0,-0.00012204241815486633,0.00012214486198658392,0.0,,,,
1,[11],11,27,component_28,0.003923956741451903,0.003923956741451903,0.00012214486198658392,0.003923956741451903,,,,
1,[11],11,28,component_29,0.04602013475538173,0.04602013475538173,0.00012214486198658392,0.04602013475538173,,,,
1,[11],11,29,component_30,0.0021696013986514037,0.0021696013986514037,0.00012214486198658392,0.0021696013986514037,,,,
1,[11],11,30,component_31,0.0,-6.48811879582266e-05,0.00012214486198658392,0.0,,,,
1,[11],11,31,component_32,0.008759082021370566,0.008759082021370566,0.00012214486198658392,0.008759082021370566,,,,
1,[11],11,32,component_33,0.000726573383295641,0.000726573383295641,0.00012214486198658392,0.000726573383295641,,,,
1,[11],11,33,component_34,0.0,-5.91978635481183e-05,0.00012214486198658392,0.0,,,,
1,[11],11,34,component_35,0.006542976129589153,0.006542976129589153,0.00012214486198658392,0.006542976129589153,,,,
1,[11],11,35,component_36,0.0005617249730476644,0.0005617249730476644,0.00012214486198658392,0.0005617249730476644,,,,
1,[11],11,36,component_37,0.010438280090500657,0.010438280090500657,0.00012214486198658392,0.010438280090500657,,,,
1,[11],11,37,component_38,0.0,-5.274355494344052e-05,0.00012214486198658392,0.0,,,,
1,[11],11,38,component_39,0.004965477598159101,0.004965477598159101,0.00012214486198658392,0.004965477598159101,,,,
1,[11],11,39,component_40,0.0010586604999128439,0.0010586604999128439,0.00012214486198658392,0.0010586604999128439,,,,
1,[11],11,40,component_41,0.0014170172844655499,0.0014170172844655499,0.00012214486198658392,0.0014170172844655499,,,,
1,[11],11,41,component_42,7.034232168035991e-07,7.034232168035991e-07,0.00012214486198658392,7.034232168035991e-07,,,,
1,[11],11,42,component_43,0.005784794995521919,0.005784794995521919,0.00012214486198658392,0.005784794995521919,,,,
1,[11],11,43,component_44,0.023859468919678325,0.023859468919678325,0.00012214486198658392,0.023859468919678325,,,,
1,[11],11,44,component_45,0.009653745015196643,0.009653745015196643,0.00012214486198658392,0.009653745015196643,,,,
1,[11],11,45,component_46,0.0004994681509223962,0.0004994681509223962,0.00012214486198658392,0.0004994681509223962,,,,
1,[11],11,46,component_47,0.003405064269500007,0.003405064269500007,0.00012214486198658392,0.003405064269500007,,,,
1,[11],11,47,component_48,0.0,-8.95915151048948e-05,0.00012214486198658392,0.0,,,,
1,[11],11,48,component_49,0.0024170333739712197,0.0024170333739712197,0.00012214486198658392,0.0024170333739712197,,,,
1,[11],11,49,component_50,0.0033926484926830266,0.0033926484926830266,0.00012214486198658392,0.0033926484926830266,,,,
1,[11],11,50,component_51,0.0015940894768119473,0.0015940894768119473,0.00012214486198658392,0.0015940894768119473,,,,
1,[11],11,51,component_52,0.0012223371980763112,0.0012223371980763112,0.00012214486198658392,0.0012223371980763112,,,,
1,[11],11,52,component_53,0.0024204845187741344,0.0024204845187741344,0.00012214486198658392,0.0024204845187741344,,,,
1,[11],11,53,component_54,0.0008728905386211595,0.0008728905386211595,0.00012214486198658392,0.0008728905386211595,,,,
1,[11],11,54,component_55,0.0005797981413809446,0.0005797981413809446,0.00012214486198658392,0.0005797981413809446,,,,
1,[11],11,55,component_56,5.064816273977907e-05,5.064816273977907e-05,0.00012214486198658392,5.064816273977907e-05,,,,
1,[11],11,56,component_57,0.0008122244606084954,0.0008122244606084954,0.00012214486198658392,0.0008122244606084954,,,,
1,[11],11,57,component_58,0.0027207888843051252,0.0027207888843051252,0.00012214486198658392,0.0027207888843051252,,,,
1,[11],11,58,component_59,0.00041400943469688104,0.00041400943469688104,0.00012214486198658392,0.00041400943469688104,,,,
1,[11],11,59,component_60,0.0020067042103472,0.0020067042103472,0.00012214486198658392,0.0020067042103472,,,,
1,[12],12,0,component_01,0.0021249691030934045,0.0021249691030934045,0.00012214486198658392,0.0021249691030934045,,,,
1,[12],12,1,component_02,0.0,-8.648344008721338e-05,0.00012214486198658392,0.0,,,,
1,[12],12,2,component_03,0.002752104715664239,0.002752104715664239,0.00012214486198658392,0.002752104715664239,,,,
1,[12],12,3,component_04,0.0002980374663344162,0.0002980374663344162,0.00012214486198658392,0.0002980374663344162,,,,
1,[12],12,4,component_05,0.00023095093338261824,0.00023095093338261824,0.00012214486198658392,0.00023095093338261824,,,,
1,[12],12,5,component_06,0.0,-1.5344016630012208e-05,0.00012214486198658392,0.0,,,,
1,[12],12,6,component_07,0.001002359832564165,0.001002359832564165,0.00012214486198658392,0.001002359832564165,,,,
1,[12],12,7,component_08,2.4400897937430218e-05,2.4400897937430218e-05,0.00012214486198658392,2.4400897937430218e-05,,,,
1,[12],12,8,component_09,0.0,-0.00011967705700261386,0.00012214486198658392,0.0,,,,
1,[12],12,9,component_10,0.0016345705554813225,0.0016345705554813225,0.00012214486198658392,0.0016345705554813225,,,,
1,[12],12,10,component_11,0.0007115309428662554,0.0007115309428662554,0.00012214486198658392,0.0007115309428662554,,,,
1,[12],12,11,component_12,0.0046291011368305175,0.0046291011368305175,0.00012214486198658392,0.0046291011368305175,,,,
1,[12],12,12,component_13,0.3530018854697165,0.3530018854697165,0.00012214486198658392,0.3530018854697165,,,,
1,[12],12,13,component_14,0.0,-0.00011802074288338435,0.00012214486198658392,0.0,,,,
1,[12],12,14,component_15,0.00042575585439104293,0.00042575585439104293,0.00012214486198658392,0.00042575585439104293,,,,
1,[12],12,15,component_16,0.0018902051580174262,0.0018902051580174262,0.00012214486198658392,0.0018902051580174262,,,,
1,[12],12,16,component_17,0.0001384408370285926,0.0001384408370285926,0.00012214486198658392,0.0001384408370285926,,,,
1,[12],12,17,component_18,0.023354958900542094,0.023354958900542094,0.00012214486198658392,0.023354958900542094,,,,
1,[12],12,18,component_19,0.004133617962806467,0.004133617962806467,0.00012214486198658392,0.004133617962806467,,,,
1,[12],12,19,component_20,3.539759521762058e-05,3.539759521762058e-05,0.00012214486198658392,3.539759521762058e-05,,,,
1,[12],12,20,component_21,0.014055627330874015,0.014055627330874015,0.00012214486198658392,0.014055627330874015,,,,
1,[12],12,21,component_22,0.0002682783555759336,0.0002682783555759336,0.00012214486198658392,0.0002682783555759336,,,,
1,[12],12,22,component_23,0.002225995990204479,0.002225995990204479,0.00012214486198658392,0.002225995990204479,,,,
1,[12],12,23,component_24,0.0004066999227013324,0.0004066999227013324,0.00012214486198658392,0.0004066999227013324,,,,
1,[12],12,24,component_25,0.04979746543406459,0.04979746543406459,0.00012214486198658392,0.04979746543406459,,,,
1,[12],12,25,component_26,0.001071012368611112,0.001071012368611112,0.00012214486198658392,0.001071012368611112,,,,
1,[12],12,26,component_27,0.0002989536287066286,0.0002989536287066286,0.00012214486198658392,0.0002989536287066286,,,,
1,[12],12,27,component_28,0.00025202582374229704,0.00025202582374229704,0.00012214486198658392,0.00025202582374229704,,,,
1,[12],12,28,component_29,0.0012716008990200668,0.0012716008990200668,0.00012214486198658392,0.0012716008990200668,,,,
1,[12],12,29,component_30,0.0008138435811905165,0.0008138435811905165,0.00012214486198658392,0.0008138435811905165,,,,
1,[12],12,30,component_31,0.006102884671802001,0.006102884671802001,0.00012214486198658392,0.006102884671802001,,,,
1,[12],12,31,component_32,0.00039799787833388954,0.00039799787833388954,0.00012214486198658392,0.00039799787833388954,,,,
1,[12],12,32,component_33,0.0,-9.077773513958378e-05,0.00012214486198658392,0.0,,,,
1,[12],12,33,component_34,0.0039362696494814,0.0039362696494814,0.00012214486198658392,0.0039362696494814,,,,
1,[12],12,34,component_35,0.0011583682161533321,0.0011583682161533321,0.00012214486198658392,0.0011583682161533321,,,,
1,[12],12,35,component_36,0.005812601672797072,0.005812601672797072,0.00012214486198658392,0.005812601672797072,,,,
1,[12],12,36,component_37,0.00015050548986371366,0.00015050548986371366,0.00012214486198658392,0.00015050548986371366,,,,
1,[12],12,37,component_38,0.002827496782748942,0.002827496782748942,0.00012214486198658392,0.002827496782748942,,,,
1,[12],12,38,component_39,0.00014025698490775296,0.00014025698490775296,0.00012214486198658392,0.00014025698490775296,,,,
1,[12],12,39,component_40,0.006892236296528414,0.006892236296528414,0.00012214486198658392,0.006892236296528414,,,,
1,[12],12,40,component_41,0.0007909298947046548,0.0007909298947046548,0.00012214486198658392,0.0007909298947046548,,,,
1,[12],12,41,component_42,0.0021570458185220134,0.0021570458185220134,0.00012214486198658392,0.0021570458185220134,,,,
1,[12],12,42,component_43,0.0037943759032979174,0.0037943759032979174,0.00012214486198658392,0.0037943759032979174,,,,
1,[12],12,43,component_44,0.0,-6.708500559430514e-05,0.00012214486198658392,0.0,,,,
1,[12],12,44,component_45,0.00010880786863925405,0.00010880786863925405,0.00012214486198658392,0.00010880786863925405,,,,
1,[12],12,45,component_46,0.004507650882516805,0.004507650882516805,0.00012214486198658392,0.004507650882516805,,,,
1,[12],12,46,component_47,5.0836775100930094e-05,5.0836775100930094e-05,0.00012214486198658392,5.0836775100930094e-05,,,,
1,[12],12,47,component_48,0.0014600375841230199,0.0014600375841230199,0.00012214486198658392,0.0014600375841230199,,,,
1,[12],12,48,component_49,0.003065833868242685,0.003065833868242685,0.00012214486198658392,0.003065833868242685,,,,
1,[12],12,49,component_50,0.03040051763527269,0.03040051763527269,0.00012214486198658392,0.03040051763527269,,,,
1,[12],12,50,component_51,0.00941568857636832,0.00941568857636832,0.00012214486198658392,0.00941568857636832,,,,
1,[12],12,51,component_52,0.007717392213897411,0.007717392213897411,0.00012214486198658392,0.007717392213897411,,,,
1,[12],12,52,component_53,0.0,-5.451691068756242e-05,0.00012214486198658392,0.0,,,,
1,[12],12,53,component_54,0.00024887327281101644,0.00024887327281101644,0.00012214486198658392,0.00024887327281101644,,,,
1,[12],12,54,component_55,3.54105310377387e-05,3.54105310377387e-05,0.00012214486198658392,3.54105310377387e-05,,,,
1,[12],12,55,component_56,0.0,-1.3792543690609914e-05,0.00012214486198658392,0.0,,,,
1,[12],12,56,component_57,0.0,-0.00011384323710500447,0.00012214486198658392,0.0,,,,
1,[12],12,57,component_58,9.926737853609057e-05,9.926737853609057e-05,0.00012214486198658392,9.926737853609057e-05,,,,
1,[12],12,58,component_59,0.00419592049654746,0.00419592049654746,0.00012214486198658392,0.00419592049654746,,,,
1,[12],12,59,component_60,0.00019062504492020833,0.00019062504492020833,0.00012214486198658392,0.00019062504492020833,,,,
1,[13],13,0,component_01,0.008197286680450855,0.008197286680450855,0.00012214486198658392,0.008197286680450855,,,,
1,[13],13,1,component_02,0.0033731165622564877,0.0033731165622564877,0.00012214486198658392,0.0033731165622564877,,,,
1,[13],13,2,component_03,0.027842672412071206,0.027842672412071206,0.00012214486198658392,0.027842672412071206,,,,
1,[13],13,3,component_04,0.014237907528678744,0.014237907528678744,0.00012214486198658392,0.014237907528678744,,,,
1,[13],13,4,component_05,0.0010901031425422378,0.0010901031425422378,0.00012214486198658392,0.0010901031425422378,,,,
1,[13],13,5,component_06,0.0,-1.2895314549382652e-06,0.00012214486198658392,0.0,,,,
1,[13],13,6,component_07,0.008774756653012052,0.008774756653012052,0.00012214486198658392,0.008774756653012052,,,,
1,[13],13,7,component_08,0.00066510512663343,0.00066510512663343,0.00012214486198658392,0.00066510512663343,,,,
1,[13],13,8,component_09,0.00034487288662697017,0.00034487288662697017,0.00012214486198658392,0.00034487288662697017,,,,
1,[13],13,9,component_10,0.0014692414517695942,0.0014692414517695942,0.00012214486198658392,0.0014692414517695942,,,,
1,[13],13,10,component_11,0.002203015914653539,0.002203015914653539,0.00012214486198658392,0.002203015914653539,,,,
1,[13],13,11,component_12,0.0,-2.0548512975843234e-06,0.00012214486198658392,0.0,,,,
1,[13],13,12,component_13,1.8896874171931582e-05,1.8896874171931582e-05,0.00012214486198658392,1.8896874171931582e-05,,,,
1,[13],13,13,component_14,0.16582748896700997,0.16582748896700997,0.00012214486198658392,0.16582748896700997,,,,
1,[13],13,14,component_15,0.000322577745045034,0.000322577745045034,0.00012214486198658392,0.000322577745045034,,,,
1,[13],13,15,component_16,0.00035383162808748326,0.00035383162808748326,0.00012214486198658392,0.00035383162808748326,,,,
1,[13],13,16,component_17,0.026759467105738864,0.026759467105738864,0.00012214486198658392,0.026759467105738864,,,,
1,[13],13,17,component_18,0.0005592551847032521,0.0005592551847032521,0.00012214486198658392,0.0005592551847032521,,,,
1,[13],13,18,component_19,0.0929483556150612,0.0929483556150612,0.00012214486198658392,0.0929483556150612,,,,
1,[13],13,19,component_20,0.01682038519650453,0.01682038519650453,0.00012214486198658392,0.01682038519650453,,,,
1,[13],13,20,component_21,0.002705182571024968,0.002705182571024968,0.00012214486198658392,0.002705182571024968,,,,
1,[13],13,21,component_22,0.014685002537086399,0.014685002537086399,0.00012214486198658392,0.014685002537086399,,,,
1,[13],13,22,component_23,0.0,-0.00011366925741478298,0.00012214486198658392,0.0,,,,
1,[13],13,23,component_24,9.905118678465348e-05,9.905118678465348e-05,0.00012214486198658392,9.905118678465348e-05,,,,
1,[13],13,24,component_25,0.00017922685341788646,0.00017922685341788646,0.00012214486198658392,0.00017922685341788646,,,,
1,[13],13,25,component_26,0.00011107039301853856,0.00011107039301853856,0.00012214486198658392,0.00011107039301853856,,,,
1,[13],13,26,component_27,0.002255950768094187,0.002255950768094187,0.00012214486198658392,0.002255950768094187,,,,
1,[13],13,27,component_28,0.0013194964345000259,0.0013194964345000259,0.00012214486198658392,0.0013194964345000259,,,,
1,[13],13,28,component_29,0.0038835762380025696,0.0038835762380025696,0.00012214486198658392,0.0038835762380025696,,,,
1,[13],13,29,component_30,0.04388182627954364,0.04388182627954364,0.00012214486198658392,0.04388182627954364,,,,
1,[13],13,30,component_31,0.0,-1.4310021949950338e-05,0.00012214486198658392,0.0,,,,
1,[13],13,31,component_32,0.0074773297731756325,0.0074773297731756325,0.00012214486198658392,0.0074773297731756325,,,,
1,[13],13,32,component_33,0.0008358377413617794,0.0008358377413617794,0.00012214486198658392,0.0008358377413617794,,,,
1,[13],13,33,component_34,0.001062033234830499,0.001062033234830499,0.00012214486198658392,0.001062033234830499,,,,
1,[13],13,34,component_35,0.0,-0.00012085670985901542,0.00012214486198658392,0.0,,,,
1,[13],13,35,component_36,0.00031707934909672565,0.00031707934909672565,0.00012214486198658392,0.00031707934909672565,,,,
1,[13],13,36,component_37,0.002115533318459763,0.002115533318459763,0.00012214486198658392,0.002115533318459763,,,,
1,[13],13,37,component_38,0.003059697263008584,0.003059697263008584,0.00012214486198658392,0.003059697263008584,,,,
1,[13],13,38,component_39,0.0009364486172091462,0.0009364486172091462,0.00012214486198658392,0.0009364486172091462,,,,
1,[13],13,39,component_40,0.0,-7.060362124101021e-05,0.00012214486198658392,0.0,,,,
1,[13],13,40,component_41,0.0005621408529687713,0.0005621408529687713,0.00012214486198658392,0.0005621408529687713,,,,
1,[13],13,41,component_42,0.0017440687760692192,0.0017440687760692192,0.00012214486198658392,0.0017440687760692192,,,,
1,[13],13,42,component_43,0.0014096558212306379,0.0014096558212306379,0.00012214486198658392,0.0014096558212306379,,,,
1,[13],13,43,component_44,0.0058940569745486796,0.0058940569745486796,0.00012214486198658392,0.0058940569745486796,,,,
1,[13],13,44,component_45,0.00010534784696274708,0.00010534784696274708,0.00012214486198658392,0.00010534784696274708,,,,
1,[13],13,45,component_46,0.0005609103095367614,0.0005609103095367614,0.00012214486198658392,0.0005609103095367614,,,,
1,[13],13,46,component_47,0.0017330310175704409,0.0017330310175704409,0.00012214486198658392,0.0017330310175704409,,,,
1,[13],13,47,component_48,0.003559734326075403,0.003559734326075403,0.00012214486198658392,0.003559734326075403,,,,
1,[13],13,48,component_49,0.00013591298702898843,0.00013591298702898843,0.00012214486198658392,0.00013591298702898843,,,,
1,[13],13,49,component_50,0.008635906850920173,0.008635906850920173,0.00012214486198658392,0.008635906850920173,,,,
1,[13],13,50,component_51,0.0077737488295395365,0.0077737488295395365,0.00012214486198658392,0.0077737488295395365,,,,
1,[13],13,51,component_52,0.0,-0.00011698467689832769,0.00012214486198658392,0.0,,,,
1,[13],13,52,component_53,0.00021600961289081042,0.00021600961289081042,0.00012214486198658392,0.00021600961289081042,,,,
1,[13],13,53,component_54,0.0027533773387068616,0.0027533773387068616,0.00012214486198658392,0.0027533773387068616,,,,
1,[13],13,54,component_55,0.0,-8.045876883440277e-05,0.00012214486198658392,0.0,,,,
1,[13],13,55,component_56,0.0005036695649884826,0.0005036695649884826,0.00012214486198658392,0.0005036695649884826,,,,
1,[13],13,56,component_57,0.0030704694222797157,0.0030704694222797157,0.00012214486198658392,0.0030704694222797157,,,,
1,[13],13,57,component_58,0.001357955781491242,0.001357955781491242,0.00012214486198658392,0.001357955781491242,,,,
1,[13],13,58,component_59,0.005081846493158189,0.005081846493158189,0.00012214486198658392,0.005081846493158189,,,,
1,[13],13,59,component_60,0.0013331058395191007,0.0013331058395191007,0.00012214486198658392,0.0013331058395191007,,,,
1,[14],14,0,component_01,0.014834384969606082,0.014834384969606082,0.00012214486198658392,0.014834384969606082,,,,
1,[14],14,1,component_02,0.0251376034128699,0.0251376034128699,0.00012214486198658392,0.0251376034128699,,,,
1,[14],14,2,component_03,0.030617450944879797,0.030617450944879797,0.00012214486198658392,0.030617450944879797,,,,
1,[14],14,3,component_04,0.0007238858101140187,0.0007238858101140187,0.00012214486198658392,0.0007238858101140187,,,,
1,[14],14,4,component_05,0.00028159158006791317,0.00028159158006791317,0.00012214486198658392,0.00028159158006791317,,,,
1,[14],14,5,component_06,0.003186684029825036,0.003186684029825036,0.00012214486198658392,0.003186684029825036,,,,
1,[14],14,6,component_07,0.02178898061216475,0.02178898061216475,0.00012214486198658392,0.02178898061216475,,,,
1,[14],14,7,component_08,0.003716379676720645,0.003716379676720645,0.00012214486198658392,0.003716379676720645,,,,
1,[14],14,8,component_09,0.0076751436434647205,0.0076751436434647205,0.00012214486198658392,0.0076751436434647205,,,,
1,[14],14,9,component_10,0.0,-6.801891854560024e-05,0.00012214486198658392,0.0,,,,
1,[14],14,10,component_11,0.003519825773007528,0.003519825773007528,0.00012214486198658392,0.003519825773007528,,,,
1,[14],14,11,component_12,0.006604837117990838,0.006604837117990838,0.00012214486198658392,0.006604837117990838,,,,
1,[14],14,12,component_13,0.002426199783894421,0.002426199783894421,0.00012214486198658392,0.002426199783894421,,,,
1,[14],14,13,component_14,0.0,-4.295048104077201e-05,0.00012214486198658392,0.0,,,,
1,[14],14,14,component_15,0.0652022339183731,0.0652022339183731,0.00012214486198658392,0.0652022339183731,,,,
1,[14],14,15,component_16,0.004089355639523471,0.004089355639523471,0.00012214486198658392,0.004089355639523471,,,,
1,[14],14,16,component_17,0.000312423699702054,0.000312423699702054,0.00012214486198658392,0.000312423699702054,,,,
1,[14],14,17,component_18,0.0023411460854472653,0.0023411460854472653,0.00012214486198658392,0.0023411460854472653,,,,
1,[14],14,18,component_19,0.0003305393735187582,0.0003305393735187582,0.00012214486198658392,0.0003305393735187582,,,,
1,[14],14,19,component_20,0.0011292953036653483,0.0011292953036653483,0.00012214486198658392,0.0011292953036653483,,,,
1,[14],14,20,component_21,0.0019429987588894916,0.0019429987588894916,0.00012214486198658392,0.0019429987588894916,,,,
1,[14],14,21,component_22,0.0041660538100321,0.0041660538100321,0.00012214486198658392,0.0041660538100321,,,,
1,[14],14,22,component_23,0.018063914621178553,0.018063914621178553,0.00012214486198658392,0.018063914621178553,,,,
1,[14],14,23,component_24,0.0013873966266058889,0.0013873966266058889,0.00012214486198658392,0.0013873966266058889,,,,
1,[14],14,24,component_25,0.006952734384345207,0.006952734384345207,0.00012214486198658392,0.006952734384345207,,,,
1,[14],14,25,component_26,0.018787256260629454,0.018787256260629454,0.00012214486198658392,0.018787256260629454,,,,
1,[14],14,26,component_27,0.00033803984560169223,0.00033803984560169223,0.00012214486198658392,0.00033803984560169223,,,,
1,[14],14,27,component_28,0.0011517951922977421,0.0011517951922977421,0.00012214486198658392,0.0011517951922977421,,,,
1,[14],14,28,component_29,0.0012651911319861518,0.0012651911319861518,0.00012214486198658392,0.0012651911319861518,,,,
1,[14],14,29,component_30,0.002850528503142367,0.002850528503142367,0.00012214486198658392,0.002850528503142367,,,,
1,[14],14,30,component_31,0.0024289941100948407,0.0024289941100948407,0.00012214486198658392,0.0024289941100948407,,,,
1,[14],14,31,component_32,9.436016306679516e-05,9.436016306679516e-05,0.00012214486198658392,9.436016306679516e-05,,,,
1,[14],14,32,component_33,0.003675276412351665,0.003675276412351665,0.00012214486198658392,0.003675276412351665,,,,
1,[14],14,33,component_34,0.0,-2.440253004856304e-05,0.00012214486198658392,0.0,,,,
1,[14],14,34,component_35,0.003405343239935732,0.003405343239935732,0.00012214486198658392,0.003405343239935732,,,,
1,[14],14,35,component_36,0.0003868348640053882,0.0003868348640053882,0.00012214486198658392,0.0003868348640053882,,,,
1,[14],14,36,component_37,0.003755215688426453,0.003755215688426453,0.00012214486198658392,0.003755215688426453,,,,
1,[14],14,37,component_38,0.00293090771465643,0.00293090771465643,0.00012214486198658392,0.00293090771465643,,,,
1,[14],14,38,component_39,0.0,-8.563952962156303e-05,0.00012214486198658392,0.0,,,,
1,[14],14,39,component_40,0.014496165650974342,0.014496165650974342,0.00012214486198658392,0.014496165650974342,,,,
1,[14],14,40,component_41,0.0022091528046165707,0.0022091528046165707,0.00012214486198658392,0.0022091528046165707,,,,
1,[14],14,41,component_42,0.0,-0.00011975942036527407,0.00012214486198658392,0.0,,,,
1,[14],14,42,component_43,0.0026444106899249187,0.0026444106899249187,0.00012214486198658392,0.0026444106899249187,,,,
1,[14],14,43,component_44,0.0,-9.393726048223349e-05,0.00012214486198658392,0.0,,,,
1,[14],14,44,component_45,0.0,-0.00011426870007713282,0.00012214486198658392,0.0,,,,
1,[14],14,45,component_46,0.0002579134051168639,0.0002579134051168639,0.00012214486198658392,0.0002579134051168639,,,,
1,[14],14,46,component_47,0.009523994665947492,0.009523994665947492,0.00012214486198658392,0.009523994665947492,,,,
1,[14],14,47,component_48,0.0003580864097831901,0.0003580864097831901,0.00012214486198658392,0.0003580864097831901,,,,
1,[14],14,48,component_49,0.0,-0.00010480082422940128,0.00012214486198658392,0.0,,,,
1,[14],14,49,component_50,0.002783688773372733,0.002783688773372733,0.00012214486198658392,0.002783688773372733,,,,
1,[14],14,50,component_51,0.0006345922459863838,0.0006345922459863838,0.00012214486198658392,0.0006345922459863838,,,,
1,[14],14,51,component_52,0.001226999756156675,0.001226999756156675,0.00012214486198658392,0.001226999756156675,,,,
1,[14],14,52,component_53,0.010110257517242632,0.010110257517242632,0.00012214486198658392,0.010110257517242632,,,,
1,[14],14,53,component_54,0.004855526379113362,0.004855526379113362,0.00012214486198658392,0.004855526379113362,,,,
1,[14],14,54,component_55,0.0029474187141762523,0.0029474187141762523,0.00012214486198658392,0.0029474187141762523,,,,
1,[14],14,55,component_56,0.006251887813118851,0.006251887813118851,0.00012214486198658392,0.006251887813118851,,,,
1,[14],14,56,component_57,0.001438824723214271,0.001438824723214271,0.00012214486198658392,0.001438824723214271,,,,
1,[14],14,57,component_58,0.0016993370885552833,0.0016993370885552833,0.00012214486198658392,0.0016993370885552833,,,,
1,[14],14,58,component_59,0.00279995569496665,0.00279995569496665,0.00012214486198658392,0.00279995569496665,,,,
1,[14],14,59,component_60,0.014085125496080778,0.014085125496080778,0.00012214486198658392,0.014085125496080778,,,,
1,[15],15,0,component_01,0.006979673237939302,0.006979673237939302,0.00012214486198658392,0.006979673237939302,,,,
1,[15],15,1,component_02,0.0022076742172464333,0.0022076742172464333,0.00012214486198658392,0.0022076742172464333,,,,
1,[15],15,2,component_03,0.0021950807915290687,0.0021950807915290687,0.00012214486198658392,0.0021950807915290687,,,,
1,[15],15,3,component_04,0.0011128460252798277,0.0011128460252798277,0.00012214486198658392,0.0011128460252798277,,,,
1,[15],15,4,component_05,0.0005118795047344276,0.0005118795047344276,0.00012214486198658392,0.0005118795047344276,,,,
1,[15],15,5,component_06,0.0072567402903370454,0.0072567402903370454,0.00012214486198658392,0.0072567402903370454,,,,
1,[15],15,6,component_07,5.649519891912636e-05,5.649519891912636e-05,0.00012214486198658392,5.649519891912636e-05,,,,
1,[15],15,7,component_08,0.0023091045309252957,0.0023091045309252957,0.00012214486198658392,0.0023091045309252957,,,,
1,[15],15,8,component_09,0.002883977875649939,0.002883977875649939,0.00012214486198658392,0.002883977875649939,,,,
1,[15],15,9,component_10,0.014346678913519605,0.014346678913519605,0.00012214486198658392,0.014346678913519605,,,,
1,[15],15,10,component_11,0.0001045985705751291,0.0001045985705751291,0.00012214486198658392,0.0001045985705751291,,,,
1,[15],15,11,component_12,0.0032878490022571734,0.0032878490022571734,0.00012214486198658392,0.0032878490022571734,,,,
1,[15],15,12,component_13,0.00041018988301086217,0.00041018988301086217,0.00012214486198658392,0.00041018988301086217,,,,
1,[15],15,13,component_14,0.005395708301301348,0.005395708301301348,0.00012214486198658392,0.005395708301301348,,,,
1,[15],15,14,component_15,0.0025142486191506355,0.0025142486191506355,0.00012214486198658392,0.0025142486191506355,,,,
1,[15],15,15,component_16,0.31156779580269317,0.31156779580269317,0.00012214486198658392,0.31156779580269317,,,,
1,[15],15,16,component_17,0.0,-9.580571486990751e-05,0.00012214486198658392,0.0,,,,
1,[15],15,17,component_18,0.0024377110896585674,0.0024377110896585674,0.00012214486198658392,0.0024377110896585674,,,,
1,[15],15,18,component_19,0.0032942439202567654,0.0032942439202567654,0.00012214486198658392,0.0032942439202567654,,,,
1,[15],15,19,component_20,0.011967120623375006,0.011967120623375006,0.00012214486198658392,0.011967120623375006,,,,
1,[15],15,20,component_21,0.008474352749254784,0.008474352749254784,0.00012214486198658392,0.008474352749254784,,,,
1,[15],15,21,component_22,0.00039476607220494185,0.00039476607220494185,0.00012214486198658392,0.00039476607220494185,,,,
1,[15],15,22,component_23,0.001313719675854338,0.001313719675854338,0.00012214486198658392,0.001313719675854338,,,,
1,[15],15,23,component_24,0.0,-0.00011660463904795759,0.00012214486198658392,0.0,,,,
1,[15],15,24,component_25,0.001349779308449982,0.001349779308449982,0.00012214486198658392,0.001349779308449982,,,,
1,[15],15,25,component_26,0.0,-0.0001220546854265527,0.00012214486198658392,0.0,,,,
1,[15],15,26,component_27,0.002378028916528752,0.002378028916528752,0.00012214486198658392,0.002378028916528752,,,,
1,[15],15,27,component_28,0.0028182381739780115,0.0028182381739780115,0.00012214486198658392,0.0028182381739780115,,,,
1,[15],15,28,component_29,5.1944416375306876e-05,5.1944416375306876e-05,0.00012214486198658392,5.1944416375306876e-05,,,,
1,[15],15,29,component_30,0.00022579783641364081,0.00022579783641364081,0.00012214486198658392,0.00022579783641364081,,,,
1,[15],15,30,component_31,0.0,-7.968956836586693e-05,0.00012214486198658392,0.0,,,,
1,[15],15,31,component_32,0.007601966787404195,0.007601966787404195,0.00012214486198658392,0.007601966787404195,,,,
1,[15],15,32,component_33,0.0017830083709436122,0.0017830083709436122,0.00012214486198658392,0.0017830083709436122,,,,
1,[15],15,33,component_34,0.0022601644633434524,0.0022601644633434524,0.00012214486198658392,0.0022601644633434524,,,,
1,[15],15,34,component_35,0.015562482150173185,0.015562482150173185,0.00012214486198658392,0.015562482150173185,,,,
1,[15],15,35,component_36,0.023439589547784224,0.023439589547784224,0.00012214486198658392,0.023439589547784224,,,,
1,[15],15,36,component_37,0.0070661568909465115,0.0070661568909465115,0.00012214486198658392,0.0070661568909465115,,,,
1,[15],15,37,component_38,0.00352025319414995,0.00352025319414995,0.00012214486198658392,0.00352025319414995,,,,
1,[15],15,38,component_39,0.011352200554017042,0.011352200554017042,0.00012214486198658392,0.011352200554017042,,,,
1,[15],15,39,component_40,0.0004140766346794733,0.0004140766346794733,0.00012214486198658392,0.0004140766346794733,,,,
1,[15],15,40,component_41,0.002018978305028737,0.002018978305028737,0.00012214486198658392,0.002018978305028737,,,,
1,[15],15,41,component_42,0.0025951159004236777,0.0025951159004236777,0.00012214486198658392,0.0025951159004236777,,,,
1,[15],15,42,component_43,0.0,-0.0001140957673019079,0.00012214486198658392,0.0,,,,
1,[15],15,43,component_44,0.0,-7.581209133423984e-05,0.00012214486198658392,0.0,,,,
1,[15],15,44,component_45,0.0,-6.0143945009662317e-05,0.00012214486198658392,0.0,,,,
1,[15],15,45,component_46,0.004702477595962254,0.004702477595962254,0.00012214486198658392,0.004702477595962254,,,,
1,[15],15,46,component_47,0.07178000563312656,0.07178000563312656,0.00012214486198658392,0.07178000563312656,,,,
1,[15],15,47,component_48,0.0015910010895332097,0.0015910010895332097,0.00012214486198658392,0.0015910010895332097,,,,
1,[15],15,48,component_49,0.0,-6.411898749578395e-05,0.00012214486198658392,0.0,,,,
1,[15],15,49,component_50,0.0004267777248422135,0.0004267777248422135,0.00012214486198658392,0.0004267777248422135,,,,
1,[15],15,50,component_51,0.0030629173133280797,0.0030629173133280797,0.00012214486198658392,0.0030629173133280797,,,,
1,[15],15,51,component_52,0.0019499740550890964,0.0019499740550890964,0.00012214486198658392,0.0019499740550890964,,,,
1,[15],15,52,component_53,0.0020572029905284927,0.0020572029905284927,0.00012214486198658392,0.0020572029905284927,,,,
1,[15],15,53,component_54,0.001913128997732959,0.001913128997732959,0.00012214486198658392,0.001913128997732959,,,,
1,[15],15,54,component_55,0.0012552626915863202,0.0012552626915863202,0.00012214486198658392,0.0012552626915863202,,,,
1,[15],15,55,component_56,0.0009137780584716555,0.0009137780584716555,0.00012214486198658392,0.0009137780584716555,,,,
1,[15],15,56,component_57,0.0010791746656159272,0.0010791746656159272,0.00012214486198658392,0.0010791746656159272,,,,
1,[15],15,57,component_58,0.0,-0.00011213887459138693,0.00012214486198658392,0.0,,,,
1,[15],15,58,component_59,0.0007525481091143398,0.0007525481091143398,0.00012214486198658392,0.0007525481091143398,,,,
1,[15],15,59,component_60,0.01925831852966859,0.01925831852966859,0.00012214486198658392,0.01925831852966859,,,,
1,[16],16,0,component_01,0.0006023411939148383,0.0006023411939148383,0.00012214486198658392,0.0006023411939148383,,,,
1,[16],16,1,component_02,0.002083759975777145,0.002083759975777145,0.00012214486198658392,0.002083759975777145,,,,
1,[16],16,2,component_03,0.0023411493949173096,0.0023411493949173096,0.00012214486198658392,0.0023411493949173096,,,,
1,[16],16,3,component_04,0.0007906174587628908,0.0007906174587628908,0.00012214486198658392,0.0007906174587628908,,,,
1,[16],16,4,component_05,0.0026146692046466477,0.0026146692046466477,0.00012214486198658392,0.0026146692046466477,,,,
1,[16],16,5,component_06,0.00027256930365373764,0.00027256930365373764,0.00012214486198658392,0.00027256930365373764,,,,
1,[16],16,6,component_07,0.0007019294781887817,0.0007019294781887817,0.00012214486198658392,0.0007019294781887817,,,,
1,[16],16,7,component_08,0.003952632213391707,0.003952632213391707,0.00012214486198658392,0.003952632213391707,,,,
1,[16],16,8,component_09,0.0016798754681216386,0.0016798754681216386,0.00012214486198658392,0.0016798754681216386,,,,
1,[16],16,9,component_10,8.90294827005882e-05,8.90294827005882e-05,0.00012214486198658392,8.90294827005882e-05,,,,
1,[16],16,10,component_11,0.0017215111003473405,0.0017215111003473405,0.00012214486198658392,0.0017215111003473405,,,,
1,[16],16,11,component_12,0.009587895145364247,0.009587895145364247,0.00012214486198658392,0.009587895145364247,,,,
1,[16],16,12,component_13,0.000870110790441962,0.000870110790441962,0.00012214486198658392,0.000870110790441962,,,,
1,[16],16,13,component_14,0.004122428681424422,0.004122428681424422,0.00012214486198658392,0.004122428681424422,,,,
1,[16],16,14,component_15,2.8566567031465155e-05,2.8566567031465155e-05,0.00012214486198658392,2.8566567031465155e-05,,,,
1,[16],16,15,component_16,0.0037817142051570184,0.0037817142051570184,0.00012214486198658392,0.0037817142051570184,,,,
1,[16],16,16,component_17,0.20073789492547378,0.20073789492547378,0.00012214486198658392,0.20073789492547378,,,,
1,[16],16,17,component_18,0.0010271392769361852,0.0010271392769361852,0.00012214486198658392,0.0010271392769361852,,,,
1,[16],16,18,component_19,0.0,-0.0001219142638902893,0.00012214486198658392,0.0,,,,
1,[16],16,19,component_20,0.034881989344689786,0.034881989344689786,0.00012214486198658392,0.034881989344689786,,,,
1,[16],16,20,component_21,0.0,-8.286141471126112e-05,0.00012214486198658392,0.0,,,,
1,[16],16,21,component_22,0.007980721046421748,0.007980721046421748,0.00012214486198658392,0.007980721046421748,,,,
1,[16],16,22,component_23,0.00042394037170508743,0.00042394037170508743,0.00012214486198658392,0.00042394037170508743,,,,
1,[16],16,23,component_24,0.002917100203264817,0.002917100203264817,0.00012214486198658392,0.002917100203264817,,,,
1,[16],16,24,component_25,0.0,-3.68925817572059e-05,0.00012214486198658392,0.0,,,,
1,[16],16,25,component_26,0.0,-5.922125058832248e-05,0.00012214486198658392,0.0,,,,
1,[16],16,26,component_27,0.0,-0.00011765937526231823,0.00012214486198658392,0.0,,,,
1,[16],16,27,component_28,0.005744657885696304,0.005744657885696304,0.00012214486198658392,0.005744657885696304,,,,
1,[16],16,28,component_29,0.007252052586818146,0.007252052586818146,0.00012214486198658392,0.007252052586818146,,,,
1,[16],16,29,component_30,0.007479778312813153,0.007479778312813153,0.00012214486198658392,0.007479778312813153,,,,
1,[16],16,30,component_31,0.0,-0.00011936449884852716,0.00012214486198658392,0.0,,,,
1,[16],16,31,component_32,0.01683387484580215,0.01683387484580215,0.00012214486198658392,0.01683387484580215,,,,
1,[16],16,32,component_33,0.013467449087782316,0.013467449087782316,0.00012214486198658392,0.013467449087782316,,,,
1,[16],16,33,component_34,0.003916442506507908,0.003916442506507908,0.00012214486198658392,0.003916442506507908,,,,
1,[16],16,34,component_35,2.3050377191017723e-05,2.3050377191017723e-05,0.00012214486198658392,2.3050377191017723e-05,,,,
1,[16],16,35,component_36,0.0005404272533736647,0.0005404272533736647,0.00012214486198658392,0.0005404272533736647,,,,
1,[16],16,36,component_37,0.0115093255981558,0.0115093255981558,0.00012214486198658392,0.0115093255981558,,,,
1,[16],16,37,component_38,0.00671058314268,0.00671058314268,0.00012214486198658392,0.00671058314268,,,,
1,[16],16,38,component_39,6.733174560618588e-05,6.733174560618588e-05,0.00012214486198658392,6.733174560618588e-05,,,,
1,[16],16,39,component_40,0.009324201060985941,0.009324201060985941,0.00012214486198658392,0.009324201060985941,,,,
1,[16],16,40,component_41,0.003451270605528501,0.003451270605528501,0.00012214486198658392,0.003451270605528501,,,,
1,[16],16,41,component_42,0.006275191534854964,0.006275191534854964,0.00012214486198658392,0.006275191534854964,,,,
1,[16],16,42,component_43,0.004023276093055261,0.004023276093055261,0.00012214486198658392,0.004023276093055261,,,,
1,[16],16,43,component_44,0.017740596924484698,0.017740596924484698,0.00012214486198658392,0.017740596924484698,,,,
1,[16],16,44,component_45,0.0012865630237586176,0.0012865630237586176,0.00012214486198658392,0.0012865630237586176,,,,
1,[16],16,45,component_46,2.314182908973281e-05,2.314182908973281e-05,0.00012214486198658392,2.314182908973281e-05,,,,
1,[16],16,46,component_47,0.005383436683029251,0.005383436683029251,0.00012214486198658392,0.005383436683029251,,,,
1,[16],16,47,component_48,0.0009656335828446096,0.0009656335828446096,0.00012214486198658392,0.0009656335828446096,,,,
1,[16],16,48,component_49,0.003314982767563244,0.003314982767563244,0.00012214486198658392,0.003314982767563244,,,,
1,[16],16,49,component_50,0.0006064966054656764,0.0006064966054656764,0.00012214486198658392,0.0006064966054656764,,,,
1,[16],16,50,component_51,0.0007477512124596283,0.0007477512124596283,0.00012214486198658392,0.0007477512124596283,,,,
1,[16],16,51,component_52,0.0039032381799789496,0.0039032381799789496,0.00012214486198658392,0.0039032381799789496,,,,
1,[16],16,52,component_53,0.002244914745245023,0.002244914745245023,0.00012214486198658392,0.002244914745245023,,,,
1,[16],16,53,component_54,0.00494317930246931,0.00494317930246931,0.00012214486198658392,0.00494317930246931,,,,
1,[16],16,54,component_55,0.0,-0.00011986036395481283,0.00012214486198658392,0.0,,,,
1,[16],16,55,component_56,0.002289736158123812,0.002289736158123812,0.00012214486198658392,0.002289736158123812,,,,
1,[16],16,56,component_57,0.0017874006845022693,0.0017874006845022693,0.00012214486198658392,0.0017874006845022693,,,,
1,[16],16,57,component_58,0.017885855483594656,0.017885855483594656,0.00012214486198658392,0.017885855483594656,,,,
1,[16],16,58,component_59,0.0028411187043160613,0.0028411187043160613,0.00012214486198658392,0.0028411187043160613,,,,
1,[16],16,59,component_60,0.0014618820292591843,0.0014618820292591843,0.00012214486198658392,0.0014618820292591843,,,,
1,[17],17,0,component_01,4.922907427835118e-05,4.922907427835118e-05,0.00012214486198658392,4.922907427835118e-05,,,,
1,[17],17,1,component_02,0.0,-0.00012127656174283741,0.00012214486198658392,0.0,,,,
1,[17],17,2,component_03,0.0,-9.052107129073781e-05,0.00012214486198658392,0.0,,,,
1,[17],17,3,component_04,0.0011085391115941861,0.0011085391115941861,0.00012214486198658392,0.0011085391115941861,,,,
1,[17],17,4,component_05,0.0,-4.717644009768538e-05,0.00012214486198658392,0.0,,,,
1,[17],17,5,component_06,0.0004998865282073801,0.0004998865282073801,0.00012214486198658392,0.0004998865282073801,,,,
1,[17],17,6,component_07,2.410802334853828e-07,2.410802334853828e-07,0.00012214486198658392,2.410802334853828e-07,,,,
1,[17],17,7,component_08,0.0005424833824914808,0.0005424833824914808,0.00012214486198658392,0.0005424833824914808,,,,
1,[17],17,8,component_09,0.0007580453478477533,0.0007580453478477533,0.00012214486198658392,0.0007580453478477533,,,,
1,[17],17,9,component_10,0.003502236947323301,0.003502236947323301,0.00012214486198658392,0.003502236947323301,,,,
1,[17],17,10,component_11,0.0010265921736439267,0.0010265921736439267,0.00012214486198658392,0.0010265921736439267,,,,
1,[17],17,11,component_12,0.00017187676976598008,0.00017187676976598008,0.00012214486198658392,0.00017187676976598008,,,,
1,[17],17,12,component_13,0.012994406144324401,0.012994406144324401,0.00012214486198658392,0.012994406144324401,,,,
1,[17],17,13,component_14,0.0,-9.748818198652935e-05,0.00012214486198658392,0.0,,,,
1,[17],17,14,component_15,0.014628237130574113,0.014628237130574113,0.00012214486198658392,0.014628237130574113,,,,
1,[17],17,15,component_16,0.0019791540670763604,0.0019791540670763604,0.00012214486198658392,0.0019791540670763604,,,,
1,[17],17,16,component_17,0.001550359466319089,0.001550359466319089,0.00012214486198658392,0.001550359466319089,,,,
1,[17],17,17,component_18,0.21930912796240754,0.21930912796240754,0.00012214486198658392,0.21930912796240754,,,,
1,[17],17,18,component_19,0.0,-3.555574016421431e-05,0.00012214486198658392,0.0,,,,
1,[17],17,19,component_20,0.0,-5.1904271908959456e-05,0.00012214486198658392,0.0,,,,
1,[17],17,20,component_21,0.0010354222064237642,0.0010354222064237642,0.00012214486198658392,0.0010354222064237642,,,,
1,[17],17,21,component_22,0.0018267242841958505,0.0018267242841958505,0.00012214486198658392,0.0018267242841958505,,,,
1,[17],17,22,component_23,0.02806714286589904,0.02806714286589904,0.00012214486198658392,0.02806714286589904,,,,
1,[17],17,23,component_24,0.030482439589382376,0.030482439589382376,0.00012214486198658392,0.030482439589382376,,,,
1,[17],17,24,component_25,0.010516487456413925,0.010516487456413925,0.00012214486198658392,0.010516487456413925,,,,
1,[17],17,25,component_26,0.00028177038561141485,0.00028177038561141485,0.00012214486198658392,0.00028177038561141485,,,,
1,[17],17,26,component_27,0.0014321147661503135,0.0014321147661503135,0.00012214486198658392,0.0014321147661503135,,,,
1,[17],17,27,component_28,0.0,-0.00011667615864531077,0.00012214486198658392,0.0,,,,
1,[17],17,28,component_29,0.0,-0.0001103253408934377,0.00012214486198658392,0.0,,,,
1,[17],17,29,component_30,0.000519422001659731,0.000519422001659731,0.00012214486198658392,0.000519422001659731,,,,
1,[17],17,30,component_31,0.0008881468974194996,0.0008881468974194996,0.00012214486198658392,0.0008881468974194996,,,,
1,[17],17,31,component_32,0.0,-0.00011696980608935927,0.00012214486198658392,0.0,,,,
1,[17],17,32,component_33,0.002585142030415193,0.002585142030415193,0.00012214486198658392,0.002585142030415193,,,,
1,[17],17,33,component_34,0.014766170695413737,0.014766170695413737,0.00012214486198658392,0.014766170695413737,,,,
1,[17],17,34,component_35,0.0006352645824753975,0.0006352645824753975,0.00012214486198658392,0.0006352645824753975,,,,
1,[17],17,35,component_36,0.0007510617389526971,0.0007510617389526971,0.00012214486198658392,0.0007510617389526971,,,,
1,[17],17,36,component_37,0.000501296142602918,0.000501296142602918,0.00012214486198658392,0.000501296142602918,,,,
1,[17],17,37,component_38,0.0002529829094964545,0.0002529829094964545,0.00012214486198658392,0.0002529829094964545,,,,
1,[17],17,38,component_39,0.0,-4.617557175711238e-05,0.00012214486198658392,0.0,,,,
1,[17],17,39,component_40,0.00030600255670472284,0.00030600255670472284,0.00012214486198658392,0.00030600255670472284,,,,
1,[17],17,40,component_41,0.0005568708597480621,0.0005568708597480621,0.00012214486198658392,0.0005568708597480621,,,,
1,[17],17,41,component_42,0.0005706020203945128,0.0005706020203945128,0.00012214486198658392,0.0005706020203945128,,,,
1,[17],17,42,component_43,0.0004748672896961233,0.0004748672896961233,0.00012214486198658392,0.0004748672896961233,,,,
1,[17],17,43,component_44,2.5862527980737666e-06,2.5862527980737666e-06,0.00012214486198658392,2.5862527980737666e-06,,,,
1,[17],17,44,component_45,0.0003209684269853126,0.0003209684269853126,0.00012214486198658392,0.0003209684269853126,,,,
1,[17],17,45,component_46,0.013801697808488177,0.013801697808488177,0.00012214486198658392,0.013801697808488177,,,,
1,[17],17,46,component_47,0.0,-7.479219894209572e-05,0.00012214486198658392,0.0,,,,
1,[17],17,47,component_48,0.0,-8.493730345026537e-05,0.00012214486198658392,0.0,,,,
1,[17],17,48,component_49,0.0011965872174359684,0.0011965872174359684,0.00012214486198658392,0.0011965872174359684,,,,
1,[17],17,49,component_50,0.0022504390668336297,0.0022504390668336297,0.00012214486198658392,0.0022504390668336297,,,,
1,[17],17,50,component_51,0.01717245032568523,0.01717245032568523,0.00012214486198658392,0.01717245032568523,,,,
1,[17],17,51,component_52,0.000459610693758345,0.000459610693758345,0.00012214486198658392,0.000459610693758345,,,,
1,[17],17,52,component_53,0.004549974632808653,0.004549974632808653,0.00012214486198658392,0.004549974632808653,,,,
1,[17],17,53,component_54,0.0006293456035949978,0.0006293456035949978,0.00012214486198658392,0.0006293456035949978,,,,
1,[17],17,54,component_55,0.0026767414414702773,0.0026767414414702773,0.00012214486198658392,0.0026767414414702773,,,,
1,[17],17,55,component_56,0.002429047080263082,0.002429047080263082,0.00012214486198658392,0.002429047080263082,,,,
1,[17],17,56,component_57,0.002279781049419321,0.002279781049419321,0.00012214486198658392,0.002279781049419321,,,,
1,[17],17,57,component_58,0.0,-5.3520912340828146e-06,0.00012214486198658392,0.0,,,,
1,[17],17,58,component_59,0.0055263928547744645,0.0055263928547744645,0.00012214486198658392,0.0055263928547744645,,,,
1,[17],17,59,component_60,0.00013725264845320436,0.00013725264845320436,0.00012214486198658392,0.00013725264845320436,,,,
1,[18],18,0,component_01,0.0010794078877040352,0.0010794078877040352,0.00012214486198658392,0.0010794078877040352,,,,
1,[18],18,1,component_02,0.002781872357564944,0.002781872357564944,0.00012214486198658392,0.002781872357564944,,,,
1,[18],18,2,component_03,0.006640020678930392,0.006640020678930392,0.00012214486198658392,0.006640020678930392,,,,
1,[18],18,3,component_04,0.002910868049216163,0.002910868049216163,0.00012214486198658392,0.002910868049216163,,,,
1,[18],18,4,component_05,9.287216207441877e-05,9.287216207441877e-05,0.00012214486198658392,9.287216207441877e-05,,,,
1,[18],18,5,component_06,0.0077450665251242645,0.0077450665251242645,0.00012214486198658392,0.0077450665251242645,,,,
1,[18],18,6,component_07,0.000976966906394924,0.000976966906394924,0.00012214486198658392,0.000976966906394924,,,,
1,[18],18,7,component_08,0.02396168811632176,0.02396168811632176,0.00012214486198658392,0.02396168811632176,,,,
1,[18],18,8,component_09,0.0,-9.980480641345229e-05,0.00012214486198658392,0.0,,,,
1,[18],18,9,component_10,0.0001452248819341106,0.0001452248819341106,0.00012214486198658392,0.0001452248819341106,,,,
1,[18],18,10,component_11,0.0009427577316854262,0.0009427577316854262,0.00012214486198658392,0.0009427577316854262,,,,
1,[18],18,11,component_12,0.0037933763567039583,0.0037933763567039583,0.00012214486198658392,0.0037933763567039583,,,,
1,[18],18,12,component_13,0.0011118564003236135,0.0011118564003236135,0.00012214486198658392,0.0011118564003236135,,,,
1,[18],18,13,component_14,0.010079553928291482,0.010079553928291482,0.00012214486198658392,0.010079553928291482,,,,
1,[18],18,14,component_15,0.0002548377050258624,0.0002548377050258624,0.00012214486198658392,0.0002548377050258624,,,,
1,[18],18,15,component_16,0.0005243795300309734,0.0005243795300309734,0.00012214486198658392,0.0005243795300309734,,,,
1,[18],18,16,component_17,0.044107261826964575,0.044107261826964575,0.00012214486198658392,0.044107261826964575,,,,
1,[18],18,17,component_18,0.0034632877230881534,0.0034632877230881534,0.00012214486198658392,0.0034632877230881534,,,,
1,[18],18,18,component_19,0.09480103895159821,0.09480103895159821,0.00012214486198658392,0.09480103895159821,,,,
1,[18],18,19,component_20,0.00016044788961615324,0.00016044788961615324,0.00012214486198658392,0.00016044788961615324,,,,
1,[18],18,20,component_21,0.00010920690873307814,0.00010920690873307814,0.00012214486198658392,0.00010920690873307814,,,,
1,[18],18,21,component_22,0.007366835685142201,0.007366835685142201,0.00012214486198658392,0.007366835685142201,,,,
1,[18],18,22,component_23,0.0,-2.262608602560733e-05,0.00012214486198658392,0.0,,,,
1,[18],18,23,component_24,0.0019971804040706843,0.0019971804040706843,0.00012214486198658392,0.0019971804040706843,,,,
1,[18],18,24,component_25,0.0006893821555852297,0.0006893821555852297,0.00012214486198658392,0.0006893821555852297,,,,
1,[18],18,25,component_26,0.0010160962082990375,0.0010160962082990375,0.00012214486198658392,0.0010160962082990375,,,,
1,[18],18,26,component_27,0.0036997082735987915,0.0036997082735987915,0.00012214486198658392,0.0036997082735987915,,,,
1,[18],18,27,component_28,0.01589960314553476,0.01589960314553476,0.00012214486198658392,0.01589960314553476,,,,
1,[18],18,28,component_29,0.001328539768100045,0.001328539768100045,0.00012214486198658392,0.001328539768100045,,,,
1,[18],18,29,component_30,0.030440368825238706,0.030440368825238706,0.00012214486198658392,0.030440368825238706,,,,
1,[18],18,30,component_31,0.0011034415391916437,0.0011034415391916437,0.00012214486198658392,0.0011034415391916437,,,,
1,[18],18,31,component_32,0.0017613667066596794,0.0017613667066596794,0.00012214486198658392,0.0017613667066596794,,,,
1,[18],18,32,component_33,0.0006713087611230927,0.0006713087611230927,0.00012214486198658392,0.0006713087611230927,,,,
1,[18],18,33,component_34,0.017183565651785866,0.017183565651785866,0.00012214486198658392,0.017183565651785866,,,,
1,[18],18,34,component_35,0.0009603434369024016,0.0009603434369024016,0.00012214486198658392,0.0009603434369024016,,,,
1,[18],18,35,component_36,0.0,-0.0001181440323166775,0.00012214486198658392,0.0,,,,
1,[18],18,36,component_37,0.00859231398025761,0.00859231398025761,0.00012214486198658392,0.00859231398025761,,,,
1,[18],18,37,component_38,0.002708928732666642,0.002708928732666642,0.00012214486198658392,0.002708928732666642,,,,
1,[18],18,38,component_39,0.0036779311232953754,0.0036779311232953754,0.00012214486198658392,0.0036779311232953754,,,,
1,[18],18,39,component_40,0.006799184384569746,0.006799184384569746,0.00012214486198658392,0.006799184384569746,,,,
1,[18],18,40,component_41,0.0019742633911465153,0.0019742633911465153,0.00012214486198658392,0.0019742633911465153,,,,
1,[18],18,41,component_42,0.025033946966086,0.025033946966086,0.00012214486198658392,0.025033946966086,,,,
1,[18],18,42,component_43,0.006294442689204281,0.006294442689204281,0.00012214486198658392,0.006294442689204281,,,,
1,[18],18,43,component_44,0.0004407519218663369,0.0004407519218663369,0.00012214486198658392,0.0004407519218663369,,,,
1,[18],18,44,component_45,0.05806341176852521,0.05806341176852521,0.00012214486198658392,0.05806341176852521,,,,
1,[18],18,45,component_46,0.0005949535050534903,0.0005949535050534903,0.00012214486198658392,0.0005949535050534903,,,,
1,[18],18,46,component_47,0.0013042140346252828,0.0013042140346252828,0.00012214486198658392,0.0013042140346252828,,,,
1,[18],18,47,component_48,0.0006750663411498487,0.0006750663411498487,0.00012214486198658392,0.0006750663411498487,,,,
1,[18],18,48,component_49,0.00028399905386035926,0.00028399905386035926,0.00012214486198658392,0.00028399905386035926,,,,
1,[18],18,49,component_50,0.0037198276637893327,0.0037198276637893327,0.00012214486198658392,0.0037198276637893327,,,,
1,[18],18,50,component_51,0.0016785278739942194,0.0016785278739942194,0.00012214486198658392,0.0016785278739942194,,,,
1,[18],18,51,component_52,0.0023743407177654963,0.0023743407177654963,0.00012214486198658392,0.0023743407177654963,,,,
1,[18],18,52,component_53,0.0,-8.773520668215118e-05,0.00012214486198658392,0.0,,,,
1,[18],18,53,component_54,0.003288338234270086,0.003288338234270086,0.00012214486198658392,0.003288338234270086,,,,
1,[18],18,54,component_55,0.001089404225767185,0.001089404225767185,0.00012214486198658392,0.001089404225767185,,,,
1,[18],18,55,component_56,0.0013470466976477037,0.0013470466976477037,0.00012214486198658392,0.0013470466976477037,,,,
1,[18],18,56,component_57,0.027392079138466426,0.027392079138466426,0.00012214486198658392,0.027392079138466426,,,,
1,[18],18,57,component_58,0.017130028709949844,0.017130028709949844,0.00012214486198658392,0.017130028709949844,,,,
1,[18],18,58,component_59,0.01660526329129068,0.01660526329129068,0.00012214486198658392,0.01660526329129068,,,,
1,[18],18,59,component_60,0.0014726616295009617,0.0014726616295009617,0.00012214486198658392,0.0014726616295009617,,,,
1,[19],19,0,component_01,0.004427126578348789,0.004427126578348789,0.00012214486198658392,0.004427126578348789,,,,
1,[19],19,1,component_02,0.002378186329953689,0.002378186329953689,0.00012214486198658392,0.002378186329953689,,,,
1,[19],19,2,component_03,0.0005904579681728846,0.0005904579681728846,0.00012214486198658392,0.0005904579681728846,,,,
1,[19],19,3,component_04,0.0009362828283130815,0.0009362828283130815,0.00012214486198658392,0.0009362828283130815,,,,
1,[19],19,4,component_05,0.0005981713383189319,0.0005981713383189319,0.00012214486198658392,0.0005981713383189319,,,,
1,[19],19,5,component_06,0.0,-9.056991891428888e-05,0.00012214486198658392,0.0,,,,
1,[19],19,6,component_07,2.3224178737144517e-05,2.3224178737144517e-05,0.00012214486198658392,2.3224178737144517e-05,,,,
1,[19],19,7,component_08,0.002160132413104119,0.002160132413104119,0.00012214486198658392,0.002160132413104119,,,,
1,[19],19,8,component_09,0.008619112539816627,0.008619112539816627,0.00012214486198658392,0.008619112539816627,,,,
1,[19],19,9,component_10,0.0,-0.00012022206529836086,0.00012214486198658392,0.0,,,,
1,[19],19,10,component_11,0.0,-8.99716023502388e-05,0.00012214486198658392,0.0,,,,
1,[19],19,11,component_12,9.90491078645898e-06,9.90491078645898e-06,0.00012214486198658392,9.90491078645898e-06,,,,
1,[19],19,12,component_13,0.003048441833452643,0.003048441833452643,0.00012214486198658392,0.003048441833452643,,,,
1,[19],19,13,component_14,0.0009286783478358459,0.0009286783478358459,0.00012214486198658392,0.0009286783478358459,,,,
1,[19],19,14,component_15,0.0004909570891651997,0.0004909570891651997,0.00012214486198658392,0.0004909570891651997,,,,
1,[19],19,15,component_16,0.0018093770200270725,0.0018093770200270725,0.00012214486198658392,0.0018093770200270725,,,,
1,[19],19,16,component_17,0.0,-5.63817442920572e-05,0.00012214486198658392,0.0,,,,
1,[19],19,17,component_18,0.0008750741171494173,0.0008750741171494173,0.00012214486198658392,0.0008750741171494173,,,,
1,[19],19,18,component_19,0.00018899042392365843,0.00018899042392365843,0.00012214486198658392,0.00018899042392365843,,,,
1,[19],19,19,component_20,0.12191792423008166,0.12191792423008166,0.00012214486198658392,0.12191792423008166,,,,
1,[19],19,20,component_21,6.502262080022885e-05,6.502262080022885e-05,0.00012214486198658392,6.502262080022885e-05,,,,
1,[19],19,21,component_22,0.002292636875481539,0.002292636875481539,0.00012214486198658392,0.002292636875481539,,,,
1,[19],19,22,component_23,0.00017622583733593983,0.00017622583733593983,0.00012214486198658392,0.00017622583733593983,,,,
1,[19],19,23,component_24,0.0004327506939587548,0.0004327506939587548,0.00012214486198658392,0.0004327506939587548,,,,
1,[19],19,24,component_25,0.0,-7.934485419772123e-05,0.00012214486198658392,0.0,,,,
1,[19],19,25,component_26,0.0011844591638554818,0.0011844591638554818,0.00012214486198658392,0.0011844591638554818,,,,
1,[19],19,26,component_27,0.003542781424248304,0.003542781424248304,0.00012214486198658392,0.003542781424248304,,,,
1,[19],19,27,component_28,0.001240300214740856,0.001240300214740856,0.00012214486198658392,0.001240300214740856,,,,
1,[19],19,28,component_29,0.0030812943586368802,0.0030812943586368802,0.00012214486198658392,0.0030812943586368802,,,,
1,[19],19,29,component_30,0.004258731993914672,0.004258731993914672,0.00012214486198658392,0.004258731993914672,,,,
1,[19],19,30,component_31,0.001052403758724165,0.001052403758724165,0.00012214486198658392,0.001052403758724165,,,,
1,[19],19,31,component_32,0.0,-2.751896342346701e-05,0.00012214486198658392,0.0,,,,
1,[19],19,32,component_33,0.0011651502339756177,0.0011651502339756177,0.00012214486198658392,0.0011651502339756177,,,,
1,[19],19,33,component_34,0.0,-9.480257167222085e-05,0.00012214486198658392,0.0,,,,
1,[19],19,34,component_35,0.0025162319406257126,0.0025162319406257126,0.00012214486198658392,0.0025162319406257126,,,,
1,[19],19,35,component_36,0.00038767678232863167,0.00038767678232863167,0.00012214486198658392,0.00038767678232863167,,,,
1,[19],19,36,component_37,0.008965186975826968,0.008965186975826968,0.00012214486198658392,0.008965186975826968,,,,
1,[19],19,37,component_38,9.471321907196796e-05,9.471321907196796e-05,0.00012214486198658392,9.471321907196796e-05,,,,
1,[19],19,38,component_39,0.0,-1.137503047316817e-05,0.00012214486198658392,0.0,,,,
1,[19],19,39,component_40,0.0,-7.288926872006484e-05,0.00012214486198658392,0.0,,,,
1,[19],19,40,component_41,0.0,-0.00010709536144535631,0.00012214486198658392,0.0,,,,
1,[19],19,41,component_42,0.005016691304826673,0.005016691304826673,0.00012214486198658392,0.005016691304826673,,,,
1,[19],19,42,component_43,0.0013119630370911903,0.0013119630370911903,0.00012214486198658392,0.0013119630370911903,,,,
1,[19],19,43,component_44,0.0,-0.00012016860330679439,0.00012214486198658392,0.0,,,,
1,[19],19,44,component_45,0.0020272803561231824,0.0020272803561231824,0.00012214486198658392,0.0020272803561231824,,,,
1,[19],19,45,component_46,0.00015901173859579024,0.00015901173859579024,0.00012214486198658392,0.00015901173859579024,,,,
1,[19],19,46,component_47,0.00022169925748640438,0.00022169925748640438,0.00012214486198658392,0.00022169925748640438,,,,
1,[19],19,47,component_48,0.0004530597167620152,0.0004530597167620152,0.00012214486198658392,0.0004530597167620152,,,,
1,[19],19,48,component_49,0.0,-1.5885701418179765e-05,0.00012214486198658392,0.0,,,,
1,[19],19,49,component_50,0.0,-8.162356097117038e-05,0.00012214486198658392,0.0,,,,
1,[19],19,50,component_51,0.0046351595457937815,0.0046351595457937815,0.00012214486198658392,0.0046351595457937815,,,,
1,[19],19,51,component_52,0.0,-9.562581714533843e-05,0.00012214486198658392,0.0,,,,
1,[19],19,52,component_53,0.004437041874807826,0.004437041874807826,0.00012214486198658392,0.004437041874807826,,,,
1,[19],19,53,component_54,0.00020589622936930156,0.00020589622936930156,0.00012214486198658392,0.00020589622936930156,,,,
1,[19],19,54,component_55,0.00028236940630777565,0.00028236940630777565,0.00012214486198658392,0.00028236940630777565,,,,
1,[19],19,55,component_56,0.000759791303018427,0.000759791303018427,0.00012214486198658392,0.000759791303018427,,,,
1,[19],19,56,component_57,0.0011352653232406537,0.0011352653232406537,0.00012214486198658392,0.0011352653232406537,,,,
1,[19],19,57,component_58,2.78728332998376e-05,2.78728332998376e-05,0.00012214486198658392,2.78728332998376e-05,,,,
1,[19],19,58,component_59,0.0,-0.00011165960535579905,0.00012214486198658392,0.0,,,,
1,[19],19,59,component_60,0.005081057918532833,0.005081057918532833,0.00012214486198658392,0.005081057918532833,,,,
1,[20],20,0,component_01,0.0006927595444288425,0.0006927595444288425,0.00012214486198658392,0.0006927595444288425,,,,
1,[20],20,1,component_02,0.0001820659736258501,0.0001820659736258501,0.00012214486198658392,0.0001820659736258501,,,,
1,[20],20,2,component_03,0.0,-5.2985138769667356e-05,0.00012214486198658392,0.0,,,,
1,[20],20,3,component_04,0.0,-2.5584213777371826e-05,0.00012214486198658392,0.0,,,,
1,[20],20,4,component_05,0.001051525347566397,0.001051525347566397,0.00012214486198658392,0.001051525347566397,,,,
1,[20],20,5,component_06,0.0,-9.056360830374358e-05,0.00012214486198658392,0.0,,,,
1,[20],20,6,component_07,0.0024714359498975006,0.0024714359498975006,0.00012214486198658392,0.0024714359498975006,,,,
1,[20],20,7,component_08,0.002329157789273492,0.002329157789273492,0.00012214486198658392,0.002329157789273492,,,,
1,[20],20,8,component_09,0.000599870149866734,0.000599870149866734,0.00012214486198658392,0.000599870149866734,,,,
1,[20],20,9,component_10,0.0,-4.2327139704952295e-06,0.00012214486198658392,0.0,,,,
1,[20],20,10,component_11,0.0,-0.00010017879553978075,0.00012214486198658392,0.0,,,,
1,[20],20,11,component_12,0.002616177839667149,0.002616177839667149,0.00012214486198658392,0.002616177839667149,,,,
1,[20],20,12,component_13,0.00549790246983635,0.00549790246983635,0.00012214486198658392,0.00549790246983635,,,,
1,[20],20,13,component_14,0.0,-6.784020435151211e-05,0.00012214486198658392,0.0,,,,
1,[20],20,14,component_15,0.0,-0.00011951086675776482,0.00012214486198658392,0.0,,,,
1,[20],20,15,component_16,9.18930313323059e-06,9.18930313323059e-06,0.00012214486198658392,9.18930313323059e-06,,,,
1,[20],20,16,component_17,0.0,-0.00012123906748681928,0.00012214486198658392,0.0,,,,
1,[20],20,17,component_18,0.007237389222187752,0.007237389222187752,0.00012214486198658392,0.007237389222187752,,,,
1,[20],20,18,component_19,0.0,-3.339386178350816e-05,0.00012214486198658392,0.0,,,,
1,[20],20,19,component_20,0.00010848663752554248,0.00010848663752554248,0.00012214486198658392,0.00010848663752554248,,,,
1,[20],20,20,component_21,0.14482920761506377,0.14482920761506377,0.00012214486198658392,0.14482920761506377,,,,
1,[20],20,21,component_22,0.0,-0.00011927020221529869,0.00012214486198658392,0.0,,,,
1,[20],20,22,component_23,0.007589171295735125,0.007589171295735125,0.00012214486198658392,0.007589171295735125,,,,
1,[20],20,23,component_24,0.005341758458491619,0.005341758458491619,0.00012214486198658392,0.005341758458491619,,,,
1,[20],20,24,component_25,0.0016474598525274473,0.0016474598525274473,0.00012214486198658392,0.0016474598525274473,,,,
1,[20],20,25,component_26,0.0003796640942343749,0.0003796640942343749,0.00012214486198658392,0.0003796640942343749,,,,
1,[20],20,26,component_27,0.007095373681278445,0.007095373681278445,0.00012214486198658392,0.007095373681278445,,,,
1,[20],20,27,component_28,0.0003349311651181077,0.0003349311651181077,0.00012214486198658392,0.0003349311651181077,,,,
1,[20],20,28,component_29,0.0004845978676474933,0.0004845978676474933,0.00012214486198658392,0.0004845978676474933,,,,
1,[20],20,29,component_30,0.0015523537493012188,0.0015523537493012188,0.00012214486198658392,0.0015523537493012188,,,,
1,[20],20,30,component_31,0.0011482800557115068,0.0011482800557115068,0.00012214486198658392,0.0011482800557115068,,,,
1,[20],20,31,component_32,0.0,-8.54110234064499e-05,0.00012214486198658392,0.0,,,,
1,[20],20,32,component_33,0.003968995182632549,0.003968995182632549,0.00012214486198658392,0.003968995182632549,,,,
1,[20],20,33,component_34,0.0,-0.00011788491184335198,0.00012214486198658392,0.0,,,,
1,[20],20,34,component_35,0.008265212849521225,0.008265212849521225,0.00012214486198658392,0.008265212849521225,,,,
1,[20],20,35,component_36,0.000235072931381664,0.000235072931381664,0.00012214486198658392,0.000235072931381664,,,,
1,[20],20,36,component_37,0.0,-5.109328903498043e-05,0.00012214486198658392,0.0,,,,
1,[20],20,37,component_38,9.432500083793316e-05,9.432500083793316e-05,0.00012214486198658392,9.432500083793316e-05,,,,
1,[20],20,38,component_39,0.007422227798230581,0.007422227798230581,0.00012214486198658392,0.007422227798230581,,,,
1,[20],20,39,component_40,0.000372923295565523,0.000372923295565523,0.00012214486198658392,0.000372923295565523,,,,
1,[20],20,40,component_41,0.002537176796620036,0.002537176796620036,0.00012214486198658392,0.002537176796620036,,,,
1,[20],20,41,component_42,0.0,-7.655868169394682e-05,0.00012214486198658392,0.0,,,,
1,[20],20,42,component_43,0.00025897155538935564,0.00025897155538935564,0.00012214486198658392,0.00025897155538935564,,,,
1,[20],20,43,component_44,0.003247802984335028,0.003247802984335028,0.00012214486198658392,0.003247802984335028,,,,
1,[20],20,44,component_45,0.0003625614616655945,0.0003625614616655945,0.00012214486198658392,0.0003625614616655945,,,,
1,[20],20,45,component_46,0.0,-0.00011983089003614073,0.00012214486198658392,0.0,,,,
1,[20],20,46,component_47,0.002029335148746589,0.002029335148746589,0.00012214486198658392,0.002029335148746589,,,,
1,[20],20,47,component_48,0.003498889876424427,0.003498889876424427,0.00012214486198658392,0.003498889876424427,,,,
1,[20],20,48,component_49,0.0015473714775994356,0.0015473714775994356,0.00012214486198658392,0.0015473714775994356,,,,
1,[20],20,49,component_50,0.0011008264830790352,0.0011008264830790352,0.00012214486198658392,0.0011008264830790352,,,,
1,[20],20,50,component_51,0.0012603353932476259,0.0012603353932476259,0.00012214486198658392,0.0012603353932476259,,,,
1,[20],20,51,component_52,0.0,-2.1362206826764567e-05,0.00012214486198658392,0.0,,,,
1,[20],20,52,component_53,0.00019863950144568217,0.00019863950144568217,0.00012214486198658392,0.00019863950144568217,,,,
1,[20],20,53,component_54,0.0,-9.863444387902618e-05,0.00012214486198658392,0.0,,,,
1,[20],20,54,component_55,0.0,-9.920285100409421e-05,0.00012214486198658392,0.0,,,,
1,[20],20,55,component_56,0.0,-5.047219121208669e-05,0.00012214486198658392,0.0,,,,
1,[20],20,56,component_57,0.0022124560597696213,0.0022124560597696213,0.00012214486198658392,0.0022124560597696213,,,,
1,[20],20,57,component_58,0.00031666333475188963,0.00031666333475188963,0.00012214486198658392,0.00031666333475188963,,,,
1,[20],20,58,component_59,0.004046678091164586,0.004046678091164586,0.00012214486198658392,0.004046678091164586,,,,
1,[20],20,59,component_60,0.0014684362985046063,0.0014684362985046063,0.00012214486198658392,0.0014684362985046063,,,,
1,[21],21,0,component_01,0.0,-0.0001218287561484691,0.00012214486198658392,0.0,,,,
1,[21],21,1,component_02,0.0,-0.00011859152260544064,0.00012214486198658392,0.0,,,,
1,[21],21,2,component_03,0.0,-9.402754795712699e-05,0.00012214486198658392,0.0,,,,
1,[21],21,3,component_04,0.0,-6.433780298077492e-05,0.00012214486198658392,0.0,,,,
1,[21],21,4,component_05,0.0,-7.89436946048757e-05,0.00012214486198658392,0.0,,,,
1,[21],21,5,component_06,2.121563685174093e-05,2.121563685174093e-05,0.00012214486198658392,2.121563685174093e-05,,,,
1,[21],21,6,component_07,3.833494020459899e-05,3.833494020459899e-05,0.00012214486198658392,3.833494020459899e-05,,,,
1,[21],21,7,component_08,0.002736366645718815,0.002736366645718815,0.00012214486198658392,0.002736366645718815,,,,
1,[21],21,8,component_09,0.0,-9.430261440735336e-05,0.00012214486198658392,0.0,,,,
1,[21],21,9,component_10,0.0015130737869401163,0.0015130737869401163,0.00012214486198658392,0.0015130737869401163,,,,
1,[21],21,10,component_11,0.0015622105362273716,0.0015622105362273716,0.00012214486198658392,0.0015622105362273716,,,,
1,[21],21,11,component_12,0.0049792481135484245,0.0049792481135484245,0.00012214486198658392,0.0049792481135484245,,,,
1,[21],21,12,component_13,0.0,-0.00012004992583735213,0.00012214486198658392,0.0,,,,
1,[21],21,13,component_14,0.00012301068380064092,0.00012301068380064092,0.00012214486198658392,0.00012301068380064092,,,,
1,[21],21,14,component_15,0.0019665152726805113,0.0019665152726805113,0.00012214486198658392,0.0019665152726805113,,,,
1,[21],21,15,component_16,0.0009874158873758572,0.0009874158873758572,0.00012214486198658392,0.0009874158873758572,,,,
1,[21],21,16,component_17,0.003650857332019086,0.003650857332019086,0.00012214486198658392,0.003650857332019086,,,,
1,[21],21,17,component_18,0.0009804664967315883,0.0009804664967315883,0.00012214486198658392,0.0009804664967315883,,,,
1,[21],21,18,component_19,0.001283433859088319,0.001283433859088319,0.00012214486198658392,0.001283433859088319,,,,
1,[21],21,19,component_20,0.005691841822248396,0.005691841822248396,0.00012214486198658392,0.005691841822248396,,,,
1,[21],21,20,component_21,0.0020019854996212376,0.0020019854996212376,0.00012214486198658392,0.0020019854996212376,,,,
1,[21],21,21,component_22,0.1781262872957481,0.1781262872957481,0.00012214486198658392,0.1781262872957481,,,,
1,[21],21,22,component_23,0.006647077941347381,0.006647077941347381,0.00012214486198658392,0.006647077941347381,,,,
1,[21],21,23,component_24,0.001109043804072802,0.001109043804072802,0.00012214486198658392,0.001109043804072802,,,,
1,[21],21,24,component_25,3.4216813845164274e-05,3.4216813845164274e-05,0.00012214486198658392,3.4216813845164274e-05,,,,
1,[21],21,25,component_26,0.00045866909559836043,0.00045866909559836043,0.00012214486198658392,0.00045866909559836043,,,,
1,[21],21,26,component_27,0.0,-9.131950364812892e-05,0.00012214486198658392,0.0,,,,
1,[21],21,27,component_28,0.01973341570622294,0.01973341570622294,0.00012214486198658392,0.01973341570622294,,,,
1,[21],21,28,component_29,0.0010412180105807472,0.0010412180105807472,0.00012214486198658392,0.0010412180105807472,,,,
1,[21],21,29,component_30,0.010144855906872686,0.010144855906872686,0.00012214486198658392,0.010144855906872686,,,,
1,[21],21,30,component_31,0.0017643857182418467,0.0017643857182418467,0.00012214486198658392,0.0017643857182418467,,,,
1,[21],21,31,component_32,0.013997663633510685,0.013997663633510685,0.00012214486198658392,0.013997663633510685,,,,
1,[21],21,32,component_33,0.005716888463033498,0.005716888463033498,0.00012214486198658392,0.005716888463033498,,,,
1,[21],21,33,component_34,0.002351626524348007,0.002351626524348007,0.00012214486198658392,0.002351626524348007,,,,
1,[21],21,34,component_35,0.00016845473933909687,0.00016845473933909687,0.00012214486198658392,0.00016845473933909687,,,,
1,[21],21,35,component_36,0.0,-9.44832590884642e-05,0.00012214486198658392,0.0,,,,
1,[21],21,36,component_37,0.005158112331532224,0.005158112331532224,0.00012214486198658392,0.005158112331532224,,,,
1,[21],21,37,component_38,6.55457429823128e-05,6.55457429823128e-05,0.00012214486198658392,6.55457429823128e-05,,,,
1,[21],21,38,component_39,0.0008416741072185572,0.0008416741072185572,0.00012214486198658392,0.0008416741072185572,,,,
1,[21],21,39,component_40,0.00019352467868694834,0.00019352467868694834,0.00012214486198658392,0.00019352467868694834,,,,
1,[21],21,40,component_41,0.00020184000859856167,0.00020184000859856167,0.00012214486198658392,0.00020184000859856167,,,,
1,[21],21,41,component_42,0.0015554481142175509,0.0015554481142175509,0.00012214486198658392,0.0015554481142175509,,,,
1,[21],21,42,component_43,0.002478809062036816,0.002478809062036816,0.00012214486198658392,0.002478809062036816,,,,
1,[21],21,43,component_44,0.011361866410329621,0.011361866410329621,0.00012214486198658392,0.011361866410329621,,,,
1,[21],21,44,component_45,0.0022254455834703067,0.0022254455834703067,0.00012214486198658392,0.0022254455834703067,,,,
1,[21],21,45,component_46,1.816297424927718e-05,1.816297424927718e-05,0.00012214486198658392,1.816297424927718e-05,,,,
1,[21],21,46,component_47,0.0023308178753534453,0.0023308178753534453,0.00012214486198658392,0.0023308178753534453,,,,
1,[21],21,47,component_48,0.0005666641304190537,0.0005666641304190537,0.00012214486198658392,0.0005666641304190537,,,,
1,[21],21,48,component_49,0.0001236796174294646,0.0001236796174294646,0.00012214486198658392,0.0001236796174294646,,,,
1,[21],21,49,component_50,0.00033745668455363435,0.00033745668455363435,0.00012214486198658392,0.00033745668455363435,,,,
1,[21],21,50,component_51,0.0006839149790197493,0.0006839149790197493,0.00012214486198658392,0.0006839149790197493,,,,
1,[21],21,51,component_52,0.012165350517084053,0.012165350517084053,0.00012214486198658392,0.012165350517084053,,,,
1,[21],21,52,component_53,0.0,-7.502180226333737e-05,0.00012214486198658392,0.0,,,,
1,[21],21,53,component_54,1.2473898784439656e-06,1.2473898784439656e-06,0.00012214486198658392,1.2473898784439656e-06,,,,
1,[21],21,54,component_55,0.0014187085002982515,0.0014187085002982515,0.00012214486198658392,0.0014187085002982515,,,,
1,[21],21,55,component_56,0.0,-0.00011211350870681189,0.00012214486198658392,0.0,,,,
1,[21],21,56,component_57,0.00024126428411866069,0.00024126428411866069,0.00012214486198658392,0.00024126428411866069,,,,
1,[21],21,57,component_58,0.0011644376136057807,0.0011644376136057807,0.00012214486198658392,0.0011644376136057807,,,,
1,[21],21,58,component_59,0.0003143190984019053,0.0003143190984019053,0.00012214486198658392,0.0003143190984019053,,,,
1,[21],21,59,component_60,0.0,-2.8805889067802607e-05,0.00012214486198658392,0.0,,,,
1,[22],22,0,component_01,0.0009058822138154771,0.0009058822138154771,0.00012214486198658392,0.0009058822138154771,,,,
1,[22],22,1,component_02,0.0002834611975024168,0.0002834611975024168,0.00012214486198658392,0.0002834611975024168,,,,
1,[22],22,2,component_03,0.00018762744467552847,0.00018762744467552847,0.00012214486198658392,0.00018762744467552847,,,,
1,[22],22,3,component_04,0.00471831451321199,0.00471831451321199,0.00012214486198658392,0.00471831451321199,,,,
1,[22],22,4,component_05,0.0,-6.06555935825991e-06,0.00012214486198658392,0.0,,,,
1,[22],22,5,component_06,0.0004584866937115801,0.0004584866937115801,0.00012214486198658392,0.0004584866937115801,,,,
1,[22],22,6,component_07,0.002567330337143567,0.002567330337143567,0.00012214486198658392,0.002567330337143567,,,,
1,[22],22,7,component_08,0.0,-4.057920373852023e-05,0.00012214486198658392,0.0,,,,
1,[22],22,8,component_09,0.0017884606181113917,0.0017884606181113917,0.00012214486198658392,0.0017884606181113917,,,,
1,[22],22,9,component_10,0.025704665352195153,0.025704665352195153,0.00012214486198658392,0.025704665352195153,,,,
1,[22],22,10,component_11,0.0011455141105589802,0.0011455141105589802,0.00012214486198658392,0.0011455141105589802,,,,
1,[22],22,11,component_12,0.0034334931567253676,0.0034334931567253676,0.00012214486198658392,0.0034334931567253676,,,,
1,[22],22,12,component_13,0.0,-2.6849226773618723e-06,0.00012214486198658392,0.0,,,,
1,[22],22,13,component_14,0.0005221072932258525,0.0005221072932258525,0.00012214486198658392,0.0005221072932258525,,,,
1,[22],22,14,component_15,0.003239086435380266,0.003239086435380266,0.00012214486198658392,0.003239086435380266,,,,
1,[22],22,15,component_16,0.0,-7.834765998344039e-05,0.00012214486198658392,0.0,,,,
1,[22],22,16,component_17,0.0,-5.921164567893115e-05,0.00012214486198658392,0.0,,,,
1,[22],22,17,component_18,0.005081363251090473,0.005081363251090473,0.00012214486198658392,0.005081363251090473,,,,
1,[22],22,18,component_19,0.001388071971638221,0.001388071971638221,0.00012214486198658392,0.001388071971638221,,,,
1,[22],22,19,component_20,0.0,-5.5532665294984315e-05,0.00012214486198658392,0.0,,,,
1,[22],22,20,component_21,2.0151649463324013e-05,2.0151649463324013e-05,0.00012214486198658392,2.0151649463324013e-05,,,,
1,[22],22,21,component_22,0.002640496110136996,0.002640496110136996,0.00012214486198658392,0.002640496110136996,,,,
1,[22],22,22,component_23,0.17238647370084026,0.17238647370084026,0.00012214486198658392,0.17238647370084026,,,,
1,[22],22,23,component_24,0.002509139598824971,0.002509139598824971,0.00012214486198658392,0.002509139598824971,,,,
1,[22],22,24,component_25,0.007356817195024236,0.007356817195024236,0.00012214486198658392,0.007356817195024236,,,,
1,[22],22,25,component_26,0.00038345122312720707,0.00038345122312720707,0.00012214486198658392,0.00038345122312720707,,,,
1,[22],22,26,component_27,0.0006959526591315192,0.0006959526591315192,0.00012214486198658392,0.0006959526591315192,,,,
1,[22],22,27,component_28,0.003232022200346082,0.003232022200346082,0.00012214486198658392,0.003232022200346082,,,,
1,[22],22,28,component_29,1.4390255113655627e-05,1.4390255113655627e-05,0.00012214486198658392,1.4390255113655627e-05,,,,
1,[22],22,29,component_30,0.002195184297559714,0.002195184297559714,0.00012214486198658392,0.002195184297559714,,,,
1,[22],22,30,component_31,0.0013857800927757993,0.0013857800927757993,0.00012214486198658392,0.0013857800927757993,,,,
1,[22],22,31,component_32,0.0008728510596180926,0.0008728510596180926,0.00012214486198658392,0.0008728510596180926,,,,
1,[22],22,32,component_33,0.0,-0.0001152765896641103,0.00012214486198658392,0.0,,,,
1,[22],22,33,component_34,0.015523364031282738,0.015523364031282738,0.00012214486198658392,0.015523364031282738,,,,
1,[22],22,34,component_35,0.0049278833726578005,0.0049278833726578005,0.00012214486198658392,0.0049278833726578005,,,,
1,[22],22,35,component_36,0.00358984371029461,0.00358984371029461,0.00012214486198658392,0.00358984371029461,,,,
1,[22],22,36,component_37,0.00026931143623307136,0.00026931143623307136,0.00012214486198658392,0.00026931143623307136,,,,
1,[22],22,37,component_38,0.0019155481422663883,0.0019155481422663883,0.00012214486198658392,0.0019155481422663883,,,,
1,[22],22,38,component_39,0.0007565687905158327,0.0007565687905158327,0.00012214486198658392,0.0007565687905158327,,,,
1,[22],22,39,component_40,0.002383243792171013,0.002383243792171013,0.00012214486198658392,0.002383243792171013,,,,
1,[22],22,40,component_41,0.0,-5.296280187285727e-05,0.00012214486198658392,0.0,,,,
1,[22],22,41,component_42,0.0,-0.00010096866165957636,0.00012214486198658392,0.0,,,,
1,[22],22,42,component_43,0.0,-3.1760330320501563e-06,0.00012214486198658392,0.0,,,,
1,[22],22,43,component_44,6.429323304113084e-05,6.429323304113084e-05,0.00012214486198658392,6.429323304113084e-05,,,,
1,[22],22,44,component_45,0.0005519495572941545,0.0005519495572941545,0.00012214486198658392,0.0005519495572941545,,,,
1,[22],22,45,component_46,0.0049972083711977335,0.0049972083711977335,0.00012214486198658392,0.0049972083711977335,,,,
1,[22],22,46,component_47,0.005080760706977327,0.005080760706977327,0.00012214486198658392,0.005080760706977327,,,,
1,[22],22,47,component_48,0.004380601681317834,0.004380601681317834,0.00012214486198658392,0.004380601681317834,,,,
1,[22],22,48,component_49,0.003534267551256333,0.003534267551256333,0.00012214486198658392,0.003534267551256333,,,,
1,[22],22,49,component_50,0.0,-0.0001212393771718262,0.00012214486198658392,0.0,,,,
1,[22],22,50,component_51,0.0009369024933603715,0.0009369024933603715,0.00012214486198658392,0.0009369024933603715,,,,
1,[22],22,51,component_52,4.203210790166217e-05,4.203210790166217e-05,0.00012214486198658392,4.203210790166217e-05,,,,
1,[22],22,52,component_53,0.0,-8.627420306248006e-05,0.00012214486198658392,0.0,,,,
1,[22],22,53,component_54,0.0031848690480865646,0.0031848690480865646,0.00012214486198658392,0.0031848690480865646,,,,
1,[22],22,54,component_55,0.0002137658208711771,0.0002137658208711771,0.00012214486198658392,0.0002137658208711771,,,,
1,[22],22,55,component_56,0.0,-4.7378081729667e-05,0.00012214486198658392,0.0,,,,
1,[22],22,56,component_57,0.001217536205587671,0.001217536205587671,0.00012214486198658392,0.001217536205587671,,,,
1,[22],22,57,component_58,0.0005698157974395324,0.0005698157974395324,0.00012214486198658392,0.0005698157974395324,,,,
1,[22],22,58,component_59,8.834870171810878e-05,8.834870171810878e-05,0.00012214486198658392,8.834870171810878e-05,,,,
1,[22],22,59,component_60,0.01092483219416076,0.01092483219416076,0.00012214486198658392,0.01092483219416076,,,,
1,[23],23,0,component_01,0.00026062442275669493,0.00026062442275669493,0.00012214486198658392,0.00026062442275669493,,,,
1,[23],23,1,component_02,0.0,-6.688194866855764e-05,0.00012214486198658392,0.0,,,,
1,[23],23,2,component_03,0.0001754008460272744,0.0001754008460272744,0.00012214486198658392,0.0001754008460272744,,,,
1,[23],23,3,component_04,0.0,-3.86538268329263e-05,0.00012214486198658392,0.0,,,,
1,[23],23,4,component_05,0.002452353282632395,0.002452353282632395,0.00012214486198658392,0.002452353282632395,,,,
1,[23],23,5,component_06,0.00040019415356486475,0.00040019415356486475,0.00012214486198658392,0.00040019415356486475,,,,
1,[23],23,6,component_07,0.0017890720295017939,0.0017890720295017939,0.00012214486198658392,0.0017890720295017939,,,,
1,[23],23,7,component_08,0.0026038973077338176,0.0026038973077338176,0.00012214486198658392,0.0026038973077338176,,,,
1,[23],23,8,component_09,0.004892463921130812,0.004892463921130812,0.00012214486198658392,0.004892463921130812,,,,
1,[23],23,9,component_10,0.002476051413889932,0.002476051413889932,0.00012214486198658392,0.002476051413889932,,,,
1,[23],23,10,component_11,0.0015127699633398339,0.0015127699633398339,0.00012214486198658392,0.0015127699633398339,,,,
1,[23],23,11,component_12,0.00030943579643956257,0.00030943579643956257,0.00012214486198658392,0.00030943579643956257,,,,
1,[23],23,12,component_13,0.0,-0.0001068238757687329,0.00012214486198658392,0.0,,,,
1,[23],23,13,component_14,0.002516018932101054,0.002516018932101054,0.00012214486198658392,0.002516018932101054,,,,
1,[23],23,14,component_15,0.009002984304487795,0.009002984304487795,0.00012214486198658392,0.009002984304487795,,,,
1,[23],23,15,component_16,0.0006034564308621836,0.0006034564308621836,0.00012214486198658392,0.0006034564308621836,,,,
1,[23],23,16,component_17,0.0,-9.117180912932693e-05,0.00012214486198658392,0.0,,,,
1,[23],23,17,component_18,0.0,-1.7250164445002414e-05,0.00012214486198658392,0.0,,,,
1,[23],23,18,component_19,0.00034726430046828644,0.00034726430046828644,0.00012214486198658392,0.00034726430046828644,,,,
1,[23],23,19,component_20,0.0005059186266860808,0.0005059186266860808,0.00012214486198658392,0.0005059186266860808,,,,
1,[23],23,20,component_21,0.0,-0.00012090832513915947,0.00012214486198658392,0.0,,,,
1,[23],23,21,component_22,0.0,-7.325991258082045e-05,0.00012214486198658392,0.0,,,,
1,[23],23,22,component_23,9.38328156798994e-06,9.38328156798994e-06,0.00012214486198658392,9.38328156798994e-06,,,,
1,[23],23,23,component_24,0.24434839781889256,0.24434839781889256,0.00012214486198658392,0.24434839781889256,,,,
1,[23],23,24,component_25,0.0013968248172801432,0.0013968248172801432,0.00012214486198658392,0.0013968248172801432,,,,
1,[23],23,25,component_26,0.004429872194826014,0.004429872194826014,0.00012214486198658392,0.004429872194826014,,,,
1,[23],23,26,component_27,0.0,-9.285295667901553e-05,0.00012214486198658392,0.0,,,,
1,[23],23,27,component_28,0.0005795030396551314,0.0005795030396551314,0.00012214486198658392,0.0005795030396551314,,,,
1,[23],23,28,component_29,6.261535455748802e-05,6.261535455748802e-05,0.00012214486198658392,6.261535455748802e-05,,,,
1,[23],23,29,component_30,9.01241688809463e-06,9.01241688809463e-06,0.00012214486198658392,9.01241688809463e-06,,,,
1,[23],23,30,component_31,0.006382347141821126,0.006382347141821126,0.00012214486198658392,0.006382347141821126,,,,
1,[23],23,31,component_32,0.0,-0.00011909911444490075,0.00012214486198658392,0.0,,,,
1,[23],23,32,component_33,3.229334483674954e-05,3.229334483674954e-05,0.00012214486198658392,3.229334483674954e-05,,,,
1,[23],23,33,component_34,0.0002525203008591117,0.0002525203008591117,0.00012214486198658392,0.0002525203008591117,,,,
1,[23],23,34,component_35,0.0012572013696856054,0.0012572013696856054,0.00012214486198658392,0.0012572013696856054,,,,
1,[23],23,35,component_36,0.0025032515657982058,0.0025032515657982058,0.00012214486198658392,0.0025032515657982058,,,,
1,[23],23,36,component_37,0.0003590729926408549,0.0003590729926408549,0.00012214486198658392,0.0003590729926408549,,,,
1,[23],23,37,component_38,0.008861506606101018,0.008861506606101018,0.00012214486198658392,0.008861506606101018,,,,
1,[23],23,38,component_39,0.006563806834278391,0.006563806834278391,0.00012214486198658392,0.006563806834278391,,,,
1,[23],23,39,component_40,0.000588041901580213,0.000588041901580213,0.00012214486198658392,0.000588041901580213,,,,
1,[23],23,40,component_41,0.0021303719948560064,0.0021303719948560064,0.00012214486198658392,0.0021303719948560064,,,,
1,[23],23,41,component_42,0.001061511966241133,0.001061511966241133,0.00012214486198658392,0.001061511966241133,,,,
1,[23],23,42,component_43,0.00338183559075036,0.00338183559075036,0.00012214486198658392,0.00338183559075036,,,,
1,[23],23,43,component_44,0.0,-0.0001187746165158365,0.00012214486198658392,0.0,,,,
1,[23],23,44,component_45,0.0007601219188115926,0.0007601219188115926,0.00012214486198658392,0.0007601219188115926,,,,
1,[23],23,45,component_46,0.01197550350954511,0.01197550350954511,0.00012214486198658392,0.01197550350954511,,,,
1,[23],23,46,component_47,0.0,-4.4541153445339625e-05,0.00012214486198658392,0.0,,,,
1,[23],23,47,component_48,0.007753693005016897,0.007753693005016897,0.00012214486198658392,0.007753693005016897,,,,
1,[23],23,48,component_49,0.006550117280160628,0.006550117280160628,0.00012214486198658392,0.006550117280160628,,,,
1,[23],23,49,component_50,0.0002380893316272116,0.0002380893316272116,0.00012214486198658392,0.0002380893316272116,,,,
1,[23],23,50,component_51,0.005997369134354899,0.005997369134354899,0.00012214486198658392,0.005997369134354899,,,,
1,[23],23,51,component_52,0.00018914238478797034,0.00018914238478797034,0.00012214486198658392,0.00018914238478797034,,,,
1,[23],23,52,component_53,0.0031979845679895786,0.0031979845679895786,0.00012214486198658392,0.0031979845679895786,,,,
1,[23],23,53,component_54,0.0010238686097814424,0.0010238686097814424,0.00012214486198658392,0.0010238686097814424,,,,
1,[23],23,54,component_55,0.001139509772236346,0.001139509772236346,0.00012214486198658392,0.001139509772236346,,,,
1,[23],23,55,component_56,0.0066159777376788844,0.0066159777376788844,0.00012214486198658392,0.0066159777376788844,,,,
1,[23],23,56,component_57,5.6670203851497e-05,5.6670203851497e-05,0.00012214486198658392,5.6670203851497e-05,,,,
1,[23],23,57,component_58,0.0015155702392964801,0.0015155702392964801,0.00012214486198658392,0.0015155702392964801,,,,
1,[23],23,58,component_59,0.004637808043457363,0.004637808043457363,0.00012214486198658392,0.004637808043457363,,,,
1,[23],23,59,component_60,0.0,-7.946626600215475e-05,0.00012214486198658392,0.0,,,,
1,[24],24,0,component_01,0.012714177143661938,0.012714177143661938,0.00012214486198658392,0.012714177143661938,,,,
1,[24],24,1,component_02,0.02443593398105098,0.02443593398105098,0.00012214486198658392,0.02443593398105098,,,,
1,[24],24,2,component_03,0.015795314117714555,0.015795314117714555,0.00012214486198658392,0.015795314117714555,,,,
1,[24],24,3,component_04,0.004689133001029773,0.004689133001029773,0.00012214486198658392,0.004689133001029773,,,,
1,[24],24,4,component_05,0.0002087041392626967,0.0002087041392626967,0.00012214486198658392,0.0002087041392626967,,,,
1,[24],24,5,component_06,0.0005224229765105456,0.0005224229765105456,0.00012214486198658392,0.0005224229765105456,,,,
1,[24],24,6,component_07,0.017092565175966874,0.017092565175966874,0.00012214486198658392,0.017092565175966874,,,,
1,[24],24,7,component_08,0.01815729330376288,0.01815729330376288,0.00012214486198658392,0.01815729330376288,,,,
1,[24],24,8,component_09,0.007442389571090563,0.007442389571090563,0.00012214486198658392,0.007442389571090563,,,,
1,[24],24,9,component_10,0.0005492787143869754,0.0005492787143869754,0.00012214486198658392,0.0005492787143869754,,,,
1,[24],24,10,component_11,0.014567607759515567,0.014567607759515567,0.00012214486198658392,0.014567607759515567,,,,
1,[24],24,11,component_12,0.00023780293231116497,0.00023780293231116497,0.00012214486198658392,0.00023780293231116497,,,,
1,[24],24,12,component_13,0.01973838041760359,0.01973838041760359,0.00012214486198658392,0.01973838041760359,,,,
1,[24],24,13,component_14,0.0018813035829087928,0.0018813035829087928,0.00012214486198658392,0.0018813035829087928,,,,
1,[24],24,14,component_15,0.06801066370870079,0.06801066370870079,0.00012214486198658392,0.06801066370870079,,,,
1,[24],24,15,component_16,0.007201771833112285,0.007201771833112285,0.00012214486198658392,0.007201771833112285,,,,
1,[24],24,16,component_17,0.0,-0.00011962951357113611,0.00012214486198658392,0.0,,,,
1,[24],24,17,component_18,0.012825052127203085,0.012825052127203085,0.00012214486198658392,0.012825052127203085,,,,
1,[24],24,18,component_19,0.0014348058147507644,0.0014348058147507644,0.00012214486198658392,0.0014348058147507644,,,,
1,[24],24,19,component_20,5.557671945466961e-06,5.557671945466961e-06,0.00012214486198658392,5.557671945466961e-06,,,,
1,[24],24,20,component_21,0.00017647562514169784,0.00017647562514169784,0.00012214486198658392,0.00017647562514169784,,,,
1,[24],24,21,component_22,0.0015952438256461214,0.0015952438256461214,0.00012214486198658392,0.0015952438256461214,,,,
1,[24],24,22,component_23,0.009478081271738069,0.009478081271738069,0.00012214486198658392,0.009478081271738069,,,,
1,[24],24,23,component_24,0.007778912782449842,0.007778912782449842,0.00012214486198658392,0.007778912782449842,,,,
1,[24],24,24,component_25,0.2645892489973177,0.2645892489973177,0.00012214486198658392,0.2645892489973177,,,,
1,[24],24,25,component_26,0.0,-0.00011555672346749024,0.00012214486198658392,0.0,,,,
1,[24],24,26,component_27,0.003502310489787496,0.003502310489787496,0.00012214486198658392,0.003502310489787496,,,,
1,[24],24,27,component_28,0.0,-7.358424624455938e-06,0.00012214486198658392,0.0,,,,
1,[24],24,28,component_29,0.00047434204981464513,0.00047434204981464513,0.00012214486198658392,0.00047434204981464513,,,,
1,[24],24,29,component_30,0.00023024064992112732,0.00023024064992112732,0.00012214486198658392,0.00023024064992112732,,,,
1,[24],24,30,component_31,0.002255340938535415,0.002255340938535415,0.00012214486198658392,0.002255340938535415,,,,
1,[24],24,31,component_32,0.0,-0.00011633928972760462,0.00012214486198658392,0.0,,,,
1,[24],24,32,component_33,0.0013508103343610467,0.0013508103343610467,0.00012214486198658392,0.0013508103343610467,,,,
1,[24],24,33,component_34,0.030933682307268555,0.030933682307268555,0.00012214486198658392,0.030933682307268555,,,,
1,[24],24,34,component_35,0.0032755270035173746,0.0032755270035173746,0.00012214486198658392,0.0032755270035173746,,,,
1,[24],24,35,component_36,0.00037306898635042066,0.00037306898635042066,0.00012214486198658392,0.00037306898635042066,,,,
1,[24],24,36,component_37,7.812922783855198e-05,7.812922783855198e-05,0.00012214486198658392,7.812922783855198e-05,,,,
1,[24],24,37,component_38,0.011339346713628115,0.011339346713628115,0.00012214486198658392,0.011339346713628115,,,,
1,[24],24,38,component_39,0.004254817493219116,0.004254817493219116,0.00012214486198658392,0.004254817493219116,,,,
1,[24],24,39,component_40,0.004695460651509225,0.004695460651509225,0.00012214486198658392,0.004695460651509225,,,,
1,[24],24,40,component_41,0.004857022710305079,0.004857022710305079,0.00012214486198658392,0.004857022710305079,,,,
1,[24],24,41,component_42,0.004896432288886514,0.004896432288886514,0.00012214486198658392,0.004896432288886514,,,,
1,[24],24,42,component_43,0.0,-2.9738254137679887e-05,0.00012214486198658392,0.0,,,,
1,[24],24,43,component_44,0.0,-0.00010978097175104578,0.00012214486198658392,0.0,,,,
1,[24],24,44,component_45,0.0014818744883788792,0.0014818744883788792,0.00012214486198658392,0.0014818744883788792,,,,
1,[24],24,45,component_46,0.0004145036858660765,0.0004145036858660765,0.00012214486198658392,0.0004145036858660765,,,,
1,[24],24,46,component_47,0.007138454938245974,0.007138454938245974,0.00012214486198658392,0.007138454938245974,,,,
1,[24],24,47,component_48,3.420346937295615e-05,3.420346937295615e-05,0.00012214486198658392,3.420346937295615e-05,,,,
1,[24],24,48,component_49,0.00027864008339328265,0.00027864008339328265,0.00012214486198658392,0.00027864008339328265,,,,
1,[24],24,49,component_50,0.0,-0.00012058398660111532,0.00012214486198658392,0.0,,,,
1,[24],24,50,component_51,0.0037115417275850873,0.0037115417275850873,0.00012214486198658392,0.0037115417275850873,,,,
1,[24],24,51,component_52,0.0060822381610495645,0.0060822381610495645,0.00012214486198658392,0.0060822381610495645,,,,
1,[24],24,52,component_53,0.0018274232507808047,0.0018274232507808047,0.00012214486198658392,0.0018274232507808047,,,,
1,[24],24,53,component_54,0.0034357111647612608,0.0034357111647612608,0.00012214486198658392,0.0034357111647612608,,,,
1,[24],24,54,component_55,0.0035162028440699575,0.0035162028440699575,0.00012214486198658392,0.0035162028440699575,,,,
1,[24],24,55,component_56,0.007714481356227899,0.007714481356227899,0.00012214486198658392,0.007714481356227899,,,,
1,[24],24,56,component_57,0.0010156769932179613,0.0010156769932179613,0.00012214486198658392,0.0010156769932179613,,,,
1,[24],24,57,component_58,0.00020441805275613406,0.00020441805275613406,0.00012214486198658392,0.00020441805275613406,,,,
1,[24],24,58,component_59,5.951179559273199e-05,5.951179559273199e-05,0.00012214486198658392,5.951179559273199e-05,,,,
1,[24],24,59,component_60,0.0002954494173764456,0.0002954494173764456,0.00012214486198658392,0.0002954494173764456,,,,
1,[25],25,0,component_01,0.001228297684115361,0.001228297684115361,0.00012214486198658392,0.001228297684115361,,,,
1,[25],25,1,component_02,8.776462030412626e-05,8.776462030412626e-05,0.00012214486198658392,8.776462030412626e-05,,,,
1,[25],25,2,component_03,0.0,-1.3913788533292482e-05,0.00012214486198658392,0.0,,,,
1,[25],25,3,component_04,0.0,-2.114882670646993e-05,0.00012214486198658392,0.0,,,,
1,[25],25,4,component_05,0.0006238096666657427,0.0006238096666657427,0.00012214486198658392,0.0006238096666657427,,,,
1,[25],25,5,component_06,0.0022749032706274657,0.0022749032706274657,0.00012214486198658392,0.0022749032706274657,,,,
1,[25],25,6,component_07,0.0008642162755614496,0.0008642162755614496,0.00012214486198658392,0.0008642162755614496,,,,
1,[25],25,7,component_08,0.008892833788577114,0.008892833788577114,0.00012214486198658392,0.008892833788577114,,,,
1,[25],25,8,component_09,0.00047139209792384525,0.00047139209792384525,0.00012214486198658392,0.00047139209792384525,,,,
1,[25],25,9,component_10,0.0,-7.679474682354377e-05,0.00012214486198658392,0.0,,,,
1,[25],25,10,component_11,0.004161630057528216,0.004161630057528216,0.00012214486198658392,0.004161630057528216,,,,
1,[25],25,11,component_12,0.001474947110547398,0.001474947110547398,0.00012214486198658392,0.001474947110547398,,,,
1,[25],25,12,component_13,0.00366219585135261,0.00366219585135261,0.00012214486198658392,0.00366219585135261,,,,
1,[25],25,13,component_14,0.0032022200793323284,0.0032022200793323284,0.00012214486198658392,0.0032022200793323284,,,,
1,[25],25,14,component_15,0.0022308878225216736,0.0022308878225216736,0.00012214486198658392,0.0022308878225216736,,,,
1,[25],25,15,component_16,0.004866679650065133,0.004866679650065133,0.00012214486198658392,0.004866679650065133,,,,
1,[25],25,16,component_17,0.0034165109695730427,0.0034165109695730427,0.00012214486198658392,0.0034165109695730427,,,,
1,[25],25,17,component_18,0.010859518045315146,0.010859518045315146,0.00012214486198658392,0.010859518045315146,,,,
1,[25],25,18,component_19,0.001648695353864032,0.001648695353864032,0.00012214486198658392,0.001648695353864032,,,,
1,[25],25,19,component_20,0.00018036652009251468,0.00018036652009251468,0.00012214486198658392,0.00018036652009251468,,,,
1,[25],25,20,component_21,0.001918051254966887,0.001918051254966887,0.00012214486198658392,0.001918051254966887,,,,
1,[25],25,21,component_22,0.008299476902676402,0.008299476902676402,0.00012214486198658392,0.008299476902676402,,,,
1,[25],25,22,component_23,4.746584882643382e-05,4.746584882643382e-05,0.00012214486198658392,4.746584882643382e-05,,,,
1,[25],25,23,component_24,0.001326025881208518,0.001326025881208518,0.00012214486198658392,0.001326025881208518,,,,
1,[25],25,24,component_25,0.004454770554624261,0.004454770554624261,0.00012214486198658392,0.004454770554624261,,,,
1,[25],25,25,component_26,0.15431173743579352,0.15431173743579352,0.00012214486198658392,0.15431173743579352,,,,
1,[25],25,26,component_27,0.00024137355840440276,0.00024137355840440276,0.00012214486198658392,0.00024137355840440276,,,,
1,[25],25,27,component_28,0.0030605030187844367,0.0030605030187844367,0.00012214486198658392,0.0030605030187844367,,,,
1,[25],25,28,component_29,0.0006261714708311745,0.0006261714708311745,0.00012214486198658392,0.0006261714708311745,,,,
1,[25],25,29,component_30,8.787231906403728e-05,8.787231906403728e-05,0.00012214486198658392,8.787231906403728e-05,,,,
1,[25],25,30,component_31,0.0029776530776583774,0.0029776530776583774,0.00012214486198658392,0.0029776530776583774,,,,
1,[25],25,31,component_32,0.00787532878307664,0.00787532878307664,0.00012214486198658392,0.00787532878307664,,,,
1,[25],25,32,component_33,0.005346946588940579,0.005346946588940579,0.00012214486198658392,0.005346946588940579,,,,
1,[25],25,33,component_34,0.0003936610152189244,0.0003936610152189244,0.00012214486198658392,0.0003936610152189244,,,,
1,[25],25,34,component_35,0.0,-8.354275813641089e-05,0.00012214486198658392,0.0,,,,
1,[25],25,35,component_36,0.021909965606853474,0.021909965606853474,0.00012214486198658392,0.021909965606853474,,,,
1,[25],25,36,component_37,0.0,-8.373584074143525e-05,0.00012214486198658392,0.0,,,,
1,[25],25,37,component_38,0.0011465376686442376,0.0011465376686442376,0.00012214486198658392,0.0011465376686442376,,,,
1,[25],25,38,component_39,0.005670174586337385,0.005670174586337385,0.00012214486198658392,0.005670174586337385,,,,
1,[25],25,39,component_40,0.00478867760778962,0.00478867760778962,0.00012214486198658392,0.00478867760778962,,,,
1,[25],25,40,component_41,0.0,-0.00010016862250160775,0.00012214486198658392,0.0,,,,
1,[25],25,41,component_42,0.019381344474478382,0.019381344474478382,0.00012214486198658392,0.019381344474478382,,,,
1,[25],25,42,component_43,0.00030855716059697105,0.00030855716059697105,0.00012214486198658392,0.00030855716059697105,,,,
1,[25],25,43,component_44,5.881379137077317e-06,5.881379137077317e-06,0.00012214486198658392,5.881379137077317e-06,,,,
1,[25],25,44,component_45,0.0008915736650337205,0.0008915736650337205,0.00012214486198658392,0.0008915736650337205,,,,
1,[25],25,45,component_46,0.0018760078063413763,0.0018760078063413763,0.00012214486198658392,0.0018760078063413763,,,,
1,[25],25,46,component_47,0.0038554808754445117,0.0038554808754445117,0.00012214486198658392,0.0038554808754445117,,,,
1,[25],25,47,component_48,0.0064865091841202,0.0064865091841202,0.00012214486198658392,0.0064865091841202,,,,
1,[25],25,48,component_49,0.00022174094525475322,0.00022174094525475322,0.00012214486198658392,0.00022174094525475322,,,,
1,[25],25,49,component_50,0.0007172472064082664,0.0007172472064082664,0.00012214486198658392,0.0007172472064082664,,,,
1,[25],25,50,component_51,0.001544917952431525,0.001544917952431525,0.00012214486198658392,0.001544917952431525,,,,
1,[25],25,51,component_52,0.002064106562744745,0.002064106562744745,0.00012214486198658392,0.002064106562744745,,,,
1,[25],25,52,component_53,0.0,-2.0703138259441935e-06,0.00012214486198658392,0.0,,,,
1,[25],25,53,component_54,0.0,-0.00011995919395370571,0.00012214486198658392,0.0,,,,
1,[25],25,54,component_55,0.003998690112034335,0.003998690112034335,0.00012214486198658392,0.003998690112034335,,,,
1,[25],25,55,component_56,0.021305204434415775,0.021305204434415775,0.00012214486198658392,0.021305204434415775,,,,
1,[25],25,56,component_57,0.005921718618912769,0.005921718618912769,0.00012214486198658392,0.005921718618912769,,,,
1,[25],25,57,component_58,0.0,-0.0001198174613385533,0.00012214486198658392,0.0,,,,
1,[25],25,58,component_59,0.0,-0.0001173006106246413,0.00012214486198658392,0.0,,,,
1,[25],25,59,component_60,0.0014015977737745111,0.0014015977737745111,0.00012214486198658392,0.0014015977737745111,,,,
1,[26],26,0,component_01,0.000735859825541154,0.000735859825541154,0.00012214486198658392,0.000735859825541154,,,,
1,[26],26,1,component_02,0.0012402498909560547,0.0012402498909560547,0.00012214486198658392,0.0012402498909560547,,,,
1,[26],26,2,component_03,0.0018442359947148245,0.0018442359947148245,0.00012214486198658392,0.0018442359947148245,,,,
1,[26],26,3,component_04,0.0032108688985797995,0.0032108688985797995,0.00012214486198658392,0.0032108688985797995,,,,
1,[26],26,4,component_05,0.0014972005973177822,0.0014972005973177822,0.00012214486198658392,0.0014972005973177822,,,,
1,[26],26,5,component_06,0.01685756749195327,0.01685756749195327,0.00012214486198658392,0.01685756749195327,,,,
1,[26],26,6,component_07,0.004878858390056836,0.004878858390056836,0.00012214486198658392,0.004878858390056836,,,,
1,[26],26,7,component_08,0.0006828522380743547,0.0006828522380743547,0.00012214486198658392,0.0006828522380743547,,,,
1,[26],26,8,component_09,0.0012613714647986378,0.0012613714647986378,0.00012214486198658392,0.0012613714647986378,,,,
1,[26],26,9,component_10,0.0,-2.1687272499826737e-05,0.00012214486198658392,0.0,,,,
1,[26],26,10,component_11,0.0,-8.454705317570508e-05,0.00012214486198658392,0.0,,,,
1,[26],26,11,component_12,0.0006496896939053253,0.0006496896939053253,0.00012214486198658392,0.0006496896939053253,,,,
1,[26],26,12,component_13,0.0006381330610331572,0.0006381330610331572,0.00012214486198658392,0.0006381330610331572,,,,
1,[26],26,13,component_14,0.003793247127933882,0.003793247127933882,0.00012214486198658392,0.003793247127933882,,,,
1,[26],26,14,component_15,3.8408177022239236e-05,3.8408177022239236e-05,0.00012214486198658392,3.8408177022239236e-05,,,,
1,[26],26,15,component_16,0.0012279989545581934,0.0012279989545581934,0.00012214486198658392,0.0012279989545581934,,,,
1,[26],26,16,component_17,0.005827544766151827,0.005827544766151827,0.00012214486198658392,0.005827544766151827,,,,
1,[26],26,17,component_18,0.00040053293301086485,0.00040053293301086485,0.00012214486198658392,0.00040053293301086485,,,,
1,[26],26,18,component_19,0.0013881050613691072,0.0013881050613691072,0.00012214486198658392,0.0013881050613691072,,,,
1,[26],26,19,component_20,0.005331070010118481,0.005331070010118481,0.00012214486198658392,0.005331070010118481,,,,
1,[26],26,20,component_21,0.00023057723319595298,0.00023057723319595298,0.00012214486198658392,0.00023057723319595298,,,,
1,[26],26,21,component_22,0.009459490850565397,0.009459490850565397,0.00012214486198658392,0.009459490850565397,,,,
1,[26],26,22,component_23,0.0001584947533239972,0.0001584947533239972,0.00012214486198658392,0.0001584947533239972,,,,
1,[26],26,23,component_24,0.0009428329943053788,0.0009428329943053788,0.00012214486198658392,0.0009428329943053788,,,,
1,[26],26,24,component_25,5.821915389803476e-05,5.821915389803476e-05,0.00012214486198658392,5.821915389803476e-05,,,,
1,[26],26,25,component_26,0.0,-0.00012198358942002639,0.00012214486198658392,0.0,,,,
1,[26],26,26,component_27,0.07495873937617512,0.07495873937617512,0.00012214486198658392,0.07495873937617512,,,,
1,[26],26,27,component_28,0.002607138059403915,0.002607138059403915,0.00012214486198658392,0.002607138059403915,,,,
1,[26],26,28,component_29,0.0009733224964345386,0.0009733224964345386,0.00012214486198658392,0.0009733224964345386,,,,
1,[26],26,29,component_30,0.0,-0.00012048148510176819,0.00012214486198658392,0.0,,,,
1,[26],26,30,component_31,0.0021862845190339136,0.0021862845190339136,0.00012214486198658392,0.0021862845190339136,,,,
1,[26],26,31,component_32,0.005600239555647379,0.005600239555647379,0.00012214486198658392,0.005600239555647379,,,,
1,[26],26,32,component_33,0.02404063464620946,0.02404063464620946,0.00012214486198658392,0.02404063464620946,,,,
1,[26],26,33,component_34,0.0002050200947233574,0.0002050200947233574,0.00012214486198658392,0.0002050200947233574,,,,
1,[26],26,34,component_35,0.0026744851579327067,0.0026744851579327067,0.00012214486198658392,0.0026744851579327067,,,,
1,[26],26,35,component_36,0.00029517549032665076,0.00029517549032665076,0.00012214486198658392,0.00029517549032665076,,,,
1,[26],26,36,component_37,0.0005448620854186452,0.0005448620854186452,0.00012214486198658392,0.0005448620854186452,,,,
1,[26],26,37,component_38,0.00014959861211285525,0.00014959861211285525,0.00012214486198658392,0.00014959861211285525,,,,
1,[26],26,38,component_39,0.001223604656054438,0.001223604656054438,0.00012214486198658392,0.001223604656054438,,,,
1,[26],26,39,component_40,0.0001238134197422264,0.0001238134197422264,0.00012214486198658392,0.0001238134197422264,,,,
1,[26],26,40,component_41,0.0004282914318184673,0.0004282914318184673,0.00012214486198658392,0.0004282914318184673,,,,
1,[26],26,41,component_42,0.0002617773497629888,0.0002617773497629888,0.00012214486198658392,0.0002617773497629888,,,,
1,[26],26,42,component_43,0.0013841243175758437,0.0013841243175758437,0.00012214486198658392,0.0013841243175758437,,,,
1,[26],26,43,component_44,0.003070642018839653,0.003070642018839653,0.00012214486198658392,0.003070642018839653,,,,
1,[26],26,44,component_45,0.0,-7.01859120617342e-05,0.00012214486198658392,0.0,,,,
1,[26],26,45,component_46,0.0003885664984982171,0.0003885664984982171,0.00012214486198658392,0.0003885664984982171,,,,
1,[26],26,46,component_47,0.002834935969846201,0.002834935969846201,0.00012214486198658392,0.002834935969846201,,,,
1,[26],26,47,component_48,0.00015081575643729485,0.00015081575643729485,0.00012214486198658392,0.00015081575643729485,,,,
1,[26],26,48,component_49,0.0,-9.593406092968544e-05,0.00012214486198658392,0.0,,,,
1,[26],26,49,component_50,0.0020360247259902085,0.0020360247259902085,0.00012214486198658392,0.0020360247259902085,,,,
1,[26],26,50,component_51,0.001300186104247209,0.001300186104247209,0.00012214486198658392,0.001300186104247209,,,,
1,[26],26,51,component_52,0.004498709650731087,0.004498709650731087,0.00012214486198658392,0.004498709650731087,,,,
1,[26],26,52,component_53,0.0,-4.6389110755156707e-05,0.00012214486198658392,0.0,,,,
1,[26],26,53,component_54,0.003243824186463134,0.003243824186463134,0.00012214486198658392,0.003243824186463134,,,,
1,[26],26,54,component_55,0.0009254104183986384,0.0009254104183986384,0.00012214486198658392,0.0009254104183986384,,,,
1,[26],26,55,component_56,0.0,-9.395520922835201e-05,0.00012214486198658392,0.0,,,,
1,[26],26,56,component_57,0.03649544269647617,0.03649544269647617,0.00012214486198658392,0.03649544269647617,,,,
1,[26],26,57,component_58,0.0014596295744017027,0.0014596295744017027,0.00012214486198658392,0.0014596295744017027,,,,
1,[26],26,58,component_59,0.004453242918584264,0.004453242918584264,0.00012214486198658392,0.004453242918584264,,,,
1,[26],26,59,component_60,0.0,-8.444106955677488e-05,0.00012214486198658392,0.0,,,,
1,[27],27,0,component_01,0.0,-6.439394002092955e-05,0.00012214486198658392,0.0,,,,
1,[27],27,1,component_02,0.0,-8.661519260034137e-05,0.00012214486198658392,0.0,,,,
1,[27],27,2,component_03,0.0005712262152432622,0.0005712262152432622,0.00012214486198658392,0.0005712262152432622,,,,
1,[27],27,3,component_04,0.0,-1.109895859469209e-05,0.00012214486198658392,0.0,,,,
1,[27],27,4,component_05,0.0,-0.0001159102644480808,0.00012214486198658392,0.0,,,,
1,[27],27,5,component_06,0.0,-2.1013353763737986e-05,0.00012214486198658392,0.0,,,,
1,[27],27,6,component_07,0.0010277636276049356,0.0010277636276049356,0.00012214486198658392,0.0010277636276049356,,,,
1,[27],27,7,component_08,0.004597468303571155,0.004597468303571155,0.00012214486198658392,0.004597468303571155,,,,
1,[27],27,8,component_09,7.082491533566765e-05,7.082491533566765e-05,0.00012214486198658392,7.082491533566765e-05,,,,
1,[27],27,9,component_10,0.002159020945178531,0.002159020945178531,0.00012214486198658392,0.002159020945178531,,,,
1,[27],27,10,component_11,0.0,-8.351639491498895e-05,0.00012214486198658392,0.0,,,,
1,[27],27,11,component_12,0.0016073665723539505,0.0016073665723539505,0.00012214486198658392,0.0016073665723539505,,,,
1,[27],27,12,component_13,0.0,-7.928809538246376e-05,0.00012214486198658392,0.0,,,,
1,[27],27,13,component_14,0.0005567726142511643,0.0005567726142511643,0.00012214486198658392,0.0005567726142511643,,,,
1,[27],27,14,component_15,7.567860705693993e-05,7.567860705693993e-05,0.00012214486198658392,7.567860705693993e-05,,,,
1,[27],27,15,component_16,8.190202940313793e-06,8.190202940313793e-06,0.00012214486198658392,8.190202940313793e-06,,,,
1,[27],27,16,component_17,0.003284368436070978,0.003284368436070978,0.00012214486198658392,0.003284368436070978,,,,
1,[27],27,17,component_18,0.0016318062539679465,0.0016318062539679465,0.00012214486198658392,0.0016318062539679465,,,,
1,[27],27,18,component_19,0.008784186864690749,0.008784186864690749,0.00012214486198658392,0.008784186864690749,,,,
1,[27],27,19,component_20,0.0,-5.928411951511422e-05,0.00012214486198658392,0.0,,,,
1,[27],27,20,component_21,0.002161755808855603,0.002161755808855603,0.00012214486198658392,0.002161755808855603,,,,
1,[27],27,21,component_22,0.0,-9.585492460136317e-05,0.00012214486198658392,0.0,,,,
1,[27],27,22,component_23,0.0,-9.3686694080783e-05,0.00012214486198658392,0.0,,,,
1,[27],27,23,component_24,0.003470970296873535,0.003470970296873535,0.00012214486198658392,0.003470970296873535,,,,
1,[27],27,24,component_25,0.0016833289973726797,0.0016833289973726797,0.00012214486198658392,0.0016833289973726797,,,,
1,[27],27,25,component_26,0.0,-5.199728123342866e-05,0.00012214486198658392,0.0,,,,
1,[27],27,26,component_27,0.009222812981364405,0.009222812981364405,0.00012214486198658392,0.009222812981364405,,,,
1,[27],27,27,component_28,0.1412521840958895,0.1412521840958895,0.00012214486198658392,0.1412521840958895,,,,
1,[27],27,28,component_29,0.0035902592655310235,0.0035902592655310235,0.00012214486198658392,0.0035902592655310235,,,,
1,[27],27,29,component_30,0.0016390133937819558,0.0016390133937819558,0.00012214486198658392,0.0016390133937819558,,,,
1,[27],27,30,component_31,5.610523911600638e-05,5.610523911600638e-05,0.00012214486198658392,5.610523911600638e-05,,,,
1,[27],27,31,component_32,0.0,-9.787602597197462e-06,0.00012214486198658392,0.0,,,,
1,[27],27,32,component_33,0.0009936775621663583,0.0009936775621663583,0.00012214486198658392,0.0009936775621663583,,,,
1,[27],27,33,component_34,0.0,-4.9919820399501555e-05,0.00012214486198658392,0.0,,,,
1,[27],27,34,component_35,0.0029386133245870674,0.0029386133245870674,0.00012214486198658392,0.0029386133245870674,,,,
1,[27],27,35,component_36,0.0,-7.997433831328347e-05,0.00012214486198658392,0.0,,,,
1,[27],27,36,component_37,0.0157598362316797,0.0157598362316797,0.00012214486198658392,0.0157598362316797,,,,
1,[27],27,37,component_38,0.017820844596126432,0.017820844596126432,0.00012214486198658392,0.017820844596126432,,,,
1,[27],27,38,component_39,0.0,-0.00010978649953686815,0.00012214486198658392,0.0,,,,
1,[27],27,39,component_40,0.004390304017967933,0.004390304017967933,0.00012214486198658392,0.004390304017967933,,,,
1,[27],27,40,component_41,0.003957891009531078,0.003957891009531078,0.00012214486198658392,0.003957891009531078,,,,
1,[27],27,41,component_42,0.0086556077802493,0.0086556077802493,0.00012214486198658392,0.0086556077802493,,,,
1,[27],27,42,component_43,0.00036681368868066654,0.00036681368868066654,0.00012214486198658392,0.00036681368868066654,,,,
1,[27],27,43,component_44,0.004219814382887136,0.004219814382887136,0.00012214486198658392,0.004219814382887136,,,,
1,[27],27,44,component_45,0.01407130524988818,0.01407130524988818,0.00012214486198658392,0.01407130524988818,,,,
1,[27],27,45,component_46,0.0011670745070195385,0.0011670745070195385,0.00012214486198658392,0.0011670745070195385,,,,
1,[27],27,46,component_47,0.0018514363504805466,0.0018514363504805466,0.00012214486198658392,0.0018514363504805466,,,,
1,[27],27,47,component_48,0.003911184571944471,0.003911184571944471,0.00012214486198658392,0.003911184571944471,,,,
1,[27],27,48,component_49,0.008119614591634213,0.008119614591634213,0.00012214486198658392,0.008119614591634213,,,,
1,[27],27,49,component_50,0.003909232612241327,0.003909232612241327,0.00012214486198658392,0.003909232612241327,,,,
1,[27],27,50,component_51,0.001236263625023279,0.001236263625023279,0.00012214486198658392,0.001236263625023279,,,,
1,[27],27,51,component_52,0.0,-0.00011921408842866597,0.00012214486198658392,0.0,,,,
1,[27],27,52,component_53,0.0002212907012036533,0.0002212907012036533,0.00012214486198658392,0.0002212907012036533,,,,
1,[27],27,53,component_54,0.012129276768391045,0.012129276768391045,0.00012214486198658392,0.012129276768391045,,,,
1,[27],27,54,component_55,0.0010604076985820635,0.0010604076985820635,0.00012214486198658392,0.0010604076985820635,,,,
1,[27],27,55,component_56,0.015178769895841986,0.015178769895841986,0.00012214486198658392,0.015178769895841986,,,,
1,[27],27,56,component_57,0.00038583695691416734,0.00038583695691416734,0.00012214486198658392,0.00038583695691416734,,,,
1,[27],27,57,component_58,0.0011613034204929103,0.0011613034204929103,0.00012214486198658392,0.0011613034204929103,,,,
1,[27],27,58,component_59,0.0061950780070378,0.0061950780070378,0.00012214486198658392,0.0061950780070378,,,,
1,[27],27,59,component_60,0.0018300489538411052,0.0018300489538411052,0.00012214486198658392,0.0018300489538411052,,,,
1,[28],28,0,component_01,0.0016561252755836827,0.0016561252755836827,0.00012214486198658392,0.0016561252755836827,,,,
1,[28],28,1,component_02,0.00043132233512398313,0.00043132233512398313,0.00012214486198658392,0.00043132233512398313,,,,
1,[28],28,2,component_03,0.011144808275214385,0.011144808275214385,0.00012214486198658392,0.011144808275214385,,,,
1,[28],28,3,component_04,0.0016948836873048809,0.0016948836873048809,0.00012214486198658392,0.0016948836873048809,,,,
1,[28],28,4,component_05,0.0004934845536196223,0.0004934845536196223,0.00012214486198658392,0.0004934845536196223,,,,
1,[28],28,5,component_06,0.00013390206385336214,0.00013390206385336214,0.00012214486198658392,0.00013390206385336214,,,,
1,[28],28,6,component_07,0.018516735627995017,0.018516735627995017,0.00012214486198658392,0.018516735627995017,,,,
1,[28],28,7,component_08,0.013798625147668248,0.013798625147668248,0.00012214486198658392,0.013798625147668248,,,,
1,[28],28,8,component_09,0.001564141617265944,0.001564141617265944,0.00012214486198658392,0.001564141617265944,,,,
1,[28],28,9,component_10,0.000803887386846126,0.000803887386846126,0.00012214486198658392,0.000803887386846126,,,,
1,[28],28,10,component_11,0.004786961199968404,0.004786961199968404,0.00012214486198658392,0.004786961199968404,,,,
1,[28],28,11,component_12,6.342423781645083e-05,6.342423781645083e-05,0.00012214486198658392,6.342423781645083e-05,,,,
1,[28],28,12,component_13,0.0016864510215973386,0.0016864510215973386,0.00012214486198658392,0.0016864510215973386,,,,
1,[28],28,13,component_14,0.003910204374446901,0.003910204374446901,0.00012214486198658392,0.003910204374446901,,,,
1,[28],28,14,component_15,0.0,-0.00012108968060260203,0.00012214486198658392,0.0,,,,
1,[28],28,15,component_16,0.000773202908939147,0.000773202908939147,0.00012214486198658392,0.000773202908939147,,,,
1,[28],28,16,component_17,0.008791214912909327,0.008791214912909327,0.00012214486198658392,0.008791214912909327,,,,
1,[28],28,17,component_18,0.0011971738140775857,0.0011971738140775857,0.00012214486198658392,0.0011971738140775857,,,,
1,[28],28,18,component_19,0.0025206312800913197,0.0025206312800913197,0.00012214486198658392,0.0025206312800913197,,,,
1,[28],28,19,component_20,0.006235870292326935,0.006235870292326935,0.00012214486198658392,0.006235870292326935,,,,
1,[28],28,20,component_21,0.0020072433843667014,0.0020072433843667014,0.00012214486198658392,0.0020072433843667014,,,,
1,[28],28,21,component_22,0.00062673977663789,0.00062673977663789,0.00012214486198658392,0.00062673977663789,,,,
1,[28],28,22,component_23,3.9589771617998964e-05,3.9589771617998964e-05,0.00012214486198658392,3.9589771617998964e-05,,,,
1,[28],28,23,component_24,0.0016636058282177525,0.0016636058282177525,0.00012214486198658392,0.0016636058282177525,,,,
1,[28],28,24,component_25,0.0007394714972443781,0.0007394714972443781,0.00012214486198658392,0.0007394714972443781,,,,
1,[28],28,25,component_26,0.0005882227475191531,0.0005882227475191531,0.00012214486198658392,0.0005882227475191531,,,,
1,[28],28,26,component_27,0.000569768343043216,0.000569768343043216,0.00012214486198658392,0.000569768343043216,,,,
1,[28],28,27,component_28,0.0005931713728261625,0.0005931713728261625,0.00012214486198658392,0.0005931713728261625,,,,
1,[28],28,28,component_29,0.05893636676169788,0.05893636676169788,0.00012214486198658392,0.05893636676169788,,,,
1,[28],28,29,component_30,0.0007960959760565597,0.0007960959760565597,0.00012214486198658392,0.0007960959760565597,,,,
1,[28],28,30,component_31,0.0,-0.00011144672811465642,0.00012214486198658392,0.0,,,,
1,[28],28,31,component_32,0.0,-6.043420329903505e-05,0.00012214486198658392,0.0,,,,
1,[28],28,32,component_33,0.0,-0.00012202979103596571,0.00012214486198658392,0.0,,,,
1,[28],28,33,component_34,4.501669380403998e-05,4.501669380403998e-05,0.00012214486198658392,4.501669380403998e-05,,,,
1,[28],28,34,component_35,0.0,-0.00010606100329291866,0.00012214486198658392,0.0,,,,
1,[28],28,35,component_36,0.0,-1.7689333498426127e-05,0.00012214486198658392,0.0,,,,
1,[28],28,36,component_37,0.0025406300046547895,0.0025406300046547895,0.00012214486198658392,0.0025406300046547895,,,,
1,[28],28,37,component_38,0.0,-9.555064173673517e-05,0.00012214486198658392,0.0,,,,
1,[28],28,38,component_39,0.0004947512204780636,0.0004947512204780636,0.00012214486198658392,0.0004947512204780636,,,,
1,[28],28,39,component_40,0.0,-0.00012036646521632676,0.00012214486198658392,0.0,,,,
1,[28],28,40,component_41,0.0,-0.00010230040198654967,0.00012214486198658392,0.0,,,,
1,[28],28,41,component_42,0.0007582836812996684,0.0007582836812996684,0.00012214486198658392,0.0007582836812996684,,,,
1,[28],28,42,component_43,0.008486995939481103,0.008486995939481103,0.00012214486198658392,0.008486995939481103,,,,
1,[28],28,43,component_44,0.0015104240313757633,0.0015104240313757633,0.00012214486198658392,0.0015104240313757633,,,,
1,[28],28,44,component_45,0.00019488388066570927,0.00019488388066570927,0.00012214486198658392,0.00019488388066570927,,,,
1,[28],28,45,component_46,0.0006139227003637117,0.0006139227003637117,0.00012214486198658392,0.0006139227003637117,,,,
1,[28],28,46,component_47,0.0014991864583292222,0.0014991864583292222,0.00012214486198658392,0.0014991864583292222,,,,
1,[28],28,47,component_48,0.0009214715692837264,0.0009214715692837264,0.00012214486198658392,0.0009214715692837264,,,,
1,[28],28,48,component_49,0.005468729375179528,0.005468729375179528,0.00012214486198658392,0.005468729375179528,,,,
1,[28],28,49,component_50,0.0001355031207354841,0.0001355031207354841,0.00012214486198658392,0.0001355031207354841,,,,
1,[28],28,50,component_51,0.0,-3.9481931271367784e-05,0.00012214486198658392,0.0,,,,
1,[28],28,51,component_52,0.001510831141514995,0.001510831141514995,0.00012214486198658392,0.001510831141514995,,,,
1,[28],28,52,component_53,0.010849619620272602,0.010849619620272602,0.00012214486198658392,0.010849619620272602,,,,
1,[28],28,53,component_54,0.0009999187677524513,0.0009999187677524513,0.00012214486198658392,0.0009999187677524513,,,,
1,[28],28,54,component_55,0.0008321362763228824,0.0008321362763228824,0.00012214486198658392,0.0008321362763228824,,,,
1,[28],28,55,component_56,0.00016202948553309567,0.00016202948553309567,0.00012214486198658392,0.00016202948553309567,,,,
1,[28],28,56,component_57,0.0,-1.7624514825125638e-05,0.00012214486198658392,0.0,,,,
1,[28],28,57,component_58,0.007490906592442892,0.007490906592442892,0.00012214486198658392,0.007490906592442892,,,,
1,[28],28,58,component_59,0.0,-0.00012191847080835131,0.00012214486198658392,0.0,,,,
1,[28],28,59,component_60,0.007097641985301464,0.007097641985301464,0.00012214486198658392,0.007097641985301464,,,,
1,[29],29,0,component_01,0.0002511288462864419,0.0002511288462864419,0.00012214486198658392,0.0002511288462864419,,,,
1,[29],29,1,component_02,0.005864519084986787,0.005864519084986787,0.00012214486198658392,0.005864519084986787,,,,
1,[29],29,2,component_03,0.004027346539008861,0.004027346539008861,0.00012214486198658392,0.004027346539008861,,,,
1,[29],29,3,component_04,0.0,-1.6518771734091867e-06,0.00012214486198658392,0.0,,,,
1,[29],29,4,component_05,0.0001073513261178409,0.0001073513261178409,0.00012214486198658392,0.0001073513261178409,,,,
1,[29],29,5,component_06,0.0045281950089237815,0.0045281950089237815,0.00012214486198658392,0.0045281950089237815,,,,
1,[29],29,6,component_07,0.006784482578325004,0.006784482578325004,0.00012214486198658392,0.006784482578325004,,,,
1,[29],29,7,component_08,0.011427459381488089,0.011427459381488089,0.00012214486198658392,0.011427459381488089,,,,
1,[29],29,8,component_09,0.0018344684760011887,0.0018344684760011887,0.00012214486198658392,0.0018344684760011887,,,,
1,[29],29,9,component_10,0.0006256047045424653,0.0006256047045424653,0.00012214486198658392,0.0006256047045424653,,,,
1,[29],29,10,component_11,0.0007613828850541729,0.0007613828850541729,0.00012214486198658392,0.0007613828850541729,,,,
1,[29],29,11,component_12,0.03281723169236549,0.03281723169236549,0.00012214486198658392,0.03281723169236549,,,,
1,[29],29,12,component_13,0.0,-3.601011560560674e-05,0.00012214486198658392,0.0,,,,
1,[29],29,13,component_14,0.005178723062976668,0.005178723062976668,0.00012214486198658392,0.005178723062976668,,,,
1,[29],29,14,component_15,0.0,-5.6723671662079665e-05,0.00012214486198658392,0.0,,,,
1,[29],29,15,component_16,0.0019164230844525662,0.0019164230844525662,0.00012214486198658392,0.0019164230844525662,,,,
1,[29],29,16,component_17,0.006886554769275817,0.006886554769275817,0.00012214486198658392,0.006886554769275817,,,,
1,[29],29,17,component_18,6.5770598211104556e-06,6.5770598211104556e-06,0.00012214486198658392,6.5770598211104556e-06,,,,
1,[29],29,18,component_19,0.01126955873813169,0.01126955873813169,0.00012214486198658392,0.01126955873813169,,,,
1,[29],29,19,component_20,0.0019627769359533884,0.0019627769359533884,0.00012214486198658392,0.0019627769359533884,,,,
1,[29],29,20,component_21,0.0013489143780125979,0.0013489143780125979,0.00012214486198658392,0.0013489143780125979,,,,
1,[29],29,21,component_22,0.00013704653550746025,0.00013704653550746025,0.00012214486198658392,0.00013704653550746025,,,,
1,[29],29,22,component_23,0.0001036468912846874,0.0001036468912846874,0.00012214486198658392,0.0001036468912846874,,,,
1,[29],29,23,component_24,0.0004874946789353391,0.0004874946789353391,0.00012214486198658392,0.0004874946789353391,,,,
1,[29],29,24,component_25,0.0002517188322997637,0.0002517188322997637,0.00012214486198658392,0.0002517188322997637,,,,
1,[29],29,25,component_26,0.0017493352755975603,0.0017493352755975603,0.00012214486198658392,0.0017493352755975603,,,,
1,[29],29,26,component_27,0.0,-3.1008374044132214e-05,0.00012214486198658392,0.0,,,,
1,[29],29,27,component_28,0.00842360660604221,0.00842360660604221,0.00012214486198658392,0.00842360660604221,,,,
1,[29],29,28,component_29,0.0014101193998215388,0.0014101193998215388,0.00012214486198658392,0.0014101193998215388,,,,
1,[29],29,29,component_30,0.10547242397780623,0.10547242397780623,0.00012214486198658392,0.10547242397780623,,,,
1,[29],29,30,component_31,0.0,-8.19516341845273e-05,0.00012214486198658392,0.0,,,,
1,[29],29,31,component_32,0.00016168622198200368,0.00016168622198200368,0.00012214486198658392,0.00016168622198200368,,,,
1,[29],29,32,component_33,0.0,-6.831841266555135e-05,0.00012214486198658392,0.0,,,,
1,[29],29,33,component_34,0.0003863600175558013,0.0003863600175558013,0.00012214486198658392,0.0003863600175558013,,,,
1,[29],29,34,component_35,0.0007593809270466573,0.0007593809270466573,0.00012214486198658392,0.0007593809270466573,,,,
1,[29],29,35,component_36,0.000839810055807209,0.000839810055807209,0.00012214486198658392,0.000839810055807209,,,,
1,[29],29,36,component_37,0.008747721088223378,0.008747721088223378,0.00012214486198658392,0.008747721088223378,,,,
1,[29],29,37,component_38,0.016212982723126136,0.016212982723126136,0.00012214486198658392,0.016212982723126136,,,,
1,[29],29,38,component_39,0.007817244433675166,0.007817244433675166,0.00012214486198658392,0.007817244433675166,,,,
1,[29],29,39,component_40,1.7113091445013532e-05,1.7113091445013532e-05,0.00012214486198658392,1.7113091445013532e-05,,,,
1,[29],29,40,component_41,0.0005495350474209819,0.0005495350474209819,0.00012214486198658392,0.0005495350474209819,,,,
1,[29],29,41,component_42,0.0,-5.933711886028489e-05,0.00012214486198658392,0.0,,,,
1,[29],29,42,component_43,0.010837865763693926,0.010837865763693926,0.00012214486198658392,0.010837865763693926,,,,
1,[29],29,43,component_44,0.08749701997581516,0.08749701997581516,0.00012214486198658392,0.08749701997581516,,,,
1,[29],29,44,component_45,0.03143035924827038,0.03143035924827038,0.00012214486198658392,0.03143035924827038,,,,
1,[29],29,45,component_46,0.0022783510472062225,0.0022783510472062225,0.00012214486198658392,0.0022783510472062225,,,,
1,[29],29,46,component_47,0.002702627321514177,0.002702627321514177,0.00012214486198658392,0.002702627321514177,,,,
1,[29],29,47,component_48,0.0,-0.00011099594516180558,0.00012214486198658392,0.0,,,,
1,[29],29,48,component_49,0.0,-0.0001112849014158382,0.00012214486198658392,0.0,,,,
1,[29],29,49,component_50,0.0,-0.00011480730939496746,0.00012214486198658392,0.0,,,,
1,[29],29,50,component_51,0.00047003702958756376,0.00047003702958756376,0.00012214486198658392,0.00047003702958756376,,,,
1,[29],29,51,component_52,0.0,-9.544402883760527e-05,0.00012214486198658392,0.0,,,,
1,[29],29,52,component_53,0.0,-9.088868430509101e-05,0.00012214486198658392,0.0,,,,
1,[29],29,53,component_54,0.008490411069691622,0.008490411069691622,0.00012214486198658392,0.008490411069691622,,,,
1,[29],29,54,component_55,0.005482090198029116,0.005482090198029116,0.00012214486198658392,0.005482090198029116,,,,
1,[29],29,55,component_56,0.00406395973199906,0.00406395973199906,0.00012214486198658392,0.00406395973199906,,,,
1,[29],29,56,component_57,7.657032991051032e-05,7.657032991051032e-05,0.00012214486198658392,7.657032991051032e-05,,,,
1,[29],29,57,component_58,0.009879847569350847,0.009879847569350847,0.00012214486198658392,0.009879847569350847,,,,
1,[29],29,58,component_59,0.0006882535511211548,0.0006882535511211548,0.00012214486198658392,0.0006882535511211548,,,,
1,[29],29,59,component_60,0.012236653148944112,0.012236653148944112,0.00012214486198658392,0.012236653148944112,,,,
1,[30],30,0,component_01,0.0,-0.00012213087308057078,0.00012214486198658392,0.0,,,,
1,[30],30,1,component_02,0.001437896730697108,0.001437896730697108,0.00012214486198658392,0.001437896730697108,,,,
1,[30],30,2,component_03,0.0004447041866450822,0.0004447041866450822,0.00012214486198658392,0.0004447041866450822,,,,
1,[30],30,3,component_04,0.0008073887600098355,0.0008073887600098355,0.00012214486198658392,0.0008073887600098355,,,,
1,[30],30,4,component_05,0.00042825237707480135,0.00042825237707480135,0.00012214486198658392,0.00042825237707480135,,,,
1,[30],30,5,component_06,0.00019537158947418795,0.00019537158947418795,0.00012214486198658392,0.00019537158947418795,,,,
1,[30],30,6,component_07,0.0,-2.0358462592910697e-05,0.00012214486198658392,0.0,,,,
1,[30],30,7,component_08,0.00316336941600581,0.00316336941600581,0.00012214486198658392,0.00316336941600581,,,,
1,[30],30,8,component_09,0.00273687952400903,0.00273687952400903,0.00012214486198658392,0.00273687952400903,,,,
1,[30],30,9,component_10,0.0,-0.00012139412434503458,0.00012214486198658392,0.0,,,,
1,[30],30,10,component_11,0.0,-0.0001217314555719862,0.00012214486198658392,0.0,,,,
1,[30],30,11,component_12,0.0002643169016435334,0.0002643169016435334,0.00012214486198658392,0.0002643169016435334,,,,
1,[30],30,12,component_13,0.00018099817123498266,0.00018099817123498266,0.00012214486198658392,0.00018099817123498266,,,,
1,[30],30,13,component_14,1.9401335616683343e-05,1.9401335616683343e-05,0.00012214486198658392,1.9401335616683343e-05,,,,
1,[30],30,14,component_15,0.0010480064161850992,0.0010480064161850992,0.00012214486198658392,0.0010480064161850992,,,,
1,[30],30,15,component_16,0.0004791083982418291,0.0004791083982418291,0.00012214486198658392,0.0004791083982418291,,,,
1,[30],30,16,component_17,0.0007711429312560406,0.0007711429312560406,0.00012214486198658392,0.0007711429312560406,,,,
1,[30],30,17,component_18,0.0,-5.950925117227421e-05,0.00012214486198658392,0.0,,,,
1,[30],30,18,component_19,0.005060144271468635,0.005060144271468635,0.00012214486198658392,0.005060144271468635,,,,
1,[30],30,19,component_20,0.0010198995408360594,0.0010198995408360594,0.00012214486198658392,0.0010198995408360594,,,,
1,[30],30,20,component_21,1.1383578740886008e-05,1.1383578740886008e-05,0.00012214486198658392,1.1383578740886008e-05,,,,
1,[30],30,21,component_22,0.0012794414790710206,0.0012794414790710206,0.00012214486198658392,0.0012794414790710206,,,,
1,[30],30,22,component_23,5.651727602933691e-05,5.651727602933691e-05,0.00012214486198658392,5.651727602933691e-05,,,,
1,[30],30,23,component_24,0.0011639225024373868,0.0011639225024373868,0.00012214486198658392,0.0011639225024373868,,,,
1,[30],30,24,component_25,0.0017736967194081899,0.0017736967194081899,0.00012214486198658392,0.0017736967194081899,,,,
1,[30],30,25,component_26,0.0005948153259650274,0.0005948153259650274,0.00012214486198658392,0.0005948153259650274,,,,
1,[30],30,26,component_27,2.96701531719734e-05,2.96701531719734e-05,0.00012214486198658392,2.96701531719734e-05,,,,
1,[30],30,27,component_28,0.001022348245833122,0.001022348245833122,0.00012214486198658392,0.001022348245833122,,,,
1,[30],30,28,component_29,0.0010276763798703456,0.0010276763798703456,0.00012214486198658392,0.0010276763798703456,,,,
1,[30],30,29,component_30,9.653575014382094e-06,9.653575014382094e-06,0.00012214486198658392,9.653575014382094e-06,,,,
1,[30],30,30,component_31,0.17840468709949397,0.17840468709949397,0.00012214486198658392,0.17840468709949397,,,,
1,[30],30,31,component_32,0.0017445338542288712,0.0017445338542288712,0.00012214486198658392,0.0017445338542288712,,,,
1,[30],30,32,component_33,0.0012129025908544388,0.0012129025908544388,0.00012214486198658392,0.0012129025908544388,,,,
1,[30],30,33,component_34,0.0036281681236486974,0.0036281681236486974,0.00012214486198658392,0.0036281681236486974,,,,
1,[30],30,34,component_35,0.0009441676197396396,0.0009441676197396396,0.00012214486198658392,0.0009441676197396396,,,,
1,[30],30,35,component_36,0.0035347327286037906,0.0035347327286037906,0.00012214486198658392,0.0035347327286037906,,,,
1,[30],30,36,component_37,0.0001156796350387252,0.0001156796350387252,0.00012214486198658392,0.0001156796350387252,,,,
1,[30],30,37,component_38,0.00035886529606104394,0.00035886529606104394,0.00012214486198658392,0.00035886529606104394,,,,
1,[30],30,38,component_39,0.0003233251179883434,0.0003233251179883434,0.00012214486198658392,0.0003233251179883434,,,,
1,[30],30,39,component_40,0.006598239762732628,0.006598239762732628,0.00012214486198658392,0.006598239762732628,,,,
1,[30],30,40,component_41,0.02773090745970874,0.02773090745970874,0.00012214486198658392,0.02773090745970874,,,,
1,[30],30,41,component_42,0.003049644580188705,0.003049644580188705,0.00012214486198658392,0.003049644580188705,,,,
1,[30],30,42,component_43,0.0007953768221567746,0.0007953768221567746,0.00012214486198658392,0.0007953768221567746,,,,
1,[30],30,43,component_44,0.0003431132796894666,0.0003431132796894666,0.00012214486198658392,0.0003431132796894666,,,,
1,[30],30,44,component_45,0.0004935657185191466,0.0004935657185191466,0.00012214486198658392,0.0004935657185191466,,,,
1,[30],30,45,component_46,0.0015985708125460505,0.0015985708125460505,0.00012214486198658392,0.0015985708125460505,,,,
1,[30],30,46,component_47,0.0,-1.9967048419682184e-05,0.00012214486198658392,0.0,,,,
1,[30],30,47,component_48,0.004339451139539041,0.004339451139539041,0.00012214486198658392,0.004339451139539041,,,,
1,[30],30,48,component_49,0.002676755264405767,0.002676755264405767,0.00012214486198658392,0.002676755264405767,,,,
1,[30],30,49,component_50,0.00037626333009419357,0.00037626333009419357,0.00012214486198658392,0.00037626333009419357,,,,
1,[30],30,50,component_51,1.9973302768107033e-06,1.9973302768107033e-06,0.00012214486198658392,1.9973302768107033e-06,,,,
1,[30],30,51,component_52,0.00111961193463068,0.00111961193463068,0.00012214486198658392,0.00111961193463068,,,,
1,[30],30,52,component_53,0.0,-9.843938383838482e-05,0.00012214486198658392,0.0,,,,
1,[30],30,53,component_54,3.168167392459534e-05,3.168167392459534e-05,0.00012214486198658392,3.168167392459534e-05,,,,
1,[30],30,54,component_55,0.0053136630608775146,0.0053136630608775146,0.00012214486198658392,0.0053136630608775146,,,,
1,[30],30,55,component_56,0.002362549894093349,0.002362549894093349,0.00012214486198658392,0.002362549894093349,,,,
1,[30],30,56,component_57,0.004764971055711233,0.004764971055711233,0.00012214486198658392,0.004764971055711233,,,,
1,[30],30,57,component_58,0.00028983457331484643,0.00028983457331484643,0.00012214486198658392,0.00028983457331484643,,,,
1,[30],30,58,component_59,0.006644793506809186,0.006644793506809186,0.00012214486198658392,0.006644793506809186,,,,
1,[30],30,59,component_60,0.000831036119876809,0.000831036119876809,0.00012214486198658392,0.000831036119876809,,,,
1,[31],31,0,component_01,0.0016057932710893535,0.0016057932710893535,0.00012214486198658392,0.0016057932710893535,,,,
1,[31],31,1,component_02,0.0013532662818380261,0.0013532662818380261,0.00012214486198658392,0.0013532662818380261,,,,
1,[31],31,2,component_03,0.0008252497314388408,0.0008252497314388408,0.00012214486198658392,0.0008252497314388408,,,,
1,[31],31,3,component_04,0.0010962141600004863,0.0010962141600004863,0.00012214486198658392,0.0010962141600004863,,,,
1,[31],31,4,component_05,0.0011862201411049706,0.0011862201411049706,0.00012214486198658392,0.0011862201411049706,,,,
1,[31],31,5,component_06,0.003153643753048742,0.003153643753048742,0.00012214486198658392,0.003153643753048742,,,,
1,[31],31,6,component_07,0.0011766682908777371,0.0011766682908777371,0.00012214486198658392,0.0011766682908777371,,,,
1,[31],31,7,component_08,0.00013452106324220427,0.00013452106324220427,0.00012214486198658392,0.00013452106324220427,,,,
1,[31],31,8,component_09,0.0015004118789402408,0.0015004118789402408,0.00012214486198658392,0.0015004118789402408,,,,
1,[31],31,9,component_10,0.00021996987465114243,0.00021996987465114243,0.00012214486198658392,0.00021996987465114243,,,,
1,[31],31,10,component_11,0.0019473919977002897,0.0019473919977002897,0.00012214486198658392,0.0019473919977002897,,,,
1,[31],31,11,component_12,0.0022304557267992997,0.0022304557267992997,0.00012214486198658392,0.0022304557267992997,,,,
1,[31],31,12,component_13,0.003594987851279651,0.003594987851279651,0.00012214486198658392,0.003594987851279651,,,,
1,[31],31,13,component_14,0.00856858685327678,0.00856858685327678,0.00012214486198658392,0.00856858685327678,,,,
1,[31],31,14,component_15,0.0,-0.00010905452413598372,0.00012214486198658392,0.0,,,,
1,[31],31,15,component_16,1.2218533147027595e-05,1.2218533147027595e-05,0.00012214486198658392,1.2218533147027595e-05,,,,
1,[31],31,16,component_17,0.004007078995886102,0.004007078995886102,0.00012214486198658392,0.004007078995886102,,,,
1,[31],31,17,component_18,0.001527694870312809,0.001527694870312809,0.00012214486198658392,0.001527694870312809,,,,
1,[31],31,18,component_19,0.0020200956830306815,0.0020200956830306815,0.00012214486198658392,0.0020200956830306815,,,,
1,[31],31,19,component_20,0.0,-1.4859799835323449e-05,0.00012214486198658392,0.0,,,,
1,[31],31,20,component_21,8.014504194138743e-05,8.014504194138743e-05,0.00012214486198658392,8.014504194138743e-05,,,,
1,[31],31,21,component_22,0.0005805966416254252,0.0005805966416254252,0.00012214486198658392,0.0005805966416254252,,,,
1,[31],31,22,component_23,0.0002183047292854365,0.0002183047292854365,0.00012214486198658392,0.0002183047292854365,,,,
1,[31],31,23,component_24,0.0,-0.00010650407753335533,0.00012214486198658392,0.0,,,,
1,[31],31,24,component_25,0.00010171231221881968,0.00010171231221881968,0.00012214486198658392,0.00010171231221881968,,,,
1,[31],31,25,component_26,0.0004043078896930346,0.0004043078896930346,0.00012214486198658392,0.0004043078896930346,,,,
1,[31],31,26,component_27,0.0009961996931840563,0.0009961996931840563,0.00012214486198658392,0.0009961996931840563,,,,
1,[31],31,27,component_28,0.0018849002169987724,0.0018849002169987724,0.00012214486198658392,0.0018849002169987724,,,,
1,[31],31,28,component_29,0.0003717483953247441,0.0003717483953247441,0.00012214486198658392,0.0003717483953247441,,,,
1,[31],31,29,component_30,0.0,-0.00010696910875419239,0.00012214486198658392,0.0,,,,
1,[31],31,30,component_31,0.0009416343075453281,0.0009416343075453281,0.00012214486198658392,0.0009416343075453281,,,,
1,[31],31,31,component_32,0.18397058358536683,0.18397058358536683,0.00012214486198658392,0.18397058358536683,,,,
1,[31],31,32,component_33,0.010094105662019216,0.010094105662019216,0.00012214486198658392,0.010094105662019216,,,,
1,[31],31,33,component_34,0.0005749495326330244,0.0005749495326330244,0.00012214486198658392,0.0005749495326330244,,,,
1,[31],31,34,component_35,0.0,-1.9628900709767888e-05,0.00012214486198658392,0.0,,,,
1,[31],31,35,component_36,0.00479593498514672,0.00479593498514672,0.00012214486198658392,0.00479593498514672,,,,
1,[31],31,36,component_37,0.0011701948674747423,0.0011701948674747423,0.00012214486198658392,0.0011701948674747423,,,,
1,[31],31,37,component_38,0.00021782602188103739,0.00021782602188103739,0.00012214486198658392,0.00021782602188103739,,,,
1,[31],31,38,component_39,0.0010415460298306657,0.0010415460298306657,0.00012214486198658392,0.0010415460298306657,,,,
1,[31],31,39,component_40,0.0007027422108396653,0.0007027422108396653,0.00012214486198658392,0.0007027422108396653,,,,
1,[31],31,40,component_41,6.898491849609297e-05,6.898491849609297e-05,0.00012214486198658392,6.898491849609297e-05,,,,
1,[31],31,41,component_42,0.003084796236187385,0.003084796236187385,0.00012214486198658392,0.003084796236187385,,,,
1,[31],31,42,component_43,0.005296919225539596,0.005296919225539596,0.00012214486198658392,0.005296919225539596,,,,
1,[31],31,43,component_44,0.004685946534605849,0.004685946534605849,0.00012214486198658392,0.004685946534605849,,,,
1,[31],31,44,component_45,0.012916533537775146,0.012916533537775146,0.00012214486198658392,0.012916533537775146,,,,
1,[31],31,45,component_46,0.00033255517741589144,0.00033255517741589144,0.00012214486198658392,0.00033255517741589144,,,,
1,[31],31,46,component_47,0.0024276067476366884,0.0024276067476366884,0.00012214486198658392,0.0024276067476366884,,,,
1,[31],31,47,component_48,0.0003725874484693646,0.0003725874484693646,0.00012214486198658392,0.0003725874484693646,,,,
1,[31],31,48,component_49,0.005382116471087018,0.005382116471087018,0.00012214486198658392,0.005382116471087018,,,,
1,[31],31,49,component_50,0.00045783043293955747,0.00045783043293955747,0.00012214486198658392,0.00045783043293955747,,,,
1,[31],31,50,component_51,0.0,-0.00010384855328341079,0.00012214486198658392,0.0,,,,
1,[31],31,51,component_52,0.01792194213245094,0.01792194213245094,0.00012214486198658392,0.01792194213245094,,,,
1,[31],31,52,component_53,6.245964989143524e-05,6.245964989143524e-05,0.00012214486198658392,6.245964989143524e-05,,,,
1,[31],31,53,component_54,0.0,-0.00012213464425768353,0.00012214486198658392,0.0,,,,
1,[31],31,54,component_55,0.0,-7.56900076057344e-05,0.00012214486198658392,0.0,,,,
1,[31],31,55,component_56,0.0011036068255661886,0.0011036068255661886,0.00012214486198658392,0.0011036068255661886,,,,
1,[31],31,56,component_57,0.006477995229034429,0.006477995229034429,0.00012214486198658392,0.006477995229034429,,,,
1,[31],31,57,component_58,0.0021757799436774097,0.0021757799436774097,0.00012214486198658392,0.0021757799436774097,,,,
1,[31],31,58,component_59,0.0005306295691367733,0.0005306295691367733,0.00012214486198658392,0.0005306295691367733,,,,
1,[31],31,59,component_60,0.0,-0.00011903905941683469,0.00012214486198658392,0.0,,,,
1,[32],32,0,component_01,0.00047197789009970905,0.00047197789009970905,0.00012214486198658392,0.00047197789009970905,,,,
1,[32],32,1,component_02,0.0,-9.727305113435355e-05,0.00012214486198658392,0.0,,,,
1,[32],32,2,component_03,3.9350569287594205e-05,3.9350569287594205e-05,0.00012214486198658392,3.9350569287594205e-05,,,,
1,[32],32,3,component_04,0.0008157042429621072,0.0008157042429621072,0.00012214486198658392,0.0008157042429621072,,,,
1,[32],32,4,component_05,0.0003441449966074447,0.0003441449966074447,0.00012214486198658392,0.0003441449966074447,,,,
1,[32],32,5,component_06,0.0,-0.00010953364916955864,0.00012214486198658392,0.0,,,,
1,[32],32,6,component_07,0.0,-9.463547821407118e-05,0.00012214486198658392,0.0,,,,
1,[32],32,7,component_08,0.00025461766236701465,0.00025461766236701465,0.00012214486198658392,0.00025461766236701465,,,,
1,[32],32,8,component_09,0.0014430644433107917,0.0014430644433107917,0.00012214486198658392,0.0014430644433107917,,,,
1,[32],32,9,component_10,6.74701646290795e-05,6.74701646290795e-05,0.00012214486198658392,6.74701646290795e-05,,,,
1,[32],32,10,component_11,0.0012919260524768875,0.0012919260524768875,0.00012214486198658392,0.0012919260524768875,,,,
1,[32],32,11,component_12,0.012491690961945068,0.012491690961945068,0.00012214486198658392,0.012491690961945068,,,,
1,[32],32,12,component_13,0.0,-0.00012213558119751123,0.00012214486198658392,0.0,,,,
1,[32],32,13,component_14,2.7830953311492175e-05,2.7830953311492175e-05,0.00012214486198658392,2.7830953311492175e-05,,,,
1,[32],32,14,component_15,0.0029070567437384587,0.0029070567437384587,0.00012214486198658392,0.0029070567437384587,,,,
1,[32],32,15,component_16,0.0002762887720690291,0.0002762887720690291,0.00012214486198658392,0.0002762887720690291,,,,
1,[32],32,16,component_17,0.01862853845417703,0.01862853845417703,0.00012214486198658392,0.01862853845417703,,,,
1,[32],32,17,component_18,0.00025618526259736467,0.00025618526259736467,0.00012214486198658392,0.00025618526259736467,,,,
1,[32],32,18,component_19,0.02009666957327146,0.02009666957327146,0.00012214486198658392,0.02009666957327146,,,,
1,[32],32,19,component_20,0.025042954348737097,0.025042954348737097,0.00012214486198658392,0.025042954348737097,,,,
1,[32],32,20,component_21,0.001150381933309012,0.001150381933309012,0.00012214486198658392,0.001150381933309012,,,,
1,[32],32,21,component_22,0.011354950740974569,0.011354950740974569,0.00012214486198658392,0.011354950740974569,,,,
1,[32],32,22,component_23,0.0,-2.1312800411641834e-05,0.00012214486198658392,0.0,,,,
1,[32],32,23,component_24,0.0,-3.916539574023764e-05,0.00012214486198658392,0.0,,,,
1,[32],32,24,component_25,0.0043198534287307,0.0043198534287307,0.00012214486198658392,0.0043198534287307,,,,
1,[32],32,25,component_26,0.0008293926209861993,0.0008293926209861993,0.00012214486198658392,0.0008293926209861993,,,,
1,[32],32,26,component_27,0.009809429257948563,0.009809429257948563,0.00012214486198658392,0.009809429257948563,,,,
1,[32],32,27,component_28,0.01885826403120041,0.01885826403120041,0.00012214486198658392,0.01885826403120041,,,,
1,[32],32,28,component_29,0.0005145905021166759,0.0005145905021166759,0.00012214486198658392,0.0005145905021166759,,,,
1,[32],32,29,component_30,0.0009616916834899168,0.0009616916834899168,0.00012214486198658392,0.0009616916834899168,,,,
1,[32],32,30,component_31,0.0,-0.00012214485106125606,0.00012214486198658392,0.0,,,,
1,[32],32,31,component_32,0.0022109217846937156,0.0022109217846937156,0.00012214486198658392,0.0022109217846937156,,,,
1,[32],32,32,component_33,0.1599597754043523,0.1599597754043523,0.00012214486198658392,0.1599597754043523,,,,
1,[32],32,33,component_34,0.0001070322787312911,0.0001070322787312911,0.00012214486198658392,0.0001070322787312911,,,,
1,[32],32,34,component_35,0.0023646930308546437,0.0023646930308546437,0.00012214486198658392,0.0023646930308546437,,,,
1,[32],32,35,component_36,0.0005384487235490275,0.0005384487235490275,0.00012214486198658392,0.0005384487235490275,,,,
1,[32],32,36,component_37,0.02676710491910253,0.02676710491910253,0.00012214486198658392,0.02676710491910253,,,,
1,[32],32,37,component_38,0.0005410607473096685,0.0005410607473096685,0.00012214486198658392,0.0005410607473096685,,,,
1,[32],32,38,component_39,0.0,-7.125521073719857e-05,0.00012214486198658392,0.0,,,,
1,[32],32,39,component_40,0.00048395427104881136,0.00048395427104881136,0.00012214486198658392,0.00048395427104881136,,,,
1,[32],32,40,component_41,0.0007317831514316367,0.0007317831514316367,0.00012214486198658392,0.0007317831514316367,,,,
1,[32],32,41,component_42,0.0,-0.00010246025374601231,0.00012214486198658392,0.0,,,,
1,[32],32,42,component_43,0.022838116078633224,0.022838116078633224,0.00012214486198658392,0.022838116078633224,,,,
1,[32],32,43,component_44,0.022426075962012675,0.022426075962012675,0.00012214486198658392,0.022426075962012675,,,,
1,[32],32,44,component_45,0.002395854859807165,0.002395854859807165,0.00012214486198658392,0.002395854859807165,,,,
1,[32],32,45,component_46,0.00037011365842961176,0.00037011365842961176,0.00012214486198658392,0.00037011365842961176,,,,
1,[32],32,46,component_47,0.0008783721703611948,0.0008783721703611948,0.00012214486198658392,0.0008783721703611948,,,,
1,[32],32,47,component_48,0.0,-0.0001165776282454059,0.00012214486198658392,0.0,,,,
1,[32],32,48,component_49,0.0,-7.974522404972538e-05,0.00012214486198658392,0.0,,,,
1,[32],32,49,component_50,0.000401334417077813,0.000401334417077813,0.00012214486198658392,0.000401334417077813,,,,
1,[32],32,50,component_51,0.0,-0.00011968421385991272,0.00012214486198658392,0.0,,,,
1,[32],32,51,component_52,0.005769557057731736,0.005769557057731736,0.00012214486198658392,0.005769557057731736,,,,
1,[32],32,52,component_53,0.0011767357859408726,0.0011767357859408726,0.00012214486198658392,0.0011767357859408726,,,,
1,[32],32,53,component_54,0.0008061652157707556,0.0008061652157707556,0.00012214486198658392,0.0008061652157707556,,,,
1,[32],32,54,component_55,0.00032125299748146684,0.00032125299748146684,0.00012214486198658392,0.00032125299748146684,,,,
1,[32],32,55,component_56,0.0030725535459889437,0.0030725535459889437,0.00012214486198658392,0.0030725535459889437,,,,
1,[32],32,56,component_57,0.0015901911921660126,0.0015901911921660126,0.00012214486198658392,0.0015901911921660126,,,,
1,[32],32,57,component_58,0.0007102415326028269,0.0007102415326028269,0.00012214486198658392,0.0007102415326028269,,,,
1,[32],32,58,component_59,6.0844203222895925e-06,6.0844203222895925e-06,0.00012214486198658392,6.0844203222895925e-06,,,,
1,[32],32,59,component_60,0.0,-3.121652463148591e-05,0.00012214486198658392,0.0,,,,
1,[33],33,0,component_01,0.0005807133903160676,0.0005807133903160676,0.00012214486198658392,0.0005807133903160676,,,,
1,[33],33,1,component_02,0.0007789415668384771,0.0007789415668384771,0.00012214486198658392,0.0007789415668384771,,,,
1,[33],33,2,component_03,0.00016663554472227192,0.00016663554472227192,0.00012214486198658392,0.00016663554472227192,,,,
1,[33],33,3,component_04,0.0,-1.9773767479899974e-05,0.00012214486198658392,0.0,,,,
1,[33],33,4,component_05,0.0,-6.702767174813934e-05,0.00012214486198658392,0.0,,,,
1,[33],33,5,component_06,0.0010700153017998847,0.0010700153017998847,0.00012214486198658392,0.0010700153017998847,,,,
1,[33],33,6,component_07,0.00018542006841634154,0.00018542006841634154,0.00012214486198658392,0.00018542006841634154,,,,
1,[33],33,7,component_08,0.0012717950717835214,0.0012717950717835214,0.00012214486198658392,0.0012717950717835214,,,,
1,[33],33,8,component_09,0.00013700689932241616,0.00013700689932241616,0.00012214486198658392,0.00013700689932241616,,,,
1,[33],33,9,component_10,0.0064585618974330955,0.0064585618974330955,0.00012214486198658392,0.0064585618974330955,,,,
1,[33],33,10,component_11,4.3312985002496554e-05,4.3312985002496554e-05,0.00012214486198658392,4.3312985002496554e-05,,,,
1,[33],33,11,component_12,0.0,-5.272756995870344e-05,0.00012214486198658392,0.0,,,,
1,[33],33,12,component_13,0.0019906660333094085,0.0019906660333094085,0.00012214486198658392,0.0019906660333094085,,,,
1,[33],33,13,component_14,0.0,-0.00012149458627852894,0.00012214486198658392,0.0,,,,
1,[33],33,14,component_15,0.006896181050901163,0.006896181050901163,0.00012214486198658392,0.006896181050901163,,,,
1,[33],33,15,component_16,0.0,-0.00012040867180628672,0.00012214486198658392,0.0,,,,
1,[33],33,16,component_17,0.0003893022862353718,0.0003893022862353718,0.00012214486198658392,0.0003893022862353718,,,,
1,[33],33,17,component_18,0.0037447671098239203,0.0037447671098239203,0.00012214486198658392,0.0037447671098239203,,,,
1,[33],33,18,component_19,0.0004958839443688978,0.0004958839443688978,0.00012214486198658392,0.0004958839443688978,,,,
1,[33],33,19,component_20,0.0011376407567890122,0.0011376407567890122,0.00012214486198658392,0.0011376407567890122,,,,
1,[33],33,20,component_21,6.054108388420205e-05,6.054108388420205e-05,0.00012214486198658392,6.054108388420205e-05,,,,
1,[33],33,21,component_22,0.001601697907169105,0.001601697907169105,0.00012214486198658392,0.001601697907169105,,,,
1,[33],33,22,component_23,0.0030816720969413887,0.0030816720969413887,0.00012214486198658392,0.0030816720969413887,,,,
1,[33],33,23,component_24,0.0007540346954652897,0.0007540346954652897,0.00012214486198658392,0.0007540346954652897,,,,
1,[33],33,24,component_25,0.013156884196059596,0.013156884196059596,0.00012214486198658392,0.013156884196059596,,,,
1,[33],33,25,component_26,0.0,-0.00012208177588006355,0.00012214486198658392,0.0,,,,
1,[33],33,26,component_27,0.0017529706432667085,0.0017529706432667085,0.00012214486198658392,0.0017529706432667085,,,,
1,[33],33,27,component_28,0.0,-0.00012196855446148274,0.00012214486198658392,0.0,,,,
1,[33],33,28,component_29,0.0004792985876304911,0.0004792985876304911,0.00012214486198658392,0.0004792985876304911,,,,
1,[33],33,29,component_30,0.0008219192375061799,0.0008219192375061799,0.00012214486198658392,0.0008219192375061799,,,,
1,[33],33,30,component_31,0.0018146196039591509,0.0018146196039591509,0.00012214486198658392,0.0018146196039591509,,,,
1,[33],33,31,component_32,0.0,-0.00012147112468595145,0.00012214486198658392,0.0,,,,
1,[33],33,32,component_33,0.00045995231158542425,0.00045995231158542425,0.00012214486198658392,0.00045995231158542425,,,,
1,[33],33,33,component_34,0.12512428450374685,0.12512428450374685,0.00012214486198658392,0.12512428450374685,,,,
1,[33],33,34,component_35,0.00017851482076067398,0.00017851482076067398,0.00012214486198658392,0.00017851482076067398,,,,
1,[33],33,35,component_36,0.0007807030634909691,0.0007807030634909691,0.00012214486198658392,0.0007807030634909691,,,,
1,[33],33,36,component_37,0.0,-5.8371017631452925e-06,0.00012214486198658392,0.0,,,,
1,[33],33,37,component_38,0.0008854148435301018,0.0008854148435301018,0.00012214486198658392,0.0008854148435301018,,,,
1,[33],33,38,component_39,0.002682235126453732,0.002682235126453732,0.00012214486198658392,0.002682235126453732,,,,
1,[33],33,39,component_40,0.01588933112447031,0.01588933112447031,0.00012214486198658392,0.01588933112447031,,,,
1,[33],33,40,component_41,0.0009544592906330912,0.0009544592906330912,0.00012214486198658392,0.0009544592906330912,,,,
1,[33],33,41,component_42,0.001736920572252872,0.001736920572252872,0.00012214486198658392,0.001736920572252872,,,,
1,[33],33,42,component_43,0.0010438765616591255,0.0010438765616591255,0.00012214486198658392,0.0010438765616591255,,,,
1,[33],33,43,component_44,0.00039029215527835006,0.00039029215527835006,0.00012214486198658392,0.00039029215527835006,,,,
1,[33],33,44,component_45,0.000617885039267172,0.000617885039267172,0.00012214486198658392,0.000617885039267172,,,,
1,[33],33,45,component_46,0.0005865978090231939,0.0005865978090231939,0.00012214486198658392,0.0005865978090231939,,,,
1,[33],33,46,component_47,0.0,-5.870517160179106e-05,0.00012214486198658392,0.0,,,,
1,[33],33,47,component_48,0.0004838367352732776,0.0004838367352732776,0.00012214486198658392,0.0004838367352732776,,,,
1,[33],33,48,component_49,0.0015432286525638064,0.0015432286525638064,0.00012214486198658392,0.0015432286525638064,,,,
1,[33],33,49,component_50,0.012623895714227066,0.012623895714227066,0.00012214486198658392,0.012623895714227066,,,,
1,[33],33,50,component_51,0.0,-0.00010331074062654033,0.00012214486198658392,0.0,,,,
1,[33],33,51,component_52,0.004071648933370937,0.004071648933370937,0.00012214486198658392,0.004071648933370937,,,,
1,[33],33,52,component_53,0.0012950953068212423,0.0012950953068212423,0.00012214486198658392,0.0012950953068212423,,,,
1,[33],33,53,component_54,0.0027005705789815,0.0027005705789815,0.00012214486198658392,0.0027005705789815,,,,
1,[33],33,54,component_55,8.170447952576875e-05,8.170447952576875e-05,0.00012214486198658392,8.170447952576875e-05,,,,
1,[33],33,55,component_56,0.031202667064653435,0.031202667064653435,0.00012214486198658392,0.031202667064653435,,,,
1,[33],33,56,component_57,0.0,-0.00011916388935499905,0.00012214486198658392,0.0,,,,
1,[33],33,57,component_58,0.0005681018411211312,0.0005681018411211312,0.00012214486198658392,0.0005681018411211312,,,,
1,[33],33,58,component_59,0.0,-0.00010473811962803285,0.00012214486198658392,0.0,,,,
1,[33],33,59,component_60,0.003275758733255666,0.003275758733255666,0.00012214486198658392,0.003275758733255666,,,,
1,[34],34,0,component_01,6.648777065584174e-05,6.648777065584174e-05,0.00012214486198658392,6.648777065584174e-05,,,,
1,[34],34,1,component_02,0.00444817210705592,0.00444817210705592,0.00012214486198658392,0.00444817210705592,,,,
1,[34],34,2,component_03,0.00034092331558263644,0.00034092331558263644,0.00012214486198658392,0.00034092331558263644,,,,
1,[34],34,3,component_04,0.001267961179699921,0.001267961179699921,0.00012214486198658392,0.001267961179699921,,,,
1,[34],34,4,component_05,0.0003871245779937603,0.0003871245779937603,0.00012214486198658392,0.0003871245779937603,,,,
1,[34],34,5,component_06,0.0,-2.8279596699677602e-05,0.00012214486198658392,0.0,,,,
1,[34],34,6,component_07,0.00031358921534719566,0.00031358921534719566,0.00012214486198658392,0.00031358921534719566,,,,
1,[34],34,7,component_08,0.0005743424410911638,0.0005743424410911638,0.00012214486198658392,0.0005743424410911638,,,,
1,[34],34,8,component_09,0.0008393754426384884,0.0008393754426384884,0.00012214486198658392,0.0008393754426384884,,,,
1,[34],34,9,component_10,0.0,-9.674928079939901e-05,0.00012214486198658392,0.0,,,,
1,[34],34,10,component_11,0.00025484390161791264,0.00025484390161791264,0.00012214486198658392,0.00025484390161791264,,,,
1,[34],34,11,component_12,0.0035965843641410362,0.0035965843641410362,0.00012214486198658392,0.0035965843641410362,,,,
1,[34],34,12,component_13,0.001375390973734649,0.001375390973734649,0.00012214486198658392,0.001375390973734649,,,,
1,[34],34,13,component_14,0.0,-0.00010080678071531507,0.00012214486198658392,0.0,,,,
1,[34],34,14,component_15,0.0003599956975680747,0.0003599956975680747,0.00012214486198658392,0.0003599956975680747,,,,
1,[34],34,15,component_16,0.003478676155437841,0.003478676155437841,0.00012214486198658392,0.003478676155437841,,,,
1,[34],34,16,component_17,0.00037039451659275487,0.00037039451659275487,0.00012214486198658392,0.00037039451659275487,,,,
1,[34],34,17,component_18,0.0008213652057002712,0.0008213652057002712,0.00012214486198658392,0.0008213652057002712,,,,
1,[34],34,18,component_19,0.004631251198083351,0.004631251198083351,0.00012214486198658392,0.004631251198083351,,,,
1,[34],34,19,component_20,2.1987427032098e-05,2.1987427032098e-05,0.00012214486198658392,2.1987427032098e-05,,,,
1,[34],34,20,component_21,0.0,-0.00011242013737838461,0.00012214486198658392,0.0,,,,
1,[34],34,21,component_22,0.0021262511022995074,0.0021262511022995074,0.00012214486198658392,0.0021262511022995074,,,,
1,[34],34,22,component_23,3.811711673254651e-05,3.811711673254651e-05,0.00012214486198658392,3.811711673254651e-05,,,,
1,[34],34,23,component_24,0.0007748937143448839,0.0007748937143448839,0.00012214486198658392,0.0007748937143448839,,,,
1,[34],34,24,component_25,0.0029288160215691856,0.0029288160215691856,0.00012214486198658392,0.0029288160215691856,,,,
1,[34],34,25,component_26,0.0,-9.219956754140683e-05,0.00012214486198658392,0.0,,,,
1,[34],34,26,component_27,5.8497799029628126e-05,5.8497799029628126e-05,0.00012214486198658392,5.8497799029628126e-05,,,,
1,[34],34,27,component_28,0.0,-0.00010643953684738746,0.00012214486198658392,0.0,,,,
1,[34],34,28,component_29,0.0,-4.311417810432466e-05,0.00012214486198658392,0.0,,,,
1,[34],34,29,component_30,0.00020710576387472445,0.00020710576387472445,0.00012214486198658392,0.00020710576387472445,,,,
1,[34],34,30,component_31,3.746550423245091e-05,3.746550423245091e-05,0.00012214486198658392,3.746550423245091e-05,,,,
1,[34],34,31,component_32,0.0018633909614285456,0.0018633909614285456,0.00012214486198658392,0.0018633909614285456,,,,
1,[34],34,32,component_33,0.0033833690794201534,0.0033833690794201534,0.00012214486198658392,0.0033833690794201534,,,,
1,[34],34,33,component_34,0.0,-5.5921288444304664e-05,0.00012214486198658392,0.0,,,,
1,[34],34,34,component_35,0.13127963772447615,0.13127963772447615,0.00012214486198658392,0.13127963772447615,,,,
1,[34],34,35,component_36,0.0,-9.122655210397332e-05,0.00012214486198658392,0.0,,,,
1,[34],34,36,component_37,0.0020208101648938387,0.0020208101648938387,0.00012214486198658392,0.0020208101648938387,,,,
1,[34],34,37,component_38,0.002754403089972602,0.002754403089972602,0.00012214486198658392,0.002754403089972602,,,,
1,[34],34,38,component_39,0.004347634888287108,0.004347634888287108,0.00012214486198658392,0.004347634888287108,,,,
1,[34],34,39,component_40,0.0006488327674093948,0.0006488327674093948,0.00012214486198658392,0.0006488327674093948,,,,
1,[34],34,40,component_41,0.0,-9.017585167989036e-05,0.00012214486198658392,0.0,,,,
1,[34],34,41,component_42,6.779766006729206e-05,6.779766006729206e-05,0.00012214486198658392,6.779766006729206e-05,,,,
1,[34],34,42,component_43,0.0004052836132392591,0.0004052836132392591,0.00012214486198658392,0.0004052836132392591,,,,
1,[34],34,43,component_44,0.0015980961093751658,0.0015980961093751658,0.00012214486198658392,0.0015980961093751658,,,,
1,[34],34,44,component_45,0.00284406544682744,0.00284406544682744,0.00012214486198658392,0.00284406544682744,,,,
1,[34],34,45,component_46,0.0024971675959728256,0.0024971675959728256,0.00012214486198658392,0.0024971675959728256,,,,
1,[34],34,46,component_47,0.002903696854890853,0.002903696854890853,0.00012214486198658392,0.002903696854890853,,,,
1,[34],34,47,component_48,0.010964259557164525,0.010964259557164525,0.00012214486198658392,0.010964259557164525,,,,
1,[34],34,48,component_49,0.0,-4.260916554416029e-05,0.00012214486198658392,0.0,,,,
1,[34],34,49,component_50,0.0004788993412853642,0.0004788993412853642,0.00012214486198658392,0.0004788993412853642,,,,
1,[34],34,50,component_51,0.0007283819483578064,0.0007283819483578064,0.00012214486198658392,0.0007283819483578064,,,,
1,[34],34,51,component_52,0.010873354167285364,0.010873354167285364,0.00012214486198658392,0.010873354167285364,,,,
1,[34],34,52,component_53,0.00068052974300401,0.00068052974300401,0.00012214486198658392,0.00068052974300401,,,,
1,[34],34,53,component_54,0.0,-0.00010816923772941292,0.00012214486198658392,0.0,,,,
1,[34],34,54,component_55,0.009403582439545772,0.009403582439545772,0.00012214486198658392,0.009403582439545772,,,,
1,[34],34,55,component_56,0.0,-5.27271492699195e-05,0.00012214486198658392,0.0,,,,
1,[34],34,56,component_57,0.0009744527422910656,0.0009744527422910656,0.00012214486198658392,0.0009744527422910656,,,,
1,[34],34,57,component_58,0.001071976131191523,0.001071976131191523,0.00012214486198658392,0.001071976131191523,,,,
1,[34],34,58,component_59,0.00014129415731604713,0.00014129415731604713,0.00012214486198658392,0.00014129415731604713,,,,
1,[34],34,59,component_60,0.0024562310053325613,0.0024562310053325613,0.00012214486198658392,0.0024562310053325613,,,,
1,[35],35,0,component_01,0.01407100280164577,0.01407100280164577,0.00012214486198658392,0.01407100280164577,,,,
1,[35],35,1,component_02,0.0035176665290087734,0.0035176665290087734,0.00012214486198658392,0.0035176665290087734,,,,
1,[35],35,2,component_03,3.7782533217819005e-05,3.7782533217819005e-05,0.00012214486198658392,3.7782533217819005e-05,,,,
1,[35],35,3,component_04,0.0010017681294810202,0.0010017681294810202,0.00012214486198658392,0.0010017681294810202,,,,
1,[35],35,4,component_05,0.0,-7.422079682839028e-05,0.00012214486198658392,0.0,,,,
1,[35],35,5,component_06,0.010369797963177668,0.010369797963177668,0.00012214486198658392,0.010369797963177668,,,,
1,[35],35,6,component_07,0.0005749418996535767,0.0005749418996535767,0.00012214486198658392,0.0005749418996535767,,,,
1,[35],35,7,component_08,0.0009783240996053908,0.0009783240996053908,0.00012214486198658392,0.0009783240996053908,,,,
1,[35],35,8,component_09,0.021075161356374574,0.021075161356374574,0.00012214486198658392,0.021075161356374574,,,,
1,[35],35,9,component_10,0.004028853669971758,0.004028853669971758,0.00012214486198658392,0.004028853669971758,,,,
1,[35],35,10,component_11,0.003104301363148477,0.003104301363148477,0.00012214486198658392,0.003104301363148477,,,,
1,[35],35,11,component_12,0.0016555256045366125,0.0016555256045366125,0.00012214486198658392,0.0016555256045366125,,,,
1,[35],35,12,component_13,0.0,-5.688605982939304e-05,0.00012214486198658392,0.0,,,,
1,[35],35,13,component_14,0.003085056354550887,0.003085056354550887,0.00012214486198658392,0.003085056354550887,,,,
1,[35],35,14,component_15,0.0030614164692039352,0.0030614164692039352,0.00012214486198658392,0.0030614164692039352,,,,
1,[35],35,15,component_16,0.013429415884279487,0.013429415884279487,0.00012214486198658392,0.013429415884279487,,,,
1,[35],35,16,component_17,0.0007229183439194653,0.0007229183439194653,0.00012214486198658392,0.0007229183439194653,,,,
1,[35],35,17,component_18,0.007614768547193234,0.007614768547193234,0.00012214486198658392,0.007614768547193234,,,,
1,[35],35,18,component_19,0.003240233805110847,0.003240233805110847,0.00012214486198658392,0.003240233805110847,,,,
1,[35],35,19,component_20,0.0002537626372463371,0.0002537626372463371,0.00012214486198658392,0.0002537626372463371,,,,
1,[35],35,20,component_21,0.015989092924614264,0.015989092924614264,0.00012214486198658392,0.015989092924614264,,,,
1,[35],35,21,component_22,0.001404221644417657,0.001404221644417657,0.00012214486198658392,0.001404221644417657,,,,
1,[35],35,22,component_23,0.0,-0.00012154174075920175,0.00012214486198658392,0.0,,,,
1,[35],35,23,component_24,0.010075191263149997,0.010075191263149997,0.00012214486198658392,0.010075191263149997,,,,
1,[35],35,24,component_25,0.00015805634101476992,0.00015805634101476992,0.00012214486198658392,0.00015805634101476992,,,,
1,[35],35,25,component_26,0.015836258425705123,0.015836258425705123,0.00012214486198658392,0.015836258425705123,,,,
1,[35],35,26,component_27,0.0,-8.138334399042873e-05,0.00012214486198658392,0.0,,,,
1,[35],35,27,component_28,0.0003071319385167056,0.0003071319385167056,0.00012214486198658392,0.0003071319385167056,,,,
1,[35],35,28,component_29,0.0,-5.640830120273648e-05,0.00012214486198658392,0.0,,,,
1,[35],35,29,component_30,0.0024094326941093347,0.0024094326941093347,0.00012214486198658392,0.0024094326941093347,,,,
1,[35],35,30,component_31,4.316471086250793e-05,4.316471086250793e-05,0.00012214486198658392,4.316471086250793e-05,,,,
1,[35],35,31,component_32,8.752644253061883e-05,8.752644253061883e-05,0.00012214486198658392,8.752644253061883e-05,,,,
1,[35],35,32,component_33,0.0026608831451790777,0.0026608831451790777,0.00012214486198658392,0.0026608831451790777,,,,
1,[35],35,33,component_34,0.0027702896637442644,0.0027702896637442644,0.00012214486198658392,0.0027702896637442644,,,,
1,[35],35,34,component_35,0.004488038064966677,0.004488038064966677,0.00012214486198658392,0.004488038064966677,,,,
1,[35],35,35,component_36,0.1382783201919402,0.1382783201919402,0.00012214486198658392,0.1382783201919402,,,,
1,[35],35,36,component_37,0.003797273969655954,0.003797273969655954,0.00012214486198658392,0.003797273969655954,,,,
1,[35],35,37,component_38,1.0333154544047113e-05,1.0333154544047113e-05,0.00012214486198658392,1.0333154544047113e-05,,,,
1,[35],35,38,component_39,0.0008199051290246329,0.0008199051290246329,0.00012214486198658392,0.0008199051290246329,,,,
1,[35],35,39,component_40,0.00042298491011102046,0.00042298491011102046,0.00012214486198658392,0.00042298491011102046,,,,
1,[35],35,40,component_41,0.01721226694543338,0.01721226694543338,0.00012214486198658392,0.01721226694543338,,,,
1,[35],35,41,component_42,0.004416986489698852,0.004416986489698852,0.00012214486198658392,0.004416986489698852,,,,
1,[35],35,42,component_43,0.003564715225579165,0.003564715225579165,0.00012214486198658392,0.003564715225579165,,,,
1,[35],35,43,component_44,9.838631652134942e-05,9.838631652134942e-05,0.00012214486198658392,9.838631652134942e-05,,,,
1,[35],35,44,component_45,0.0,-5.5683070983445984e-05,0.00012214486198658392,0.0,,,,
1,[35],35,45,component_46,0.009198465640563924,0.009198465640563924,0.00012214486198658392,0.009198465640563924,,,,
1,[35],35,46,component_47,0.005201012907953366,0.005201012907953366,0.00012214486198658392,0.005201012907953366,,,,
1,[35],35,47,component_48,0.015472941822782357,0.015472941822782357,0.00012214486198658392,0.015472941822782357,,,,
1,[35],35,48,component_49,0.0004473559941809576,0.0004473559941809576,0.00012214486198658392,0.0004473559941809576,,,,
1,[35],35,49,component_50,0.0023576015832651545,0.0023576015832651545,0.00012214486198658392,0.0023576015832651545,,,,
1,[35],35,50,component_51,0.0031746394547997733,0.0031746394547997733,0.00012214486198658392,0.0031746394547997733,,,,
1,[35],35,51,component_52,0.008505599732314458,0.008505599732314458,0.00012214486198658392,0.008505599732314458,,,,
1,[35],35,52,component_53,0.0008479731960017495,0.0008479731960017495,0.00012214486198658392,0.0008479731960017495,,,,
1,[35],35,53,component_54,0.002164060910861147,0.002164060910861147,0.00012214486198658392,0.002164060910861147,,,,
1,[35],35,54,component_55,0.00015501267983695195,0.00015501267983695195,0.00012214486198658392,0.00015501267983695195,,,,
1,[35],35,55,component_56,0.0017212777005733684,0.0017212777005733684,0.00012214486198658392,0.0017212777005733684,,,,
1,[35],35,56,component_57,3.812767197362905e-05,3.812767197362905e-05,0.00012214486198658392,3.812767197362905e-05,,,,
1,[35],35,57,component_58,0.0031784705039611992,0.0031784705039611992,0.00012214486198658392,0.0031784705039611992,,,,
1,[35],35,58,component_59,0.007887261930068144,0.007887261930068144,0.00012214486198658392,0.007887261930068144,,,,
1,[35],35,59,component_60,0.0,-1.8964643338669233e-05,0.00012214486198658392,0.0,,,,
1,[36],36,0,component_01,0.003125406701514652,0.003125406701514652,0.00012214486198658392,0.003125406701514652,,,,
1,[36],36,1,component_02,0.003434449927652923,0.003434449927652923,0.00012214486198658392,0.003434449927652923,,,,
1,[36],36,2,component_03,0.003575607084945431,0.003575607084945431,0.00012214486198658392,0.003575607084945431,,,,
1,[36],36,3,component_04,0.0018268011494254406,0.0018268011494254406,0.00012214486198658392,0.0018268011494254406,,,,
1,[36],36,4,component_05,0.0026992651300673273,0.0026992651300673273,0.00012214486198658392,0.0026992651300673273,,,,
1,[36],36,5,component_06,4.027971658660407e-05,4.027971658660407e-05,0.00012214486198658392,4.027971658660407e-05,,,,
1,[36],36,6,component_07,0.0028725046399685284,0.0028725046399685284,0.00012214486198658392,0.0028725046399685284,,,,
1,[36],36,7,component_08,0.0,-3.94178593605553e-06,0.00012214486198658392,0.0,,,,
1,[36],36,8,component_09,0.00021224394089492738,0.00021224394089492738,0.00012214486198658392,0.00021224394089492738,,,,
1,[36],36,9,component_10,0.00015586000680408167,0.00015586000680408167,0.00012214486198658392,0.00015586000680408167,,,,
1,[36],36,10,component_11,0.00419511177078825,0.00419511177078825,0.00012214486198658392,0.00419511177078825,,,,
1,[36],36,11,component_12,0.0021844686428561153,0.0021844686428561153,0.00012214486198658392,0.0021844686428561153,,,,
1,[36],36,12,component_13,0.002526244011990959,0.002526244011990959,0.00012214486198658392,0.002526244011990959,,,,
1,[36],36,13,component_14,0.000288773281959514,0.000288773281959514,0.00012214486198658392,0.000288773281959514,,,,
1,[36],36,14,component_15,0.004540130816053919,0.004540130816053919,0.00012214486198658392,0.004540130816053919,,,,
1,[36],36,15,component_16,0.0005214265578503009,0.0005214265578503009,0.00012214486198658392,0.0005214265578503009,,,,
1,[36],36,16,component_17,0.003349967098265889,0.003349967098265889,0.00012214486198658392,0.003349967098265889,,,,
1,[36],36,17,component_18,0.004078381246749885,0.004078381246749885,0.00012214486198658392,0.004078381246749885,,,,
1,[36],36,18,component_19,0.0008321758163806566,0.0008321758163806566,0.00012214486198658392,0.0008321758163806566,,,,
1,[36],36,19,component_20,0.005807422637244618,0.005807422637244618,0.00012214486198658392,0.005807422637244618,,,,
1,[36],36,20,component_21,3.954239867497687e-05,3.954239867497687e-05,0.00012214486198658392,3.954239867497687e-05,,,,
1,[36],36,21,component_22,0.0,-8.051820310673815e-05,0.00012214486198658392,0.0,,,,
1,[36],36,22,component_23,0.0004213993646800672,0.0004213993646800672,0.00012214486198658392,0.0004213993646800672,,,,
1,[36],36,23,component_24,0.0,-1.398601842446341e-05,0.00012214486198658392,0.0,,,,
1,[36],36,24,component_25,0.00062234062085209,0.00062234062085209,0.00012214486198658392,0.00062234062085209,,,,
1,[36],36,25,component_26,0.00039285492894703875,0.00039285492894703875,0.00012214486198658392,0.00039285492894703875,,,,
1,[36],36,26,component_27,0.0050711381024124026,0.0050711381024124026,0.00012214486198658392,0.0050711381024124026,,,,
1,[36],36,27,component_28,0.0001241251170631687,0.0001241251170631687,0.00012214486198658392,0.0001241251170631687,,,,
1,[36],36,28,component_29,0.00025086077879735863,0.00025086077879735863,0.00012214486198658392,0.00025086077879735863,,,,
1,[36],36,29,component_30,0.00011717750632046076,0.00011717750632046076,0.00012214486198658392,0.00011717750632046076,,,,
1,[36],36,30,component_31,0.0012587040737952753,0.0012587040737952753,0.00012214486198658392,0.0012587040737952753,,,,
1,[36],36,31,component_32,0.006061872131587116,0.006061872131587116,0.00012214486198658392,0.006061872131587116,,,,
1,[36],36,32,component_33,0.00510615655255576,0.00510615655255576,0.00012214486198658392,0.00510615655255576,,,,
1,[36],36,33,component_34,0.00011943426970990022,0.00011943426970990022,0.00012214486198658392,0.00011943426970990022,,,,
1,[36],36,34,component_35,0.0,-0.00011962471752474291,0.00012214486198658392,0.0,,,,
1,[36],36,35,component_36,0.00018084274988427527,0.00018084274988427527,0.00012214486198658392,0.00018084274988427527,,,,
1,[36],36,36,component_37,0.10029001816054264,0.10029001816054264,0.00012214486198658392,0.10029001816054264,,,,
1,[36],36,37,component_38,0.0003810867036144942,0.0003810867036144942,0.00012214486198658392,0.0003810867036144942,,,,
1,[36],36,38,component_39,0.0001165437609952199,0.0001165437609952199,0.00012214486198658392,0.0001165437609952199,,,,
1,[36],36,39,component_40,0.0014791861572546164,0.0014791861572546164,0.00012214486198658392,0.0014791861572546164,,,,
1,[36],36,40,component_41,0.002295878557851065,0.002295878557851065,0.00012214486198658392,0.002295878557851065,,,,
1,[36],36,41,component_42,0.006405866526442857,0.006405866526442857,0.00012214486198658392,0.006405866526442857,,,,
1,[36],36,42,component_43,0.02199382119079871,0.02199382119079871,0.00012214486198658392,0.02199382119079871,,,,
1,[36],36,43,component_44,0.001994538541832734,0.001994538541832734,0.00012214486198658392,0.001994538541832734,,,,
1,[36],36,44,component_45,0.00020271341018979411,0.00020271341018979411,0.00012214486198658392,0.00020271341018979411,,,,
1,[36],36,45,component_46,0.0018284768694543522,0.0018284768694543522,0.00012214486198658392,0.0018284768694543522,,,,
1,[36],36,46,component_47,0.00024212226063000607,0.00024212226063000607,0.00012214486198658392,0.00024212226063000607,,,,
1,[36],36,47,component_48,0.0006023641325948059,0.0006023641325948059,0.00012214486198658392,0.0006023641325948059,,,,
1,[36],36,48,component_49,0.0,-4.9572477763224875e-05,0.00012214486198658392,0.0,,,,
1,[36],36,49,component_50,5.347451699145477e-05,5.347451699145477e-05,0.00012214486198658392,5.347451699145477e-05,,,,
1,[36],36,50,component_51,0.007221976200803453,0.007221976200803453,0.00012214486198658392,0.007221976200803453,,,,
1,[36],36,51,component_52,0.00015638269664294236,0.00015638269664294236,0.00012214486198658392,0.00015638269664294236,,,,
1,[36],36,52,component_53,0.005090211293417215,0.005090211293417215,0.00012214486198658392,0.005090211293417215,,,,
1,[36],36,53,component_54,0.00017066608970700803,0.00017066608970700803,0.00012214486198658392,0.00017066608970700803,,,,
1,[36],36,54,component_55,0.0,-0.00010078809256566188,0.00012214486198658392,0.0,,,,
1,[36],36,55,component_56,0.00201205592345559,0.00201205592345559,0.00012214486198658392,0.00201205592345559,,,,
1,[36],36,56,component_57,0.0,-9.172582964126299e-06,0.00012214486198658392,0.0,,,,
1,[36],36,57,component_58,0.002926460967758748,0.002926460967758748,0.00012214486198658392,0.002926460967758748,,,,
1,[36],36,58,component_59,2.078163138617139e-05,2.078163138617139e-05,0.00012214486198658392,2.078163138617139e-05,,,,
1,[36],36,59,component_60,0.0,-9.325215385233511e-05,0.00012214486198658392,0.0,,,,
1,[37],37,0,component_01,0.0,-0.00011929652798638415,0.00012214486198658392,0.0,,,,
1,[37],37,1,component_02,0.004862686484775053,0.004862686484775053,0.00012214486198658392,0.004862686484775053,,,,
1,[37],37,2,component_03,0.0,-0.00012112442032259681,0.00012214486198658392,0.0,,,,
1,[37],37,3,component_04,0.006649290149557707,0.006649290149557707,0.00012214486198658392,0.006649290149557707,,,,
1,[37],37,4,component_05,0.0007256898484385611,0.0007256898484385611,0.00012214486198658392,0.0007256898484385611,,,,
1,[37],37,5,component_06,0.004372365809116309,0.004372365809116309,0.00012214486198658392,0.004372365809116309,,,,
1,[37],37,6,component_07,0.00034651741337520556,0.00034651741337520556,0.00012214486198658392,0.00034651741337520556,,,,
1,[37],37,7,component_08,0.013177157190846625,0.013177157190846625,0.00012214486198658392,0.013177157190846625,,,,
1,[37],37,8,component_09,0.016137242184751252,0.016137242184751252,0.00012214486198658392,0.016137242184751252,,,,
1,[37],37,9,component_10,0.003056557267889316,0.003056557267889316,0.00012214486198658392,0.003056557267889316,,,,
1,[37],37,10,component_11,0.002184712581218859,0.002184712581218859,0.00012214486198658392,0.002184712581218859,,,,
1,[37],37,11,component_12,0.009174883636506878,0.009174883636506878,0.00012214486198658392,0.009174883636506878,,,,
1,[37],37,12,component_13,0.0030838344880095223,0.0030838344880095223,0.00012214486198658392,0.0030838344880095223,,,,
1,[37],37,13,component_14,0.00022021279758200317,0.00022021279758200317,0.00012214486198658392,0.00022021279758200317,,,,
1,[37],37,14,component_15,0.0016997783220038484,0.0016997783220038484,0.00012214486198658392,0.0016997783220038484,,,,
1,[37],37,15,component_16,0.0010031975358925289,0.0010031975358925289,0.00012214486198658392,0.0010031975358925289,,,,
1,[37],37,16,component_17,0.0010935208318905891,0.0010935208318905891,0.00012214486198658392,0.0010935208318905891,,,,
1,[37],37,17,component_18,0.004762729959481973,0.004762729959481973,0.00012214486198658392,0.004762729959481973,,,,
1,[37],37,18,component_19,0.0001898018664928493,0.0001898018664928493,0.00012214486198658392,0.0001898018664928493,,,,
1,[37],37,19,component_20,0.004778750681556766,0.004778750681556766,0.00012214486198658392,0.004778750681556766,,,,
1,[37],37,20,component_21,0.0012824922237532769,0.0012824922237532769,0.00012214486198658392,0.0012824922237532769,,,,
1,[37],37,21,component_22,0.0,-0.00011113078168423175,0.00012214486198658392,0.0,,,,
1,[37],37,22,component_23,0.0009652994189100483,0.0009652994189100483,0.00012214486198658392,0.0009652994189100483,,,,
1,[37],37,23,component_24,0.000573205889392405,0.000573205889392405,0.00012214486198658392,0.000573205889392405,,,,
1,[37],37,24,component_25,0.0007495606126892436,0.0007495606126892436,0.00012214486198658392,0.0007495606126892436,,,,
1,[37],37,25,component_26,0.002087466189654273,0.002087466189654273,0.00012214486198658392,0.002087466189654273,,,,
1,[37],37,26,component_27,0.005196708753845287,0.005196708753845287,0.00012214486198658392,0.005196708753845287,,,,
1,[37],37,27,component_28,0.005052961236313255,0.005052961236313255,0.00012214486198658392,0.005052961236313255,,,,
1,[37],37,28,component_29,0.0040503108734566105,0.0040503108734566105,0.00012214486198658392,0.0040503108734566105,,,,
1,[37],37,29,component_30,0.0077267431667403024,0.0077267431667403024,0.00012214486198658392,0.0077267431667403024,,,,
1,[37],37,30,component_31,0.0,-6.86755501385341e-05,0.00012214486198658392,0.0,,,,
1,[37],37,31,component_32,7.332263923392137e-05,7.332263923392137e-05,0.00012214486198658392,7.332263923392137e-05,,,,
1,[37],37,32,component_33,0.0,-5.1349864501855043e-05,0.00012214486198658392,0.0,,,,
1,[37],37,33,component_34,0.004067956525287793,0.004067956525287793,0.00012214486198658392,0.004067956525287793,,,,
1,[37],37,34,component_35,0.00040552852945423577,0.00040552852945423577,0.00012214486198658392,0.00040552852945423577,,,,
1,[37],37,35,component_36,0.0016317631291766018,0.0016317631291766018,0.00012214486198658392,0.0016317631291766018,,,,
1,[37],37,36,component_37,0.016498347175497675,0.016498347175497675,0.00012214486198658392,0.016498347175497675,,,,
1,[37],37,37,component_38,0.13734257909724457,0.13734257909724457,0.00012214486198658392,0.13734257909724457,,,,
1,[37],37,38,component_39,0.0007863107581205143,0.0007863107581205143,0.00012214486198658392,0.0007863107581205143,,,,
1,[37],37,39,component_40,0.014988971420210658,0.014988971420210658,0.00012214486198658392,0.014988971420210658,,,,
1,[37],37,40,component_41,0.004079861276516778,0.004079861276516778,0.00012214486198658392,0.004079861276516778,,,,
1,[37],37,41,component_42,0.0,-7.455940348814139e-05,0.00012214486198658392,0.0,,,,
1,[37],37,42,component_43,0.0008416910285735143,0.0008416910285735143,0.00012214486198658392,0.0008416910285735143,,,,
1,[37],37,43,component_44,0.0007283917943949448,0.0007283917943949448,0.00012214486198658392,0.0007283917943949448,,,,
1,[37],37,44,component_45,0.0014681090708465092,0.0014681090708465092,0.00012214486198658392,0.0014681090708465092,,,,
1,[37],37,45,component_46,1.76319998498836e-05,1.76319998498836e-05,0.00012214486198658392,1.76319998498836e-05,,,,
1,[37],37,46,component_47,0.007234159909751556,0.007234159909751556,0.00012214486198658392,0.007234159909751556,,,,
1,[37],37,47,component_48,0.01561603192923752,0.01561603192923752,0.00012214486198658392,0.01561603192923752,,,,
1,[37],37,48,component_49,0.0012298067102950757,0.0012298067102950757,0.00012214486198658392,0.0012298067102950757,,,,
1,[37],37,49,component_50,0.0,-6.670280770093676e-05,0.00012214486198658392,0.0,,,,
1,[37],37,50,component_51,0.0028641457423444123,0.0028641457423444123,0.00012214486198658392,0.0028641457423444123,,,,
1,[37],37,51,component_52,4.2495936046971385e-05,4.2495936046971385e-05,0.00012214486198658392,4.2495936046971385e-05,,,,
1,[37],37,52,component_53,0.0005025218087974867,0.0005025218087974867,0.00012214486198658392,0.0005025218087974867,,,,
1,[37],37,53,component_54,0.0030528076847828817,0.0030528076847828817,0.00012214486198658392,0.0030528076847828817,,,,
1,[37],37,54,component_55,0.002668413320613271,0.002668413320613271,0.00012214486198658392,0.002668413320613271,,,,
1,[37],37,55,component_56,0.0003557980819600359,0.0003557980819600359,0.00012214486198658392,0.0003557980819600359,,,,
1,[37],37,56,component_57,0.007202271888582912,0.007202271888582912,0.00012214486198658392,0.007202271888582912,,,,
1,[37],37,57,component_58,0.0,-7.695812153493068e-05,0.00012214486198658392,0.0,,,,
1,[37],37,58,component_59,0.00451938061352992,0.00451938061352992,0.00012214486198658392,0.00451938061352992,,,,
1,[37],37,59,component_60,0.0006518390344944776,0.0006518390344944776,0.00012214486198658392,0.0006518390344944776,,,,
1,[38],38,0,component_01,0.00040345986753539313,0.00040345986753539313,0.00012214486198658392,0.00040345986753539313,,,,
1,[38],38,1,component_02,0.00011916051717663449,0.00011916051717663449,0.00012214486198658392,0.00011916051717663449,,,,
1,[38],38,2,component_03,0.0009804134472861604,0.0009804134472861604,0.00012214486198658392,0.0009804134472861604,,,,
1,[38],38,3,component_04,0.0,-8.687100766137964e-05,0.00012214486198658392,0.0,,,,
1,[38],38,4,component_05,0.0005523350772284415,0.0005523350772284415,0.00012214486198658392,0.0005523350772284415,,,,
1,[38],38,5,component_06,0.0008555926065671818,0.0008555926065671818,0.00012214486198658392,0.0008555926065671818,,,,
1,[38],38,6,component_07,6.215816699658912e-05,6.215816699658912e-05,0.00012214486198658392,6.215816699658912e-05,,,,
1,[38],38,7,component_08,0.0010343436888933146,0.0010343436888933146,0.00012214486198658392,0.0010343436888933146,,,,
1,[38],38,8,component_09,0.0,-4.236535945340231e-05,0.00012214486198658392,0.0,,,,
1,[38],38,9,component_10,0.0011328469239193322,0.0011328469239193322,0.00012214486198658392,0.0011328469239193322,,,,
1,[38],38,10,component_11,0.0,-3.171669173111487e-05,0.00012214486198658392,0.0,,,,
1,[38],38,11,component_12,0.0,-6.025325711088157e-05,0.00012214486198658392,0.0,,,,
1,[38],38,12,component_13,0.0,-0.00012132523595810433,0.00012214486198658392,0.0,,,,
1,[38],38,13,component_14,0.0002230678193005861,0.0002230678193005861,0.00012214486198658392,0.0002230678193005861,,,,
1,[38],38,14,component_15,0.00027816168182043797,0.00027816168182043797,0.00012214486198658392,0.00027816168182043797,,,,
1,[38],38,15,component_16,0.002301934797289352,0.002301934797289352,0.00012214486198658392,0.002301934797289352,,,,
1,[38],38,16,component_17,0.0002763337378784231,0.0002763337378784231,0.00012214486198658392,0.0002763337378784231,,,,
1,[38],38,17,component_18,0.0031935915066223703,0.0031935915066223703,0.00012214486198658392,0.0031935915066223703,,,,
1,[38],38,18,component_19,0.0005862234924683879,0.0005862234924683879,0.00012214486198658392,0.0005862234924683879,,,,
1,[38],38,19,component_20,0.0,-9.636662175560015e-05,0.00012214486198658392,0.0,,,,
1,[38],38,20,component_21,0.0012434087801657175,0.0012434087801657175,0.00012214486198658392,0.0012434087801657175,,,,
1,[38],38,21,component_22,0.00012149290299118146,0.00012149290299118146,0.00012214486198658392,0.00012149290299118146,,,,
1,[38],38,22,component_23,0.008686065666856493,0.008686065666856493,0.00012214486198658392,0.008686065666856493,,,,
1,[38],38,23,component_24,0.0,-0.0001221265508427049,0.00012214486198658392,0.0,,,,
1,[38],38,24,component_25,9.31703909468231e-05,9.31703909468231e-05,0.00012214486198658392,9.31703909468231e-05,,,,
1,[38],38,25,component_26,0.00028758680490612335,0.00028758680490612335,0.00012214486198658392,0.00028758680490612335,,,,
1,[38],38,26,component_27,0.001107729052099005,0.001107729052099005,0.00012214486198658392,0.001107729052099005,,,,
1,[38],38,27,component_28,0.004186332055326443,0.004186332055326443,0.00012214486198658392,0.004186332055326443,,,,
1,[38],38,28,component_29,0.0,-3.861050791601747e-05,0.00012214486198658392,0.0,,,,
1,[38],38,29,component_30,0.0005289681714161572,0.0005289681714161572,0.00012214486198658392,0.0005289681714161572,,,,
1,[38],38,30,component_31,0.0021527794716483216,0.0021527794716483216,0.00012214486198658392,0.0021527794716483216,,,,
1,[38],38,31,component_32,0.0012554595017106717,0.0012554595017106717,0.00012214486198658392,0.0012554595017106717,,,,
1,[38],38,32,component_33,0.0017177034314829155,0.0017177034314829155,0.00012214486198658392,0.0017177034314829155,,,,
1,[38],38,33,component_34,0.0012064649570152327,0.0012064649570152327,0.00012214486198658392,0.0012064649570152327,,,,
1,[38],38,34,component_35,4.1875778771115955e-05,4.1875778771115955e-05,0.00012214486198658392,4.1875778771115955e-05,,,,
1,[38],38,35,component_36,0.0061179320288001935,0.0061179320288001935,0.00012214486198658392,0.0061179320288001935,,,,
1,[38],38,36,component_37,9.677842244558952e-05,9.677842244558952e-05,0.00012214486198658392,9.677842244558952e-05,,,,
1,[38],38,37,component_38,0.000907938729976206,0.000907938729976206,0.00012214486198658392,0.000907938729976206,,,,
1,[38],38,38,component_39,0.17619527492560405,0.17619527492560405,0.00012214486198658392,0.17619527492560405,,,,
1,[38],38,39,component_40,0.0,-6.372194819216485e-05,0.00012214486198658392,0.0,,,,
1,[38],38,40,component_41,0.0008097493007771596,0.0008097493007771596,0.00012214486198658392,0.0008097493007771596,,,,
1,[38],38,41,component_42,0.0003096695943343294,0.0003096695943343294,0.00012214486198658392,0.0003096695943343294,,,,
1,[38],38,42,component_43,0.002967697911055252,0.002967697911055252,0.00012214486198658392,0.002967697911055252,,,,
1,[38],38,43,component_44,0.00857258598881981,0.00857258598881981,0.00012214486198658392,0.00857258598881981,,,,
1,[38],38,44,component_45,0.002779499688417227,0.002779499688417227,0.00012214486198658392,0.002779499688417227,,,,
1,[38],38,45,component_46,0.002215832892683757,0.002215832892683757,0.00012214486198658392,0.002215832892683757,,,,
1,[38],38,46,component_47,0.014131187020853482,0.014131187020853482,0.00012214486198658392,0.014131187020853482,,,,
1,[38],38,47,component_48,0.0007649829919223883,0.0007649829919223883,0.00012214486198658392,0.0007649829919223883,,,,
1,[38],38,48,component_49,0.008701952365111848,0.008701952365111848,0.00012214486198658392,0.008701952365111848,,,,
1,[38],38,49,component_50,9.550330737414083e-05,9.550330737414083e-05,0.00012214486198658392,9.550330737414083e-05,,,,
1,[38],38,50,component_51,0.00028015187404687174,0.00028015187404687174,0.00012214486198658392,0.00028015187404687174,,,,
1,[38],38,51,component_52,0.0,-0.00011506405644976054,0.00012214486198658392,0.0,,,,
1,[38],38,52,component_53,0.0,-1.7322692611094733e-05,0.00012214486198658392,0.0,,,,
1,[38],38,53,component_54,0.0,-0.00011312908262771156,0.00012214486198658392,0.0,,,,
1,[38],38,54,component_55,0.00125764636283235,0.00125764636283235,0.00012214486198658392,0.00125764636283235,,,,
1,[38],38,55,component_56,0.00019167541100012327,0.00019167541100012327,0.00012214486198658392,0.00019167541100012327,,,,
1,[38],38,56,component_57,8.225156761530882e-05,8.225156761530882e-05,0.00012214486198658392,8.225156761530882e-05,,,,
1,[38],38,57,component_58,0.0,-0.00011597373950337337,0.00012214486198658392,0.0,,,,
1,[38],38,58,component_59,0.0046423013961047425,0.0046423013961047425,0.00012214486198658392,0.0046423013961047425,,,,
1,[38],38,59,component_60,0.006070301699077978,0.006070301699077978,0.00012214486198658392,0.006070301699077978,,,,
1,[39],39,0,component_01,0.00017424125860364268,0.00017424125860364268,0.00012214486198658392,0.00017424125860364268,,,,
1,[39],39,1,component_02,0.0008471472718720935,0.0008471472718720935,0.00012214486198658392,0.0008471472718720935,,,,
1,[39],39,2,component_03,0.0,-0.0001027016591590251,0.00012214486198658392,0.0,,,,
1,[39],39,3,component_04,0.0,-8.320376056333444e-05,0.00012214486198658392,0.0,,,,
1,[39],39,4,component_05,9.533277487955134e-05,9.533277487955134e-05,0.00012214486198658392,9.533277487955134e-05,,,,
1,[39],39,5,component_06,0.00038637024556122026,0.00038637024556122026,0.00012214486198658392,0.00038637024556122026,,,,
1,[39],39,6,component_07,0.0,-0.00012060914828965685,0.00012214486198658392,0.0,,,,
1,[39],39,7,component_08,0.0020371313782839287,0.0020371313782839287,0.00012214486198658392,0.0020371313782839287,,,,
1,[39],39,8,component_09,0.0,-6.273915974736542e-05,0.00012214486198658392,0.0,,,,
1,[39],39,9,component_10,0.0,-7.285532239757335e-05,0.00012214486198658392,0.0,,,,
1,[39],39,10,component_11,0.0,-3.2588659802257325e-05,0.00012214486198658392,0.0,,,,
1,[39],39,11,component_12,0.0008418282280205388,0.0008418282280205388,0.00012214486198658392,0.0008418282280205388,,,,
1,[39],39,12,component_13,0.00046272458294501124,0.00046272458294501124,0.00012214486198658392,0.00046272458294501124,,,,
1,[39],39,13,component_14,0.0009624833424522234,0.0009624833424522234,0.00012214486198658392,0.0009624833424522234,,,,
1,[39],39,14,component_15,0.01362158309296001,0.01362158309296001,0.00012214486198658392,0.01362158309296001,,,,
1,[39],39,15,component_16,2.1288063219743354e-06,2.1288063219743354e-06,0.00012214486198658392,2.1288063219743354e-06,,,,
1,[39],39,16,component_17,0.0031940397876908657,0.0031940397876908657,0.00012214486198658392,0.0031940397876908657,,,,
1,[39],39,17,component_18,0.0010859962364257085,0.0010859962364257085,0.00012214486198658392,0.0010859962364257085,,,,
1,[39],39,18,component_19,0.0,-7.508132067349189e-05,0.00012214486198658392,0.0,,,,
1,[39],39,19,component_20,0.0021614622819628826,0.0021614622819628826,0.00012214486198658392,0.0021614622819628826,,,,
1,[39],39,20,component_21,0.0,-0.0001217845178976023,0.00012214486198658392,0.0,,,,
1,[39],39,21,component_22,0.0,-2.294718190484909e-05,0.00012214486198658392,0.0,,,,
1,[39],39,22,component_23,0.0005260514125052513,0.0005260514125052513,0.00012214486198658392,0.0005260514125052513,,,,
1,[39],39,23,component_24,0.00045516186237973114,0.00045516186237973114,0.00012214486198658392,0.00045516186237973114,,,,
1,[39],39,24,component_25,0.00010156260261142596,0.00010156260261142596,0.00012214486198658392,0.00010156260261142596,,,,
1,[39],39,25,component_26,0.014203555457167437,0.014203555457167437,0.00012214486198658392,0.014203555457167437,,,,
1,[39],39,26,component_27,0.002310698557390429,0.002310698557390429,0.00012214486198658392,0.002310698557390429,,,,
1,[39],39,27,component_28,0.0014020833654247336,0.0014020833654247336,0.00012214486198658392,0.0014020833654247336,,,,
1,[39],39,28,component_29,0.0,-0.00011624414507832798,0.00012214486198658392,0.0,,,,
1,[39],39,29,component_30,0.0,-0.00012174444512342214,0.00012214486198658392,0.0,,,,
1,[39],39,30,component_31,0.0033750925396026973,0.0033750925396026973,0.00012214486198658392,0.0033750925396026973,,,,
1,[39],39,31,component_32,0.0019616562094651956,0.0019616562094651956,0.00012214486198658392,0.0019616562094651956,,,,
1,[39],39,32,component_33,0.0,-0.00012171074214690505,0.00012214486198658392,0.0,,,,
1,[39],39,33,component_34,0.002399842303020039,0.002399842303020039,0.00012214486198658392,0.002399842303020039,,,,
1,[39],39,34,component_35,0.00012696239437904783,0.00012696239437904783,0.00012214486198658392,0.00012696239437904783,,,,
1,[39],39,35,component_36,0.013105304473061555,0.013105304473061555,0.00012214486198658392,0.013105304473061555,,,,
1,[39],39,36,component_37,0.003520966536774649,0.003520966536774649,0.00012214486198658392,0.003520966536774649,,,,
1,[39],39,37,component_38,0.0007837680235578684,0.0007837680235578684,0.00012214486198658392,0.0007837680235578684,,,,
1,[39],39,38,component_39,0.0008503501467139553,0.0008503501467139553,0.00012214486198658392,0.0008503501467139553,,,,
1,[39],39,39,component_40,0.14305801773522586,0.14305801773522586,0.00012214486198658392,0.14305801773522586,,,,
1,[39],39,40,component_41,0.004232098369256337,0.004232098369256337,0.00012214486198658392,0.004232098369256337,,,,
1,[39],39,41,component_42,0.0009166081259024167,0.0009166081259024167,0.00012214486198658392,0.0009166081259024167,,,,
1,[39],39,42,component_43,0.001662257422937596,0.001662257422937596,0.00012214486198658392,0.001662257422937596,,,,
1,[39],39,43,component_44,0.0007351371408678394,0.0007351371408678394,0.00012214486198658392,0.0007351371408678394,,,,
1,[39],39,44,component_45,5.0828585948541364e-05,5.0828585948541364e-05,0.00012214486198658392,5.0828585948541364e-05,,,,
1,[39],39,45,component_46,0.005392974937778837,0.005392974937778837,0.00012214486198658392,0.005392974937778837,,,,
1,[39],39,46,component_47,0.0017064822843356644,0.0017064822843356644,0.00012214486198658392,0.0017064822843356644,,,,
1,[39],39,47,component_48,0.0005109736225879006,0.0005109736225879006,0.00012214486198658392,0.0005109736225879006,,,,
1,[39],39,48,component_49,0.00041776153635285894,0.00041776153635285894,0.00012214486198658392,0.00041776153635285894,,,,
1,[39],39,49,component_50,0.004087312792697566,0.004087312792697566,0.00012214486198658392,0.004087312792697566,,,,
1,[39],39,50,component_51,0.00037549887654863293,0.00037549887654863293,0.00012214486198658392,0.00037549887654863293,,,,
1,[39],39,51,component_52,0.0004535034542292387,0.0004535034542292387,0.00012214486198658392,0.0004535034542292387,,,,
1,[39],39,52,component_53,0.0031188563625253306,0.0031188563625253306,0.00012214486198658392,0.0031188563625253306,,,,
1,[39],39,53,component_54,0.00043929904356633195,0.00043929904356633195,0.00012214486198658392,0.00043929904356633195,,,,
1,[39],39,54,component_55,0.0007644932109883756,0.0007644932109883756,0.00012214486198658392,0.0007644932109883756,,,,
1,[39],39,55,component_56,0.000433941935406524,0.000433941935406524,0.00012214486198658392,0.000433941935406524,,,,
1,[39],39,56,component_57,0.016565248467475643,0.016565248467475643,0.00012214486198658392,0.016565248467475643,,,,
1,[39],39,57,component_58,0.0034605505263228054,0.0034605505263228054,0.00012214486198658392,0.0034605505263228054,,,,
1,[39],39,58,component_59,0.0,-0.00011977347210803644,0.00012214486198658392,0.0,,,,
1,[39],39,59,component_60,0.0046937760777351085,0.0046937760777351085,0.00012214486198658392,0.0046937760777351085,,,,
1,[40],40,0,component_01,0.010805895389826629,0.010805895389826629,0.00012214486198658392,0.010805895389826629,,,,
1,[40],40,1,component_02,0.005297790021375323,0.005297790021375323,0.00012214486198658392,0.005297790021375323,,,,
1,[40],40,2,component_03,0.0005118846799686127,0.0005118846799686127,0.00012214486198658392,0.0005118846799686127,,,,
1,[40],40,3,component_04,0.0011631902692743785,0.0011631902692743785,0.00012214486198658392,0.0011631902692743785,,,,
1,[40],40,4,component_05,0.0,-1.5068919958608531e-05,0.00012214486198658392,0.0,,,,
1,[40],40,5,component_06,5.6964842425913105e-05,5.6964842425913105e-05,0.00012214486198658392,5.6964842425913105e-05,,,,
1,[40],40,6,component_07,0.0005096866702801219,0.0005096866702801219,0.00012214486198658392,0.0005096866702801219,,,,
1,[40],40,7,component_08,0.0017785002437066114,0.0017785002437066114,0.00012214486198658392,0.0017785002437066114,,,,
1,[40],40,8,component_09,0.0006287304469228232,0.0006287304469228232,0.00012214486198658392,0.0006287304469228232,,,,
1,[40],40,9,component_10,0.003552661056833311,0.003552661056833311,0.00012214486198658392,0.003552661056833311,,,,
1,[40],40,10,component_11,8.440932771261017e-05,8.440932771261017e-05,0.00012214486198658392,8.440932771261017e-05,,,,
1,[40],40,11,component_12,0.001287619769333748,0.001287619769333748,0.00012214486198658392,0.001287619769333748,,,,
1,[40],40,12,component_13,0.0,-0.00012135968996127651,0.00012214486198658392,0.0,,,,
1,[40],40,13,component_14,0.0012450998641262102,0.0012450998641262102,0.00012214486198658392,0.0012450998641262102,,,,
1,[40],40,14,component_15,0.0006079791034490533,0.0006079791034490533,0.00012214486198658392,0.0006079791034490533,,,,
1,[40],40,15,component_16,0.0017894235757409194,0.0017894235757409194,0.00012214486198658392,0.0017894235757409194,,,,
1,[40],40,16,component_17,0.00046140162740238965,0.00046140162740238965,0.00012214486198658392,0.00046140162740238965,,,,
1,[40],40,17,component_18,0.0,-8.156539646562812e-05,0.00012214486198658392,0.0,,,,
1,[40],40,18,component_19,0.0012600971127774072,0.0012600971127774072,0.00012214486198658392,0.0012600971127774072,,,,
1,[40],40,19,component_20,0.0005584719974126409,0.0005584719974126409,0.00012214486198658392,0.0005584719974126409,,,,
1,[40],40,20,component_21,1.9010065567556778e-05,1.9010065567556778e-05,0.00012214486198658392,1.9010065567556778e-05,,,,
1,[40],40,21,component_22,0.0016602025503674922,0.0016602025503674922,0.00012214486198658392,0.0016602025503674922,,,,
1,[40],40,22,component_23,0.0019697219897154487,0.0019697219897154487,0.00012214486198658392,0.0019697219897154487,,,,
1,[40],40,23,component_24,0.0003248352430533408,0.0003248352430533408,0.00012214486198658392,0.0003248352430533408,,,,
1,[40],40,24,component_25,0.0,-8.453270383598104e-05,0.00012214486198658392,0.0,,,,
1,[40],40,25,component_26,0.005934403415606207,0.005934403415606207,0.00012214486198658392,0.005934403415606207,,,,
1,[40],40,26,component_27,1.567625698550932e-05,1.567625698550932e-05,0.00012214486198658392,1.567625698550932e-05,,,,
1,[40],40,27,component_28,0.00031575717000685056,0.00031575717000685056,0.00012214486198658392,0.00031575717000685056,,,,
1,[40],40,28,component_29,0.00027720689429561483,0.00027720689429561483,0.00012214486198658392,0.00027720689429561483,,,,
1,[40],40,29,component_30,0.0,-9.851488677523312e-05,0.00012214486198658392,0.0,,,,
1,[40],40,30,component_31,0.0,-6.724749585331483e-05,0.00012214486198658392,0.0,,,,
1,[40],40,31,component_32,0.013685849137645461,0.013685849137645461,0.00012214486198658392,0.013685849137645461,,,,
1,[40],40,32,component_33,0.0005471769416906908,0.0005471769416906908,0.00012214486198658392,0.0005471769416906908,,,,
1,[40],40,33,component_34,0.0025588677844113174,0.0025588677844113174,0.00012214486198658392,0.0025588677844113174,,,,
1,[40],40,34,component_35,0.0,-7.402047167137007e-05,0.00012214486198658392,0.0,,,,
1,[40],40,35,component_36,0.0,-0.0001209021190314072,0.00012214486198658392,0.0,,,,
1,[40],40,36,component_37,0.0005945300339622919,0.0005945300339622919,0.00012214486198658392,0.0005945300339622919,,,,
1,[40],40,37,component_38,0.0004479695441768957,0.0004479695441768957,0.00012214486198658392,0.0004479695441768957,,,,
1,[40],40,38,component_39,0.0013541044596570486,0.0013541044596570486,0.00012214486198658392,0.0013541044596570486,,,,
1,[40],40,39,component_40,0.00018980116813832468,0.00018980116813832468,0.00012214486198658392,0.00018980116813832468,,,,
1,[40],40,40,component_41,0.14945839387752988,0.14945839387752988,0.00012214486198658392,0.14945839387752988,,,,
1,[40],40,41,component_42,0.0026195664121295274,0.0026195664121295274,0.00012214486198658392,0.0026195664121295274,,,,
1,[40],40,42,component_43,0.0006488125462778924,0.0006488125462778924,0.00012214486198658392,0.0006488125462778924,,,,
1,[40],40,43,component_44,0.0018898775275962246,0.0018898775275962246,0.00012214486198658392,0.0018898775275962246,,,,
1,[40],40,44,component_45,3.011192400736827e-05,3.011192400736827e-05,0.00012214486198658392,3.011192400736827e-05,,,,
1,[40],40,45,component_46,0.0001861684009770152,0.0001861684009770152,0.00012214486198658392,0.0001861684009770152,,,,
1,[40],40,46,component_47,0.0011193910798089034,0.0011193910798089034,0.00012214486198658392,0.0011193910798089034,,,,
1,[40],40,47,component_48,0.002302377824117047,0.002302377824117047,0.00012214486198658392,0.002302377824117047,,,,
1,[40],40,48,component_49,0.00017454385193507813,0.00017454385193507813,0.00012214486198658392,0.00017454385193507813,,,,
1,[40],40,49,component_50,0.0,-0.0001102182072234343,0.00012214486198658392,0.0,,,,
1,[40],40,50,component_51,0.0006987289185344163,0.0006987289185344163,0.00012214486198658392,0.0006987289185344163,,,,
1,[40],40,51,component_52,0.0016370150602588087,0.0016370150602588087,0.00012214486198658392,0.0016370150602588087,,,,
1,[40],40,52,component_53,0.008889533449901777,0.008889533449901777,0.00012214486198658392,0.008889533449901777,,,,
1,[40],40,53,component_54,0.0029165968469448437,0.0029165968469448437,0.00012214486198658392,0.0029165968469448437,,,,
1,[40],40,54,component_55,0.0058502078908526465,0.0058502078908526465,0.00012214486198658392,0.0058502078908526465,,,,
1,[40],40,55,component_56,0.0005095765064661672,0.0005095765064661672,0.00012214486198658392,0.0005095765064661672,,,,
1,[40],40,56,component_57,0.00020300904343126486,0.00020300904343126486,0.00012214486198658392,0.00020300904343126486,,,,
1,[40],40,57,component_58,0.000564380773019504,0.000564380773019504,0.00012214486198658392,0.000564380773019504,,,,
1,[40],40,58,component_59,0.0,-0.00010503355500446617,0.00012214486198658392,0.0,,,,
1,[40],40,59,component_60,0.0,-0.0001094954116513779,0.00012214486198658392,0.0,,,,
1,[41],41,0,component_01,0.0032521249596589655,0.0032521249596589655,0.00012214486198658392,0.0032521249596589655,,,,
1,[41],41,1,component_02,0.005743310627276373,0.005743310627276373,0.00012214486198658392,0.005743310627276373,,,,
1,[41],41,2,component_03,0.0,-9.261429785093885e-05,0.00012214486198658392,0.0,,,,
1,[41],41,3,component_04,0.003358959298403027,0.003358959298403027,0.00012214486198658392,0.003358959298403027,,,,
1,[41],41,4,component_05,0.0,-0.00011229345020974605,0.00012214486198658392,0.0,,,,
1,[41],41,5,component_06,1.7931078556284417e-06,1.7931078556284417e-06,0.00012214486198658392,1.7931078556284417e-06,,,,
1,[41],41,6,component_07,0.00029997509211023834,0.00029997509211023834,0.00012214486198658392,0.00029997509211023834,,,,
1,[41],41,7,component_08,0.008709126031507312,0.008709126031507312,0.00012214486198658392,0.008709126031507312,,,,
1,[41],41,8,component_09,0.0035331647927575646,0.0035331647927575646,0.00012214486198658392,0.0035331647927575646,,,,
1,[41],41,9,component_10,0.0008176379841496642,0.0008176379841496642,0.00012214486198658392,0.0008176379841496642,,,,
1,[41],41,10,component_11,3.345641626432169e-05,3.345641626432169e-05,0.00012214486198658392,3.345641626432169e-05,,,,
1,[41],41,11,component_12,0.00034739208451613766,0.00034739208451613766,0.00012214486198658392,0.00034739208451613766,,,,
1,[41],41,12,component_13,0.0002524684337302271,0.0002524684337302271,0.00012214486198658392,0.0002524684337302271,,,,
1,[41],41,13,component_14,0.0001904877025281471,0.0001904877025281471,0.00012214486198658392,0.0001904877025281471,,,,
1,[41],41,14,component_15,0.0038267693618606476,0.0038267693618606476,0.00012214486198658392,0.0038267693618606476,,,,
1,[41],41,15,component_16,0.0006389818138969719,0.0006389818138969719,0.00012214486198658392,0.0006389818138969719,,,,
1,[41],41,16,component_17,0.0012708438371513446,0.0012708438371513446,0.00012214486198658392,0.0012708438371513446,,,,
1,[41],41,17,component_18,0.009772333631725898,0.009772333631725898,0.00012214486198658392,0.009772333631725898,,,,
1,[41],41,18,component_19,0.0,-2.5234407830183642e-05,0.00012214486198658392,0.0,,,,
1,[41],41,19,component_20,3.052307821682415e-05,3.052307821682415e-05,0.00012214486198658392,3.052307821682415e-05,,,,
1,[41],41,20,component_21,0.0,-0.00011728014091687635,0.00012214486198658392,0.0,,,,
1,[41],41,21,component_22,0.005730129655853855,0.005730129655853855,0.00012214486198658392,0.005730129655853855,,,,
1,[41],41,22,component_23,0.0006464798327668185,0.0006464798327668185,0.00012214486198658392,0.0006464798327668185,,,,
1,[41],41,23,component_24,0.0001393287160057018,0.0001393287160057018,0.00012214486198658392,0.0001393287160057018,,,,
1,[41],41,24,component_25,0.0026282604839834517,0.0026282604839834517,0.00012214486198658392,0.0026282604839834517,,,,
1,[41],41,25,component_26,0.0,-4.954757457208841e-05,0.00012214486198658392,0.0,,,,
1,[41],41,26,component_27,0.001488438400010699,0.001488438400010699,0.00012214486198658392,0.001488438400010699,,,,
1,[41],41,27,component_28,6.190292804354324e-05,6.190292804354324e-05,0.00012214486198658392,6.190292804354324e-05,,,,
1,[41],41,28,component_29,0.0,-8.327932570690894e-05,0.00012214486198658392,0.0,,,,
1,[41],41,29,component_30,0.008929072912895311,0.008929072912895311,0.00012214486198658392,0.008929072912895311,,,,
1,[41],41,30,component_31,0.0,-0.0001181625522385227,0.00012214486198658392,0.0,,,,
1,[41],41,31,component_32,7.891959587395491e-05,7.891959587395491e-05,0.00012214486198658392,7.891959587395491e-05,,,,
1,[41],41,32,component_33,0.009480272542063232,0.009480272542063232,0.00012214486198658392,0.009480272542063232,,,,
1,[41],41,33,component_34,0.007137655514870607,0.007137655514870607,0.00012214486198658392,0.007137655514870607,,,,
1,[41],41,34,component_35,0.0016651429672131287,0.0016651429672131287,0.00012214486198658392,0.0016651429672131287,,,,
1,[41],41,35,component_36,0.002375984910171998,0.002375984910171998,0.00012214486198658392,0.002375984910171998,,,,
1,[41],41,36,component_37,0.0,-0.00012214462122679025,0.00012214486198658392,0.0,,,,
1,[41],41,37,component_38,0.0,-7.223353932554754e-05,0.00012214486198658392,0.0,,,,
1,[41],41,38,component_39,0.0030842814970502095,0.0030842814970502095,0.00012214486198658392,0.0030842814970502095,,,,
1,[41],41,39,component_40,0.0031732052535007943,0.0031732052535007943,0.00012214486198658392,0.0031732052535007943,,,,
1,[41],41,40,component_41,0.0007102401721455644,0.0007102401721455644,0.00012214486198658392,0.0007102401721455644,,,,
1,[41],41,41,component_42,0.08926972773576343,0.08926972773576343,0.00012214486198658392,0.08926972773576343,,,,
1,[41],41,42,component_43,0.0021637697952606068,0.0021637697952606068,0.00012214486198658392,0.0021637697952606068,,,,
1,[41],41,43,component_44,0.007648486912249381,0.007648486912249381,0.00012214486198658392,0.007648486912249381,,,,
1,[41],41,44,component_45,0.001000099133591707,0.001000099133591707,0.00012214486198658392,0.001000099133591707,,,,
1,[41],41,45,component_46,0.00756889020844098,0.00756889020844098,0.00012214486198658392,0.00756889020844098,,,,
1,[41],41,46,component_47,0.0,-0.00012182607044460887,0.00012214486198658392,0.0,,,,
1,[41],41,47,component_48,0.0002553411715929398,0.0002553411715929398,0.00012214486198658392,0.0002553411715929398,,,,
1,[41],41,48,component_49,8.217258337878607e-05,8.217258337878607e-05,0.00012214486198658392,8.217258337878607e-05,,,,
1,[41],41,49,component_50,0.0,-4.916038979038668e-05,0.00012214486198658392,0.0,,,,
1,[41],41,50,component_51,0.0,-0.00012182124117274672,0.00012214486198658392,0.0,,,,
1,[41],41,51,component_52,0.01408774107512803,0.01408774107512803,0.00012214486198658392,0.01408774107512803,,,,
1,[41],41,52,component_53,0.0,-9.903743826530112e-05,0.00012214486198658392,0.0,,,,
1,[41],41,53,component_54,0.00834476654944964,0.00834476654944964,0.00012214486198658392,0.00834476654944964,,,,
1,[41],41,54,component_55,0.006159656412454506,0.006159656412454506,0.00012214486198658392,0.006159656412454506,,,,
1,[41],41,55,component_56,0.002798336637247068,0.002798336637247068,0.00012214486198658392,0.002798336637247068,,,,
1,[41],41,56,component_57,0.00038327231492566084,0.00038327231492566084,0.00012214486198658392,0.00038327231492566084,,,,
1,[41],41,57,component_58,0.00048109117676799,0.00048109117676799,0.00012214486198658392,0.00048109117676799,,,,
1,[41],41,58,component_59,5.396826550156073e-05,5.396826550156073e-05,0.00012214486198658392,5.396826550156073e-05,,,,
1,[41],41,59,component_60,0.0019876810259334696,0.0019876810259334696,0.00012214486198658392,0.0019876810259334696,,,,
1,[42],42,0,component_01,5.715410572210909e-06,5.715410572210909e-06,0.00012214486198658392,5.715410572210909e-06,,,,
1,[42],42,1,component_02,7.043274160411982e-05,7.043274160411982e-05,0.00012214486198658392,7.043274160411982e-05,,,,
1,[42],42,2,component_03,0.0,-7.082321412819103e-05,0.00012214486198658392,0.0,,,,
1,[42],42,3,component_04,0.0,-6.471781129741277e-05,0.00012214486198658392,0.0,,,,
1,[42],42,4,component_05,0.0,-2.4540749869461534e-05,0.00012214486198658392,0.0,,,,
1,[42],42,5,component_06,0.00030227454115713175,0.00030227454115713175,0.00012214486198658392,0.00030227454115713175,,,,
1,[42],42,6,component_07,0.0004479231755885379,0.0004479231755885379,0.00012214486198658392,0.0004479231755885379,,,,
1,[42],42,7,component_08,0.0002318279783810574,0.0002318279783810574,0.00012214486198658392,0.0002318279783810574,,,,
1,[42],42,8,component_09,0.0,-4.271755281290879e-05,0.00012214486198658392,0.0,,,,
1,[42],42,9,component_10,0.003387284789619021,0.003387284789619021,0.00012214486198658392,0.003387284789619021,,,,
1,[42],42,10,component_11,0.0001344185421148409,0.0001344185421148409,0.00012214486198658392,0.0001344185421148409,,,,
1,[42],42,11,component_12,0.0010165243297691898,0.0010165243297691898,0.00012214486198658392,0.0010165243297691898,,,,
1,[42],42,12,component_13,0.00036065510340732923,0.00036065510340732923,0.00012214486198658392,0.00036065510340732923,,,,
1,[42],42,13,component_14,0.0042174017278808085,0.0042174017278808085,0.00012214486198658392,0.0042174017278808085,,,,
1,[42],42,14,component_15,0.00038329184815298145,0.00038329184815298145,0.00012214486198658392,0.00038329184815298145,,,,
1,[42],42,15,component_16,0.0,-9.521756738479359e-05,0.00012214486198658392,0.0,,,,
1,[42],42,16,component_17,0.0,-9.951558366500296e-05,0.00012214486198658392,0.0,,,,
1,[42],42,17,component_18,0.0003499181837159378,0.0003499181837159378,0.00012214486198658392,0.0003499181837159378,,,,
1,[42],42,18,component_19,0.0,-8.70673378855511e-05,0.00012214486198658392,0.0,,,,
1,[42],42,19,component_20,0.00012897083903810837,0.00012897083903810837,0.00012214486198658392,0.00012897083903810837,,,,
1,[42],42,20,component_21,0.0,-3.80849026818754e-05,0.00012214486198658392,0.0,,,,
1,[42],42,21,component_22,0.040750166916133854,0.040750166916133854,0.00012214486198658392,0.040750166916133854,,,,
1,[42],42,22,component_23,0.0005484410815379962,0.0005484410815379962,0.00012214486198658392,0.0005484410815379962,,,,
1,[42],42,23,component_24,0.0016102960421308125,0.0016102960421308125,0.00012214486198658392,0.0016102960421308125,,,,
1,[42],42,24,component_25,0.0011061170248466007,0.0011061170248466007,0.00012214486198658392,0.0011061170248466007,,,,
1,[42],42,25,component_26,0.000445390354839273,0.000445390354839273,0.00012214486198658392,0.000445390354839273,,,,
1,[42],42,26,component_27,0.0034320439484317533,0.0034320439484317533,0.00012214486198658392,0.0034320439484317533,,,,
1,[42],42,27,component_28,0.004785101794768201,0.004785101794768201,0.00012214486198658392,0.004785101794768201,,,,
1,[42],42,28,component_29,0.0009122966046999275,0.0009122966046999275,0.00012214486198658392,0.0009122966046999275,,,,
1,[42],42,29,component_30,0.0,-8.10454896795485e-05,0.00012214486198658392,0.0,,,,
1,[42],42,30,component_31,0.0,-0.00011825735589139131,0.00012214486198658392,0.0,,,,
1,[42],42,31,component_32,0.0097355999260072,0.0097355999260072,0.00012214486198658392,0.0097355999260072,,,,
1,[42],42,32,component_33,0.00012392506835031775,0.00012392506835031775,0.00012214486198658392,0.00012392506835031775,,,,
1,[42],42,33,component_34,0.0019872505868802027,0.0019872505868802027,0.00012214486198658392,0.0019872505868802027,,,,
1,[42],42,34,component_35,0.0030044443660782304,0.0030044443660782304,0.00012214486198658392,0.0030044443660782304,,,,
1,[42],42,35,component_36,0.0,-7.632210247395684e-05,0.00012214486198658392,0.0,,,,
1,[42],42,36,component_37,0.0013529642741735598,0.0013529642741735598,0.00012214486198658392,0.0013529642741735598,,,,
1,[42],42,37,component_38,0.0005286753001572266,0.0005286753001572266,0.00012214486198658392,0.0005286753001572266,,,,
1,[42],42,38,component_39,0.0036254490307191497,0.0036254490307191497,0.00012214486198658392,0.0036254490307191497,,,,
1,[42],42,39,component_40,0.0031161151867921547,0.0031161151867921547,0.00012214486198658392,0.0031161151867921547,,,,
1,[42],42,40,component_41,0.00025081970124468596,0.00025081970124468596,0.00012214486198658392,0.00025081970124468596,,,,
1,[42],42,41,component_42,0.0,-0.00011643254080357672,0.00012214486198658392,0.0,,,,
1,[42],42,42,component_43,0.10969739153245327,0.10969739153245327,0.00012214486198658392,0.10969739153245327,,,,
1,[42],42,43,component_44,0.0,-0.00010157323524839692,0.00012214486198658392,0.0,,,,
1,[42],42,44,component_45,0.00040358575378510707,0.00040358575378510707,0.00012214486198658392,0.00040358575378510707,,,,
1,[42],42,45,component_46,0.0005137243046471867,0.0005137243046471867,0.00012214486198658392,0.0005137243046471867,,,,
1,[42],42,46,component_47,0.0035413574915842422,0.0035413574915842422,0.00012214486198658392,0.0035413574915842422,,,,
1,[42],42,47,component_48,0.00024378997013707498,0.00024378997013707498,0.00012214486198658392,0.00024378997013707498,,,,
1,[42],42,48,component_49,0.0,-0.00010649207617920869,0.00012214486198658392,0.0,,,,
1,[42],42,49,component_50,4.6980639573429225e-06,4.6980639573429225e-06,0.00012214486198658392,4.6980639573429225e-06,,,,
1,[42],42,50,component_51,0.0,-9.036636500986837e-05,0.00012214486198658392,0.0,,,,
1,[42],42,51,component_52,0.008176624382428319,0.008176624382428319,0.00012214486198658392,0.008176624382428319,,,,
1,[42],42,52,component_53,8.206376726428483e-05,8.206376726428483e-05,0.00012214486198658392,8.206376726428483e-05,,,,
1,[42],42,53,component_54,0.00043210461197595,0.00043210461197595,0.00012214486198658392,0.00043210461197595,,,,
1,[42],42,54,component_55,0.011928198109924683,0.011928198109924683,0.00012214486198658392,0.011928198109924683,,,,
1,[42],42,55,component_56,0.001339971266773438,0.001339971266773438,0.00012214486198658392,0.001339971266773438,,,,
1,[42],42,56,component_57,0.0025385176189773595,0.0025385176189773595,0.00012214486198658392,0.0025385176189773595,,,,
1,[42],42,57,component_58,0.0,-8.501903474029054e-05,0.00012214486198658392,0.0,,,,
1,[42],42,58,component_59,0.008491835369181158,0.008491835369181158,0.00012214486198658392,0.008491835369181158,,,,
1,[42],42,59,component_60,0.008393358528838645,0.008393358528838645,0.00012214486198658392,0.008393358528838645,,,,
1,[43],43,0,component_01,0.005164240664852302,0.005164240664852302,0.00012214486198658392,0.005164240664852302,,,,
1,[43],43,1,component_02,0.014220294220699894,0.014220294220699894,0.00012214486198658392,0.014220294220699894,,,,
1,[43],43,2,component_03,0.012266570780663366,0.012266570780663366,0.00012214486198658392,0.012266570780663366,,,,
1,[43],43,3,component_04,0.00024198675163058912,0.00024198675163058912,0.00012214486198658392,0.00024198675163058912,,,,
1,[43],43,4,component_05,0.0,-8.905160132381291e-05,0.00012214486198658392,0.0,,,,
1,[43],43,5,component_06,0.0,-0.00012210983160175222,0.00012214486198658392,0.0,,,,
1,[43],43,6,component_07,0.0337991892667556,0.0337991892667556,0.00012214486198658392,0.0337991892667556,,,,
1,[43],43,7,component_08,0.004864662770657453,0.004864662770657453,0.00012214486198658392,0.004864662770657453,,,,
1,[43],43,8,component_09,0.0032386228939755932,0.0032386228939755932,0.00012214486198658392,0.0032386228939755932,,,,
1,[43],43,9,component_10,0.002304594452512861,0.002304594452512861,0.00012214486198658392,0.002304594452512861,,,,
1,[43],43,10,component_11,0.0009779236247810985,0.0009779236247810985,0.00012214486198658392,0.0009779236247810985,,,,
1,[43],43,11,component_12,0.0007831000214477752,0.0007831000214477752,0.00012214486198658392,0.0007831000214477752,,,,
1,[43],43,12,component_13,0.0,-8.217895973021319e-05,0.00012214486198658392,0.0,,,,
1,[43],43,13,component_14,0.0,-0.00010555288772313523,0.00012214486198658392,0.0,,,,
1,[43],43,14,component_15,0.0025061799505740386,0.0025061799505740386,0.00012214486198658392,0.0025061799505740386,,,,
1,[43],43,15,component_16,0.0038013568162133748,0.0038013568162133748,0.00012214486198658392,0.0038013568162133748,,,,
1,[43],43,16,component_17,0.0030975902306190073,0.0030975902306190073,0.00012214486198658392,0.0030975902306190073,,,,
1,[43],43,17,component_18,0.0003458196419147061,0.0003458196419147061,0.00012214486198658392,0.0003458196419147061,,,,
1,[43],43,18,component_19,0.0,-0.0001157271862600582,0.00012214486198658392,0.0,,,,
1,[43],43,19,component_20,0.009626327825576729,0.009626327825576729,0.00012214486198658392,0.009626327825576729,,,,
1,[43],43,20,component_21,0.003120411426291268,0.003120411426291268,0.00012214486198658392,0.003120411426291268,,,,
1,[43],43,21,component_22,0.0005522237884993126,0.0005522237884993126,0.00012214486198658392,0.0005522237884993126,,,,
1,[43],43,22,component_23,0.000760727704126167,0.000760727704126167,0.00012214486198658392,0.000760727704126167,,,,
1,[43],43,23,component_24,0.00019673058247970704,0.00019673058247970704,0.00012214486198658392,0.00019673058247970704,,,,
1,[43],43,24,component_25,0.0008126639094620868,0.0008126639094620868,0.00012214486198658392,0.0008126639094620868,,,,
1,[43],43,25,component_26,3.69577163375121e-05,3.69577163375121e-05,0.00012214486198658392,3.69577163375121e-05,,,,
1,[43],43,26,component_27,0.013087412387267634,0.013087412387267634,0.00012214486198658392,0.013087412387267634,,,,
1,[43],43,27,component_28,0.004463192267391272,0.004463192267391272,0.00012214486198658392,0.004463192267391272,,,,
1,[43],43,28,component_29,0.0060755261112335635,0.0060755261112335635,0.00012214486198658392,0.0060755261112335635,,,,
1,[43],43,29,component_30,0.006133017932533181,0.006133017932533181,0.00012214486198658392,0.006133017932533181,,,,
1,[43],43,30,component_31,0.0,-6.40484265551254e-05,0.00012214486198658392,0.0,,,,
1,[43],43,31,component_32,0.00027071262605101506,0.00027071262605101506,0.00012214486198658392,0.00027071262605101506,,,,
1,[43],43,32,component_33,0.0008230296384596067,0.0008230296384596067,0.00012214486198658392,0.0008230296384596067,,,,
1,[43],43,33,component_34,0.00011946606654204454,0.00011946606654204454,0.00012214486198658392,0.00011946606654204454,,,,
1,[43],43,34,component_35,0.008222357667686447,0.008222357667686447,0.00012214486198658392,0.008222357667686447,,,,
1,[43],43,35,component_36,0.0002835979916930044,0.0002835979916930044,0.00012214486198658392,0.0002835979916930044,,,,
1,[43],43,36,component_37,0.0069024505567976575,0.0069024505567976575,0.00012214486198658392,0.0069024505567976575,,,,
1,[43],43,37,component_38,0.0,-9.953082484229095e-05,0.00012214486198658392,0.0,,,,
1,[43],43,38,component_39,0.0036934898299445136,0.0036934898299445136,0.00012214486198658392,0.0036934898299445136,,,,
1,[43],43,39,component_40,0.00043797775605308503,0.00043797775605308503,0.00012214486198658392,0.00043797775605308503,,,,
1,[43],43,40,component_41,0.0,-0.00011305215492555214,0.00012214486198658392,0.0,,,,
1,[43],43,41,component_42,0.0133991525340328,0.0133991525340328,0.00012214486198658392,0.0133991525340328,,,,
1,[43],43,42,component_43,0.025182877945008918,0.025182877945008918,0.00012214486198658392,0.025182877945008918,,,,
1,[43],43,43,component_44,0.06104356976647555,0.06104356976647555,0.00012214486198658392,0.06104356976647555,,,,
1,[43],43,44,component_45,0.004022995717877432,0.004022995717877432,0.00012214486198658392,0.004022995717877432,,,,
1,[43],43,45,component_46,0.00017303577024987296,0.00017303577024987296,0.00012214486198658392,0.00017303577024987296,,,,
1,[43],43,46,component_47,0.00013840088893959517,0.00013840088893959517,0.00012214486198658392,0.00013840088893959517,,,,
1,[43],43,47,component_48,0.003978367985326771,0.003978367985326771,0.00012214486198658392,0.003978367985326771,,,,
1,[43],43,48,component_49,0.0006535206823281479,0.0006535206823281479,0.00012214486198658392,0.0006535206823281479,,,,
1,[43],43,49,component_50,0.00038385467504403097,0.00038385467504403097,0.00012214486198658392,0.00038385467504403097,,,,
1,[43],43,50,component_51,0.0003030992907835185,0.0003030992907835185,0.00012214486198658392,0.0003030992907835185,,,,
1,[43],43,51,component_52,0.000942648969556179,0.000942648969556179,0.00012214486198658392,0.000942648969556179,,,,
1,[43],43,52,component_53,0.00021160842358284855,0.00021160842358284855,0.00012214486198658392,0.00021160842358284855,,,,
1,[43],43,53,component_54,0.0023818448667927293,0.0023818448667927293,0.00012214486198658392,0.0023818448667927293,,,,
1,[43],43,54,component_55,0.000453417960368714,0.000453417960368714,0.00012214486198658392,0.000453417960368714,,,,
1,[43],43,55,component_56,0.0013938179414008638,0.0013938179414008638,0.00012214486198658392,0.0013938179414008638,,,,
1,[43],43,56,component_57,0.0029625909420830437,0.0029625909420830437,0.00012214486198658392,0.0029625909420830437,,,,
1,[43],43,57,component_58,4.866053787880867e-05,4.866053787880867e-05,0.00012214486198658392,4.866053787880867e-05,,,,
1,[43],43,58,component_59,0.0,-8.38630511009974e-06,0.00012214486198658392,0.0,,,,
1,[43],43,59,component_60,0.0056390699709220355,0.0056390699709220355,0.00012214486198658392,0.0056390699709220355,,,,
1,[44],44,0,component_01,0.0,-3.5581845276121935e-05,0.00012214486198658392,0.0,,,,
1,[44],44,1,component_02,0.0,-0.00011265919743910381,0.00012214486198658392,0.0,,,,
1,[44],44,2,component_03,0.0,-5.1753818766284485e-05,0.00012214486198658392,0.0,,,,
1,[44],44,3,component_04,8.129856494897244e-05,8.129856494897244e-05,0.00012214486198658392,8.129856494897244e-05,,,,
1,[44],44,4,component_05,0.0011443454984823025,0.0011443454984823025,0.00012214486198658392,0.0011443454984823025,,,,
1,[44],44,5,component_06,0.0028487721756718497,0.0028487721756718497,0.00012214486198658392,0.0028487721756718497,,,,
1,[44],44,6,component_07,0.0,-6.023865177387397e-05,0.00012214486198658392,0.0,,,,
1,[44],44,7,component_08,0.00024734210042568356,0.00024734210042568356,0.00012214486198658392,0.00024734210042568356,,,,
1,[44],44,8,component_09,0.001414940748036727,0.001414940748036727,0.00012214486198658392,0.001414940748036727,,,,
1,[44],44,9,component_10,0.0003992815292593003,0.0003992815292593003,0.00012214486198658392,0.0003992815292593003,,,,
1,[44],44,10,component_11,5.940743891237588e-05,5.940743891237588e-05,0.00012214486198658392,5.940743891237588e-05,,,,
1,[44],44,11,component_12,0.0015214063035884793,0.0015214063035884793,0.00012214486198658392,0.0015214063035884793,,,,
1,[44],44,12,component_13,1.9966544569021717e-05,1.9966544569021717e-05,0.00012214486198658392,1.9966544569021717e-05,,,,
1,[44],44,13,component_14,0.001356703940326175,0.001356703940326175,0.00012214486198658392,0.001356703940326175,,,,
1,[44],44,14,component_15,0.0,-0.00012111819323475009,0.00012214486198658392,0.0,,,,
1,[44],44,15,component_16,0.00021544227151180554,0.00021544227151180554,0.00012214486198658392,0.00021544227151180554,,,,
1,[44],44,16,component_17,0.0009227939217908091,0.0009227939217908091,0.00012214486198658392,0.0009227939217908091,,,,
1,[44],44,17,component_18,0.0007585716717073516,0.0007585716717073516,0.00012214486198658392,0.0007585716717073516,,,,
1,[44],44,18,component_19,0.0,-0.00012202060150687531,0.00012214486198658392,0.0,,,,
1,[44],44,19,component_20,0.009425988064327009,0.009425988064327009,0.00012214486198658392,0.009425988064327009,,,,
1,[44],44,20,component_21,0.002689612171236128,0.002689612171236128,0.00012214486198658392,0.002689612171236128,,,,
1,[44],44,21,component_22,0.0031570210647729373,0.0031570210647729373,0.00012214486198658392,0.0031570210647729373,,,,
1,[44],44,22,component_23,0.006102439891172484,0.006102439891172484,0.00012214486198658392,0.006102439891172484,,,,
1,[44],44,23,component_24,0.0014066249660608173,0.0014066249660608173,0.00012214486198658392,0.0014066249660608173,,,,
1,[44],44,24,component_25,0.0,-7.577937242822546e-05,0.00012214486198658392,0.0,,,,
1,[44],44,25,component_26,0.0008786192775274693,0.0008786192775274693,0.00012214486198658392,0.0008786192775274693,,,,
1,[44],44,26,component_27,0.004695011020182451,0.004695011020182451,0.00012214486198658392,0.004695011020182451,,,,
1,[44],44,27,component_28,0.0037688660368682,0.0037688660368682,0.00012214486198658392,0.0037688660368682,,,,
1,[44],44,28,component_29,0.007610224603131141,0.007610224603131141,0.00012214486198658392,0.007610224603131141,,,,
1,[44],44,29,component_30,0.0,-0.00011633181661363241,0.00012214486198658392,0.0,,,,
1,[44],44,30,component_31,0.0,-6.640065748256518e-05,0.00012214486198658392,0.0,,,,
1,[44],44,31,component_32,0.0005126371210443096,0.0005126371210443096,0.00012214486198658392,0.0005126371210443096,,,,
1,[44],44,32,component_33,0.007419748820606168,0.007419748820606168,0.00012214486198658392,0.007419748820606168,,,,
1,[44],44,33,component_34,0.0026241855617740893,0.0026241855617740893,0.00012214486198658392,0.0026241855617740893,,,,
1,[44],44,34,component_35,0.0,-0.00011066258684851857,0.00012214486198658392,0.0,,,,
1,[44],44,35,component_36,0.0011220270630892296,0.0011220270630892296,0.00012214486198658392,0.0011220270630892296,,,,
1,[44],44,36,component_37,0.0,-0.00010387485365533078,0.00012214486198658392,0.0,,,,
1,[44],44,37,component_38,0.020587521755928005,0.020587521755928005,0.00012214486198658392,0.020587521755928005,,,,
1,[44],44,38,component_39,0.00020557403575141342,0.00020557403575141342,0.00012214486198658392,0.00020557403575141342,,,,
1,[44],44,39,component_40,0.00036556513503178804,0.00036556513503178804,0.00012214486198658392,0.00036556513503178804,,,,
1,[44],44,40,component_41,0.0,-0.00010884699695767311,0.00012214486198658392,0.0,,,,
1,[44],44,41,component_42,0.008095651064332791,0.008095651064332791,0.00012214486198658392,0.008095651064332791,,,,
1,[44],44,42,component_43,0.005796328223737738,0.005796328223737738,0.00012214486198658392,0.005796328223737738,,,,
1,[44],44,43,component_44,0.00010511214277403847,0.00010511214277403847,0.00012214486198658392,0.00010511214277403847,,,,
1,[44],44,44,component_45,0.12091887237977397,0.12091887237977397,0.00012214486198658392,0.12091887237977397,,,,
1,[44],44,45,component_46,0.0006398591072654097,0.0006398591072654097,0.00012214486198658392,0.0006398591072654097,,,,
1,[44],44,46,component_47,5.6481281308119584e-05,5.6481281308119584e-05,0.00012214486198658392,5.6481281308119584e-05,,,,
1,[44],44,47,component_48,6.511992557195183e-05,6.511992557195183e-05,0.00012214486198658392,6.511992557195183e-05,,,,
1,[44],44,48,component_49,0.0005863623413837414,0.0005863623413837414,0.00012214486198658392,0.0005863623413837414,,,,
1,[44],44,49,component_50,0.002581591081451198,0.002581591081451198,0.00012214486198658392,0.002581591081451198,,,,
1,[44],44,50,component_51,0.0,-7.041329796806482e-05,0.00012214486198658392,0.0,,,,
1,[44],44,51,component_52,0.004424853405827162,0.004424853405827162,0.00012214486198658392,0.004424853405827162,,,,
1,[44],44,52,component_53,0.0,-0.00010683677785088344,0.00012214486198658392,0.0,,,,
1,[44],44,53,component_54,0.007532089874111492,0.007532089874111492,0.00012214486198658392,0.007532089874111492,,,,
1,[44],44,54,component_55,0.014647873650143847,0.014647873650143847,0.00012214486198658392,0.014647873650143847,,,,
1,[44],44,55,component_56,0.0,-0.0001221221099394275,0.00012214486198658392,0.0,,,,
1,[44],44,56,component_57,0.004704420316667529,0.004704420316667529,0.00012214486198658392,0.004704420316667529,,,,
1,[44],44,57,component_58,0.0017220266733087228,0.0017220266733087228,0.00012214486198658392,0.0017220266733087228,,,,
1,[44],44,58,component_59,0.006697725038730419,0.006697725038730419,0.00012214486198658392,0.006697725038730419,,,,
1,[44],44,59,component_60,0.00020512333962616005,0.00020512333962616005,0.00012214486198658392,0.00020512333962616005,,,,
1,[45],45,0,component_01,0.0004944205290407623,0.0004944205290407623,0.00012214486198658392,0.0004944205290407623,,,,
1,[45],45,1,component_02,0.002649567404136981,0.002649567404136981,0.00012214486198658392,0.002649567404136981,,,,
1,[45],45,2,component_03,0.0,-0.00012170791487332782,0.00012214486198658392,0.0,,,,
1,[45],45,3,component_04,0.0023985756402156683,0.0023985756402156683,0.00012214486198658392,0.0023985756402156683,,,,
1,[45],45,4,component_05,0.00011354399675430252,0.00011354399675430252,0.00012214486198658392,0.00011354399675430252,,,,
1,[45],45,5,component_06,0.0,-0.00011672997484032168,0.00012214486198658392,0.0,,,,
1,[45],45,6,component_07,0.001993053619838255,0.001993053619838255,0.00012214486198658392,0.001993053619838255,,,,
1,[45],45,7,component_08,0.0029689533917850266,0.0029689533917850266,0.00012214486198658392,0.0029689533917850266,,,,
1,[45],45,8,component_09,0.0028539161404502146,0.0028539161404502146,0.00012214486198658392,0.0028539161404502146,,,,
1,[45],45,9,component_10,0.00042225531778101,0.00042225531778101,0.00012214486198658392,0.00042225531778101,,,,
1,[45],45,10,component_11,0.0,-0.00011489013183757632,0.00012214486198658392,0.0,,,,
1,[45],45,11,component_12,0.0,-0.00011937924122505761,0.00012214486198658392,0.0,,,,
1,[45],45,12,component_13,0.0,-7.790369457062117e-05,0.00012214486198658392,0.0,,,,
1,[45],45,13,component_14,2.178629458024812e-05,2.178629458024812e-05,0.00012214486198658392,2.178629458024812e-05,,,,
1,[45],45,14,component_15,2.0163123761589562e-05,2.0163123761589562e-05,0.00012214486198658392,2.0163123761589562e-05,,,,
1,[45],45,15,component_16,0.005804956300328476,0.005804956300328476,0.00012214486198658392,0.005804956300328476,,,,
1,[45],45,16,component_17,0.001985860804475278,0.001985860804475278,0.00012214486198658392,0.001985860804475278,,,,
1,[45],45,17,component_18,0.0028456498968984054,0.0028456498968984054,0.00012214486198658392,0.0028456498968984054,,,,
1,[45],45,18,component_19,0.0002947857326698494,0.0002947857326698494,0.00012214486198658392,0.0002947857326698494,,,,
1,[45],45,19,component_20,4.7345369614158414e-05,4.7345369614158414e-05,0.00012214486198658392,4.7345369614158414e-05,,,,
1,[45],45,20,component_21,0.00119261612989142,0.00119261612989142,0.00012214486198658392,0.00119261612989142,,,,
1,[45],45,21,component_22,0.0014434175790521086,0.0014434175790521086,0.00012214486198658392,0.0014434175790521086,,,,
1,[45],45,22,component_23,0.030628448262192486,0.030628448262192486,0.00012214486198658392,0.030628448262192486,,,,
1,[45],45,23,component_24,0.002377291186716881,0.002377291186716881,0.00012214486198658392,0.002377291186716881,,,,
1,[45],45,24,component_25,0.0018989042358831172,0.0018989042358831172,0.00012214486198658392,0.0018989042358831172,,,,
1,[45],45,25,component_26,0.002390143946808631,0.002390143946808631,0.00012214486198658392,0.002390143946808631,,,,
1,[45],45,26,component_27,0.0019881619463869822,0.0019881619463869822,0.00012214486198658392,0.0019881619463869822,,,,
1,[45],45,27,component_28,8.129639193820554e-05,8.129639193820554e-05,0.00012214486198658392,8.129639193820554e-05,,,,
1,[45],45,28,component_29,0.0011855808788893759,0.0011855808788893759,0.00012214486198658392,0.0011855808788893759,,,,
1,[45],45,29,component_30,0.0,-6.251876631179133e-05,0.00012214486198658392,0.0,,,,
1,[45],45,30,component_31,0.0,-8.593626602950864e-05,0.00012214486198658392,0.0,,,,
1,[45],45,31,component_32,0.0,-9.550432859616956e-05,0.00012214486198658392,0.0,,,,
1,[45],45,32,component_33,0.00014304062425713797,0.00014304062425713797,0.00012214486198658392,0.00014304062425713797,,,,
1,[45],45,33,component_34,0.0012507434280764754,0.0012507434280764754,0.00012214486198658392,0.0012507434280764754,,,,
1,[45],45,34,component_35,0.0004722746626061281,0.0004722746626061281,0.00012214486198658392,0.0004722746626061281,,,,
1,[45],45,35,component_36,0.0018581510218008816,0.0018581510218008816,0.00012214486198658392,0.0018581510218008816,,,,
1,[45],45,36,component_37,0.0,-4.619919166569083e-05,0.00012214486198658392,0.0,,,,
1,[45],45,37,component_38,0.0022794012757987817,0.0022794012757987817,0.00012214486198658392,0.0022794012757987817,,,,
1,[45],45,38,component_39,1.496657596689651e-05,1.496657596689651e-05,0.00012214486198658392,1.496657596689651e-05,,,,
1,[45],45,39,component_40,0.004737701460732091,0.004737701460732091,0.00012214486198658392,0.004737701460732091,,,,
1,[45],45,40,component_41,0.0005440528489929165,0.0005440528489929165,0.00012214486198658392,0.0005440528489929165,,,,
1,[45],45,41,component_42,0.000989513909121048,0.000989513909121048,0.00012214486198658392,0.000989513909121048,,,,
1,[45],45,42,component_43,2.877555862875402e-07,2.877555862875402e-07,0.00012214486198658392,2.877555862875402e-07,,,,
1,[45],45,43,component_44,0.0031338666375849192,0.0031338666375849192,0.00012214486198658392,0.0031338666375849192,,,,
1,[45],45,44,component_45,0.0,-2.7669809341434443e-05,0.00012214486198658392,0.0,,,,
1,[45],45,45,component_46,0.18748343609039025,0.18748343609039025,0.00012214486198658392,0.18748343609039025,,,,
1,[45],45,46,component_47,0.0,-4.936946805377603e-05,0.00012214486198658392,0.0,,,,
1,[45],45,47,component_48,0.009446586555352316,0.009446586555352316,0.00012214486198658392,0.009446586555352316,,,,
1,[45],45,48,component_49,0.0034822316348275166,0.0034822316348275166,0.00012214486198658392,0.0034822316348275166,,,,
1,[45],45,49,component_50,0.012721984291698237,0.012721984291698237,0.00012214486198658392,0.012721984291698237,,,,
1,[45],45,50,component_51,0.0030626637605031736,0.0030626637605031736,0.00012214486198658392,0.0030626637605031736,,,,
1,[45],45,51,component_52,0.00017389205552702567,0.00017389205552702567,0.00012214486198658392,0.00017389205552702567,,,,
1,[45],45,52,component_53,0.0013354287604334283,0.0013354287604334283,0.00012214486198658392,0.0013354287604334283,,,,
1,[45],45,53,component_54,0.004573534696034338,0.004573534696034338,0.00012214486198658392,0.004573534696034338,,,,
1,[45],45,54,component_55,7.464519851507702e-05,7.464519851507702e-05,0.00012214486198658392,7.464519851507702e-05,,,,
1,[45],45,55,component_56,0.005920473068904249,0.005920473068904249,0.00012214486198658392,0.005920473068904249,,,,
1,[45],45,56,component_57,0.0014045786757249244,0.0014045786757249244,0.00012214486198658392,0.0014045786757249244,,,,
1,[45],45,57,component_58,0.00015974577684685397,0.00015974577684685397,0.00012214486198658392,0.00015974577684685397,,,,
1,[45],45,58,component_59,0.00033148608822562687,0.00033148608822562687,0.00012214486198658392,0.00033148608822562687,,,,
1,[45],45,59,component_60,0.0018444409163458787,0.0018444409163458787,0.00012214486198658392,0.0018444409163458787,,,,
1,[46],46,0,component_01,0.0035291762485145234,0.0035291762485145234,0.00012214486198658392,0.0035291762485145234,,,,
1,[46],46,1,component_02,0.006763355532195338,0.006763355532195338,0.00012214486198658392,0.006763355532195338,,,,
1,[46],46,2,component_03,0.008720282475780813,0.008720282475780813,0.00012214486198658392,0.008720282475780813,,,,
1,[46],46,3,component_04,0.0005363107185061498,0.0005363107185061498,0.00012214486198658392,0.0005363107185061498,,,,
1,[46],46,4,component_05,0.0061093860824199195,0.0061093860824199195,0.00012214486198658392,0.0061093860824199195,,,,
1,[46],46,5,component_06,0.0022585786040530405,0.0022585786040530405,0.00012214486198658392,0.0022585786040530405,,,,
1,[46],46,6,component_07,0.0013047371693009739,0.0013047371693009739,0.00012214486198658392,0.0013047371693009739,,,,
1,[46],46,7,component_08,0.0012799315215534775,0.0012799315215534775,0.00012214486198658392,0.0012799315215534775,,,,
1,[46],46,8,component_09,0.0,-7.4461342288184725e-06,0.00012214486198658392,0.0,,,,
1,[46],46,9,component_10,0.006837002242168689,0.006837002242168689,0.00012214486198658392,0.006837002242168689,,,,
1,[46],46,10,component_11,0.016417595457366575,0.016417595457366575,0.00012214486198658392,0.016417595457366575,,,,
1,[46],46,11,component_12,0.0,-3.932312590481754e-05,0.00012214486198658392,0.0,,,,
1,[46],46,12,component_13,0.015202197215476606,0.015202197215476606,0.00012214486198658392,0.015202197215476606,,,,
1,[46],46,13,component_14,9.737084352313795e-06,9.737084352313795e-06,0.00012214486198658392,9.737084352313795e-06,,,,
1,[46],46,14,component_15,0.00017586030037548177,0.00017586030037548177,0.00012214486198658392,0.00017586030037548177,,,,
1,[46],46,15,component_16,0.0068484340032613795,0.0068484340032613795,0.00012214486198658392,0.0068484340032613795,,,,
1,[46],46,16,component_17,0.000296726500905881,0.000296726500905881,0.00012214486198658392,0.000296726500905881,,,,
1,[46],46,17,component_18,0.004715846638228678,0.004715846638228678,0.00012214486198658392,0.004715846638228678,,,,
1,[46],46,18,component_19,0.0,-6.119891424805171e-05,0.00012214486198658392,0.0,,,,
1,[46],46,19,component_20,0.0002166254583818293,0.0002166254583818293,0.00012214486198658392,0.0002166254583818293,,,,
1,[46],46,20,component_21,0.016051809450626415,0.016051809450626415,0.00012214486198658392,0.016051809450626415,,,,
1,[46],46,21,component_22,0.006575400364821593,0.006575400364821593,0.00012214486198658392,0.006575400364821593,,,,
1,[46],46,22,component_23,0.00031249646582704707,0.00031249646582704707,0.00012214486198658392,0.00031249646582704707,,,,
1,[46],46,23,component_24,0.005813974253398589,0.005813974253398589,0.00012214486198658392,0.005813974253398589,,,,
1,[46],46,24,component_25,0.00748864065357937,0.00748864065357937,0.00012214486198658392,0.00748864065357937,,,,
1,[46],46,25,component_26,0.0012407068967090558,0.0012407068967090558,0.00012214486198658392,0.0012407068967090558,,,,
1,[46],46,26,component_27,0.004060990620410728,0.004060990620410728,0.00012214486198658392,0.004060990620410728,,,,
1,[46],46,27,component_28,0.0002327194440605165,0.0002327194440605165,0.00012214486198658392,0.0002327194440605165,,,,
1,[46],46,28,component_29,0.0003608705061093274,0.0003608705061093274,0.00012214486198658392,0.0003608705061093274,,,,
1,[46],46,29,component_30,0.0016958283260153327,0.0016958283260153327,0.00012214486198658392,0.0016958283260153327,,,,
1,[46],46,30,component_31,0.001054808544702253,0.001054808544702253,0.00012214486198658392,0.001054808544702253,,,,
1,[46],46,31,component_32,0.0004363735858486236,0.0004363735858486236,0.00012214486198658392,0.0004363735858486236,,,,
1,[46],46,32,component_33,0.00013312694131513642,0.00013312694131513642,0.00012214486198658392,0.00013312694131513642,,,,
1,[46],46,33,component_34,0.009239357520521633,0.009239357520521633,0.00012214486198658392,0.009239357520521633,,,,
1,[46],46,34,component_35,0.00022379205599327924,0.00022379205599327924,0.00012214486198658392,0.00022379205599327924,,,,
1,[46],46,35,component_36,0.00041190269658205713,0.00041190269658205713,0.00012214486198658392,0.00041190269658205713,,,,
1,[46],46,36,component_37,0.0006730925731588181,0.0006730925731588181,0.00012214486198658392,0.0006730925731588181,,,,
1,[46],46,37,component_38,0.0005179295266411844,0.0005179295266411844,0.00012214486198658392,0.0005179295266411844,,,,
1,[46],46,38,component_39,0.006738973721063591,0.006738973721063591,0.00012214486198658392,0.006738973721063591,,,,
1,[46],46,39,component_40,0.0007071704258885018,0.0007071704258885018,0.00012214486198658392,0.0007071704258885018,,,,
1,[46],46,40,component_41,0.00040364527884931343,0.00040364527884931343,0.00012214486198658392,0.00040364527884931343,,,,
1,[46],46,41,component_42,0.0001284231185298319,0.0001284231185298319,0.00012214486198658392,0.0001284231185298319,,,,
1,[46],46,42,component_43,0.0,-0.00011471353724766013,0.00012214486198658392,0.0,,,,
1,[46],46,43,component_44,0.0025368630692979024,0.0025368630692979024,0.00012214486198658392,0.0025368630692979024,,,,
1,[46],46,44,component_45,0.0,-6.575533806219957e-05,0.00012214486198658392,0.0,,,,
1,[46],46,45,component_46,0.011475584482879771,0.011475584482879771,0.00012214486198658392,0.011475584482879771,,,,
1,[46],46,46,component_47,0.04595454521150208,0.04595454521150208,0.00012214486198658392,0.04595454521150208,,,,
1,[46],46,47,component_48,0.0032904427483195497,0.0032904427483195497,0.00012214486198658392,0.0032904427483195497,,,,
1,[46],46,48,component_49,0.01155769978983497,0.01155769978983497,0.00012214486198658392,0.01155769978983497,,,,
1,[46],46,49,component_50,0.004664951804799992,0.004664951804799992,0.00012214486198658392,0.004664951804799992,,,,
1,[46],46,50,component_51,0.0032026718488303105,0.0032026718488303105,0.00012214486198658392,0.0032026718488303105,,,,
1,[46],46,51,component_52,0.004504848727373189,0.004504848727373189,0.00012214486198658392,0.004504848727373189,,,,
1,[46],46,52,component_53,0.0,-0.00010343955241721726,0.00012214486198658392,0.0,,,,
1,[46],46,53,component_54,0.00042318926237152926,0.00042318926237152926,0.00012214486198658392,0.00042318926237152926,,,,
1,[46],46,54,component_55,3.862863017197848e-05,3.862863017197848e-05,0.00012214486198658392,3.862863017197848e-05,,,,
1,[46],46,55,component_56,1.3614408790807014e-05,1.3614408790807014e-05,0.00012214486198658392,1.3614408790807014e-05,,,,
1,[46],46,56,component_57,0.0005250705934786778,0.0005250705934786778,0.00012214486198658392,0.0005250705934786778,,,,
1,[46],46,57,component_58,8.868659976873125e-05,8.868659976873125e-05,0.00012214486198658392,8.868659976873125e-05,,,,
1,[46],46,58,component_59,0.0004253973901668179,0.0004253973901668179,0.00012214486198658392,0.0004253973901668179,,,,
1,[46],46,59,component_60,0.005906930277902317,0.005906930277902317,0.00012214486198658392,0.005906930277902317,,,,
1,[47],47,0,component_01,0.0021703794882788298,0.0021703794882788298,0.00012214486198658392,0.0021703794882788298,,,,
1,[47],47,1,component_02,0.0,-6.734317909203621e-05,0.00012214486198658392,0.0,,,,
1,[47],47,2,component_03,0.004045085544268676,0.004045085544268676,0.00012214486198658392,0.004045085544268676,,,,
1,[47],47,3,component_04,0.00014577018817734538,0.00014577018817734538,0.00012214486198658392,0.00014577018817734538,,,,
1,[47],47,4,component_05,0.0001288453556783446,0.0001288453556783446,0.00012214486198658392,0.0001288453556783446,,,,
1,[47],47,5,component_06,0.0,-0.0001220732802439748,0.00012214486198658392,0.0,,,,
1,[47],47,6,component_07,0.0049528469597969645,0.0049528469597969645,0.00012214486198658392,0.0049528469597969645,,,,
1,[47],47,7,component_08,0.001627986168910819,0.001627986168910819,0.00012214486198658392,0.001627986168910819,,,,
1,[47],47,8,component_09,0.0,-1.84946116361125e-05,0.00012214486198658392,0.0,,,,
1,[47],47,9,component_10,0.0005916308952873962,0.0005916308952873962,0.00012214486198658392,0.0005916308952873962,,,,
1,[47],47,10,component_11,0.026378520332615996,0.026378520332615996,0.00012214486198658392,0.026378520332615996,,,,
1,[47],47,11,component_12,0.002250239899608663,0.002250239899608663,0.00012214486198658392,0.002250239899608663,,,,
1,[47],47,12,component_13,0.00047199615638053165,0.00047199615638053165,0.00012214486198658392,0.00047199615638053165,,,,
1,[47],47,13,component_14,0.00020370131192374772,0.00020370131192374772,0.00012214486198658392,0.00020370131192374772,,,,
1,[47],47,14,component_15,0.0010710284865603173,0.0010710284865603173,0.00012214486198658392,0.0010710284865603173,,,,
1,[47],47,15,component_16,0.0016065038436379846,0.0016065038436379846,0.00012214486198658392,0.0016065038436379846,,,,
1,[47],47,16,component_17,0.006970071036522232,0.006970071036522232,0.00012214486198658392,0.006970071036522232,,,,
1,[47],47,17,component_18,0.00278988686681314,0.00278988686681314,0.00012214486198658392,0.00278988686681314,,,,
1,[47],47,18,component_19,0.004500174804004969,0.004500174804004969,0.00012214486198658392,0.004500174804004969,,,,
1,[47],47,19,component_20,0.003182653832739169,0.003182653832739169,0.00012214486198658392,0.003182653832739169,,,,
1,[47],47,20,component_21,0.00815379969153121,0.00815379969153121,0.00012214486198658392,0.00815379969153121,,,,
1,[47],47,21,component_22,0.0013826545156149055,0.0013826545156149055,0.00012214486198658392,0.0013826545156149055,,,,
1,[47],47,22,component_23,0.0008509821625781075,0.0008509821625781075,0.00012214486198658392,0.0008509821625781075,,,,
1,[47],47,23,component_24,0.006238246207481153,0.006238246207481153,0.00012214486198658392,0.006238246207481153,,,,
1,[47],47,24,component_25,0.006353389525469054,0.006353389525469054,0.00012214486198658392,0.006353389525469054,,,,
1,[47],47,25,component_26,0.0016616096053710338,0.0016616096053710338,0.00012214486198658392,0.0016616096053710338,,,,
1,[47],47,26,component_27,0.000367652938808439,0.000367652938808439,0.00012214486198658392,0.000367652938808439,,,,
1,[47],47,27,component_28,0.0029606430449581594,0.0029606430449581594,0.00012214486198658392,0.0029606430449581594,,,,
1,[47],47,28,component_29,0.0005878919949840874,0.0005878919949840874,0.00012214486198658392,0.0005878919949840874,,,,
1,[47],47,29,component_30,0.0012396375055641739,0.0012396375055641739,0.00012214486198658392,0.0012396375055641739,,,,
1,[47],47,30,component_31,0.0004954287852013991,0.0004954287852013991,0.00012214486198658392,0.0004954287852013991,,,,
1,[47],47,31,component_32,0.0,-7.636542231116166e-05,0.00012214486198658392,0.0,,,,
1,[47],47,32,component_33,0.0007476309551708708,0.0007476309551708708,0.00012214486198658392,0.0007476309551708708,,,,
1,[47],47,33,component_34,0.0005827631892614391,0.0005827631892614391,0.00012214486198658392,0.0005827631892614391,,,,
1,[47],47,34,component_35,0.008644483282907973,0.008644483282907973,0.00012214486198658392,0.008644483282907973,,,,
1,[47],47,35,component_36,0.001203258363110372,0.001203258363110372,0.00012214486198658392,0.001203258363110372,,,,
1,[47],47,36,component_37,0.0005222646958169931,0.0005222646958169931,0.00012214486198658392,0.0005222646958169931,,,,
1,[47],47,37,component_38,0.0,-0.00012128116999074128,0.00012214486198658392,0.0,,,,
1,[47],47,38,component_39,0.0011725982464951654,0.0011725982464951654,0.00012214486198658392,0.0011725982464951654,,,,
1,[47],47,39,component_40,0.00012357610511776288,0.00012357610511776288,0.00012214486198658392,0.00012357610511776288,,,,
1,[47],47,40,component_41,2.420932914795062e-05,2.420932914795062e-05,0.00012214486198658392,2.420932914795062e-05,,,,
1,[47],47,41,component_42,9.934324058556609e-05,9.934324058556609e-05,0.00012214486198658392,9.934324058556609e-05,,,,
1,[47],47,42,component_43,0.004773429733075787,0.004773429733075787,0.00012214486198658392,0.004773429733075787,,,,
1,[47],47,43,component_44,0.0003468374154974776,0.0003468374154974776,0.00012214486198658392,0.0003468374154974776,,,,
1,[47],47,44,component_45,0.001525886082063084,0.001525886082063084,0.00012214486198658392,0.001525886082063084,,,,
1,[47],47,45,component_46,0.000827077977511788,0.000827077977511788,0.00012214486198658392,0.000827077977511788,,,,
1,[47],47,46,component_47,0.0029955535720352787,0.0029955535720352787,0.00012214486198658392,0.0029955535720352787,,,,
1,[47],47,47,component_48,0.11308807390481729,0.11308807390481729,0.00012214486198658392,0.11308807390481729,,,,
1,[47],47,48,component_49,0.0038890595280091818,0.0038890595280091818,0.00012214486198658392,0.0038890595280091818,,,,
1,[47],47,49,component_50,0.00026026768897399017,0.00026026768897399017,0.00012214486198658392,0.00026026768897399017,,,,
1,[47],47,50,component_51,0.004661868898843459,0.004661868898843459,0.00012214486198658392,0.004661868898843459,,,,
1,[47],47,51,component_52,0.0012691224525696971,0.0012691224525696971,0.00012214486198658392,0.0012691224525696971,,,,
1,[47],47,52,component_53,0.00040611307798518823,0.00040611307798518823,0.00012214486198658392,0.00040611307798518823,,,,
1,[47],47,53,component_54,0.00019678321026471654,0.00019678321026471654,0.00012214486198658392,0.00019678321026471654,,,,
1,[47],47,54,component_55,0.001673345618234659,0.001673345618234659,0.00012214486198658392,0.001673345618234659,,,,
1,[47],47,55,component_56,0.007428138259211023,0.007428138259211023,0.00012214486198658392,0.007428138259211023,,,,
1,[47],47,56,component_57,0.0013906799823699455,0.0013906799823699455,0.00012214486198658392,0.0013906799823699455,,,,
1,[47],47,57,component_58,0.0,-9.736266329095301e-05,0.00012214486198658392,0.0,,,,
1,[47],47,58,component_59,0.0,-1.2872863689705619e-05,0.00012214486198658392,0.0,,,,
1,[47],47,59,component_60,0.0027199871859259588,0.0027199871859259588,0.00012214486198658392,0.0027199871859259588,,,,
1,[48],48,0,component_01,8.351962690325907e-05,8.351962690325907e-05,0.00012214486198658392,8.351962690325907e-05,,,,
1,[48],48,1,component_02,0.0,-0.00011662690054338836,0.00012214486198658392,0.0,,,,
1,[48],48,2,component_03,0.0005223632270496148,0.0005223632270496148,0.00012214486198658392,0.0005223632270496148,,,,
1,[48],48,3,component_04,0.00021680561651297116,0.00021680561651297116,0.00012214486198658392,0.00021680561651297116,,,,
1,[48],48,4,component_05,0.00034376661873289,0.00034376661873289,0.00012214486198658392,0.00034376661873289,,,,
1,[48],48,5,component_06,0.00013574549868339533,0.00013574549868339533,0.00012214486198658392,0.00013574549868339533,,,,
1,[48],48,6,component_07,0.0005229845125633113,0.0005229845125633113,0.00012214486198658392,0.0005229845125633113,,,,
1,[48],48,7,component_08,0.001835898846651638,0.001835898846651638,0.00012214486198658392,0.001835898846651638,,,,
1,[48],48,8,component_09,9.78546288523416e-06,9.78546288523416e-06,0.00012214486198658392,9.78546288523416e-06,,,,
1,[48],48,9,component_10,0.0002712452735296664,0.0002712452735296664,0.00012214486198658392,0.0002712452735296664,,,,
1,[48],48,10,component_11,0.0002814587252242556,0.0002814587252242556,0.00012214486198658392,0.0002814587252242556,,,,
1,[48],48,11,component_12,0.00027219197778708895,0.00027219197778708895,0.00012214486198658392,0.00027219197778708895,,,,
1,[48],48,12,component_13,0.0,-9.848631199753342e-05,0.00012214486198658392,0.0,,,,
1,[48],48,13,component_14,0.00015011312045825972,0.00015011312045825972,0.00012214486198658392,0.00015011312045825972,,,,
1,[48],48,14,component_15,0.0005583323896011783,0.0005583323896011783,0.00012214486198658392,0.0005583323896011783,,,,
1,[48],48,15,component_16,0.0013728204419888362,0.0013728204419888362,0.00012214486198658392,0.0013728204419888362,,,,
1,[48],48,16,component_17,0.0001231586275064684,0.0001231586275064684,0.00012214486198658392,0.0001231586275064684,,,,
1,[48],48,17,component_18,0.0005601261666227312,0.0005601261666227312,0.00012214486198658392,0.0005601261666227312,,,,
1,[48],48,18,component_19,0.0011798220798883306,0.0011798220798883306,0.00012214486198658392,0.0011798220798883306,,,,
1,[48],48,19,component_20,0.0,-0.00010677544124185908,0.00012214486198658392,0.0,,,,
1,[48],48,20,component_21,0.0038322974693742675,0.0038322974693742675,0.00012214486198658392,0.0038322974693742675,,,,
1,[48],48,21,component_22,0.0,-0.0001124542241808279,0.00012214486198658392,0.0,,,,
1,[48],48,22,component_23,0.00040301609343893136,0.00040301609343893136,0.00012214486198658392,0.00040301609343893136,,,,
1,[48],48,23,component_24,0.0005563604972022521,0.0005563604972022521,0.00012214486198658392,0.0005563604972022521,,,,
1,[48],48,24,component_25,0.0003094555145866061,0.0003094555145866061,0.00012214486198658392,0.0003094555145866061,,,,
1,[48],48,25,component_26,0.00562530240122103,0.00562530240122103,0.00012214486198658392,0.00562530240122103,,,,
1,[48],48,26,component_27,0.006016919397730641,0.006016919397730641,0.00012214486198658392,0.006016919397730641,,,,
1,[48],48,27,component_28,0.002731896357200135,0.002731896357200135,0.00012214486198658392,0.002731896357200135,,,,
1,[48],48,28,component_29,0.000550623953968752,0.000550623953968752,0.00012214486198658392,0.000550623953968752,,,,
1,[48],48,29,component_30,0.0011715877406637265,0.0011715877406637265,0.00012214486198658392,0.0011715877406637265,,,,
1,[48],48,30,component_31,0.0,-8.70899584723128e-05,0.00012214486198658392,0.0,,,,
1,[48],48,31,component_32,0.005001806317248509,0.005001806317248509,0.00012214486198658392,0.005001806317248509,,,,
1,[48],48,32,component_33,0.0,-0.0001113578145735804,0.00012214486198658392,0.0,,,,
1,[48],48,33,component_34,0.002000215227648471,0.002000215227648471,0.00012214486198658392,0.002000215227648471,,,,
1,[48],48,34,component_35,0.0049625314753586015,0.0049625314753586015,0.00012214486198658392,0.0049625314753586015,,,,
1,[48],48,35,component_36,0.00013150171478197155,0.00013150171478197155,0.00012214486198658392,0.00013150171478197155,,,,
1,[48],48,36,component_37,0.003208308908198029,0.003208308908198029,0.00012214486198658392,0.003208308908198029,,,,
1,[48],48,37,component_38,0.0049982586699594735,0.0049982586699594735,0.00012214486198658392,0.0049982586699594735,,,,
1,[48],48,38,component_39,0.0017311808593017423,0.0017311808593017423,0.00012214486198658392,0.0017311808593017423,,,,
1,[48],48,39,component_40,0.00282550180698966,0.00282550180698966,0.00012214486198658392,0.00282550180698966,,,,
1,[48],48,40,component_41,0.007299536821045473,0.007299536821045473,0.00012214486198658392,0.007299536821045473,,,,
1,[48],48,41,component_42,3.8708742454392735e-05,3.8708742454392735e-05,0.00012214486198658392,3.8708742454392735e-05,,,,
1,[48],48,42,component_43,0.002733772961327278,0.002733772961327278,0.00012214486198658392,0.002733772961327278,,,,
1,[48],48,43,component_44,0.0031755359143757073,0.0031755359143757073,0.00012214486198658392,0.0031755359143757073,,,,
1,[48],48,44,component_45,0.0,-0.00012184073375751277,0.00012214486198658392,0.0,,,,
1,[48],48,45,component_46,0.0023078289951005654,0.0023078289951005654,0.00012214486198658392,0.0023078289951005654,,,,
1,[48],48,46,component_47,0.0076534111893991705,0.0076534111893991705,0.00012214486198658392,0.0076534111893991705,,,,
1,[48],48,47,component_48,0.0006644632137281637,0.0006644632137281637,0.00012214486198658392,0.0006644632137281637,,,,
1,[48],48,48,component_49,0.12075871970869063,0.12075871970869063,0.00012214486198658392,0.12075871970869063,,,,
1,[48],48,49,component_50,0.00031627731194239196,0.00031627731194239196,0.00012214486198658392,0.00031627731194239196,,,,
1,[48],48,50,component_51,0.01166076214376869,0.01166076214376869,0.00012214486198658392,0.01166076214376869,,,,
1,[48],48,51,component_52,0.006531970068143815,0.006531970068143815,0.00012214486198658392,0.006531970068143815,,,,
1,[48],48,52,component_53,0.003160331724647567,0.003160331724647567,0.00012214486198658392,0.003160331724647567,,,,
1,[48],48,53,component_54,0.0008455479117605311,0.0008455479117605311,0.00012214486198658392,0.0008455479117605311,,,,
1,[48],48,54,component_55,0.00045702237476687375,0.00045702237476687375,0.00012214486198658392,0.00045702237476687375,,,,
1,[48],48,55,component_56,0.0005520602803563908,0.0005520602803563908,0.00012214486198658392,0.0005520602803563908,,,,
1,[48],48,56,component_57,0.001210823393027462,0.001210823393027462,0.00012214486198658392,0.001210823393027462,,,,
1,[48],48,57,component_58,0.0,-8.144829011956674e-05,0.00012214486198658392,0.0,,,,
1,[48],48,58,component_59,0.0035535533386656967,0.0035535533386656967,0.00012214486198658392,0.0035535533386656967,,,,
1,[48],48,59,component_60,0.0043519073556067,0.0043519073556067,0.00012214486198658392,0.0043519073556067,,,,
1,[49],49,0,component_01,0.005672797119292693,0.005672797119292693,0.00012214486198658392,0.005672797119292693,,,,
1,[49],49,1,component_02,3.6411005897033974e-06,3.6411005897033974e-06,0.00012214486198658392,3.6411005897033974e-06,,,,
1,[49],49,2,component_03,0.0011877893330566223,0.0011877893330566223,0.00012214486198658392,0.0011877893330566223,,,,
1,[49],49,3,component_04,0.0008270495343298317,0.0008270495343298317,0.00012214486198658392,0.0008270495343298317,,,,
1,[49],49,4,component_05,0.006486515790231288,0.006486515790231288,0.00012214486198658392,0.006486515790231288,,,,
1,[49],49,5,component_06,0.0034201817223525046,0.0034201817223525046,0.00012214486198658392,0.0034201817223525046,,,,
1,[49],49,6,component_07,0.00016855844553963662,0.00016855844553963662,0.00012214486198658392,0.00016855844553963662,,,,
1,[49],49,7,component_08,0.0,-0.00012054193900493113,0.00012214486198658392,0.0,,,,
1,[49],49,8,component_09,0.0,-3.7371460296151365e-05,0.00012214486198658392,0.0,,,,
1,[49],49,9,component_10,0.0010008538956519546,0.0010008538956519546,0.00012214486198658392,0.0010008538956519546,,,,
1,[49],49,10,component_11,0.006329481069881824,0.006329481069881824,0.00012214486198658392,0.006329481069881824,,,,
1,[49],49,11,component_12,0.001499439589133504,0.001499439589133504,0.00012214486198658392,0.001499439589133504,,,,
1,[49],49,12,component_13,0.005098625389967632,0.005098625389967632,0.00012214486198658392,0.005098625389967632,,,,
1,[49],49,13,component_14,8.599354170283683e-05,8.599354170283683e-05,0.00012214486198658392,8.599354170283683e-05,,,,
1,[49],49,14,component_15,0.0006521844068349,0.0006521844068349,0.00012214486198658392,0.0006521844068349,,,,
1,[49],49,15,component_16,0.0,-9.552326094269912e-05,0.00012214486198658392,0.0,,,,
1,[49],49,16,component_17,0.002708494286996669,0.002708494286996669,0.00012214486198658392,0.002708494286996669,,,,
1,[49],49,17,component_18,0.0047029791374240725,0.0047029791374240725,0.00012214486198658392,0.0047029791374240725,,,,
1,[49],49,18,component_19,0.0002807507023771565,0.0002807507023771565,0.00012214486198658392,0.0002807507023771565,,,,
1,[49],49,19,component_20,0.0024976126571077096,0.0024976126571077096,0.00012214486198658392,0.0024976126571077096,,,,
1,[49],49,20,component_21,0.0018056566063043504,0.0018056566063043504,0.00012214486198658392,0.0018056566063043504,,,,
1,[49],49,21,component_22,0.0002543016713823876,0.0002543016713823876,0.00012214486198658392,0.0002543016713823876,,,,
1,[49],49,22,component_23,0.0024340335076353985,0.0024340335076353985,0.00012214486198658392,0.0024340335076353985,,,,
1,[49],49,23,component_24,0.00018215371251564816,0.00018215371251564816,0.00012214486198658392,0.00018215371251564816,,,,
1,[49],49,24,component_25,0.0,-8.747493333962264e-05,0.00012214486198658392,0.0,,,,
1,[49],49,25,component_26,0.0002982860286263187,0.0002982860286263187,0.00012214486198658392,0.0002982860286263187,,,,
1,[49],49,26,component_27,0.0006614368666205998,0.0006614368666205998,0.00012214486198658392,0.0006614368666205998,,,,
1,[49],49,27,component_28,0.00014421082614686915,0.00014421082614686915,0.00012214486198658392,0.00014421082614686915,,,,
1,[49],49,28,component_29,0.0,-4.5464796238816035e-05,0.00012214486198658392,0.0,,,,
1,[49],49,29,component_30,0.0017442427149178266,0.0017442427149178266,0.00012214486198658392,0.0017442427149178266,,,,
1,[49],49,30,component_31,0.006135675475292043,0.006135675475292043,0.00012214486198658392,0.006135675475292043,,,,
1,[49],49,31,component_32,0.0001845697964485452,0.0001845697964485452,0.00012214486198658392,0.0001845697964485452,,,,
1,[49],49,32,component_33,0.0008661295625051611,0.0008661295625051611,0.00012214486198658392,0.0008661295625051611,,,,
1,[49],49,33,component_34,0.0057629828470611945,0.0057629828470611945,0.00012214486198658392,0.0057629828470611945,,,,
1,[49],49,34,component_35,0.01688865233336951,0.01688865233336951,0.00012214486198658392,0.01688865233336951,,,,
1,[49],49,35,component_36,0.001244586213332065,0.001244586213332065,0.00012214486198658392,0.001244586213332065,,,,
1,[49],49,36,component_37,0.006828704149932607,0.006828704149932607,0.00012214486198658392,0.006828704149932607,,,,
1,[49],49,37,component_38,0.0,-9.995264476796449e-05,0.00012214486198658392,0.0,,,,
1,[49],49,38,component_39,0.002045707808033225,0.002045707808033225,0.00012214486198658392,0.002045707808033225,,,,
1,[49],49,39,component_40,0.00018509664061590694,0.00018509664061590694,0.00012214486198658392,0.00018509664061590694,,,,
1,[49],49,40,component_41,0.0015902400738911828,0.0015902400738911828,0.00012214486198658392,0.0015902400738911828,,,,
1,[49],49,41,component_42,0.0006557042415400281,0.0006557042415400281,0.00012214486198658392,0.0006557042415400281,,,,
1,[49],49,42,component_43,0.0014148306743075921,0.0014148306743075921,0.00012214486198658392,0.0014148306743075921,,,,
1,[49],49,43,component_44,0.0,-3.5884554340332776e-05,0.00012214486198658392,0.0,,,,
1,[49],49,44,component_45,0.0024254488259117233,0.0024254488259117233,0.00012214486198658392,0.0024254488259117233,,,,
1,[49],49,45,component_46,0.000668062339658197,0.000668062339658197,0.00012214486198658392,0.000668062339658197,,,,
1,[49],49,46,component_47,8.396243797348466e-05,8.396243797348466e-05,0.00012214486198658392,8.396243797348466e-05,,,,
1,[49],49,47,component_48,0.001438884989752363,0.001438884989752363,0.00012214486198658392,0.001438884989752363,,,,
1,[49],49,48,component_49,0.004029108112376735,0.004029108112376735,0.00012214486198658392,0.004029108112376735,,,,
1,[49],49,49,component_50,0.12839285731168754,0.12839285731168754,0.00012214486198658392,0.12839285731168754,,,,
1,[49],49,50,component_51,0.0029958171423238224,0.0029958171423238224,0.00012214486198658392,0.0029958171423238224,,,,
1,[49],49,51,component_52,0.012036073074167267,0.012036073074167267,0.00012214486198658392,0.012036073074167267,,,,
1,[49],49,52,component_53,6.809353908292245e-05,6.809353908292245e-05,0.00012214486198658392,6.809353908292245e-05,,,,
1,[49],49,53,component_54,0.004472690057934086,0.004472690057934086,0.00012214486198658392,0.004472690057934086,,,,
1,[49],49,54,component_55,0.00872314107766247,0.00872314107766247,0.00012214486198658392,0.00872314107766247,,,,
1,[49],49,55,component_56,0.0020378760469415094,0.0020378760469415094,0.00012214486198658392,0.0020378760469415094,,,,
1,[49],49,56,component_57,0.004622197886669854,0.004622197886669854,0.00012214486198658392,0.004622197886669854,,,,
1,[49],49,57,component_58,0.0007324391315097927,0.0007324391315097927,0.00012214486198658392,0.0007324391315097927,,,,
1,[49],49,58,component_59,0.00034067486433208237,0.00034067486433208237,0.00012214486198658392,0.00034067486433208237,,,,
1,[49],49,59,component_60,0.003241038071311873,0.003241038071311873,0.00012214486198658392,0.003241038071311873,,,,
1,[50],50,0,component_01,0.00027068573458017403,0.00027068573458017403,0.00012214486198658392,0.00027068573458017403,,,,
1,[50],50,1,component_02,0.0007491487427038906,0.0007491487427038906,0.00012214486198658392,0.0007491487427038906,,,,
1,[50],50,2,component_03,0.0,-0.000110564842982667,0.00012214486198658392,0.0,,,,
1,[50],50,3,component_04,0.0006354644509082836,0.0006354644509082836,0.00012214486198658392,0.0006354644509082836,,,,
1,[50],50,4,component_05,0.013165426215699286,0.013165426215699286,0.00012214486198658392,0.013165426215699286,,,,
1,[50],50,5,component_06,0.0002855193599413345,0.0002855193599413345,0.00012214486198658392,0.0002855193599413345,,,,
1,[50],50,6,component_07,0.0010172651594346658,0.0010172651594346658,0.00012214486198658392,0.0010172651594346658,,,,
1,[50],50,7,component_08,0.0013054785059005763,0.0013054785059005763,0.00012214486198658392,0.0013054785059005763,,,,
1,[50],50,8,component_09,0.0,-7.40526469067262e-05,0.00012214486198658392,0.0,,,,
1,[50],50,9,component_10,0.0002739587866362151,0.0002739587866362151,0.00012214486198658392,0.0002739587866362151,,,,
1,[50],50,10,component_11,5.457480622419103e-05,5.457480622419103e-05,0.00012214486198658392,5.457480622419103e-05,,,,
1,[50],50,11,component_12,7.582848230999257e-05,7.582848230999257e-05,0.00012214486198658392,7.582848230999257e-05,,,,
1,[50],50,12,component_13,0.0,-9.425607583726781e-05,0.00012214486198658392,0.0,,,,
1,[50],50,13,component_14,0.00011644240177727198,0.00011644240177727198,0.00012214486198658392,0.00011644240177727198,,,,
1,[50],50,14,component_15,0.004103524674084665,0.004103524674084665,0.00012214486198658392,0.004103524674084665,,,,
1,[50],50,15,component_16,0.0,-5.1536405923099146e-05,0.00012214486198658392,0.0,,,,
1,[50],50,16,component_17,0.0,-8.814740917281272e-05,0.00012214486198658392,0.0,,,,
1,[50],50,17,component_18,0.0011816093444410986,0.0011816093444410986,0.00012214486198658392,0.0011816093444410986,,,,
1,[50],50,18,component_19,0.0,-0.00011526706357806312,0.00012214486198658392,0.0,,,,
1,[50],50,19,component_20,0.0028192977194836715,0.0028192977194836715,0.00012214486198658392,0.0028192977194836715,,,,
1,[50],50,20,component_21,0.0,-3.930910687505358e-05,0.00012214486198658392,0.0,,,,
1,[50],50,21,component_22,0.0,-9.14104463780511e-05,0.00012214486198658392,0.0,,,,
1,[50],50,22,component_23,0.0014809816679905471,0.0014809816679905471,0.00012214486198658392,0.0014809816679905471,,,,
1,[50],50,23,component_24,0.0003950423268897224,0.0003950423268897224,0.00012214486198658392,0.0003950423268897224,,,,
1,[50],50,24,component_25,0.00331782552738194,0.00331782552738194,0.00012214486198658392,0.00331782552738194,,,,
1,[50],50,25,component_26,0.0,-0.00010902993587405286,0.00012214486198658392,0.0,,,,
1,[50],50,26,component_27,7.008445008782797e-05,7.008445008782797e-05,0.00012214486198658392,7.008445008782797e-05,,,,
1,[50],50,27,component_28,0.002812749045670877,0.002812749045670877,0.00012214486198658392,0.002812749045670877,,,,
1,[50],50,28,component_29,0.00042722447625733655,0.00042722447625733655,0.00012214486198658392,0.00042722447625733655,,,,
1,[50],50,29,component_30,0.000685998465860877,0.000685998465860877,0.00012214486198658392,0.000685998465860877,,,,
1,[50],50,30,component_31,0.003937716861918062,0.003937716861918062,0.00012214486198658392,0.003937716861918062,,,,
1,[50],50,31,component_32,0.0,-1.7930541340617094e-05,0.00012214486198658392,0.0,,,,
1,[50],50,32,component_33,0.0,-0.00011283156349156838,0.00012214486198658392,0.0,,,,
1,[50],50,33,component_34,0.000911100000896859,0.000911100000896859,0.00012214486198658392,0.000911100000896859,,,,
1,[50],50,34,component_35,1.9610306476936342e-05,1.9610306476936342e-05,0.00012214486198658392,1.9610306476936342e-05,,,,
1,[50],50,35,component_36,6.384560246330603e-05,6.384560246330603e-05,0.00012214486198658392,6.384560246330603e-05,,,,
1,[50],50,36,component_37,0.000920739448170241,0.000920739448170241,0.00012214486198658392,0.000920739448170241,,,,
1,[50],50,37,component_38,0.0025326077892047177,0.0025326077892047177,0.00012214486198658392,0.0025326077892047177,,,,
1,[50],50,38,component_39,0.00947374788772352,0.00947374788772352,0.00012214486198658392,0.00947374788772352,,,,
1,[50],50,39,component_40,0.0003275005066149416,0.0003275005066149416,0.00012214486198658392,0.0003275005066149416,,,,
1,[50],50,40,component_41,0.0,-4.149712965338426e-05,0.00012214486198658392,0.0,,,,
1,[50],50,41,component_42,0.0034940298517279634,0.0034940298517279634,0.00012214486198658392,0.0034940298517279634,,,,
1,[50],50,42,component_43,0.0,-0.00010562055247060166,0.00012214486198658392,0.0,,,,
1,[50],50,43,component_44,0.006453879868298188,0.006453879868298188,0.00012214486198658392,0.006453879868298188,,,,
1,[50],50,44,component_45,0.0018199880415290712,0.0018199880415290712,0.00012214486198658392,0.0018199880415290712,,,,
1,[50],50,45,component_46,0.0019227058285777264,0.0019227058285777264,0.00012214486198658392,0.0019227058285777264,,,,
1,[50],50,46,component_47,0.00415992157691678,0.00415992157691678,0.00012214486198658392,0.00415992157691678,,,,
1,[50],50,47,component_48,3.4027293516836004e-06,3.4027293516836004e-06,0.00012214486198658392,3.4027293516836004e-06,,,,
1,[50],50,48,component_49,0.000574024390916657,0.000574024390916657,0.00012214486198658392,0.000574024390916657,,,,
1,[50],50,49,component_50,0.0,-0.00010664926511019896,0.00012214486198658392,0.0,,,,
1,[50],50,50,component_51,0.07922167302116476,0.07922167302116476,0.00012214486198658392,0.07922167302116476,,,,
1,[50],50,51,component_52,0.002533913535705835,0.002533913535705835,0.00012214486198658392,0.002533913535705835,,,,
1,[50],50,52,component_53,0.0026236753790680172,0.0026236753790680172,0.00012214486198658392,0.0026236753790680172,,,,
1,[50],50,53,component_54,0.0011633742191661225,0.0011633742191661225,0.00012214486198658392,0.0011633742191661225,,,,
1,[50],50,54,component_55,0.00945777120725012,0.00945777120725012,0.00012214486198658392,0.00945777120725012,,,,
1,[50],50,55,component_56,0.0012077950206832962,0.0012077950206832962,0.00012214486198658392,0.0012077950206832962,,,,
1,[50],50,56,component_57,0.0,-7.836732535999226e-05,0.00012214486198658392,0.0,,,,
1,[50],50,57,component_58,0.0028716129654856844,0.0028716129654856844,0.00012214486198658392,0.0028716129654856844,,,,
1,[50],50,58,component_59,0.00015652392230603546,0.00015652392230603546,0.00012214486198658392,0.00015652392230603546,,,,
1,[50],50,59,component_60,0.008427007050873193,0.008427007050873193,0.00012214486198658392,0.008427007050873193,,,,
1,[51],51,0,component_01,0.004341636236319589,0.004341636236319589,0.00012214486198658392,0.004341636236319589,,,,
1,[51],51,1,component_02,0.0,-0.00010521487208086874,0.00012214486198658392,0.0,,,,
1,[51],51,2,component_03,0.0,-2.4930996203696406e-05,0.00012214486198658392,0.0,,,,
1,[51],51,3,component_04,0.00033283850105061193,0.00033283850105061193,0.00012214486198658392,0.00033283850105061193,,,,
1,[51],51,4,component_05,0.0,-0.00011252193172591745,0.00012214486198658392,0.0,,,,
1,[51],51,5,component_06,0.015567962347512806,0.015567962347512806,0.00012214486198658392,0.015567962347512806,,,,
1,[51],51,6,component_07,5.574077758475901e-05,5.574077758475901e-05,0.00012214486198658392,5.574077758475901e-05,,,,
1,[51],51,7,component_08,0.0,-0.00012121963155301309,0.00012214486198658392,0.0,,,,
1,[51],51,8,component_09,0.00036099085219798557,0.00036099085219798557,0.00012214486198658392,0.00036099085219798557,,,,
1,[51],51,9,component_10,0.0,-0.00010653262442561723,0.00012214486198658392,0.0,,,,
1,[51],51,10,component_11,0.0012657915436775284,0.0012657915436775284,0.00012214486198658392,0.0012657915436775284,,,,
1,[51],51,11,component_12,0.0008496297616291802,0.0008496297616291802,0.00012214486198658392,0.0008496297616291802,,,,
1,[51],51,12,component_13,0.0028386085327795794,0.0028386085327795794,0.00012214486198658392,0.0028386085327795794,,,,
1,[51],51,13,component_14,0.00035286711362849093,0.00035286711362849093,0.00012214486198658392,0.00035286711362849093,,,,
1,[51],51,14,component_15,0.0015778106644842467,0.0015778106644842467,0.00012214486198658392,0.0015778106644842467,,,,
1,[51],51,15,component_16,0.000509812096938945,0.000509812096938945,0.00012214486198658392,0.000509812096938945,,,,
1,[51],51,16,component_17,0.0010114614164730728,0.0010114614164730728,0.00012214486198658392,0.0010114614164730728,,,,
1,[51],51,17,component_18,8.257725884021144e-05,8.257725884021144e-05,0.00012214486198658392,8.257725884021144e-05,,,,
1,[51],51,18,component_19,0.0,-7.90520323915816e-05,0.00012214486198658392,0.0,,,,
1,[51],51,19,component_20,0.0,-0.00011899219315798185,0.00012214486198658392,0.0,,,,
1,[51],51,20,component_21,0.0014839025732346226,0.0014839025732346226,0.00012214486198658392,0.0014839025732346226,,,,
1,[51],51,21,component_22,0.016925915229493355,0.016925915229493355,0.00012214486198658392,0.016925915229493355,,,,
1,[51],51,22,component_23,3.648986054011964e-06,3.648986054011964e-06,0.00012214486198658392,3.648986054011964e-06,,,,
1,[51],51,23,component_24,0.0030537730628800272,0.0030537730628800272,0.00012214486198658392,0.0030537730628800272,,,,
1,[51],51,24,component_25,0.0,-0.00012198055061562394,0.00012214486198658392,0.0,,,,
1,[51],51,25,component_26,0.006780677507035467,0.006780677507035467,0.00012214486198658392,0.006780677507035467,,,,
1,[51],51,26,component_27,0.016052559172149684,0.016052559172149684,0.00012214486198658392,0.016052559172149684,,,,
1,[51],51,27,component_28,0.0008617903276750431,0.0008617903276750431,0.00012214486198658392,0.0008617903276750431,,,,
1,[51],51,28,component_29,0.0005807727984420945,0.0005807727984420945,0.00012214486198658392,0.0005807727984420945,,,,
1,[51],51,29,component_30,0.0008977566642517947,0.0008977566642517947,0.00012214486198658392,0.0008977566642517947,,,,
1,[51],51,30,component_31,0.0,-0.0001204176818596122,0.00012214486198658392,0.0,,,,
1,[51],51,31,component_32,0.0,-5.4451408506094224e-05,0.00012214486198658392,0.0,,,,
1,[51],51,32,component_33,0.005979948183573116,0.005979948183573116,0.00012214486198658392,0.005979948183573116,,,,
1,[51],51,33,component_34,0.0022166620470992692,0.0022166620470992692,0.00012214486198658392,0.0022166620470992692,,,,
1,[51],51,34,component_35,0.0007750584437868777,0.0007750584437868777,0.00012214486198658392,0.0007750584437868777,,,,
1,[51],51,35,component_36,0.00010712410157286755,0.00010712410157286755,0.00012214486198658392,0.00010712410157286755,,,,
1,[51],51,36,component_37,1.1943504506405582e-05,1.1943504506405582e-05,0.00012214486198658392,1.1943504506405582e-05,,,,
1,[51],51,37,component_38,0.00317387024637655,0.00317387024637655,0.00012214486198658392,0.00317387024637655,,,,
1,[51],51,38,component_39,0.00025730430513040887,0.00025730430513040887,0.00012214486198658392,0.00025730430513040887,,,,
1,[51],51,39,component_40,0.00020402745039990803,0.00020402745039990803,0.00012214486198658392,0.00020402745039990803,,,,
1,[51],51,40,component_41,0.013478849161246182,0.013478849161246182,0.00012214486198658392,0.013478849161246182,,,,
1,[51],51,41,component_42,0.006709451440625919,0.006709451440625919,0.00012214486198658392,0.006709451440625919,,,,
1,[51],51,42,component_43,0.005274949937999299,0.005274949937999299,0.00012214486198658392,0.005274949937999299,,,,
1,[51],51,43,component_44,0.0,-1.9237480061075492e-05,0.00012214486198658392,0.0,,,,
1,[51],51,44,component_45,0.001901378214741662,0.001901378214741662,0.00012214486198658392,0.001901378214741662,,,,
1,[51],51,45,component_46,0.0014078442075304782,0.0014078442075304782,0.00012214486198658392,0.0014078442075304782,,,,
1,[51],51,46,component_47,5.8367746757048456e-05,5.8367746757048456e-05,0.00012214486198658392,5.8367746757048456e-05,,,,
1,[51],51,47,component_48,0.005465199496110726,0.005465199496110726,0.00012214486198658392,0.005465199496110726,,,,
1,[51],51,48,component_49,0.00045544138189980324,0.00045544138189980324,0.00012214486198658392,0.00045544138189980324,,,,
1,[51],51,49,component_50,0.003769728901430636,0.003769728901430636,0.00012214486198658392,0.003769728901430636,,,,
1,[51],51,50,component_51,0.0001602883267293308,0.0001602883267293308,0.00012214486198658392,0.0001602883267293308,,,,
1,[51],51,51,component_52,0.06067110793761633,0.06067110793761633,0.00012214486198658392,0.06067110793761633,,,,
1,[51],51,52,component_53,0.0030543063612650193,0.0030543063612650193,0.00012214486198658392,0.0030543063612650193,,,,
1,[51],51,53,component_54,0.0006931425394013479,0.0006931425394013479,0.00012214486198658392,0.0006931425394013479,,,,
1,[51],51,54,component_55,0.0005709812121030952,0.0005709812121030952,0.00012214486198658392,0.0005709812121030952,,,,
1,[51],51,55,component_56,5.1295463680312925e-05,5.1295463680312925e-05,0.00012214486198658392,5.1295463680312925e-05,,,,
1,[51],51,56,component_57,0.0,-1.9634333915014056e-05,0.00012214486198658392,0.0,,,,
1,[51],51,57,component_58,0.002270717522711125,0.002270717522711125,0.00012214486198658392,0.002270717522711125,,,,
1,[51],51,58,component_59,0.00045786604840619206,0.00045786604840619206,0.00012214486198658392,0.00045786604840619206,,,,
1,[51],51,59,component_60,0.0011320380989165496,0.0011320380989165496,0.00012214486198658392,0.0011320380989165496,,,,
1,[52],52,0,component_01,0.00825022637616571,0.00825022637616571,0.00012214486198658392,0.00825022637616571,,,,
1,[52],52,1,component_02,0.00109714395578872,0.00109714395578872,0.00012214486198658392,0.00109714395578872,,,,
1,[52],52,2,component_03,0.00014416210310758807,0.00014416210310758807,0.00012214486198658392,0.00014416210310758807,,,,
1,[52],52,3,component_04,0.0,-1.5186185615755039e-05,0.00012214486198658392,0.0,,,,
1,[52],52,4,component_05,0.0,-8.998642461843678e-05,0.00012214486198658392,0.0,,,,
1,[52],52,5,component_06,0.0015425564117694064,0.0015425564117694064,0.00012214486198658392,0.0015425564117694064,,,,
1,[52],52,6,component_07,0.0002265903525140647,0.0002265903525140647,0.00012214486198658392,0.0002265903525140647,,,,
1,[52],52,7,component_08,0.002073178288237657,0.002073178288237657,0.00012214486198658392,0.002073178288237657,,,,
1,[52],52,8,component_09,0.0038044997226338267,0.0038044997226338267,0.00012214486198658392,0.0038044997226338267,,,,
1,[52],52,9,component_10,0.0,-6.581488379855119e-05,0.00012214486198658392,0.0,,,,
1,[52],52,10,component_11,0.00020146958516257778,0.00020146958516257778,0.00012214486198658392,0.00020146958516257778,,,,
1,[52],52,11,component_12,0.002671695111608227,0.002671695111608227,0.00012214486198658392,0.002671695111608227,,,,
1,[52],52,12,component_13,0.0,-1.3320617921354616e-05,0.00012214486198658392,0.0,,,,
1,[52],52,13,component_14,0.00012232951846843362,0.00012232951846843362,0.00012214486198658392,0.00012232951846843362,,,,
1,[52],52,14,component_15,0.0014801673210321556,0.0014801673210321556,0.00012214486198658392,0.0014801673210321556,,,,
1,[52],52,15,component_16,0.01128244166073139,0.01128244166073139,0.00012214486198658392,0.01128244166073139,,,,
1,[52],52,16,component_17,0.0003122490646342307,0.0003122490646342307,0.00012214486198658392,0.0003122490646342307,,,,
1,[52],52,17,component_18,0.009681285894578368,0.009681285894578368,0.00012214486198658392,0.009681285894578368,,,,
1,[52],52,18,component_19,0.00020337697795071069,0.00020337697795071069,0.00012214486198658392,0.00020337697795071069,,,,
1,[52],52,19,component_20,0.0,-7.706247355916828e-05,0.00012214486198658392,0.0,,,,
1,[52],52,20,component_21,0.006024659496814574,0.006024659496814574,0.00012214486198658392,0.006024659496814574,,,,
1,[52],52,21,component_22,0.00025437229444475525,0.00025437229444475525,0.00012214486198658392,0.00025437229444475525,,,,
1,[52],52,22,component_23,0.0027051543576732265,0.0027051543576732265,0.00012214486198658392,0.0027051543576732265,,,,
1,[52],52,23,component_24,0.0018722213338024777,0.0018722213338024777,0.00012214486198658392,0.0018722213338024777,,,,
1,[52],52,24,component_25,0.0,-0.00012212545709617135,0.00012214486198658392,0.0,,,,
1,[52],52,25,component_26,0.0011487743067713548,0.0011487743067713548,0.00012214486198658392,0.0011487743067713548,,,,
1,[52],52,26,component_27,0.0002223738763379764,0.0002223738763379764,0.00012214486198658392,0.0002223738763379764,,,,
1,[52],52,27,component_28,0.0010723479030257622,0.0010723479030257622,0.00012214486198658392,0.0010723479030257622,,,,
1,[52],52,28,component_29,0.005962628250088276,0.005962628250088276,0.00012214486198658392,0.005962628250088276,,,,
1,[52],52,29,component_30,0.00173722263692181,0.00173722263692181,0.00012214486198658392,0.00173722263692181,,,,
1,[52],52,30,component_31,0.0001263651567057007,0.0001263651567057007,0.00012214486198658392,0.0001263651567057007,,,,
1,[52],52,31,component_32,0.0,-5.961836988513467e-05,0.00012214486198658392,0.0,,,,
1,[52],52,32,component_33,0.0014760644039321972,0.0014760644039321972,0.00012214486198658392,0.0014760644039321972,,,,
1,[52],52,33,component_34,0.003316260346996397,0.003316260346996397,0.00012214486198658392,0.003316260346996397,,,,
1,[52],52,34,component_35,0.006906203741674215,0.006906203741674215,0.00012214486198658392,0.006906203741674215,,,,
1,[52],52,35,component_36,2.592386025285261e-05,2.592386025285261e-05,0.00012214486198658392,2.592386025285261e-05,,,,
1,[52],52,36,component_37,0.0009815830383601814,0.0009815830383601814,0.00012214486198658392,0.0009815830383601814,,,,
1,[52],52,37,component_38,0.001746445517716685,0.001746445517716685,0.00012214486198658392,0.001746445517716685,,,,
1,[52],52,38,component_39,0.01117794780808004,0.01117794780808004,0.00012214486198658392,0.01117794780808004,,,,
1,[52],52,39,component_40,0.0004111207216946146,0.0004111207216946146,0.00012214486198658392,0.0004111207216946146,,,,
1,[52],52,40,component_41,0.001458787972581928,0.001458787972581928,0.00012214486198658392,0.001458787972581928,,,,
1,[52],52,41,component_42,0.004781929694072893,0.004781929694072893,0.00012214486198658392,0.004781929694072893,,,,
1,[52],52,42,component_43,0.0015161186528515067,0.0015161186528515067,0.00012214486198658392,0.0015161186528515067,,,,
1,[52],52,43,component_44,0.005856739820215251,0.005856739820215251,0.00012214486198658392,0.005856739820215251,,,,
1,[52],52,44,component_45,0.0004297931613882087,0.0004297931613882087,0.00012214486198658392,0.0004297931613882087,,,,
1,[52],52,45,component_46,0.00023828192477018924,0.00023828192477018924,0.00012214486198658392,0.00023828192477018924,,,,
1,[52],52,46,component_47,0.0,-0.00011404634354177272,0.00012214486198658392,0.0,,,,
1,[52],52,47,component_48,0.007441293310877908,0.007441293310877908,0.00012214486198658392,0.007441293310877908,,,,
1,[52],52,48,component_49,0.0,-9.752719005281092e-06,0.00012214486198658392,0.0,,,,
1,[52],52,49,component_50,0.0006144320823490184,0.0006144320823490184,0.00012214486198658392,0.0006144320823490184,,,,
1,[52],52,50,component_51,0.0,-7.864694244132187e-05,0.00012214486198658392,0.0,,,,
1,[52],52,51,component_52,0.004999052082248123,0.004999052082248123,0.00012214486198658392,0.004999052082248123,,,,
1,[52],52,52,component_53,0.17120680623988827,0.17120680623988827,0.00012214486198658392,0.17120680623988827,,,,
1,[52],52,53,component_54,0.0007116477214009695,0.0007116477214009695,0.00012214486198658392,0.0007116477214009695,,,,
1,[52],52,54,component_55,0.0021773082879540107,0.0021773082879540107,0.00012214486198658392,0.0021773082879540107,,,,
1,[52],52,55,component_56,0.0003479793099733801,0.0003479793099733801,0.00012214486198658392,0.0003479793099733801,,,,
1,[52],52,56,component_57,0.0031026828102937902,0.0031026828102937902,0.00012214486198658392,0.0031026828102937902,,,,
1,[52],52,57,component_58,0.0,-7.520559848341298e-05,0.00012214486198658392,0.0,,,,
1,[52],52,58,component_59,0.011349800125956322,0.011349800125956322,0.00012214486198658392,0.011349800125956322,,,,
1,[52],52,59,component_60,0.004968571343384823,0.004968571343384823,0.00012214486198658392,0.004968571343384823,,,,
1,[53],53,0,component_01,0.0009455103910305482,0.0009455103910305482,0.00012214486198658392,0.0009455103910305482,,,,
1,[53],53,1,component_02,0.0002148659614408536,0.0002148659614408536,0.00012214486198658392,0.0002148659614408536,,,,
1,[53],53,2,component_03,0.0037046040230900804,0.0037046040230900804,0.00012214486198658392,0.0037046040230900804,,,,
1,[53],53,3,component_04,0.0,-6.417959348766966e-05,0.00012214486198658392,0.0,,,,
1,[53],53,4,component_05,0.0012408182900584988,0.0012408182900584988,0.00012214486198658392,0.0012408182900584988,,,,
1,[53],53,5,component_06,0.0002924471619921368,0.0002924471619921368,0.00012214486198658392,0.0002924471619921368,,,,
1,[53],53,6,component_07,0.00039240260296585663,0.00039240260296585663,0.00012214486198658392,0.00039240260296585663,,,,
1,[53],53,7,component_08,0.0058571863408458736,0.0058571863408458736,0.00012214486198658392,0.0058571863408458736,,,,
1,[53],53,8,component_09,0.004019049482323404,0.004019049482323404,0.00012214486198658392,0.004019049482323404,,,,
1,[53],53,9,component_10,0.00033160812194775485,0.00033160812194775485,0.00012214486198658392,0.00033160812194775485,,,,
1,[53],53,10,component_11,0.0,-0.00011229789813920296,0.00012214486198658392,0.0,,,,
1,[53],53,11,component_12,0.009976006389498181,0.009976006389498181,0.00012214486198658392,0.009976006389498181,,,,
1,[53],53,12,component_13,0.0,-9.61574287479022e-05,0.00012214486198658392,0.0,,,,
1,[53],53,13,component_14,0.002620396334872208,0.002620396334872208,0.00012214486198658392,0.002620396334872208,,,,
1,[53],53,14,component_15,0.0014305360074988748,0.0014305360074988748,0.00012214486198658392,0.0014305360074988748,,,,
1,[53],53,15,component_16,0.0007238649099518317,0.0007238649099518317,0.00012214486198658392,0.0007238649099518317,,,,
1,[53],53,16,component_17,0.0024071980316866374,0.0024071980316866374,0.00012214486198658392,0.0024071980316866374,,,,
1,[53],53,17,component_18,9.259496432654103e-05,9.259496432654103e-05,0.00012214486198658392,9.259496432654103e-05,,,,
1,[53],53,18,component_19,0.0001777646710243037,0.0001777646710243037,0.00012214486198658392,0.0001777646710243037,,,,
1,[53],53,19,component_20,0.0064492247980129066,0.0064492247980129066,0.00012214486198658392,0.0064492247980129066,,,,
1,[53],53,20,component_21,0.0026189342782269157,0.0026189342782269157,0.00012214486198658392,0.0026189342782269157,,,,
1,[53],53,21,component_22,8.900467917769626e-05,8.900467917769626e-05,0.00012214486198658392,8.900467917769626e-05,,,,
1,[53],53,22,component_23,0.0033147360329526814,0.0033147360329526814,0.00012214486198658392,0.0033147360329526814,,,,
1,[53],53,23,component_24,2.254823290858348e-05,2.254823290858348e-05,0.00012214486198658392,2.254823290858348e-05,,,,
1,[53],53,24,component_25,0.0003044832603347962,0.0003044832603347962,0.00012214486198658392,0.0003044832603347962,,,,
1,[53],53,25,component_26,0.013082365076006254,0.013082365076006254,0.00012214486198658392,0.013082365076006254,,,,
1,[53],53,26,component_27,0.00798910601361528,0.00798910601361528,0.00012214486198658392,0.00798910601361528,,,,
1,[53],53,27,component_28,0.0018912393510898738,0.0018912393510898738,0.00012214486198658392,0.0018912393510898738,,,,
1,[53],53,28,component_29,0.010194794764020632,0.010194794764020632,0.00012214486198658392,0.010194794764020632,,,,
1,[53],53,29,component_30,0.002122931879492074,0.002122931879492074,0.00012214486198658392,0.002122931879492074,,,,
1,[53],53,30,component_31,2.8643540164684375e-05,2.8643540164684375e-05,0.00012214486198658392,2.8643540164684375e-05,,,,
1,[53],53,31,component_32,0.0004886783089739016,0.0004886783089739016,0.00012214486198658392,0.0004886783089739016,,,,
1,[53],53,32,component_33,0.002866150681278801,0.002866150681278801,0.00012214486198658392,0.002866150681278801,,,,
1,[53],53,33,component_34,0.0021109528522599277,0.0021109528522599277,0.00012214486198658392,0.0021109528522599277,,,,
1,[53],53,34,component_35,0.008064883732562048,0.008064883732562048,0.00012214486198658392,0.008064883732562048,,,,
1,[53],53,35,component_36,0.02065031567263321,0.02065031567263321,0.00012214486198658392,0.02065031567263321,,,,
1,[53],53,36,component_37,0.015531993663420281,0.015531993663420281,0.00012214486198658392,0.015531993663420281,,,,
1,[53],53,37,component_38,0.005525856994633091,0.005525856994633091,0.00012214486198658392,0.005525856994633091,,,,
1,[53],53,38,component_39,0.0015446551917597372,0.0015446551917597372,0.00012214486198658392,0.0015446551917597372,,,,
1,[53],53,39,component_40,0.0016981391499491481,0.0016981391499491481,0.00012214486198658392,0.0016981391499491481,,,,
1,[53],53,40,component_41,0.00032464014804727285,0.00032464014804727285,0.00012214486198658392,0.00032464014804727285,,,,
1,[53],53,41,component_42,0.0032107345253516617,0.0032107345253516617,0.00012214486198658392,0.0032107345253516617,,,,
1,[53],53,42,component_43,0.0010025421899866472,0.0010025421899866472,0.00012214486198658392,0.0010025421899866472,,,,
1,[53],53,43,component_44,6.28649951825151e-06,6.28649951825151e-06,0.00012214486198658392,6.28649951825151e-06,,,,
1,[53],53,44,component_45,0.0,-1.6530845914768794e-05,0.00012214486198658392,0.0,,,,
1,[53],53,45,component_46,0.0038585890796427632,0.0038585890796427632,0.00012214486198658392,0.0038585890796427632,,,,
1,[53],53,46,component_47,0.019772454082785232,0.019772454082785232,0.00012214486198658392,0.019772454082785232,,,,
1,[53],53,47,component_48,0.0,-2.7532972183411634e-05,0.00012214486198658392,0.0,,,,
1,[53],53,48,component_49,0.0021055049004181027,0.0021055049004181027,0.00012214486198658392,0.0021055049004181027,,,,
1,[53],53,49,component_50,0.0,-0.0001156461532752109,0.00012214486198658392,0.0,,,,
1,[53],53,50,component_51,0.0030088047050685265,0.0030088047050685265,0.00012214486198658392,0.0030088047050685265,,,,
1,[53],53,51,component_52,0.0017625251197031003,0.0017625251197031003,0.00012214486198658392,0.0017625251197031003,,,,
1,[53],53,52,component_53,0.0014634624947943797,0.0014634624947943797,0.00012214486198658392,0.0014634624947943797,,,,
1,[53],53,53,component_54,0.06002494598066346,0.06002494598066346,0.00012214486198658392,0.06002494598066346,,,,
1,[53],53,54,component_55,0.005383826911546931,0.005383826911546931,0.00012214486198658392,0.005383826911546931,,,,
1,[53],53,55,component_56,0.0,-0.00010671385491285506,0.00012214486198658392,0.0,,,,
1,[53],53,56,component_57,0.0003624811315130767,0.0003624811315130767,0.00012214486198658392,0.0003624811315130767,,,,
1,[53],53,57,component_58,0.0,-9.821092347424632e-05,0.00012214486198658392,0.0,,,,
1,[53],53,58,component_59,0.005786601086346751,0.005786601086346751,0.00012214486198658392,0.005786601086346751,,,,
1,[53],53,59,component_60,0.0,-3.364648256030074e-05,0.00012214486198658392,0.0,,,,
1,[54],54,0,component_01,0.0,-1.630585267688495e-05,0.00012214486198658392,0.0,,,,
1,[54],54,1,component_02,0.00023540007682517185,0.00023540007682517185,0.00012214486198658392,0.00023540007682517185,,,,
1,[54],54,2,component_03,0.0,-7.924259036266794e-05,0.00012214486198658392,0.0,,,,
1,[54],54,3,component_04,0.0,-8.883010102652211e-05,0.00012214486198658392,0.0,,,,
1,[54],54,4,component_05,0.0005303979571391994,0.0005303979571391994,0.00012214486198658392,0.0005303979571391994,,,,
1,[54],54,5,component_06,0.0,-1.2412432600920204e-05,0.00012214486198658392,0.0,,,,
1,[54],54,6,component_07,0.0001455101921208517,0.0001455101921208517,0.00012214486198658392,0.0001455101921208517,,,,
1,[54],54,7,component_08,0.006043188783170242,0.006043188783170242,0.00012214486198658392,0.006043188783170242,,,,
1,[54],54,8,component_09,0.01037491707427801,0.01037491707427801,0.00012214486198658392,0.01037491707427801,,,,
1,[54],54,9,component_10,0.0032465959197141526,0.0032465959197141526,0.00012214486198658392,0.0032465959197141526,,,,
1,[54],54,10,component_11,0.0005528876203586571,0.0005528876203586571,0.00012214486198658392,0.0005528876203586571,,,,
1,[54],54,11,component_12,0.001861516502323893,0.001861516502323893,0.00012214486198658392,0.001861516502323893,,,,
1,[54],54,12,component_13,0.0018906632097346755,0.0018906632097346755,0.00012214486198658392,0.0018906632097346755,,,,
1,[54],54,13,component_14,0.0002796577628809533,0.0002796577628809533,0.00012214486198658392,0.0002796577628809533,,,,
1,[54],54,14,component_15,0.0032020536529673406,0.0032020536529673406,0.00012214486198658392,0.0032020536529673406,,,,
1,[54],54,15,component_16,0.00017656598913767468,0.00017656598913767468,0.00012214486198658392,0.00017656598913767468,,,,
1,[54],54,16,component_17,0.0004708296798154378,0.0004708296798154378,0.00012214486198658392,0.0004708296798154378,,,,
1,[54],54,17,component_18,0.0,-9.880881331173483e-05,0.00012214486198658392,0.0,,,,
1,[54],54,18,component_19,0.0014995378473373214,0.0014995378473373214,0.00012214486198658392,0.0014995378473373214,,,,
1,[54],54,19,component_20,0.0,-7.155915884776086e-05,0.00012214486198658392,0.0,,,,
1,[54],54,20,component_21,0.0,-0.00011047047817440824,0.00012214486198658392,0.0,,,,
1,[54],54,21,component_22,0.003208984170122221,0.003208984170122221,0.00012214486198658392,0.003208984170122221,,,,
1,[54],54,22,component_23,0.0,-0.0001121210427971231,0.00012214486198658392,0.0,,,,
1,[54],54,23,component_24,0.0010283714384601425,0.0010283714384601425,0.00012214486198658392,0.0010283714384601425,,,,
1,[54],54,24,component_25,0.00013846962753034367,0.00013846962753034367,0.00012214486198658392,0.00013846962753034367,,,,
1,[54],54,25,component_26,0.0034882325223946874,0.0034882325223946874,0.00012214486198658392,0.0034882325223946874,,,,
1,[54],54,26,component_27,0.0026856332833073916,0.0026856332833073916,0.00012214486198658392,0.0026856332833073916,,,,
1,[54],54,27,component_28,1.8036418732323475e-05,1.8036418732323475e-05,0.00012214486198658392,1.8036418732323475e-05,,,,
1,[54],54,28,component_29,0.00043775564837414047,0.00043775564837414047,0.00012214486198658392,0.00043775564837414047,,,,
1,[54],54,29,component_30,0.0008358139910700365,0.0008358139910700365,0.00012214486198658392,0.0008358139910700365,,,,
1,[54],54,30,component_31,0.0028626223605265734,0.0028626223605265734,0.00012214486198658392,0.0028626223605265734,,,,
1,[54],54,31,component_32,0.00016271346103882036,0.00016271346103882036,0.00012214486198658392,0.00016271346103882036,,,,
1,[54],54,32,component_33,0.002570942626477887,0.002570942626477887,0.00012214486198658392,0.002570942626477887,,,,
1,[54],54,33,component_34,0.003180599024418673,0.003180599024418673,0.00012214486198658392,0.003180599024418673,,,,
1,[54],54,34,component_35,0.0002693725553094821,0.0002693725553094821,0.00012214486198658392,0.0002693725553094821,,,,
1,[54],54,35,component_36,0.0010210934691247617,0.0010210934691247617,0.00012214486198658392,0.0010210934691247617,,,,
1,[54],54,36,component_37,0.0,-0.0001201946607479627,0.00012214486198658392,0.0,,,,
1,[54],54,37,component_38,0.00037551740523164735,0.00037551740523164735,0.00012214486198658392,0.00037551740523164735,,,,
1,[54],54,38,component_39,0.005826299966680316,0.005826299966680316,0.00012214486198658392,0.005826299966680316,,,,
1,[54],54,39,component_40,0.000357189750854353,0.000357189750854353,0.00012214486198658392,0.000357189750854353,,,,
1,[54],54,40,component_41,0.0019324414366349758,0.0019324414366349758,0.00012214486198658392,0.0019324414366349758,,,,
1,[54],54,41,component_42,0.0008171647747275382,0.0008171647747275382,0.00012214486198658392,0.0008171647747275382,,,,
1,[54],54,42,component_43,0.0019789622619310688,0.0019789622619310688,0.00012214486198658392,0.0019789622619310688,,,,
1,[54],54,43,component_44,0.00012150224497608545,0.00012150224497608545,0.00012214486198658392,0.00012150224497608545,,,,
1,[54],54,44,component_45,0.0025170605038300907,0.0025170605038300907,0.00012214486198658392,0.0025170605038300907,,,,
1,[54],54,45,component_46,0.0,-7.020361142539208e-05,0.00012214486198658392,0.0,,,,
1,[54],54,46,component_47,0.0009096730659474864,0.0009096730659474864,0.00012214486198658392,0.0009096730659474864,,,,
1,[54],54,47,component_48,0.0005122127105141618,0.0005122127105141618,0.00012214486198658392,0.0005122127105141618,,,,
1,[54],54,48,component_49,0.0,-9.359643206582069e-05,0.00012214486198658392,0.0,,,,
1,[54],54,49,component_50,0.0,-0.00012208967710296953,0.00012214486198658392,0.0,,,,
1,[54],54,50,component_51,0.007350504478487995,0.007350504478487995,0.00012214486198658392,0.007350504478487995,,,,
1,[54],54,51,component_52,0.003486339415940683,0.003486339415940683,0.00012214486198658392,0.003486339415940683,,,,
1,[54],54,52,component_53,0.0008809160232770421,0.0008809160232770421,0.00012214486198658392,0.0008809160232770421,,,,
1,[54],54,53,component_54,0.003208585690414386,0.003208585690414386,0.00012214486198658392,0.003208585690414386,,,,
1,[54],54,54,component_55,0.09269677086829237,0.09269677086829237,0.00012214486198658392,0.09269677086829237,,,,
1,[54],54,55,component_56,0.0,-7.606348218119609e-05,0.00012214486198658392,0.0,,,,
1,[54],54,56,component_57,0.0038843670797964257,0.0038843670797964257,0.00012214486198658392,0.0038843670797964257,,,,
1,[54],54,57,component_58,0.0009462843352048696,0.0009462843352048696,0.00012214486198658392,0.0009462843352048696,,,,
1,[54],54,58,component_59,0.00011887123094874992,0.00011887123094874992,0.00012214486198658392,0.00011887123094874992,,,,
1,[54],54,59,component_60,0.0006729079696257616,0.0006729079696257616,0.00012214486198658392,0.0006729079696257616,,,,
1,[55],55,0,component_01,0.0036627027850273048,0.0036627027850273048,0.00012214486198658392,0.0036627027850273048,,,,
1,[55],55,1,component_02,0.0001267969287694104,0.0001267969287694104,0.00012214486198658392,0.0001267969287694104,,,,
1,[55],55,2,component_03,0.005579707345327468,0.005579707345327468,0.00012214486198658392,0.005579707345327468,,,,
1,[55],55,3,component_04,0.0,-0.00011563779920201693,0.00012214486198658392,0.0,,,,
1,[55],55,4,component_05,0.000361383714665815,0.000361383714665815,0.00012214486198658392,0.000361383714665815,,,,
1,[55],55,5,component_06,0.0023406363520059974,0.0023406363520059974,0.00012214486198658392,0.0023406363520059974,,,,
1,[55],55,6,component_07,0.0021808770416984506,0.0021808770416984506,0.00012214486198658392,0.0021808770416984506,,,,
1,[55],55,7,component_08,0.0002862961721581035,0.0002862961721581035,0.00012214486198658392,0.0002862961721581035,,,,
1,[55],55,8,component_09,0.0014351372908299152,0.0014351372908299152,0.00012214486198658392,0.0014351372908299152,,,,
1,[55],55,9,component_10,0.010050529594424866,0.010050529594424866,0.00012214486198658392,0.010050529594424866,,,,
1,[55],55,10,component_11,0.0002862681455231841,0.0002862681455231841,0.00012214486198658392,0.0002862681455231841,,,,
1,[55],55,11,component_12,0.0,-1.3600985139183532e-05,0.00012214486198658392,0.0,,,,
1,[55],55,12,component_13,0.0,-5.8520809865209944e-05,0.00012214486198658392,0.0,,,,
1,[55],55,13,component_14,0.0005815624066636577,0.0005815624066636577,0.00012214486198658392,0.0005815624066636577,,,,
1,[55],55,14,component_15,0.0,-9.763281734884863e-05,0.00012214486198658392,0.0,,,,
1,[55],55,15,component_16,0.005033786028525762,0.005033786028525762,0.00012214486198658392,0.005033786028525762,,,,
1,[55],55,16,component_17,0.0011487322636744976,0.0011487322636744976,0.00012214486198658392,0.0011487322636744976,,,,
1,[55],55,17,component_18,0.003068437364132228,0.003068437364132228,0.00012214486198658392,0.003068437364132228,,,,
1,[55],55,18,component_19,0.0024559386439214183,0.0024559386439214183,0.00012214486198658392,0.0024559386439214183,,,,
1,[55],55,19,component_20,0.005455355337278426,0.005455355337278426,0.00012214486198658392,0.005455355337278426,,,,
1,[55],55,20,component_21,0.0016871108388277155,0.0016871108388277155,0.00012214486198658392,0.0016871108388277155,,,,
1,[55],55,21,component_22,0.004153601199448847,0.004153601199448847,0.00012214486198658392,0.004153601199448847,,,,
1,[55],55,22,component_23,0.011043540424628573,0.011043540424628573,0.00012214486198658392,0.011043540424628573,,,,
1,[55],55,23,component_24,0.000702143169675228,0.000702143169675228,0.00012214486198658392,0.000702143169675228,,,,
1,[55],55,24,component_25,0.0004161920096567613,0.0004161920096567613,0.00012214486198658392,0.0004161920096567613,,,,
1,[55],55,25,component_26,0.0,-9.010290657179593e-05,0.00012214486198658392,0.0,,,,
1,[55],55,26,component_27,0.0,-0.00011925361898210474,0.00012214486198658392,0.0,,,,
1,[55],55,27,component_28,0.004552774272121375,0.004552774272121375,0.00012214486198658392,0.004552774272121375,,,,
1,[55],55,28,component_29,0.002054353631729341,0.002054353631729341,0.00012214486198658392,0.002054353631729341,,,,
1,[55],55,29,component_30,0.00010708912806496227,0.00010708912806496227,0.00012214486198658392,0.00010708912806496227,,,,
1,[55],55,30,component_31,0.005560860511763766,0.005560860511763766,0.00012214486198658392,0.005560860511763766,,,,
1,[55],55,31,component_32,0.0029280471147289885,0.0029280471147289885,0.00012214486198658392,0.0029280471147289885,,,,
1,[55],55,32,component_33,0.0,-8.982781086712158e-05,0.00012214486198658392,0.0,,,,
1,[55],55,33,component_34,0.0020869043366025506,0.0020869043366025506,0.00012214486198658392,0.0020869043366025506,,,,
1,[55],55,34,component_35,0.00596558534789955,0.00596558534789955,0.00012214486198658392,0.00596558534789955,,,,
1,[55],55,35,component_36,5.8695533487686285e-05,5.8695533487686285e-05,0.00012214486198658392,5.8695533487686285e-05,,,,
1,[55],55,36,component_37,0.0012239848341258717,0.0012239848341258717,0.00012214486198658392,0.0012239848341258717,,,,
1,[55],55,37,component_38,0.0,-9.926163710470657e-05,0.00012214486198658392,0.0,,,,
1,[55],55,38,component_39,0.0007841064789409095,0.0007841064789409095,0.00012214486198658392,0.0007841064789409095,,,,
1,[55],55,39,component_40,0.0035605855693972848,0.0035605855693972848,0.00012214486198658392,0.0035605855693972848,,,,
1,[55],55,40,component_41,0.0,-5.092371065446957e-05,0.00012214486198658392,0.0,,,,
1,[55],55,41,component_42,0.0007403644297072334,0.0007403644297072334,0.00012214486198658392,0.0007403644297072334,,,,
1,[55],55,42,component_43,0.0,-0.0001005531085195673,0.00012214486198658392,0.0,,,,
1,[55],55,43,component_44,0.0,-0.00012212307469579273,0.00012214486198658392,0.0,,,,
1,[55],55,44,component_45,0.0,-0.00010239618953555518,0.00012214486198658392,0.0,,,,
1,[55],55,45,component_46,0.008562023085616408,0.008562023085616408,0.00012214486198658392,0.008562023085616408,,,,
1,[55],55,46,component_47,0.0029081766026952966,0.0029081766026952966,0.00012214486198658392,0.0029081766026952966,,,,
1,[55],55,47,component_48,0.009284248004179613,0.009284248004179613,0.00012214486198658392,0.009284248004179613,,,,
1,[55],55,48,component_49,0.0,-0.00010663762435713614,0.00012214486198658392,0.0,,,,
1,[55],55,49,component_50,0.004111109359032967,0.004111109359032967,0.00012214486198658392,0.004111109359032967,,,,
1,[55],55,50,component_51,0.0043551127560239825,0.0043551127560239825,0.00012214486198658392,0.0043551127560239825,,,,
1,[55],55,51,component_52,0.002515699529902124,0.002515699529902124,0.00012214486198658392,0.002515699529902124,,,,
1,[55],55,52,component_53,0.00019437953138365624,0.00019437953138365624,0.00012214486198658392,0.00019437953138365624,,,,
1,[55],55,53,component_54,0.0,-1.4481196360365548e-05,0.00012214486198658392,0.0,,,,
1,[55],55,54,component_55,0.0007977607486589749,0.0007977607486589749,0.00012214486198658392,0.0007977607486589749,,,,
1,[55],55,55,component_56,0.13899794256484826,0.13899794256484826,0.00012214486198658392,0.13899794256484826,,,,
1,[55],55,56,component_57,0.0005851499288198456,0.0005851499288198456,0.00012214486198658392,0.0005851499288198456,,,,
1,[55],55,57,component_58,0.0,-8.978816928058246e-05,0.00012214486198658392,0.0,,,,
1,[55],55,58,component_59,0.004396426903227189,0.004396426903227189,0.00012214486198658392,0.004396426903227189,,,,
1,[55],55,59,component_60,0.0056825169472895,0.0056825169472895,0.00012214486198658392,0.0056825169472895,,,,
1,[56],56,0,component_01,0.0,-0.00011535588926359369,0.00012214486198658392,0.0,,,,
1,[56],56,1,component_02,0.0,-4.374477496273428e-05,0.00012214486198658392,0.0,,,,
1,[56],56,2,component_03,9.449731863829614e-06,9.449731863829614e-06,0.00012214486198658392,9.449731863829614e-06,,,,
1,[56],56,3,component_04,0.0,-8.845061987066987e-05,0.00012214486198658392,0.0,,,,
1,[56],56,4,component_05,0.0004502218874632051,0.0004502218874632051,0.00012214486198658392,0.0004502218874632051,,,,
1,[56],56,5,component_06,0.0028966885868151864,0.0028966885868151864,0.00012214486198658392,0.0028966885868151864,,,,
1,[56],56,6,component_07,0.0,-0.00011573007903715985,0.00012214486198658392,0.0,,,,
1,[56],56,7,component_08,0.0002221922882998422,0.0002221922882998422,0.00012214486198658392,0.0002221922882998422,,,,
1,[56],56,8,component_09,0.0,-3.7584247044599524e-05,0.00012214486198658392,0.0,,,,
1,[56],56,9,component_10,0.0010136401225648228,0.0010136401225648228,0.00012214486198658392,0.0010136401225648228,,,,
1,[56],56,10,component_11,0.0005213990971155316,0.0005213990971155316,0.00012214486198658392,0.0005213990971155316,,,,
1,[56],56,11,component_12,0.0,-0.00010557129270053221,0.00012214486198658392,0.0,,,,
1,[56],56,12,component_13,0.0002880226816413406,0.0002880226816413406,0.00012214486198658392,0.0002880226816413406,,,,
1,[56],56,13,component_14,0.010299248776351739,0.010299248776351739,0.00012214486198658392,0.010299248776351739,,,,
1,[56],56,14,component_15,0.00016627281132268012,0.00016627281132268012,0.00012214486198658392,0.00016627281132268012,,,,
1,[56],56,15,component_16,6.007081760784288e-05,6.007081760784288e-05,0.00012214486198658392,6.007081760784288e-05,,,,
1,[56],56,16,component_17,4.077462876992077e-05,4.077462876992077e-05,0.00012214486198658392,4.077462876992077e-05,,,,
1,[56],56,17,component_18,0.0005044394691254194,0.0005044394691254194,0.00012214486198658392,0.0005044394691254194,,,,
1,[56],56,18,component_19,0.0013959968580061278,0.0013959968580061278,0.00012214486198658392,0.0013959968580061278,,,,
1,[56],56,19,component_20,0.006032797547540548,0.006032797547540548,0.00012214486198658392,0.006032797547540548,,,,
1,[56],56,20,component_21,0.0,-1.1976271828952693e-05,0.00012214486198658392,0.0,,,,
1,[56],56,21,component_22,0.0002784965667859367,0.0002784965667859367,0.00012214486198658392,0.0002784965667859367,,,,
1,[56],56,22,component_23,0.017285716206240545,0.017285716206240545,0.00012214486198658392,0.017285716206240545,,,,
1,[56],56,23,component_24,3.970012628904578e-05,3.970012628904578e-05,0.00012214486198658392,3.970012628904578e-05,,,,
1,[56],56,24,component_25,0.004128878398724066,0.004128878398724066,0.00012214486198658392,0.004128878398724066,,,,
1,[56],56,25,component_26,0.0017332977340870086,0.0017332977340870086,0.00012214486198658392,0.0017332977340870086,,,,
1,[56],56,26,component_27,0.005558213951810935,0.005558213951810935,0.00012214486198658392,0.005558213951810935,,,,
1,[56],56,27,component_28,0.00039120717304494206,0.00039120717304494206,0.00012214486198658392,0.00039120717304494206,,,,
1,[56],56,28,component_29,8.674113245155133e-05,8.674113245155133e-05,0.00012214486198658392,8.674113245155133e-05,,,,
1,[56],56,29,component_30,0.005988740709336865,0.005988740709336865,0.00012214486198658392,0.005988740709336865,,,,
1,[56],56,30,component_31,0.0002494423359713006,0.0002494423359713006,0.00012214486198658392,0.0002494423359713006,,,,
1,[56],56,31,component_32,0.00499037917043915,0.00499037917043915,0.00012214486198658392,0.00499037917043915,,,,
1,[56],56,32,component_33,0.0005325778389314005,0.0005325778389314005,0.00012214486198658392,0.0005325778389314005,,,,
1,[56],56,33,component_34,0.004310585049057646,0.004310585049057646,0.00012214486198658392,0.004310585049057646,,,,
1,[56],56,34,component_35,0.0,-0.00011820753536060778,0.00012214486198658392,0.0,,,,
1,[56],56,35,component_36,0.0006361420333680367,0.0006361420333680367,0.00012214486198658392,0.0006361420333680367,,,,
1,[56],56,36,component_37,0.0069717978802954095,0.0069717978802954095,0.00012214486198658392,0.0069717978802954095,,,,
1,[56],56,37,component_38,0.001580319040777597,0.001580319040777597,0.00012214486198658392,0.001580319040777597,,,,
1,[56],56,38,component_39,0.0,-1.8957595009606447e-05,0.00012214486198658392,0.0,,,,
1,[56],56,39,component_40,0.000486929800119685,0.000486929800119685,0.00012214486198658392,0.000486929800119685,,,,
1,[56],56,40,component_41,0.001628749568448965,0.001628749568448965,0.00012214486198658392,0.001628749568448965,,,,
1,[56],56,41,component_42,0.0017135925930996847,0.0017135925930996847,0.00012214486198658392,0.0017135925930996847,,,,
1,[56],56,42,component_43,0.003084099756619554,0.003084099756619554,0.00012214486198658392,0.003084099756619554,,,,
1,[56],56,43,component_44,0.0020773849081466593,0.0020773849081466593,0.00012214486198658392,0.0020773849081466593,,,,
1,[56],56,44,component_45,0.005375045938322394,0.005375045938322394,0.00012214486198658392,0.005375045938322394,,,,
1,[56],56,45,component_46,0.0010917558042015409,0.0010917558042015409,0.00012214486198658392,0.0010917558042015409,,,,
1,[56],56,46,component_47,0.0028649817298085434,0.0028649817298085434,0.00012214486198658392,0.0028649817298085434,,,,
1,[56],56,47,component_48,0.0,-0.00011749599665855497,0.00012214486198658392,0.0,,,,
1,[56],56,48,component_49,0.016345787039563082,0.016345787039563082,0.00012214486198658392,0.016345787039563082,,,,
1,[56],56,49,component_50,5.899735931472547e-06,5.899735931472547e-06,0.00012214486198658392,5.899735931472547e-06,,,,
1,[56],56,50,component_51,0.004105972571444081,0.004105972571444081,0.00012214486198658392,0.004105972571444081,,,,
1,[56],56,51,component_52,0.003117947219011306,0.003117947219011306,0.00012214486198658392,0.003117947219011306,,,,
1,[56],56,52,component_53,0.0,-2.8194836065862397e-05,0.00012214486198658392,0.0,,,,
1,[56],56,53,component_54,0.0012450426123289105,0.0012450426123289105,0.00012214486198658392,0.0012450426123289105,,,,
1,[56],56,54,component_55,0.0016768188092234932,0.0016768188092234932,0.00012214486198658392,0.0016768188092234932,,,,
1,[56],56,55,component_56,0.0030497067763933187,0.0030497067763933187,0.00012214486198658392,0.0030497067763933187,,,,
1,[56],56,56,component_57,0.04939790352490733,0.04939790352490733,0.00012214486198658392,0.04939790352490733,,,,
1,[56],56,57,component_58,0.021588374849361467,0.021588374849361467,0.00012214486198658392,0.021588374849361467,,,,
1,[56],56,58,component_59,0.005033445158647364,0.005033445158647364,0.00012214486198658392,0.005033445158647364,,,,
1,[56],56,59,component_60,0.0006470573571294006,0.0006470573571294006,0.00012214486198658392,0.0006470573571294006,,,,
1,[57],57,0,component_01,0.0071111073331397365,0.0071111073331397365,0.00012214486198658392,0.0071111073331397365,,,,
1,[57],57,1,component_02,0.00447427176011465,0.00447427176011465,0.00012214486198658392,0.00447427176011465,,,,
1,[57],57,2,component_03,0.006780858640083952,0.006780858640083952,0.00012214486198658392,0.006780858640083952,,,,
1,[57],57,3,component_04,0.0017300040777040045,0.0017300040777040045,0.00012214486198658392,0.0017300040777040045,,,,
1,[57],57,4,component_05,1.5719264890605872e-05,1.5719264890605872e-05,0.00012214486198658392,1.5719264890605872e-05,,,,
1,[57],57,5,component_06,0.0014014872097399243,0.0014014872097399243,0.00012214486198658392,0.0014014872097399243,,,,
1,[57],57,6,component_07,0.005525788471190778,0.005525788471190778,0.00012214486198658392,0.005525788471190778,,,,
1,[57],57,7,component_08,0.0008956213184598923,0.0008956213184598923,0.00012214486198658392,0.0008956213184598923,,,,
1,[57],57,8,component_09,0.003191077495293712,0.003191077495293712,0.00012214486198658392,0.003191077495293712,,,,
1,[57],57,9,component_10,0.0002841595107385715,0.0002841595107385715,0.00012214486198658392,0.0002841595107385715,,,,
1,[57],57,10,component_11,0.004893192376654944,0.004893192376654944,0.00012214486198658392,0.004893192376654944,,,,
1,[57],57,11,component_12,0.000498348188348847,0.000498348188348847,0.00012214486198658392,0.000498348188348847,,,,
1,[57],57,12,component_13,0.00042889007589692267,0.00042889007589692267,0.00012214486198658392,0.00042889007589692267,,,,
1,[57],57,13,component_14,0.00043665606170290353,0.00043665606170290353,0.00012214486198658392,0.00043665606170290353,,,,
1,[57],57,14,component_15,0.0001128077073218243,0.0001128077073218243,0.00012214486198658392,0.0001128077073218243,,,,
1,[57],57,15,component_16,0.00017572207180565694,0.00017572207180565694,0.00012214486198658392,0.00017572207180565694,,,,
1,[57],57,16,component_17,0.0015397546629849698,0.0015397546629849698,0.00012214486198658392,0.0015397546629849698,,,,
1,[57],57,17,component_18,0.0013436520158478414,0.0013436520158478414,0.00012214486198658392,0.0013436520158478414,,,,
1,[57],57,18,component_19,0.00136555365115207,0.00136555365115207,0.00012214486198658392,0.00136555365115207,,,,
1,[57],57,19,component_20,0.0010198313129685932,0.0010198313129685932,0.00012214486198658392,0.0010198313129685932,,,,
1,[57],57,20,component_21,0.0008505953430203672,0.0008505953430203672,0.00012214486198658392,0.0008505953430203672,,,,
1,[57],57,21,component_22,0.006347043877267554,0.006347043877267554,0.00012214486198658392,0.006347043877267554,,,,
1,[57],57,22,component_23,0.0003886643325660012,0.0003886643325660012,0.00012214486198658392,0.0003886643325660012,,,,
1,[57],57,23,component_24,0.0016587910728614941,0.0016587910728614941,0.00012214486198658392,0.0016587910728614941,,,,
1,[57],57,24,component_25,5.525798116080046e-06,5.525798116080046e-06,0.00012214486198658392,5.525798116080046e-06,,,,
1,[57],57,25,component_26,0.002690308222007611,0.002690308222007611,0.00012214486198658392,0.002690308222007611,,,,
1,[57],57,26,component_27,0.0,-7.901181543279383e-05,0.00012214486198658392,0.0,,,,
1,[57],57,27,component_28,0.0008831442135826173,0.0008831442135826173,0.00012214486198658392,0.0008831442135826173,,,,
1,[57],57,28,component_29,0.00040994123810123365,0.00040994123810123365,0.00012214486198658392,0.00040994123810123365,,,,
1,[57],57,29,component_30,0.006902969385335214,0.006902969385335214,0.00012214486198658392,0.006902969385335214,,,,
1,[57],57,30,component_31,0.0001841973329462992,0.0001841973329462992,0.00012214486198658392,0.0001841973329462992,,,,
1,[57],57,31,component_32,0.0003431509993024515,0.0003431509993024515,0.00012214486198658392,0.0003431509993024515,,,,
1,[57],57,32,component_33,0.011356601815179734,0.011356601815179734,0.00012214486198658392,0.011356601815179734,,,,
1,[57],57,33,component_34,0.005193364922506629,0.005193364922506629,0.00012214486198658392,0.005193364922506629,,,,
1,[57],57,34,component_35,0.010804916760654825,0.010804916760654825,0.00012214486198658392,0.010804916760654825,,,,
1,[57],57,35,component_36,0.0,-0.00012167482865953026,0.00012214486198658392,0.0,,,,
1,[57],57,36,component_37,0.0015722067085478793,0.0015722067085478793,0.00012214486198658392,0.0015722067085478793,,,,
1,[57],57,37,component_38,0.0003085668050054539,0.0003085668050054539,0.00012214486198658392,0.0003085668050054539,,,,
1,[57],57,38,component_39,0.00024124458279152586,0.00024124458279152586,0.00012214486198658392,0.00024124458279152586,,,,
1,[57],57,39,component_40,0.0007227439997385488,0.0007227439997385488,0.00012214486198658392,0.0007227439997385488,,,,
1,[57],57,40,component_41,0.000371375454450746,0.000371375454450746,0.00012214486198658392,0.000371375454450746,,,,
1,[57],57,41,component_42,0.002300312277482673,0.002300312277482673,0.00012214486198658392,0.002300312277482673,,,,
1,[57],57,42,component_43,0.002872766573417534,0.002872766573417534,0.00012214486198658392,0.002872766573417534,,,,
1,[57],57,43,component_44,0.008221175652846401,0.008221175652846401,0.00012214486198658392,0.008221175652846401,,,,
1,[57],57,44,component_45,0.0,-4.569454714511628e-05,0.00012214486198658392,0.0,,,,
1,[57],57,45,component_46,0.0026905341667322943,0.0026905341667322943,0.00012214486198658392,0.0026905341667322943,,,,
1,[57],57,46,component_47,0.006025147255934744,0.006025147255934744,0.00012214486198658392,0.006025147255934744,,,,
1,[57],57,47,component_48,0.000432326860392004,0.000432326860392004,0.00012214486198658392,0.000432326860392004,,,,
1,[57],57,48,component_49,0.000623880964840997,0.000623880964840997,0.00012214486198658392,0.000623880964840997,,,,
1,[57],57,49,component_50,0.00022201602800607897,0.00022201602800607897,0.00012214486198658392,0.00022201602800607897,,,,
1,[57],57,50,component_51,0.00039395584236847763,0.00039395584236847763,0.00012214486198658392,0.00039395584236847763,,,,
1,[57],57,51,component_52,0.0,-2.882983126092719e-06,0.00012214486198658392,0.0,,,,
1,[57],57,52,component_53,6.0228626598585064e-05,6.0228626598585064e-05,0.00012214486198658392,6.0228626598585064e-05,,,,
1,[57],57,53,component_54,0.003176175424977698,0.003176175424977698,0.00012214486198658392,0.003176175424977698,,,,
1,[57],57,54,component_55,0.0008569596037928401,0.0008569596037928401,0.00012214486198658392,0.0008569596037928401,,,,
1,[57],57,55,component_56,0.006229881607557576,0.006229881607557576,0.00012214486198658392,0.006229881607557576,,,,
1,[57],57,56,component_57,0.005548985423036957,0.005548985423036957,0.00012214486198658392,0.005548985423036957,,,,
1,[57],57,57,component_58,0.1479679318345346,0.1479679318345346,0.00012214486198658392,0.1479679318345346,,,,
1,[57],57,58,component_59,0.0007854879296220895,0.0007854879296220895,0.00012214486198658392,0.0007854879296220895,,,,
1,[57],57,59,component_60,0.0014175733885118625,0.0014175733885118625,0.00012214486198658392,0.0014175733885118625,,,,
1,[58],58,0,component_01,0.0,-4.1660461283654805e-05,0.00012214486198658392,0.0,,,,
1,[58],58,1,component_02,3.1368844315495816e-06,3.1368844315495816e-06,0.00012214486198658392,3.1368844315495816e-06,,,,
1,[58],58,2,component_03,0.0,-9.638071663886568e-06,0.00012214486198658392,0.0,,,,
1,[58],58,3,component_04,0.0,-3.993932244805156e-05,0.00012214486198658392,0.0,,,,
1,[58],58,4,component_05,0.0,-4.579949570699687e-05,0.00012214486198658392,0.0,,,,
1,[58],58,5,component_06,0.0027283172599081706,0.0027283172599081706,0.00012214486198658392,0.0027283172599081706,,,,
1,[58],58,6,component_07,0.00021788335109050719,0.00021788335109050719,0.00012214486198658392,0.00021788335109050719,,,,
1,[58],58,7,component_08,0.0,-0.00011809771564901374,0.00012214486198658392,0.0,,,,
1,[58],58,8,component_09,0.001159639923764943,0.001159639923764943,0.00012214486198658392,0.001159639923764943,,,,
1,[58],58,9,component_10,0.0,-7.148023102026305e-05,0.00012214486198658392,0.0,,,,
1,[58],58,10,component_11,0.0014108102966819923,0.0014108102966819923,0.00012214486198658392,0.0014108102966819923,,,,
1,[58],58,11,component_12,0.0003474870919174146,0.0003474870919174146,0.00012214486198658392,0.0003474870919174146,,,,
1,[58],58,12,component_13,0.0006504725508436549,0.0006504725508436549,0.00012214486198658392,0.0006504725508436549,,,,
1,[58],58,13,component_14,0.0007388827650278091,0.0007388827650278091,0.00012214486198658392,0.0007388827650278091,,,,
1,[58],58,14,component_15,0.0007623134796890269,0.0007623134796890269,0.00012214486198658392,0.0007623134796890269,,,,
1,[58],58,15,component_16,0.0010369529732887125,0.0010369529732887125,0.00012214486198658392,0.0010369529732887125,,,,
1,[58],58,16,component_17,0.0042647278227216645,0.0042647278227216645,0.00012214486198658392,0.0042647278227216645,,,,
1,[58],58,17,component_18,0.0038039239026617542,0.0038039239026617542,0.00012214486198658392,0.0038039239026617542,,,,
1,[58],58,18,component_19,0.00580549411904732,0.00580549411904732,0.00012214486198658392,0.00580549411904732,,,,
1,[58],58,19,component_20,0.0054055740564139115,0.0054055740564139115,0.00012214486198658392,0.0054055740564139115,,,,
1,[58],58,20,component_21,0.0,-4.919806710771397e-05,0.00012214486198658392,0.0,,,,
1,[58],58,21,component_22,0.0006136883933981548,0.0006136883933981548,0.00012214486198658392,0.0006136883933981548,,,,
1,[58],58,22,component_23,3.431078749078752e-05,3.431078749078752e-05,0.00012214486198658392,3.431078749078752e-05,,,,
1,[58],58,23,component_24,0.00029537119250282114,0.00029537119250282114,0.00012214486198658392,0.00029537119250282114,,,,
1,[58],58,24,component_25,0.0,-8.822313130635759e-05,0.00012214486198658392,0.0,,,,
1,[58],58,25,component_26,0.007281978849852131,0.007281978849852131,0.00012214486198658392,0.007281978849852131,,,,
1,[58],58,26,component_27,0.01639816293965091,0.01639816293965091,0.00012214486198658392,0.01639816293965091,,,,
1,[58],58,27,component_28,0.002542035851362259,0.002542035851362259,0.00012214486198658392,0.002542035851362259,,,,
1,[58],58,28,component_29,0.0,-6.028008782682517e-05,0.00012214486198658392,0.0,,,,
1,[58],58,29,component_30,0.010138651195610488,0.010138651195610488,0.00012214486198658392,0.010138651195610488,,,,
1,[58],58,30,component_31,0.000834372487254173,0.000834372487254173,0.00012214486198658392,0.000834372487254173,,,,
1,[58],58,31,component_32,0.0,-0.00010532068714720437,0.00012214486198658392,0.0,,,,
1,[58],58,32,component_33,0.0010396114059301417,0.0010396114059301417,0.00012214486198658392,0.0010396114059301417,,,,
1,[58],58,33,component_34,4.816087561790278e-05,4.816087561790278e-05,0.00012214486198658392,4.816087561790278e-05,,,,
1,[58],58,34,component_35,0.0009806260267985643,0.0009806260267985643,0.00012214486198658392,0.0009806260267985643,,,,
1,[58],58,35,component_36,0.0005421041368445951,0.0005421041368445951,0.00012214486198658392,0.0005421041368445951,,,,
1,[58],58,36,component_37,0.00046735111636324496,0.00046735111636324496,0.00012214486198658392,0.00046735111636324496,,,,
1,[58],58,37,component_38,0.00017173745123370287,0.00017173745123370287,0.00012214486198658392,0.00017173745123370287,,,,
1,[58],58,38,component_39,0.00011982404841798355,0.00011982404841798355,0.00012214486198658392,0.00011982404841798355,,,,
1,[58],58,39,component_40,0.0010122808591090018,0.0010122808591090018,0.00012214486198658392,0.0010122808591090018,,,,
1,[58],58,40,component_41,7.347734137990781e-05,7.347734137990781e-05,0.00012214486198658392,7.347734137990781e-05,,,,
1,[58],58,41,component_42,0.003809657085550214,0.003809657085550214,0.00012214486198658392,0.003809657085550214,,,,
1,[58],58,42,component_43,0.0035265158938131346,0.0035265158938131346,0.00012214486198658392,0.0035265158938131346,,,,
1,[58],58,43,component_44,0.005279790034133811,0.005279790034133811,0.00012214486198658392,0.005279790034133811,,,,
1,[58],58,44,component_45,0.0001019657688704393,0.0001019657688704393,0.00012214486198658392,0.0001019657688704393,,,,
1,[58],58,45,component_46,0.0,-8.371488228752592e-05,0.00012214486198658392,0.0,,,,
1,[58],58,46,component_47,0.0016009839457655352,0.0016009839457655352,0.00012214486198658392,0.0016009839457655352,,,,
1,[58],58,47,component_48,0.0003187838999625219,0.0003187838999625219,0.00012214486198658392,0.0003187838999625219,,,,
1,[58],58,48,component_49,0.0011786051260535694,0.0011786051260535694,0.00012214486198658392,0.0011786051260535694,,,,
1,[58],58,49,component_50,0.003984518424014569,0.003984518424014569,0.00012214486198658392,0.003984518424014569,,,,
1,[58],58,50,component_51,0.00040811105889365255,0.00040811105889365255,0.00012214486198658392,0.00040811105889365255,,,,
1,[58],58,51,component_52,0.0028985072244815924,0.0028985072244815924,0.00012214486198658392,0.0028985072244815924,,,,
1,[58],58,52,component_53,0.00019301069123293138,0.00019301069123293138,0.00012214486198658392,0.00019301069123293138,,,,
1,[58],58,53,component_54,0.000348830823693074,0.000348830823693074,0.00012214486198658392,0.000348830823693074,,,,
1,[58],58,54,component_55,0.0,-0.0001181734460919416,0.00012214486198658392,0.0,,,,
1,[58],58,55,component_56,0.0025246742238724577,0.0025246742238724577,0.00012214486198658392,0.0025246742238724577,,,,
1,[58],58,56,component_57,0.010600783735494664,0.010600783735494664,0.00012214486198658392,0.010600783735494664,,,,
1,[58],58,57,component_58,0.0006573151844202992,0.0006573151844202992,0.00012214486198658392,0.0006573151844202992,,,,
1,[58],58,58,component_59,0.03502846304266087,0.03502846304266087,0.00012214486198658392,0.03502846304266087,,,,
1,[58],58,59,component_60,0.00014919557845050714,0.00014919557845050714,0.00012214486198658392,0.00014919557845050714,,,,
1,[59],59,0,component_01,0.0032936287828310203,0.0032936287828310203,0.00012214486198658392,0.0032936287828310203,,,,
1,[59],59,1,component_02,0.00106751827408813,0.00106751827408813,0.00012214486198658392,0.00106751827408813,,,,
1,[59],59,2,component_03,0.0,-0.00011070951154176987,0.00012214486198658392,0.0,,,,
1,[59],59,3,component_04,1.0933554670266503e-05,1.0933554670266503e-05,0.00012214486198658392,1.0933554670266503e-05,,,,
1,[59],59,4,component_05,0.0004644891459335181,0.0004644891459335181,0.00012214486198658392,0.0004644891459335181,,,,
1,[59],59,5,component_06,0.001853269879681302,0.001853269879681302,0.00012214486198658392,0.001853269879681302,,,,
1,[59],59,6,component_07,0.0,-5.00582787382796e-06,0.00012214486198658392,0.0,,,,
1,[59],59,7,component_08,0.00021710456667256356,0.00021710456667256356,0.00012214486198658392,0.00021710456667256356,,,,
1,[59],59,8,component_09,0.0005023632376915776,0.0005023632376915776,0.00012214486198658392,0.0005023632376915776,,,,
1,[59],59,9,component_10,0.0033570843741455025,0.0033570843741455025,0.00012214486198658392,0.0033570843741455025,,,,
1,[59],59,10,component_11,0.0,-2.3262303766261516e-05,0.00012214486198658392,0.0,,,,
1,[59],59,11,component_12,0.0028519430396713504,0.0028519430396713504,0.00012214486198658392,0.0028519430396713504,,,,
1,[59],59,12,component_13,0.003650921996371014,0.003650921996371014,0.00012214486198658392,0.003650921996371014,,,,
1,[59],59,13,component_14,0.00399159079204737,0.00399159079204737,0.00012214486198658392,0.00399159079204737,,,,
1,[59],59,14,component_15,0.0,-0.00012136125568907536,0.00012214486198658392,0.0,,,,
1,[59],59,15,component_16,0.006409376398090428,0.006409376398090428,0.00012214486198658392,0.006409376398090428,,,,
1,[59],59,16,component_17,0.0004677174380737315,0.0004677174380737315,0.00012214486198658392,0.0004677174380737315,,,,
1,[59],59,17,component_18,0.0025811036952956903,0.0025811036952956903,0.00012214486198658392,0.0025811036952956903,,,,
1,[59],59,18,component_19,0.002117358082905033,0.002117358082905033,0.00012214486198658392,0.002117358082905033,,,,
1,[59],59,19,component_20,0.0018615847192053287,0.0018615847192053287,0.00012214486198658392,0.0018615847192053287,,,,
1,[59],59,20,component_21,0.002521585546094434,0.002521585546094434,0.00012214486198658392,0.002521585546094434,,,,
1,[59],59,21,component_22,0.0,-0.00010804190340434901,0.00012214486198658392,0.0,,,,
1,[59],59,22,component_23,4.640364334446411e-06,4.640364334446411e-06,0.00012214486198658392,4.640364334446411e-06,,,,
1,[59],59,23,component_24,0.00267059573433271,0.00267059573433271,0.00012214486198658392,0.00267059573433271,,,,
1,[59],59,24,component_25,0.00023192902843075782,0.00023192902843075782,0.00012214486198658392,0.00023192902843075782,,,,
1,[59],59,25,component_26,0.003327774503623572,0.003327774503623572,0.00012214486198658392,0.003327774503623572,,,,
1,[59],59,26,component_27,0.0005586303777933151,0.0005586303777933151,0.00012214486198658392,0.0005586303777933151,,,,
1,[59],59,27,component_28,0.0018634902640968548,0.0018634902640968548,0.00012214486198658392,0.0018634902640968548,,,,
1,[59],59,28,component_29,0.00013228404849701506,0.00013228404849701506,0.00012214486198658392,0.00013228404849701506,,,,
1,[59],59,29,component_30,0.0,-5.750311013975049e-05,0.00012214486198658392,0.0,,,,
1,[59],59,30,component_31,0.0008246067048789724,0.0008246067048789724,0.00012214486198658392,0.0008246067048789724,,,,
1,[59],59,31,component_32,0.0037884047058046205,0.0037884047058046205,0.00012214486198658392,0.0037884047058046205,,,,
1,[59],59,32,component_33,0.0030592553698730175,0.0030592553698730175,0.00012214486198658392,0.0030592553698730175,,,,
1,[59],59,33,component_34,0.000996392918773218,0.000996392918773218,0.00012214486198658392,0.000996392918773218,,,,
1,[59],59,34,component_35,0.0004454063316447981,0.0004454063316447981,0.00012214486198658392,0.0004454063316447981,,,,
1,[59],59,35,component_36,0.0008291079932095701,0.0008291079932095701,0.00012214486198658392,0.0008291079932095701,,,,
1,[59],59,36,component_37,0.002490694461646565,0.002490694461646565,0.00012214486198658392,0.002490694461646565,,,,
1,[59],59,37,component_38,0.002708781160488418,0.002708781160488418,0.00012214486198658392,0.002708781160488418,,,,
1,[59],59,38,component_39,0.00019240767420101087,0.00019240767420101087,0.00012214486198658392,0.00019240767420101087,,,,
1,[59],59,39,component_40,0.001471148932975723,0.001471148932975723,0.00012214486198658392,0.001471148932975723,,,,
1,[59],59,40,component_41,0.0001339663051988302,0.0001339663051988302,0.00012214486198658392,0.0001339663051988302,,,,
1,[59],59,41,component_42,0.0014897099792753636,0.0014897099792753636,0.00012214486198658392,0.0014897099792753636,,,,
1,[59],59,42,component_43,0.0006568649465676773,0.0006568649465676773,0.00012214486198658392,0.0006568649465676773,,,,
1,[59],59,43,component_44,0.0016128594770427299,0.0016128594770427299,0.00012214486198658392,0.0016128594770427299,,,,
1,[59],59,44,component_45,0.0007047396842261175,0.0007047396842261175,0.00012214486198658392,0.0007047396842261175,,,,
1,[59],59,45,component_46,0.004927259902265077,0.004927259902265077,0.00012214486198658392,0.004927259902265077,,,,
1,[59],59,46,component_47,0.0004980543267228794,0.0004980543267228794,0.00012214486198658392,0.0004980543267228794,,,,
1,[59],59,47,component_48,0.002371108047952333,0.002371108047952333,0.00012214486198658392,0.002371108047952333,,,,
1,[59],59,48,component_49,0.0015794127423207306,0.0015794127423207306,0.00012214486198658392,0.0015794127423207306,,,,
1,[59],59,49,component_50,0.001985589523700773,0.001985589523700773,0.00012214486198658392,0.001985589523700773,,,,
1,[59],59,50,component_51,0.019202091880871963,0.019202091880871963,0.00012214486198658392,0.019202091880871963,,,,
1,[59],59,51,component_52,0.0,-0.00011515150946833942,0.00012214486198658392,0.0,,,,
1,[59],59,52,component_53,0.0,-9.47139814240532e-05,0.00012214486198658392,0.0,,,,
1,[59],59,53,component_54,0.0021804987327615193,0.0021804987327615193,0.00012214486198658392,0.0021804987327615193,,,,
1,[59],59,54,component_55,0.004804578994810748,0.004804578994810748,0.00012214486198658392,0.004804578994810748,,,,
1,[59],59,55,component_56,0.0011723270021795661,0.0011723270021795661,0.00012214486198658392,0.0011723270021795661,,,,
1,[59],59,56,component_57,0.00010814955699903642,0.00010814955699903642,0.00012214486198658392,0.00010814955699903642,,,,
1,[59],59,57,component_58,0.0001865896847407839,0.0001865896847407839,0.00012214486198658392,0.0001865896847407839,,,,
1,[59],59,58,component_59,0.0022790956097121203,0.0022790956097121203,0.00012214486198658392,0.0022790956097121203,,,,
1,[59],59,59,component_60,0.08641991869784271,0.08641991869784271,0.00012214486198658392,0.08641991869784271,,,,
2,"[0, 1]","0,1",7,component_08,0.019695955450651267,0.019695955450651267,0.0002443195699983747,8.5979291802072e-05,-2.8709634242135573e-05,4.203613744797959e-05,2.7283412084694274,0.23809523809523808
2,"[0, 1]","0,1",11,component_12,0.03963344973680419,0.03963344973680419,0.0002443195699983747,0.0004330907830699879,-3.0281125808185515e-05,4.0601975654907206e-05,11.412545852856047,0.047619047619047616
2,"[0, 1]","0,1",13,component_14,0.09551425555484008,0.09551425555484008,0.0002443195699983747,0.0004072969642974905,-2.2257825347797943e-05,3.854268378329995e-05,11.144911238158485,0.047619047619047616
2,"[0, 1]","0,1",18,component_19,0.01097546162470531,0.01097546162470531,0.0002443195699983747,-0.00010485904390103787,-2.3462467979084134e-05,4.360526300676568e-05,-1.8666686154220524,0.14285714285714285
2,"[0, 1]","0,1",21,component_22,0.015701353319125387,0.015701353319125387,0.0002443195699983747,-0.00012145989436299423,-3.034535266084242e-05,4.690555768480427e-05,-1.9425105722955658,0.19047619047619047
2,"[0, 1]","0,1",26,component_27,0.05893250346022376,0.05893250346022376,0.0002443195699983747,4.593500945106188e-05,-2.0950074405418595e-05,4.1533607014232394e-05,1.61038466592995,0.23809523809523808
2,"[0, 1]","0,1",27,component_28,0.013479462335993295,0.013479462335993295,0.0002443195699983747,5.079426272206616e-06,-3.587902507780817e-05,4.687624941996449e-05,0.8737570060921016,0.47619047619047616
2,"[0, 1]","0,1",28,component_29,0.03549724372481114,0.03549724372481114,0.0002443195699983747,2.6527503684981024e-05,-3.121555356613467e-05,4.681312187409226e-05,1.233480164096306,0.38095238095238093
2,"[0, 1]","0,1",35,component_36,0.020577630080706406,0.020577630080706406,0.0002443195699983747,0.00012965858768407626,-8.69163107330592e-06,1.864189898189866e-05,7.421465961795022,0.047619047619047616
2,"[0, 1]","0,1",37,component_38,0.026572596049481107,0.026572596049481107,0.0002443195699983747,0.0002765828228112159,-3.2546813223231976e-05,4.025398098289661e-05,7.679479854819652,0.047619047619047616
2,"[0, 1]","0,1",40,component_41,0.04779794133755528,0.04779794133755528,0.0002443195699983747,3.9492926438816633e-05,-3.1084326776799816e-05,4.637618805301304e-05,1.5218424837966187,0.38095238095238093
2,"[0, 1]","0,1",49,component_50,0.01640399382062044,0.01640399382062044,0.0002443195699983747,1.517912769505303e-05,-2.918348709151995e-05,4.104986291268566e-05,1.0807006805585109,0.47619047619047616
2,"[0, 1]","0,1",50,component_51,0.014828785601745206,0.014828785601745206,0.0002443195699983747,6.86204703701683e-05,-2.3555364236703353e-05,4.308944288838769e-05,2.1391744341097625,0.19047619047619047
2,"[0, 1]","0,1",53,component_54,0.021204352828873584,0.021204352828873584,0.0002443195699983747,0.0002162358390816986,-2.239904449177068e-05,4.078649298016375e-05,5.850831148672867,0.047619047619047616
2,"[0, 1]","0,1",54,component_55,0.021756223874482054,0.021756223874482054,0.0002443195699983747,4.796724697967922e-05,-1.9493340175007186e-05,2.8721475316473892e-05,2.348785583308555,0.23809523809523808
2,"[0, 1]","0,1",56,component_57,0.019138067779608848,0.019138067779608848,0.0002443195699983747,-0.00010576697067339602,-2.6772255113185823e-05,4.178677348239838e-05,-1.8904239063464598,0.14285714285714285
2,"[0, 1]","0,1",57,component_58,0.03699311578475936,0.03699311578475936,0.0002443195699983747,0.0005682087025431146,-3.861504472980637e-05,4.669654530145176e-05,12.995045850941251,0.047619047619047616
2,"[0, 1]","0,1",58,component_59,0.022030736783479606,0.022030736783479606,0.0002443195699983747,0.00022261721335698273,-1.767220817096937e-05,3.0040414164528015e-05,7.998871793574936,0.047619047619047616
2,"[0, 5]","0,5",1,component_02,0.03712133262368679,0.03712133262368679,0.0002443195699983747,0.0008233622511339272,-2.4811005702898196e-05,4.44578386930626e-05,19.07814868582845,0.047619047619047616
2,"[0, 5]","0,5",7,component_08,0.010414150537230032,0.010414150537230032,0.0002443195699983747,0.0001645977669415266,-1.1343565507744679e-06,6.414279744473363e-06,25.837994302493325,0.047619047619047616
2,"[0, 5]","0,5",13,component_14,0.11339011557659813,0.11339011557659813,0.0002443195699983747,0.002349402337446377,-1.578624347006529e-05,3.158238001914781e-05,74.88949786186069,0.047619047619047616
2,"[0, 5]","0,5",15,component_16,0.014490208138153354,0.014490208138153354,0.0002443195699983747,-7.907766025709757e-05,-2.52257493381236e-05,4.032182520474595e-05,-1.3355524122612263,0.23809523809523808
2,"[0, 5]","0,5",21,component_22,0.016534269002227736,0.016534269002227736,0.0002443195699983747,-8.12643817543271e-05,-2.7343288061248973e-05,4.4978246122156e-05,-1.1988260624176925,0.23809523809523808
2,"[0, 5]","0,5",26,component_27,0.07387322019248967,0.07387322019248967,0.0002443195699983747,0.002531215422542754,-8.379247211815702e-06,2.6976293695110763e-05,94.14171933540489,0.047619047619047616
2,"[0, 5]","0,5",35,component_36,0.018440079000559606,0.018440079000559606,0.0002443195699983747,-0.0001036940786273699,-2.9098726942871992e-05,4.3322523699452676e-05,-1.7218607161946182,0.14285714285714285
2,"[0, 5]","0,5",38,component_39,0.01884737101048814,0.01884737101048814,0.0002443195699983747,0.0004573736579763926,-2.4874880940510236e-05,3.8945260613587664e-05,12.382727225829644,0.047619047619047616
2,"[0, 5]","0,5",40,component_41,0.0481867250043498,0.0481867250043498,0.0002443195699983747,0.00022511486669406222,-6.017983979163998e-05,5.3146535796803534e-05,5.368077189009581,0.047619047619047616
2,"[0, 5]","0,5",48,component_49,0.013167055116416415,0.013167055116416415,0.0002443195699983747,0.0002618262934208637,-2.8422068392520766e-05,3.673027965165204e-05,7.902154967674738,0.047619047619047616
2,"[0, 5]","0,5",49,component_50,0.017401744644784622,0.017401744644784622,0.0002443195699983747,0.00019266755520512893,-3.707689789257791e-05,4.023356635440917e-05,5.710268164495671,0.047619047619047616
2,"[0, 5]","0,5",51,component_52,0.037187677654973814,0.037187677654973814,0.0002443195699983747,0.00010743041276083803,-1.239621892249781e-05,2.068507867219363e-05,5.792901906842415,0.047619047619047616
2,"[0, 5]","0,5",54,component_55,0.02507310363201272,0.02507310363201272,0.0002443195699983747,-9.404896606384286e-05,-2.273992487420048e-05,4.373687091139995e-05,-1.6304102169105057,0.19047619047619047
2,"[0, 5]","0,5",55,component_56,0.01676894373885643,0.01676894373885643,0.0002443195699983747,-0.00010519573709916533,-2.6782936091674195e-05,4.087871670676666e-05,-1.9181815703747729,0.09523809523809523
2,"[0, 5]","0,5",56,component_57,0.02298740090617423,0.02298740090617423,0.0002443195699983747,-0.00010311136600999263,-4.018453499949904e-05,4.5492795563083263e-05,-1.383226294001545,0.23809523809523808
2,"[0, 5]","0,5",57,component_58,0.026885794827980473,0.026885794827980473,0.0002443195699983747,-6.52665682056297e-05,-3.760825565969854e-05,4.271344950820391e-05,-0.6475316993683423,0.2857142857142857
2,"[0, 5]","0,5",58,component_59,0.019733518060241092,0.019733518060241092,0.0002443195699983747,0.0004574144602172668,-8.48733688286963e-06,1.7321292220923968e-05,26.8976350700516,0.047619047619047616
2,"[0, 6]","0,6",1,component_02,0.03038807633776251,0.03038807633776251,0.0002443195699983747,8.143246445618466e-05,-3.464804148818179e-05,5.2771215531530937e-05,2.1996936165892946,0.2857142857142857
2,"[0, 6]","0,6",2,component_03,0.04198214745486911,0.04198214745486911,0.0002443195699983747,0.00013596511202820794,-2.3411645107599823e-05,3.63747330856228e-05,4.381523756082262,0.047619047619047616
2,"[0, 6]","0,6",10,component_11,0.00968822623513231,0.00968822623513231,0.0002443195699983747,-4.98716387275118e-05,-2.8146749972539113e-05,3.652721028772546e-05,-0.594759046306722,0.3333333333333333
2,"[0, 6]","0,6",13,component_14,0.09358003802556213,0.09358003802556213,0.0002443195699983747,-7.129444032252796e-05,-1.759969937862588e-05,3.780370893369909e-05,-1.4203564268805744,0.14285714285714285
2,"[0, 6]","0,6",19,component_20,0.02157705919825187,0.02157705919825187,0.0002443195699983747,0.00010146098090686728,-2.6104938085023516e-05,3.728630892091166e-05,3.4212536098027853,0.09523809523809523
2,"[0, 6]","0,6",20,component_21,0.010054937573234932,0.010054937573234932,0.0002443195699983747,-3.807978198658822e-05,-1.2198325398840947e-05,3.106842532866025e-05,-0.8330469379750617,0.19047619047619047
2,"[0, 6]","0,6",21,component_22,0.016890485668873644,0.016890485668873644,0.0002443195699983747,-6.644363387285634e-05,-1.4173149676116327e-05,2.7303807496986e-05,-1.9144027514298154,0.09523809523809523
2,"[0, 6]","0,6",25,component_26,0.007588938513040604,0.007588938513040604,0.0002443195699983747,-5.802724175107965e-05,-3.563638238227562e-05,4.2913031202670575e-05,-0.5217729612959757,0.42857142857142855
2,"[0, 6]","0,6",26,component_27,0.06126647475105359,0.06126647475105359,0.0002443195699983747,1.6087230744574188e-05,-1.8715557152481584e-05,3.9279692779450906e-05,0.8860249516835014,0.23809523809523808
2,"[0, 6]","0,6",28,component_29,0.008136324618488913,0.008136324618488913,0.0002443195699983747,-3.1702276328756523e-05,-5.4900350682196734e-05,5.142748444150072e-05,0.45108320201483415,0.6190476190476191
2,"[0, 6]","0,6",34,component_35,0.02088746181641838,0.02088746181641838,0.0002443195699983747,-9.590968405958494e-05,-1.9583290488218415e-05,3.5251307410327695e-05,-2.165207454093034,0.09523809523809523
2,"[0, 6]","0,6",35,component_36,0.017217377221463583,0.017217377221463583,0.0002443195699983747,-6.351370683172278e-05,-3.26651156764138e-05,4.710098386854769e-05,-0.6549457913958467,0.2857142857142857
2,"[0, 6]","0,6",40,component_41,0.04788318963439592,0.04788318963439592,0.0002443195699983747,-6.888507912802128e-05,-3.065956398298254e-05,3.842230186265672e-05,-0.9948783204524961,0.23809523809523808
2,"[0, 6]","0,6",49,component_50,0.04756183003299129,0.04756183003299129,0.0002443195699983747,0.00048550604569728983,-3.531706382472182e-05,4.587074519173006e-05,11.354145378390534,0.047619047619047616
2,"[0, 6]","0,6",53,component_54,0.020596187632995,0.020596187632995,0.0002443195699983747,0.00046551270097800607,-2.4949593977127325e-05,4.305280458395291e-05,11.392110216623228,0.047619047619047616
2,"[0, 6]","0,6",54,component_55,0.025105256309894696,0.025105256309894696,0.0002443195699983747,0.000418013314354114,-2.756497991302412e-05,3.97660689212542e-05,11.204987225402736,0.047619047619047616
2,"[0, 6]","0,6",56,component_57,0.019337330388410803,0.019337330388410803,0.0002443195699983747,5.289821647444862e-05,-3.4927098827110815e-05,4.4078447945853825e-05,1.9924774894398385,0.3333333333333333
2,"[0, 6]","0,6",57,component_58,0.026961562296171214,0.026961562296171214,0.0002443195699983747,8.111432900425805e-05,-3.35908806385195e-05,3.845126912344332e-05,2.9831319552686244,0.19047619047619047
2,"[0, 6]","0,6",58,component_59,0.021527939246005132,0.021527939246005132,0.0002443195699983747,-3.857853599719546e-05,-2.1669888497985796e-05,3.119545770173975e-05,-0.5420227412873215,0.23809523809523808
2,"[0, 7]","0,7",1,component_02,0.03603404880162524,0.03603404880162524,0.0002443195699983747,0.00043479583817766787,-2.636755575251086e-05,4.189857347360272e-05,11.006660983833367,0.047619047619047616
2,"[0, 7]","0,7",5,component_06,0.04348318686649097,0.04348318686649097,0.0002443195699983747,8.699930274961437e-05,-3.400606608619854e-05,4.123181949312252e-05,2.934756950417787,0.23809523809523808
2,"[0, 7]","0,7",13,component_14,0.10091021480489311,0.10091021480489311,0.0002443195699983747,0.0014694554573694701,-2.8332407656610063e-05,4.408568968302308e-05,33.974468263856195,0.047619047619047616
2,"[0, 7]","0,7",18,component_19,0.04594857241576722,0.04594857241576722,0.0002443195699983747,-0.0001086990669206811,-3.448081247936871e-05,4.504276146160438e-05,-1.6477287811178707,0.14285714285714285
2,"[0, 7]","0,7",19,component_20,0.018700474124262925,0.018700474124262925,0.0002443195699983747,-1.6827347746779797e-06,-2.053346585940568e-05,2.3603114669791723e-05,0.7986543872895586,0.5714285714285714
2,"[0, 7]","0,7",21,component_22,0.01676466394597859,0.01676466394597859,0.0002443195699983747,7.282813745762562e-06,-4.619988864616247e-05,4.651798696744333e-05,1.149720911813233,0.7142857142857143
2,"[0, 7]","0,7",26,component_27,0.08715254324217034,0.08715254324217034,0.0002443195699983747,0.0030024273581750194,-1.2896431912790984e-05,2.56855828393909e-05,117.39362929555836,0.047619047619047616
2,"[0, 7]","0,7",28,component_29,0.014332169935409372,0.014332169935409372,0.0002443195699983747,2.2499182755682592e-05,-2.5585200008603673e-05,4.3948991937186415e-05,1.0940952373381012,0.2857142857142857
2,"[0, 7]","0,7",34,component_35,0.03462644896055926,0.03462644896055926,0.0002443195699983747,-6.464856752851078e-05,-2.2276129197091757e-05,3.646001927795049e-05,-1.1621617094712868,0.23809523809523808
2,"[0, 7]","0,7",35,component_36,0.017166766846254178,0.017166766846254178,0.0002443195699983747,4.548162544464052e-06,-2.878000802415473e-05,3.9773982724072535e-05,0.8379389813645056,0.5714285714285714
2,"[0, 7]","0,7",40,component_41,0.04749880485644963,0.04749880485644963,0.0002443195699983747,-4.2288988033163666e-05,-3.108215352151806e-05,4.024770352106851e-05,-0.27844655797017465,0.38095238095238093
2,"[0, 7]","0,7",47,component_48,0.016051387349604006,0.016051387349604006,0.0002443195699983747,1.861534370094231e-05,-3.0861209451115314e-05,4.583215795081611e-05,1.0795161162856968,0.42857142857142855
2,"[0, 7]","0,7",49,component_50,0.016323239581059433,0.016323239581059433,0.0002443195699983747,-1.8934546249689543e-06,-2.27106391531261e-05,4.2713669112355335e-05,0.48736587047577185,0.47619047619047616
2,"[0, 7]","0,7",53,component_54,0.05992771076629739,0.05992771076629739,0.0002443195699983747,0.0009300966314196787,-2.0546213352493695e-05,4.1547772425593004e-05,22.880717527628175,0.047619047619047616
2,"[0, 7]","0,7",54,component_55,0.031660341935255104,0.031660341935255104,0.0002443195699983747,0.00036327780076960553,-1.5640405090830244e-05,3.183439209389302e-05,11.902793831992977,0.047619047619047616
2,"[0, 7]","0,7",56,component_57,0.025569808466033614,0.025569808466033614,0.0002443195699983747,0.00017570943674774173,-3.409473968736942e-05,4.1720308099994844e-05,5.028826151816868,0.047619047619047616
2,"[0, 7]","0,7",57,component_58,0.02688246982822789,0.02688246982822789,0.0002443195699983747,2.850204326391298e-05,-3.8694586119805786e-05,3.848711260902356e-05,1.7459514322714889,0.47619047619047616
2,"[0, 7]","0,7",58,component_59,0.02490874735862554,0.02490874735862554,0.0002443195699983747,0.00032149063726760393,-4.044891761950094e-05,4.234708702142125e-05,8.546976435569652,0.047619047619047616
2,"[0, 7]","0,7",59,component_60,0.012419589374493271,0.012419589374493271,0.0002443195699983747,4.8716479190564696e-05,-8.0569200625064e-06,1.9311342658162687e-05,2.9398991182559553,0.09523809523809523
2,"[0, 13]","0,13",1,component_02,0.03334274552840777,0.03334274552840777,0.0002443195699983747,-0.00024578925787350353,-1.6736215052856592e-05,3.568906167769803e-05,-6.418018072012843,0.047619047619047616
2,"[0, 13]","0,13",2,component_03,0.02826183719810695,0.02826183719810695,0.0002443195699983747,0.00018240164305138168,-2.6825199425645077e-05,3.7410988163118236e-05,5.592657471777071,0.047619047619047616
2,"[0, 13]","0,13",3,component_04,0.016909040659214107,0.016909040659214107,0.0002443195699983747,0.0003505576214386033,-1.7359758536880014e-05,2.6475961954922267e-05,13.89627997660278,0.047619047619047616
2,"[0, 13]","0,13",6,component_07,0.011328349524271496,0.011328349524271496,0.0002443195699983747,0.00025933172333304777,-3.262042786746459e-05,4.6476683370213675e-05,6.281690732424784,0.047619047619047616
2,"[0, 13]","0,13",16,component_17,0.03760399016389889,0.03760399016389889,0.0002443195699983747,0.001316966311744834,-3.8958630762045855e-05,4.676042018515604e-05,28.997278834062197,0.047619047619047616
2,"[0, 13]","0,13",18,component_19,0.0928325908106046,0.0928325908106046,0.0002443195699983747,-0.00011576480445660287,-4.096641663045501e-05,5.070229272629784e-05,-1.4752466565945261,0.23809523809523808
2,"[0, 13]","0,13",19,component_20,0.017321577384646635,0.017321577384646635,0.0002443195699983747,0.00015394352919037221,-2.197767567753088e-05,2.514214754727002e-05,6.997063577689685,0.047619047619047616
2,"[0, 13]","0,13",21,component_22,0.031729149517081986,0.031729149517081986,0.0002443195699983747,0.0012213337665072065,-2.659717634330198e-05,3.667047698906384e-05,34.030943835900366,0.047619047619047616
2,"[0, 13]","0,13",26,component_27,0.06185377441198044,0.06185377441198044,0.0002443195699983747,0.0009084689802524443,-1.1481178747684232e-05,3.421566369807917e-05,26.88681321858367,0.047619047619047616
2,"[0, 13]","0,13",29,component_30,0.0440788925789172,0.0440788925789172,0.0002443195699983747,-0.0001502014713016045,-1.5703949924633865e-05,3.6826573846914204e-05,-3.6521866502180877,0.047619047619047616
2,"[0, 13]","0,13",35,component_36,0.016620005752986288,0.016620005752986288,0.0002443195699983747,-9.981343128638576e-05,-1.572042167700993e-05,3.834020159530607e-05,-2.193337700646603,0.14285714285714285
2,"[0, 13]","0,13",40,component_41,0.04792330891829655,0.04792330891829655,0.0002443195699983747,-0.00017992577915502267,-3.7664311829349055e-05,4.587419813106532e-05,-3.101121613487916,0.047619047619047616
2,"[0, 13]","0,13",49,component_50,0.025406931204980207,0.025406931204980207,0.0002443195699983747,0.0008496799629493131,-3.351821443505802e-05,4.758864434164563e-05,18.559011075074256,0.047619047619047616
2,"[0, 13]","0,13",54,component_55,0.020506252902611342,0.020506252902611342,0.0002443195699983747,-2.56017471829649e-05,-2.2776658482887337e-05,3.5160490685876224e-05,-0.08034838663990508,0.3333333333333333
2,"[0, 13]","0,13",56,component_57,0.0220899302495002,0.0220899302495002,0.0002443195699983747,-0.0002243739230617589,-4.251560404140261e-05,5.136193076361458e-05,-3.5407220156370554,0.047619047619047616
2,"[0, 13]","0,13",57,component_58,0.02850642424391316,0.02850642424391316,0.0002443195699983747,0.0003897586176243688,-3.095624572859257e-05,3.770080113215675e-05,11.159308309608155,0.047619047619047616
2,"[0, 14]","0,14",1,component_02,0.05799205005203152,0.05799205005203152,0.0002443195699983747,0.0026390284151368362,-4.421608651291451e-05,4.724147634593954e-05,56.798489573037635,0.047619047619047616
2,"[0, 14]","0,14",2,component_03,0.03100080711102267,0.03100080711102267,0.0002443195699983747,0.00014659302315851025,-3.862705262583751e-05,5.007591723008192e-05,3.698785484713622,0.047619047619047616
2,"[0, 14]","0,14",6,component_07,0.02444820438648766,0.02444820438648766,0.0002443195699983747,0.00036496262639651444,-2.2851639271724497e-05,4.0806530964776766e-05,9.503730322065138,0.047619047619047616
2,"[0, 14]","0,14",13,component_14,0.09345238678518301,0.09345238678518301,0.0002443195699983747,0.00010500077555747334,-2.1125535091352756e-05,4.0543320118324746e-05,3.1109023701248284,0.14285714285714285
2,"[0, 14]","0,14",21,component_22,0.01985228260026826,0.01985228260026826,0.0002443195699983747,-0.0001365844232522201,-2.4969553813968457e-05,3.9179050128093475e-05,-2.8488406194977602,0.047619047619047616
2,"[0, 14]","0,14",22,component_23,0.017951326718837774,0.017951326718837774,0.0002443195699983747,-0.00011258790234077928,-7.231240538214014e-06,2.4054095897900227e-05,-4.37998843314507,0.047619047619047616
2,"[0, 14]","0,14",25,component_26,0.018796477010620073,0.018796477010620073,0.0002443195699983747,9.220749990618976e-06,-3.5945746052474934e-05,3.909905310652806e-05,1.1551813267711288,0.5714285714285714
2,"[0, 14]","0,14",26,component_27,0.05929014221007515,0.05929014221007515,0.0002443195699983747,0.00026274770083964394,-3.621222342511218e-05,5.1263175644320235e-05,5.8318650865298025,0.047619047619047616
2,"[0, 14]","0,14",35,component_36,0.01690977193615873,0.01690977193615873,0.0002443195699983747,0.00012019723697739501,-3.842343189494517e-05,4.6011487185243445e-05,3.447414517025482,0.14285714285714285
2,"[0, 14]","0,14",39,component_40,0.014989941491717179,0.014989941491717179,0.0002443195699983747,0.00011104438035907001,-8.600593034837514e-06,2.4391746548335125e-05,4.905141710816685,0.047619047619047616
2,"[0, 14]","0,14",40,component_41,0.04962266997758795,0.04962266997758795,0.0002443195699983747,-0.00012757667151142016,-2.073735542582701e-05,3.970732289113016e-05,-2.690670342559381,0.047619047619047616
2,"[0, 14]","0,14",46,component_47,0.013867977805255517,0.013867977805255517,0.0002443195699983747,0.0002993982480540454,-3.575360700754665e-05,4.8683101438967545e-05,6.884357100415249,0.047619047619047616
2,"[0, 14]","0,14",49,component_50,0.019037687503217608,0.019037687503217608,0.0002443195699983747,0.0003326543387341535,-3.125121105807469e-05,4.623001110536033e-05,7.871630161690221,0.047619047619047616
2,"[0, 14]","0,14",52,component_53,0.010014412219588868,0.010014412219588868,0.0002443195699983747,-9.58452976537634e-05,-3.6076857305635565e-05,4.569802686462339e-05,-1.3078998033150726,0.23809523809523808
2,"[0, 14]","0,14",54,component_55,0.023888717481383957,0.023888717481383957,0.0002443195699983747,0.00040944411741339684,-2.8232226843828657e-05,4.314804929350825e-05,10.143595166492851,0.047619047619047616
2,"[0, 14]","0,14",56,component_57,0.020937864298946673,0.020937864298946673,0.0002443195699983747,0.0002552048254501581,-2.1412316483081083e-05,3.0327137555635806e-05,9.121109482415834,0.047619047619047616
2,"[0, 14]","0,14",57,component_58,0.028808553662333064,0.028808553662333064,0.0002443195699983747,0.0003505067289802308,-3.6720333927738e-05,4.7606897945098795e-05,8.133843615572824,0.047619047619047616
2,"[0, 14]","0,14",59,component_60,0.015217611129943395,0.015217611129943395,0.0002443195699983747,0.00016847439025458218,-3.37820802985432e-05,4.02226051993865e-05,5.028427908896621,0.047619047619047616
2,"[0, 15]","0,15",1,component_02,0.032916277633661686,0.032916277633661686,0.0002443195699983747,0.0004931851923904648,-2.6568946084033117e-05,4.0770915801115475e-05,12.74815952160382,0.047619047619047616
2,"[0, 15]","0,15",5,component_06,0.008931683191569237,0.008931683191569237,0.0002443195699983747,0.00016112979981962317,-1.5402192501270637e-05,3.4512731676269164e-05,5.114981739978485,0.047619047619047616
2,"[0, 15]","0,15",9,component_10,0.01449348861813847,0.01449348861813847,0.0002443195699983747,-7.055614402408025e-05,-9.45717387587251e-06,1.6254270024349445e-05,-3.7589488827661546,0.047619047619047616
2,"[0, 15]","0,15",13,component_14,0.09892392219708583,0.09892392219708583,0.0002443195699983747,0.0001808278861589463,-1.919461631749365e-05,3.972035979683419e-05,5.035767639053013,0.047619047619047616
2,"[0, 15]","0,15",19,component_20,0.012422432173922106,0.012422432173922106,0.0002443195699983747,0.00010806289159536776,-3.129402415815903e-05,3.564320879028989e-05,3.909774694344891,0.047619047619047616
2,"[0, 15]","0,15",20,component_21,0.00881170303619459,0.00881170303619459,0.0002443195699983747,7.92874244334562e-05,-2.2071361282554338e-05,4.2790125408469215e-05,2.3687424317749053,0.19047619047619047
2,"[0, 15]","0,15",21,component_22,0.01612878256489407,0.01612878256489407,0.0002443195699983747,-8.879672079925224e-05,-2.8130089981486482e-05,3.740572589230277e-05,-1.6218541244844429,0.14285714285714285
2,"[0, 15]","0,15",26,component_27,0.06190852604133194,0.06190852604133194,0.0002443195699983747,0.0008411424611693766,-3.1207192114888953e-05,4.72664198366422e-05,18.456012879739976,0.047619047619047616
2,"[0, 15]","0,15",31,component_32,0.00793225867459122,0.00793225867459122,0.0002443195699983747,7.436868643729763e-05,-1.643641925264272e-05,3.097842905066465e-05,2.9312366208573803,0.09523809523809523
2,"[0, 15]","0,15",34,component_35,0.015525571019366632,0.015525571019366632,0.0002443195699983747,-3.691113080655367e-05,-6.819207060694054e-06,2.238027871034745e-05,-1.344573235003848,0.14285714285714285
2,"[0, 15]","0,15",35,component_36,0.03987386733867948,0.03987386733867948,0.0002443195699983747,3.15379557193074e-05,-3.280960788400141e-05,4.78447419102885e-05,1.3449244584486213,0.38095238095238093
2,"[0, 15]","0,15",38,component_39,0.020074033427692105,0.020074033427692105,0.0002443195699983747,0.0005812063972181793,-2.462645973471058e-05,3.761828640220169e-05,16.104743593994016,0.047619047619047616
2,"[0, 15]","0,15",40,component_41,0.05020667049496539,0.05020667049496539,0.0002443195699983747,0.0006465983454538582,-3.981129551191377e-05,5.456199824218179e-05,12.580361113591142,0.047619047619047616
2,"[0, 15]","0,15",46,component_47,0.07723914659918193,0.07723914659918193,0.0002443195699983747,0.0014145560748013986,-2.1383599470570062e-05,3.5964066906374175e-05,39.92706603538952,0.047619047619047616
2,"[0, 15]","0,15",49,component_50,0.016487413593914903,0.016487413593914903,0.0002443195699983747,0.00013929147796196834,-3.1712279772933496e-05,4.765601261607919e-05,3.588293446044728,0.047619047619047616
2,"[0, 15]","0,15",54,component_55,0.02206242670334962,0.02206242670334962,0.0002443195699983747,0.00027530936196899433,-1.681905302714546e-05,3.206730046811485e-05,9.109853674356183,0.047619047619047616
2,"[0, 15]","0,15",56,component_57,0.02018948261699884,0.02018948261699884,0.0002443195699983747,-0.0001335267988993305,-2.6735078381228185e-05,4.209416202527956e-05,-2.536972239855227,0.047619047619047616
2,"[0, 15]","0,15",57,component_58,0.026636545306871248,0.026636545306871248,0.0002443195699983747,-0.00012216453792630172,-4.6108268014200256e-05,4.7948779041757586e-05,-1.5861982605618727,0.047619047619047616
2,"[0, 15]","0,15",59,component_60,0.020452188344003596,0.020452188344003596,0.0002443195699983747,0.0002298585707269686,-3.2076883851611944e-05,4.7126813880635015e-05,5.558098097656736,0.047619047619047616
2,"[0, 16]","0,16",1,component_02,0.0321044587224903,0.0321044587224903,0.0002443195699983747,-0.00019471947731163064,-1.066959122259522e-05,2.962486439748962e-05,-6.212682820064877,0.047619047619047616
2,"[0, 16]","0,16",11,component_12,0.0165700863053029,0.0165700863053029,0.0002443195699983747,0.0004700098744942066,-1.4250995256970166e-05,3.682934357056276e-05,13.148778197020064,0.047619047619047616
2,"[0, 16]","0,16",13,component_14,0.09745865131850237,0.09745865131850237,0.0002443195699983747,-1.1163372547598471e-05,-2.1140281088895647e-05,3.200613501563962e-05,0.31171862945719675,0.42857142857142855
2,"[0, 16]","0,16",19,component_20,0.0354508810655329,0.0354508810655329,0.0002443195699983747,0.00022164306189138144,-2.172678236836552e-05,3.408210132021721e-05,7.140693643656944,0.047619047619047616
2,"[0, 16]","0,16",21,component_22,0.02455460807611911,0.02455460807611911,0.0002443195699983747,0.0007510738162089803,-2.614029824059266e-05,3.437205944304796e-05,22.611799439523285,0.047619047619047616
2,"[0, 16]","0,16",26,component_27,0.05857498938544643,0.05857498938544643,0.0002443195699983747,-0.00011436527818738107,-2.3603852421056153e-05,3.972683655239164e-05,-2.284637631456736,0.047619047619047616
2,"[0, 16]","0,16",29,component_30,0.0077603487284509986,0.0077603487284509986,0.0002443195699983747,-6.669735503732083e-05,-2.7279944616928153e-05,4.138635621807251e-05,-0.95242524402716,0.2857142857142857
2,"[0, 16]","0,16",31,component_32,0.01721491638316782,0.01721491638316782,0.0002443195699983747,0.0001251183366159439,-2.0933306107748213e-05,3.803375581019214e-05,3.840053121562971,0.047619047619047616
2,"[0, 16]","0,16",32,component_33,0.013740421976667926,0.013740421976667926,0.0002443195699983747,-8.639660837165934e-05,-2.6832008830934014e-05,3.967797576909367e-05,-1.5012005624319658,0.14285714285714285
2,"[0, 16]","0,16",35,component_36,0.016835495562971124,0.016835495562971124,0.0002443195699983747,-0.0001076715255784906,-1.5814159655114366e-05,3.592987137794713e-05,-2.556573747707765,0.09523809523809523
2,"[0, 16]","0,16",36,component_37,0.025875790372900123,0.025875790372900123,0.0002443195699983747,0.0008642549137524609,-1.5579424222263547e-05,3.089037690761006e-05,28.482473380179805,0.047619047619047616
2,"[0, 16]","0,16",39,component_40,0.009810125371625759,0.009810125371625759,0.0002443195699983747,0.00010319285025605154,-1.2736137776681324e-05,3.8592291774665625e-05,3.0039415308534707,0.09523809523809523
2,"[0, 16]","0,16",40,component_41,0.05080416668058244,0.05080416668058244,0.0002443195699983747,-0.00018819776942885502,-3.98903400450123e-05,5.3750259438690995e-05,-2.759194670548636,0.047619047619047616
2,"[0, 16]","0,16",43,component_44,0.02051780357357847,0.02051780357357847,0.0002443195699983747,-0.000187946694440045,-1.1023365134810294e-05,2.7800507232474374e-05,-6.36403241947207,0.047619047619047616
2,"[0, 16]","0,16",49,component_50,0.016417019837365036,0.016417019837365036,0.0002443195699983747,-0.0001108211592113599,-1.8244556374457265e-05,3.6466005158592154e-05,-2.5387097499241604,0.047619047619047616
2,"[0, 16]","0,16",54,component_55,0.020429693189320468,0.020429693189320468,0.0002443195699983747,-0.00010216146047383953,-1.8410118973874858e-05,3.305713998899464e-05,-2.533532590171053,0.047619047619047616
2,"[0, 16]","0,16",56,component_57,0.021369199700039355,0.021369199700039355,0.0002443195699983747,0.000337964265254842,-2.4870118143699404e-05,3.411351596816588e-05,10.63608874960681,0.047619047619047616
2,"[0, 16]","0,16",57,component_58,0.04472677243917946,0.04472677243917946,0.0002443195699983747,8.220711078725518e-05,-3.596699136895584e-05,4.462462661106291e-05,2.6481813099790608,0.19047619047619047
2,"[0, 18]","0,18",1,component_02,0.03340150404055972,0.03340150404055972,0.0002443195699983747,0.0004042134589699875,-2.5264387910735987e-05,4.508515345260813e-05,9.525926252689256,0.047619047619047616
2,"[0, 18]","0,18",7,component_08,0.026270878399545214,0.026270878399545214,0.0002443195699983747,0.0002753304203011765,-3.9968983278979507e-05,5.3762662753515864e-05,5.864653784461907,0.047619047619047616
2,"[0, 18]","0,18",13,component_14,0.10636483947819958,0.10636483947819958,0.0002443195699983747,0.0029378995402825625,-1.1847206181988028e-05,2.5942452802313924e-05,113.70346393003553,0.047619047619047616
2,"[0, 18]","0,18",16,component_17,0.055039201822244276,0.055039201822244276,0.0002443195699983747,0.0014043832488645075,-3.560990010025517e-05,4.927947821731038e-05,29.220949593150053,0.047619047619047616
2,"[0, 18]","0,18",21,component_22,0.02318734231342738,0.02318734231342738,0.0002443195699983747,-2.3065852032023992e-06,-3.4833502636468515e-05,4.555843905584968e-05,0.7139603135522633,0.7142857142857143
2,"[0, 18]","0,18",26,component_27,0.06251263757311991,0.06251263757311991,0.0002443195699983747,0.00012357463588730244,-6.704168743334261e-06,2.6251202098087397e-05,4.962774814800901,0.047619047619047616
2,"[0, 18]","0,18",27,component_28,0.016116841701827783,0.016116841701827783,0.0002443195699983747,5.903931028204343e-05,-4.503044347717566e-05,4.4486461418076504e-05,2.3393578729759716,0.47619047619047616
2,"[0, 18]","0,18",29,component_30,0.03090867741476314,0.03090867741476314,0.0002443195699983747,0.00012104081884926898,-1.9538089248256783e-05,3.1405079348588974e-05,4.476311189573287,0.047619047619047616
2,"[0, 18]","0,18",33,component_34,0.019196221170535547,0.019196221170535547,0.0002443195699983747,-6.014420540375806e-05,-3.7031535980746905e-05,4.987982083832837e-05,-0.4633671299246338,0.38095238095238093
2,"[0, 18]","0,18",35,component_36,0.01628092978437457,0.01628092978437457,0.0002443195699983747,-0.00012181005080138044,-4.8395013251506914e-05,5.125319076567187e-05,-1.4323993580326537,0.09523809523809523
2,"[0, 18]","0,18",40,component_41,0.049969721393785915,0.049969721393785915,0.0002443195699983747,0.00045436415815660464,-2.874808710906666e-05,4.145530274603547e-05,11.65381056858578,0.047619047619047616
2,"[0, 18]","0,18",41,component_42,0.038953438917828556,0.038953438917828556,0.0002443195699983747,0.0011038405139269375,-2.9109518751018285e-05,4.432084298752637e-05,25.562465790572002,0.047619047619047616
2,"[0, 18]","0,18",44,component_45,0.057941361338136065,0.057941361338136065,0.0002443195699983747,-0.00012205043038914648,-4.5601866137123035e-05,5.18753019994504e-05,-1.4736986832931287,0.09523809523809523
2,"[0, 18]","0,18",49,component_50,0.019947942988572866,0.019947942988572866,0.0002443195699983747,0.00030677093367281055,-2.0907240734761157e-05,3.8455836234655235e-05,8.520895824709125,0.047619047619047616
2,"[0, 18]","0,18",54,component_55,0.021789188919670466,0.021789188919670466,0.0002443195699983747,0.00016793004410897358,-2.2133179708281486e-05,3.665636010032467e-05,5.184999909894809,0.047619047619047616
2,"[0, 18]","0,18",56,component_57,0.04721293653011256,0.04721293653011256,0.0002443195699983747,0.000577022641363889,-3.414114627597971e-05,4.852262032713924e-05,12.59544071444217,0.047619047619047616
2,"[0, 18]","0,18",57,component_58,0.04537384641118978,0.04537384641118978,0.0002443195699983747,0.0014851078564423817,-3.013864221583502e-05,3.3544303541023774e-05,45.17149973929587,0.047619047619047616
2,"[0, 18]","0,18",58,component_59,0.023592010077059213,0.023592010077059213,0.0002443195699983747,0.00047123070528042044,-2.275724311846168e-05,4.074245049863653e-05,12.124649900854974,0.047619047619047616
2,"[0, 24]","0,24",1,component_02,0.057020146964768245,0.057020146964768245,0.0002443195699983747,0.002368794759692483,-1.449019472465495e-05,3.154251713220631e-05,75.55785558989832,0.047619047619047616
2,"[0, 24]","0,24",2,component_03,0.01611084020175538,0.01611084020175538,0.0002443195699983747,7.876294105646497e-05,-3.9441174442998394e-05,4.473128751351195e-05,2.642537741927449,0.3333333333333333
2,"[0, 24]","0,24",6,component_07,0.019649615220699274,0.019649615220699274,0.0002443195699983747,0.00026278889680600437,-4.006682452256409e-05,4.5750701707857734e-05,6.619695655434126,0.047619047619047616
2,"[0, 24]","0,24",7,component_08,0.02044524275212111,0.02044524275212111,0.0002443195699983747,0.0002540895854359522,-3.556951766981196e-05,4.252455231697228e-05,6.8115732517695715,0.047619047619047616
2,"[0, 24]","0,24",10,component_11,0.01451167000684956,0.01451167000684956,0.0002443195699983747,-5.5937752666006604e-05,-1.9682131763556214e-05,3.5543236654275124e-05,-1.0200427511738603,0.14285714285714285
2,"[0, 24]","0,24",12,component_13,0.020185409491364395,0.020185409491364395,0.0002443195699983747,-6.687635987060597e-05,-3.552233548512801e-05,4.417513964552933e-05,-0.7097662766223105,0.3333333333333333
2,"[0, 24]","0,24",13,component_14,0.09607520951761181,0.09607520951761181,0.0002443195699983747,0.0008465199250774769,-4.281537757025811e-05,4.614484665040884e-05,19.272689524472728,0.047619047619047616
2,"[0, 24]","0,24",14,component_15,0.06800082288173273,0.06800082288173273,0.0002443195699983747,-6.229576575150775e-05,-3.5134006523612e-05,4.462963481230817e-05,-0.6086036630621264,0.3333333333333333
2,"[0, 24]","0,24",17,component_18,0.01359999132746299,0.01359999132746299,0.0002443195699983747,0.00010872790083979803,-4.127227120819864e-05,5.090552348083266e-05,2.946638435109618,0.23809523809523808
2,"[0, 24]","0,24",21,component_22,0.01761803215664365,0.01761803215664365,0.0002443195699983747,0.00019997511750914979,-1.0257757580838154e-05,1.8861923128851244e-05,11.145887598726093,0.047619047619047616
2,"[0, 24]","0,24",26,component_27,0.06307917512707911,0.06307917512707911,0.0002443195699983747,0.0008875099736578018,-1.4945252203068252e-05,2.953847291591862e-05,30.551857857706878,0.047619047619047616
2,"[0, 24]","0,24",33,component_34,0.0333814249542093,0.0333814249542093,0.0002443195699983747,0.000374942922787308,-3.4182671541322325e-05,4.628838774286764e-05,8.838622693046174,0.047619047619047616
2,"[0, 24]","0,24",35,component_36,0.016718351956033006,0.016718351956033006,0.0002443195699983747,-5.7456865493365344e-05,-1.7948960802127432e-05,3.587465112842689e-05,-1.1012763455121672,0.14285714285714285
2,"[0, 24]","0,24",40,component_41,0.052470370547752054,0.052470370547752054,0.0002443195699983747,7.225399296417745e-05,-3.3576366546208904e-05,4.084514401346194e-05,2.591014478379762,0.23809523809523808
2,"[0, 24]","0,24",49,component_50,0.015807848969647383,0.015807848969647383,0.0002443195699983747,-0.0001134954214633381,-1.827507045914714e-05,3.4699979228501014e-05,-2.744103977041612,0.09523809523809523
2,"[0, 24]","0,24",54,component_55,0.024442599307143178,0.024442599307143178,0.0002443195699983747,0.0003945418132789112,-3.860760498042637e-05,4.728950763348453e-05,9.159524806569042,0.047619047619047616
2,"[0, 24]","0,24",56,component_57,0.020435237762717363,0.020435237762717363,0.0002443195699983747,0.0001757260192171567,-2.932541441987983e-05,3.7408051802068486e-05,5.481478552317931,0.047619047619047616
2,"[0, 24]","0,24",57,component_58,0.02706702484675215,0.02706702484675215,0.0002443195699983747,0.00010389694919846551,-2.3212753523308556e-05,4.0862390121604125e-05,3.1106771371792714,0.14285714285714285
2,"[0, 29]","0,29",1,component_02,0.036606608455572884,0.036606608455572884,0.0002443195699983747,0.0005266711465613111,-1.3263955246814717e-05,3.0045575140151092e-05,17.97053640309881,0.047619047619047616
2,"[0, 29]","0,29",7,component_08,0.013565371782543433,0.013565371782543433,0.0002443195699983747,0.0001040525381330662,-2.9613159828942737e-05,4.6238267287121486e-05,2.8908024847037934,0.19047619047619047
2,"[0, 29]","0,29",11,component_12,0.03962154086032685,0.03962154086032685,0.0002443195699983747,0.00029212788251691685,-1.2811160265323375e-05,2.6770215735682485e-05,11.390981895442167,0.047619047619047616
2,"[0, 29]","0,29",13,component_14,0.09935538223807086,0.09935538223807086,0.0002443195699983747,0.000829273165468658,-2.7023565440206168e-05,4.471706393448206e-05,19.149216329665144,0.047619047619047616
2,"[0, 29]","0,29",18,component_19,0.011160850058796079,0.011160850058796079,0.0002443195699983747,-0.0001087086793356111,-1.4266010262418055e-05,3.105848956265712e-05,-3.0408004511186943,0.09523809523809523
2,"[0, 29]","0,29",21,component_22,0.015946925159106777,0.015946925159106777,0.0002443195699983747,-1.2934589889063847e-05,-2.424134702910537e-05,3.9744622524720816e-05,0.2844852063448034,0.38095238095238093
2,"[0, 29]","0,29",26,component_27,0.05869782079090294,0.05869782079090294,0.0002443195699983747,8.466127269124435e-06,-1.8264989867904915e-07,8.16835179059606e-07,10.588154611265056,0.047619047619047616
2,"[0, 29]","0,29",35,component_36,0.017232612149139088,0.017232612149139088,0.0002443195699983747,-9.937741844070341e-06,-5.422856261732766e-05,4.381082876936014e-05,1.0109560128712487,0.8095238095238095
2,"[0, 29]","0,29",36,component_37,0.022616627503736997,0.022616627503736997,0.0002443195699983747,0.0003666965545217546,-1.6469167249029744e-05,3.593010318097529e-05,10.664197646214042,0.047619047619047616
2,"[0, 29]","0,29",37,component_38,0.023684153345966717,0.023684153345966717,0.0002443195699983747,0.00013083755722706134,-2.7158601768640245e-05,3.9349435941875276e-05,4.01520772061598,0.047619047619047616
2,"[0, 29]","0,29",40,component_41,0.048095659450909045,0.048095659450909045,0.0002443195699983747,5.030559005268775e-06,-3.800761484024985e-05,4.9272968788508066e-05,0.8734641914971525,0.42857142857142855
2,"[0, 29]","0,29",42,component_43,0.012364850547388966,0.012364850547388966,0.0002443195699983747,-8.25304755438204e-06,-3.449798122160275e-05,4.622199063729188e-05,0.5678018905149945,0.5238095238095238
2,"[0, 29]","0,29",43,component_44,0.09086123121810537,0.09086123121810537,0.0002443195699983747,0.00039905789875639697,-1.708226021949455e-05,3.5997277260170885e-05,11.560323186896387,0.047619047619047616
2,"[0, 29]","0,29",44,component_45,0.03132381608917847,0.03132381608917847,0.0002443195699983747,-0.00010654315909191386,-2.8257411798639263e-05,3.854940818775942e-05,-2.0307898609486994,0.14285714285714285
2,"[0, 29]","0,29",49,component_50,0.015810862178148016,0.015810862178148016,0.0002443195699983747,-0.00011048221296270505,-1.1662122067974887e-05,2.9728282785967942e-05,-3.32411029611755,0.09523809523809523
2,"[0, 29]","0,29",54,component_55,0.02613546352322247,0.02613546352322247,0.0002443195699983747,0.00012151867539904673,-2.6216354914100626e-05,3.4829691489431925e-05,4.241640508299459,0.047619047619047616
2,"[0, 29]","0,29",56,component_57,0.019307669466397094,0.019307669466397094,0.0002443195699983747,-1.2735613795659961e-05,-3.745310246977685e-05,4.705689568444215e-05,0.5252681528307642,0.47619047619047616
2,"[0, 29]","0,29",57,component_58,0.037379146799728674,0.037379146799728674,0.0002443195699983747,0.0007405893855802759,-3.644058178663595e-05,4.283272607775632e-05,18.14103463684127,0.047619047619047616
2,"[0, 29]","0,29",59,component_60,0.0131891724371223,0.0131891724371223,0.0002443195699983747,-1.149195542984871e-05,-5.226217715962074e-06,1.4587637847149792e-05,-0.4295238049874448,0.19047619047619047
2,"[0, 32]","0,32",1,component_02,0.030134045090920762,0.030134045090920762,0.0002443195699983747,-8.13731331040235e-05,-2.8323477138595554e-05,4.341499315021713e-05,-1.2219201735648006,0.23809523809523808
2,"[0, 32]","0,32",11,component_12,0.019308296584911247,0.019308296584911247,0.0002443195699983747,0.00030442433752173037,-3.318056471642102e-05,4.494251192413057e-05,7.511927744672507,0.047619047619047616
2,"[0, 32]","0,32",13,component_14,0.09335034974815842,0.09335034974815842,0.0002443195699983747,-2.4867214778609426e-05,-3.21424823234834e-05,3.7870787360699346e-05,0.19210763894557756,0.5238095238095238
2,"[0, 32]","0,32",16,component_17,0.028331993507856867,0.028331993507856867,0.0002443195699983747,0.000175898307264645,-2.9081386541204472e-05,4.507202618033034e-05,4.547825140714522,0.047619047619047616
2,"[0, 32]","0,32",18,component_19,0.02000237640315901,0.02000237640315901,0.0002443195699983747,-9.429317011245067e-05,-3.0371594707235698e-05,4.5067144388096796e-05,-1.4183631173688926,0.19047619047619047
2,"[0, 32]","0,32",19,component_20,0.02536536569141693,0.02536536569141693,0.0002443195699983747,-2.4837316271897336e-05,-2.9805537185320457e-05,3.178347254475965e-05,0.15631460364900449,0.5238095238095238
2,"[0, 32]","0,32",21,component_22,0.02775442416504233,0.02775442416504233,0.0002443195699983747,0.00057666021057938,-2.74170712756578e-05,4.420708235878665e-05,13.66471727204975,0.047619047619047616
2,"[0, 32]","0,32",26,component_27,0.06937745171107657,0.06937745171107657,0.0002443195699983747,0.0008786677894941919,-2.1795508372753135e-05,3.857631143307667e-05,23.34238978314698,0.047619047619047616
2,"[0, 32]","0,32",27,component_28,0.01899478430558396,0.01899478430558396,0.0002443195699983747,-2.167897162742849e-05,-2.7951628303914115e-05,4.198330889424497e-05,0.1494083444515131,0.38095238095238093
2,"[0, 32]","0,32",35,component_36,0.01701204361875663,0.01701204361875663,0.0002443195699983747,7.085506003165487e-05,-3.682285396487139e-05,4.507098715863099e-05,2.389073787479851,0.38095238095238093
2,"[0, 32]","0,32",36,component_37,0.04074798037756023,0.04074798037756023,0.0002443195699983747,0.00047866559746583687,-2.742866848375314e-05,4.2433234963783576e-05,11.926836744394752,0.047619047619047616
2,"[0, 32]","0,32",40,component_41,0.04845765015125265,0.04845765015125265,0.0002443195699983747,0.0001847731553382137,-3.066064478170093e-05,4.183871577271456e-05,5.1491494454619815,0.047619047619047616
2,"[0, 32]","0,32",42,component_43,0.024542867481383034,0.024542867481383034,0.0002443195699983747,0.0001695135715003883,-3.4207570218898256e-05,4.1299770577407695e-05,4.932742697382648,0.047619047619047616
2,"[0, 32]","0,32",43,component_44,0.025657683912114496,0.025657683912114496,0.0002443195699983747,0.00026645460656800346,-3.36521301315356e-05,4.607729332364761e-05,6.513115572817717,0.047619047619047616
2,"[0, 32]","0,32",49,component_50,0.016298679467169206,0.016298679467169206,0.0002443195699983747,-2.3999341019327602e-05,-2.4841591678483137e-05,4.3825252454367396e-05,0.01921838693416585,0.3333333333333333
2,"[0, 32]","0,32",54,component_55,0.020828819844047934,0.020828819844047934,0.0002443195699983747,-2.4287803227839716e-05,-3.417969909661141e-05,4.125605287488071e-05,0.23976835347703623,0.47619047619047616
2,"[0, 32]","0,32",56,component_57,0.02081901168872768,0.02081901168872768,0.0002443195699983747,-1.5014253720576493e-05,-8.26844955538484e-06,2.0542556914339136e-05,-0.32838191435083425,0.19047619047619047
2,"[0, 32]","0,32",57,component_58,0.02758589066101284,0.02758589066101284,0.0002443195699983747,0.00011693928361246331,-4.511947275556798e-05,5.098356823841995e-05,3.178646806558899,0.23809523809523808
2,"[0, 35]","0,35",1,component_02,0.0338537450390268,0.0338537450390268,0.0002443195699983747,0.00012066028599323764,-1.0932628946759404e-05,2.879584539593477e-05,4.569857669765603,0.09523809523809523
2,"[0, 35]","0,35",5,component_06,0.011877157837473777,0.011877157837473777,0.0002443195699983747,-6.453227116459334e-06,-2.6735585341555354e-05,4.3511909945327154e-05,0.4661334850752556,0.3333333333333333
2,"[0, 35]","0,35",8,component_09,0.025036720902460268,0.025036720902460268,0.0002443195699983747,8.062654463139932e-05,-2.2804417112237793e-05,3.776460010998771e-05,2.738833760781236,0.19047619047619047
2,"[0, 35]","0,35",13,component_14,0.09729399640444851,0.09729399640444851,0.0002443195699983747,0.0008615540402720778,-1.2769183692508754e-05,2.9475994440514576e-05,29.662212948542106,0.047619047619047616
2,"[0, 35]","0,35",15,component_16,0.014337977970984028,0.014337977970984028,0.0002443195699983747,6.330650250476431e-05,-3.956362922643562e-05,4.548160712215599e-05,2.2617963225201776,0.42857142857142855
2,"[0, 35]","0,35",20,component_21,0.016235050471351296,0.016235050471351296,0.0002443195699983747,-1.2105315769315311e-05,-2.6749853589291336e-05,4.664362912144546e-05,0.31396651795352837,0.3333333333333333
2,"[0, 35]","0,35",21,component_22,0.017227193387407882,0.017227193387407882,0.0002443195699983747,1.5852950184178094e-07,-2.762001698291823e-05,4.125570929870123e-05,0.6733261155113507,0.6666666666666666
2,"[0, 35]","0,35",23,component_24,0.016274348073219973,0.016274348073219973,0.0002443195699983747,0.0002067112779889635,-1.8789803603862015e-05,3.407938929128209e-05,6.616934348953,0.047619047619047616
2,"[0, 35]","0,35",25,component_26,0.01578657109418391,0.01578657109418391,0.0002443195699983747,-4.968733152121291e-05,-2.3703875094194516e-05,3.997024140069033e-05,-0.6500700400215653,0.2857142857142857
2,"[0, 35]","0,35",26,component_27,0.058631166021441014,0.058631166021441014,0.0002443195699983747,-5.818864219279962e-05,-2.4905135971795468e-05,4.44178107925616e-05,-0.7493279301054152,0.2857142857142857
2,"[0, 35]","0,35",40,component_41,0.06620980448813489,0.06620980448813489,0.0002443195699983747,0.0014564436982187207,-4.1476920681449747e-05,4.9343379265841746e-05,30.357074063168493,0.047619047619047616
2,"[0, 35]","0,35",45,component_46,0.009645778887063059,0.009645778887063059,0.0002443195699983747,3.263183250719337e-05,-1.5169087853589375e-05,3.6871775580713435e-05,1.2964095058602503,0.19047619047619047
2,"[0, 35]","0,35",47,component_48,0.017215313049958457,0.017215313049958457,0.0002443195699983747,0.00010891455696732458,-2.5010021714702976e-05,3.8001080844947955e-05,3.5242307772367516,0.09523809523809523
2,"[0, 35]","0,35",49,component_50,0.018296689572918814,0.018296689572918814,0.0002443195699983747,1.7743598542938055e-05,-2.886532320029558e-05,4.0854492934298684e-05,1.1408517985571158,0.47619047619047616
2,"[0, 35]","0,35",54,component_55,0.02067477867609966,0.02067477867609966,0.0002443195699983747,-1.208865353160074e-05,-3.395619052604806e-05,4.862346953503317e-05,0.44973213971684556,0.38095238095238093
2,"[0, 35]","0,35",56,component_57,0.019306576230026747,0.019306576230026747,0.0002443195699983747,2.4613807770874213e-05,-3.32507079773727e-05,3.946882398110999e-05,1.4660815781068421,0.5238095238095238
2,"[0, 35]","0,35",57,component_58,0.030217766431775126,0.030217766431775126,0.0002443195699983747,0.00028058608301637783,-2.9090724183410234e-05,4.18750274768579e-05,7.395262185103758,0.047619047619047616
2,"[1, 5]","1,5",0,component_01,0.006416969954378565,0.006416969954378565,0.0002443195699983747,-3.1237789732871044e-05,-3.918170204421916e-05,5.120029955246683e-05,0.1551536295838992,0.42857142857142855
2,"[1, 5]","1,5",7,component_08,0.026038475911534423,0.026038475911534423,0.0002443195699983747,0.0002466667082412777,-3.1714904853089905e-05,4.3673995609082793e-05,6.374081629400381,0.047619047619047616
2,"[1, 5]","1,5",11,component_12,0.03757086201354713,0.03757086201354713,0.0002443195699983747,0.0003740839982251318,-1.7696083698341384e-05,3.264788507148557e-05,12.000167271651268,0.047619047619047616
2,"[1, 5]","1,5",13,component_14,0.01954800792651301,0.01954800792651301,0.0002443195699983747,9.51081160697545e-05,-4.95208227737958e-05,4.8487262903041234e-05,2.982823326875785,0.23809523809523808
2,"[1, 5]","1,5",15,component_16,0.015746235283147645,0.015746235283147645,0.0002443195699983747,3.46844707313429e-05,-1.0696180618115588e-05,2.5066094713829624e-05,1.8104396343966893,0.19047619047619047
2,"[1, 5]","1,5",18,component_19,0.01567370281804517,0.01567370281804517,0.0002443195699983747,0.000137046648783775,-2.304403876443477e-06,7.3346104194050705e-06,18.99910761334228,0.047619047619047616
2,"[1, 5]","1,5",26,component_27,0.012848964624933134,0.012848964624933134,0.0002443195699983747,-8.992685188412286e-07,-1.2492041066176354e-06,4.1987914874079654e-06,0.08334197800149205,0.14285714285714285
2,"[1, 5]","1,5",27,component_28,0.0171420603413085,0.0171420603413085,0.0002443195699983747,0.00013709731955632853,-6.0073646412323075e-05,4.6885307655381134e-05,4.205389189677672,0.047619047619047616
2,"[1, 5]","1,5",28,component_29,0.0377996186169485,0.0377996186169485,0.0002443195699983747,0.00022114578112900074,-4.060958337807605e-05,4.3907977716238054e-05,5.961453433330735,0.047619047619047616
2,"[1, 5]","1,5",37,component_38,0.01918393216917642,0.01918393216917642,0.0002443195699983747,2.4232990215238698e-05,-2.6852422739367396e-05,4.192654186868985e-05,1.2184504296729504,0.38095238095238093
2,"[1, 5]","1,5",38,component_39,0.010259080572963281,0.010259080572963281,0.0002443195699983747,-2.518001912005241e-06,-2.3380813239904688e-05,3.663540436684208e-05,0.5694712993745998,0.42857142857142855
2,"[1, 5]","1,5",48,component_49,0.014658935738386612,0.014658935738386612,0.0002443195699983747,0.0001385940008404498,-9.257830512248205e-06,1.681519552538769e-05,8.792751242735795,0.047619047619047616
2,"[1, 5]","1,5",50,component_51,0.011910848272551964,0.011910848272551964,0.0002443195699983747,1.7015162748089743e-05,-6.5138828963417535e-06,1.614654619238664e-05,1.4572184889624153,0.19047619047619047
2,"[1, 5]","1,5",51,component_52,0.037747314656492836,0.037747314656492836,0.0002443195699983747,8.573377431949497e-05,-2.330537688982075e-05,3.953177456941503e-05,2.758266037813471,0.19047619047619047
2,"[1, 5]","1,5",53,component_54,0.014730794924190696,0.014730794924190696,0.0002443195699983747,0.00012056776013806038,-1.8920301309569097e-05,3.650069393450549e-05,3.821518070256909,0.047619047619047616
2,"[1, 5]","1,5",55,component_56,0.015085576514188567,0.015085576514188567,0.0002443195699983747,6.792370096226144e-05,-2.7078373418830404e-05,4.498485574303282e-05,2.1118679344838314,0.23809523809523808
2,"[1, 5]","1,5",57,component_58,0.009872747816320363,0.009872747816320363,0.0002443195699983747,1.4199027513111043e-05,-2.9232684340395597e-05,4.5700643618086086e-05,0.9503523017412929,0.42857142857142855
2,"[1, 5]","1,5",58,component_59,0.02839633200585864,0.02839633200585864,0.0002443195699983747,0.00034314099668841455,-1.9225794178549214e-05,3.247372952800515e-05,11.158767290786875,0.047619047619047616
2,"[1, 6]","1,6",2,component_03,0.04707428080546221,0.04707428080546221,0.0002443195699983747,0.0006507531195448918,-1.9696959306921425e-05,4.066347491403157e-05,16.487771403433698,0.047619047619047616
2,"[1, 6]","1,6",7,component_08,0.02028731360578239,0.02028731360578239,0.0002443195699983747,0.000195234531264514,-3.9953620740152e-05,4.297125098772563e-05,5.473151155684192,0.047619047619047616
2,"[1, 6]","1,6",10,component_11,0.01102803381557824,0.01102803381557824,0.0002443195699983747,-2.4550060467181528e-05,-9.53982124474663e-06,2.1356983592829902e-05,-0.702825806705879,0.19047619047619047
2,"[1, 6]","1,6",11,component_12,0.032680813998636135,0.032680813998636135,0.0002443195699983747,-7.363669653620564e-06,-2.1155906347365194e-05,3.339781134250755e-05,0.4129682796366468,0.42857142857142855
2,"[1, 6]","1,6",18,component_19,0.011226723503172789,0.011226723503172789,0.0002443195699983747,-1.8563426297833058e-05,-1.1654499715340517e-05,3.277879507531309e-05,-0.2107742693597638,0.19047619047619047
2,"[1, 6]","1,6",19,component_20,0.022218045267179194,0.022218045267179194,0.0002443195699983747,-1.96398927049847e-05,-2.4320722654527447e-05,3.4658656647558505e-05,0.13505514645711122,0.42857142857142855
2,"[1, 6]","1,6",20,component_21,0.014629767682273531,0.014629767682273531,0.0002443195699983747,0.00019458707924690198,-2.554579250387258e-05,4.10227050338323e-05,5.366122774430069,0.047619047619047616
2,"[1, 6]","1,6",25,component_26,0.01069526670060458,0.01069526670060458,0.0002443195699983747,-2.040775864085506e-05,-2.0148895501625006e-05,3.940524950027362e-05,-0.006569255175716066,0.2857142857142857
2,"[1, 6]","1,6",27,component_28,0.014350387710768926,0.014350387710768926,0.0002443195699983747,-2.4253798819911382e-05,-2.487083231277889e-05,3.8082343030177606e-05,0.016202613698914257,0.38095238095238093
2,"[1, 6]","1,6",28,component_29,0.043628706241854914,0.043628706241854914,0.0002443195699983747,0.0003485245521319541,-2.686860730652848e-05,3.7752062717132486e-05,9.94364631811557,0.047619047619047616
2,"[1, 6]","1,6",34,component_35,0.02160883909684398,0.02160883909684398,0.0002443195699983747,8.398847932867062e-05,-1.2835358466444858e-05,2.9368881838345297e-05,3.2968173023427148,0.09523809523809523
2,"[1, 6]","1,6",37,component_38,0.019291727412577828,0.019291727412577828,0.0002443195699983747,-2.4130199942067054e-05,-2.654559919344915e-05,4.579081743601255e-05,0.05274855061841476,0.2857142857142857
2,"[1, 6]","1,6",49,component_50,0.03172537792973444,0.03172537792973444,0.0002443195699983747,0.0001029280317364975,-1.8741706309287447e-05,3.448855943640064e-05,3.52782893904724,0.047619047619047616
2,"[1, 6]","1,6",50,component_51,0.014714844327348825,0.014714844327348825,0.0002443195699983747,0.00015790015999169772,-4.293030940288722e-05,5.090472302625402e-05,3.9452227112797957,0.047619047619047616
2,"[1, 6]","1,6",53,component_54,0.020390505044517657,0.020390505044517657,0.0002443195699983747,6.779156957468363e-05,-2.412158484851619e-05,3.983356710304941e-05,2.307429665674192,0.23809523809523808
2,"[1, 6]","1,6",57,component_58,0.009815246992762316,0.009815246992762316,0.0002443195699983747,2.7311632974213323e-05,-3.1385580798375063e-05,4.2687231106805656e-05,1.3750532009378853,0.38095238095238093
2,"[1, 6]","1,6",58,component_59,0.030602788956085446,0.030602788956085446,0.0002443195699983747,0.00025918376493671777,-2.154142871549626e-05,2.929237433872212e-05,9.583558860953048,0.047619047619047616
2,"[1, 7]","1,7",5,component_06,0.045224860748780876,0.045224860748780876,0.0002443195699983747,0.0003108054776803232,-2.916663250019452e-05,3.634629619344193e-05,9.35369338243218,0.047619047619047616
2,"[1, 7]","1,7",11,component_12,0.03413384633240975,0.03413384633240975,0.0002443195699983747,0.00011818418773697215,-1.3247796502699774e-05,2.792370738978595e-05,4.706824291094945,0.047619047619047616
2,"[1, 7]","1,7",18,component_19,0.05830238481335279,0.05830238481335279,0.0002443195699983747,0.0011647926620585378,-3.513435888708142e-05,4.641169513006914e-05,25.85397963989064,0.047619047619047616
2,"[1, 7]","1,7",19,component_20,0.01952398579885667,0.01952398579885667,0.0002443195699983747,5.9741997279889186e-05,-1.75077272273663e-05,3.2030038750994726e-05,2.4117899172025323,0.19047619047619047
2,"[1, 7]","1,7",26,component_27,0.02566671193090665,0.02566671193090665,0.0002443195699983747,8.736923406266889e-06,-1.667569412511625e-05,3.0119894821267746e-05,0.8437153476857169,0.2857142857142857
2,"[1, 7]","1,7",27,component_28,0.01359113194260569,0.01359113194260569,0.0002443195699983747,1.6620492468978967e-05,-2.9760487046626614e-05,4.004082659777144e-05,1.1583422086043302,0.47619047619047616
2,"[1, 7]","1,7",28,component_29,0.05054988860293118,0.05054988860293118,0.0002443195699983747,0.0011280630553722054,-3.9579500708836685e-05,4.331662771385066e-05,26.955989367281326,0.047619047619047616
2,"[1, 7]","1,7",34,component_35,0.03526676136329714,0.03526676136329714,0.0002443195699983747,3.4184718172028394e-05,-3.057132361082323e-05,4.0409196674371605e-05,1.6025075258158081,0.42857142857142855
2,"[1, 7]","1,7",37,component_38,0.022814282601945794,0.022814282601945794,0.0002443195699983747,0.00017262274835165223,-1.916170870285752e-05,3.424871087942267e-05,5.599756958144015,0.047619047619047616
2,"[1, 7]","1,7",47,component_48,0.014333369891291282,0.014333369891291282,0.0002443195699983747,-6.594544440300353e-05,-1.7282549557370732e-05,3.308662540073191e-05,-1.4707723817780558,0.09523809523809523
2,"[1, 7]","1,7",50,component_51,0.013624203808003405,0.013624203808003405,0.0002443195699983747,6.137785516535828e-05,-3.3512874921802014e-05,4.237368975889416e-05,2.2393785064998477,0.23809523809523808
2,"[1, 7]","1,7",53,component_54,0.06036703593302663,0.06036703593302663,0.0002443195699983747,0.0011773832552229371,-3.292474491002629e-05,4.358509112764111e-05,27.76885326655659,0.047619047619047616
2,"[1, 7]","1,7",57,component_58,0.00976975572007904,0.00976975572007904,0.0002443195699983747,8.30054249391192e-06,-1.6470546650167742e-05,3.146958715422631e-05,0.7871437595504951,0.2857142857142857
2,"[1, 7]","1,7",58,component_59,0.03399263881767006,0.03399263881767006,0.0002443195699983747,0.0006282946871657286,-3.367294665876186e-05,4.4876277403186524e-05,14.75094798699783,0.047619047619047616
2,"[1, 7]","1,7",59,component_60,0.013872983817436344,0.013872983817436344,0.0002443195699983747,7.370538366592225e-05,-2.8551170764974567e-05,3.733412974421756e-05,2.738956422219395,0.2857142857142857
2,"[1, 13]","1,13",0,component_01,0.008164819042860193,0.008164819042860193,0.0002443195699983747,-3.2467637590662124e-05,-2.4597557597876463e-05,2.6000482794505883e-05,-0.3026897636857987,0.42857142857142855
2,"[1, 13]","1,13",2,component_03,0.03301351334758378,0.03301351334758378,0.0002443195699983747,0.00035673244945180066,-2.2663244542446002e-05,4.244846924560367e-05,8.937794477324767,0.047619047619047616
2,"[1, 13]","1,13",3,component_04,0.014139914210198872,0.014139914210198872,0.0002443195699983747,-9.799331847987203e-05,-3.008649058923089e-05,4.820248900580667e-05,-1.4087826021278862,0.23809523809523808
2,"[1, 13]","1,13",6,component_07,0.011667169052547865,0.011667169052547865,0.0002443195699983747,8.27649267431882e-05,-2.402927463787027e-05,4.48994957622322e-05,2.378516719799998,0.19047619047619047
2,"[1, 13]","1,13",7,component_08,0.01824766292932816,0.01824766292932816,0.0002443195699983747,6.441506767814603e-06,-2.5001366531019203e-05,3.867030568302907e-05,0.8131012347449037,0.42857142857142855
2,"[1, 13]","1,13",11,component_12,0.03268252478143611,0.03268252478143611,0.0002443195699983747,-5.652886853647898e-06,-3.140265562963104e-05,4.64300769169074e-05,0.5545924212459451,0.47619047619047616
2,"[1, 13]","1,13",16,component_17,0.02663829127920269,0.02663829127920269,0.0002443195699983747,-0.00012117582653617398,-3.123054900161346e-05,4.6014233238971516e-05,-1.9547272920410597,0.09523809523809523
2,"[1, 13]","1,13",18,component_19,0.10657118916800586,0.10657118916800586,0.0002443195699983747,0.0025425128843383077,-1.8157108624025996e-05,3.214301547821493e-05,79.66489624154396,0.047619047619047616
2,"[1, 13]","1,13",19,component_20,0.017945343582942426,0.017945343582942426,0.0002443195699983747,1.562278494698227e-05,-1.5268766203623558e-05,3.178218775937778e-05,0.9719768627787695,0.2857142857142857
2,"[1, 13]","1,13",21,component_22,0.014564072584259066,0.014564072584259066,0.0002443195699983747,-0.00012092995282733318,-5.2208613254162565e-05,5.442521254870709e-05,-1.2626747118657442,0.14285714285714285
2,"[1, 13]","1,13",27,component_28,0.014649218103723343,0.014649218103723343,0.0002443195699983747,1.3538005513210119e-05,-4.438934237709591e-05,4.5010887145333714e-05,1.2869630341492029,0.6190476190476191
2,"[1, 13]","1,13",28,component_29,0.03939787647113571,0.03939787647113571,0.0002443195699983747,0.00022286472511742067,-2.7480362730029913e-05,4.024584236767237e-05,6.220396272498975,0.047619047619047616
2,"[1, 13]","1,13",29,component_30,0.044334405706208974,0.044334405706208974,0.0002443195699983747,2.0970636582441637e-05,-3.185363621704839e-05,4.1149054714683354e-05,1.2837299220057312,0.47619047619047616
2,"[1, 13]","1,13",37,component_38,0.02209335638208209,0.02209335638208209,0.0002443195699983747,7.797895801713375e-05,-2.0268361314940433e-05,3.906044112211232e-05,2.5152639476069787,0.14285714285714285
2,"[1, 13]","1,13",49,component_50,0.009100596349039217,0.009100596349039217,0.0002443195699983747,-2.780803695621309e-06,-4.0891617361749306e-05,5.050730840917344e-05,0.7545603768346144,0.5714285714285714
2,"[1, 13]","1,13",50,component_51,0.019589711823702026,0.019589711823702026,0.0002443195699983747,0.00013310057936511202,-2.956795292163678e-05,4.5429852015753355e-05,3.580652920250357,0.047619047619047616
2,"[1, 13]","1,13",53,component_54,0.013373413484483024,0.013373413484483024,0.0002443195699983747,2.995837941723034e-05,-3.289459109140313e-05,4.2935501810145074e-05,1.4638927660974064,0.42857142857142855
2,"[1, 13]","1,13",57,component_58,0.011075788966532659,0.011075788966532659,0.0002443195699983747,5.1635947622719405e-05,-3.0679992796950954e-05,4.638369278009137e-05,1.7746741470097371,0.3333333333333333
2,"[1, 13]","1,13",58,component_59,0.020485263393229022,0.020485263393229022,0.0002443195699983747,0.00011081341043632162,-2.6677769290949166e-05,3.944236264912158e-05,3.4858758576505515,0.09523809523809523
2,"[1, 14]","1,14",0,component_01,0.014809960363129277,0.014809960363129277,0.0002443195699983747,-2.442460647680486e-05,-1.5683318878558838e-05,3.0041167710226704e-05,-0.2909769581050702,0.19047619047619047
2,"[1, 14]","1,14",2,component_03,0.035764615975860836,0.035764615975860836,0.0002443195699983747,0.00033305654492026687,-3.19649803867759e-05,4.689284430146968e-05,7.7841626104049855,0.047619047619047616
2,"[1, 14]","1,14",6,component_07,0.024742134895009708,0.024742134895009708,0.0002443195699983747,0.00014350681005233581,-1.9844307715011287e-05,4.3810519421293583e-05,3.7285820831412515,0.047619047619047616
2,"[1, 14]","1,14",7,component_08,0.02144339313244436,0.02144339313244436,0.0002443195699983747,0.00015089715979679785,-3.715467083567975e-05,4.8041523987255044e-05,3.9143602247581892,0.047619047619047616
2,"[1, 14]","1,14",11,component_12,0.039774884179115816,0.039774884179115816,0.0002443195699983747,0.00048186939283521857,-4.713323539918905e-05,4.9677820305882925e-05,10.648668258332629,0.047619047619047616
2,"[1, 14]","1,14",18,component_19,0.011424343467949318,0.011424343467949318,0.0002443195699983747,1.348342582421086e-05,-1.792632445302373e-05,3.2509090803131124e-05,0.9661835966882639,0.3333333333333333
2,"[1, 14]","1,14",22,component_23,0.024939674179722114,0.024939674179722114,0.0002443195699983747,0.00026731891201671465,-1.3229241158518412e-05,3.0037716420064712e-05,9.339862899425716,0.047619047619047616
2,"[1, 14]","1,14",25,component_26,0.021990715687294958,0.021990715687294958,0.0002443195699983747,0.00013475072221175166,-3.14343800035451e-05,4.212287411557831e-05,3.9452460380389023,0.047619047619047616
2,"[1, 14]","1,14",27,component_28,0.014508696865409228,0.014508696865409228,0.0002443195699983747,4.071800940137933e-05,-4.0535168367234465e-05,4.860611648483138e-05,1.6716657006319495,0.42857142857142855
2,"[1, 14]","1,14",28,component_29,0.0366690863386028,0.0366690863386028,0.0002443195699983747,0.00011245969860092936,-4.504719150835308e-05,4.813820909350583e-05,3.2719723702918393,0.23809523809523808
2,"[1, 14]","1,14",37,component_38,0.022016866062011933,0.022016866062011933,0.0002443195699983747,0.00013027818629912993,-3.826000703562896e-05,4.1952552793740986e-05,4.017352511618877,0.047619047619047616
2,"[1, 14]","1,14",39,component_40,0.015809260819125023,0.015809260819125023,0.0002443195699983747,4.773618862285306e-05,-1.779380389344147e-05,3.0247432250650112e-05,2.16646464312309,0.19047619047619047
2,"[1, 14]","1,14",46,component_47,0.009588085925620193,0.009588085925620193,0.0002443195699983747,1.6534506552898925e-06,-2.615268807958153e-05,4.472082722499465e-05,0.6217715650691376,0.38095238095238093
2,"[1, 14]","1,14",50,component_51,0.01233983825175745,0.01233983825175745,0.0002443195699983747,2.2383590973689207e-05,-3.212289970490805e-05,4.467041427214483e-05,1.2201921913355953,0.42857142857142855
2,"[1, 14]","1,14",52,component_53,0.017588916967768993,0.017588916967768993,0.0002443195699983747,0.00016752699227118306,-2.47287995714008e-05,3.952902731610413e-05,4.86366108392095,0.047619047619047616
2,"[1, 14]","1,14",53,component_54,0.015543336181868513,0.015543336181868513,0.0002443195699983747,9.773203639622079e-05,-2.1395686727994776e-05,3.8236319111863085e-05,3.115564622622248,0.09523809523809523
2,"[1, 14]","1,14",57,component_58,0.011407673148704753,0.011407673148704753,0.0002443195699983747,4.213882273077299e-05,-2.379215055651686e-05,3.7870375844621174e-05,1.7409643241408228,0.2857142857142857
2,"[1, 14]","1,14",58,component_59,0.0181940775715522,0.0181940775715522,0.0002443195699983747,0.00010151838695103901,-1.802048900306278e-05,3.336377290250327e-05,3.582894425742025,0.047619047619047616
2,"[1, 14]","1,14",59,component_60,0.016558865540642734,0.016558865540642734,0.0002443195699983747,8.132326248620758e-05,-3.129381767256552e-05,4.6216462674934666e-05,2.436730845258968,0.23809523809523808
2,"[1, 15]","1,15",5,component_06,0.010458601610991724,0.010458601610991724,0.0002443195699983747,0.00017018051188291347,-9.256700694868061e-06,2.5322176489832456e-05,7.0861686257431495,0.047619047619047616
2,"[1, 15]","1,15",7,component_08,0.019808564221009222,0.019808564221009222,0.0002443195699983747,-7.665660584299169e-05,-2.961239207548327e-05,4.592376825989645e-05,-1.024397943593632,0.2857142857142857
2,"[1, 15]","1,15",9,component_10,0.015006165125917901,0.015006165125917901,0.0002443195699983747,-6.146077678056451e-05,-2.8003064435171675e-05,4.468436245892452e-05,-0.7487566232179854,0.23809523809523808
2,"[1, 15]","1,15",11,component_12,0.035936966941872,0.035936966941872,0.0002443195699983747,-3.90597286749339e-05,-2.495651199056781e-05,3.148879864755565e-05,-0.44788043018785884,0.38095238095238093
2,"[1, 15]","1,15",18,component_19,0.014611328905902799,0.014611328905902799,0.0002443195699983747,0.00023676431703968485,-1.8186404166644903e-05,3.325394461906259e-05,7.666781313522158,0.047619047619047616
2,"[1, 15]","1,15",19,component_20,0.013206286654192517,0.013206286654192517,0.0002443195699983747,0.00012983042932659776,-2.6049944948091902e-05,3.90015951835766e-05,3.996769197284787,0.047619047619047616
2,"[1, 15]","1,15",20,component_21,0.013320125870178291,0.013320125870178291,0.0002443195699983747,0.00024554701061204817,-2.516214284355766e-05,4.490262401117403e-05,6.028804761793872,0.047619047619047616
2,"[1, 15]","1,15",27,component_28,0.016057584332820243,0.016057584332820243,0.0002443195699983747,-7.683750486787294e-05,-3.333845220805093e-05,3.6796442695303306e-05,-1.1821537483941138,0.23809523809523808
2,"[1, 15]","1,15",28,component_29,0.03529686159127076,0.03529686159127076,0.0002443195699983747,-4.651833312026982e-05,-3.205822511004445e-05,4.586502283181792e-05,-0.31527528206513744,0.38095238095238093
2,"[1, 15]","1,15",31,component_32,0.007892523238537815,0.007892523238537815,0.0002443195699983747,-3.8590290134239355e-05,-2.9881100325741124e-05,4.1734655112954875e-05,-0.20868004743124874,0.38095238095238093
2,"[1, 15]","1,15",34,component_35,0.016209631828738455,0.016209631828738455,0.0002443195699983747,0.000105670561527927,-1.9557123706821177e-05,3.774603644096814e-05,3.3176380103006187,0.14285714285714285
2,"[1, 15]","1,15",35,component_36,0.027435018226501264,0.027435018226501264,0.0002443195699983747,-4.9802979129341673e-05,-1.7929507916420942e-05,4.039542588282738e-05,-0.7890366425489417,0.19047619047619047
2,"[1, 15]","1,15",37,component_38,0.02283564138105693,0.02283564138105693,0.0002443195699983747,0.00035970802585060663,-2.2852412995805053e-05,2.9481397204719017e-05,12.976333387115591,0.047619047619047616
2,"[1, 15]","1,15",38,component_39,0.011337998606253749,0.011337998606253749,0.0002443195699983747,-2.6429646583718547e-05,-3.676834339602229e-05,4.3833350370308455e-05,0.2358637139292665,0.47619047619047616
2,"[1, 15]","1,15",46,component_47,0.07198357793047111,0.07198357793047111,0.0002443195699983747,0.0001411344883271437,-1.2379443592019479e-05,2.766552557640752e-05,5.548925195553707,0.047619047619047616
2,"[1, 15]","1,15",50,component_51,0.01466896456777881,0.01466896456777881,0.0002443195699983747,-7.68151603466466e-05,-1.6032611372690637e-05,3.8697027910131745e-05,-1.570729129769724,0.14285714285714285
2,"[1, 15]","1,15",53,component_54,0.012667354667550507,0.012667354667550507,0.0002443195699983747,0.00016414790345861685,-2.588759138511808e-05,4.212649566588603e-05,4.511068196864649,0.047619047619047616
2,"[1, 15]","1,15",57,component_58,0.009563620313499763,0.009563620313499763,0.0002443195699983747,-0.00010257692391893447,-2.1031884906843723e-05,3.6030571359313756e-05,-2.263218037784785,0.09523809523809523
2,"[1, 15]","1,15",58,component_59,0.01616838244050453,0.01616838244050453,0.0002443195699983747,0.00012323084175567753,-1.7561312944216642e-05,2.811915096678248e-05,5.006984558894177,0.047619047619047616
2,"[1, 15]","1,15",59,component_60,0.021574942774802014,0.021574942774802014,0.0002443195699983747,-7.579253694232554e-05,-2.903477641287758e-05,4.2600154325604717e-05,-1.0975960362036605,0.23809523809523808
2,"[1, 16]","1,16",7,component_08,0.021767360511724856,0.021767360511724856,0.0002443195699983747,0.00023861200240623062,-3.229201382713819e-05,4.563170062051786e-05,5.936750385138164,0.047619047619047616
2,"[1, 16]","1,16",11,component_12,0.04313937334691633,0.04313937334691633,0.0002443195699983747,0.0008633005332623275,-3.791486153442139e-05,4.630700769339135e-05,19.461749736970475,0.047619047619047616
2,"[1, 16]","1,16",18,component_19,0.01095921710745114,0.01095921710745114,0.0002443195699983747,-0.00012110356115520825,-4.749008045168482e-05,4.980297245124827e-05,-1.4780941192934431,0.047619047619047616
2,"[1, 16]","1,16",19,component_20,0.03615330400899765,0.03615330400899765,0.0002443195699983747,0.00016197906281694568,-3.2098199093072517e-05,4.1904264140322046e-05,4.631444219140192,0.047619047619047616
2,"[1, 16]","1,16",21,component_22,0.007858631363857903,0.007858631363857903,0.0002443195699983747,-0.00012208968256384456,-1.2301090840847309e-05,1.877187178086487e-05,-5.848569231913803,0.047619047619047616
2,"[1, 16]","1,16",27,component_28,0.019316514607685905,0.019316514607685905,0.0002443195699983747,0.00025567305827949374,-2.4944860819549516e-05,4.246552596538959e-05,6.608134780380526,0.047619047619047616
2,"[1, 16]","1,16",28,component_29,0.042912156083417814,0.042912156083417814,0.0002443195699983747,0.00036866798858394695,-4.201053914214635e-05,5.100185160796033e-05,8.052227806999754,0.047619047619047616
2,"[1, 16]","1,16",29,component_30,0.007941505276020451,0.007941505276020451,0.0002443195699983747,3.011817312439935e-05,-3.586377869955186e-05,4.7837302345645254e-05,1.3792991784361708,0.42857142857142855
2,"[1, 16]","1,16",31,component_32,0.017149727382321428,0.017149727382321428,0.0002443195699983747,-1.3294204748579702e-05,-2.8744010961313686e-05,4.3985071474328944e-05,0.35125113350676196,0.42857142857142855
2,"[1, 16]","1,16",32,component_33,0.013852734486335078,0.013852734486335078,0.0002443195699983747,-1.3340742817467832e-05,-2.4363429460580545e-05,4.100475142571404e-05,0.2688148631526735,0.38095238095238093
2,"[1, 16]","1,16",36,component_37,0.021006262441778112,0.021006262441778112,0.0002443195699983747,0.00033198261388171085,-6.014457945967963e-06,1.514075232095265e-05,22.323664284497866,0.047619047619047616
2,"[1, 16]","1,16",37,component_38,0.02605719938074753,0.02605719938074753,0.0002443195699983747,0.0003909360770111593,-2.1150255210877556e-05,3.6833986041316426e-05,11.18766597130711,0.047619047619047616
2,"[1, 16]","1,16",39,component_40,0.01057833911070651,0.01057833911070651,0.0002443195699983747,-1.1220929807259986e-05,-3.105339811780212e-05,4.658138662423447e-05,0.425759509276267,0.38095238095238093
2,"[1, 16]","1,16",43,component_44,0.019052794041981243,0.019052794041981243,0.0002443195699983747,0.0001009171039691413,-2.358179132349737e-05,3.950979734736553e-05,3.151089189298009,0.14285714285714285
2,"[1, 16]","1,16",50,component_51,0.01241801307872895,0.01241801307872895,0.0002443195699983747,-1.260054852805434e-05,-2.6308319782253655e-05,3.374462814969886e-05,0.4062208418296541,0.47619047619047616
2,"[1, 16]","1,16",53,component_54,0.015566049285333526,0.015566049285333526,0.0002443195699983747,3.279221650528616e-05,-2.761763465733149e-05,4.180519671141826e-05,1.4450320992298524,0.3333333333333333
2,"[1, 16]","1,16",57,component_58,0.02805843629500992,0.02805843629500992,0.0002443195699983747,0.0005063835739965647,-8.171751324346267e-06,2.0136568193754086e-05,25.55327801489603,0.047619047619047616
2,"[1, 16]","1,16",58,component_59,0.01829899115494578,0.01829899115494578,0.0002443195699983747,0.0001652689609952067,-1.4975306378756234e-05,2.9709911186822222e-05,6.066805997518766,0.047619047619047616
2,"[1, 18]","1,18",7,component_08,0.04163023496774238,0.04163023496774238,0.0002443195699983747,9.24305554937041e-05,-2.2117523774187056e-05,3.8997982881787684e-05,2.93728215674934,0.14285714285714285
2,"[1, 18]","1,18",11,component_12,0.03720397774138706,0.03720397774138706,0.0002443195699983747,0.0007224237163933472,-2.9128697372278657e-05,4.617488185805646e-05,16.276217361550156,0.047619047619047616
2,"[1, 18]","1,18",16,component_17,0.043996912217462825,0.043996912217462825,0.0002443195699983747,-0.00011034960950175032,-1.2082746479647036e-05,2.320843695478041e-05,-4.2341008665757025,0.047619047619047616
2,"[1, 18]","1,18",27,component_28,0.030237106522339414,0.030237106522339414,0.0002443195699983747,0.0010213197130945484,-3.938406945698754e-05,4.179891086457385e-05,25.376349780695417,0.047619047619047616
2,"[1, 18]","1,18",28,component_29,0.036459939356782364,0.036459939356782364,0.0002443195699983747,-0.0001600359193334039,-3.164817125913624e-05,4.3119868939925986e-05,-2.977461463371693,0.047619047619047616
2,"[1, 18]","1,18",29,component_30,0.030758662774076902,0.030758662774076902,0.0002443195699983747,-0.00011331484124470215,-4.277112019322671e-05,4.645907490601382e-05,-1.5184056332198732,0.14285714285714285
2,"[1, 18]","1,18",33,component_34,0.02622465561127313,0.02622465561127313,0.0002443195699983747,0.0007702314444233277,-3.1304119615024696e-05,4.6511787781768105e-05,17.2329553918489,0.047619047619047616
2,"[1, 18]","1,18",37,component_38,0.022063265309420634,0.022063265309420634,0.0002443195699983747,0.0003986564156976194,-2.9596185306573325e-05,4.027319284146733e-05,10.633688833412831,0.047619047619047616
2,"[1, 18]","1,18",41,component_42,0.02663038279422558,0.02663038279422558,0.0002443195699983747,-0.00015769943439139164,-1.9677656015063786e-05,3.6215930770889566e-05,-3.8110791422008687,0.047619047619047616
2,"[1, 18]","1,18",44,component_45,0.05826810181023825,0.05826810181023825,0.0002443195699983747,0.000164848601292171,-3.909914932855058e-05,4.4155953983911256e-05,4.618805216959696,0.047619047619047616
2,"[1, 18]","1,18",50,component_51,0.013235435980736083,0.013235435980736083,0.0002443195699983747,-0.00012595430805551443,-2.8205908614328693e-05,3.8354661176373456e-05,-2.5485402932303556,0.047619047619047616
2,"[1, 18]","1,18",53,component_54,0.013729460511359402,0.013729460511359402,0.0002443195699983747,-0.00014895548926961537,-3.193460595157147e-05,4.52878380070935e-05,-2.5839361839201676,0.047619047619047616
2,"[1, 18]","1,18",56,component_57,0.027271050703777985,0.027271050703777985,0.0002443195699983747,-0.00012102843468844021,-3.575231418031008e-05,4.672773597032016e-05,-1.8249572494223683,0.047619047619047616
2,"[1, 18]","1,18",57,component_58,0.02665311420897433,0.02665311420897433,0.0002443195699983747,-0.00014311173839421168,-2.0502478612400798e-05,2.8390598893732855e-05,-4.31865703998504,0.047619047619047616
2,"[1, 18]","1,18",58,component_59,0.03181969510218664,0.03181969510218664,0.0002443195699983747,-7.817167873855335e-05,-3.8509816392690355e-05,4.5966780835078595e-05,-0.8628375018943216,0.2857142857142857
2,"[1, 24]","1,24",0,component_01,0.012711048597385408,0.012711048597385408,0.0002443195699983747,-3.1285462765307664e-06,-1.1218564293117101e-05,2.6712867205404503e-05,0.3028509801804269,0.42857142857142855
2,"[1, 24]","1,24",2,component_03,0.020953579026461083,0.020953579026461083,0.0002443195699983747,0.0003441564226857527,-2.0236105943523747e-05,4.103500255665173e-05,8.880041572465036,0.047619047619047616
2,"[1, 24]","1,24",6,component_07,0.02015258277713775,0.02015258277713775,0.0002443195699983747,0.00025037012837824876,-3.1379844106490216e-05,4.165118765014653e-05,6.764512331588887,0.047619047619047616
2,"[1, 24]","1,24",7,component_08,0.036785761001345896,0.036785761001345896,0.0002443195699983747,0.0010523514016560973,-3.616402634379638e-05,4.679418645881192e-05,23.261766265730493,0.047619047619047616
2,"[1, 24]","1,24",10,component_11,0.0158331849384592,0.0158331849384592,0.0002443195699983747,-4.8908823241967936e-05,-1.7566819402985054e-05,3.162655946651297e-05,-0.9910026372665866,0.19047619047619047
2,"[1, 24]","1,24",11,component_12,0.03302544005515237,0.03302544005515237,0.0002443195699983747,9.945945455144822e-05,-3.115585221924657e-05,4.874875032972814e-05,2.6793570273542473,0.23809523809523808
2,"[1, 24]","1,24",12,component_13,0.02276162612390492,0.02276162612390492,0.0002443195699983747,0.0002740821244506947,-1.3464516411642637e-05,3.051500511583603e-05,9.423122813540427,0.047619047619047616
2,"[1, 24]","1,24",14,component_15,0.07402929542297224,0.07402929542297224,0.0002443195699983747,0.0011498725917014618,-2.4979461664978865e-05,4.4910162707903285e-05,26.160048918275024,0.047619047619047616
2,"[1, 24]","1,24",17,component_18,0.013318955983576084,0.013318955983576084,0.0002443195699983747,6.953276906304304e-05,-4.035102274742749e-05,5.23337338785468e-05,2.099674219032081,0.3333333333333333
2,"[1, 24]","1,24",18,component_19,0.012636195736622745,0.012636195736622745,0.0002443195699983747,0.00012106925326563212,-3.6722088459953845e-05,5.035683764639581e-05,3.133464075595691,0.047619047619047616
2,"[1, 24]","1,24",27,component_28,0.013288123319049567,0.013288123319049567,0.0002443195699983747,-2.8060344660539582e-05,-4.226580030679435e-05,4.481931371344825e-05,0.3169494235694276,0.5714285714285714
2,"[1, 24]","1,24",28,component_29,0.03590952925328986,0.03590952925328986,0.0002443195699983747,0.00014375169545948613,-4.461388805281222e-05,4.734944336932505e-05,3.978200589245563,0.047619047619047616
2,"[1, 24]","1,24",33,component_34,0.040091696592293495,0.040091696592293495,0.0002443195699983747,0.0008871557699610053,-3.343516523305535e-05,3.569492533071737e-05,25.79052699129317,0.047619047619047616
2,"[1, 24]","1,24",37,component_38,0.03105684261450401,0.03105684261450401,0.0002443195699983747,0.0007618157398195241,-1.8537968050228976e-05,2.986918130490667e-05,26.125714658994113,0.047619047619047616
2,"[1, 24]","1,24",50,component_51,0.015351225154115371,0.015351225154115371,0.0002443195699983747,-4.317898826709278e-05,-3.114628976643215e-05,3.800825116853633e-05,-0.3165812193595857,0.38095238095238093
2,"[1, 24]","1,24",53,component_54,0.013979357333369547,0.013979357333369547,0.0002443195699983747,-4.643159775064541e-05,-2.842371228927459e-05,4.23839703348176e-05,-0.424874907166913,0.3333333333333333
2,"[1, 24]","1,24",57,component_58,0.009914072995109074,0.009914072995109074,0.0002443195699983747,4.345770493424314e-05,-3.599323688251967e-05,4.206088746871909e-05,1.8889506759896806,0.42857142857142855
2,"[1, 24]","1,24",58,component_59,0.015393328725450238,0.015393328725450238,0.0002443195699983747,4.121344022299349e-05,-2.2893764588020026e-06,1.0679483458080863e-05,4.073494458093677,0.047619047619047616
2,"[1, 29]","1,29",7,component_08,0.029543384163583153,0.029543384163583153,0.0002443195699983747,0.0005398084861681467,-4.194495751657807e-05,4.3825382087267006e-05,13.274349611517637,0.047619047619047616
2,"[1, 29]","1,29",11,component_12,0.0681093683189258,0.0681093683189258,0.0002443195699983747,0.0026039589582705636,-2.719892064276592e-05,4.434655195204176e-05,59.331735232961854,0.047619047619047616
2,"[1, 29]","1,29",18,component_19,0.022703792256202754,0.022703792256202754,0.0002443195699983747,0.0003539128494647152,-2.656111007626879e-05,3.98104065859937e-05,9.557148297873558,0.047619047619047616
2,"[1, 29]","1,29",27,component_28,0.021887380539515465,0.021887380539515465,0.0002443195699983747,0.00014759026976314885,-3.733537632065844e-05,4.3719957017163677e-05,4.229776484254291,0.047619047619047616
2,"[1, 29]","1,29",28,component_29,0.03675320845066962,0.03675320845066962,0.0002443195699983747,5.165354283236112e-05,-4.5632472553488906e-05,5.1381869685159454e-05,1.8933918906020073,0.42857142857142855
2,"[1, 29]","1,29",36,component_37,0.018006993128096727,0.018006993128096727,0.0002443195699983747,9.431781013274909e-05,-1.466041773036683e-05,2.5232831863011548e-05,4.318905957712403,0.047619047619047616
2,"[1, 29]","1,29",37,component_38,0.03596282646873496,0.03596282646873496,0.0002443195699983747,0.0007941635845524486,-1.606466962346416e-05,3.403883519465616e-05,23.803054644569993,0.047619047619047616
2,"[1, 29]","1,29",42,component_43,0.012559071727034804,0.012559071727034804,0.0002443195699983747,7.49116128661749e-05,-1.9149109486652247e-05,3.655006189031984e-05,2.5734764180451033,0.14285714285714285
2,"[1, 29]","1,29",43,component_44,0.08886785091682226,0.08886785091682226,0.0002443195699983747,0.00015955092747969857,-2.3057583210975346e-05,3.5941658012482915e-05,5.080692455179783,0.047619047619047616
2,"[1, 29]","1,29",44,component_45,0.03149997986593694,0.03149997986593694,0.0002443195699983747,2.9779177245690958e-05,-2.0450095869463246e-05,3.155846571100415e-05,1.59162595466863,0.3333333333333333
2,"[1, 29]","1,29",50,component_51,0.01218851617610804,0.01218851617610804,0.0002443195699983747,3.561673172309751e-05,-2.4938923642223486e-05,4.0793490030173354e-05,1.4844440944015906,0.2857142857142857
2,"[1, 29]","1,29",53,component_54,0.019347128051741304,0.019347128051741304,0.0002443195699983747,0.00026663921569074905,-2.3611306906448956e-05,3.760481313794674e-05,7.718440762688124,0.047619047619047616
2,"[1, 29]","1,29",57,component_58,0.019826711141297762,0.019826711141297762,0.0002443195699983747,0.0002806663345282165,-1.999363835050687e-05,3.930044473243969e-05,7.650294415893726,0.047619047619047616
2,"[1, 29]","1,29",58,component_59,0.016035109798949343,0.016035109798949343,0.0002443195699983747,5.425275819367567e-05,-1.2001731439215967e-05,2.5629487174467584e-05,2.585088385962525,0.09523809523809523
2,"[1, 29]","1,29",59,component_60,0.014647302635681595,0.014647302635681595,0.0002443195699983747,1.8232704661731713e-05,-2.5774965862984245e-05,3.5829328341051585e-05,1.2282583169245183,0.42857142857142855
2,"[1, 32]","1,32",7,component_08,0.01779913714387963,0.01779913714387963,0.0002443195699983747,-3.159681441430168e-05,-2.8425460419025713e-05,3.808168481124541e-05,-0.08327767038131341,0.38095238095238093
2,"[1, 32]","1,32",11,component_12,0.04643376293984801,0.04643376293984801,0.0002443195699983747,0.0012538943096131877,-2.634845755988157e-05,4.4517216437267544e-05,28.758374166928263,0.047619047619047616
2,"[1, 32]","1,32",16,component_17,0.018509357581479376,0.018509357581479376,0.0002443195699983747,-0.0001191808726976537,-6.213731321625492e-06,2.7115519568552733e-05,-4.166143344236045,0.09523809523809523
2,"[1, 32]","1,32",18,component_19,0.03192444559495035,0.03192444559495035,0.0002443195699983747,0.000747455353072541,-2.7256196578357773e-05,4.05798134118461e-05,19.09105746219977,0.047619047619047616
2,"[1, 32]","1,32",19,component_20,0.02611634619774042,0.02611634619774042,0.0002443195699983747,-3.5943752487589686e-05,-1.8912597704801185e-05,3.60708664654907e-05,-0.4721581833661343,0.23809523809523808
2,"[1, 32]","1,32",21,component_22,0.011232810196023249,0.011232810196023249,0.0002443195699983747,-0.00012214054495131993,-3.278051858139832e-05,4.731416604500993e-05,-1.8886526771900298,0.047619047619047616
2,"[1, 32]","1,32",26,component_27,0.010045562233909063,0.010045562233909063,0.0002443195699983747,3.8919188821619904e-05,-3.0604609927504045e-05,4.093969316993639e-05,1.6982002884227276,0.38095238095238093
2,"[1, 32]","1,32",27,component_28,0.03240980631852421,0.03240980631852421,0.0002443195699983747,0.00023535862361370036,-2.589051075959322e-05,3.652533583850753e-05,7.152545715893644,0.047619047619047616
2,"[1, 32]","1,32",28,component_29,0.03576766367058766,0.03576766367058766,0.0002443195699983747,-3.8362339544739665e-05,-3.369967927426142e-05,4.93395140647807e-05,-0.09450154422591933,0.38095238095238093
2,"[1, 32]","1,32",36,component_37,0.03616009782440717,0.03616009782440717,0.0002443195699983747,0.00022803867556403512,-2.159612225226408e-05,3.561370178456501e-05,7.009515588309076,0.047619047619047616
2,"[1, 32]","1,32",37,component_38,0.019588388438024375,0.019588388438024375,0.0002443195699983747,9.164752965833481e-05,-2.046710885308151e-05,4.1033909861806216e-05,2.7322436221406976,0.19047619047619047
2,"[1, 32]","1,32",42,component_43,0.024685691732657694,0.024685691732657694,0.0002443195699983747,0.00020128130354976972,-3.701585210218888e-05,4.355108687017278e-05,5.471669544375097,0.047619047619047616
2,"[1, 32]","1,32",43,component_44,0.023601059393669903,0.023601059393669903,0.0002443195699983747,-3.6296581870175204e-05,-1.3952431274903156e-05,2.8657960582920952e-05,-0.7796839042548026,0.23809523809523808
2,"[1, 32]","1,32",50,component_51,0.011567171805106833,0.011567171805106833,0.0002443195699983747,-0.00011569060969054447,-2.2331566570697252e-05,4.096423394905309e-05,-2.279037934310139,0.14285714285714285
2,"[1, 32]","1,32",53,component_54,0.011473568856960995,0.011473568856960995,0.0002443195699983747,7.73258748313077e-05,-1.9257791111561082e-05,3.471784261709063e-05,2.781960475139758,0.19047619047619047
2,"[1, 32]","1,32",57,component_58,0.010342806590622563,0.010342806590622563,0.0002443195699983747,-3.363217939896142e-05,-1.839852209543376e-05,3.627384962905886e-05,-0.41996252008841173,0.19047619047619047
2,"[1, 32]","1,32",58,component_59,0.01527863267963209,0.01527863267963209,0.0002443195699983747,-2.005523032471042e-05,-1.900395554945154e-05,3.527875746479586e-05,-0.02979908734903518,0.23809523809523808
2,"[1, 35]","1,35",0,component_01,0.014096670180258782,0.014096670180258782,0.0002443195699983747,2.566737861301252e-05,-2.6243299199000325e-05,4.276276855239774e-05,1.2139222872907787,0.3333333333333333
2,"[1, 35]","1,35",5,component_06,0.0132425000152907,0.0132425000152907,0.0002443195699983747,-0.0001589787566587328,-8.785045157191886e-06,2.228083191170379e-05,-6.740938224243162,0.047619047619047616
2,"[1, 35]","1,35",7,component_08,0.018780569879945697,0.018780569879945697,0.0002443195699983747,0.00022612948441338987,-2.8808582138209957e-05,4.346858189858765e-05,5.864881149018645,0.047619047619047616
2,"[1, 35]","1,35",8,component_09,0.021851700252207402,0.021851700252207402,0.0002443195699983747,0.00019634611894001758,-1.549121197343701e-05,2.9506688534918213e-05,7.179298709266081,0.047619047619047616
2,"[1, 35]","1,35",11,component_12,0.03416130705119373,0.03416130705119373,0.0002443195699983747,-0.0001823962216326372,-3.1586976842326035e-05,3.933481540353608e-05,-3.8339888783805978,0.047619047619047616
2,"[1, 35]","1,35",15,component_16,0.015697069406417605,0.015697069406417605,0.0002443195699983747,0.0002801329239324919,-2.3384649958636355e-05,3.2269704333452034e-05,9.405650908815119,0.047619047619047616
2,"[1, 35]","1,35",18,component_19,0.014155467857929947,0.014155467857929947,0.0002443195699983747,-0.00016508661578724763,-2.6768506936281088e-05,4.349183512480461e-05,-3.1803235815193243,0.047619047619047616
2,"[1, 35]","1,35",20,component_21,0.020398238507409884,0.020398238507409884,0.0002443195699983747,-0.00019108052751583976,-3.585833874888946e-05,4.822565381247936e-05,-3.218664268824976,0.047619047619047616
2,"[1, 35]","1,35",23,component_24,0.01825904053556432,0.01825904053556432,0.0002443195699983747,0.0005295527343908944,-4.640112592377778e-05,5.3067954750990715e-05,10.853138452710386,0.047619047619047616
2,"[1, 35]","1,35",25,component_26,0.01930605184763232,0.01930605184763232,0.0002443195699983747,0.0004010847174734482,-2.0066818669421958e-05,4.214166243786077e-05,9.993709592351074,0.047619047619047616
2,"[1, 35]","1,35",27,component_28,0.013543779914850725,0.013543779914850725,0.0002443195699983747,-7.953568737608697e-05,-5.019177405196782e-05,5.053047041668984e-05,-0.5807172005750233,0.38095238095238093
2,"[1, 35]","1,35",28,component_29,0.03519066273696897,0.03519066273696897,0.0002443195699983747,-0.0001007727710467532,-2.164175688351363e-05,4.0364956417049327e-05,-1.9603889409828832,0.14285714285714285
2,"[1, 35]","1,35",37,component_38,0.018914240583145833,0.018914240583145833,0.0002443195699983747,-5.177273245458511e-05,-4.2914869193417066e-05,4.270329214265433e-05,-0.20742811190241547,0.38095238095238093
2,"[1, 35]","1,35",40,component_41,0.017546783817679393,0.017546783817679393,0.0002443195699983747,0.0001171623056123415,-3.909095878222552e-05,5.0724097168009964e-05,3.080454322863944,0.09523809523809523
2,"[1, 35]","1,35",45,component_46,0.009125116338975482,0.009125116338975482,0.0002443195699983747,-7.334930158844205e-05,-3.1428652985884885e-05,4.4349797655104245e-05,-0.945227505400636,0.23809523809523808
2,"[1, 35]","1,35",47,component_48,0.015447279591397113,0.015447279591397113,0.0002443195699983747,-2.566223138524351e-05,-3.891292128156331e-05,4.514818760217927e-05,0.29349328511428874,0.47619047619047616
2,"[1, 35]","1,35",50,component_51,0.01469093630001865,0.01469093630001865,0.0002443195699983747,-0.0001665655695784994,-3.028168732122391e-05,4.124339600013149e-05,-3.304380712413716,0.047619047619047616
2,"[1, 35]","1,35",53,component_54,0.012609951156400673,0.012609951156400673,0.0002443195699983747,-0.00014418752081940545,-1.1961916078201665e-05,3.1994076570377174e-05,-4.1328151619049835,0.047619047619047616
2,"[1, 35]","1,35",57,component_58,0.01268678667505947,0.01268678667505947,0.0002443195699983747,-0.0001578810663204252,-2.46242494215806e-05,3.611223994295222e-05,-3.690073424117559,0.047619047619047616
2,"[1, 35]","1,35",58,component_59,0.02298836370219143,0.02298836370219143,0.0002443195699983747,-0.00019150171751122422,-9.079519110493256e-06,2.471547487586394e-05,-7.3808898804075405,0.047619047619047616
2,"[5, 6]","5,6",0,component_01,0.009794451530152192,0.009794451530152192,0.0002443195699983747,0.00011190702473592128,-2.8102037741767956e-05,4.902624877789136e-05,2.8557979851158226,0.19047619047619047
2,"[5, 6]","5,6",2,component_03,0.04378084416015225,0.04378084416015225,0.0002443195699983747,5.27741519125019e-05,-2.4950254378792515e-05,4.013629024219032e-05,1.9365119651639442,0.2857142857142857
2,"[5, 6]","5,6",7,component_08,0.01084356538082194,0.01084356538082194,0.0002443195699983747,0.00011190969486475112,-2.0051915369301162e-05,3.166249572014038e-05,4.167757696690727,0.047619047619047616
2,"[5, 6]","5,6",10,component_11,0.009637588303547433,0.009637588303547433,0.0002443195699983747,-0.00010050957031238969,-2.1305475696274645e-05,3.233705627084801e-05,-2.4493291520637843,0.09523809523809523
2,"[5, 6]","5,6",13,component_14,0.018053357091885915,0.018053357091885915,0.0002443195699983747,5.6083406100589095e-05,-2.6147012125514977e-05,3.854376122417516e-05,2.133430044562648,0.2857142857142857
2,"[5, 6]","5,6",15,component_16,0.017491219578113948,0.017491219578113948,0.0002443195699983747,0.00020751569281188958,-1.6809563606781814e-05,3.558529192840132e-05,6.303875681841267,0.047619047619047616
2,"[5, 6]","5,6",19,component_20,0.021006306724908788,0.021006306724908788,0.0002443195699983747,-0.00012204283348447864,-3.1805793193818134e-05,3.7607798150917883e-05,-2.3994236495458887,0.047619047619047616
2,"[5, 6]","5,6",20,component_21,0.012132020830706254,0.012132020830706254,0.0002443195699983747,-2.0672366761027156e-05,-4.141057257320075e-05,5.409561834808804e-05,0.38336202534426833,0.42857142857142855
2,"[5, 6]","5,6",25,component_26,0.013082901141155531,0.013082901141155531,0.0002443195699983747,-5.861979545484022e-06,-2.3129587946649742e-05,3.619821498838608e-05,0.4770292791151691,0.38095238095238093
2,"[5, 6]","5,6",26,component_27,0.01519997586531399,0.01519997586531399,0.0002443195699983747,-1.3707097674302629e-05,-2.7596841655718134e-05,4.25849552334387e-05,0.3261655179693357,0.38095238095238093
2,"[5, 6]","5,6",28,component_29,0.010378797066429662,0.010378797066429662,0.0002443195699983747,0.00010301355691865431,-3.4938082326270255e-05,4.803010326542851e-05,2.8721911856521136,0.19047619047619047
2,"[5, 6]","5,6",34,component_35,0.02094252244499957,0.02094252244499957,0.0002443195699983747,-4.0849055478395235e-05,-1.844572089090117e-05,3.935332703569066e-05,-0.5692869262915392,0.23809523809523808
2,"[5, 6]","5,6",38,component_39,0.010146626476365758,0.010146626476365758,0.0002443195699983747,-0.0001027443996891031,-3.163938787763188e-05,4.3361063914126914e-05,-1.6398354974012848,0.14285714285714285
2,"[5, 6]","5,6",48,component_49,0.010146094009297871,0.010146094009297871,0.0002443195699983747,7.47829878033554e-05,-2.9016846961573102e-05,4.235079673168926e-05,2.450953530403351,0.23809523809523808
2,"[5, 6]","5,6",49,component_50,0.03243762180246165,0.03243762180246165,0.0002443195699983747,-5.09049219039881e-06,-4.8324885810830116e-05,4.555448293215283e-05,0.9490700110639609,0.6666666666666666
2,"[5, 6]","5,6",51,component_52,0.03779368143209847,0.03779368143209847,0.0002443195699983747,-1.3775914678895718e-05,-1.1821650643606378e-05,2.543621177401377e-05,-0.07682999546677237,0.2857142857142857
2,"[5, 6]","5,6",53,component_54,0.01392783597512746,0.01392783597512746,0.0002443195699983747,0.00017505086884971564,-2.679982617464831e-05,4.843226151292119e-05,4.167690888655126,0.047619047619047616
2,"[5, 6]","5,6",55,component_56,0.010956720388950484,0.010956720388950484,0.0002443195699983747,-2.2515268845986133e-05,-2.3980908898061127e-05,4.0495943344881734e-05,0.03619226843520946,0.3333333333333333
2,"[5, 6]","5,6",58,component_59,0.02801051841512022,0.02801051841512022,0.0002443195699983747,0.00019892919407028808,-1.808449438863213e-05,3.5036506723030216e-05,6.19393052436568,0.047619047619047616
2,"[5, 7]","5,7",0,component_01,0.012450168809819116,0.012450168809819116,0.0002443195699983747,-0.00027247636219903185,-2.4618372555720574e-05,3.887396429014041e-05,-6.375938090424583,0.047619047619047616
2,"[5, 7]","5,7",13,component_14,0.023425703256540933,0.023425703256540933,0.0002443195699983747,-0.0003609973108833729,-2.9393482172519225e-05,3.85869808561513e-05,-8.59367126821977,0.047619047619047616
2,"[5, 7]","5,7",15,component_16,0.014242991672979006,0.014242991672979006,0.0002443195699983747,-0.00015501180844062872,-9.682821769557802e-06,2.7850416617428218e-05,-5.218197941790466,0.047619047619047616
2,"[5, 7]","5,7",18,component_19,0.050126984443305184,0.050126984443305184,0.0002443195699983747,-0.00038662254003776764,-3.6471862063297276e-05,4.9944475961087534e-05,-7.010798916926826,0.047619047619047616
2,"[5, 7]","5,7",19,component_20,0.018252852360523583,0.018252852360523583,0.0002443195699983747,-0.00010205583956228448,-2.318253639034416e-05,3.519026083245165e-05,-2.2413389757885844,0.047619047619047616
2,"[5, 7]","5,7",26,component_27,0.037758339020673895,0.037758339020673895,0.0002443195699983747,-0.0003550723060007019,-2.024586324002002e-05,3.815059692910502e-05,-8.7764404678356,0.047619047619047616
2,"[5, 7]","5,7",28,component_29,0.016166059624567478,0.016166059624567478,0.0002443195699983747,-0.00025136774277954854,-2.0734254485640597e-05,3.289454574086494e-05,-7.01129877611873,0.047619047619047616
2,"[5, 7]","5,7",34,component_35,0.03457686889569955,0.03457686889569955,0.0002443195699983747,-0.00011422863238821912,-2.108318494168832e-05,3.533394328720065e-05,-2.6361464014765588,0.047619047619047616
2,"[5, 7]","5,7",38,component_39,0.013146856191465883,0.013146856191465883,0.0002443195699983747,-0.0002513060004415667,-3.986774039073068e-05,4.444938229981254e-05,-4.756832358764358,0.047619047619047616
2,"[5, 7]","5,7",47,component_48,0.016909032319444735,0.016909032319444735,0.0002443195699983747,0.00040381132632440545,-2.183540973531117e-05,3.659192133094992e-05,11.632259815220445,0.047619047619047616
2,"[5, 7]","5,7",48,component_49,0.009339601232203038,0.009339601232203038,0.0002443195699983747,-0.0001253823875905502,-3.428943532403851e-05,4.878497946351399e-05,-1.8672335884580948,0.047619047619047616
2,"[5, 7]","5,7",51,component_52,0.03864724459786595,0.03864724459786595,0.0002443195699983747,-0.00032692027482574687,-4.07719883746496e-05,4.727506694857654e-05,-6.052837254833612,0.047619047619047616
2,"[5, 7]","5,7",53,component_54,0.052232943232085965,0.052232943232085965,0.0002443195699983747,-0.00038678107705249903,-3.052329115831041e-05,4.826390077608682e-05,-7.381454465253307,0.047619047619047616
2,"[5, 7]","5,7",55,component_56,0.013308692250793924,0.013308692250793924,0.0002443195699983747,-0.000250611682327144,-2.8261800227228014e-05,3.640939478288465e-05,-6.106937053632057,0.047619047619047616
2,"[5, 7]","5,7",58,component_59,0.03223584804162122,0.03223584804162122,0.0002443195699983747,0.0014035198812156757,-3.2370793737818856e-05,4.5167437677763535e-05,31.79039477947629,0.047619047619047616
2,"[5, 7]","5,7",59,component_60,0.014857196756563579,0.014857196756563579,0.0002443195699983747,-0.0002770976131975054,-2.7414742695789944e-05,4.2029744735377615e-05,-5.940623053357505,0.047619047619047616
2,"[5, 13]","5,13",0,component_01,0.014633252120119403,0.014633252120119403,0.0002443195699983747,-1.2242304442886681e-05,-2.6883857256784195e-05,3.9820542956364915e-05,0.3676884273009946,0.38095238095238093
2,"[5, 13]","5,13",2,component_03,0.029956506032207234,0.029956506032207234,0.0002443195699983747,-4.817188247178972e-06,-4.8726047156119776e-05,5.1321751280432354e-05,0.8555604166548016,0.5238095238095238
2,"[5, 13]","5,13",3,component_04,0.015173033862539986,0.015173033862539986,0.0002443195699983747,-3.36966126103979e-05,-1.9369390670664286e-05,4.1164260843819784e-05,-0.3480500231521742,0.23809523809523808
2,"[5, 13]","5,13",6,component_07,0.010897858904425621,0.010897858904425621,0.0002443195699983747,-3.3481671642240224e-05,-2.0978857176423233e-05,3.8123356884909355e-05,-0.3279568088288172,0.2857142857142857
2,"[5, 13]","5,13",7,component_08,0.00885196948335643,0.00885196948335643,0.0002443195699983747,-2.8828550643227036e-05,-1.728283045173429e-05,3.485574896833229e-05,-0.3312429235700099,0.23809523809523808
2,"[5, 13]","5,13",15,component_16,0.01404909423575665,0.01404909423575665,0.0002443195699983747,-2.8767606541508714e-05,-2.723272600726988e-05,4.2344230278171856e-05,-0.0362476900431475,0.3333333333333333
2,"[5, 13]","5,13",16,component_17,0.028029742038011153,0.028029742038011153,0.0002443195699983747,-2.546081441731282e-05,-1.451337121264323e-05,3.1423413181126155e-05,-0.34838491737253274,0.2857142857142857
2,"[5, 13]","5,13",18,component_19,0.09796042674806549,0.09796042674806549,0.0002443195699983747,0.0005557356323492302,-2.2452872972728347e-05,3.6174022520384425e-05,15.983528096609756,0.047619047619047616
2,"[5, 13]","5,13",19,component_20,0.016698379109347718,0.016698379109347718,0.0002443195699983747,-0.00012200608715681391,-5.711772385397284e-06,1.975842628589359e-05,-5.88580857041455,0.047619047619047616
2,"[5, 13]","5,13",21,component_22,0.015444387186451558,0.015444387186451558,0.0002443195699983747,-3.333552112852467e-05,-2.89845439971831e-05,4.4777883697208794e-05,-0.09716799393118226,0.2857142857142857
2,"[5, 13]","5,13",26,component_27,0.015063958561324005,0.015063958561324005,0.0002443195699983747,0.00015535768691672322,-4.689178652695773e-06,2.1581885325629646e-05,7.415796310406429,0.047619047619047616
2,"[5, 13]","5,13",29,component_30,0.04654992025142015,0.04654992025142015,0.0002443195699983747,0.00040398520068680305,-3.339236729237317e-05,3.395480628639175e-05,12.88116811181651,0.047619047619047616
2,"[5, 13]","5,13",38,component_39,0.0111534064553348,0.0111534064553348,0.0002443195699983747,-3.2413037929206884e-05,-6.350952685871181e-06,2.1180606355822632e-05,-1.2304692701194142,0.09523809523809523
2,"[5, 13]","5,13",48,component_49,0.009001637213061374,0.009001637213061374,0.0002443195699983747,3.0589620415907154e-05,-3.172033815908469e-05,4.474380396220965e-05,1.3925941260519212,0.38095238095238093
2,"[5, 13]","5,13",49,component_50,0.010007875672536052,0.010007875672536052,0.0002443195699983747,8.423612314710678e-05,-2.1870234657551046e-05,3.558955393302442e-05,2.9813904946473393,0.19047619047619047
2,"[5, 13]","5,13",51,component_52,0.036882751796480394,0.036882751796480394,0.0002443195699983747,-0.00012161955509017164,-2.1131778150749245e-05,4.0526969835897515e-05,-2.47952850524772,0.09523809523809523
2,"[5, 13]","5,13",55,component_56,0.01107328282818681,0.01107328282818681,0.0002443195699983747,5.730768813436843e-05,-2.491391505115406e-05,3.983550772149941e-05,2.0640279963382295,0.3333333333333333
2,"[5, 13]","5,13",58,component_59,0.017841975613458905,0.017841975613458905,0.0002443195699983747,-4.5839923500101687e-07,-3.5540213625245506e-05,4.3968986815364175e-05,0.7978763426494462,0.8095238095238095
2,"[5, 14]","5,14",0,component_01,0.02129117125326971,0.02129117125326971,0.0002443195699983747,8.57853955218979e-06,-3.0349037686963034e-05,4.679898825808625e-05,0.8318038207252623,0.38095238095238093
2,"[5, 14]","5,14",1,component_02,0.031297634345802135,0.031297634345802135,0.0002443195699983747,7.74787844041551e-05,-3.44584332627158e-05,3.886715194032043e-05,2.8799953708660664,0.23809523809523808
2,"[5, 14]","5,14",2,component_03,0.03304707850846694,0.03304707850846694,0.0002443195699983747,0.0003109767552039386,-2.4952399385132392e-05,4.435051211672032e-05,7.574414331563588,0.047619047619047616
2,"[5, 14]","5,14",6,component_07,0.024189137002786756,0.024189137002786756,0.0002443195699983747,0.0002435724675661985,-3.0175291347212315e-05,4.763487066114088e-05,5.746793370360217,0.047619047619047616
2,"[5, 14]","5,14",7,component_08,0.011888664234061036,0.011888664234061036,0.0002443195699983747,-4.340835002583643e-05,-2.8105552500323317e-05,3.605850159774101e-05,-0.4243880596101032,0.3333333333333333
2,"[5, 14]","5,14",13,component_14,0.017678004119590536,0.017678004119590536,0.0002443195699983747,-1.532310993567626e-05,-1.9009351174719587e-05,3.5172084336326816e-05,0.10480587967987053,0.3333333333333333
2,"[5, 14]","5,14",15,component_16,0.01778494699955325,0.01778494699955325,0.0002443195699983747,-2.843885418089831e-05,-2.405870228554981e-05,3.83058505373152e-05,-0.11434681214248531,0.2857142857142857
2,"[5, 14]","5,14",22,component_23,0.018357417348089197,0.018357417348089197,0.0002443195699983747,6.402441459759517e-05,-2.4211030272137647e-05,4.390670660818654e-05,2.0096120088697575,0.23809523809523808
2,"[5, 14]","5,14",25,component_26,0.024245100853888375,0.024245100853888375,0.0002443195699983747,1.6047227349588744e-05,-3.8560027808570825e-05,4.494146144116011e-05,1.2150751979806989,0.5238095238095238
2,"[5, 14]","5,14",26,component_27,0.012956868655695647,0.012956868655695647,0.0002443195699983747,-3.382129621914108e-05,-1.6838483411875102e-05,3.758536602145696e-05,-0.451846412712084,0.19047619047619047
2,"[5, 14]","5,14",38,component_39,0.010153557304983156,0.010153557304983156,0.0002443195699983747,-9.58135710717057e-05,-4.272322337272315e-05,4.6895216430539456e-05,-1.1321058252843172,0.23809523809523808
2,"[5, 14]","5,14",39,component_40,0.01971072444181588,0.01971072444181588,0.0002443195699983747,0.00031882643406726946,-2.2519049148670935e-05,3.11766468551517e-05,10.948755483610828,0.047619047619047616
2,"[5, 14]","5,14",46,component_47,0.00987644151844494,0.00987644151844494,0.0002443195699983747,4.825007907263354e-05,-2.547015720170338e-05,4.518082173436944e-05,1.6316709932315663,0.23809523809523808
2,"[5, 14]","5,14",48,component_49,0.008723854130286103,0.008723854130286103,0.0002443195699983747,-0.00011128047533037581,-3.689342912301007e-05,4.387055430864589e-05,-1.6956030617717939,0.09523809523809523
2,"[5, 14]","5,14",51,component_52,0.038196840601067296,0.038196840601067296,0.0002443195699983747,-3.4530506659948e-05,-4.6207054741524065e-05,4.27759695500284e-05,0.27296980534642984,0.6190476190476191
2,"[5, 14]","5,14",52,component_53,0.010329918930869314,0.010329918930869314,0.0002443195699983747,4.0963041912814996e-05,-1.7192516276551492e-05,3.5590691333805635e-05,1.63401035523375,0.14285714285714285
2,"[5, 14]","5,14",55,component_56,0.016743421483065197,0.016743421483065197,0.0002443195699983747,-2.0771905117612094e-05,-3.1449699412834686e-05,4.643389193752064e-05,0.22995690969841925,0.38095238095238093
2,"[5, 14]","5,14",58,component_59,0.01551928082053091,0.01551928082053091,0.0002443195699983747,-4.126239397145466e-05,-3.897822307275113e-05,3.86336421548278e-05,-0.05912388196664211,0.47619047619047616
2,"[5, 14]","5,14",59,component_60,0.01806977415780922,0.01806977415780922,0.0002443195699983747,0.00025721594366203207,-3.9566167293548914e-05,4.760666806360806e-05,6.2340449988864055,0.047619047619047616
2,"[5, 15]","5,15",0,component_01,0.013445907912809536,0.013445907912809536,0.0002443195699983747,1.802693075879727e-05,-1.5065220087454292e-05,2.6322270972465545e-05,1.2571920895756927,0.2857142857142857
2,"[5, 15]","5,15",7,component_08,0.010515565985498262,0.010515565985498262,0.0002443195699983747,-9.231452793261388e-06,-2.199169670716562e-05,3.772473793529452e-05,0.3382460584826488,0.38095238095238093
2,"[5, 15]","5,15",9,component_10,0.017485209776897673,0.017485209776897673,0.0002443195699983747,0.0001674755645709805,-1.905448113993652e-05,3.748330088781998e-05,4.976350569261872,0.047619047619047616
2,"[5, 15]","5,15",13,component_14,0.02317764340947546,0.02317764340947546,0.0002443195699983747,8.860787864790193e-05,-2.1302779424967436e-05,3.483793362040002e-05,3.154913241137501,0.09523809523809523
2,"[5, 15]","5,15",19,component_20,0.011846571571424352,0.011846571571424352,0.0002443195699983747,-0.00012054905195065316,-2.2525943484262378e-05,4.2853842122004404e-05,-2.2873820318682303,0.14285714285714285
2,"[5, 15]","5,15",20,component_21,0.010783411930337291,0.010783411930337291,0.0002443195699983747,-8.679523669603492e-06,-2.7771364457932477e-05,3.844407745957932e-05,0.49661331601473424,0.42857142857142855
2,"[5, 15]","5,15",26,component_27,0.015032146857986293,0.015032146857986293,0.0002443195699983747,1.4678351444447069e-06,-1.5842645962873088e-05,3.1765189869926156e-05,0.5449512871858063,0.42857142857142855
2,"[5, 15]","5,15",31,component_32,0.007705652724909234,0.007705652724909234,0.0002443195699983747,-1.121218262511818e-05,-3.359818277253374e-05,4.977164063804093e-05,0.4497742059622951,0.38095238095238093
2,"[5, 15]","5,15",34,component_35,0.015514982877564684,0.015514982877564684,0.0002443195699983747,-4.74992726085012e-05,-1.159052574305296e-05,2.851844828524918e-05,-1.2591409780181344,0.14285714285714285
2,"[5, 15]","5,15",35,component_36,0.025607046064645932,0.025607046064645932,0.0002443195699983747,2.6423272850680662e-05,-1.9353078197521855e-05,3.807877059485848e-05,1.2021488701734342,0.23809523809523808
2,"[5, 15]","5,15",38,component_39,0.02172107097213707,0.02172107097213707,0.0002443195699983747,0.00011949954206516913,-2.9378440395215313e-05,4.4411885670760634e-05,3.3522103421607463,0.09523809523809523
2,"[5, 15]","5,15",46,component_47,0.0722206900548875,0.0722206900548875,0.0002443195699983747,0.00013648764833612548,-2.631746948946282e-05,4.182121978070834e-05,3.8928830550439484,0.047619047619047616
2,"[5, 15]","5,15",48,component_49,0.00876424424771628,0.00876424424771628,0.0002443195699983747,-7.089035790019786e-05,-1.8984710381520013e-05,2.5136729480574177e-05,-2.0649324152846082,0.047619047619047616
2,"[5, 15]","5,15",51,component_52,0.03901290548273597,0.03901290548273597,0.0002443195699983747,5.8560076076311085e-05,-2.767691001367626e-05,4.657797375696534e-05,1.8514542203994293,0.23809523809523808
2,"[5, 15]","5,15",55,component_56,0.011486000895201954,0.011486000895201954,0.0002443195699983747,5.991726166634098e-05,-2.4180061041749555e-05,3.310232935405519e-05,2.540525828518114,0.19047619047619047
2,"[5, 15]","5,15",58,component_59,0.013574218435639414,0.013574218435639414,0.0002443195699983747,6.108280698935951e-05,-2.8451390166706136e-05,4.181318381354311e-05,2.141291071144549,0.2857142857142857
2,"[5, 15]","5,15",59,component_60,0.023237988526963446,0.023237988526963446,0.0002443195699983747,0.00025223727922844483,-2.8745372614345916e-05,4.635775017333377e-05,6.0611796472474095,0.047619047619047616
2,"[5, 16]","5,16",0,component_01,0.007095037599642499,0.007095037599642499,0.0002443195699983747,4.4488661616224993e-05,-2.9502771874906693e-05,3.787738198463616e-05,1.9534463475100823,0.2857142857142857
2,"[5, 16]","5,16",7,component_08,0.012330711526376409,0.012330711526376409,0.0002443195699983747,0.0001623864056184733,-1.0228660400915818e-05,2.9070147100580365e-05,5.937880720801134,0.047619047619047616
2,"[5, 16]","5,16",11,component_12,0.014081499773211069,0.014081499773211069,0.0002443195699983747,-1.4995719185425041e-05,-4.0361273473288504e-05,4.662150841019508e-05,0.5440740798149848,0.5714285714285714
2,"[5, 16]","5,16",13,component_14,0.02183123651905452,0.02183123651905452,0.0002443195699983747,1.5480608103884963e-05,-8.046213341711227e-06,1.9215977510828546e-05,1.2243364373391052,0.23809523809523808
2,"[5, 16]","5,16",15,component_16,0.017498853102334882,0.017498853102334882,0.0002443195699983747,-6.89131703281165e-06,-2.5734974126482147e-05,4.183456427513646e-05,0.4504327323631251,0.38095238095238093
2,"[5, 16]","5,16",19,component_20,0.03476451442584014,0.03476451442584014,0.0002443195699983747,-0.0001174749188496485,-2.481022901450366e-05,3.644585984618245e-05,-2.542529939648305,0.047619047619047616
2,"[5, 16]","5,16",21,component_22,0.008832068271185082,0.008832068271185082,0.0002443195699983747,5.862705426964987e-05,-1.5784938053893744e-05,2.2582304697226578e-05,3.2951460588822203,0.09523809523809523
2,"[5, 16]","5,16",26,component_27,0.012539681521516528,0.012539681521516528,0.0002443195699983747,-0.00011296858479656682,-2.7714724685323722e-05,4.451606002136255e-05,-1.9151259134418257,0.047619047619047616
2,"[5, 16]","5,16",29,component_30,0.009713544641895569,0.009713544641895569,0.0002443195699983747,-3.0342442107290923e-05,-2.546998491732655e-05,4.306128983245275e-05,-0.11315167773475032,0.3333333333333333
2,"[5, 16]","5,16",31,component_32,0.016925835427034488,0.016925835427034488,0.0002443195699983747,-2.2937538897819382e-05,-2.3333019615435434e-05,4.3460457350314224e-05,0.009099782692765264,0.2857142857142857
2,"[5, 16]","5,16",32,component_33,0.014664436000486007,0.014664436000486007,0.0002443195699983747,9.960255849099375e-05,-1.9741408192227774e-05,3.505805020276561e-05,3.4041815215897797,0.09523809523809523
2,"[5, 16]","5,16",36,component_37,0.011556665140598794,0.011556665140598794,0.0002443195699983747,-1.8395701385129706e-05,-1.24142641214386e-05,2.508108612589583e-05,-0.2384839808637859,0.23809523809523808
2,"[5, 16]","5,16",38,component_39,0.010299035993324154,0.010299035993324154,0.0002443195699983747,-1.7666628336894183e-05,-3.207305777109384e-05,4.6185175103955796e-05,0.3119275698700498,0.42857142857142855
2,"[5, 16]","5,16",39,component_40,0.014427005982729394,0.014427005982729394,0.0002443195699983747,0.00020707256496918167,-2.7004453465188828e-05,4.682207427559422e-05,4.999287666253223,0.047619047619047616
2,"[5, 16]","5,16",43,component_44,0.017927848340892207,0.017927848340892207,0.0002443195699983747,4.556630757788019e-05,-1.865940255126495e-05,3.429608728760394e-05,1.872683306132097,0.14285714285714285
2,"[5, 16]","5,16",48,component_49,0.0123015792765192,0.0123015792765192,0.0002443195699983747,0.00015146190333947818,-3.399932995972553e-05,3.993070712939495e-05,4.644576733845933,0.047619047619047616
2,"[5, 16]","5,16",51,component_52,0.041425281783589174,0.041425281783589174,0.0002443195699983747,0.0005176722520396568,-3.547751722245222e-05,4.519318335679174e-05,12.239672627066232,0.047619047619047616
2,"[5, 16]","5,16",55,component_56,0.012935537618235859,0.012935537618235859,0.0002443195699983747,0.00013349588504808947,-2.5164562530884702e-05,4.2886775949429035e-05,3.6995191190417867,0.047619047619047616
2,"[5, 16]","5,16",57,component_58,0.01805262070877893,0.01805262070877893,0.0002443195699983747,-2.558632620427992e-05,-2.2637535827962804e-05,4.0567866172933914e-05,-0.07268783533614816,0.2857142857142857
2,"[5, 16]","5,16",58,component_59,0.015779165166520545,0.015779165166520545,0.0002443195699983747,0.00017745894266876783,-2.896858088404644e-05,3.563371818038254e-05,5.7930391240075245,0.047619047619047616
2,"[5, 18]","5,18",0,component_01,0.007499727765175325,0.007499727765175325,0.0002443195699983747,-2.788786664014581e-05,-2.8233002300489557e-05,4.580379819745683e-05,0.007535088222507091,0.3333333333333333
2,"[5, 18]","5,18",7,component_08,0.032362761696100584,0.032362761696100584,0.0002443195699983747,0.0001853806724125967,-2.915820679689038e-05,4.1356785295184405e-05,5.187513431670619,0.047619047619047616
2,"[5, 18]","5,18",13,component_14,0.028367676333026413,0.028367676333026413,0.0002443195699983747,0.0005947951752087177,-1.758673317069119e-05,2.714248365845714e-05,22.561749178343927,0.047619047619047616
2,"[5, 18]","5,18",15,component_16,0.01431503616159012,0.01431503616159012,0.0002443195699983747,6.66264173484702e-05,-2.0947341752405463e-05,4.282545152736371e-05,2.0448998429104623,0.23809523809523808
2,"[5, 18]","5,18",16,component_17,0.045669284191660296,0.045669284191660296,0.0002443195699983747,0.00026628661800612297,-1.8760155712436604e-05,3.239140620368215e-05,8.800074066749112,0.047619047619047616
2,"[5, 18]","5,18",26,component_27,0.016564187310909764,0.016564187310909764,0.0002443195699983747,0.00021182893099787672,-1.5030702053674791e-05,3.223025066739005e-05,7.038717613235436,0.047619047619047616
2,"[5, 18]","5,18",27,component_28,0.019588852734487443,0.019588852734487443,0.0002443195699983747,4.702309106194291e-07,-1.6600034816532148e-05,3.4921089209500904e-05,0.4888239775323877,0.6190476190476191
2,"[5, 18]","5,18",29,component_30,0.03299704408499506,0.03299704408499506,0.0002443195699983747,0.0002925664885666465,-2.942449386498969e-05,4.1236792629430796e-05,7.808342063001052,0.047619047619047616
2,"[5, 18]","5,18",33,component_34,0.018474401267644443,0.018474401267644443,0.0002443195699983747,-2.799451843628689e-05,-1.8983599119335358e-05,3.6768731795803125e-05,-0.2450701690499987,0.19047619047619047
2,"[5, 18]","5,18",38,component_39,0.014107948873055163,0.014107948873055163,0.0002443195699983747,0.0001806468737049257,-2.124911113726716e-05,3.790024202063376e-05,5.327036822938388,0.047619047619047616
2,"[5, 18]","5,18",41,component_42,0.027324685211362606,0.027324685211362606,0.0002443195699983747,0.00023443866337586466,-1.5285486594522786e-05,3.255441944241832e-05,7.670975377462808,0.047619047619047616
2,"[5, 18]","5,18",44,component_45,0.05969902798957494,0.05969902798957494,0.0002443195699983747,0.0003347227949791476,-2.8188194265702268e-05,3.693454769647308e-05,9.825786746523626,0.047619047619047616
2,"[5, 18]","5,18",48,component_49,0.009096913664783428,0.009096913664783428,0.0002443195699983747,-2.2219994693409642e-05,-2.0710401756303782e-05,3.14759377471409e-05,-0.047960221208754386,0.38095238095238093
2,"[5, 18]","5,18",51,component_52,0.03973327030486238,0.03973327030486238,0.0002443195699983747,0.00035455823552631854,-2.573261020116924e-05,3.903597570431444e-05,9.742060723883899,0.047619047619047616
2,"[5, 18]","5,18",55,component_56,0.011829044271430226,0.011829044271430226,0.0002443195699983747,-3.0308001281436486e-05,-1.7589377116834126e-05,2.190875054845916e-05,-0.5805271339627746,0.38095238095238093
2,"[5, 18]","5,18",56,component_57,0.03129559549823886,0.03129559549823886,0.0002443195699983747,5.683883787045707e-05,-1.2706428201864854e-05,2.8713794199277626e-05,2.4220158990368303,0.09523809523809523
2,"[5, 18]","5,18",57,component_58,0.017371705689385925,0.017371705689385925,0.0002443195699983747,4.932542804752735e-05,-2.1453688863288094e-05,4.014475415090402e-05,1.7630975306202383,0.23809523809523808
2,"[5, 18]","5,18",58,component_59,0.029572836125261723,0.029572836125261723,0.0002443195699983747,0.0002069853144353248,-2.952292578040575e-05,4.3274093510427645e-05,5.465354003515747,0.047619047619047616
2,"[5, 24]","5,24",0,component_01,0.019694495449636758,0.019694495449636758,0.0002443195699983747,0.0005321105618633845,-2.4555155650079188e-05,3.501821838748129e-05,15.896460275445277,0.047619047619047616
2,"[5, 24]","5,24",1,component_02,0.031327108113427635,0.031327108113427635,0.0002443195699983747,0.0008086219838485745,-2.37406346861334e-05,4.487624394030797e-05,18.547956456468885,0.047619047619047616
2,"[5, 24]","5,24",2,component_03,0.01776398818543714,0.01776398818543714,0.0002443195699983747,-0.0001499767406606227,-2.6179183010891734e-05,4.0618865917949936e-05,-3.047784689503687,0.047619047619047616
2,"[5, 24]","5,24",6,component_07,0.0190953741950973,0.0190953741950973,0.0002443195699983747,-0.00015377490392538135,-9.242951926727833e-06,2.980651845251435e-05,-4.849004831909894,0.047619047619047616
2,"[5, 24]","5,24",7,component_08,0.02717588547680665,0.02717588547680665,0.0002443195699983747,0.0008028992656775417,-2.839841105239757e-05,3.322690486026138e-05,25.018811719780505,0.047619047619047616
2,"[5, 24]","5,24",10,component_11,0.01448452799903147,0.01448452799903147,0.0002443195699983747,-8.307976048409736e-05,-2.837348594015669e-05,4.494132134427068e-05,-1.21728228960751,0.2857142857142857
2,"[5, 24]","5,24",12,component_13,0.023140173806187672,0.023140173806187672,0.0002443195699983747,0.00043640958648648656,-3.491362748401773e-05,3.972430167151186e-05,11.864858389908765,0.047619047619047616
2,"[5, 24]","5,24",13,component_14,0.01942477464177147,0.01942477464177147,0.0002443195699983747,-0.0001498561706635322,-1.9022352096389495e-05,3.131855456290361e-05,-4.177517781172237,0.047619047619047616
2,"[5, 24]","5,24",14,component_15,0.07066507252937514,0.07066507252937514,0.0002443195699983747,-0.00013218474850516804,-2.5363780630282022e-05,4.747867936886129e-05,-2.2498723489125547,0.047619047619047616
2,"[5, 24]","5,24",15,component_16,0.021528914084902345,0.021528914084902345,0.0002443195699983747,0.0006031120375793869,-3.395748846805745e-05,4.63319959468577e-05,13.750098890152634,0.047619047619047616
2,"[5, 24]","5,24",17,component_18,0.014758663722717327,0.014758663722717327,0.0002443195699983747,-0.0001405117479318721,-1.993672620791596e-05,3.544502411969116e-05,-3.401747486947591,0.047619047619047616
2,"[5, 24]","5,24",26,component_27,0.016515348925058113,0.016515348925058113,0.0002443195699983747,0.0003603883289575206,-2.009328686739529e-05,4.170668512004797e-05,9.122796854502885,0.047619047619047616
2,"[5, 24]","5,24",33,component_34,0.032094514398238946,0.032094514398238946,0.0002443195699983747,-0.00015799804332446848,-2.5942051797544478e-05,3.8109817150130944e-05,-3.4651436664389834,0.047619047619047616
2,"[5, 24]","5,24",38,component_39,0.01485878627524901,0.01485878627524901,0.0002443195699983747,0.00035459790597503274,-2.0653587753225173e-05,3.141916339530734e-05,11.943395468776366,0.047619047619047616
2,"[5, 24]","5,24",48,component_49,0.009196012552234744,0.009196012552234744,0.0002443195699983747,8.223786322498344e-05,-2.167453170786375e-05,3.452059354569456e-05,3.0101566705479557,0.14285714285714285
2,"[5, 24]","5,24",51,component_52,0.04418954748293167,0.04418954748293167,0.0002443195699983747,0.0011029379703115377,-1.4883920871647536e-05,3.7007051141473956e-05,30.20564613240523,0.047619047619047616
2,"[5, 24]","5,24",55,component_56,0.01875375842328213,0.01875375842328213,0.0002443195699983747,0.0005269714919902725,-2.1139619039229794e-05,3.7439169425914194e-05,14.640044622627695,0.047619047619047616
2,"[5, 24]","5,24",58,component_59,0.012887657734852431,0.012887657734852431,0.0002443195699983747,6.755841972398355e-05,-3.173605012981519e-05,4.393602401138569e-05,2.2599785048384744,0.2857142857142857
2,"[5, 29]","5,29",0,component_01,0.006683239715725263,0.006683239715725263,0.0002443195699983747,-1.6096874672614885e-05,-2.4360164241153678e-05,4.198860438384858e-05,0.1967983858905624,0.3333333333333333
2,"[5, 29]","5,29",7,component_08,0.019704286168884755,0.019704286168884755,0.0002443195699983747,6.113388003043882e-05,-2.998816963597781e-05,3.652783213918219e-05,2.4945923239904797,0.2857142857142857
2,"[5, 29]","5,29",11,component_12,0.03782072945047067,0.03782072945047067,0.0002443195699983747,0.0004948974110729407,-2.1621671925810793e-05,3.7515439181955935e-05,13.768173697595556,0.047619047619047616
2,"[5, 29]","5,29",13,component_14,0.02293083347854106,0.02293083347854106,0.0002443195699983747,5.878318603817767e-05,-2.5415543692423432e-05,3.5086920715476146e-05,2.399718413974775,0.2857142857142857
2,"[5, 29]","5,29",15,component_16,0.01562519745421125,0.01562519745421125,0.0002443195699983747,-1.5255844451993184e-05,-2.2030611905066026e-05,3.823241905798006e-05,0.1771995500153627,0.3333333333333333
2,"[5, 29]","5,29",18,component_19,0.015932322864007652,0.015932322864007652,0.0002443195699983747,0.0002064286252209148,-2.643415848158062e-05,4.184359228736739e-05,5.565076298977248,0.047619047619047616
2,"[5, 29]","5,29",26,component_27,0.012609738984527016,0.012609738984527016,0.0002443195699983747,-4.291112178607913e-05,-7.059905780828959e-06,2.2030834021142944e-05,-1.6273199630501431,0.14285714285714285
2,"[5, 29]","5,29",36,component_37,0.008799571409874262,0.008799571409874262,0.0002443195699983747,-1.388492217723955e-05,-2.658306212579755e-05,4.299691144609651e-05,0.2953267925878152,0.38095238095238093
2,"[5, 29]","5,29",37,component_38,0.01646047077193866,0.01646047077193866,0.0002443195699983747,4.346903090771473e-05,-1.5545701175423334e-05,2.7370188056637984e-05,2.1561683084170644,0.19047619047619047
2,"[5, 29]","5,29",38,component_39,0.01810949000027013,0.01810949000027013,0.0002443195699983747,4.287469054010257e-05,-2.4638919636229765e-05,4.10681268010056e-05,1.643941797089201,0.3333333333333333
2,"[5, 29]","5,29",42,component_43,0.011565427228004296,0.011565427228004296,0.0002443195699983747,-2.2548217852221344e-05,-3.526003780156259e-05,4.424935528806952e-05,0.2872769527733345,0.42857142857142855
2,"[5, 29]","5,29",43,component_44,0.08776756593939239,0.08776756593939239,0.0002443195699983747,0.00012886085474760056,-2.117685266389869e-05,3.775300717160895e-05,3.974192220754556,0.047619047619047616
2,"[5, 29]","5,29",44,component_45,0.03273071950331019,0.03273071950331019,0.0002443195699983747,-5.331710307698856e-07,-2.751661990870788e-05,4.418661975995067e-05,0.6106701310154284,0.5714285714285714
2,"[5, 29]","5,29",48,component_49,0.008720167181349204,0.008720167181349204,0.0002443195699983747,-0.00011496742426727463,-1.71665185871943e-05,3.533463222843836e-05,-2.7678484113771886,0.09523809523809523
2,"[5, 29]","5,29",51,component_52,0.036898519372766475,0.036898519372766475,0.0002443195699983747,-0.00010585197880409042,-2.3805769072152086e-05,4.0442106223881806e-05,-2.028732363189545,0.09523809523809523
2,"[5, 29]","5,29",55,component_56,0.014575356597399104,0.014575356597399104,0.0002443195699983747,-9.087096639152914e-07,-2.81610487030136e-05,4.3511293059293504e-05,0.6263279512737332,0.6190476190476191
2,"[5, 29]","5,29",57,component_58,0.010103272766191766,0.010103272766191766,0.0002443195699983747,3.1073645452364684e-05,-1.891389362616251e-05,3.98051427139765e-05,1.255806050934605,0.23809523809523808
2,"[5, 29]","5,29",58,component_59,0.013426166995960151,0.013426166995960151,0.0002443195699983747,-2.26740746967196e-05,-2.471817460764483e-05,3.9886229606319516e-05,0.05124826114427634,0.3333333333333333
2,"[5, 29]","5,29",59,component_60,0.015966282463278046,0.015966282463278046,0.0002443195699983747,2.196596267520917e-06,-2.963407654651834e-05,4.8610453940087156e-05,0.654811264533157,0.47619047619047616
2,"[5, 32]","5,32",0,component_01,0.006993706952443583,0.006993706952443583,0.0002443195699983747,7.35213182324378e-05,-2.9406353548993713e-05,4.577093543148468e-05,2.2487561333655885,0.2857142857142857
2,"[5, 32]","5,32",7,component_08,0.008536269967961535,0.008536269967961535,0.0002443195699983747,6.59593982282932e-05,-1.4553397556575718e-05,2.6855835061130903e-05,2.9979628487291774,0.19047619047619047
2,"[5, 32]","5,32",11,component_12,0.01737447684680008,0.01737447684680008,0.0002443195699983747,0.0003741855378227646,-2.5023279815678987e-05,3.876590195257871e-05,10.297937040824822,0.047619047619047616
2,"[5, 32]","5,32",13,component_14,0.017784924451042843,0.017784924451042843,0.0002443195699983747,6.376626820513848e-05,-3.5598097684663534e-05,4.495854180147059e-05,2.2101332006847207,0.2857142857142857
2,"[5, 32]","5,32",15,component_16,0.013938476473026028,0.013938476473026028,0.0002443195699983747,-6.184251325367686e-05,-9.398825397251778e-06,2.1569596355935418e-05,-2.431370851406493,0.14285714285714285
2,"[5, 32]","5,32",16,component_17,0.02015371059292681,0.02015371059292681,0.0002443195699983747,0.000229436392060179,-1.0426162368438058e-05,1.9643554427403823e-05,12.210751130355298,0.047619047619047616
2,"[5, 32]","5,32",18,component_19,0.025068801750196774,0.025068801750196774,0.0002443195699983747,0.0005157966762702679,-2.5237063681462402e-05,4.029394115709347e-05,13.427173525727083,0.047619047619047616
2,"[5, 32]","5,32",19,component_20,0.024931280660865807,0.024931280660865807,0.0002443195699983747,-0.00011167368787129081,-2.490033912493613e-05,4.3111814589698274e-05,-2.0127510190000097,0.14285714285714285
2,"[5, 32]","5,32",21,component_22,0.012066596549905816,0.012066596549905816,0.0002443195699983747,-8.107436156243666e-05,-4.2703534810083515e-05,4.767789238097822e-05,-0.8047928470861212,0.2857142857142857
2,"[5, 32]","5,32",26,component_27,0.02235511516665984,0.02235511516665984,0.0002443195699983747,-0.00010696419760181791,-2.8160208085427705e-05,4.158389813175433e-05,-1.8950601809072307,0.09523809523809523
2,"[5, 32]","5,32",27,component_28,0.022419710577119042,0.022419710577119042,0.0002443195699983747,-0.00012733281212343184,-3.2001114965725796e-05,4.179235331964371e-05,-2.281079900635726,0.047619047619047616
2,"[5, 32]","5,32",36,component_37,0.026775475204405666,0.026775475204405666,0.0002443195699983747,-5.73649585249858e-05,-3.330945138988722e-05,4.3868563005350444e-05,-0.5483541170966698,0.38095238095238093
2,"[5, 32]","5,32",38,component_39,0.01015825401055198,0.01015825401055198,0.0002443195699983747,-9.111686550288163e-05,-1.4964501718297636e-05,2.979889426790587e-05,-2.5555432728455947,0.09523809523809523
2,"[5, 32]","5,32",42,component_43,0.023487212332883638,0.023487212332883638,0.0002443195699983747,-0.0001010134279121784,-4.999407846374179e-05,4.302424081945767e-05,-1.1858280001390091,0.19047619047619047
2,"[5, 32]","5,32",43,component_44,0.02266655923686614,0.02266655923686614,0.0002443195699983747,9.879816602383767e-05,-3.344186768653179e-05,4.020274194325812e-05,3.2893287203398254,0.19047619047619047
2,"[5, 32]","5,32",48,component_49,0.008778412679555541,0.008778412679555541,0.0002443195699983747,-5.6721926060937164e-05,-1.6692708527562876e-05,3.321625439990648e-05,-1.205109313393475,0.14285714285714285
2,"[5, 32]","5,32",51,component_52,0.04374757667044777,0.04374757667044777,0.0002443195699983747,0.0009736482611454669,-2.3760038666053886e-05,4.816417912205113e-05,20.708508231480995,0.047619047619047616
2,"[5, 32]","5,32",55,component_56,0.013467114929118996,0.013467114929118996,0.0002443195699983747,-0.00011774419193390576,-3.908673296924106e-05,4.9905201307104616e-05,-1.5761374947798648,0.047619047619047616
2,"[5, 32]","5,32",58,component_59,0.012815253107992277,0.012815253107992277,0.0002443195699983747,4.8581168134272795e-05,-2.54529661462367e-05,3.509401028039004e-05,2.1095945914701737,0.3333333333333333
2,"[5, 35]","5,35",0,component_01,0.020487112977713693,0.020487112977713693,0.0002443195699983747,-3.20975680435133e-05,-3.338519710676797e-05,4.4132444218325275e-05,0.029176472911509602,0.42857142857142855
2,"[5, 35]","5,35",7,component_08,0.009144276159903205,0.009144276159903205,0.0002443195699983747,-4.974084706841318e-05,-2.9317643739710664e-05,4.065737886699537e-05,-0.5023246430989569,0.3333333333333333
2,"[5, 35]","5,35",8,component_09,0.023807653441260256,0.023807653441260256,0.0002443195699983747,-5.458161270406603e-05,-8.866489026003632e-06,2.448087973590278e-05,-1.8673807547454366,0.14285714285714285
2,"[5, 35]","5,35",13,component_14,0.020721453870523966,0.020721453870523966,0.0002443195699983747,-5.692971355313395e-05,-2.2794832319148216e-05,3.67138935322492e-05,-0.9297537784708647,0.23809523809523808
2,"[5, 35]","5,35",15,component_16,0.0272201049453621,0.0272201049453621,0.0002443195699983747,6.665884687193785e-05,-2.0819022459313362e-05,3.374430847406539e-05,2.5923740413433993,0.23809523809523808
2,"[5, 35]","5,35",20,component_21,0.018243577574891107,0.018243577574891107,0.0002443195699983747,-6.325405447526675e-05,-1.8762821570415446e-05,4.109910711303504e-05,-1.0825352673109632,0.23809523809523808
2,"[5, 35]","5,35",23,component_24,0.01058689028765815,0.01058689028765815,0.0002443195699983747,6.82077939410386e-05,-1.02143120346797e-05,2.9754922977099995e-05,2.6356010410806165,0.09523809523809523
2,"[5, 35]","5,35",25,component_26,0.02124228884616765,0.02124228884616765,0.0002443195699983747,-3.5766945446803755e-05,-2.107583739082967e-05,4.2049539328832405e-05,-0.3493761950895079,0.23809523809523808
2,"[5, 35]","5,35",26,component_27,0.012590581703730386,0.012590581703730386,0.0002443195699983747,-6.206840258270868e-05,-1.9772630546747797e-05,4.0881377429287595e-05,-1.0345975281561821,0.19047619047619047
2,"[5, 35]","5,35",38,component_39,0.011162360039794449,0.011162360039794449,0.0002443195699983747,9.308403471495509e-05,-2.6074078674041763e-05,4.205452275816991e-05,2.833419703136402,0.19047619047619047
2,"[5, 35]","5,35",40,component_41,0.01758301211327553,0.01758301211327553,0.0002443195699983747,-4.977112533079489e-05,-3.817906711745719e-05,5.010932772058117e-05,-0.2313353369651485,0.42857142857142855
2,"[5, 35]","5,35",45,component_46,0.00913074901427338,0.00913074901427338,0.0002443195699983747,-6.771662629054438e-05,-3.237126036231018e-05,4.018494532952063e-05,-0.8795673513650103,0.2857142857142857
2,"[5, 35]","5,35",47,component_48,0.017515016549846038,0.017515016549846038,0.0002443195699983747,-6.383093036236437e-05,-2.0047523906574915e-05,4.268941857709864e-05,-1.0256266755358834,0.23809523809523808
2,"[5, 35]","5,35",48,component_49,0.009242195898973236,0.009242195898973236,0.0002443195699983747,-4.02947008242005e-05,-1.8866359764287204e-05,3.22818846682176e-05,-0.6637884150862507,0.19047619047619047
2,"[5, 35]","5,35",51,component_52,0.0457535800742497,0.0457535800742497,0.0002443195699983747,0.00024360899036467848,-2.0968950656783478e-05,3.817228048145575e-05,6.931153645640716,0.047619047619047616
2,"[5, 35]","5,35",55,component_56,0.012376884785510363,0.012376884785510363,0.0002443195699983747,0.00014330150987303635,-3.0483981615860095e-05,4.3908394575147526e-05,3.9579103989208546,0.047619047619047616
2,"[5, 35]","5,35",58,component_59,0.021098469485347007,0.021098469485347007,0.0002443195699983747,0.0004506200357431503,-8.381026996320411e-06,2.165303141195575e-05,21.198004750782037,0.047619047619047616
2,"[6, 7]","6,7",2,component_03,0.04199800922556633,0.04199800922556633,0.0002443195699983747,0.000244143704635838,-3.897764959491691e-05,4.471590274157251e-05,6.331558503179589,0.047619047619047616
2,"[6, 7]","6,7",5,component_06,0.04794739246014683,0.04794739246014683,0.0002443195699983747,0.0012899278588675983,-2.38357885974721e-05,3.992544653979588e-05,32.90542151245748,0.047619047619047616
2,"[6, 7]","6,7",10,component_11,0.010436007905876201,0.010436007905876201,0.0002443195699983747,0.00015920288678067038,-3.631834186251851e-05,4.6687078308729864e-05,4.187908854571202,0.047619047619047616
2,"[6, 7]","6,7",18,component_19,0.04649324076517533,0.04649324076517533,0.0002443195699983747,0.0002710030216231535,-2.5868377268196193e-05,4.3141825405018795e-05,6.881289702146305,0.047619047619047616
2,"[6, 7]","6,7",19,component_20,0.041457343946133304,0.041457343946133304,0.0002443195699983747,0.00197408618765417,-1.543897347937715e-05,2.392891660695069e-05,83.1431357220596,0.047619047619047616
2,"[6, 7]","6,7",20,component_21,0.012501703598758605,0.012501703598758605,0.0002443195699983747,0.00032794648259359266,-3.0001227614221084e-05,4.402691386482604e-05,8.130202160133353,0.047619047619047616
2,"[6, 7]","6,7",25,component_26,0.013434166176284623,0.013434166176284623,0.0002443195699983747,0.0004503986160757055,-2.504132353890907e-05,4.348842404118855e-05,10.932563092291367,0.047619047619047616
2,"[6, 7]","6,7",26,component_27,0.0277223756312585,0.0277223756312585,0.0002443195699983747,-0.0002994184457781983,-3.7393215563645424e-05,4.512786896440903e-05,-5.806284148298785,0.047619047619047616
2,"[6, 7]","6,7",28,component_29,0.022966351553428844,0.022966351553428844,0.0002443195699983747,0.0008472153321783561,-3.6273869760241446e-05,5.204728278151735e-05,16.974742094554372,0.047619047619047616
2,"[6, 7]","6,7",34,component_35,0.05885627032314781,0.05885627032314781,0.0002443195699983747,0.003181801294582072,-3.177607422377175e-05,4.1822890830018774e-05,76.83776288604298,0.047619047619047616
2,"[6, 7]","6,7",47,component_48,0.01609832060492423,0.01609832060492423,0.0002443195699983747,0.0003122365941789322,-3.849590883253886e-05,4.750923176309488e-05,7.382407376326377,0.047619047619047616
2,"[6, 7]","6,7",49,component_50,0.03138900405611472,0.03138900405611472,0.0002443195699983747,-0.0001697641846422418,-4.964590977097508e-05,5.379414819442995e-05,-2.232924563413837,0.047619047619047616
2,"[6, 7]","6,7",53,component_54,0.06067888395750973,0.06067888395750973,0.0002443195699983747,0.0023466733374809257,-1.9808554836883012e-05,3.913686719532898e-05,60.46681969987241,0.047619047619047616
2,"[6, 7]","6,7",58,component_59,0.03465358027399941,0.03465358027399941,0.0002443195699983747,0.0015308379316153684,-2.7125166854742403e-05,4.1695665599148185e-05,37.365109204586936,0.047619047619047616
2,"[6, 7]","6,7",59,component_60,0.012575215416899401,0.012575215416899401,0.0002443195699983747,0.00022472771317296435,-4.022706798411974e-05,5.180126283032035e-05,5.114832470879467,0.047619047619047616
2,"[6, 13]","6,13",0,component_01,0.011351283008457664,0.011351283008457664,0.0002443195699983747,-8.034043329802586e-05,-1.8818415708642746e-05,2.8987356827971693e-05,-2.1223741769382958,0.09523809523809523
2,"[6, 13]","6,13",2,component_03,0.072959848252941,0.072959848252941,0.0002443195699983747,0.0035077566410132432,-1.7885778644304787e-05,4.033586408908252e-05,87.40713752582813,0.047619047619047616
2,"[6, 13]","6,13",3,component_04,0.014770594798204377,0.014770594798204377,0.0002443195699983747,9.377915840079291e-05,-3.087830851822743e-05,4.571426350969795e-05,2.72688341336999,0.2857142857142857
2,"[6, 13]","6,13",10,component_11,0.012115455149040796,0.012115455149040796,0.0002443195699983747,0.00017434136052743403,-1.8810592229781543e-05,3.6807798166544734e-05,5.247582370541654,0.047619047619047616
2,"[6, 13]","6,13",16,component_17,0.027244543029992574,0.027244543029992574,0.0002443195699983747,0.00012772248235169356,-3.488842184457453e-05,3.8671879068550547e-05,4.204887585318023,0.047619047619047616
2,"[6, 13]","6,13",18,component_19,0.09303557183824282,0.09303557183824282,0.0002443195699983747,-7.775003768266397e-05,-2.740443330101027e-05,3.7518341625248295e-05,-1.3418931168261763,0.19047619047619047
2,"[6, 13]","6,13",19,component_20,0.039223903774648766,0.039223903774648766,0.0002443195699983747,0.0012751690197509713,-1.879511852830072e-05,2.7018151634430562e-05,47.89240047902869,0.047619047619047616
2,"[6, 13]","6,13",20,component_21,0.012459712970017203,0.012459712970017203,0.0002443195699983747,-8.042409372293474e-05,-2.158924850169729e-05,3.927700560173797e-05,-1.4979463001281867,0.14285714285714285
2,"[6, 13]","6,13",21,component_22,0.015745591905721574,0.015745591905721574,0.0002443195699983747,-7.35267206229441e-05,-1.4689821243884328e-05,2.6276444171987487e-05,-2.239149977597958,0.047619047619047616
2,"[6, 13]","6,13",25,component_26,0.007727842594896829,0.007727842594896829,0.0002443195699983747,-3.019355291339256e-05,-5.2086383214380736e-06,1.216627676875653e-05,-2.0536204351455094,0.09523809523809523
2,"[6, 13]","6,13",28,component_29,0.012089981471888018,0.012089981471888018,0.0002443195699983747,0.00021765905217821513,-3.081810966770661e-05,4.880970520243598e-05,5.090732689643879,0.047619047619047616
2,"[6, 13]","6,13",29,component_30,0.046417901278763635,0.046417901278763635,0.0002443195699983747,-4.446676698063867e-05,-3.1497524686914786e-05,4.138655780579472e-05,-0.3133684698926086,0.3333333333333333
2,"[6, 13]","6,13",34,component_35,0.020870522991984414,0.020870522991984414,0.0002443195699983747,-0.00011284850849355155,-2.821874787219643e-05,4.229309827305852e-05,-2.0010300516400292,0.09523809523809523
2,"[6, 13]","6,13",49,component_50,0.039914588533121326,0.039914588533121326,0.0002443195699983747,0.0001237020860178767,-5.1758684722422684e-05,5.525704592720037e-05,3.175355609336483,0.047619047619047616
2,"[6, 13]","6,13",53,component_54,0.012685625899386843,0.012685625899386843,0.0002443195699983747,0.00019961285209594247,-1.657306533942949e-05,3.739955761206338e-05,5.780440498195634,0.047619047619047616
2,"[6, 13]","6,13",58,component_59,0.020534118792827974,0.020534118792827974,0.0002443195699983747,0.0004012705981555689,-4.1874614919220665e-05,4.8014641573545536e-05,9.229376676612489,0.047619047619047616
2,"[6, 14]","6,14",0,component_01,0.017682928792232794,0.017682928792232794,0.0002443195699983747,-0.0003857929386781242,-6.345993257373689e-06,2.136794007290009e-05,-17.7577690748948,0.047619047619047616
2,"[6, 14]","6,14",1,component_02,0.025102712747860412,0.025102712747860412,0.0002443195699983747,-0.00012611631429102627,-3.5037248413674786e-05,3.987660837886115e-05,-2.2840223775308104,0.047619047619047616
2,"[6, 14]","6,14",2,component_03,0.07228221643189134,0.07228221643189134,0.0002443195699983747,5.534628715500589e-05,-3.617352476697592e-05,4.5439529874814446e-05,2.014101206022998,0.2857142857142857
2,"[6, 14]","6,14",10,component_11,0.012918448342942401,0.012918448342942401,0.0002443195699983747,-0.00033947530392495,-2.3984970198046663e-05,3.8947306677993206e-05,-8.100440329168332,0.047619047619047616
2,"[6, 14]","6,14",19,component_20,0.021966031617776403,0.021966031617776403,0.0002443195699983747,-0.0002916132442822121,-1.0919479901870162e-05,2.1614131051638657e-05,-12.98658566054458,0.047619047619047616
2,"[6, 14]","6,14",20,component_21,0.011510514913265438,0.011510514913265438,0.0002443195699983747,-0.000267438338339223,-3.299259639881046e-05,4.177273326143532e-05,-5.612410863161147,0.047619047619047616
2,"[6, 14]","6,14",22,component_23,0.018107589337718784,0.018107589337718784,0.0002443195699983747,4.367471654023042e-05,-2.0136000025442097e-05,4.0023445322679787e-05,1.5943334226030106,0.23809523809523808
2,"[6, 14]","6,14",25,component_26,0.027657203632884778,0.027657203632884778,0.0002443195699983747,0.0012229816174636407,-3.396622023420062e-05,3.905886130753196e-05,32.18086230935402,0.047619047619047616
2,"[6, 14]","6,14",28,component_29,0.009527395626073517,0.009527395626073517,0.0002443195699983747,0.00027345831238013117,-2.187871838501279e-05,5.1386912817741444e-05,5.747319980335114,0.047619047619047616
2,"[6, 14]","6,14",34,component_35,0.02394422359839385,0.02394422359839385,0.0002443195699983747,-0.000444491142019849,-2.1041302306572086e-05,3.48235829345298e-05,-12.15985846457515,0.047619047619047616
2,"[6, 14]","6,14",39,component_40,0.014606595165422048,0.014606595165422048,0.0002443195699983747,-0.00013723504297908848,-6.921527269101959e-06,2.1725959511297798e-05,-5.998055719574627,0.047619047619047616
2,"[6, 14]","6,14",46,component_47,0.009462544178097452,0.009462544178097452,0.0002443195699983747,-6.145048785004097e-05,-8.305092384574484e-06,2.008553601588366e-05,-2.6459535569993773,0.047619047619047616
2,"[6, 14]","6,14",49,component_50,0.03487592324392098,0.03487592324392098,0.0002443195699983747,0.0009372548743649678,-4.8852380885258194e-05,4.921127156838403e-05,20.038239692301598,0.047619047619047616
2,"[6, 14]","6,14",52,component_53,0.010357485696073246,0.010357485696073246,0.0002443195699983747,-0.00013880728438971958,-8.482220887505167e-06,2.757466614362395e-05,-4.726260793998744,0.047619047619047616
2,"[6, 14]","6,14",53,component_54,0.014203764084038135,0.014203764084038135,0.0002443195699983747,-0.0003843980036592684,-1.1917221860534474e-05,3.224936994326199e-05,-11.55001733224739,0.047619047619047616
2,"[6, 14]","6,14",58,component_59,0.01844467247199999,0.01844467247199999,0.0002443195699983747,0.0005937150755191238,-4.3236172014489706e-05,4.54494363364007e-05,14.01450268423848,0.047619047619047616
2,"[6, 14]","6,14",59,component_60,0.015358203086064968,0.015358203086064968,0.0002443195699983747,0.00032945153795242536,-4.562495255498217e-05,4.579009879469541e-05,8.191213829633812,0.047619047619047616
2,"[6, 15]","6,15",2,component_03,0.04349231805712696,0.04349231805712696,0.0002443195699983747,-0.00031218193425865126,-2.017689121492045e-05,3.597651712902988e-05,-8.116545634377388,0.047619047619047616
2,"[6, 15]","6,15",5,component_06,0.011795499518773298,0.011795499518773298,0.0002443195699983747,-0.00023633091051419343,-2.707341584219802e-05,4.143404970524047e-05,-5.050375142199269,0.047619047619047616
2,"[6, 15]","6,15",9,component_10,0.014243210021514945,0.014243210021514945,0.0002443195699983747,-0.00010346889200466003,-2.676291305140816e-05,3.9109721511970396e-05,-1.9613021005474127,0.14285714285714285
2,"[6, 15]","6,15",10,component_11,0.009932883556169945,0.009932883556169945,0.0002443195699983747,9.018711173499304e-05,-3.342324773428173e-05,4.450708781904222e-05,2.7773185244528285,0.23809523809523808
2,"[6, 15]","6,15",19,component_20,0.03277540906434133,0.03277540906434133,0.0002443195699983747,-0.00032006111742693966,-2.9904423910618898e-05,4.05790349889612e-05,-7.150408914239896,0.047619047619047616
2,"[6, 15]","6,15",20,component_21,0.018990963969162018,0.018990963969162018,0.0002443195699983747,0.0006816567271920627,-2.0009106178472455e-05,3.5366109617709244e-05,19.840062731106354,0.047619047619047616
2,"[6, 15]","6,15",25,component_26,0.007531547450861363,0.007531547450861363,0.0002443195699983747,-0.00011541830393032009,-7.534219736841341e-06,1.3268731859857773e-05,-8.130700456753006,0.047619047619047616
2,"[6, 15]","6,15",28,component_29,0.008111616574904251,0.008111616574904251,0.0002443195699983747,7.092597682170979e-05,-3.2331289217448065e-05,4.3040975497983695e-05,2.3990456732095917,0.23809523809523808
2,"[6, 15]","6,15",31,component_32,0.007677603264107618,0.007677603264107618,0.0002443195699983747,-6.543168768701531e-05,-3.082790926820072e-05,4.685408043498674e-05,-0.7385435398060948,0.23809523809523808
2,"[6, 15]","6,15",34,component_35,0.03826029737299818,0.03826029737299818,0.0002443195699983747,0.0017144437223470324,-2.2214374660127813e-05,3.821160269233817e-05,45.44844954528375,0.047619047619047616
2,"[6, 15]","6,15",35,component_36,0.02412149604067884,0.02412149604067884,0.0002443195699983747,-0.00019624460022473963,-2.358270258044063e-05,4.1626972024229164e-05,-4.147837069287681,0.047619047619047616
2,"[6, 15]","6,15",38,component_39,0.011230833697108561,0.011230833697108561,0.0002443195699983747,-0.00012136685690848116,-1.7273136318955587e-05,3.320735233946742e-05,-3.1346588407714964,0.09523809523809523
2,"[6, 15]","6,15",46,component_47,0.07179767158274492,0.07179767158274492,0.0002443195699983747,1.7665949618356214e-05,-1.4411160762522037e-05,3.680353426329505e-05,0.8715769021365276,0.2857142857142857
2,"[6, 15]","6,15",49,component_50,0.03186511274299415,0.03186511274299415,0.0002443195699983747,0.0002833554219686604,-3.663096301749824e-05,5.295590605577234e-05,6.042506092694438,0.047619047619047616
2,"[6, 15]","6,15",53,component_54,0.01145776195043769,0.01145776195043769,0.0002443195699983747,-0.0001880027558793084,-3.1997957388283125e-05,4.9358847826627864e-05,-3.160624799002391,0.047619047619047616
2,"[6, 15]","6,15",58,component_59,0.015647742395151924,0.015647742395151924,0.0002443195699983747,-0.00015580741547663313,-2.0127891762482027e-05,2.4984619393553805e-05,-5.430521937394704,0.047619047619047616
2,"[6, 15]","6,15",59,component_60,0.020501604716396938,0.020501604716396938,0.0002443195699983747,0.00029966013469658395,-4.923830227395499e-05,4.9327560919817244e-05,7.073093225462315,0.047619047619047616
2,"[6, 16]","6,16",2,component_03,0.04463825209034298,0.04463825209034298,0.0002443195699983747,0.0006876834955691288,-2.2341500100136783e-05,3.823376180713249e-05,18.570628735172242,0.047619047619047616
2,"[6, 16]","6,16",10,component_11,0.011320501722553368,0.011320501722553368,0.0002443195699983747,-0.00013910725165379445,-2.590130611129384e-05,4.178854012684123e-05,-2.7090189128140234,0.047619047619047616
2,"[6, 16]","6,16",11,component_12,0.009516747908976823,0.009516747908976823,0.0002443195699983747,-7.11472363874241e-05,-3.213378495593423e-05,3.472100024299992e-05,-1.123626945031785,0.23809523809523808
2,"[6, 16]","6,16",19,component_20,0.05885756927313576,0.05885756927313576,0.0002443195699983747,0.00284723037005271,-1.5458391303884948e-05,3.205753029909076e-05,89.2984810323267,0.047619047619047616
2,"[6, 16]","6,16",20,component_21,0.009783736960777318,0.009783736960777318,0.0002443195699983747,-5.1217531937852376e-05,-2.1736813262979045e-05,4.036658653107158e-05,-0.7303247861243106,0.2857142857142857
2,"[6, 16]","6,16",21,component_22,0.009004484352390079,0.009004484352390079,0.0002443195699983747,-0.00011035278328978826,-1.0870290652800763e-05,2.042925088239392e-05,-4.869610403713934,0.047619047619047616
2,"[6, 16]","6,16",25,component_26,0.007562617291330245,0.007562617291330245,0.0002443195699983747,-8.434846346143821e-05,-3.575134603661157e-05,4.706696197300046e-05,-1.032510180977985,0.2857142857142857
2,"[6, 16]","6,16",28,component_29,0.015038923780731635,0.015038923780731635,0.0002443195699983747,-0.00020187498779374556,-3.890250562092052e-05,4.867817083951551e-05,-3.3479582195091186,0.047619047619047616
2,"[6, 16]","6,16",29,component_30,0.009914304491582242,0.009914304491582242,0.0002443195699983747,-0.00014601558743154892,-2.6903602110468522e-05,4.057189075201911e-05,-2.9358253488630583,0.047619047619047616
2,"[6, 16]","6,16",31,component_32,0.017082086633855284,0.017082086633855284,0.0002443195699983747,0.00010714362366269839,-2.833628456511677e-05,4.478764237144418e-05,3.0249394934481924,0.14285714285714285
2,"[6, 16]","6,16",32,component_33,0.016633384219263605,0.016633384219263605,0.0002443195699983747,-0.00019054271691826621,-2.707334909921569e-05,4.448367937161861e-05,-3.6748166997028338,0.047619047619047616
2,"[6, 16]","6,16",34,component_35,0.02109751711595737,0.02109751711595737,0.0002443195699983747,9.109523828838492e-05,-3.4551341160712604e-05,3.737946240693227e-05,3.361380056279127,0.14285714285714285
2,"[6, 16]","6,16",36,component_37,0.011388055869580487,0.011388055869580487,0.0002443195699983747,-0.00012126972857531317,-2.603411130898696e-05,3.917968793303549e-05,-2.430739556402274,0.09523809523809523
2,"[6, 16]","6,16",39,component_40,0.009662357495013617,0.009662357495013617,0.0002443195699983747,9.0491876600882e-05,-3.186097180644048e-05,5.0818167926804136e-05,2.4076595713476565,0.2857142857142857
2,"[6, 16]","6,16",43,component_44,0.018545340354820385,0.018545340354820385,0.0002443195699983747,-0.0001401612735720155,-1.957045608025555e-05,3.5431400824522526e-05,-3.4035012640058393,0.047619047619047616
2,"[6, 16]","6,16",49,component_50,0.03203198798197494,0.03203198798197494,0.0002443195699983747,0.0002705117803259785,-2.742700774533004e-05,4.403527314066378e-05,6.765912115943729,0.047619047619047616
2,"[6, 16]","6,16",53,component_54,0.014482326264148113,0.014482326264148113,0.0002443195699983747,-0.00019348874690523765,-3.561273054006904e-05,4.09626973519193e-05,-3.854141122807953,0.047619047619047616
2,"[6, 16]","6,16",57,component_58,0.017934736034078483,0.017934736034078483,0.0002443195699983747,-7.285757188557965e-05,-1.901374684040378e-05,3.783166397974016e-05,-1.4232476021676086,0.19047619047619047
2,"[6, 16]","6,16",58,component_59,0.0182793870973737,0.0182793870973737,0.0002443195699983747,0.0003872666915434239,-3.5338720580158374e-05,3.920326091381266e-05,10.779853570157574,0.047619047619047616
2,"[6, 18]","6,18",2,component_03,0.04798504320165708,0.04798504320165708,0.0002443195699983747,-0.0002643966771298592,-1.5874331626551033e-05,3.734356255697385e-05,-6.655025082948254,0.047619047619047616
2,"[6, 18]","6,18",7,component_08,0.02703294514515786,0.02703294514515786,0.0002443195699983747,0.0005552942502451419,-1.9144385071528024e-05,3.580620254671994e-05,16.04299239963083,0.047619047619047616
2,"[6, 18]","6,18",10,component_11,0.010546845712262037,0.010546845712262037,0.0002443195699983747,-0.0001340098932832122,-3.555736205530211e-05,4.856495722491641e-05,-2.027233973911516,0.047619047619047616
2,"[6, 18]","6,18",16,component_17,0.04477941524161248,0.04477941524161248,0.0002443195699983747,0.0003147999727458953,-9.89363456077049e-06,2.3937424953302766e-05,13.564266329401741,0.047619047619047616
2,"[6, 18]","6,18",19,component_20,0.02118992790610561,0.02118992790610561,0.0002443195699983747,-9.886954190380798e-05,-2.2713979737568788e-05,3.4582828301770436e-05,-2.202120702844321,0.09523809523809523
2,"[6, 18]","6,18",20,component_21,0.010030762224675093,0.010030762224675093,0.0002443195699983747,8.660082322684351e-05,-1.0338386067565817e-05,2.7558923383028642e-05,3.5175252656679072,0.09523809523809523
2,"[6, 18]","6,18",25,component_26,0.00853819199390073,0.00853819199390073,0.0002443195699983747,-0.00012486996918999183,-1.810839659663759e-05,3.191424695152328e-05,-3.345263723612894,0.047619047619047616
2,"[6, 18]","6,18",27,component_28,0.017226549561248604,0.017226549561248604,0.0002443195699983747,0.0002684885698351139,-3.3777534459765085e-05,4.9602216232136e-05,6.09380239947925,0.047619047619047616
2,"[6, 18]","6,18",28,component_29,0.0091758336981613,0.0091758336981613,0.0002443195699983747,-0.00014145225164598034,-4.460979786652431e-05,4.833488852001106e-05,-2.0035725072452046,0.047619047619047616
2,"[6, 18]","6,18",29,component_30,0.033682625901655765,0.033682625901655765,0.0002443195699983747,0.0006617153102164222,-1.331755850087864e-05,3.185116873762053e-05,21.19334691539893,0.047619047619047616
2,"[6, 18]","6,18",33,component_34,0.017488850982811607,0.017488850982811607,0.0002443195699983747,0.0001347111633626663,-2.0865398890152562e-05,3.698942935307885e-05,4.205973570659297,0.047619047619047616
2,"[6, 18]","6,18",34,component_35,0.021761260146397104,0.021761260146397104,0.0002443195699983747,-0.00018245479098326356,-2.3985249618510695e-05,3.944318164191677e-05,-4.017666292831339,0.047619047619047616
2,"[6, 18]","6,18",41,component_42,0.02762953569017266,0.02762953569017266,0.0002443195699983747,0.0005127453139849164,-2.0093798884068987e-05,4.6943168139472906e-05,11.350727570961263,0.047619047619047616
2,"[6, 18]","6,18",44,component_45,0.060126993604406605,0.060126993604406605,0.0002443195699983747,0.0007173356720534332,-3.696964173213475e-05,4.995971299729485e-05,15.098271557853245,0.047619047619047616
2,"[6, 18]","6,18",49,component_50,0.034577927880734945,0.034577927880734945,0.0002443195699983747,-0.00029687937923766894,-1.321714960238561e-05,3.5481155361832904e-05,-7.994729222950246,0.047619047619047616
2,"[6, 18]","6,18",53,component_54,0.012806573541248345,0.012806573541248345,0.0002443195699983747,-0.00021440040160578162,-2.013139555775608e-05,4.245984445458108e-05,-4.575358401414621,0.047619047619047616
2,"[6, 18]","6,18",56,component_57,0.02735061759256177,0.02735061759256177,0.0002443195699983747,-8.205896755876518e-05,-4.2432948529045296e-05,4.806634157001625e-05,-0.8244026430012008,0.3333333333333333
2,"[6, 18]","6,18",57,component_58,0.017374577890150067,0.017374577890150067,0.0002443195699983747,0.00012281105783081697,-2.566953912902201e-05,3.487168310429949e-05,4.257913118668256,0.047619047619047616
2,"[6, 18]","6,18",58,component_59,0.03137912987101527,0.03137912987101527,0.0002443195699983747,-0.0002771351217896248,-3.1872797236479763e-05,4.53203711333319e-05,-5.411745720960376,0.047619047619047616
2,"[6, 24]","6,24",0,component_01,0.016343093012479742,0.016343093012479742,0.0002443195699983747,0.0003945791075129698,-1.5233320050064912e-05,2.901965528505207e-05,14.121891646801464,0.047619047619047616
2,"[6, 24]","6,24",1,component_02,0.024655942373554878,0.024655942373554878,0.0002443195699983747,0.00012878274322235955,-2.5466961308035168e-05,4.5776397633952515e-05,3.3696339708476133,0.047619047619047616
2,"[6, 24]","6,24",2,component_03,0.06009895405759766,0.06009895405759766,0.0002443195699983747,0.002694220740026565,-1.5745151649135753e-05,3.784469946759537e-05,71.60754160555871,0.047619047619047616
2,"[6, 24]","6,24",7,component_08,0.021100759155763326,0.021100759155763326,0.0002443195699983747,0.00042750307340948604,-3.185391462997962e-05,3.7970626579831616e-05,12.097693122700708,0.047619047619047616
2,"[6, 24]","6,24",10,component_11,0.02517050295634323,0.02517050295634323,0.0002443195699983747,0.0008647973229678405,-6.8995709774499295e-06,1.9774244022198153e-05,44.08243839646874,0.047619047619047616
2,"[6, 24]","6,24",12,component_13,0.01993856611123135,0.01993856611123135,0.0002443195699983747,-0.00010599333297268976,-2.548848322611059e-05,4.216419599668716e-05,-1.9093177954325142,0.19047619047619047
2,"[6, 24]","6,24",14,component_15,0.06938910062904682,0.06938910062904682,0.0002443195699983747,0.0005665187921172765,-2.7928882479014025e-05,4.130354339605712e-05,14.392171366416884,0.047619047619047616
2,"[6, 24]","6,24",17,component_18,0.01275309439367487,0.01275309439367487,0.0002443195699983747,-7.195773352821483e-05,-6.451907229671791e-05,4.893808745063485e-05,-0.1520014700002425,0.47619047619047616
2,"[6, 24]","6,24",19,component_20,0.021074639613380797,0.021074639613380797,0.0002443195699983747,-5.926761695793786e-05,-3.784538490252339e-05,4.147764765443033e-05,-0.5164765425921234,0.3333333333333333
2,"[6, 24]","6,24",20,component_21,0.010100304846322735,0.010100304846322735,0.0002443195699983747,8.887472846586669e-05,-2.0981855280304595e-05,3.897861539271651e-05,2.818380864464953,0.19047619047619047
2,"[6, 24]","6,24",25,component_26,0.007525178865007141,0.007525178865007141,0.0002443195699983747,-0.00012178688978454252,-2.3222340043499566e-05,3.893189756053764e-05,-2.5317170730704506,0.047619047619047616
2,"[6, 24]","6,24",28,component_29,0.008378179863815914,0.008378179863815914,0.0002443195699983747,-8.49083677059645e-05,-3.02224885833145e-05,4.584171289210486e-05,-1.1929283543867824,0.2857142857142857
2,"[6, 24]","6,24",33,component_34,0.030998581167524242,0.030998581167524242,0.0002443195699983747,-0.00010567530740738726,-2.8068376031191227e-05,4.582349229863697e-05,-1.6936057791148422,0.19047619047619047
2,"[6, 24]","6,24",34,component_35,0.02480883336651179,0.02480883336651179,0.0002443195699983747,0.0005499348625164491,-2.9670694284617982e-05,4.713053464179064e-05,12.297877823926292,0.047619047619047616
2,"[6, 24]","6,24",49,component_50,0.031040092172446805,0.031040092172446805,0.0002443195699983747,-0.00011488742373647401,-3.518959515854147e-05,4.574496268396288e-05,-1.742220867651352,0.09523809523809523
2,"[6, 24]","6,24",53,component_54,0.013514596226422362,0.013514596226422362,0.0002443195699983747,0.0003462493530770605,-3.876291336783922e-05,4.554440690289082e-05,8.453557585365372,0.047619047619047616
2,"[6, 24]","6,24",58,component_59,0.015048314869850234,0.015048314869850234,0.0002443195699983747,-6.219862725671474e-05,-4.8070407680658647e-05,4.921785758138914e-05,-0.2870547453775889,0.42857142857142855
2,"[6, 29]","6,29",2,component_03,0.04542495802669375,0.04542495802669375,0.0002443195699983747,-0.0002118077121716494,-2.2701641070106103e-05,3.976919197733879e-05,-4.755089598232204,0.047619047619047616
2,"[6, 29]","6,29",7,component_08,0.014250178047454234,0.014250178047454234,0.0002443195699983747,0.0003067558873751843,-2.9848547671722758e-05,3.7213570976967825e-05,9.045206525738632,0.047619047619047616
2,"[6, 29]","6,29",10,component_11,0.010395101681792715,0.010395101681792715,0.0002443195699983747,-0.00010437907712128151,-8.80833715118912e-06,1.768934224005529e-05,-5.402729998274582,0.047619047619047616
2,"[6, 29]","6,29",11,component_12,0.03287265028278617,0.03287265028278617,0.0002443195699983747,5.541859042068609e-05,-1.9921059223107027e-05,3.0383157173119114e-05,2.479651775966467,0.19047619047619047
2,"[6, 29]","6,29",18,component_19,0.011368577611295588,0.011368577611295588,0.0002443195699983747,-6.59473877003755e-05,-2.6277260656783598e-05,4.8370298148818256e-05,-0.8201340194666775,0.23809523809523808
2,"[6, 29]","6,29",19,component_20,0.02290106859776221,0.02290106859776221,0.0002443195699983747,-0.00019005789658444253,-2.2263262072647024e-05,3.606887873898742e-05,-4.652061288792535,0.047619047619047616
2,"[6, 29]","6,29",20,component_21,0.011054038298796028,0.011054038298796028,0.0002443195699983747,-0.00012983057193174073,-3.636688624788656e-05,4.9248309743342466e-05,-1.8978049433765365,0.047619047619047616
2,"[6, 29]","6,29",25,component_26,0.009593615016980691,0.009593615016980691,0.0002443195699983747,0.00019731398659144674,-3.367436681260521e-05,4.135450022269447e-05,5.585567523732048,0.047619047619047616
2,"[6, 29]","6,29",28,component_29,0.009579564057359474,0.009579564057359474,0.0002443195699983747,0.0001806984758307012,-3.500727161920722e-05,5.299946227864284e-05,4.069961055752659,0.047619047619047616
2,"[6, 29]","6,29",34,component_35,0.021602334838613957,0.021602334838613957,0.0002443195699983747,-0.00014041758891066708,-2.6104127547274808e-05,4.236935092270197e-05,-2.6980224826182515,0.047619047619047616
2,"[6, 29]","6,29",36,component_37,0.008626025026648512,0.008626025026648512,0.0002443195699983747,-0.000121696061574866,-3.588474112509916e-05,4.3628270523066116e-05,-1.9668742175878524,0.047619047619047616
2,"[6, 29]","6,29",37,component_38,0.01647509240964588,0.01647509240964588,0.0002443195699983747,-9.806776494377875e-05,-2.5444273559419592e-05,4.086320584322976e-05,-1.7772343086094764,0.19047619047619047
2,"[6, 29]","6,29",42,component_43,0.010822532296865613,0.010822532296865613,0.0002443195699983747,-1.5333466828313172e-05,-3.168807240093047e-05,4.16907466919335e-05,0.39228382483688296,0.47619047619047616
2,"[6, 29]","6,29",43,component_44,0.08822265694068006,0.08822265694068006,0.0002443195699983747,-0.00021926773904280827,-2.0651683959339854e-05,3.683826894135105e-05,-5.391568626627876,0.047619047619047616
2,"[6, 29]","6,29",44,component_45,0.032585242707251716,0.032585242707251716,0.0002443195699983747,-0.00019136270484662599,-1.445665033875079e-05,2.9126959988077362e-05,-6.073618893983057,0.047619047619047616
2,"[6, 29]","6,29",49,component_50,0.031033808757379072,0.031033808757379072,0.0002443195699983747,-0.00012117083880420695,-4.7663812429225295e-05,4.990100577368463e-05,-1.4730570102806562,0.09523809523809523
2,"[6, 29]","6,29",53,component_54,0.01800396916979251,0.01800396916979251,0.0002443195699983747,-0.00021907760848315083,-2.5857106588879765e-05,4.210066346880252e-05,-4.589488287695312,0.047619047619047616
2,"[6, 29]","6,29",57,component_58,0.010078181043680908,0.010078181043680908,0.0002443195699983747,7.659535196065555e-05,-2.3370135173930014e-05,4.151506019962677e-05,2.4079330887128103,0.23809523809523808
2,"[6, 29]","6,29",58,component_59,0.015619624107065161,0.015619624107065161,0.0002443195699983747,-0.00011963114557021065,-1.9765816895706134e-05,3.250994352036845e-05,-3.0718395007956842,0.09523809523809523
2,"[6, 29]","6,29",59,component_60,0.013369658893188044,0.013369658893188044,0.0002443195699983747,0.000189379692212166,-3.247471534651811e-05,4.276513736363037e-05,5.187739856235333,0.047619047619047616
2,"[6, 32]","6,32",2,component_03,0.04162829268705324,0.04162829268705324,0.0002443195699983747,-2.0477082090901433e-05,-4.083520373842856e-05,4.692747597167221e-05,0.43382093807509087,0.5238095238095238
2,"[6, 32]","6,32",10,component_11,0.011008691418941528,0.011008691418941528,0.0002443195699983747,-2.1332507395182068e-05,-2.601609078160101e-05,4.1528672548588374e-05,0.11277951109415232,0.3333333333333333
2,"[6, 32]","6,32",11,component_12,0.012441592062984955,0.012441592062984955,0.0002443195699983747,-5.00988989601131e-05,-2.7967547097175646e-05,3.993306635751218e-05,-0.5542111808995634,0.23809523809523808
2,"[6, 32]","6,32",16,component_17,0.018964410356796912,0.018964410356796912,0.0002443195699983747,-2.1481539282133116e-05,-1.7077750165067234e-05,3.688159818763502e-05,-0.11940342429472874,0.23809523809523808
2,"[6, 32]","6,32",18,component_19,0.020307080760524066,0.020307080760524066,0.0002443195699983747,4.544492638833275e-05,-1.937213847362911e-05,3.4150617723746785e-05,1.8979763524713937,0.19047619047619047
2,"[6, 32]","6,32",19,component_20,0.04696817513575483,0.04696817513575483,0.0002443195699983747,0.0007968712286244642,-1.519184178433071e-05,2.409235338462566e-05,33.70625764301658,0.047619047619047616
2,"[6, 32]","6,32",20,component_21,0.01096376623508091,0.01096376623508091,0.0002443195699983747,-2.1570190943273615e-05,-2.4934339606328748e-05,4.023084887742407e-05,0.08362112053128856,0.3333333333333333
2,"[6, 32]","6,32",21,component_22,0.012467846584871174,0.012467846584871174,0.0002443195699983747,-2.1220245361514706e-05,-2.49826633332924e-05,4.287462551443517e-05,0.08775395532051823,0.3333333333333333
2,"[6, 32]","6,32",25,component_26,0.008455356717317022,0.008455356717317022,0.0002443195699983747,-2.1001658460860148e-05,-1.6847597782049585e-05,4.0529499956119864e-05,-0.10249474292325457,0.19047619047619047
2,"[6, 32]","6,32",26,component_27,0.012494241608007535,0.012494241608007535,0.0002443195699983747,0.00012377949338377402,-2.275320728701354e-05,3.903137844027087e-05,3.7542281755440525,0.047619047619047616
2,"[6, 32]","6,32",27,component_28,0.019899078053306905,0.019899078053306905,0.0002443195699983747,-1.7643823772235667e-05,-3.8156161035829804e-05,4.3271039365620694e-05,0.47404309127576466,0.5714285714285714
2,"[6, 32]","6,32",28,component_29,0.00848379418782495,0.00848379418782495,0.0002443195699983747,-1.9542495998959783e-05,-3.245420134083817e-05,4.313939472245353e-05,0.29930195880003857,0.42857142857142855
2,"[6, 32]","6,32",34,component_35,0.023357748801635433,0.023357748801635433,0.0002443195699983747,9.684270302824649e-06,-1.1161170146764632e-05,2.5417238395364346e-05,0.8201300285003079,0.2857142857142857
2,"[6, 32]","6,32",36,component_37,0.02665081256713044,0.02665081256713044,0.0002443195699983747,-0.00011629235197209084,-3.88206922556856e-05,4.3016877395765725e-05,-1.8009596327424502,0.047619047619047616
2,"[6, 32]","6,32",42,component_43,0.02276775596143323,0.02276775596143323,0.0002443195699983747,-7.036011719999472e-05,-2.386499279347701e-05,3.547693127508289e-05,-1.3105734553533215,0.23809523809523808
2,"[6, 32]","6,32",43,component_44,0.02348820084250751,0.02348820084250751,0.0002443195699983747,0.00011722017658713155,-8.878042755253767e-06,2.166381251516547e-05,5.820684574984754,0.047619047619047616
2,"[6, 32]","6,32",49,component_50,0.03164740769983336,0.03164740769983336,0.0002443195699983747,9.109368657227168e-05,-2.1685237798575874e-05,4.067289187012669e-05,2.7728277775517878,0.23809523809523808
2,"[6, 32]","6,32",53,component_54,0.01059821471144674,0.01059821471144674,0.0002443195699983747,5.941378709194492e-05,-2.7078817258781968e-05,3.650231883524624e-05,2.369509858842463,0.23809523809523808
2,"[6, 32]","6,32",58,component_59,0.015042889917326094,0.015042889917326094,0.0002443195699983747,-1.4196204510411384e-05,-2.387463861932035e-05,3.779447851759464e-05,0.2560806363395997,0.38095238095238093
2,"[6, 35]","6,35",0,component_01,0.017148970252352173,0.017148970252352173,0.0002443195699983747,-0.00015636931059843234,-1.829368364054084e-05,3.641279497048774e-05,-3.7919535446208026,0.047619047619047616
2,"[6, 35]","6,35",2,component_03,0.0417764363842764,0.0417764363842764,0.0002443195699983747,0.00012923465120204258,-6.189929891462164e-06,1.6091500196687752e-05,8.415907742485087,0.047619047619047616
2,"[6, 35]","6,35",5,component_06,0.014986044185553611,0.014986044185553611,0.0002443195699983747,-0.00015884391657450259,-1.524916486917708e-05,3.045284420211904e-05,-4.715314955551297,0.047619047619047616
2,"[6, 35]","6,35",8,component_09,0.02257054942810905,0.02257054942810905,0.0002443195699983747,-0.00014725003279111512,-1.88901032097295e-05,3.371649386038323e-05,-3.8070367017671463,0.047619047619047616
2,"[6, 35]","6,35",10,component_11,0.013121891673163973,0.013121891673163973,0.0002443195699983747,0.0002794924361556733,-1.9665003340110695e-05,3.632529624032054e-05,8.235512726905823,0.047619047619047616
2,"[6, 35]","6,35",15,component_16,0.016831229203540105,0.016831229203540105,0.0002443195699983747,-0.0001578603518307617,-3.258667762239391e-05,4.703268357833534e-05,-2.6635451068769673,0.047619047619047616
2,"[6, 35]","6,35",19,component_20,0.021512681958860594,0.021512681958860594,0.0002443195699983747,0.0001305697632209904,-1.95274177808166e-05,2.607347400376451e-05,5.756700506427944,0.047619047619047616
2,"[6, 35]","6,35",20,component_21,0.026645131090312697,0.026645131090312697,0.0002443195699983747,0.0008210836729832631,-2.8131488427506623e-05,4.3062437120673115e-05,19.72055504037147,0.047619047619047616
2,"[6, 35]","6,35",23,component_24,0.010136218684103568,0.010136218684103568,0.0002443195699983747,-4.890398420741987e-05,-4.0314723968572585e-05,5.011217874711941e-05,-0.17140065456325865,0.42857142857142855
2,"[6, 35]","6,35",25,component_26,0.024168096584056702,0.024168096584056702,0.0002443195699983747,0.0006848724035598969,-2.6866170205741672e-05,4.386471191777888e-05,16.225766513632628,0.047619047619047616
2,"[6, 35]","6,35",28,component_29,0.00790909026450404,0.00790909026450404,0.0002443195699983747,-7.965591720319326e-05,-4.072913654746106e-05,4.825088245799668e-05,-0.8067579010522494,0.3333333333333333
2,"[6, 35]","6,35",34,component_35,0.025304778031410534,0.025304778031410534,0.0002443195699983747,-0.00016663153403410902,-3.634526630067777e-05,4.5790106548907806e-05,-2.8452929585187627,0.047619047619047616
2,"[6, 35]","6,35",40,component_41,0.017762430576885455,0.017762430576885455,0.0002443195699983747,0.00013918276241092764,-2.6563231708146766e-05,4.408111712964527e-05,3.7600225427954848,0.047619047619047616
2,"[6, 35]","6,35",45,component_46,0.010815300420602216,0.010815300420602216,0.0002443195699983747,0.00017518766092751784,-1.520041368442312e-05,3.0102349405532584e-05,6.324691539755667,0.047619047619047616
2,"[6, 35]","6,35",47,component_48,0.017095604546999543,0.017095604546999543,0.0002443195699983747,0.00023589404916617152,-4.151243777733715e-05,5.425774734748639e-05,5.112753486924115,0.047619047619047616
2,"[6, 35]","6,35",49,component_50,0.0340241030954582,0.0340241030954582,0.0002443195699983747,0.000511521916009762,-2.2048923021895027e-05,4.118453130342574e-05,12.95561275423024,0.047619047619047616
2,"[6, 35]","6,35",53,component_54,0.011769515197483926,0.011769515197483926,0.0002443195699983747,-0.0001271814219612616,-2.3031746923375404e-05,3.885147232967481e-05,-2.6807137231279783,0.047619047619047616
2,"[6, 35]","6,35",58,component_59,0.022777315766553504,0.022777315766553504,0.0002443195699983747,-0.00016094786502885566,-2.1188389287552617e-05,3.749704681823407e-05,-3.7272128767575587,0.047619047619047616
2,"[7, 13]","7,13",0,component_01,0.014261443315702196,0.014261443315702196,0.0002443195699983747,-0.00021028079265537208,-1.5412146814055597e-05,2.2635385970273828e-05,-8.609026861624091,0.047619047619047616
2,"[7, 13]","7,13",2,component_03,0.028140601408896085,0.028140601408896085,0.0002443195699983747,0.0001534826757509239,-3.6770443087927136e-05,4.115764442044977e-05,4.622546346319106,0.047619047619047616
2,"[7, 13]","7,13",3,component_04,0.016072356792078725,0.016072356792078725,0.0002443195699983747,0.00027644800636655864,-3.427754963110161e-05,3.9211789710377774e-05,7.924289054203098,0.047619047619047616
2,"[7, 13]","7,13",5,component_06,0.04180781836405867,0.04180781836405867,0.0002443195699983747,-7.455609827011767e-05,-2.6765243520200003e-05,4.0216424830646535e-05,-1.1883417024553389,0.23809523809523808
2,"[7, 13]","7,13",6,component_07,0.013166641052433169,0.013166641052433169,0.0002443195699983747,-0.000196768766858528,-3.3115990855118194e-05,4.365705207232859e-05,-3.7485988685694798,0.047619047619047616
2,"[7, 13]","7,13",16,component_17,0.026654194463886022,0.026654194463886022,0.0002443195699983747,-0.00010527264185284171,-2.6865918155694162e-05,3.932170309436718e-05,-1.9939808687579275,0.14285714285714285
2,"[7, 13]","7,13",18,component_19,0.1454978786743532,0.1454978786743532,0.0002443195699983747,0.006492251576604102,-4.196586326125886e-05,4.7203048296673005e-05,138.42787014087625,0.047619047619047616
2,"[7, 13]","7,13",19,component_20,0.03665829623859134,0.03665829623859134,0.0002443195699983747,0.0014830028420009453,-5.857491377141808e-06,1.3693763839380536e-05,108.72542792774193,0.047619047619047616
2,"[7, 13]","7,13",21,component_22,0.01583585567742081,0.01583585567742081,0.0002443195699983747,0.00021628522158996522,-4.766103002854835e-05,5.124808157534486e-05,5.150363555179331,0.047619047619047616
2,"[7, 13]","7,13",26,component_27,0.028210807943066137,0.028210807943066137,0.0002443195699983747,0.0004940959546104462,-2.0659603816211752e-05,3.7463495656496665e-05,13.740190268053444,0.047619047619047616
2,"[7, 13]","7,13",28,component_29,0.018478257109390425,0.018478257109390425,0.0002443195699983747,0.00046429083184460276,-2.330844165334918e-05,4.431919711656179e-05,11.001987969582133,0.047619047619047616
2,"[7, 13]","7,13",29,component_30,0.04505709272514968,0.04505709272514968,0.0002443195699983747,-0.0002192716055021346,-3.618631642149071e-05,4.5421098345800515e-05,-4.030842400304293,0.047619047619047616
2,"[7, 13]","7,13",34,component_35,0.03459720159490872,0.03459720159490872,0.0002443195699983747,-9.389593317905148e-05,-2.9794347002592628e-05,4.3034777608147146e-05,-1.4895298579241045,0.19047619047619047
2,"[7, 13]","7,13",47,component_48,0.018404938554815703,0.018404938554815703,0.0002443195699983747,0.00044588889304601406,-3.6127711814147774e-05,4.4395954429094274e-05,10.85721911058362,0.047619047619047616
2,"[7, 13]","7,13",49,component_50,0.009148415812091236,0.009148415812091236,0.0002443195699983747,0.00010872031659737991,-2.8781546541127095e-05,3.921495276261116e-05,3.506363094987733,0.047619047619047616
2,"[7, 13]","7,13",53,component_54,0.05223308817668504,0.05223308817668504,0.0002443195699983747,0.0008801359265334166,-2.0821325678672493e-05,3.823802577783948e-05,23.561814028961482,0.047619047619047616
2,"[7, 13]","7,13",58,component_59,0.023799147391625135,0.023799147391625135,0.0002443195699983747,0.0006455602575971206,-4.959214485715495e-05,4.9690433859335015e-05,13.989662566081254,0.047619047619047616
2,"[7, 13]","7,13",59,component_60,0.012597955791510402,0.012597955791510402,0.0002443195699983747,-0.0001420116997033708,-4.8430279242216924e-05,4.436328498786112e-05,-2.1094339719603736,0.047619047619047616
2,"[7, 14]","7,14",0,component_01,0.021449272213092924,0.021449272213092924,0.0002443195699983747,0.0003404498155801308,-1.9059295773581437e-05,3.127283913127185e-05,11.495889766983598,0.047619047619047616
2,"[7, 14]","7,14",1,component_02,0.030634110610722243,0.030634110610722243,0.0002443195699983747,0.0001126724584295559,-1.798400119375781e-05,3.421062886437633e-05,3.8191773714913153,0.047619047619047616
2,"[7, 14]","7,14",2,component_03,0.030823094464215068,0.030823094464215068,0.0002443195699983747,6.119719826131603e-05,-3.065158708827891e-05,4.641235994823976e-05,1.9789725291285993,0.2857142857142857
2,"[7, 14]","7,14",5,component_06,0.04554226202936366,0.04554226202936366,0.0002443195699983747,0.00047320353720983754,-1.7708484547376744e-05,3.1372886799606286e-05,15.647652219348046,0.047619047619047616
2,"[7, 14]","7,14",6,component_07,0.026440507957775288,0.026440507957775288,0.0002443195699983747,6.287417933089484e-05,-2.9713169407235468e-05,4.7893375859101875e-05,1.9331973801661881,0.2857142857142857
2,"[7, 14]","7,14",18,component_19,0.046364267875647694,0.046364267875647694,0.0002443195699983747,-2.3542980558961812e-05,-2.627080655433225e-05,4.831725973982932e-05,0.05645655424290986,0.2857142857142857
2,"[7, 14]","7,14",19,component_20,0.019602888057325556,0.019602888057325556,0.0002443195699983747,0.00011868455357433999,-3.163047110939765e-06,1.144434081609249e-05,10.646974137116175,0.047619047619047616
2,"[7, 14]","7,14",22,component_23,0.018118044800719144,0.018118044800719144,0.0002443195699983747,3.01801028703072e-05,-1.9463961050407438e-05,4.0499394135210335e-05,1.2257976935401582,0.23809523809523808
2,"[7, 14]","7,14",25,component_26,0.02418684877867785,0.02418684877867785,0.0002443195699983747,6.279071263115901e-05,-3.5639307591582856e-05,3.486804104540165e-05,2.8229294583706674,0.2857142857142857
2,"[7, 14]","7,14",26,component_27,0.02587509307227507,0.02587509307227507,0.0002443195699983747,7.629200631187674e-05,-3.406688915260795e-05,3.847019465159076e-05,2.8686856529830767,0.23809523809523808
2,"[7, 14]","7,14",28,component_29,0.01537172743633935,0.01537172743633935,0.0002443195699983747,-2.385373519005543e-05,-4.7638676025460004e-05,5.003037193398365e-05,0.47541003426457445,0.47619047619047616
2,"[7, 14]","7,14",34,component_35,0.038520983222436994,0.038520983222436994,0.0002443195699983747,0.0004245424544134929,-3.9632111520113784e-05,4.22377488527449e-05,10.989566881319279,0.047619047619047616
2,"[7, 14]","7,14",39,component_40,0.014626315344282685,0.014626315344282685,0.0002443195699983747,3.3278232456012205e-05,-2.185624185121087e-05,3.7255298137284874e-05,1.4799096253116502,0.3333333333333333
2,"[7, 14]","7,14",46,component_47,0.009430314965541545,0.009430314965541545,0.0002443195699983747,-9.367970040594781e-05,-2.472509320034229e-05,4.0846464544126556e-05,-1.6881413844547954,0.19047619047619047
2,"[7, 14]","7,14",47,component_48,0.014810752943091796,0.014810752943091796,0.0002443195699983747,5.33511976143191e-05,-3.206119509751325e-05,4.711161397480382e-05,1.8129795501702086,0.3333333333333333
2,"[7, 14]","7,14",52,component_53,0.011205563752709776,0.011205563752709776,0.0002443195699983747,7.376817459557594e-05,-4.51982249919129e-05,4.7407730085144245e-05,2.509430410901878,0.3333333333333333
2,"[7, 14]","7,14",53,component_54,0.05421086979986568,0.05421086979986568,0.0002443195699983747,0.0007557685093075583,-1.7865537796066217e-05,3.836810994322937e-05,20.163465134152222,0.047619047619047616
2,"[7, 14]","7,14",58,component_59,0.02087423269744243,0.02087423269744243,0.0002443195699983747,2.5363616059544125e-06,-4.294156959349496e-05,4.2204143597949e-05,1.0775702886590375,0.6666666666666666
2,"[7, 14]","7,14",59,component_60,0.02564012593861251,0.02564012593861251,0.0002443195699983747,0.00014813879083706155,-2.728972976108011e-05,4.159815677393674e-05,4.217218603014067,0.047619047619047616
2,"[7, 15]","7,15",5,component_06,0.048434543667855184,0.048434543667855184,0.0002443195699983747,-0.0007045710848106457,-2.0298523177082848e-05,3.753144869697987e-05,-18.231978391194524,0.047619047619047616
2,"[7, 15]","7,15",9,component_10,0.02354673866856532,0.02354673866856532,0.0002443195699983747,-0.0006077170403273116,-2.6715632746067348e-05,4.256768810200812e-05,-13.64888330766161,0.047619047619047616
2,"[7, 15]","7,15",18,component_19,0.048736701664940894,0.048736701664940894,0.0002443195699983747,-0.000614813738003768,-4.4899275013873306e-05,5.359499166972114e-05,-10.633726123179375,0.047619047619047616
2,"[7, 15]","7,15",19,component_20,0.029647496298855172,0.029647496298855172,0.0002443195699983747,-0.0006745325246057012,-1.0282946458171848e-05,2.6054274253481912e-05,-25.49484094951363,0.047619047619047616
2,"[7, 15]","7,15",20,component_21,0.011225026582869502,0.011225026582869502,0.0002443195699983747,0.00041187121016487624,-2.654800741765119e-05,3.7533420240136826e-05,11.680769159259789,0.047619047619047616
2,"[7, 15]","7,15",26,component_27,0.02738214698555925,0.02738214698555925,0.0002443195699983747,-0.0004566431513310064,-3.760409757651886e-05,4.587055138868161e-05,-9.135252162194062,0.047619047619047616
2,"[7, 15]","7,15",28,component_29,0.014329686710409344,0.014329686710409344,0.0002443195699983747,0.00014735225449078251,-1.7769808880052835e-05,3.34568481144431e-05,4.935374151384967,0.047619047619047616
2,"[7, 15]","7,15",31,component_32,0.008960522195545691,0.008960522195545691,0.0002443195699983747,-0.00023855319354324118,-2.906523630268441e-05,4.699280318397696e-05,-4.457873185824025,0.047619047619047616
2,"[7, 15]","7,15",34,component_35,0.05339232046548224,0.05339232046548224,0.0002443195699983747,0.003138740787221289,-3.624591315188035e-05,4.594782701963416e-05,69.09982269708756,0.047619047619047616
2,"[7, 15]","7,15",35,component_36,0.024634380974104135,0.024634380974104135,0.0002443195699983747,0.0004353125777861455,-2.4086664415394254e-05,4.7540125062495464e-05,9.663399951043905,0.047619047619047616
2,"[7, 15]","7,15",38,component_39,0.014125906395031765,0.014125906395031765,0.0002443195699983747,-0.00037508547483786417,-2.9289032059141315e-05,4.320087796031154e-05,-8.004384612192478,0.047619047619047616
2,"[7, 15]","7,15",46,component_47,0.07194421005129255,0.07194421005129255,0.0002443195699983747,0.00016420441816598907,-4.940327275862531e-05,5.353405305817971e-05,3.990127381023625,0.047619047619047616
2,"[7, 15]","7,15",47,component_48,0.016450378180714757,0.016450378180714757,0.0002443195699983747,0.00046006175548726075,-4.018472944141371e-05,4.722996247939018e-05,10.59171887225123,0.047619047619047616
2,"[7, 15]","7,15",53,component_54,0.04998669948488386,0.04998669948488386,0.0002443195699983747,-0.0005260044242938605,-3.492002040822651e-05,5.0523980916454824e-05,-9.719827990151426,0.047619047619047616
2,"[7, 15]","7,15",58,component_59,0.018574596876197166,0.018574596876197166,0.0002443195699983747,-0.0002496918737870009,-2.2584613451407205e-05,3.8505081331867834e-05,-5.898111430494074,0.047619047619047616
2,"[7, 15]","7,15",59,component_60,0.032356832513917744,0.032356832513917744,0.0002443195699983747,0.0016916523325544823,-3.4680133348649966e-05,4.2603596675633535e-05,40.52081515668092,0.047619047619047616
2,"[7, 16]","7,16",5,component_06,0.04220644153759917,0.04220644153759917,0.0002443195699983747,5.149777161665009e-05,-3.835440751289047e-05,4.3252237078882546e-05,2.077399579718154,0.42857142857142855
2,"[7, 16]","7,16",11,component_12,0.010958590604180854,0.010958590604180854,0.0002443195699983747,4.3210982433589465e-05,-3.7758606740902224e-05,4.542230910775412e-05,1.7825951776782132,0.38095238095238093
2,"[7, 16]","7,16",18,component_19,0.045935956972785186,0.045935956972785186,0.0002443195699983747,-0.00012131450990271464,-4.7095032482748664e-05,4.870101739898958e-05,-1.5239820723233155,0.047619047619047616
2,"[7, 16]","7,16",19,component_20,0.054710613920744514,0.054710613920744514,0.0002443195699983747,0.0014737163759688601,-1.9897951220845075e-05,2.9672210397614997e-05,50.33714398674388,0.047619047619047616
2,"[7, 16]","7,16",21,component_22,0.008944029873158883,0.008944029873158883,0.0002443195699983747,2.8740907992689038e-05,-3.342721913708529e-05,4.2033340749031986e-05,1.4790194170137674,0.42857142857142855
2,"[7, 16]","7,16",26,component_27,0.02534204629928246,0.02534204629928246,0.0002443195699983747,-0.00011871492107904183,-2.111478467044515e-05,3.812857776323706e-05,-2.559763362133615,0.09523809523809523
2,"[7, 16]","7,16",28,component_29,0.021556449484155176,0.021556449484155176,0.0002443195699983747,0.00017400685779377437,-4.147837823151346e-05,5.2451682679440176e-05,4.108261642285748,0.047619047619047616
2,"[7, 16]","7,16",29,component_30,0.008884302700144382,0.008884302700144382,0.0002443195699983747,9.98633622304422e-06,-1.6552262005211482e-05,3.6764445747192855e-05,0.7218549794207643,0.23809523809523808
2,"[7, 16]","7,16",31,component_32,0.018511873132189792,0.018511873132189792,0.0002443195699983747,8.088968470290614e-05,-3.385643951232989e-05,4.727134171333848e-05,2.427393005070095,0.23809523809523808
2,"[7, 16]","7,16",32,component_33,0.013930527082826764,0.013930527082826764,0.0002443195699983747,4.946787384730797e-06,-2.487337654998917e-05,3.8524023870747405e-05,0.7740666975695503,0.42857142857142855
2,"[7, 16]","7,16",34,component_35,0.03473387231163614,0.03473387231163614,0.0002443195699983747,1.972440635734929e-05,-1.2564456446871331e-05,2.6990252410745412e-05,1.196315703641427,0.23809523809523808
2,"[7, 16]","7,16",36,component_37,0.016711405357117307,0.016711405357117307,0.0002443195699983747,9.292559498021852e-05,-2.173302254565627e-05,3.4947303833701955e-05,3.2809002397289957,0.09523809523809523
2,"[7, 16]","7,16",39,component_40,0.009430891198807839,0.009430891198807839,0.0002443195699983747,9.818676969567189e-06,-2.817371732992159e-05,4.246388461926656e-05,0.894698981031307,0.42857142857142855
2,"[7, 16]","7,16",43,component_44,0.018144880722546913,0.018144880722546913,0.0002443195699983747,6.857259463758508e-06,-1.773387356750544e-05,3.51793909448767e-05,0.6990209998176572,0.2857142857142857
2,"[7, 16]","7,16",47,component_48,0.015381361768368953,0.015381361768368953,0.0002443195699983747,1.641284983005739e-05,-3.0390983651462612e-05,3.964773315527757e-05,1.1804920422112422,0.5238095238095238
2,"[7, 16]","7,16",53,component_54,0.05399845548005715,0.05399845548005715,0.0002443195699983747,0.00045570126614307566,-3.558479818665804e-05,4.08235446914707e-05,12.03438035679392,0.047619047619047616
2,"[7, 16]","7,16",57,component_58,0.01799697792099115,0.01799697792099115,0.0002443195699983747,1.586449723006353e-05,-1.6050534528972988e-05,2.3935755422091512e-05,1.333362210476989,0.38095238095238093
2,"[7, 16]","7,16",58,component_59,0.02105232928552355,0.02105232928552355,0.0002443195699983747,0.00013946994033766508,-2.819957340717371e-05,3.7023313673569386e-05,4.528754914353778,0.047619047619047616
2,"[7, 16]","7,16",59,component_60,0.012888945726248024,0.012888945726248024,0.0002443195699983747,2.0202045294168136e-05,-3.7531291036614076e-05,4.967382661248631e-05,1.1622486179929215,0.42857142857142855
2,"[7, 18]","7,18",5,component_06,0.04992119318807659,0.04992119318807659,0.0002443195699983747,0.0002937522006235399,-2.5573611595882554e-05,4.1890084114433525e-05,7.622945118637192,0.047619047619047616
2,"[7, 18]","7,18",16,component_17,0.04399252567914513,0.04399252567914513,0.0002443195699983747,-0.00011473614781944835,-3.832792898105944e-05,4.632562351431284e-05,-1.6493727022320963,0.14285714285714285
2,"[7, 18]","7,18",19,component_20,0.018479214739151737,0.018479214739151737,0.0002443195699983747,-3.61413505502832e-05,-1.2849515565050638e-05,2.0937498377470972e-05,-1.1124459362487586,0.23809523809523808
2,"[7, 18]","7,18",26,component_27,0.02915048401537791,0.02915048401537791,0.0002443195699983747,-9.985478582382606e-06,-1.3989330656539185e-05,3.027152627296047e-05,0.13226462511515158,0.3333333333333333
2,"[7, 18]","7,18",27,component_28,0.016224658097013022,0.016224658097013022,0.0002443195699983747,6.67271650516589e-05,-7.511771868262711e-06,2.6872412430704148e-05,2.7626450402010407,0.09523809523809523
2,"[7, 18]","7,18",28,component_29,0.015405939435103752,0.015405939435103752,0.0002443195699983747,-5.299037253954711e-05,-3.9603371812687714e-05,5.197140788169814e-05,-0.25758395380267657,0.38095238095238093
2,"[7, 18]","7,18",29,component_30,0.032082658386036855,0.032082658386036855,0.0002443195699983747,0.00024775150968996823,-2.645686155372379e-05,4.529799211245858e-05,6.053433241873757,0.047619047619047616
2,"[7, 18]","7,18",33,component_34,0.018931072663621547,0.018931072663621547,0.0002443195699983747,-5.337977777541275e-05,-1.079675196178105e-05,2.3012200317593977e-05,-1.8504543340462256,0.14285714285714285
2,"[7, 18]","7,18",34,component_35,0.03559900520203316,0.03559900520203316,0.0002443195699983747,-5.243576295701352e-05,-3.359351103892951e-05,5.068989883003158e-05,-0.371716108198677,0.3333333333333333
2,"[7, 18]","7,18",41,component_42,0.03500357009325996,0.03500357009325996,0.0002443195699983747,0.0001749861426773025,-3.031760102883999e-05,4.5053850202735454e-05,4.556852361836047,0.047619047619047616
2,"[7, 18]","7,18",44,component_45,0.060183562226321555,0.060183562226321555,0.0002443195699983747,0.0004590844949074399,-3.8289509550333025e-05,4.4580218088421024e-05,11.156832016193247,0.047619047619047616
2,"[7, 18]","7,18",47,component_48,0.015171866072832088,0.015171866072832088,0.0002443195699983747,9.748439598795434e-05,-1.9990656647626326e-05,3.7608522731841966e-05,3.123628478395888,0.09523809523809523
2,"[7, 18]","7,18",53,component_54,0.05195453285849161,0.05195453285849161,0.0002443195699983747,6.66197127767651e-05,-7.88897151681304e-06,1.694266962604242e-05,4.397694456548426,0.047619047619047616
2,"[7, 18]","7,18",56,component_57,0.03361613605005087,0.03361613605005087,0.0002443195699983747,7.37926325808172e-05,-2.4669071712503344e-05,4.4268536472679984e-05,2.224191539607041,0.19047619047619047
2,"[7, 18]","7,18",57,component_58,0.017193515998950124,0.017193515998950124,0.0002443195699983747,-3.177065116614919e-05,-2.374939310643589e-05,3.267409242804483e-05,-0.24549291085522212,0.3333333333333333
2,"[7, 18]","7,18",58,component_59,0.03492953000543324,0.03492953000543324,0.0002443195699983747,0.0002525260732727311,-5.011089809504211e-05,5.8896138286166745e-05,5.138485818837721,0.047619047619047616
2,"[7, 18]","7,18",59,component_60,0.012827361051164355,0.012827361051164355,0.0002443195699983747,-5.216223003127844e-05,-1.4241736664961202e-05,3.324510020883855e-05,-1.140634052179385,0.14285714285714285
2,"[7, 24]","7,24",0,component_01,0.01909900445496798,0.01909900445496798,0.0002443195699983747,0.00011038988339932831,-1.2092821771228582e-05,1.8521910478139538e-05,6.612854830235626,0.047619047619047616
2,"[7, 24]","7,24",1,component_02,0.03017346918219466,0.03017346918219466,0.0002443195699983747,0.0003537004617208926,-2.0750171256282548e-05,4.026094179892016e-05,9.300592987797874,0.047619047619047616
2,"[7, 24]","7,24",2,component_03,0.01593556901094206,0.01593556901094206,0.0002443195699983747,-4.191427846449852e-06,-4.5466429083166765e-05,4.357838154579377e-05,0.9471439684684853,0.8095238095238095
2,"[7, 24]","7,24",5,component_06,0.0424276937579352,0.0424276937579352,0.0002443195699983747,2.28963190958692e-05,-2.0083489712353453e-05,3.090430651938587e-05,1.3907384972790757,0.2857142857142857
2,"[7, 24]","7,24",6,component_07,0.021904311406433757,0.021904311406433757,0.0002443195699983747,0.00022309306418723945,-2.708289091986299e-05,3.811267238713332e-05,6.564114753379529,0.047619047619047616
2,"[7, 24]","7,24",10,component_11,0.01510659782381255,0.01510659782381255,0.0002443195699983747,2.8291906127575484e-07,-3.2185151274031324e-05,5.021805107568975e-05,0.6465418239025343,0.5238095238095238
2,"[7, 24]","7,24",12,component_13,0.022673734538873152,0.022673734538873152,0.0002443195699983747,7.264667757181376e-05,-2.692265130832824e-05,4.456782300834072e-05,2.2341079765441525,0.23809523809523808
2,"[7, 24]","7,24",14,component_15,0.07102420718376258,0.07102420718376258,0.0002443195699983747,0.0004812049096069998,-5.149853882789426e-05,4.801714573707935e-05,11.094025691400786,0.047619047619047616
2,"[7, 24]","7,24",17,component_18,0.017166395345735747,0.017166395345735747,0.0002443195699983747,0.00016049625129150105,-2.9689837924833655e-05,4.250478033984906e-05,4.4744635237658565,0.047619047619047616
2,"[7, 24]","7,24",18,component_19,0.04769930872498896,0.04769930872498896,0.0002443195699983747,0.00020723142755029594,-2.7519167226803614e-05,3.738110355668145e-05,6.279926819740465,0.047619047619047616
2,"[7, 24]","7,24",19,component_20,0.018375108369795716,0.018375108369795716,0.0002443195699983747,1.4642497764380535e-05,-1.3731419672729373e-05,2.614203185626652e-05,1.0853753676498707,0.2857142857142857
2,"[7, 24]","7,24",26,component_27,0.029092615622835254,0.029092615622835254,0.0002443195699983747,0.00012954391268625576,-2.0558483826313827e-05,3.910741659616349e-05,3.8382079302905145,0.047619047619047616
2,"[7, 24]","7,24",28,component_29,0.014640384953227661,0.014640384953227661,0.0002443195699983747,3.565286386976278e-05,-2.9741356587592528e-05,4.4936674813584174e-05,1.4552527691164836,0.2857142857142857
2,"[7, 24]","7,24",33,component_34,0.03280853998785552,0.03280853998785552,0.0002443195699983747,7.397089097586906e-05,-1.2005008567505505e-05,2.2283986437621728e-05,3.8581920602061897,0.047619047619047616
2,"[7, 24]","7,24",34,component_35,0.038142203397390495,0.038142203397390495,0.0002443195699983747,0.00017557886578534881,-5.465731815788885e-05,5.500824539179073e-05,4.185484963270569,0.047619047619047616
2,"[7, 24]","7,24",47,component_48,0.014428791935795706,0.014428791935795706,0.0002443195699983747,-4.7268692715349975e-06,-3.252433350305675e-05,3.842838242097818e-05,0.7233576455809139,0.5714285714285714
2,"[7, 24]","7,24",53,component_54,0.052313962047785684,0.052313962047785684,0.0002443195699983747,0.000278675971579663,-4.12723920100294e-05,4.2826875586023465e-05,7.470737923597383,0.047619047619047616
2,"[7, 24]","7,24",58,component_59,0.018149591365764176,0.018149591365764176,0.0002443195699983747,1.8338929301617984e-05,-4.7072690600525347e-05,4.864680718716692e-05,1.3446230839050621,0.5714285714285714
2,"[7, 24]","7,24",59,component_60,0.0116984419940577,0.0116984419940577,0.0002443195699983747,-3.869075013417447e-06,-1.480113472892877e-05,2.9536397951299246e-05,0.3701216286947557,0.3333333333333333
2,"[7, 29]","7,29",5,component_06,0.046827342944223485,0.046827342944223485,0.0002443195699983747,0.00041677347297091466,-2.1858520627049067e-05,3.596006436645667e-05,12.197753294544071,0.047619047619047616
2,"[7, 29]","7,29",11,component_12,0.034247040778889626,0.034247040778889626,0.0002443195699983747,0.00010232461014111904,-2.3625713453205143e-05,4.4668939963756054e-05,2.819639859296394,0.19047619047619047
2,"[7, 29]","7,29",18,component_19,0.05845494087276963,0.05845494087276963,0.0002443195699983747,0.0011281106519500372,-2.7928359593996026e-05,4.411784425140505e-05,26.20343380688226,0.047619047619047616
2,"[7, 29]","7,29",19,component_20,0.020399378783329248,0.020399378783329248,0.0002443195699983747,8.169364728999318e-05,-1.0080083394329055e-05,1.966357812410334e-05,4.667193839549846,0.047619047619047616
2,"[7, 29]","7,29",26,component_27,0.025433749774211204,0.025433749774211204,0.0002443195699983747,-2.7011446150297658e-05,-2.0893479956883967e-05,3.8095250702819704e-05,-0.16059655942783585,0.2857142857142857
2,"[7, 29]","7,29",28,component_29,0.01558256552810878,0.01558256552810878,0.0002443195699983747,4.205608874398824e-05,-2.9914535164925252e-05,4.575244542070059e-05,1.573044309372599,0.2857142857142857
2,"[7, 29]","7,29",34,component_35,0.035516873733400435,0.035516873733400435,0.0002443195699983747,6.639527826600433e-05,-2.518464132343166e-05,4.247447932966238e-05,2.156116355862671,0.2857142857142857
2,"[7, 29]","7,29",36,component_37,0.01395430737258653,0.01395430737258653,0.0002443195699983747,9.743212038186566e-05,-8.89103944676017e-06,1.8746763999724938e-05,5.671547357729892,0.047619047619047616
2,"[7, 29]","7,29",37,component_38,0.020029791819187764,0.020029791819187764,0.0002443195699983747,0.00013082940352385913,-2.2296670877335616e-05,3.592250159599123e-05,4.262678477221721,0.047619047619047616
2,"[7, 29]","7,29",42,component_43,0.015232504450809774,0.015232504450809774,0.0002443195699983747,9.500037665606358e-05,-1.3141652649092639e-05,3.202419335738891e-05,3.376885347221547,0.14285714285714285
2,"[7, 29]","7,29",43,component_44,0.08799768660253057,0.08799768660253057,0.0002443195699983747,0.00010324008811694874,-3.589836355634263e-05,4.796729800439226e-05,2.900693961551697,0.19047619047619047
2,"[7, 29]","7,29",44,component_45,0.03321154996904485,0.03321154996904485,0.0002443195699983747,0.00012012475788556604,-2.3100710926114838e-05,4.0239346590795864e-05,3.5593388299312374,0.047619047619047616
2,"[7, 29]","7,29",47,component_48,0.014288422094600881,0.014288422094600881,0.0002443195699983747,-0.00011089324109340472,-2.653503559094289e-05,3.7405846059478985e-05,-2.255214475521392,0.09523809523809523
2,"[7, 29]","7,29",53,component_54,0.05799058104758705,0.05799058104758705,0.0002443195699983747,0.0009005950664506684,-2.5617077997297076e-05,4.19479036433355e-05,22.080057976749885,0.047619047619047616
2,"[7, 29]","7,29",57,component_58,0.009980186686904577,0.009980186686904577,0.0002443195699983747,5.081177387299823e-06,-9.953372750557127e-06,2.4419892938687717e-05,0.6156681430014853,0.19047619047619047
2,"[7, 29]","7,29",58,component_59,0.018791913659954376,0.018791913659954376,0.0002443195699983747,3.191946796339551e-05,-2.017031440570008e-05,3.879352006915619e-05,1.3427444139185232,0.23809523809523808
2,"[7, 29]","7,29",59,component_60,0.023929518483283032,0.023929518483283032,0.0002443195699983747,0.0002860036826442501,-1.0508247627745943e-05,2.511208276576419e-05,11.80754033975377,0.047619047619047616
2,"[7, 32]","7,32",5,component_06,0.04177760286169491,0.04177760286169491,0.0002443195699983747,-0.00010477160063387947,-2.9218116980336903e-05,4.08074800405774e-05,-1.8514616334656062,0.14285714285714285
2,"[7, 32]","7,32",11,component_12,0.013875842841841589,0.013875842841841589,0.0002443195699983747,5.666740351350369e-05,-2.327243714355712e-05,4.2178082003769337e-05,1.8952934049944903,0.2857142857142857
2,"[7, 32]","7,32",16,component_17,0.01850639355768591,0.01850639355768591,0.0002443195699983747,-0.00012214489649111857,-1.872970290714704e-05,3.530822897909553e-05,-2.928926105163733,0.047619047619047616
2,"[7, 32]","7,32",18,component_19,0.06830634012488349,0.06830634012488349,0.0002443195699983747,0.0021523990689241296,-3.957904442628541e-05,5.1062092984024824e-05,42.927698126988105,0.047619047619047616
2,"[7, 32]","7,32",19,component_20,0.04426744302196727,0.04426744302196727,0.0002443195699983747,0.0008695804731443033,-3.7748644568766082e-06,1.449052770786519e-05,60.2707751717792,0.047619047619047616
2,"[7, 32]","7,32",21,component_22,0.01232998770507434,0.01232998770507434,0.0002443195699983747,4.046904535532497e-05,-2.2334055823178708e-05,4.036507245057453e-05,1.5558773307146578,0.23809523809523808
2,"[7, 32]","7,32",26,component_27,0.035721950197905986,0.035721950197905986,0.0002443195699983747,0.00045175971959592054,-2.1761510254884817e-05,3.56976864035152e-05,13.264759640114299,0.047619047619047616
2,"[7, 32]","7,32",27,component_28,0.019119013766184183,0.019119013766184183,0.0002443195699983747,2.42194855716929e-06,-3.8712617268251125e-05,4.2523128675193126e-05,0.9673457035492602,0.5714285714285714
2,"[7, 32]","7,32",28,component_29,0.014649671731504988,0.014649671731504988,0.0002443195699983747,4.691189845059188e-06,-3.516499401180159e-05,4.743043952955425e-05,0.8403081281173054,0.5238095238095238
2,"[7, 32]","7,32",34,component_35,0.03719172716816707,0.03719172716816707,0.0002443195699983747,0.00013593660922465306,-5.590603399727878e-05,4.774769394293568e-05,4.017841017645945,0.047619047619047616
2,"[7, 32]","7,32",36,component_37,0.03222273374042331,0.03222273374042331,0.0002443195699983747,0.00034647465733949473,-1.969433029978458e-05,3.878306699981611e-05,9.441465463291378,0.047619047619047616
2,"[7, 32]","7,32",42,component_43,0.027299643034682797,0.027299643034682797,0.0002443195699983747,0.00016188864558978888,-2.9563729171339582e-05,4.362343108807335e-05,4.388750953004967,0.047619047619047616
2,"[7, 32]","7,32",43,component_44,0.022863419889844454,0.022863419889844454,0.0002443195699983747,3.991738923332308e-05,-2.8975079005263147e-05,4.19693386496607e-05,1.6414952071002717,0.3333333333333333
2,"[7, 32]","7,32",47,component_48,0.014281645939824245,0.014281645939824245,0.0002443195699983747,-0.00011766939587004067,-2.8416764463733808e-05,4.059793734550636e-05,-2.1984523658610433,0.09523809523809523
2,"[7, 32]","7,32",53,component_54,0.049533498369277465,0.049533498369277465,0.0002443195699983747,0.00012775824206195247,-3.4053540946001366e-05,4.361837138984807e-05,3.709716292745735,0.047619047619047616
2,"[7, 32]","7,32",58,component_59,0.018075619269418444,0.018075619269418444,0.0002443195699983747,-2.205791773672583e-06,-1.247196585064731e-05,2.7146874888790945e-05,0.3781714882111043,0.2857142857142857
2,"[7, 32]","7,32",59,component_60,0.011382455084485404,0.011382455084485404,0.0002443195699983747,-2.440656720926679e-05,-1.9234397047263536e-05,3.655881168717047e-05,-0.14147533585776573,0.2857142857142857
2,"[7, 35]","7,35",0,component_01,0.02046977792022378,0.02046977792022378,0.0002443195699983747,0.00012433769067130007,-3.427869082431959e-05,4.198534972618651e-05,3.777898303338169,0.047619047619047616
2,"[7, 35]","7,35",5,component_06,0.05304102638511825,0.05304102638511825,0.0002443195699983747,0.0007888539596117919,-2.2828514097622145e-05,3.909635555415034e-05,20.76107765556804,0.047619047619047616
2,"[7, 35]","7,35",8,component_09,0.02800452595496001,0.02800452595496001,0.0002443195699983747,0.0003690261933726076,-2.202569226760984e-05,3.962509978448728e-05,9.8687924514277,0.047619047619047616
2,"[7, 35]","7,35",15,component_16,0.014104485470335779,0.014104485470335779,0.0002443195699983747,1.0963188473329943e-06,-4.29234171585824e-05,4.0767359573829016e-05,1.0797789326089755,0.6190476190476191
2,"[7, 35]","7,35",18,component_19,0.04954085700539798,0.04954085700539798,0.0002443195699983747,0.0002433517175992328,-4.386382730777254e-05,5.327916803284811e-05,5.390766325966817,0.047619047619047616
2,"[7, 35]","7,35",19,component_20,0.01863987243650405,0.01863987243650405,0.0002443195699983747,3.120159917184562e-05,-9.441381716575113e-06,1.585676855267215e-05,2.5631313690059296,0.09523809523809523
2,"[7, 35]","7,35",20,component_21,0.018449183492125938,0.018449183492125938,0.0002443195699983747,0.00012128794406183335,-1.6167746356788004e-05,3.0281781874616453e-05,4.5392206768995615,0.047619047619047616
2,"[7, 35]","7,35",23,component_24,0.010778527089191955,0.010778527089191955,0.0002443195699983747,-1.2609225554412185e-06,-2.5463576074391237e-05,3.8673657165286104e-05,0.6258175536777159,0.5714285714285714
2,"[7, 35]","7,35",25,component_26,0.021411351437133373,0.021411351437133373,0.0002443195699983747,0.0002382912060110154,-2.834136067940544e-05,4.003816700550328e-05,6.65945987621691,0.047619047619047616
2,"[7, 35]","7,35",26,component_27,0.025388353546417934,0.025388353546417934,0.0002443195699983747,-7.240767394356765e-05,-3.517085074181721e-05,4.554044139536182e-05,-0.8176649602158428,0.3333333333333333
2,"[7, 35]","7,35",28,component_29,0.014069833487085112,0.014069833487085112,0.0002443195699983747,-6.055655245814154e-05,-1.9384321707042705e-05,3.734787025236372e-05,-1.102398355592795,0.14285714285714285
2,"[7, 35]","7,35",34,component_35,0.039429808312112416,0.039429808312112416,0.0002443195699983747,0.00025067271905796634,-3.6090425047822326e-05,4.086053186951718e-05,7.01809621621005,0.047619047619047616
2,"[7, 35]","7,35",40,component_41,0.017160403670572266,0.017160403670572266,0.0002443195699983747,-5.186327486111572e-05,-3.664502320089674e-05,4.77816026318709e-05,-0.3184960491481762,0.3333333333333333
2,"[7, 35]","7,35",45,component_46,0.009127860851206395,0.009127860851206395,0.0002443195699983747,-7.060478935752915e-05,-2.476114394002921e-05,3.756537236068429e-05,-1.2203697856986941,0.23809523809523808
2,"[7, 35]","7,35",47,component_48,0.030437735607551513,0.030437735607551513,0.0002443195699983747,0.0005654784490748722,-4.1930370625594925e-05,4.4706146673207734e-05,13.586695899794144,0.047619047619047616
2,"[7, 35]","7,35",53,component_54,0.05092770105544299,0.05092770105544299,0.0002443195699983747,0.000164065233137084,-3.392334826323071e-05,4.917618253079811e-05,4.026107176503954,0.047619047619047616
2,"[7, 35]","7,35",58,component_59,0.02618027772751143,0.02618027772751143,0.0002443195699983747,0.00022127515657346247,-3.5748245283292386e-05,4.7319568774222394e-05,5.431651397397556,0.047619047619047616
2,"[7, 35]","7,35",59,component_60,0.011383475000573209,0.011383475000573209,0.0002443195699983747,-2.3386651121462543e-05,-1.2758274089538987e-05,2.930957627699915e-05,-0.3626247248161084,0.19047619047619047
2,"[13, 14]","13,14",0,component_01,0.02269458532840188,0.02269458532840188,0.0002443195699983747,-0.0003370863216550571,-1.572263875080093e-05,2.2548319338419547e-05,-14.252223328977438,0.047619047619047616
2,"[13, 14]","13,14",1,component_02,0.02819628882000279,0.02819628882000279,0.0002443195699983747,-0.00031443115512359496,-2.121331465118326e-05,3.354389751843556e-05,-8.741316965664488,0.047619047619047616
2,"[13, 14]","13,14",2,component_03,0.06202815011841578,0.06202815011841578,0.0002443195699983747,0.003568026761464782,-4.2854432567462495e-05,4.891212968351055e-05,73.82383914576427,0.047619047619047616
2,"[13, 14]","13,14",3,component_04,0.014809301484765468,0.014809301484765468,0.0002443195699983747,-0.00015249185402729445,-2.627533376775784e-05,3.6335775045688907e-05,-3.473615743735503,0.047619047619047616
2,"[13, 14]","13,14",6,component_07,0.03176001219657818,0.03176001219657818,0.0002443195699983747,0.0011962749314013803,-1.7181305438154942e-05,3.576916830055405e-05,33.92464221262699,0.047619047619047616
2,"[13, 14]","13,14",16,component_17,0.02730303351047359,0.02730303351047359,0.0002443195699983747,0.00023114270503267476,-2.1688404896362925e-05,3.635083557118879e-05,6.95530394160811,0.047619047619047616
2,"[13, 14]","13,14",18,component_19,0.09383698447215283,0.09383698447215283,0.0002443195699983747,0.00055808948357286,-2.2885920153946377e-05,3.841713104687554e-05,15.12282119708304,0.047619047619047616
2,"[13, 14]","13,14",19,component_20,0.018255127845163276,0.018255127845163276,0.0002443195699983747,0.0003054473449933953,-1.5707220394880837e-05,3.0405758259223986e-05,10.562294242106253,0.047619047619047616
2,"[13, 14]","13,14",21,component_22,0.018562108381653716,0.018562108381653716,0.0002443195699983747,-0.00028894796546478224,-3.92977345581769e-05,4.5898293918140674e-05,-5.439205024741334,0.047619047619047616
2,"[13, 14]","13,14",22,component_23,0.017984638557339033,0.017984638557339033,0.0002443195699983747,-7.927606383952013e-05,-2.1468528038363314e-05,3.908233420726844e-05,-1.4791218839330715,0.19047619047619047
2,"[13, 14]","13,14",25,component_26,0.019034712138976225,0.019034712138976225,0.0002443195699983747,0.00013638548532823175,-4.221785880387173e-05,4.318819216743581e-05,4.135467014680268,0.047619047619047616
2,"[13, 14]","13,14",29,component_30,0.047688558043526647,0.047688558043526647,0.0002443195699983747,0.0009562032608406434,-4.118660041799028e-05,4.221847683516181e-05,23.62448709726908,0.047619047619047616
2,"[13, 14]","13,14",39,component_40,0.014390636951300745,0.014390636951300745,0.0002443195699983747,-0.0001055286996735974,-2.314611108939472e-05,3.610520874895935e-05,-2.2817369415313844,0.09523809523809523
2,"[13, 14]","13,14",46,component_47,0.011528126213039124,0.011528126213039124,0.0002443195699983747,0.0002711005295211906,-3.280497568664392e-05,3.874207191333375e-05,7.84432763140993,0.047619047619047616
2,"[13, 14]","13,14",49,component_50,0.011749873084504968,0.011749873084504968,0.0002443195699983747,0.0003302774602120615,-2.1948144166983683e-05,3.515255770253597e-05,10.019913980644287,0.047619047619047616
2,"[13, 14]","13,14",52,component_53,0.010440228842977734,0.010440228842977734,0.0002443195699983747,0.0001139617128442915,-1.3201388712396799e-05,2.660448792658275e-05,4.779761290937275,0.047619047619047616
2,"[13, 14]","13,14",59,component_60,0.01571662101447458,0.01571662101447458,0.0002443195699983747,0.0002983896788747026,-5.435240720132738e-05,4.1820302812646664e-05,8.434709037289874,0.047619047619047616
2,"[13, 15]","13,15",0,component_01,0.015355241821808658,0.015355241821808658,0.0002443195699983747,0.00017828190341850035,-1.8651640602132065e-05,3.0573199364991875e-05,6.441378334978347,0.047619047619047616
2,"[13, 15]","13,15",2,component_03,0.030109580575512558,0.030109580575512558,0.0002443195699983747,7.182737191228222e-05,-4.6639870298450275e-05,5.222343199642851e-05,2.268469108250762,0.42857142857142855
2,"[13, 15]","13,15",3,component_04,0.015418790305730562,0.015418790305730562,0.0002443195699983747,6.803675177199063e-05,-2.085392730336999e-05,4.077626108362377e-05,2.179961495073421,0.19047619047619047
2,"[13, 15]","13,15",5,component_06,0.0072643696597348125,0.0072643696597348125,0.0002443195699983747,7.6293693977670315e-06,-1.33946672472555e-05,3.0312078827518986e-05,0.6935861035679197,0.23809523809523808
2,"[13, 15]","13,15",6,component_07,0.008825122176669305,0.008825122176669305,0.0002443195699983747,-6.1296752618730105e-06,-2.1583893889311597e-05,4.1440567574623656e-05,0.3729248784927853,0.2857142857142857
2,"[13, 15]","13,15",9,component_10,0.01582663149788728,0.01582663149788728,0.0002443195699983747,1.0711132598081874e-05,-1.5355237152880343e-05,3.445043440106853e-05,0.7566339932756764,0.23809523809523808
2,"[13, 15]","13,15",16,component_17,0.02665899629378612,0.02665899629378612,0.0002443195699983747,-0.00010047081195274296,-2.8296496589109712e-05,4.59841864924557e-05,-1.5695464216916044,0.19047619047619047
2,"[13, 15]","13,15",18,component_19,0.09709833406232365,0.09709833406232365,0.0002443195699983747,0.000855734527005686,-1.008071485505244e-05,2.0973796189668507e-05,41.280807443300645,0.047619047619047616
2,"[13, 15]","13,15",19,component_20,0.029099394157962782,0.029099394157962782,0.0002443195699983747,0.0003118883380832452,-1.16930996628964e-05,2.5614325705421654e-05,12.632830606883816,0.047619047619047616
2,"[13, 15]","13,15",20,component_21,0.01119181706825296,0.01119181706825296,0.0002443195699983747,1.2281747973208815e-05,-2.6062604506715544e-05,4.218648017838312e-05,0.9089251418413542,0.38095238095238093
2,"[13, 15]","13,15",21,component_22,0.015116391543139556,0.015116391543139556,0.0002443195699983747,3.6622933848215813e-05,-3.1818598549581615e-05,4.219504257046877e-05,1.622027807733459,0.2857142857142857
2,"[13, 15]","13,15",29,component_30,0.044109375530492385,0.044109375530492385,0.0002443195699983747,1.7514145351088528e-06,-3.2135342322697325e-05,4.493970843407477e-05,0.7540493260546417,0.5238095238095238
2,"[13, 15]","13,15",31,component_32,0.015140834921261588,0.015140834921261588,0.0002443195699983747,6.153836068176037e-05,-2.62910928416859e-05,4.2415301397507287e-05,2.0707020964044816,0.19047619047619047
2,"[13, 15]","13,15",34,component_35,0.01544292774564748,0.01544292774564748,0.0002443195699983747,-0.00011955440452570548,-7.805798159551043e-06,2.505777923752797e-05,-4.459637276985556,0.047619047619047616
2,"[13, 15]","13,15",35,component_36,0.02375356180290635,0.02375356180290635,0.0002443195699983747,-3.1070939746011272e-06,-3.35599782379275e-05,4.264332874318432e-05,0.7141300916428495,0.6666666666666666
2,"[13, 15]","13,15",38,component_39,0.012339606952601775,0.012339606952601775,0.0002443195699983747,5.095778137558654e-05,-2.0898888077974964e-05,3.625566747166183e-05,1.9819430854424664,0.2857142857142857
2,"[13, 15]","13,15",46,component_47,0.07370632480694246,0.07370632480694246,0.0002443195699983747,0.0001932881562454608,-3.71218204439024e-05,4.6230188708202035e-05,4.983972229567916,0.047619047619047616
2,"[13, 15]","13,15",49,component_50,0.009056077395448926,0.009056077395448926,0.0002443195699983747,-6.607180313460831e-06,-3.110459914640598e-05,4.8886969557369726e-05,0.5011032398765687,0.38095238095238093
2,"[13, 15]","13,15",59,component_60,0.02060884137069042,0.02060884137069042,0.0002443195699983747,1.7417001502727236e-05,-4.502687739831813e-05,5.239531860909991e-05,1.1917835516358564,0.47619047619047616
2,"[13, 16]","13,16",0,component_01,0.008807147668851455,0.008807147668851455,0.0002443195699983747,7.519794485761136e-06,-2.96747647193679e-05,3.663838248712614e-05,1.0151801657237003,0.5714285714285714
2,"[13, 16]","13,16",2,component_03,0.030309743595957436,0.030309743595957436,0.0002443195699983747,0.00012592178896891904,-2.0040317120336353e-05,3.81764756813138e-05,3.8233520377235686,0.047619047619047616
2,"[13, 16]","13,16",3,component_04,0.01506200950887486,0.01506200950887486,0.0002443195699983747,3.3484521433225015e-05,-8.552864375402414e-06,2.258250177681516e-05,1.8615026016198994,0.14285714285714285
2,"[13, 16]","13,16",6,component_07,0.009496575495612383,0.009496575495612383,0.0002443195699983747,1.9889364411548177e-05,-3.58699541556701e-05,4.6087078448431366e-05,1.2098688058434766,0.47619047619047616
2,"[13, 16]","13,16",11,component_12,0.009586138612733337,0.009586138612733337,0.0002443195699983747,-1.7565326309101903e-06,-2.077564406467791e-05,3.944502530386582e-05,0.48216755566141684,0.2857142857142857
2,"[13, 16]","13,16",18,component_19,0.09282686003864826,0.09282686003864826,0.0002443195699983747,-0.0001214955764129444,-2.98909098513364e-05,4.191267702220072e-05,-2.1856076268544222,0.047619047619047616
2,"[13, 16]","13,16",19,component_20,0.05290460550346889,0.05290460550346889,0.0002443195699983747,0.001202230962274571,-2.5001957329231208e-05,3.780314544726044e-05,32.46377794979859,0.047619047619047616
2,"[13, 16]","13,16",21,component_22,0.022890239800936296,0.022890239800936296,0.0002443195699983747,0.0002245162174281494,-2.461683616990995e-05,4.4808887628148346e-05,5.5599026618450855,0.047619047619047616
2,"[13, 16]","13,16",29,component_30,0.052030051379750045,0.052030051379750045,0.0002443195699983747,0.0006684467873932509,-4.131833972215597e-05,4.6775936044466186e-05,15.17372365227901,0.047619047619047616
2,"[13, 16]","13,16",31,component_32,0.024553513761353025,0.024553513761353025,0.0002443195699983747,0.00024230914237524312,-1.3438276955605809e-05,3.539228235814942e-05,7.226078746288048,0.047619047619047616
2,"[13, 16]","13,16",32,component_33,0.014336540456071821,0.014336540456071821,0.0002443195699983747,3.325362692772546e-05,-2.5268922330899982e-05,3.831783167526741e-05,1.5272928216446902,0.3333333333333333
2,"[13, 16]","13,16",36,component_37,0.013667950553374239,0.013667950553374239,0.0002443195699983747,4.309163675867561e-05,-1.7105431290565273e-05,3.8474164964992084e-05,1.5646101248464943,0.19047619047619047
2,"[13, 16]","13,16",39,component_40,0.00925587363617073,0.00925587363617073,0.0002443195699983747,-6.832742481521076e-05,-2.6290013173175008e-05,4.1536641571571047e-05,-1.0120561039968008,0.2857142857142857
2,"[13, 16]","13,16",43,component_44,0.023874800585331812,0.023874800585331812,0.0002443195699983747,0.00024014668629843486,-3.2469893687281544e-05,4.307478848770882e-05,6.328912794627098,0.047619047619047616
2,"[13, 16]","13,16",49,component_50,0.009260026590923278,0.009260026590923278,0.0002443195699983747,1.7623134537429405e-05,-2.847882264248459e-05,3.759792494948105e-05,1.2261835524662466,0.47619047619047616
2,"[13, 16]","13,16",57,component_58,0.019308036522574984,0.019308036522574984,0.0002443195699983747,6.42252574890867e-05,-2.9643517033419304e-05,3.841896287958515e-05,2.4432927774941438,0.23809523809523808
2,"[13, 18]","13,18",0,component_01,0.009231589661870002,0.009231589661870002,0.0002443195699983747,-4.5104906284888086e-05,-2.077067048451225e-05,3.1731400925170265e-05,-0.7668818612125384,0.3333333333333333
2,"[13, 18]","13,18",2,component_03,0.034578728687515915,0.034578728687515915,0.0002443195699983747,9.603559651431837e-05,-3.7134253247764875e-05,4.995095248007934e-05,2.6660122209920214,0.3333333333333333
2,"[13, 18]","13,18",3,component_04,0.017099272103084512,0.017099272103084512,0.0002443195699983747,-4.9503474810395215e-05,-2.7068265886029044e-05,4.152912466529762e-05,-0.5402283121828807,0.2857142857142857
2,"[13, 18]","13,18",6,component_07,0.009706918969714758,0.009706918969714758,0.0002443195699983747,-4.480458969221765e-05,-2.9470812642901014e-05,4.604387935518765e-05,-0.3330253068172245,0.3333333333333333
2,"[13, 18]","13,18",7,component_08,0.02457494667362836,0.02457494667362836,0.0002443195699983747,-5.184656932682649e-05,-2.436078140443402e-05,3.743114921175397e-05,-0.7343025394946063,0.3333333333333333
2,"[13, 18]","13,18",16,component_17,0.07423385371845792,0.07423385371845792,0.0002443195699983747,0.0033671247857544884,-3.898483141146542e-05,4.651403712565699e-05,73.22756371295827,0.047619047619047616
2,"[13, 18]","13,18",19,component_20,0.016946008209476997,0.016946008209476997,0.0002443195699983747,-3.482487664368747e-05,-1.8311879455766978e-05,3.097524105048661e-05,-0.5331031051866851,0.23809523809523808
2,"[13, 18]","13,18",21,component_22,0.022055995930609855,0.022055995930609855,0.0002443195699983747,4.1577083812541216e-06,-4.3209388941951975e-05,4.486147694375152e-05,1.0558523827157138,0.7142857142857143
2,"[13, 18]","13,18",27,component_28,0.017369981174107322,0.017369981174107322,0.0002443195699983747,0.00015088159407253623,-2.905800558390913e-05,4.545971029744413e-05,3.9582214334208388,0.047619047619047616
2,"[13, 18]","13,18",29,component_30,0.07638678465184622,0.07638678465184622,0.0002443195699983747,0.002064589547063872,-2.6901827628358372e-05,3.960342683046938e-05,52.81086870702603,0.047619047619047616
2,"[13, 18]","13,18",33,component_34,0.018385559281704187,0.018385559281704187,0.0002443195699983747,0.00013996039508782157,-5.652790039321525e-05,3.9519100697245625e-05,4.971982965562056,0.047619047619047616
2,"[13, 18]","13,18",41,component_42,0.026729952664834276,0.026729952664834276,0.0002443195699983747,-4.806307732094575e-05,-2.9877771685464114e-05,4.704126160016899e-05,-0.38658201368086414,0.2857142857142857
2,"[13, 18]","13,18",44,component_45,0.05828555413130953,0.05828555413130953,0.0002443195699983747,0.00011679451582156941,-2.3783233660697483e-05,3.333259527291896e-05,4.217425865920473,0.09523809523809523
2,"[13, 18]","13,18",49,component_50,0.01254744641828414,0.01254744641828414,0.0002443195699983747,0.00019171190357463418,-3.380964260660741e-05,4.984919643516618e-05,4.5240758589670484,0.047619047619047616
2,"[13, 18]","13,18",56,component_57,0.03085012112972679,0.03085012112972679,0.0002443195699983747,0.00038757256898064654,-1.5277584615963783e-05,3.334957650176223e-05,12.079618269674976,0.047619047619047616
2,"[13, 18]","13,18",57,component_58,0.018649487642210166,0.018649487642210166,0.0002443195699983747,0.0001615031507690816,-2.218897496854388e-05,3.0718057180601975e-05,5.9799395729240485,0.047619047619047616
2,"[13, 18]","13,18",58,component_59,0.021668163223298738,0.021668163223298738,0.0002443195699983747,-1.8946561150132157e-05,-3.2709135271654014e-05,4.861860828181359e-05,0.28307215298612165,0.38095238095238093
2,"[13, 24]","13,24",0,component_01,0.020777121564132063,0.020777121564132063,0.0002443195699983747,-0.0001343422599807305,-3.758639836507086e-05,3.949906926199663e-05,-2.4495732032033386,0.047619047619047616
2,"[13, 24]","13,24",1,component_02,0.02766891611610913,0.02766891611610913,0.0002443195699983747,-0.00014013442719833583,-9.78920239502573e-06,2.2953419512130734e-05,-5.678684377916915,0.047619047619047616
2,"[13, 24]","13,24",2,component_03,0.04534211290989852,0.04534211290989852,0.0002443195699983747,0.001704126380112761,-2.9369571726501177e-05,4.887843580513206e-05,35.46545472016212,0.047619047619047616
2,"[13, 24]","13,24",3,component_04,0.018785828999471003,0.018785828999471003,0.0002443195699983747,-0.00014121153023751581,-2.485000767026286e-05,3.4834867690252994e-05,-3.3403750403740333,0.047619047619047616
2,"[13, 24]","13,24",6,component_07,0.026622687600269257,0.026622687600269257,0.0002443195699983747,0.0007553657712903311,-1.4287332330118113e-05,2.550076112170124e-05,30.181573794888486,0.047619047619047616
2,"[13, 24]","13,24",7,component_08,0.018725966619575988,0.018725966619575988,0.0002443195699983747,-9.64318108203216e-05,-1.779639726358975e-05,3.228456401051473e-05,-2.4356969334051146,0.09523809523809523
2,"[13, 24]","13,24",10,component_11,0.01704664509295443,0.01704664509295443,0.0002443195699983747,0.00027602141878532716,-2.1616437795384374e-05,3.746656281808499e-05,7.944092924292557,0.047619047619047616
2,"[13, 24]","13,24",12,component_13,0.019710745391751133,0.019710745391751133,0.0002443195699983747,-4.653190002438731e-05,-3.889475813237345e-05,4.519439846481834e-05,-0.16898425803717704,0.42857142857142855
2,"[13, 24]","13,24",14,component_15,0.06862423621231482,0.06862423621231482,0.0002443195699983747,0.00029099475856900203,-1.3411360022188554e-05,2.8595751898044027e-05,10.645151758083767,0.047619047619047616
2,"[13, 24]","13,24",16,component_17,0.026656853324691858,0.026656853324691858,0.0002443195699983747,-0.00010261378104700625,-4.381535745193797e-05,4.63411049251426e-05,-1.2688179034584672,0.19047619047619047
2,"[13, 24]","13,24",17,component_18,0.013508015876785209,0.013508015876785209,0.0002443195699983747,0.00012370856487887126,-2.439408193969697e-05,3.840894482299938e-05,3.855941565202384,0.047619047619047616
2,"[13, 24]","13,24",18,component_19,0.09519914345382097,0.09519914345382097,0.0002443195699983747,0.000815982024008996,-2.703613858960452e-05,3.758586120935388e-05,22.429129876869794,0.047619047619047616
2,"[13, 24]","13,24",19,component_20,0.016784485346208827,0.016784485346208827,0.0002443195699983747,-4.1457522241172134e-05,-2.187494439528557e-05,3.886809622453763e-05,-0.5038213791784323,0.2857142857142857
2,"[13, 24]","13,24",21,component_22,0.016510544005381555,0.016510544005381555,0.0002443195699983747,0.00023029764264903552,-3.497756421491055e-05,4.7501552298166875e-05,5.584558693973107,0.047619047619047616
2,"[13, 24]","13,24",29,component_30,0.044299142394441174,0.044299142394441174,0.0002443195699983747,0.00018707546497640642,-3.770414069822463e-05,4.429774260738237e-05,5.074290301130847,0.047619047619047616
2,"[13, 24]","13,24",33,component_34,0.03186709471834348,0.03186709471834348,0.0002443195699983747,-0.0001286208237555736,-6.217546864517172e-05,3.9030979913574604e-05,-1.7023747612160978,0.047619047619047616
2,"[13, 24]","13,24",49,component_50,0.008521800301476982,0.008521800301476982,0.0002443195699983747,-0.00011410654944319157,-1.8172377015347637e-05,3.204988183276004e-05,-2.9932769464935762,0.047619047619047616
2,"[13, 29]","13,29",0,component_01,0.008392226323913066,0.008392226323913066,0.0002443195699983747,-5.618920282423126e-05,-1.842657358675273e-05,3.103040421631501e-05,-1.2169557629424592,0.14285714285714285
2,"[13, 29]","13,29",2,component_03,0.03170699997940813,0.03170699997940813,0.0002443195699983747,-0.00016301897167193824,-1.6592964483015378e-05,3.881321314591804e-05,-3.7725814309275343,0.047619047619047616
2,"[13, 29]","13,29",3,component_04,0.014195442699299102,0.014195442699299102,0.0002443195699983747,-4.246482937964209e-05,-2.7126506695400458e-05,4.272141823296469e-05,-0.3590312147550916,0.3333333333333333
2,"[13, 29]","13,29",6,component_07,0.015395620529288494,0.015395620529288494,0.0002443195699983747,-0.00016361870204856244,-1.0993332078630175e-05,3.210971586253052e-05,-4.753245734822396,0.047619047619047616
2,"[13, 29]","13,29",7,component_08,0.01200267946778263,0.01200267946778263,0.0002443195699983747,-8.98850403388881e-05,-2.9118436242255974e-05,4.230406465446933e-05,-1.4364247169382167,0.19047619047619047
2,"[13, 29]","13,29",11,component_12,0.032758253229171995,0.032758253229171995,0.0002443195699983747,-5.8978463193491704e-05,-2.010618512623045e-05,3.910497891095231e-05,-0.9940493295183472,0.19047619047619047
2,"[13, 29]","13,29",16,component_17,0.03351894069691883,0.03351894069691883,0.0002443195699983747,-0.00012708117809585168,-1.8163595128016965e-05,3.318133372609623e-05,-3.282495630432539,0.047619047619047616
2,"[13, 29]","13,29",18,component_19,0.10802487706098918,0.10802487706098918,0.0002443195699983747,0.003806962707796277,-3.655836254161319e-05,4.685904527819721e-05,82.02303413395026,0.047619047619047616
2,"[13, 29]","13,29",19,component_20,0.01863777225846997,0.01863777225846997,0.0002443195699983747,-0.00014538987398794723,-1.3875603800670875e-05,2.5393326319949895e-05,-5.179087943431582,0.047619047619047616
2,"[13, 29]","13,29",21,component_22,0.014761574759076183,0.014761574759076183,0.0002443195699983747,-6.047431351767496e-05,-3.7896993669009973e-05,3.772442491144474e-05,-0.598480159781456,0.38095238095238093
2,"[13, 29]","13,29",36,component_37,0.011073040842201537,0.011073040842201537,0.0002443195699983747,0.00020978643551839565,-1.1288353616247464e-05,3.303464528209468e-05,6.692210170468193,0.047619047619047616
2,"[13, 29]","13,29",37,component_38,0.019113577224660106,0.019113577224660106,0.0002443195699983747,-0.00015910276147461377,-2.483291329311483e-05,4.243752541109332e-05,-3.163941508860937,0.047619047619047616
2,"[13, 29]","13,29",42,component_43,0.012438633804671783,0.012438633804671783,0.0002443195699983747,0.0001911122197472189,-1.9960987330954284e-05,3.417631476137074e-05,6.176008400904237,0.047619047619047616
2,"[13, 29]","13,29",43,component_44,0.09361723446965176,0.09361723446965176,0.0002443195699983747,0.00022615751928792283,-4.912781762244321e-05,4.945836512021964e-05,5.5660015498131274,0.047619047619047616
2,"[13, 29]","13,29",44,component_45,0.03145861211694433,0.03145861211694433,0.0002443195699983747,-7.709497828879697e-05,-2.5365204488449877e-05,4.19858190144758e-05,-1.2320772826299229,0.23809523809523808
2,"[13, 29]","13,29",49,component_50,0.008533566317670497,0.008533566317670497,0.0002443195699983747,-0.00010234053324967643,-2.503037586245543e-05,4.2290717588873925e-05,-1.8280644499529652,0.09523809523809523
2,"[13, 29]","13,29",57,component_58,0.011414976857156816,0.011414976857156816,0.0002443195699983747,0.0001771735063147272,-2.6005946142585823e-05,4.486876552509907e-05,4.5283049372877615,0.047619047619047616
2,"[13, 29]","13,29",59,component_60,0.01345239438526572,0.01345239438526572,0.0002443195699983747,-0.0001173646031974937,-4.9172983714049213e-05,5.1056531349730505e-05,-1.3356101106113318,0.19047619047619047
2,"[13, 32]","13,32",0,component_01,0.008557096682877229,0.008557096682877229,0.0002443195699983747,-0.0001121678876733357,-1.2887930125976679e-05,3.204217619566129e-05,-3.098414943514422,0.047619047619047616
2,"[13, 32]","13,32",2,component_03,0.02778772433964723,0.02778772433964723,0.0002443195699983747,-9.42986417115689e-05,-3.916398062214054e-05,4.154339169931997e-05,-1.3271583959364317,0.19047619047619047
2,"[13, 32]","13,32",3,component_04,0.014877894466812949,0.014877894466812949,0.0002443195699983747,-0.00017571730482790308,-5.421497136401751e-05,5.1182240137224097e-05,-2.3739158961805327,0.047619047619047616
2,"[13, 32]","13,32",6,component_07,0.008659192362868478,0.008659192362868478,0.0002443195699983747,-0.00011556429014357439,-1.0333783675882655e-05,2.7948655051682148e-05,-3.765136686294971,0.047619047619047616
2,"[13, 32]","13,32",11,component_12,0.012575474064857352,0.012575474064857352,0.0002443195699983747,8.378310291228333e-05,-4.0874180518769124e-05,4.8156659703218314e-05,2.588578281784806,0.2857142857142857
2,"[13, 32]","13,32",16,component_17,0.04510119209349589,0.04510119209349589,0.0002443195699983747,-0.00028681346642000366,-1.2452622310001914e-05,2.120808127784157e-05,-12.936617910676194,0.047619047619047616
2,"[13, 32]","13,32",18,component_19,0.11441811905184322,0.11441811905184322,0.0002443195699983747,0.0013730938635105605,-1.6272416010719907e-05,3.2495404739410064e-05,42.75577702949096,0.047619047619047616
2,"[13, 32]","13,32",19,component_20,0.04152514205282478,0.04152514205282478,0.0002443195699983747,-0.00033819749241684877,-1.2439022844709918e-05,2.7456840092576677e-05,-11.864383099940623,0.047619047619047616
2,"[13, 32]","13,32",21,component_22,0.027192558473328386,0.027192558473328386,0.0002443195699983747,0.0011526051952674178,-2.9619679231480955e-05,3.7125837983757615e-05,31.843722288938416,0.047619047619047616
2,"[13, 32]","13,32",26,component_27,0.011838896304308143,0.011838896304308143,0.0002443195699983747,-0.0002264837217346074,-2.838608542204257e-05,4.375687102982834e-05,-4.527234961053885,0.047619047619047616
2,"[13, 32]","13,32",27,component_28,0.01994075291218988,0.01994075291218988,0.0002443195699983747,-0.00023700755351055772,-3.7654743648860016e-05,4.272160013142437e-05,-4.666323575157041,0.047619047619047616
2,"[13, 32]","13,32",29,component_30,0.04540763824080452,0.04540763824080452,0.0002443195699983747,0.0005641202777709672,-4.1978235555496526e-05,4.28780645205301e-05,14.135398136645433,0.047619047619047616
2,"[13, 32]","13,32",36,component_37,0.028565511252818625,0.028565511252818625,0.0002443195699983747,-0.000317126984743666,-2.1653029781279796e-05,3.898453958623628e-05,-7.579259832190117,0.047619047619047616
2,"[13, 32]","13,32",42,component_43,0.02398690476904108,0.02398690476904108,0.0002443195699983747,-0.0002608671308227811,-4.584811854997711e-05,4.5683051380613885e-05,-4.706756789982067,0.047619047619047616
2,"[13, 32]","13,32",43,component_44,0.029323893087857995,0.029323893087857995,0.0002443195699983747,0.0010037601512966413,-4.641949819827585e-05,4.449832562369835e-05,23.60043068532057,0.047619047619047616
2,"[13, 32]","13,32",49,component_50,0.008929374762252397,0.008929374762252397,0.0002443195699983747,-0.00010786650574558937,-4.741049347739081e-05,4.987062397921238e-05,-1.2122569850619576,0.2857142857142857
2,"[13, 35]","13,35",0,component_01,0.022634915319918382,0.022634915319918382,0.0002443195699983747,0.0003666258378217588,-3.5325587300554493e-05,4.470168298859045e-05,8.991863353889972,0.047619047619047616
2,"[13, 35]","13,35",2,component_03,0.027914901141414972,0.027914901141414972,0.0002443195699983747,3.444619612594582e-05,-2.549950351211866e-05,3.7138878592866126e-05,1.614095576100115,0.3333333333333333
2,"[13, 35]","13,35",3,component_04,0.015227451685406276,0.015227451685406276,0.0002443195699983747,-1.2223972753487578e-05,-2.6531365193339582e-05,4.377037853938156e-05,0.32687385664209423,0.38095238095238093
2,"[13, 35]","13,35",5,component_06,0.010384019025489305,0.010384019025489305,0.0002443195699983747,1.4221062311636778e-05,-1.7865974932669578e-05,3.521646468500657e-05,0.9111373765455633,0.2857142857142857
2,"[13, 35]","13,35",6,component_07,0.009334556880582105,0.009334556880582105,0.0002443195699983747,-1.5141672083524016e-05,-2.7352975195913776e-05,4.502282264832739e-05,0.271224734348001,0.38095238095238093
2,"[13, 35]","13,35",8,component_09,0.021476854351071016,0.021476854351071016,0.0002443195699983747,5.68201080694726e-05,-1.6094571992414732e-05,3.106172498060002e-05,2.3474124539904686,0.14285714285714285
2,"[13, 35]","13,35",15,component_16,0.013825413621082139,0.013825413621082139,0.0002443195699983747,4.216610871516854e-05,-2.8211663320320354e-05,4.239773757292121e-05,1.6599416870875228,0.3333333333333333
2,"[13, 35]","13,35",16,component_17,0.027584889720635143,0.027584889720635143,0.0002443195699983747,0.0001025042709768137,-1.4182924994142645e-05,2.4210242871734795e-05,4.819744956263426,0.047619047619047616
2,"[13, 35]","13,35",18,component_19,0.09710908951353528,0.09710908951353528,0.0002443195699983747,0.0009205000933632246,-2.9604980410287002e-05,4.422522781361031e-05,21.483327972391287,0.047619047619047616
2,"[13, 35]","13,35",19,component_20,0.017116255129656942,0.017116255129656942,0.0002443195699983747,4.210729590607351e-05,-2.1664140861125872e-05,3.202412195120845e-05,1.9913562927458472,0.23809523809523808
2,"[13, 35]","13,35",20,component_21,0.01871091900804461,0.01871091900804461,0.0002443195699983747,1.6643512405378758e-05,-2.1037515575353666e-05,3.9396038365654776e-05,0.9564674404820996,0.2857142857142857
2,"[13, 35]","13,35",21,component_22,0.01608178732687165,0.01608178732687165,0.0002443195699983747,-7.436854632402595e-06,-2.284856298413774e-05,3.837046934855067e-05,0.40165545570313116,0.42857142857142855
2,"[13, 35]","13,35",23,component_24,0.01016222723860151,0.01016222723860151,0.0002443195699983747,-1.201521133314086e-05,-3.315989213031173e-05,4.0972998648292255e-05,0.5160637857793738,0.5238095238095238
2,"[13, 35]","13,35",25,component_26,0.015933514280257553,0.015933514280257553,0.0002443195699983747,-1.3814538466109388e-05,-1.2167845658064002e-05,2.576614584593231e-05,-0.06390916273981075,0.23809523809523808
2,"[13, 35]","13,35",29,component_30,0.04665148879757133,0.04665148879757133,0.0002443195699983747,0.0003602298239183607,-2.1908070430138976e-05,3.9279743566049e-05,9.72862497704278,0.047619047619047616
2,"[13, 35]","13,35",40,component_41,0.017838220196341386,0.017838220196341386,0.0002443195699983747,6.381239793923354e-05,-2.2182774900671467e-05,4.517452377067508e-05,1.903621016049948,0.23809523809523808
2,"[13, 35]","13,35",45,component_46,0.009744199074425832,0.009744199074425832,0.0002443195699983747,-1.5176875674854234e-05,-1.2058598614248218e-05,2.559729794594169e-05,-0.12182055571613182,0.19047619047619047
2,"[13, 35]","13,35",47,component_48,0.019236605372021695,0.019236605372021695,0.0002443195699983747,0.00020392922316393725,-4.4199382988607416e-05,5.111604923213739e-05,4.854221127804664,0.047619047619047616
2,"[13, 35]","13,35",49,component_50,0.010985355917380597,0.010985355917380597,0.0002443195699983747,-8.152516804730073e-06,-3.667469803974242e-05,4.677573074678383e-05,0.6097645248860907,0.47619047619047616
2,"[14, 15]","14,15",0,component_01,0.02231049721954255,0.02231049721954255,0.0002443195699983747,0.000496439011997165,-1.1509381809076064e-05,2.3615315230976593e-05,21.509278569356418,0.047619047619047616
2,"[14, 15]","14,15",1,component_02,0.02767770397097974,0.02767770397097974,0.0002443195699983747,0.0003324263408634072,-1.7449889723690124e-05,3.422686119638611e-05,10.222270414443948,0.047619047619047616
2,"[14, 15]","14,15",2,component_03,0.03319480301288853,0.03319480301288853,0.0002443195699983747,0.000382271276479669,-3.091345501642034e-05,4.278636718046295e-05,9.656924827325776,0.047619047619047616
2,"[14, 15]","14,15",5,component_06,0.010624319833829573,0.010624319833829573,0.0002443195699983747,0.00018089551366749258,-8.68358201084195e-06,2.9490658834312522e-05,6.42844558826059,0.047619047619047616
2,"[14, 15]","14,15",6,component_07,0.021910063135579708,0.021910063135579708,0.0002443195699983747,6.458732449583088e-05,-1.5947231337772992e-05,4.1164509298905316e-05,1.9564075269019547,0.19047619047619047
2,"[14, 15]","14,15",9,component_10,0.014259310973772144,0.014259310973772144,0.0002443195699983747,-8.736793974746179e-05,-1.2213665978951335e-05,2.9265550760065838e-05,-2.568011597822442,0.09523809523809523
2,"[14, 15]","14,15",19,component_20,0.013231855574102211,0.013231855574102211,0.0002443195699983747,0.00013543964706185657,-1.4992566221301823e-05,3.4370046209794676e-05,4.37684058860208,0.047619047619047616
2,"[14, 15]","14,15",20,component_21,0.010344403224683076,0.010344403224683076,0.0002443195699983747,-7.294828346119872e-05,-4.427971556065666e-05,4.3770623005333584e-05,-0.6549728089784947,0.2857142857142857
2,"[14, 15]","14,15",22,component_23,0.019298249864808055,0.019298249864808055,0.0002443195699983747,-7.938443222483757e-05,-1.1736235508206838e-05,2.138721040930828e-05,-3.163021049588985,0.047619047619047616
2,"[14, 15]","14,15",25,component_26,0.018669488292683525,0.018669488292683525,0.0002443195699983747,-0.00011776796794592953,-1.6494911789740025e-05,3.518243827163178e-05,-2.878511585078166,0.047619047619047616
2,"[14, 15]","14,15",31,component_32,0.0076671939636059885,0.0076671939636059885,0.0002443195699983747,-2.9132986865001466e-05,-1.5517020279999252e-05,2.9863278996858272e-05,-0.45594345438204104,0.23809523809523808
2,"[14, 15]","14,15",34,component_35,0.018886096077766125,0.018886096077766125,0.0002443195699983747,-8.172931234279313e-05,-1.1706333223574162e-05,2.932961444352927e-05,-2.3874496970984733,0.09523809523809523
2,"[14, 15]","14,15",35,component_36,0.023762323815549654,0.023762323815549654,0.0002443195699983747,-6.410059623995767e-05,-3.80359659431608e-05,4.43617617238376e-05,-0.587547231759084,0.38095238095238093
2,"[14, 15]","14,15",38,component_39,0.01128633479057084,0.01128633479057084,0.0002443195699983747,-6.586576344620211e-05,-2.866014917283505e-05,4.423965604994534e-05,-0.8410014361631327,0.23809523809523808
2,"[14, 15]","14,15",39,component_40,0.014854703014790568,0.014854703014790568,0.0002443195699983747,-5.5539270863247045e-05,-3.0054581358893433e-05,4.177616963384276e-05,-0.61002934753761,0.2857142857142857
2,"[14, 15]","14,15",46,component_47,0.08359989299968008,0.08359989299968008,0.0002443195699983747,0.0022958927006060253,-2.3067283715213135e-05,3.805750595336351e-05,60.93305187058086,0.047619047619047616
2,"[14, 15]","14,15",52,component_53,0.012339022061362157,0.012339022061362157,0.0002443195699983747,0.00017156155359103128,-4.1799543335515425e-05,4.327936751962619e-05,4.929857092523184,0.047619047619047616
2,"[14, 15]","14,15",59,component_60,0.034370799915561315,0.034370799915561315,0.0002443195699983747,0.001027355889811947,-3.571385929992044e-05,4.681402636535101e-05,22.708359687230175,0.047619047619047616
2,"[14, 16]","14,16",0,component_01,0.015331026863178488,0.015331026863178488,0.0002443195699983747,-0.00010569930034243225,-1.2486244087855417e-05,2.4797161105201438e-05,-3.759021279053775,0.09523809523809523
2,"[14, 16]","14,16",1,component_02,0.027037833418052624,0.027037833418052624,0.0002443195699983747,-0.00018352997059441906,-3.170393555411385e-05,4.17077800210425e-05,-3.6402329484740164,0.047619047619047616
2,"[14, 16]","14,16",2,component_03,0.03349273342515363,0.03349273342515363,0.0002443195699983747,0.0005341330853565265,-4.159920863939819e-05,5.126600233171024e-05,11.230294304414867,0.047619047619047616
2,"[14, 16]","14,16",6,component_07,0.022362228715878747,0.022362228715878747,0.0002443195699983747,-0.00012868137447478306,-1.4577877695614526e-05,3.504709617369302e-05,-3.255718996337753,0.047619047619047616
2,"[14, 16]","14,16",11,component_12,0.016002835554327965,0.016002835554327965,0.0002443195699983747,-0.00018989670902712016,-1.995783337179709e-05,3.4317059012717656e-05,-4.952023295246395,0.047619047619047616
2,"[14, 16]","14,16",19,component_20,0.03639504495590298,0.03639504495590298,0.0002443195699983747,0.0003837603075478521,-4.119856573527637e-05,4.9966115667160544e-05,8.504941150797242,0.047619047619047616
2,"[14, 16]","14,16",21,component_22,0.011983349887557754,0.011983349887557754,0.0002443195699983747,-0.00016342496889609412,-1.3360067294712336e-05,2.5056838621104264e-05,-5.988979849795927,0.047619047619047616
2,"[14, 16]","14,16",22,component_23,0.01864450848537152,0.01864450848537152,0.0002443195699983747,0.00015665349248788,-2.3203432210598462e-05,4.399531727592139e-05,4.0880924569877815,0.047619047619047616
2,"[14, 16]","14,16",25,component_26,0.018782696684954737,0.018782696684954737,0.0002443195699983747,-4.559575674717431e-06,-4.017868127774336e-05,4.332060671190789e-05,0.8222208391470892,0.7619047619047619
2,"[14, 16]","14,16",29,component_30,0.010572282288404414,0.010572282288404414,0.0002443195699983747,0.00024197547244889442,-2.6960274301477446e-05,5.042569343939561e-05,5.333307851752078,0.047619047619047616
2,"[14, 16]","14,16",31,component_32,0.016864414585207804,0.016864414585207804,0.0002443195699983747,-6.382042366114005e-05,-3.112785559964067e-05,4.404219266997339e-05,-0.7423010999129515,0.2857142857142857
2,"[14, 16]","14,16",32,component_33,0.0175480881305003,0.0175480881305003,0.0002443195699983747,0.00040536263036632103,-2.6422630086866246e-05,3.9818409690961587e-05,10.84386000858288,0.047619047619047616
2,"[14, 16]","14,16",36,component_37,0.015089114443962753,0.015089114443962753,0.0002443195699983747,-0.0001754268426195013,-4.362161680577837e-05,4.946983267278506e-05,-2.664355602040134,0.047619047619047616
2,"[14, 16]","14,16",39,component_40,0.02459811944946627,0.02459811944946627,0.0002443195699983747,0.0007777527375059864,-1.9981730337260765e-05,3.329297672096461e-05,23.961043631791366,0.047619047619047616
2,"[14, 16]","14,16",43,component_44,0.01762586127195292,0.01762586127195292,0.0002443195699983747,-0.00011473565253177637,-2.5780661596471967e-05,3.741987388819206e-05,-2.3772124727383,0.09523809523809523
2,"[14, 16]","14,16",46,component_47,0.015317940539472613,0.015317940539472613,0.0002443195699983747,0.00041050919049586895,-3.042104470726221e-05,4.555562459941057e-05,9.6789417131345,0.047619047619047616
2,"[14, 16]","14,16",52,component_53,0.01220986999539754,0.01220986999539754,0.0002443195699983747,-0.00014530226709011385,-3.322347934276462e-05,4.559805360571369e-05,-2.4579730686860968,0.047619047619047616
2,"[14, 16]","14,16",57,component_58,0.01942553180869834,0.01942553180869834,0.0002443195699983747,-0.00015966076345159952,-7.949131988228765e-06,2.7913533280170828e-05,-5.435056534786423,0.047619047619047616
2,"[14, 16]","14,16",59,component_60,0.01579226150810296,0.01579226150810296,0.0002443195699983747,0.00024525398276299855,-3.322755755786923e-05,4.8001909793282334e-05,5.801467931591341,0.047619047619047616
2,"[14, 18]","14,18",0,component_01,0.01574856093587157,0.01574856093587157,0.0002443195699983747,-0.00016523192143854878,-1.998547165540985e-05,4.1157527734276715e-05,-3.529037281366517,0.047619047619047616
2,"[14, 18]","14,18",1,component_02,0.027652583424681736,0.027652583424681736,0.0002443195699983747,-0.0002668923457531079,-2.5783722894880384e-05,4.093949144664798e-05,-5.889389788156953,0.047619047619047616
2,"[14, 18]","14,18",2,component_03,0.03845669467539802,0.03845669467539802,0.0002443195699983747,0.0011992230515878305,-2.930006394331703e-05,3.839634071230986e-05,31.99583847679743,0.047619047619047616
2,"[14, 18]","14,18",6,component_07,0.023076670457483857,0.023076670457483857,0.0002443195699983747,0.0003107229389241843,-3.975787134618973e-05,4.7665221214650464e-05,7.35296724402172,0.047619047619047616
2,"[14, 18]","14,18",7,component_08,0.027397114133145238,0.027397114133145238,0.0002443195699983747,-0.00028095365989716514,-2.3795174716908328e-05,4.59537543988892e-05,-5.5960277575595185,0.047619047619047616
2,"[14, 18]","14,18",16,component_17,0.04425926844531144,0.04425926844531144,0.0002443195699983747,-0.00016041708135518945,-1.3303881498523272e-05,3.6297353432969165e-05,-4.053000727128555,0.047619047619047616
2,"[14, 18]","14,18",22,component_23,0.017988648093258883,0.017988648093258883,0.0002443195699983747,-7.52665279196707e-05,-1.005982662390611e-05,2.7443940130489135e-05,-2.3759963396554173,0.09523809523809523
2,"[14, 18]","14,18",25,component_26,0.019626590840517197,0.019626590840517197,0.0002443195699983747,-0.0001767616284112962,-3.941559794558499e-05,4.055320762796675e-05,-3.386810526203435,0.047619047619047616
2,"[14, 18]","14,18",27,component_28,0.017329229278555753,0.017329229278555753,0.0002443195699983747,0.0002778309407232525,-3.260485357451286e-05,4.670357815712138e-05,6.64693812652618,0.047619047619047616
2,"[14, 18]","14,18",29,component_30,0.03398810417800359,0.03398810417800359,0.0002443195699983747,0.000697206849622517,-3.231397808355262e-05,5.0035719448058506e-05,14.580000762522793,0.047619047619047616
2,"[14, 18]","14,18",33,component_34,0.017108061769776105,0.017108061769776105,0.0002443195699983747,-7.550388200976144e-05,-2.9002467801263002e-05,4.222200247785645e-05,-1.101355015856634,0.19047619047619047
2,"[14, 18]","14,18",39,component_40,0.022021718559564498,0.022021718559564498,0.0002443195699983747,0.0007263685240204119,-3.1059775655641044e-05,4.693943265049955e-05,16.136290042440297,0.047619047619047616
2,"[14, 18]","14,18",41,component_42,0.024917180422513674,0.024917180422513674,0.0002443195699983747,-0.00011676654357232683,-2.4237642212590224e-05,4.873097921856276e-05,-1.8987695885349702,0.19047619047619047
2,"[14, 18]","14,18",44,component_45,0.05802264265732231,0.05802264265732231,0.0002443195699983747,-4.076911120290405e-05,-3.807339837770596e-05,4.310803979543807e-05,-0.06253387623260401,0.42857142857142855
2,"[14, 18]","14,18",46,component_47,0.011046362930852432,0.011046362930852432,0.0002443195699983747,0.00021815423027965637,-3.144427212656918e-05,4.3848718253269284e-05,5.692264502796861,0.047619047619047616
2,"[14, 18]","14,18",52,component_53,0.010000006218908501,0.010000006218908501,0.0002443195699983747,-0.00011025129833413042,-3.3700102516991064e-05,4.382083806537532e-05,-1.7469130942437556,0.19047619047619047
2,"[14, 18]","14,18",56,component_57,0.029270692980276992,0.029270692980276992,0.0002443195699983747,0.00043978911859629544,-2.347890302528798e-05,4.729421193573873e-05,9.795448590010366,0.047619047619047616
2,"[14, 18]","14,18",57,component_58,0.01862407937732781,0.01862407937732781,0.0002443195699983747,-0.00020528642117731769,-3.0420605784996995e-05,3.285234470840598e-05,-5.3227803660411945,0.047619047619047616
2,"[14, 18]","14,18",58,component_59,0.019166225144706145,0.019166225144706145,0.0002443195699983747,-0.00023899384155118622,-3.70346438056847e-05,5.007856177540425e-05,-4.032847401873519,0.047619047619047616
2,"[14, 18]","14,18",59,component_60,0.01537600161199384,0.01537600161199384,0.0002443195699983747,-0.00018178551358789992,-2.4152382473294167e-05,3.848513002926429e-05,-4.095949032645615,0.047619047619047616
2,"[14, 24]","14,24",0,component_01,0.02780848525175008,0.02780848525175008,0.0002443195699983747,0.00025992313848206133,-2.6233643926209735e-05,4.3176467453513257e-05,6.627609883007846,0.047619047619047616
2,"[14, 24]","14,24",1,component_02,0.05062820507746259,0.05062820507746259,0.0002443195699983747,0.0010546676835417046,-2.469067344130642e-05,4.110419869197882e-05,26.259077936815242,0.047619047619047616
2,"[14, 24]","14,24",2,component_03,0.047217359051267636,0.047217359051267636,0.0002443195699983747,0.0008045939886732814,-1.984860212334357e-05,3.443131189260877e-05,23.944559340871493,0.047619047619047616
2,"[14, 24]","14,24",6,component_07,0.03947407679076091,0.03947407679076091,0.0002443195699983747,0.0005925310026292929,-3.3378913967548086e-05,3.933264711775557e-05,15.913241606215013,0.047619047619047616
2,"[14, 24]","14,24",7,component_08,0.021936362114750363,0.021936362114750363,0.0002443195699983747,6.268913426683842e-05,-1.85750385109315e-05,3.5855666739329906e-05,2.266424812807389,0.19047619047619047
2,"[14, 24]","14,24",10,component_11,0.018126244045456954,0.018126244045456954,0.0002443195699983747,3.8810512933858815e-05,-1.811631884638031e-05,2.8161390386000328e-05,2.021449615944345,0.23809523809523808
2,"[14, 24]","14,24",12,component_13,0.02219953350343659,0.02219953350343659,0.0002443195699983747,3.495330193857907e-05,-2.8558554130374304e-05,4.540911828054997e-05,1.3986586499336922,0.3333333333333333
2,"[14, 24]","14,24",17,component_18,0.015285545241890408,0.015285545241890408,0.0002443195699983747,0.0001193470292400571,-3.103861420457269e-05,4.5831673574216086e-05,3.2812601355503093,0.047619047619047616
2,"[14, 24]","14,24",22,component_23,0.02777241644560238,0.02777241644560238,0.0002443195699983747,0.0002304205526857568,-2.4686001902724425e-05,4.49727251364751e-05,5.672472677924897,0.047619047619047616
2,"[14, 24]","14,24",25,component_26,0.01866894029133196,0.01866894029133196,0.0002443195699983747,-0.00011831596929749374,-3.680845794631258e-05,3.816638538578163e-05,-2.1355837218356464,0.09523809523809523
2,"[14, 24]","14,24",33,component_34,0.030933356536298078,0.030933356536298078,0.0002443195699983747,-3.2577097047736814e-07,-2.081761193432665e-05,3.3429899428029086e-05,0.6129794380017796,0.5238095238095238
2,"[14, 24]","14,24",39,component_40,0.019254573185374005,0.019254573185374005,0.0002443195699983747,6.29468828904356e-05,-2.7301368602795037e-05,4.7335155470460426e-05,1.9065798051418716,0.23809523809523808
2,"[14, 24]","14,24",46,component_47,0.016724714185501983,0.016724714185501983,0.0002443195699983747,6.226458130851806e-05,-2.475253017478297e-05,3.690315807564752e-05,2.3579854955753454,0.23809523809523808
2,"[14, 24]","14,24",52,component_53,0.011935621558668235,0.011935621558668235,0.0002443195699983747,-2.0592093552002783e-06,-2.976219395068215e-05,4.404687046989548e-05,0.628943311975272,0.5238095238095238
2,"[14, 24]","14,24",59,component_60,0.014416280402465722,0.014416280402465722,0.0002443195699983747,3.570548900849908e-05,-1.71496503541659e-05,3.017779117538989e-05,1.7514581851096034,0.2857142857142857
2,"[14, 29]","14,29",0,component_01,0.015076400342807689,0.015076400342807689,0.0002443195699983747,-9.113473084835025e-06,-8.969887941573537e-06,2.6311940728410883e-05,-0.005457033547755336,0.19047619047619047
2,"[14, 29]","14,29",1,component_02,0.031204425306236832,0.031204425306236832,0.0002443195699983747,0.0002023028083801455,-3.334149323990232e-05,3.7182829411005585e-05,6.337449445154394,0.047619047619047616
2,"[14, 29]","14,29",2,component_03,0.03501171253638702,0.03501171253638702,0.0002443195699983747,0.0003669150524983622,-4.01439838512559e-05,4.843073109840006e-05,8.404974013763454,0.047619047619047616
2,"[14, 29]","14,29",6,component_07,0.028995722132219827,0.028995722132219827,0.0002443195699983747,0.00042225894173007414,-2.2995484091904105e-05,4.3129474254547275e-05,10.323669219664408,0.047619047619047616
2,"[14, 29]","14,29",7,component_08,0.015175783061732107,0.015175783061732107,0.0002443195699983747,3.194400352337333e-05,-3.940757415023282e-05,4.195683994809336e-05,1.70059465302626,0.42857142857142855
2,"[14, 29]","14,29",11,component_12,0.03974877439976812,0.03974877439976812,0.0002443195699983747,0.00032670558941179373,-4.639628554626872e-05,4.55507579875455e-05,8.190903761910528,0.047619047619047616
2,"[14, 29]","14,29",18,component_19,0.011590926815315553,0.011590926815315553,0.0002443195699983747,-9.171296334896384e-06,-1.1100057240061187e-05,2.8126477225004707e-05,0.06857456373705116,0.23809523809523808
2,"[14, 29]","14,29",22,component_23,0.018158399359540018,0.018158399359540018,0.0002443195699983747,-9.162152923222755e-06,-1.3865462573330018e-05,3.134446382089655e-05,0.15005232429503826,0.23809523809523808
2,"[14, 29]","14,29",25,component_26,0.020661800660591027,0.020661800660591027,0.0002443195699983747,0.00012520912436401327,-2.148850154301128e-05,3.536264021360445e-05,4.14837876982353,0.047619047619047616
2,"[14, 29]","14,29",36,component_37,0.012624024120164008,0.012624024120164008,0.0002443195699983747,0.0001210873435141778,-3.115944692071077e-05,4.3417527672234e-05,3.5065743859075633,0.09523809523809523
2,"[14, 29]","14,29",37,component_38,0.01918365717387488,0.01918365717387488,0.0002443195699983747,3.976673609231221e-05,-3.2508843120772045e-05,4.724288280518116e-05,1.529872330423446,0.38095238095238093
2,"[14, 29]","14,29",39,component_40,0.014530149870272154,0.014530149870272154,0.0002443195699983747,1.6871127852797693e-05,-1.2495488673302998e-05,2.3147707822222764e-05,1.26866196651694,0.2857142857142857
2,"[14, 29]","14,29",42,component_43,0.013495842049766655,0.013495842049766655,0.0002443195699983747,1.3565596147810041e-05,-1.6795497687394617e-05,3.48181879957984e-05,0.8719894854628395,0.23809523809523808
2,"[14, 29]","14,29",43,component_44,0.08742557948401686,0.08742557948401686,0.0002443195699983747,-7.144049179830247e-05,-2.43097713288054e-05,4.33990801264173e-05,-1.085984318842931,0.2857142857142857
2,"[14, 29]","14,29",44,component_45,0.031312694209061576,0.031312694209061576,0.0002443195699983747,-0.00011766503920880578,-2.7122791435497388e-05,3.4250389898220513e-05,-2.6435391842944402,0.09523809523809523
2,"[14, 29]","14,29",46,component_47,0.01223645343652444,0.01223645343652444,0.0002443195699983747,9.831449062769684e-06,-1.6855264956331046e-05,3.527529893076468e-05,0.7565269417412767,0.23809523809523808
2,"[14, 29]","14,29",52,component_53,0.010015256604035155,0.010015256604035155,0.0002443195699983747,-9.500091320747625e-05,-3.4194292343040284e-05,4.221135764950199e-05,-1.4405274847906573,0.09523809523809523
2,"[14, 29]","14,29",57,component_58,0.011579034261131434,0.011579034261131434,0.0002443195699983747,-1.5039677469554091e-07,-2.4646956579017644e-05,4.046280053276786e-05,0.6054094002832091,0.38095238095238093
2,"[14, 29]","14,29",59,component_60,0.026801238450176967,0.026801238450176967,0.0002443195699983747,0.000479459805152075,-3.297122590391475e-05,4.082332308905509e-05,12.552408581195948,0.047619047619047616
2,"[14, 32]","14,32",0,component_01,0.015278778923589744,0.015278778923589744,0.0002443195699983747,-2.7583936116046953e-05,-2.4452094824456324e-05,4.04479207542748e-05,-0.07742898109934702,0.3333333333333333
2,"[14, 32]","14,32",1,component_02,0.025030543469048254,0.025030543469048254,0.0002443195699983747,-0.00010705994382164546,-1.9301338655593345e-05,3.656187927089754e-05,-2.400276104951369,0.09523809523809523
2,"[14, 32]","14,32",2,component_03,0.03070445569491371,0.03070445569491371,0.0002443195699983747,4.765418074631836e-05,-4.959301571528327e-05,4.738199858141807e-05,2.052408074228835,0.47619047619047616
2,"[14, 32]","14,32",6,component_07,0.021709085583318907,0.021709085583318907,0.0002443195699983747,-7.989502884584235e-05,-1.0054997689005488e-05,2.3083970388759584e-05,-3.025477419207074,0.047619047619047616
2,"[14, 32]","14,32",11,component_12,0.019415371374436326,0.019415371374436326,0.0002443195699983747,0.0003188432945004198,-5.475608864720262e-05,5.3200850817774604e-05,7.022432487542125,0.047619047619047616
2,"[14, 32]","14,32",16,component_17,0.019003483884213745,0.019003483884213745,0.0002443195699983747,6.252173033466368e-05,-1.1789429903806363e-05,3.011733525710787e-05,2.467388286649038,0.14285714285714285
2,"[14, 32]","14,32",18,component_19,0.02049468339161653,0.02049468339161653,0.0002443195699983747,6.74744448263126e-05,-2.4229206625873104e-05,4.293043528600624e-05,2.136098803593491,0.23809523809523808
2,"[14, 32]","14,32",19,component_20,0.026327531309937507,0.026327531309937507,0.0002443195699983747,0.0001552816575350613,-1.3425873342835294e-05,3.0528844830927624e-05,5.526168180034946,0.047619047619047616
2,"[14, 32]","14,32",21,component_22,0.01573148218852565,0.01573148218852565,0.0002443195699983747,0.00021047763751898263,-3.718700798266573e-05,4.677435319466364e-05,5.294881245517764,0.047619047619047616
2,"[14, 32]","14,32",22,component_23,0.01802616816770973,0.01802616816770973,0.0002443195699983747,-3.7746453468823216e-05,-3.2587495691553516e-05,4.462743544983155e-05,-0.11560058796273878,0.3333333333333333
2,"[14, 32]","14,32",25,component_26,0.01958787517812664,0.01958787517812664,0.0002443195699983747,-2.877370348901287e-05,-3.076762873692987e-05,4.186550799338238e-05,0.047626921145497055,0.42857142857142855
2,"[14, 32]","14,32",26,component_27,0.010190397065272881,0.010190397065272881,0.0002443195699983747,4.2927961722625044e-05,-4.584832727292217e-05,4.70075319423998e-05,1.8885545640713137,0.47619047619047616
2,"[14, 32]","14,32",27,component_28,0.019983295300005758,0.019983295300005758,0.0002443195699983747,-2.676392349239276e-05,-3.5956916541385653e-05,4.4140150324095485e-05,0.20826827687477467,0.5238095238095238
2,"[14, 32]","14,32",36,component_37,0.030576160124826213,0.030576160124826213,0.0002443195699983747,5.383951729722933e-05,-4.1596208734773755e-05,5.334396943944909e-05,1.789063075636553,0.38095238095238093
2,"[14, 32]","14,32",39,component_40,0.015045421128113405,0.015045421128113405,0.0002443195699983747,6.530120609025102e-05,-2.084754873793855e-05,4.004912977326513e-05,2.1510768227902504,0.19047619047619047
2,"[14, 32]","14,32",42,component_43,0.025740777986255958,0.025740777986255958,0.0002443195699983747,0.00025825121769781564,-2.3533551276600747e-05,3.836120832809584e-05,7.345565514109121,0.047619047619047616
2,"[14, 32]","14,32",43,component_44,0.022322172996111486,0.022322172996111486,0.0002443195699983747,-0.00010390296590118836,-3.11094236744883e-05,4.2781984019145575e-05,-1.7014999162760631,0.09523809523809523
2,"[14, 32]","14,32",46,component_47,0.010374342628193466,0.010374342628193466,0.0002443195699983747,-2.8024208115220994e-05,-2.9277289637894504e-05,3.917243307552992e-05,0.03198886115287741,0.38095238095238093
2,"[14, 32]","14,32",52,component_53,0.011257977163636076,0.011257977163636076,0.0002443195699983747,-2.9016139547428932e-05,-2.224370164729364e-05,3.678519972256505e-05,-0.18410768328602795,0.3333333333333333
2,"[14, 32]","14,32",59,component_60,0.014075049737693204,0.014075049737693204,0.0002443195699983747,-1.0075758387573241e-05,-2.4668181315097148e-05,3.7313603021990476e-05,0.39107515076804505,0.38095238095238093
2,"[14, 35]","14,35",0,component_01,0.029773135408593582,0.029773135408593582,0.0002443195699983747,0.00086774763734173,-2.3507638069265966e-05,4.02194999922242e-05,22.15978009630418,0.047619047619047616
2,"[14, 35]","14,35",1,component_02,0.029129484432508998,0.029129484432508998,0.0002443195699983747,0.00047421449063032514,-2.260455678458565e-05,3.857714038276911e-05,12.878586709263196,0.047619047619047616
2,"[14, 35]","14,35",2,component_03,0.030606839257809146,0.030606839257809146,0.0002443195699983747,-4.8394220288471707e-05,-3.25731859498368e-05,4.3565585671676515e-05,-0.36315440489810064,0.2857142857142857
2,"[14, 35]","14,35",5,component_06,0.013797182178598669,0.013797182178598669,0.0002443195699983747,0.00024070018559596562,-3.1043821749632466e-05,4.6011095210111656e-05,5.906053879062589,0.047619047619047616
2,"[14, 35]","14,35",6,component_07,0.022512269489354385,0.022512269489354385,0.0002443195699983747,0.00014834697753605963,-1.245622854883748e-05,2.8103010078747422e-05,5.721921090812357,0.047619047619047616
2,"[14, 35]","14,35",8,component_09,0.02947098569488525,0.02947098569488525,0.0002443195699983747,0.0007206806950459561,-2.5944648813104385e-05,3.9694784345164104e-05,18.80915480902517,0.047619047619047616
2,"[14, 35]","14,35",15,component_16,0.017854684330743283,0.017854684330743283,0.0002443195699983747,0.0003359128069403243,-2.360575654144941e-05,3.3740983998770295e-05,10.65524833226193,0.047619047619047616
2,"[14, 35]","14,35",20,component_21,0.01783833373195795,0.01783833373195795,0.0002443195699983747,-9.375795154580382e-05,-1.6460211631665e-05,3.8131146792581384e-05,-2.027154869865532,0.14285714285714285
2,"[14, 35]","14,35",22,component_23,0.01794895481028015,0.01794895481028015,0.0002443195699983747,-0.00011495981089840179,-1.7414526498585844e-05,3.480114227928545e-05,-2.802933409972507,0.09523809523809523
2,"[14, 35]","14,35",23,component_24,0.011384799528645916,0.011384799528645916,0.0002443195699983747,-7.778836110997056e-05,-2.3716655111406306e-05,4.32899210725301e-05,-1.249059934943513,0.19047619047619047
2,"[14, 35]","14,35",25,component_26,0.03576677528391081,0.03576677528391081,0.0002443195699983747,0.0011432605975762317,-3.264669099106347e-05,4.0495475511046945e-05,29.037991867672083,0.047619047619047616
2,"[14, 35]","14,35",39,component_40,0.014857857072981548,0.014857857072981548,0.0002443195699983747,-6.129348810381477e-05,-1.3793840791471575e-05,3.0442086961760995e-05,-1.5603282183645488,0.14285714285714285
2,"[14, 35]","14,35",40,component_41,0.01932536810818511,0.01932536810818511,0.0002443195699983747,-9.60516418648423e-05,-2.0498539707129722e-05,3.96628136261803e-05,-1.9048850863127402,0.14285714285714285
2,"[14, 35]","14,35",45,component_46,0.00951859975405064,0.00951859975405064,0.0002443195699983747,6.222070836985234e-05,-2.2721231771599415e-05,3.57737404153977e-05,2.3744215493018768,0.19047619047619047
2,"[14, 35]","14,35",46,component_47,0.015036411989149926,0.015036411989149926,0.0002443195699983747,0.00031140441524906727,-3.966911550343313e-05,4.8468299373433505e-05,7.243363916022422,0.047619047619047616
2,"[14, 35]","14,35",47,component_48,0.015771308123927734,0.015771308123927734,0.0002443195699983747,-5.972010863781324e-05,-2.930304485824732e-05,4.8623568740573414e-05,-0.6255621413116214,0.2857142857142857
2,"[14, 35]","14,35",52,component_53,0.010891239463891027,0.010891239463891027,0.0002443195699983747,-6.699124935335456e-05,-2.954181539212296e-05,4.389964570274293e-05,-0.8530691617607222,0.23809523809523808
2,"[14, 35]","14,35",59,component_60,0.014037466115254978,0.014037466115254978,0.0002443195699983747,-4.765938082579996e-05,-2.648063113518701e-05,3.614252940242842e-05,-0.585978625203524,0.3333333333333333
2,"[15, 16]","15,16",5,component_06,0.007475339947436882,0.007475339947436882,0.0002443195699983747,-5.396964655390163e-05,-2.7473224104182937e-05,4.273170414899954e-05,-0.6200647265863616,0.2857142857142857
2,"[15, 16]","15,16",9,component_10,0.014511293503082261,0.014511293503082261,0.0002443195699983747,7.558510686206735e-05,-2.5825202247513774e-05,4.337482669858779e-05,2.33799917667182,0.23809523809523808
2,"[15, 16]","15,16",11,component_12,0.013159237477020247,0.013159237477020247,0.0002443195699983747,0.0002834933293988269,-3.727618907532143e-05,3.901377229196283e-05,8.221955981945113,0.047619047619047616
2,"[15, 16]","15,16",19,component_20,0.04695529123978903,0.04695529123978903,0.0002443195699983747,0.00010618127172423719,-4.2624493461098417e-05,4.694853021119375e-05,3.1695510917156775,0.23809523809523808
2,"[15, 16]","15,16",20,component_21,0.008416249203947273,0.008416249203947273,0.0002443195699983747,-5.810354530751127e-05,-2.7487358673833712e-05,4.365819505660537e-05,-0.7012700958887995,0.3333333333333333
2,"[15, 16]","15,16",21,component_22,0.00846164116150987,0.00846164116150987,0.0002443195699983747,8.615404288318113e-05,-2.012592143652684e-05,3.533875284627264e-05,3.007462226582732,0.14285714285714285
2,"[15, 16]","15,16",29,component_30,0.007654043765199413,0.007654043765199413,0.0002443195699983747,-5.153238402738104e-05,-3.468315755461195e-05,4.862729238959534e-05,-0.34649731960758484,0.38095238095238093
2,"[15, 16]","15,16",31,component_32,0.024283681471529407,0.024283681471529407,0.0002443195699983747,-0.0001521601616769376,-2.2411590387997028e-05,4.0282306760880225e-05,-3.2209816597430976,0.047619047619047616
2,"[15, 16]","15,16",32,component_33,0.015120061423433936,0.015120061423433936,0.0002443195699983747,-0.0001303960352919912,-4.491581066883112e-05,4.218043761115528e-05,-2.026537168987395,0.047619047619047616
2,"[15, 16]","15,16",34,component_35,0.015651202879716945,0.015651202879716945,0.0002443195699983747,6.567035235274105e-05,-2.3680503377180376e-05,3.2907409149957657e-05,2.715220007833293,0.09523809523809523
2,"[15, 16]","15,16",35,component_36,0.023872083227286865,0.023872083227286865,0.0002443195699983747,-0.00010793357387102465,-2.136597616084774e-05,3.552133834442732e-05,-2.437059011425392,0.09523809523809523
2,"[15, 16]","15,16",36,component_37,0.019092190613494358,0.019092190613494358,0.0002443195699983747,0.0005167081243920464,-3.4717889807083226e-05,4.266915944417535e-05,12.923292171259382,0.047619047619047616
2,"[15, 16]","15,16",38,component_39,0.011373551281948478,0.011373551281948478,0.0002443195699983747,-4.5981017674751046e-05,-2.297258556813373e-05,4.397486008363119e-05,-0.5232178581776038,0.23809523809523808
2,"[15, 16]","15,16",39,component_40,0.009834305397008958,0.009834305397008958,0.0002443195699983747,9.602770134354427e-05,-2.4317385693997842e-05,4.0852280853646554e-05,2.945859680850595,0.19047619047619047
2,"[15, 16]","15,16",43,component_44,0.01770614584340762,0.01770614584340762,0.0002443195699983747,-3.445108107707692e-05,-2.8641504546317533e-05,4.290554601150027e-05,-0.13540385965959292,0.42857142857142855
2,"[15, 16]","15,16",46,component_47,0.07723965382993486,0.07723965382993486,0.0002443195699983747,7.621151377905366e-05,-4.144349158904066e-06,1.2318408855807513e-05,6.523233956475958,0.047619047619047616
2,"[15, 16]","15,16",57,component_58,0.017764282862002382,0.017764282862002382,0.0002443195699983747,-0.00012157262159227453,-2.0235584919025695e-05,3.258689317203204e-05,-3.109748331584496,0.047619047619047616
2,"[15, 16]","15,16",59,component_60,0.020583353366249363,0.020583353366249363,0.0002443195699983747,-0.0001368471926784104,-5.185776482323439e-05,5.0418706253659366e-05,-1.6856725245504989,0.047619047619047616
2,"[15, 18]","15,18",5,component_06,0.014596699403281687,0.014596699403281687,0.0002443195699983747,-0.00040510741217962207,-2.160819907872736e-05,3.150589063255833e-05,-12.172301921996292,0.047619047619047616
2,"[15, 18]","15,18",7,component_08,0.026978135083962254,0.026978135083962254,0.0002443195699983747,0.0007073424367151984,-3.6366895666710324e-05,4.996125337635125e-05,14.885722077059368,0.047619047619047616
2,"[15, 18]","15,18",9,component_10,0.01437799954486477,0.01437799954486477,0.0002443195699983747,-0.00011390425058894517,-1.305030832206248e-05,3.065228847905692e-05,-3.290258159216753,0.047619047619047616
2,"[15, 18]","15,18",16,component_17,0.044149931380304465,0.044149931380304465,0.0002443195699983747,4.266955333988992e-05,-3.6520263688244765e-05,5.023283400626256e-05,1.5764552925336055,0.3333333333333333
2,"[15, 18]","15,18",19,component_20,0.012018685909998186,0.012018685909998186,0.0002443195699983747,-0.00010888260299297264,-2.8083336355501884e-05,4.023503828752544e-05,-2.0081816763803584,0.09523809523809523
2,"[15, 18]","15,18",20,component_21,0.008498952323795479,0.008498952323795479,0.0002443195699983747,-8.460733419238427e-05,-8.778144237346936e-06,2.997707435735669e-05,-2.5295727345196397,0.09523809523809523
2,"[15, 18]","15,18",27,component_28,0.018346463182856765,0.018346463182856765,0.0002443195699983747,-0.00037137813665600455,-1.750823193161159e-05,3.962171411564313e-05,-8.931211398163132,0.047619047619047616
2,"[15, 18]","15,18",29,component_30,0.030489128448199287,0.030489128448199287,0.0002443195699983747,-0.0001770382134530582,-2.20384838174278e-05,4.1955973213565746e-05,-3.69434237281651,0.047619047619047616
2,"[15, 18]","15,18",31,component_32,0.009135452111396606,0.009135452111396606,0.0002443195699983747,-0.00022788138266726862,-2.6810760464343456e-05,4.281274880078547e-05,-4.696512787313394,0.047619047619047616
2,"[15, 18]","15,18",33,component_34,0.019092476386295833,0.019092476386295833,0.0002443195699983747,-0.0003512537288334859,-1.6223745584315956e-05,3.880916292210347e-05,-8.632754690474298,0.047619047619047616
2,"[15, 18]","15,18",34,component_35,0.016871837096568837,0.016871837096568837,0.0002443195699983747,0.00034901150949324944,-1.0813845922308333e-05,2.4670478690099145e-05,14.585260380860152,0.047619047619047616
2,"[15, 18]","15,18",35,component_36,0.023372847495659883,0.023372847495659883,0.0002443195699983747,-6.674205212434114e-05,-2.4618579917647537e-05,4.3034656206224783e-05,-0.9788267391944593,0.23809523809523808
2,"[15, 18]","15,18",38,component_39,0.01466789118426801,0.01466789118426801,0.0002443195699983747,-0.00036224049304440717,-2.4203251259898685e-05,4.2686999307677505e-05,-7.918974096727163,0.047619047619047616
2,"[15, 18]","15,18",41,component_42,0.027205204239845928,0.027205204239845928,0.0002443195699983747,-0.0004238586266637513,-2.216444763609287e-05,4.2478673188291165e-05,-9.456373019164392,0.047619047619047616
2,"[15, 18]","15,18",44,component_45,0.0579413149553808,0.0579413149553808,0.0002443195699983747,-0.00012209681314440807,-3.5367598869515876e-05,4.5105546379013074e-05,-1.9228059792497267,0.047619047619047616
2,"[15, 18]","15,18",46,component_47,0.07261465089139293,0.07261465089139293,0.0002443195699983747,-0.00046956877635891126,-2.790047258202919e-05,3.978800845937581e-05,-11.100538098754866,0.047619047619047616
2,"[15, 18]","15,18",56,component_57,0.028992604225644838,0.028992604225644838,0.0002443195699983747,0.0005213504215624866,-2.7013768127956112e-05,4.372339039374428e-05,12.541666708648007,0.047619047619047616
2,"[15, 18]","15,18",57,component_58,0.017009765217608008,0.017009765217608008,0.0002443195699983747,-0.00012026349234183636,-3.1403188725811865e-05,4.187064746825031e-05,-2.122257690985207,0.09523809523809523
2,"[15, 18]","15,18",58,component_59,0.01713622283498121,0.01713622283498121,0.0002443195699983747,-0.00022158856542381367,-1.819603398773456e-05,3.819610627286456e-05,-5.32495459047809,0.047619047619047616
2,"[15, 18]","15,18",59,component_60,0.02121912225735515,0.02121912225735515,0.0002443195699983747,0.000488142098185599,-4.003964813492433e-05,4.8569659085050095e-05,10.87472624412757,0.047619047619047616
2,"[15, 24]","15,24",0,component_01,0.01955463230047069,0.01955463230047069,0.0002443195699983747,-0.00013921808113055364,-2.3476172844337947e-05,3.165125922188317e-05,-3.656786842976333,0.047619047619047616
2,"[15, 24]","15,24",1,component_02,0.026504010452580898,0.026504010452580898,0.0002443195699983747,-0.00013959774571651457,-2.3253260789260137e-05,4.3294201457292196e-05,-2.6872994768600384,0.047619047619047616
2,"[15, 24]","15,24",2,component_03,0.017860768827244192,0.017860768827244192,0.0002443195699983747,-0.0001296260819994323,-2.204206890857761e-05,3.6216226834989926e-05,-2.9706024755431875,0.047619047619047616
2,"[15, 24]","15,24",5,component_06,0.007716748829952883,0.007716748829952883,0.0002443195699983747,-6.241443689470813e-05,-1.8344045262145675e-05,2.9496113520992184e-05,-1.4941084221552734,0.14285714285714285
2,"[15, 24]","15,24",6,component_07,0.017099735497020072,0.017099735497020072,0.0002443195699983747,-4.932487786592915e-05,-2.2337301405731255e-05,3.5382087379664235e-05,-0.7627468716192515,0.19047619047619047
2,"[15, 24]","15,24",7,component_08,0.020331751781850427,0.020331751781850427,0.0002443195699983747,-0.00013464605283775022,-3.7055752400434196e-05,3.6681821473747766e-05,-2.6604540482581784,0.047619047619047616
2,"[15, 24]","15,24",9,component_10,0.014812732577116957,0.014812732577116957,0.0002443195699983747,-8.322505078962351e-05,-2.2276268143610677e-05,3.860741443547459e-05,-1.5786807673401144,0.19047619047619047
2,"[15, 24]","15,24",10,component_11,0.014746028376650934,0.014746028376650934,0.0002443195699983747,7.382204656023773e-05,-2.8099341837063792e-05,4.0653467279187585e-05,2.507077384011471,0.23809523809523808
2,"[15, 24]","15,24",12,component_13,0.0200632185284133,0.0200632185284133,0.0002443195699983747,-8.535177220115112e-05,-2.784694331400496e-05,3.847970090293051e-05,-1.4944198509289022,0.19047619047619047
2,"[15, 24]","15,24",14,component_15,0.07043075377731782,0.07043075377731782,0.0002443195699983747,-9.415855053360178e-05,-2.009286414652598e-05,3.727241857958271e-05,-1.9871446289146342,0.14285714285714285
2,"[15, 24]","15,24",17,component_18,0.01513628090183941,0.01513628090183941,0.0002443195699983747,-0.0001264823150222416,-2.3572852263887424e-05,4.11511814535887e-05,-2.500765691853051,0.047619047619047616
2,"[15, 24]","15,24",19,component_20,0.01202185746361062,0.01202185746361062,0.0002443195699983747,4.917916829014733e-05,-2.3150623677197052e-05,3.996220038445623e-05,1.809955189441418,0.2857142857142857
2,"[15, 24]","15,24",20,component_21,0.008713157823258445,0.008713157823258445,0.0002443195699983747,6.232944886196308e-05,-2.9500025147273328e-05,4.5715780931156376e-05,2.008704043523239,0.23809523809523808
2,"[15, 24]","15,24",31,component_32,0.007495100645032164,0.007495100645032164,0.0002443195699983747,-0.00010686614237203056,-2.8365291552618223e-05,3.813336021649582e-05,-2.0585872940054797,0.14285714285714285
2,"[15, 24]","15,24",33,component_34,0.03305236597669465,0.03305236597669465,0.0002443195699983747,-0.00014148079391735485,-2.4964930132246103e-05,4.2923355497199267e-05,-2.714509675104766,0.047619047619047616
2,"[15, 24]","15,24",34,component_35,0.019205053682054028,0.019205053682054028,0.0002443195699983747,0.00036704452836346796,-1.965460435956194e-05,3.5756042916796976e-05,10.814930880994433,0.047619047619047616
2,"[15, 24]","15,24",35,component_36,0.02372436060274115,0.02372436060274115,0.0002443195699983747,-8.829793139349812e-05,-3.053556121731798e-05,4.495364913713469e-05,-1.2849317304579975,0.2857142857142857
2,"[15, 24]","15,24",38,component_39,0.015469454632070643,0.015469454632070643,0.0002443195699983747,-0.00013756341516551508,-2.3154962152453832e-05,3.2716569343355816e-05,-3.4969575144741047,0.047619047619047616
2,"[15, 24]","15,24",46,component_47,0.07920811516834256,0.07920811516834256,0.0002443195699983747,0.00028965459697002927,-2.9528245021067383e-05,3.883305228008846e-05,8.219360139114194,0.047619047619047616
2,"[15, 24]","15,24",59,component_60,0.019674592153580053,0.019674592153580053,0.0002443195699983747,0.0001208242065350168,-3.0134570482224e-05,3.773643812673376e-05,4.000345144135279,0.047619047619047616
2,"[15, 29]","15,29",5,component_06,0.012058267212544972,0.012058267212544972,0.0002443195699983747,0.0002733319132841444,-2.763637784025443e-05,4.1437754835200364e-05,7.2631418454344825,0.047619047619047616
2,"[15, 29]","15,29",7,component_08,0.01361572408135008,0.01361572408135008,0.0002443195699983747,-0.0001208398310633043,-3.6771634439858983e-05,4.2695547461580007e-05,-1.969015544281166,0.09523809523809523
2,"[15, 29]","15,29",9,component_10,0.015111659970515825,0.015111659970515825,0.0002443195699983747,0.0001393763524537555,-3.3531735973760344e-05,4.210731525147806e-05,4.106366967232526,0.047619047619047616
2,"[15, 29]","15,29",11,component_12,0.0359727484713277,0.0359727484713277,0.0002443195699983747,-0.00013233222329496475,-3.166412453708524e-05,3.245395689975785e-05,-3.101874420700627,0.047619047619047616
2,"[15, 29]","15,29",18,component_19,0.014861408398987946,0.014861408398987946,0.0002443195699983747,0.00029760574059949085,-3.4386335844357864e-05,4.8877529347189386e-05,6.792325243889181,0.047619047619047616
2,"[15, 29]","15,29",19,component_20,0.01415740512043168,0.01415740512043168,0.0002443195699983747,0.00022750756110328542,-2.377182618616031e-05,3.6744702594483785e-05,6.838520100776879,0.047619047619047616
2,"[15, 29]","15,29",20,component_21,0.009730386690958638,0.009730386690958638,0.0002443195699983747,-9.288043630874439e-05,-2.94506845256097e-05,5.120030170849759e-05,-1.238855039258634,0.2857142857142857
2,"[15, 29]","15,29",31,component_32,0.0077199805616860575,0.0077199805616860575,0.0002443195699983747,-4.367244770014066e-05,-3.612554071693015e-05,4.3413085417607604e-05,-0.1738394521055997,0.42857142857142855
2,"[15, 29]","15,29",34,component_35,0.016226655597399997,0.016226655597399997,0.0002443195699983747,-9.520747981984698e-05,-1.7242319139999945e-05,3.2054191938850124e-05,-2.432292189070977,0.09523809523809523
2,"[15, 29]","15,29",35,component_36,0.024167009788928558,0.024167009788928558,0.0002443195699983747,-0.00011238981466287629,-3.2580470566534946e-05,4.524271743933285e-05,-1.7640263143645116,0.09523809523809523
2,"[15, 29]","15,29",36,component_37,0.016223030199080044,0.016223030199080044,0.0002443195699983747,0.0004091522199101555,-2.1807637227514e-05,3.324621118950972e-05,12.962675797284582,0.047619047619047616
2,"[15, 29]","15,29",37,component_38,0.02012756876359313,0.02012756876359313,0.0002443195699983747,0.00039433284631704493,-3.2278951588794204e-05,4.0412368173534295e-05,10.556466180698202,0.047619047619047616
2,"[15, 29]","15,29",38,component_39,0.019030724691180827,0.019030724691180827,0.0002443195699983747,-0.00013872029651137985,-2.4275132484910575e-05,3.8210845651475164e-05,-2.9950963417647105,0.047619047619047616
2,"[15, 29]","15,29",42,component_43,0.010716902896368936,0.010716902896368936,0.0002443195699983747,-0.0001209628673249901,-2.457181568477419e-05,4.153687791886053e-05,-2.3206137887519924,0.047619047619047616
2,"[15, 29]","15,29",43,component_44,0.08753434416807669,0.08753434416807669,0.0002443195699983747,3.7324192261531386e-05,-2.9138813878878088e-05,4.682522872466258e-05,1.4193845486846237,0.3333333333333333
2,"[15, 29]","15,29",44,component_45,0.0313341588707031,0.0313341588707031,0.0002443195699983747,-9.620037756728067e-05,-2.6572104504968453e-05,3.901814751697786e-05,-1.784509965062156,0.09523809523809523
2,"[15, 29]","15,29",46,component_47,0.07440778846438806,0.07440778846438806,0.0002443195699983747,-7.484449025267625e-05,-2.593252729642115e-05,3.945234689945303e-05,-1.239773215036118,0.14285714285714285
2,"[15, 29]","15,29",57,component_58,0.009781522259647589,0.009781522259647589,0.0002443195699983747,-9.832530970325763e-05,-1.9335957966954762e-05,3.551592360319632e-05,-2.2240545570154926,0.09523809523809523
2,"[15, 29]","15,29",59,component_60,0.03254524784928574,0.03254524784928574,0.0002443195699983747,0.001050276170673034,-2.8628067009634764e-05,4.8797073060269356e-05,22.110019515926954,0.047619047619047616
2,"[15, 32]","15,32",5,component_06,0.0071846746593290855,0.0071846746593290855,0.0002443195699983747,-7.206563100795992e-05,-2.8465269207116973e-05,4.2293398295988696e-05,-1.030902305265411,0.2857142857142857
2,"[15, 32]","15,32",9,component_10,0.014581722801214305,0.014581722801214305,0.0002443195699983747,0.00016757372306562025,-2.492769618775418e-05,4.189792024835923e-05,4.594534003413045,0.047619047619047616
2,"[15, 32]","15,32",11,component_12,0.01534846754069152,0.01534846754069152,0.0002443195699983747,-0.00043107242351072064,-2.5737393237423108e-05,3.591252292393465e-05,-11.286732239108536,0.047619047619047616
2,"[15, 32]","15,32",16,component_17,0.018506504195590363,0.018506504195590363,0.0002443195699983747,-0.000122034258586666,-1.7739167370603373e-05,3.4150984310229566e-05,-3.0539410011916446,0.047619047619047616
2,"[15, 32]","15,32",18,component_19,0.02427255835504253,0.02427255835504253,0.0002443195699983747,0.0008816448615143052,-1.1641929799334568e-05,3.6150472665868614e-05,24.71023821929262,0.047619047619047616
2,"[15, 32]","15,32",19,component_20,0.036208992266766264,0.036208992266766264,0.0002443195699983747,-0.0008010827053458389,-9.881938009871332e-06,3.067534556655119e-05,-25.79272548436108,0.047619047619047616
2,"[15, 32]","15,32",20,component_21,0.00993595792929094,0.00993595792929094,0.0002443195699983747,0.0003112232467271433,-2.598517513898537e-05,3.784046998976238e-05,8.911316956617064,0.047619047619047616
2,"[15, 32]","15,32",21,component_22,0.011580323188249562,0.011580323188249562,0.0002443195699983747,-0.0001693936249299484,-2.9012423500415285e-05,4.2125473810439004e-05,-3.3324539460668476,0.047619047619047616
2,"[15, 32]","15,32",26,component_27,0.01184632367353004,0.01184632367353004,0.0002443195699983747,-0.0003411345009472766,-4.327732006604696e-05,4.0802982763940295e-05,-7.299887427456932,0.047619047619047616
2,"[15, 32]","15,32",27,component_28,0.022455264464408264,0.022455264464408264,0.0002443195699983747,0.0007787622592298413,-4.671665433447947e-05,4.973655097821068e-05,16.597027685453273,0.047619047619047616
2,"[15, 32]","15,32",31,component_32,0.010216211156700255,0.010216211156700255,0.0002443195699983747,0.00040332258460234506,-3.0287410926005107e-05,3.8776497904228416e-05,11.182288730645446,0.047619047619047616
2,"[15, 32]","15,32",34,component_35,0.018558817844116844,0.018558817844116844,0.0002443195699983747,0.000631642663089016,-1.5400006311588505e-05,3.103271523128175e-05,20.850340183844736,0.047619047619047616
2,"[15, 32]","15,32",35,component_36,0.02371860587894121,0.02371860587894121,0.0002443195699983747,-0.0002594323923920394,-2.1775825299255596e-05,4.422119555461701e-05,-5.3742682465302725,0.047619047619047616
2,"[15, 32]","15,32",36,component_37,0.03548307345693853,0.03548307345693853,0.0002443195699983747,0.0016498116468894874,-2.3452676927290875e-05,4.5777689886149305e-05,36.551960747216484,0.047619047619047616
2,"[15, 32]","15,32",38,component_39,0.01123815179040415,0.01123815179040415,0.0002443195699983747,-0.00011404876361289194,-1.9081620019852784e-05,3.757682898796109e-05,-2.5272793407731355,0.09523809523809523
2,"[15, 32]","15,32",42,component_43,0.022726922771564104,0.022726922771564104,0.0002443195699983747,-0.00011119330706911915,-2.988671879805179e-05,3.87814768104535e-05,-2.0965315134453895,0.09523809523809523
2,"[15, 32]","15,32",43,component_44,0.022476313137748415,0.022476313137748415,0.0002443195699983747,5.023717573574005e-05,-2.908772522881881e-05,4.670846694350022e-05,1.6982981064335152,0.3333333333333333
2,"[15, 32]","15,32",46,component_47,0.07371256314103072,0.07371256314103072,0.0002443195699983747,0.001054185337542965,-2.487209445506885e-05,3.508108824225817e-05,30.75894979501282,0.047619047619047616
2,"[15, 32]","15,32",59,component_60,0.019152355015156407,0.019152355015156407,0.0002443195699983747,-0.00010596351451218344,-1.58084567809739e-05,3.2987398649481116e-05,-2.733015073094515,0.09523809523809523
2,"[15, 35]","15,35",0,component_01,0.02094603407742107,0.02094603407742107,0.0002443195699983747,-0.00010464196216400379,-2.7512014521047244e-05,3.953437292189768e-05,-1.9509591765962995,0.09523809523809523
2,"[15, 35]","15,35",5,component_06,0.017513189896251728,0.017513189896251728,0.0002443195699983747,-0.00011334835726298578,-2.0655469458662596e-05,3.7046660790817006e-05,-2.502057832626566,0.09523809523809523
2,"[15, 35]","15,35",8,component_09,0.023843398646589506,0.023843398646589506,0.0002443195699983747,-0.00011574058543500909,-2.2515149673541617e-05,3.398769836486551e-05,-2.7429170036956214,0.09523809523809523
2,"[15, 35]","15,35",9,component_10,0.018259641676884257,0.018259641676884257,0.0002443195699983747,-0.0001158909066071058,-6.747646455735603e-06,1.443446635930836e-05,-7.561295127546363,0.047619047619047616
2,"[15, 35]","15,35",19,component_20,0.012299131445669307,0.012299131445669307,0.0002443195699983747,7.824818504796431e-05,-2.8161840503525032e-05,4.1862601000722076e-05,2.5418875800300587,0.23809523809523808
2,"[15, 35]","15,35",20,component_21,0.024381392619050396,0.024381392619050396,0.0002443195699983747,-8.205305481865169e-05,-3.06600864649859e-05,3.899579476235112e-05,-1.3179105251442045,0.14285714285714285
2,"[15, 35]","15,35",23,component_24,0.009968409648076364,0.009968409648076364,0.0002443195699983747,-0.00010678161507363289,-3.6543336650093096e-05,4.7435691741491937e-05,-1.4807052631658464,0.23809523809523808
2,"[15, 35]","15,35",25,component_26,0.01571675195962281,0.01571675195962281,0.0002443195699983747,-0.0001195064660823135,-1.1095058310165301e-05,2.5998112717966594e-05,-4.169972218684474,0.047619047619047616
2,"[15, 35]","15,35",31,component_32,0.007655366943288716,0.007655366943288716,0.0002443195699983747,-3.4126286646098125e-05,-3.4566454912031446e-05,3.5910957658999525e-05,0.012257213247082871,0.38095238095238093
2,"[15, 35]","15,35",34,component_35,0.020470042732096468,0.020470042732096468,0.0002443195699983747,0.00041952251695660456,-2.248809935584981e-05,3.922192540480341e-05,11.269477766594356,0.047619047619047616
2,"[15, 35]","15,35",38,component_39,0.012298900341195216,0.012298900341195216,0.0002443195699983747,0.0001267946581535416,-2.7862767231845498e-05,4.5945330972667745e-05,3.3661184305624157,0.047619047619047616
2,"[15, 35]","15,35",40,component_41,0.019120521316659273,0.019120521316659273,0.0002443195699983747,-0.00011072393380284415,-2.6363170498979042e-05,4.258562649014465e-05,-1.9809679992235933,0.14285714285714285
2,"[15, 35]","15,35",45,component_46,0.014204154657646113,0.014204154657646113,0.0002443195699983747,0.0003032114211199335,-1.787138103620337e-05,2.8100854373638042e-05,11.426086833051983,0.047619047619047616
2,"[15, 35]","15,35",46,component_47,0.0771590307607528,0.0771590307607528,0.0002443195699983747,0.0001780122196728684,-3.3281864486485146e-05,4.67965677016891e-05,4.515161998766139,0.047619047619047616
2,"[15, 35]","15,35",47,component_48,0.01696084572843392,0.01696084572843392,0.0002443195699983747,-0.00010309718388164593,-2.6593995679667893e-05,4.3408372764891574e-05,-1.7624062670198353,0.19047619047619047
2,"[15, 35]","15,35",59,component_60,0.019292350649125586,0.019292350649125586,0.0002443195699983747,3.403211945699619e-05,-3.360848539895293e-05,4.680084176096261e-05,1.445286074157096,0.38095238095238093
2,"[16, 18]","16,18",7,component_08,0.027910082215281427,0.027910082215281427,0.0002443195699983747,-4.238114432040391e-06,-2.4095068783609067e-05,4.5846365428702626e-05,0.433119488663697,0.2857142857142857
2,"[16, 18]","16,18",11,component_12,0.013587122699347188,0.013587122699347188,0.0002443195699983747,0.0002058511972789813,-4.276412057141928e-05,4.283793521862223e-05,5.80362514163204,0.047619047619047616
2,"[16, 18]","16,18",19,component_20,0.034999550584606576,0.034999550584606576,0.0002443195699983747,-4.288664969936268e-05,-2.2352221862494155e-05,3.998336525553392e-05,-0.5135742753425799,0.23809523809523808
2,"[16, 18]","16,18",21,component_22,0.015311093465418542,0.015311093465418542,0.0002443195699983747,-3.646326614540826e-05,-2.8788124503439882e-05,3.845273785895763e-05,-0.19959935415055088,0.38095238095238093
2,"[16, 18]","16,18",27,component_28,0.022041573332879812,0.022041573332879812,0.0002443195699983747,0.000397312301648748,-2.5203001709630764e-05,4.09906349534356e-05,10.30760572112011,0.047619047619047616
2,"[16, 18]","16,18",29,component_30,0.03808047990809499,0.03808047990809499,0.0002443195699983747,0.00016033277004312563,-2.821319085228208e-05,4.343047743512804e-05,4.341328302849956,0.047619047619047616
2,"[16, 18]","16,18",31,component_32,0.018544656210769513,0.018544656210769513,0.0002443195699983747,-5.058534169231563e-05,-3.495093590687719e-05,4.635994713559748e-05,-0.33723950848584044,0.38095238095238093
2,"[16, 18]","16,18",32,component_33,0.01422999872437714,0.01422999872437714,0.0002443195699983747,9.124087547173268e-05,-2.1484136124491907e-05,3.080023125014562e-05,3.659875495113097,0.09523809523809523
2,"[16, 18]","16,18",33,component_34,0.02107037472772473,0.02107037472772473,0.0002443195699983747,-2.9633430569043356e-05,-1.7849086223674757e-05,3.388110078145309e-05,-0.34781468351286526,0.23809523809523808
2,"[16, 18]","16,18",36,component_37,0.020520846765983293,0.020520846765983293,0.0002443195699983747,0.00041920718756988107,-3.101347020635208e-05,4.100232685098707e-05,10.980368490121306,0.047619047619047616
2,"[16, 18]","16,18",39,component_40,0.016090328632896327,0.016090328632896327,0.0002443195699983747,-3.305681265936e-05,-4.0761505797783334e-05,4.9485447061107275e-05,0.15569614090601558,0.47619047619047616
2,"[16, 18]","16,18",41,component_42,0.03137557282957838,0.03137557282957838,0.0002443195699983747,6.643432863741999e-05,-2.0582106286565473e-05,4.1549584021138516e-05,2.094279328517838,0.23809523809523808
2,"[16, 18]","16,18",43,component_44,0.018137771847892885,0.018137771847892885,0.0002443195699983747,-4.3576998458149524e-05,-4.024470025409844e-05,5.111893226234911e-05,-0.06518716367058085,0.38095238095238093
2,"[16, 18]","16,18",44,component_45,0.05973104549115337,0.05973104549115337,0.0002443195699983747,0.0003810706988695428,-3.7555287546863045e-05,4.4907395074382736e-05,9.32198328856553,0.047619047619047616
2,"[16, 18]","16,18",56,component_57,0.029137511800749846,0.029137511800749846,0.0002443195699983747,-4.1968022218848156e-05,-1.898524467985889e-05,2.865338194984191e-05,-0.8020965057186232,0.19047619047619047
2,"[16, 18]","16,18",57,component_58,0.035287440705638974,0.035287440705638974,0.0002443195699983747,0.0002715565120944771,-2.1547919451742965e-05,2.9098530140328207e-05,10.072826020170725,0.047619047619047616
2,"[16, 18]","16,18",58,component_59,0.019402810145145045,0.019402810145145045,0.0002443195699983747,-4.357185046169679e-05,-4.425972395982855e-05,4.72872778865677e-05,0.014546692659743073,0.47619047619047616
2,"[16, 24]","16,24",0,component_01,0.013355433167151903,0.013355433167151903,0.0002443195699983747,3.891482957512661e-05,-5.807058486737578e-06,1.1651511064888674e-05,3.838290828786291,0.047619047619047616
2,"[16, 24]","16,24",1,component_02,0.026680379044096002,0.026680379044096002,0.0002443195699983747,0.00016068508726787764,-2.4098747208638054e-05,4.0062914178437686e-05,4.6123413202918835,0.047619047619047616
2,"[16, 24]","16,24",2,component_03,0.018175248080437127,0.018175248080437127,0.0002443195699983747,3.878456780526118e-05,-2.0574745032963935e-05,3.5706036669163826e-05,1.6624447397570885,0.2857142857142857
2,"[16, 24]","16,24",6,component_07,0.017848350594581223,0.017848350594581223,0.0002443195699983747,5.385594042556924e-05,-3.41614386201615e-05,4.221186503373921e-05,2.085133622392187,0.2857142857142857
2,"[16, 24]","16,24",7,component_08,0.02231972620099311,0.02231972620099311,0.0002443195699983747,0.0002098006838385201,-3.5153949926543845e-05,4.2056365368767236e-05,5.8244366011471165,0.047619047619047616
2,"[16, 24]","16,24",10,component_11,0.016378534647946977,0.016378534647946977,0.0002443195699983747,8.941578808406916e-05,-1.4008970628820515e-05,3.0729644085165936e-05,3.3656347735838477,0.09523809523809523
2,"[16, 24]","16,24",11,component_12,0.009844999286646432,0.009844999286646432,0.0002443195699983747,1.930120897102039e-05,-2.7638762914701074e-05,3.377779037410369e-05,1.389669702068753,0.5238095238095238
2,"[16, 24]","16,24",12,component_13,0.020619569174782616,0.020619569174782616,0.0002443195699983747,1.1077966737063627e-05,-2.114980558147046e-05,3.3040354011220636e-05,0.9754063866140601,0.42857142857142855
2,"[16, 24]","16,24",14,component_15,0.06803919454620085,0.06803919454620085,0.0002443195699983747,-3.572953141683932e-08,-3.0389278647859232e-05,4.129133634361399e-05,0.7351069692646746,0.6190476190476191
2,"[16, 24]","16,24",17,component_18,0.013907748055886838,0.013907748055886838,0.0002443195699983747,5.555665174756738e-05,-3.159126784438313e-05,4.4544695426411436e-05,1.9564152085385855,0.3333333333333333
2,"[16, 24]","16,24",19,component_20,0.0349114394283154,0.0349114394283154,0.0002443195699983747,2.3892411680145886e-05,-3.739410138332135e-05,4.9320797016524165e-05,1.2426099489619793,0.42857142857142855
2,"[16, 24]","16,24",21,component_22,0.009579879042353447,0.009579879042353447,0.0002443195699983747,3.914170285578e-06,-2.2288441571099005e-05,3.056881953478266e-05,0.8571679330587963,0.5238095238095238
2,"[16, 24]","16,24",29,component_30,0.007704855642214577,0.007704855642214577,0.0002443195699983747,-5.163320519703529e-06,-4.557187690566252e-05,4.718069414156085e-05,0.8564637956516121,0.6190476190476191
2,"[16, 24]","16,24",31,component_32,0.016719946002416438,0.016719946002416438,0.0002443195699983747,-0.00011392884338571121,-2.7641658699597388e-05,4.1441146837331816e-05,-2.0821620845778073,0.14285714285714285
2,"[16, 24]","16,24",32,component_33,0.014829697991146647,0.014829697991146647,0.0002443195699983747,1.1438569003284493e-05,-2.4840942957753224e-05,3.778123377764361e-05,0.960252176372956,0.42857142857142855
2,"[16, 24]","16,24",33,component_34,0.03503468372921199,0.03503468372921199,0.0002443195699983747,0.00018455891543553427,-2.432347895855505e-05,4.12386564520278e-05,5.06520852921284,0.047619047619047616
2,"[16, 24]","16,24",36,component_37,0.011582304746445244,0.011582304746445244,0.0002443195699983747,-5.150079549107525e-06,-3.780604451265237e-05,4.631688354758092e-05,0.705055315951853,0.5714285714285714
2,"[16, 24]","16,24",39,component_40,0.014067936811898094,0.014067936811898094,0.0002443195699983747,4.827509940292726e-05,-3.741872343674685e-05,4.664950415415876e-05,1.8369717833760635,0.42857142857142855
2,"[16, 24]","16,24",43,component_44,0.017628328656035926,0.017628328656035926,0.0002443195699983747,-0.00011226826844877233,-2.5256284329256926e-05,4.395055368984844e-05,-1.9797699190218203,0.19047619047619047
2,"[16, 24]","16,24",57,component_58,0.01811839307205938,0.01811839307205938,0.0002443195699983747,2.811953570858866e-05,-2.5769237151876357e-05,3.661400529789673e-05,1.471807643605728,0.38095238095238093
2,"[16, 29]","16,29",7,component_08,0.015192198342651425,0.015192198342651425,0.0002443195699983747,-0.0001878932522283716,-3.458031544684257e-05,4.597104810894511e-05,-3.3349889351706383,0.047619047619047616
2,"[16, 29]","16,29",11,component_12,0.04230384933657959,0.04230384933657959,0.0002443195699983747,-0.000101277501150146,-1.276956238032339e-05,2.0181447303043877e-05,-4.385609091399176,0.047619047619047616
2,"[16, 29]","16,29",18,component_19,0.011150385494051448,0.011150385494051448,0.0002443195699983747,-0.00011917324408024232,-2.7236888774482465e-05,4.214748503600294e-05,-2.181301096073149,0.047619047619047616
2,"[16, 29]","16,29",19,component_20,0.036639390325166,0.036639390325166,0.0002443195699983747,-0.00020537595547717724,-2.662317959948425e-05,4.276344547536173e-05,-4.1800368022422765,0.047619047619047616
2,"[16, 29]","16,29",21,component_22,0.008064913043729853,0.008064913043729853,0.0002443195699983747,-5.285453819935462e-05,-9.998233543896124e-06,2.2165150347254478e-05,-1.933499389087923,0.14285714285714285
2,"[16, 29]","16,29",31,component_32,0.01710589946182829,0.01710589946182829,0.0002443195699983747,0.00011033839404413909,-3.980244597812623e-05,5.1242752833593955e-05,2.9299916909193704,0.19047619047619047
2,"[16, 29]","16,29",32,component_33,0.013442581200979666,0.013442581200979666,0.0002443195699983747,-2.4867886802650008e-05,-4.821407501059891e-05,4.207354872309825e-05,0.554889922920429,0.6666666666666666
2,"[16, 29]","16,29",36,component_37,0.020910108842316297,0.020910108842316297,0.0002443195699983747,0.0006530621559371202,-1.3448718351539366e-05,3.1092419861318543e-05,21.436442620468164,0.047619047619047616
2,"[16, 29]","16,29",37,component_38,0.02271007859765828,0.02271007859765828,0.0002443195699983747,-0.0002134872681478564,-2.3454989128147514e-05,4.548762381972443e-05,-4.177669947606864,0.047619047619047616
2,"[16, 29]","16,29",39,component_40,0.009299975339594157,0.009299975339594157,0.0002443195699983747,-4.133881283679801e-05,-3.2157543787443274e-05,4.8189899186896846e-05,-0.1905226863776296,0.3333333333333333
2,"[16, 29]","16,29",42,component_43,0.01524513847600937,0.01524513847600937,0.0002443195699983747,0.00038399661926018236,-2.4255124265945543e-05,3.991357267690691e-05,10.228393905773641,0.047619047619047616
2,"[16, 29]","16,29",43,component_44,0.11071936859535363,0.11071936859535363,0.0002443195699983747,0.0054817516950537715,-1.494849160354547e-05,3.2801035097082846e-05,167.57703439505678,0.047619047619047616
2,"[16, 29]","16,29",44,component_45,0.03253380397915491,0.03253380397915491,0.0002443195699983747,-0.00018311829287408904,-2.691537536341609e-05,4.509813831338628e-05,-3.4636222991118,0.047619047619047616
2,"[16, 29]","16,29",57,component_58,0.027570028248605202,0.027570028248605202,0.0002443195699983747,-0.00019567480434030254,-2.3624878601684675e-05,4.000550446798937e-05,-4.300656322838888,0.047619047619047616
2,"[16, 29]","16,29",59,component_60,0.013557506886446873,0.013557506886446873,0.0002443195699983747,-0.00014102829175642421,-3.2241922511322085e-05,4.282400307776356e-05,-2.540312941962907,0.047619047619047616
2,"[16, 32]","16,32",11,component_12,0.022650220679112494,0.022650220679112494,0.0002443195699983747,0.0005706345718031781,-4.4565305423657114e-05,4.621864977330936e-05,13.310641488754715,0.047619047619047616
2,"[16, 32]","16,32",18,component_19,0.01998059375801256,0.01998059375801256,0.0002443195699983747,-0.00011607581525889879,-4.6961782760005115e-05,5.226932309781562e-05,-1.322267601773898,0.14285714285714285
2,"[16, 32]","16,32",19,component_20,0.06091447993442582,0.06091447993442582,0.0002443195699983747,0.0009895362409989422,-2.6463608112916306e-05,3.773262856340382e-05,26.926293974050303,0.047619047619047616
2,"[16, 32]","16,32",21,component_22,0.019803112744092036,0.019803112744092036,0.0002443195699983747,0.0004674409566957187,-3.972285577601469e-05,4.2632135892621064e-05,11.896279692604265,0.047619047619047616
2,"[16, 32]","16,32",26,component_27,0.009699641234075573,0.009699641234075573,0.0002443195699983747,-0.00010978802387298994,-2.958463235260409e-05,4.3126430589467626e-05,-1.8597270959858474,0.09523809523809523
2,"[16, 32]","16,32",27,component_28,0.024534176766915414,0.024534176766915414,0.0002443195699983747,-6.874514998130021e-05,-3.405036285428675e-05,4.3452073898387e-05,-0.7984610172611665,0.23809523809523808
2,"[16, 32]","16,32",29,component_30,0.008539898526623934,0.008539898526623934,0.0002443195699983747,9.842853032086471e-05,-3.462823099997721e-05,4.7781790051007216e-05,2.7846751069560893,0.23809523809523808
2,"[16, 32]","16,32",31,component_32,0.01930771417541717,0.01930771417541717,0.0002443195699983747,0.0002629175449213039,-3.3958336628974976e-05,4.8097965928779694e-05,6.172316766781223,0.047619047619047616
2,"[16, 32]","16,32",36,component_37,0.038417818077082624,0.038417818077082624,0.0002443195699983747,0.00014138755982429085,-2.522134799529827e-05,3.85523466019576e-05,4.321628188804702,0.047619047619047616
2,"[16, 32]","16,32",39,component_40,0.009754667308301483,0.009754667308301483,0.0002443195699983747,-5.348802373326966e-05,-3.00897473000837e-05,4.338692932879874e-05,-0.5392932110006458,0.3333333333333333
2,"[16, 32]","16,32",42,component_43,0.026782212449851215,0.026782212449851215,0.0002443195699983747,-7.917972183726918e-05,-4.422116307370688e-05,5.063884311973559e-05,-0.6903506598857868,0.38095238095238093
2,"[16, 32]","16,32",43,component_44,0.04042593723483322,0.04042593723483322,0.0002443195699983747,0.00025926434833584144,-2.364169844737506e-05,4.1347777785454954e-05,6.842110070610259,0.047619047619047616
2,"[16, 32]","16,32",57,component_58,0.018520494441954055,0.018520494441954055,0.0002443195699983747,-7.560257424342812e-05,-1.6219725851097264e-05,2.8544909767636253e-05,-2.0803305694684013,0.09523809523809523
2,"[16, 35]","16,35",0,component_01,0.014653121460496576,0.014653121460496576,0.0002443195699983747,-2.022253506403157e-05,-3.233305879739332e-05,3.5830343900273975e-05,0.3379963018794567,0.5714285714285714
2,"[16, 35]","16,35",5,component_06,0.010677448792721585,0.010677448792721585,0.0002443195699983747,3.508152589017967e-05,-3.106903259102001e-05,4.832922522020149e-05,1.3687485818321978,0.3333333333333333
2,"[16, 35]","16,35",8,component_09,0.022752824117979402,0.022752824117979402,0.0002443195699983747,-2.2127065168117688e-06,-3.099759005076541e-05,4.96165343583349e-05,0.5801469995075982,0.42857142857142855
2,"[16, 35]","16,35",11,component_12,0.011332516849160548,0.011332516849160548,0.0002443195699983747,8.909609925968759e-05,-3.344001875691632e-05,5.046396844004036e-05,2.428190287139176,0.2857142857142857
2,"[16, 35]","16,35",15,component_16,0.0174144389309784,0.0174144389309784,0.0002443195699983747,0.00020330884154189446,-3.547393896915879e-05,4.709286450266835e-05,5.070466259225396,0.047619047619047616
2,"[16, 35]","16,35",19,component_20,0.035115850473162666,0.035115850473162666,0.0002443195699983747,-1.9901508773456644e-05,-1.9358919009861717e-05,3.284118297201034e-05,-0.0165216266435153,0.38095238095238093
2,"[16, 35]","16,35",20,component_21,0.01589779126824738,0.01589779126824738,0.0002443195699983747,-9.130165636688295e-05,-1.6738396790066032e-05,3.4093943569664074e-05,-2.186994280214666,0.14285714285714285
2,"[16, 35]","16,35",21,component_22,0.009455637300125348,0.009455637300125348,0.0002443195699983747,7.06946092859425e-05,-2.7709147498542848e-05,4.505619553687701e-05,2.184022765613779,0.23809523809523808
2,"[16, 35]","16,35",23,component_24,0.012983438756036756,0.012983438756036756,0.0002443195699983747,-8.852710378058626e-06,-1.9091085877509945e-05,3.81199556361482e-05,0.26858309063042357,0.2857142857142857
2,"[16, 35]","16,35",25,component_26,0.015792752810183802,0.015792752810183802,0.0002443195699983747,-4.350561552132065e-05,-1.77785246792251e-05,3.279016045945246e-05,-0.7845978940514509,0.2857142857142857
2,"[16, 35]","16,35",29,component_30,0.009871865510136094,0.009871865510136094,0.0002443195699983747,-1.7345496786395215e-05,-3.042750629030321e-05,4.2486054611263157e-05,0.3079130228402032,0.42857142857142855
2,"[16, 35]","16,35",31,component_32,0.016953903152504172,0.016953903152504172,0.0002443195699983747,3.2501864171405326e-05,-4.1992327368855074e-05,4.216198298469945e-05,1.7668569233874576,0.38095238095238093
2,"[16, 35]","16,35",32,component_33,0.016286004797329258,0.016286004797329258,0.0002443195699983747,0.000157672564367866,-2.5848511259347538e-05,4.154565569055166e-05,4.417334919303007,0.047619047619047616
2,"[16, 35]","16,35",36,component_37,0.015311974311750468,0.015311974311750468,0.0002443195699983747,5.3747439387151486e-06,-3.190652366531858e-05,4.4799340858100096e-05,0.8321833957807655,0.42857142857142855
2,"[16, 35]","16,35",39,component_40,0.009728688435549904,0.009728688435549904,0.0002443195699983747,-1.8497535547057353e-05,-2.3552181312473184e-05,3.2797446797961196e-05,0.1541170505299835,0.42857142857142855
2,"[16, 35]","16,35",40,component_41,0.02068766113079836,0.02068766113079836,0.0002443195699983747,2.4123579836478337e-05,-4.3916587838911084e-05,5.4459977882005014e-05,1.2493609127570295,0.42857142857142855
2,"[16, 35]","16,35",43,component_44,0.017873642677302605,0.017873642677302605,0.0002443195699983747,3.4659436296557294e-05,-3.54656533595683e-05,4.6972540086126236e-05,1.4928954135234784,0.38095238095238093
2,"[16, 35]","16,35",45,component_46,0.009239700511551817,0.009239700511551817,0.0002443195699983747,1.809304189815883e-05,-2.5329676985893476e-05,4.2759098545824816e-05,1.0155199796253023,0.3333333333333333
2,"[16, 35]","16,35",47,component_48,0.01652741819819519,0.01652741819819519,0.0002443195699983747,8.884279256822503e-05,-1.5270745818063803e-05,3.419390457169057e-05,3.044798179394971,0.14285714285714285
2,"[16, 35]","16,35",57,component_58,0.021287848656701656,0.021287848656701656,0.0002443195699983747,0.00022352266914580157,-1.0581852959844513e-05,2.8058126437480136e-05,8.343555034841119,0.047619047619047616
2,"[18, 24]","18,24",0,component_01,0.01394023502293651,0.01394023502293651,0.0002443195699983747,0.00014664999157053792,-1.483905740699608e-05,3.16092614537161e-05,5.1089156010175865,0.047619047619047616
2,"[18, 24]","18,24",1,component_02,0.02761712823405408,0.02761712823405408,0.0002443195699983747,0.00039932189543815527,-2.00511817859579e-05,3.472639446838585e-05,12.076493504268093,0.047619047619047616
2,"[18, 24]","18,24",2,component_03,0.02235889376081731,0.02235889376081731,0.0002443195699983747,-7.6441035827636e-05,-2.4280934862440496e-05,3.65658715113838e-05,-1.4264695140373413,0.14285714285714285
2,"[18, 24]","18,24",6,component_07,0.01798625222512146,0.01798625222512146,0.0002443195699983747,-8.327985724033635e-05,-2.3816824389379458e-05,3.5753861931337916e-05,-1.6631219577104792,0.14285714285714285
2,"[18, 24]","18,24",7,component_08,0.04367651189908218,0.04367651189908218,0.0002443195699983747,0.0015575304789975375,-2.8390870359361928e-05,3.8811759113270404e-05,40.86187757500138,0.047619047619047616
2,"[18, 24]","18,24",10,component_11,0.015431626531137707,0.015431626531137707,0.0002443195699983747,-7.873896006328589e-05,-2.4730327655940573e-05,3.8717997019730815e-05,-1.3949232027633645,0.23809523809523808
2,"[18, 24]","18,24",12,component_13,0.020761123143389085,0.020761123143389085,0.0002443195699983747,-8.911367453811811e-05,-1.840921731114751e-05,3.412585100372791e-05,-2.071873818450618,0.14285714285714285
2,"[18, 24]","18,24",14,component_15,0.06817731223230367,0.06817731223230367,0.0002443195699983747,-8.818918142299015e-05,-1.460457308012825e-05,3.6448058727741746e-05,-2.0188896449196725,0.14285714285714285
2,"[18, 24]","18,24",16,component_17,0.04400694489911801,0.04400694489911801,0.0002443195699983747,-0.00010031692784656654,-1.8604224413078503e-05,3.8192702298005174e-05,-2.139484731818935,0.09523809523809523
2,"[18, 24]","18,24",17,component_18,0.01619002186220162,0.01619002186220162,0.0002443195699983747,-9.831798808961761e-05,-3.381534382392136e-05,4.254455504631415e-05,-1.516119846487487,0.14285714285714285
2,"[18, 24]","18,24",27,component_28,0.015938177236384462,0.015938177236384462,0.0002443195699983747,3.8574090849702314e-05,-1.6167268439408996e-05,3.5225626461012855e-05,1.5540208873133357,0.23809523809523808
2,"[18, 24]","18,24",29,component_30,0.030602605897254304,0.030602605897254304,0.0002443195699983747,-6.80035779055295e-05,-2.5395442118955944e-05,3.9052099658669275e-05,-1.0910587691567273,0.14285714285714285
2,"[18, 24]","18,24",33,component_34,0.048556367219332444,0.048556367219332444,0.0002443195699983747,0.00043911926027802306,-1.2561748128852468e-05,2.695506479820036e-05,16.75681404546398,0.047619047619047616
2,"[18, 24]","18,24",41,component_42,0.029866832043909844,0.029866832043909844,0.0002443195699983747,-6.354721106267142e-05,-2.660493040099971e-05,3.9914495537559626e-05,-0.9255354518237351,0.23809523809523808
2,"[18, 24]","18,24",44,component_45,0.059459428882066616,0.059459428882066616,0.0002443195699983747,-8.585737483747524e-05,-4.2932782534762915e-05,4.54006108905916e-05,-0.9454628794787345,0.2857142857142857
2,"[18, 24]","18,24",56,component_57,0.028314059257190934,0.028314059257190934,0.0002443195699983747,-9.36968744934541e-05,-1.7564440140985378e-05,3.596915720864114e-05,-2.1166032306750533,0.14285714285714285
2,"[18, 24]","18,24",57,component_58,0.01741781251636474,0.01741781251636474,0.0002443195699983747,8.336575365876231e-05,-3.493251651261289e-05,3.9722451031388314e-05,2.9781211153837663,0.19047619047619047
2,"[18, 24]","18,24",58,component_59,0.01672449670749055,0.01672449670749055,0.0002443195699983747,5.972162060713729e-05,-5.7045562810909226e-05,5.250801354598109e-05,2.223797388865109,0.5238095238095238
2,"[18, 29]","18,29",7,component_08,0.03641179669650442,0.03641179669650442,0.0002443195699983747,0.0010226491986945752,-4.2803943732753115e-05,4.738131187049615e-05,22.486780132628088,0.047619047619047616
2,"[18, 29]","18,29",11,component_12,0.03658461951153065,0.03658461951153065,0.0002443195699983747,-2.598853753879582e-05,-2.0906451960824193e-05,3.664863183699629e-05,-0.1386705402967139,0.2857142857142857
2,"[18, 29]","18,29",16,component_17,0.05118041391601961,0.05118041391601961,0.0002443195699983747,0.00018659731977921368,-1.7707918937187258e-05,3.8990902346421485e-05,5.239818173511742,0.047619047619047616
2,"[18, 29]","18,29",27,component_28,0.024911226534447536,0.024911226534447536,0.0002443195699983747,0.0005880167828705672,-2.6494190939665355e-05,4.5651900281705813e-05,13.460797250897505,0.047619047619047616
2,"[18, 29]","18,29",33,component_34,0.01751458341881099,0.01751458341881099,0.0002443195699983747,-5.5342250530679427e-05,-2.8876626139256914e-05,3.870196944437514e-05,-0.6838314631367931,0.2857142857142857
2,"[18, 29]","18,29",36,component_37,0.017725645912793565,0.017725645912793565,0.0002443195699983747,0.0003856108443125762,-4.0654815457683706e-05,5.071807594551584e-05,8.404610226700596,0.047619047619047616
2,"[18, 29]","18,29",37,component_38,0.01884451547637278,0.01884451547637278,0.0002443195699983747,-7.739597941999743e-05,-2.45543641122161e-05,3.914565067066662e-05,-1.349871937302543,0.14285714285714285
2,"[18, 29]","18,29",41,component_42,0.024949261486247945,0.024949261486247945,0.0002443195699983747,-8.468547983805572e-05,-3.453496995154666e-05,4.844742560610191e-05,-1.0351532462065982,0.2857142857142857
2,"[18, 29]","18,29",42,component_43,0.01749318048046606,0.01749318048046606,0.0002443195699983747,0.00036087202756785244,-1.955178223721066e-05,3.4467490470568375e-05,11.037177485547002,0.047619047619047616
2,"[18, 29]","18,29",43,component_44,0.08786042467960226,0.08786042467960226,0.0002443195699983747,-7.734721807924061e-05,-4.9280042117622326e-05,5.070318523854253e-05,-0.5535584368037443,0.42857142857142855
2,"[18, 29]","18,29",44,component_45,0.09231290810337395,0.09231290810337395,0.0002443195699983747,0.002819137086578355,-4.141069959272774e-05,4.4386521164492026e-05,64.4463163844307,0.047619047619047616
2,"[18, 29]","18,29",56,component_57,0.02754516166431544,0.02754516166431544,0.0002443195699983747,7.65121959385058e-05,-2.821413859677502e-05,4.458670222555504e-05,2.3488244096971256,0.23809523809523808
2,"[18, 29]","18,29",57,component_58,0.02771104045928203,0.02771104045928203,0.0002443195699983747,0.0007011641799813395,-1.9366975209227442e-05,3.3777616402177644e-05,21.331616376107412,0.047619047619047616
2,"[18, 29]","18,29",58,component_59,0.017418242334037767,0.017418242334037767,0.0002443195699983747,0.00012472549162593008,-3.872255455424017e-05,5.149818987000434e-05,3.173860024842781,0.047619047619047616
2,"[18, 29]","18,29",59,component_60,0.013638303154574868,0.013638303154574868,0.0002443195699983747,-7.101162387020653e-05,-2.058501445876645e-05,3.4598408375553286e-05,-1.4574835022489288,0.14285714285714285
2,"[18, 32]","18,32",7,component_08,0.024212394422577638,0.024212394422577638,0.0002443195699983747,-3.911356111135911e-06,-2.2896837813501747e-05,4.068990648328672e-05,0.46658946513342514,0.3333333333333333
2,"[18, 32]","18,32",11,component_12,0.0163330973659266,0.0163330973659266,0.0002443195699983747,4.8030047277571736e-05,-1.992612165979787e-05,4.240738944832242e-05,1.6024605574974355,0.23809523809523808
2,"[18, 32]","18,32",16,component_17,0.06473898184279041,0.06473898184279041,0.0002443195699983747,0.0020031815616488036,-1.4719010595111217e-05,3.264731704790326e-05,61.80907819417621,0.047619047619047616
2,"[18, 32]","18,32",19,component_20,0.02519808396864941,0.02519808396864941,0.0002443195699983747,-5.318269703839806e-06,-2.553597272672893e-05,3.687008235121078e-05,0.548349820060144,0.47619047619047616
2,"[18, 32]","18,32",21,component_22,0.018966916085580116,0.018966916085580116,0.0002443195699983747,0.0002451296594633452,-5.0404455526511755e-05,4.652326660574601e-05,6.352393899902034,0.047619047619047616
2,"[18, 32]","18,32",26,component_27,0.013540345295815923,0.013540345295815923,0.0002443195699983747,3.1207764268566945e-05,-1.845198953887938e-05,3.0124359267570634e-05,1.6484916198999746,0.2857142857142857
2,"[18, 32]","18,32",27,component_28,0.03552302507529861,0.03552302507529861,0.0002443195699983747,0.0007651578985634414,-3.785669696005945e-05,4.680128582267597e-05,17.157960116010905,0.047619047619047616
2,"[18, 32]","18,32",29,component_30,0.031514934491132005,0.031514934491132005,0.0002443195699983747,0.00011287398240338031,-3.6400502768104984e-05,4.096265433691088e-05,3.644160457565274,0.09523809523809523
2,"[18, 32]","18,32",33,component_34,0.017313806571203072,0.017313806571203072,0.0002443195699983747,2.32086406859143e-05,-1.6928247056167195e-05,3.263391092517196e-05,1.2299135042108043,0.2857142857142857
2,"[18, 32]","18,32",36,component_37,0.03596384905383877,0.03596384905383877,0.0002443195699983747,0.0006044301544786343,-2.8692556027790328e-05,4.7752378903333317e-05,13.258453820448931,0.047619047619047616
2,"[18, 32]","18,32",41,component_42,0.02492748121847474,0.02492748121847474,0.0002443195699983747,-0.00010646574761126112,-2.7659762784042914e-05,4.321300055699806e-05,-1.8236638005100554,0.09523809523809523
2,"[18, 32]","18,32",42,component_43,0.029529170446989828,0.029529170446989828,0.0002443195699983747,0.00039661167915232276,-2.739697161992904e-05,4.420749376550352e-05,9.5913297646183,0.047619047619047616
2,"[18, 32]","18,32",43,component_44,0.02286616566219253,0.02286616566219253,0.0002443195699983747,-6.622216864801689e-07,-4.94912131266024e-05,4.440756863278723e-05,1.099564622506051,0.6666666666666666
2,"[18, 32]","18,32",44,component_45,0.060868625793868605,0.060868625793868605,0.0002443195699983747,0.0004093591655362286,-4.040745124514338e-05,4.059218790130194e-05,11.080127483518726,0.047619047619047616
2,"[18, 32]","18,32",56,component_57,0.029027318435772283,0.029027318435772283,0.0002443195699983747,4.504810513984367e-05,-3.6278423677978904e-05,5.0058228167487577e-05,1.624638581807486,0.3333333333333333
2,"[18, 32]","18,32",57,component_58,0.01784130513108044,0.01784130513108044,0.0002443195699983747,1.0348885277691733e-06,-2.3946043220233667e-05,4.157741460957505e-05,0.6008293681216501,0.6190476190476191
2,"[18, 32]","18,32",58,component_59,0.01660494305346353,0.01660494305346353,0.0002443195699983747,-6.404658149442716e-06,-4.5929628394622463e-05,4.598012560520062e-05,0.8596098798109686,0.7142857142857143
2,"[18, 35]","18,35",0,component_01,0.01533998930874909,0.01533998930874909,0.0002443195699983747,0.00018957861939928634,-3.367622379842283e-05,4.624973021240632e-05,4.827159902822999,0.047619047619047616
2,"[18, 35]","18,35",5,component_06,0.017957471950725373,0.017957471950725373,0.0002443195699983747,-0.0001573925375765589,-3.415799880950313e-05,4.1667578438041646e-05,-2.957564211472034,0.047619047619047616
2,"[18, 35]","18,35",7,component_08,0.02519232938851277,0.02519232938851277,0.0002443195699983747,0.0002523171725856213,-3.817834956237202e-05,4.339082988804228e-05,6.694859787137848,0.047619047619047616
2,"[18, 35]","18,35",8,component_09,0.020957903876714815,0.020957903876714815,0.0002443195699983747,-0.00011725747965975891,-2.9885577906807193e-05,4.452175672333387e-05,-1.9624540490595705,0.14285714285714285
2,"[18, 35]","18,35",15,component_16,0.013868764032964215,0.013868764032964215,0.0002443195699983747,-8.503138134624555e-05,-1.1105202883839784e-05,2.6414982054246007e-05,-2.798645795427398,0.047619047619047616
2,"[18, 35]","18,35",16,component_17,0.044691059698736955,0.044691059698736955,0.0002443195699983747,-0.00013912047214708484,-1.1100549627658458e-05,2.5345962220146672e-05,-5.0509000766073715,0.047619047619047616
2,"[18, 35]","18,35",20,component_21,0.01604085689380059,0.01604085689380059,0.0002443195699983747,-5.7442939546754196e-05,-2.1338852147139132e-05,3.824250713017459e-05,-0.9440826480523229,0.19047619047619047
2,"[18, 35]","18,35",23,component_24,0.012288168286265787,0.012288168286265787,0.0002443195699983747,0.00021579661904510584,-2.89372712911312e-05,4.0316617100428156e-05,6.070298252618968,0.047619047619047616
2,"[18, 35]","18,35",25,component_26,0.017050013823482528,0.017050013823482528,0.0002443195699983747,0.00019765918947836636,-1.671834031427164e-05,3.38271528575409e-05,6.33743935516725,0.047619047619047616
2,"[18, 35]","18,35",27,component_28,0.01632138369368602,0.01632138369368602,0.0002443195699983747,0.00011464860963455656,-1.1017872947866058e-05,2.3266101840560674e-05,5.401269342135497,0.047619047619047616
2,"[18, 35]","18,35",29,component_30,0.03334893671901985,0.03334893671901985,0.0002443195699983747,0.0004991351996718116,-2.3043307040626003e-05,3.573550085653185e-05,14.612318120539008,0.047619047619047616
2,"[18, 35]","18,35",33,component_34,0.020321488769339566,0.020321488769339566,0.0002443195699983747,0.0003676334538094371,-3.422721633295926e-05,4.642087412692344e-05,8.656895797430126,0.047619047619047616
2,"[18, 35]","18,35",40,component_41,0.019487259823579288,0.019487259823579288,0.0002443195699983747,0.0003007294869993918,-2.9790358460141304e-05,4.093869461838142e-05,8.073531619426138,0.047619047619047616
2,"[18, 35]","18,35",41,component_42,0.02929934163669267,0.02929934163669267,0.0002443195699983747,-0.0001515918190921825,-2.1951230252583517e-05,4.045854297062546e-05,-3.2042821940899673,0.047619047619047616
2,"[18, 35]","18,35",44,component_45,0.05795916566037642,0.05795916566037642,0.0002443195699983747,-0.00010424610814879082,-4.73970224141772e-05,4.311275793828295e-05,-1.3186139892974276,0.19047619047619047
2,"[18, 35]","18,35",45,component_46,0.009716940241196922,0.009716940241196922,0.0002443195699983747,-7.647890442049297e-05,-1.1638693275657818e-05,2.7541081504568305e-05,-2.354308821680803,0.09523809523809523
2,"[18, 35]","18,35",47,component_48,0.016050252190902843,0.016050252190902843,0.0002443195699983747,-9.77559730293634e-05,-3.3624133793535064e-05,4.554198187112535e-05,-1.4081916640630296,0.19047619047619047
2,"[18, 35]","18,35",56,component_57,0.02752591444090244,0.02752591444090244,0.0002443195699983747,9.570763046238759e-05,-3.0455182244023253e-05,3.9811859389110685e-05,3.16897564299443,0.19047619047619047
2,"[18, 35]","18,35",57,component_58,0.02015516377577026,0.02015516377577026,0.0002443195699983747,-0.00015333543814078157,-3.009895938898907e-05,3.400342976822487e-05,-3.6242367194074374,0.047619047619047616
2,"[18, 35]","18,35",58,component_59,0.024348893604920072,0.024348893604920072,0.0002443195699983747,-0.00014363161643875244,-3.297140027254598e-05,4.781813964875503e-05,-2.3141890709060147,0.047619047619047616
2,"[24, 29]","24,29",0,component_01,0.012897045171394422,0.012897045171394422,0.0002443195699983747,-6.82608185539578e-05,-3.7144527310671184e-05,4.8588182869662206e-05,-0.6404086221284723,0.3333333333333333
2,"[24, 29]","24,29",1,component_02,0.030145339192904397,0.030145339192904397,0.0002443195699983747,-0.00015511387313336955,-2.2950653450091612e-05,3.895020158883612e-05,-3.3931331364702997,0.047619047619047616
2,"[24, 29]","24,29",2,component_03,0.02027419772663923,0.02027419772663923,0.0002443195699983747,0.0004515370699158111,-3.7152478615937714e-05,4.405212456858762e-05,11.093438814077542,0.047619047619047616
2,"[24, 29]","24,29",6,component_07,0.024547443346294665,0.024547443346294665,0.0002443195699983747,0.0006703955920027878,-8.681256399037959e-06,2.3077527161207898e-05,29.425893149562313,0.047619047619047616
2,"[24, 29]","24,29",7,component_08,0.029468843338728068,0.029468843338728068,0.0002443195699983747,-0.0001159093465229015,-2.436829149981312e-05,3.6224614062994915e-05,-2.5270401739518245,0.047619047619047616
2,"[24, 29]","24,29",10,component_11,0.015497058114389482,0.015497058114389482,0.0002443195699983747,0.00016806746981974305,-9.623838906848898e-06,1.739012839120809e-05,10.217941163472213,0.047619047619047616
2,"[24, 29]","24,29",11,component_12,0.03295750892276169,0.03295750892276169,0.0002443195699983747,-9.752570191496474e-05,-2.8874130345501406e-05,4.043280342403377e-05,-1.6979176746536442,0.19047619047619047
2,"[24, 29]","24,29",12,component_13,0.019662972084875836,0.019662972084875836,0.0002443195699983747,-7.54083327277541e-05,-3.134268052031916e-05,4.6654252793277865e-05,-0.9445152278547284,0.3333333333333333
2,"[24, 29]","24,29",14,component_15,0.06790194460390954,0.06790194460390954,0.0002443195699983747,-0.00010871910479125224,-3.609797080288485e-05,5.215688002102429e-05,-1.392359626555385,0.23809523809523808
2,"[24, 29]","24,29",17,component_18,0.012888160347819724,0.012888160347819724,0.0002443195699983747,5.6531160795528224e-05,-4.9081029806871204e-05,5.208361972595624e-05,2.0277429095383486,0.47619047619047616
2,"[24, 29]","24,29",18,component_19,0.012586073548373194,0.012586073548373194,0.0002443195699983747,-0.00011829100450926056,-4.358220657438386e-05,4.457230981319759e-05,-1.6761257885889473,0.09523809523809523
2,"[24, 29]","24,29",33,component_34,0.031209758743241812,0.031209758743241812,0.0002443195699983747,-0.00011028358158254176,-4.3677310819392273e-05,4.028212109912115e-05,-1.6534946260464585,0.09523809523809523
2,"[24, 29]","24,29",36,component_37,0.0087825998941141,0.0087825998941141,0.0002443195699983747,-4.325042194782899e-05,-4.099205093548407e-05,4.7595568506142574e-05,-0.04744918662025145,0.47619047619047616
2,"[24, 29]","24,29",37,component_38,0.027419991317636574,0.027419991317636574,0.0002443195699983747,-0.00013233811911767673,-2.504033079768387e-05,4.120101946640866e-05,-2.6042508100430166,0.047619047619047616
2,"[24, 29]","24,29",42,component_43,0.010776146867670517,0.010776146867670517,0.0002443195699983747,-6.171889602340878e-05,-1.0309053974644274e-05,2.7318150092409592e-05,-1.8818932422166041,0.14285714285714285
2,"[24, 29]","24,29",43,component_44,0.08737837464737923,0.08737837464737923,0.0002443195699983747,-0.00011864532843593179,-1.881700606098098e-05,3.795565304649859e-05,-2.6301305434701243,0.047619047619047616
2,"[24, 29]","24,29",44,component_45,0.032752264932353774,0.032752264932353774,0.0002443195699983747,-0.00015996880429548777,-4.5277859293603876e-05,4.812936983841421e-05,-2.382972089327957,0.047619047619047616
2,"[24, 29]","24,29",57,component_58,0.010026567239917834,0.010026567239917834,0.0002443195699983747,-5.7698382189146774e-05,-4.502817672478584e-05,4.454432838997054e-05,-0.28444037484273127,0.42857142857142855
2,"[24, 29]","24,29",59,component_60,0.012461367888088699,0.012461367888088699,0.0002443195699983747,-7.073467823185894e-05,-2.6372381841541714e-05,3.638188461446362e-05,-1.219351247479934,0.14285714285714285
2,"[24, 32]","24,32",0,component_01,0.01336642811240379,0.01336642811240379,0.0002443195699983747,0.00018027307864214304,-3.158288845883769e-05,4.317031264044484e-05,4.907445745539954,0.047619047619047616
2,"[24, 32]","24,32",1,component_02,0.02440331096313679,0.02440331096313679,0.0002443195699983747,-3.262301791418995e-05,-3.436562570231811e-05,4.6961274178581504e-05,0.03710733617451427,0.38095238095238093
2,"[24, 32]","24,32",2,component_03,0.015762055213804933,0.015762055213804933,0.0002443195699983747,-7.260947319721531e-05,-2.5648837113037284e-05,3.7358943299830544e-05,-1.2570118942414261,0.14285714285714285
2,"[24, 32]","24,32",6,component_07,0.016973313154591267,0.016973313154591267,0.0002443195699983747,-0.00011925202137560639,-2.5875037837204072e-05,3.783315580686902e-05,-2.468125683595465,0.09523809523809523
2,"[24, 32]","24,32",7,component_08,0.018588287182653714,0.018588287182653714,0.0002443195699983747,0.00017637621652381863,-2.388287120703603e-05,4.118988869863801e-05,4.861850664274226,0.047619047619047616
2,"[24, 32]","24,32",10,component_11,0.01565797719870514,0.01565797719870514,0.0002443195699983747,-0.00020155661328731533,-1.6001183148216365e-05,3.2958913534758845e-05,-5.6299012994894415,0.047619047619047616
2,"[24, 32]","24,32",11,component_12,0.012629379431323645,0.012629379431323645,0.0002443195699983747,-0.0001001144629325882,-4.064573097416649e-05,4.7708899691044895e-05,-1.2464913746393562,0.23809523809523808
2,"[24, 32]","24,32",12,component_13,0.019630677181724995,0.019630677181724995,0.0002443195699983747,-0.0001077032358785951,-3.0383099140268e-05,4.1366576867172374e-05,-1.8691451551962157,0.09523809523809523
2,"[24, 32]","24,32",14,component_15,0.07054206434399765,0.07054206434399765,0.0002443195699983747,-0.0003756561084416049,-3.5869388804980946e-05,5.326009458296266e-05,-6.379761851668174,0.047619047619047616
2,"[24, 32]","24,32",16,component_17,0.018511086074979553,0.018511086074979553,0.0002443195699983747,-0.00011745237919747603,-2.629299990192012e-05,4.433331674124607e-05,-2.0562273702103733,0.047619047619047616
2,"[24, 32]","24,32",17,component_18,0.012977449704360374,0.012977449704360374,0.0002443195699983747,-0.00010378768544007551,-3.343907444888245e-05,5.082594362476095e-05,-1.3841083111130121,0.19047619047619047
2,"[24, 32]","24,32",18,component_19,0.02129463444494021,0.02129463444494021,0.0002443195699983747,-0.00023684094308201384,-3.784765099635889e-05,4.802557577089984e-05,-4.143485817534561,0.047619047619047616
2,"[24, 32]","24,32",19,component_20,0.02517673869352872,0.02517673869352872,0.0002443195699983747,0.0001282266728461559,-1.7682698153680322e-05,3.573679586633921e-05,4.082889007328983,0.047619047619047616
2,"[24, 32]","24,32",21,component_22,0.013248681475455042,0.013248681475455042,0.0002443195699983747,0.0002984869088343521,-1.5826553076550196e-05,3.716498804093081e-05,8.45724641602845,0.047619047619047616
2,"[24, 32]","24,32",26,component_27,0.013059265405204832,0.013059265405204832,0.0002443195699983747,-0.00025247434253122814,-1.7343414101040357e-05,3.488946809497524e-05,-6.739309633214248,0.047619047619047616
2,"[24, 32]","24,32",27,component_28,0.018786634504122,0.018786634504122,0.0002443195699983747,-7.162952707840883e-05,-4.691754660682231e-05,4.788127465366319e-05,-0.5161094947938257,0.3333333333333333
2,"[24, 32]","24,32",33,component_34,0.031233072067870953,0.031233072067870953,0.0002443195699983747,0.00019235748187110616,-2.9370465737443408e-05,4.0687173852378876e-05,5.449578494024246,0.047619047619047616
2,"[24, 32]","24,32",36,component_37,0.02674463361798978,0.02674463361798978,0.0002443195699983747,-0.0001006005289513022,-3.8081165223113366e-05,4.860165525864871e-05,-1.2863628490732002,0.23809523809523808
2,"[24, 32]","24,32",42,component_43,0.022747716717324826,0.022747716717324826,0.0002443195699983747,-9.039936130839782e-05,-3.8352780380114724e-05,5.4244606128808194e-05,-0.959479377630548,0.38095238095238093
2,"[24, 32]","24,32",43,component_44,0.02230422158761,0.02230422158761,0.0002443195699983747,-0.00012185437440267316,-1.72962260808532e-05,2.9561179037336836e-05,-3.537008729921064,0.047619047619047616
2,"[24, 35]","24,35",0,component_01,0.027282611789108,0.027282611789108,0.0002443195699983747,0.0004974318438002931,-3.292272292426836e-05,4.2472478951680456e-05,12.487017000536474,0.047619047619047616
2,"[24, 35]","24,35",1,component_02,0.028223918434141636,0.028223918434141636,0.0002443195699983747,0.000270317924081883,-1.366919115675433e-05,3.2083242316945024e-05,8.851571559793607,0.047619047619047616
2,"[24, 35]","24,35",2,component_03,0.01582432931733857,0.01582432931733857,0.0002443195699983747,-8.76733359380516e-06,-1.7612886834677068e-05,3.280773737456635e-05,0.26961789957905713,0.3333333333333333
2,"[24, 35]","24,35",5,component_06,0.01092909042415231,0.01092909042415231,0.0002443195699983747,3.6869484464095714e-05,-2.5619836466253294e-05,3.938459114243968e-05,1.586643890864525,0.3333333333333333
2,"[24, 35]","24,35",6,component_07,0.017723222375846358,0.017723222375846358,0.0002443195699983747,5.5715300225907954e-05,-2.754738632024134e-05,3.780045400799857e-05,2.202690119238539,0.23809523809523808
2,"[24, 35]","24,35",7,component_08,0.019217165133189367,0.019217165133189367,0.0002443195699983747,8.154772982109718e-05,-3.906391033019516e-05,4.4504925361948274e-05,2.7100739787874204,0.3333333333333333
2,"[24, 35]","24,35",8,component_09,0.028963402879249547,0.028963402879249547,0.0002443195699983747,0.0004458519517844123,-1.9886589628525776e-05,3.887382805746841e-05,11.980773818426682,0.047619047619047616
2,"[24, 35]","24,35",10,component_11,0.017707205150440726,0.017707205150440726,0.0002443195699983747,3.5296027776680894e-05,-1.3035066421077671e-05,2.525946647946242e-05,1.913385393038878,0.19047619047619047
2,"[24, 35]","24,35",12,component_13,0.019694699910856175,0.019694699910856175,0.0002443195699983747,-4.3680506747415665e-05,-2.963756683576617e-05,4.097948435422179e-05,-0.3426822014221553,0.2857142857142857
2,"[24, 35]","24,35",14,component_15,0.07139719285073068,0.07139719285073068,0.0002443195699983747,0.00032511267282595013,-1.9811082095196462e-05,3.9594121320358464e-05,8.711489065014156,0.047619047619047616
2,"[24, 35]","24,35",15,component_16,0.02092378455629041,0.02092378455629041,0.0002443195699983747,0.0002925968388986372,-4.563277168136095e-05,4.6780853784636614e-05,7.230086311316463,0.047619047619047616
2,"[24, 35]","24,35",17,component_18,0.02073464428380106,0.02073464428380106,0.0002443195699983747,0.0002948236094047381,-1.6783300868306775e-05,2.675661106898325e-05,11.645978239533676,0.047619047619047616
2,"[24, 35]","24,35",20,component_21,0.01615607658985658,0.01615607658985658,0.0002443195699983747,-9.491959899382563e-06,-3.3937267617800564e-05,4.4390351286225484e-05,0.5506896658869984,0.5238095238095238
2,"[24, 35]","24,35",23,component_24,0.017938273394874908,0.017938273394874908,0.0002443195699983747,8.41693492750692e-05,-1.9461797522228717e-05,2.8366558888005637e-05,3.653285800595177,0.14285714285714285
2,"[24, 35]","24,35",25,component_26,0.015724082094429728,0.015724082094429728,0.0002443195699983747,-0.00011217633127539456,-1.4529028774607687e-05,3.474665371276479e-05,-2.8102649339413777,0.09523809523809523
2,"[24, 35]","24,35",33,component_34,0.03380373214248027,0.03380373214248027,0.0002443195699983747,9.97601714674487e-05,-1.742567061099573e-05,2.708209926818797e-05,4.327059025889361,0.047619047619047616
2,"[24, 35]","24,35",40,component_41,0.022162645727105156,0.022162645727105156,0.0002443195699983747,9.33560713666931e-05,-5.099827367751915e-05,4.818535994133813e-05,2.9958133594924323,0.23809523809523808
2,"[24, 35]","24,35",45,component_46,0.00960348255215983,0.00960348255215983,0.0002443195699983747,-9.48677427017007e-06,-6.410780382537216e-06,1.1846639293664828e-05,-0.2596511813504602,0.2857142857142857
2,"[24, 35]","24,35",47,component_48,0.015498461683513539,0.015498461683513539,0.0002443195699983747,-8.683608641773047e-06,-3.238682964280163e-05,4.229650844640587e-05,0.5604060919369517,0.47619047619047616
2,"[29, 32]","29,32",7,component_08,0.011695502801343488,0.011695502801343488,0.0002443195699983747,1.3425757488385454e-05,-2.7776142090327724e-05,3.751596039766708e-05,1.0982498952972373,0.47619047619047616
2,"[29, 32]","29,32",11,component_12,0.04613189762814903,0.04613189762814903,0.0002443195699983747,0.0008229749738384792,-1.6502884951711556e-05,2.906095043976854e-05,28.886799849512318,0.047619047619047616
2,"[29, 32]","29,32",16,component_17,0.025810893049887304,0.025810893049887304,0.0002443195699983747,0.00029579982643445843,-1.0643936984201534e-05,2.684877215476727e-05,11.413697492466067,0.047619047619047616
2,"[29, 32]","29,32",18,component_19,0.031807200631447444,0.031807200631447444,0.0002443195699983747,0.00044097232004429443,-2.802463986484478e-05,4.095750374120444e-05,11.45081894816052,0.047619047619047616
2,"[29, 32]","29,32",19,component_20,0.027130059255213126,0.027130059255213126,0.0002443195699983747,0.00012432797052264188,-1.5618081106543623e-05,2.1909280105371257e-05,6.38752396044617,0.047619047619047616
2,"[29, 32]","29,32",21,component_22,0.011494171496615063,0.011494171496615063,0.0002443195699983747,2.1742201330339495e-06,-4.2440566449444364e-05,4.369157008606301e-05,1.0211303117419852,0.7142857142857143
2,"[29, 32]","29,32",26,component_27,0.009778124402614777,0.009778124402614777,0.0002443195699983747,-3.13048553337858e-05,-2.0486221163445806e-05,3.688201030521181e-05,-0.29333092423140517,0.2857142857142857
2,"[29, 32]","29,32",27,component_28,0.02758648932686391,0.02758648932686391,0.0002443195699983747,0.0003046186896212902,-4.070370443204638e-05,4.4465504714084717e-05,7.76607386498311,0.047619047619047616
2,"[29, 32]","29,32",36,component_37,0.035973937549973786,0.035973937549973786,0.0002443195699983747,0.0004591115426478762,-1.5955742679112357e-05,3.336724824195645e-05,14.23753262127358,0.047619047619047616
2,"[29, 32]","29,32",37,component_38,0.016768707020694502,0.016768707020694502,0.0002443195699983747,1.466355025869781e-05,-1.6073935671403818e-05,2.730782900151405e-05,1.1255924419475978,0.3333333333333333
2,"[29, 32]","29,32",42,component_43,0.03416051975425524,0.03416051975425524,0.0002443195699983747,0.0004845379119280957,-2.7685909052238307e-05,3.393333297640455e-05,15.095004706331306,0.047619047619047616
2,"[29, 32]","29,32",43,component_44,0.11424488294193874,0.11424488294193874,0.0002443195699983747,0.0043217870041109,-2.3666749005578175e-05,3.966401752051719e-05,109.55657103743174,0.047619047619047616
2,"[29, 32]","29,32",44,component_45,0.03401116245245547,0.03401116245245547,0.0002443195699983747,0.00018494834437792623,-3.1529314662630915e-05,4.448272010701834e-05,4.8665562384617305,0.047619047619047616
2,"[29, 32]","29,32",57,component_58,0.01061330419075803,0.01061330419075803,0.0002443195699983747,2.321508880435627e-05,-3.124813041802154e-05,4.537862272075204e-05,1.2001955096242114,0.38095238095238093
2,"[29, 32]","29,32",59,component_60,0.012210054079087311,0.012210054079087311,0.0002443195699983747,-2.6599069856801313e-05,-3.053109597948315e-05,4.651776564151904e-05,0.0845274072917282,0.38095238095238093
2,"[29, 35]","29,35",0,component_01,0.014314213145046554,0.014314213145046554,0.0002443195699983747,-7.918502885657583e-06,-2.277839145315834e-05,4.077219033933421e-05,0.3644613753596887,0.3333333333333333
2,"[29, 35]","29,35",5,component_06,0.01505465001600668,0.01505465001600668,0.0002443195699983747,0.00015665704390522943,-3.0249932716104697e-05,4.2756707972072164e-05,4.371407095780575,0.047619047619047616
2,"[29, 35]","29,35",7,component_08,0.012402547863927017,0.012402547863927017,0.0002443195699983747,-3.2356171664627703e-06,-2.9046324672683377e-05,3.886329354404103e-05,0.664141022349821,0.47619047619047616
2,"[29, 35]","29,35",8,component_09,0.022941376088574432,0.022941376088574432,0.0002443195699983747,3.174625619866908e-05,-3.0084904758280972e-05,4.6425669726114346e-05,1.331831319218862,0.3333333333333333
2,"[29, 35]","29,35",11,component_12,0.03465930578591434,0.03465930578591434,0.0002443195699983747,0.00018654848901224208,-2.0660127656485364e-05,3.821674038998508e-05,5.421933282489672,0.047619047619047616
2,"[29, 35]","29,35",15,component_16,0.015359010942143508,0.015359010942143508,0.0002443195699983747,1.317197341145493e-05,-3.246546905304852e-05,3.340517087643831e-05,1.3661789856819124,0.5714285714285714
2,"[29, 35]","29,35",18,component_19,0.01463854380660105,0.01463854380660105,0.0002443195699983747,0.00012875126335851368,-2.0800217024834743e-05,3.4997634497535205e-05,4.273188246305074,0.047619047619047616
2,"[29, 35]","29,35",20,component_21,0.017346399644170507,0.017346399644170507,0.0002443195699983747,8.392341543646958e-06,-1.7505005970544405e-05,3.274880169231026e-05,0.7907876372854373,0.2857142857142857
2,"[29, 35]","29,35",23,component_24,0.010595736881703392,0.010595736881703392,0.0002443195699983747,3.305093961805672e-05,-3.1718903630724565e-05,4.1458989851576995e-05,1.5622629369566658,0.3333333333333333
2,"[29, 35]","29,35",25,component_26,0.01769172045966888,0.01769172045966888,0.0002443195699983747,0.00010612675836619775,-2.0124979072719063e-05,4.215628020239029e-05,2.9948500397280844,0.14285714285714285
2,"[29, 35]","29,35",36,component_37,0.012663845104894714,0.012663845104894714,0.0002443195699983747,0.00011885004701538138,-3.6426145353020195e-05,4.602226215343326e-05,3.373936549462247,0.09523809523809523
2,"[29, 35]","29,35",37,component_38,0.01624005614241559,0.01624005614241559,0.0002443195699983747,1.674026474540735e-05,-3.0892715578089664e-05,3.560207083932889e-05,1.337927238515514,0.5238095238095238
2,"[29, 35]","29,35",40,component_41,0.017813912663652037,0.017813912663652037,0.0002443195699983747,5.2110670797675396e-05,-3.1440361176151924e-05,4.3250665327547864e-05,1.931786050944533,0.3333333333333333
2,"[29, 35]","29,35",42,component_43,0.014432659610194312,0.014432659610194312,0.0002443195699983747,3.0078620921220045e-05,-1.9659672843956758e-05,3.705258968447037e-05,1.34237024156029,0.2857142857142857
2,"[29, 35]","29,35",43,component_44,0.08759890330892856,0.08759890330892856,0.0002443195699983747,3.49701659205226e-06,-3.62197921369246e-05,4.538778193546149e-05,0.8750550706675115,0.6190476190476191
2,"[29, 35]","29,35",44,component_45,0.031367315577717554,0.031367315577717554,0.0002443195699983747,-6.304367055282728e-05,-2.4004101731864492e-05,3.766737885814979e-05,-1.0364291332290594,0.19047619047619047
2,"[29, 35]","29,35",45,component_46,0.011483624509107046,0.011483624509107046,0.0002443195699983747,6.807821336898834e-06,-1.3630559336498376e-05,2.6901804809450016e-05,0.7597401296368657,0.2857142857142857
2,"[29, 35]","29,35",47,component_48,0.01536594980681706,0.01536594980681706,0.0002443195699983747,-0.00010699201596529699,-1.7429497948326762e-06,5.422002940932814e-06,-19.411473456773344,0.047619047619047616
2,"[29, 35]","29,35",57,component_58,0.013172466093516983,0.013172466093516983,0.0002443195699983747,0.00011414802020493636,-2.201652948619288e-05,3.856478960578986e-05,3.530799754983919,0.047619047619047616
2,"[29, 35]","29,35",59,component_60,0.012211211592586523,0.012211211592586523,0.0002443195699983747,-2.5441556357589518e-05,-1.742740014520942e-05,3.457386844257735e-05,-0.23179807679579034,0.23809523809523808
2,"[32, 35]","32,35",0,component_01,0.014438812117970328,0.014438812117970328,0.0002443195699983747,-0.00010416857377515062,-3.507054587228798e-05,4.789063734887326e-05,-1.442829574380019,0.14285714285714285
2,"[32, 35]","32,35",5,component_06,0.010249488305676412,0.010249488305676412,0.0002443195699983747,-0.00012030965750125557,-2.5848362722996696e-05,4.0426491702209956e-05,-2.33661865773762,0.047619047619047616
2,"[32, 35]","32,35",8,component_09,0.02233950143728944,0.02233950143728944,0.0002443195699983747,-0.0001787243623959274,-1.3235414021504525e-05,3.695362073038249e-05,-4.478287786245566,0.047619047619047616
2,"[32, 35]","32,35",11,component_12,0.013990489139190283,0.013990489139190283,0.0002443195699983747,-0.00015672742729139905,-1.9058755916394837e-05,3.7584139411370744e-05,-3.662945953562363,0.047619047619047616
2,"[32, 35]","32,35",15,component_16,0.013825758883243406,0.013825758883243406,0.0002443195699983747,0.00012005422689488968,-3.465059603869724e-05,3.8923127358605934e-05,3.974624687997522,0.09523809523809523
2,"[32, 35]","32,35",16,component_17,0.01921598746421297,0.01921598746421297,0.0002443195699983747,-0.00013546933388352417,-8.325932670100328e-06,2.710931442236839e-05,-4.690026432705192,0.047619047619047616
2,"[32, 35]","32,35",18,component_19,0.02311840621839705,0.02311840621839705,0.0002443195699983747,-0.00021849715998525573,-9.760253356440389e-06,2.8664615701114396e-05,-7.282040994559724,0.047619047619047616
2,"[32, 35]","32,35",19,component_20,0.025190263268268977,0.025190263268268977,0.0002443195699983747,-0.00010645371771445672,-1.2951364818895959e-05,2.3037282236004644e-05,-4.058740607406686,0.047619047619047616
2,"[32, 35]","32,35",20,component_21,0.016988667184090263,0.016988667184090263,0.0002443195699983747,-0.00015080767383301302,-2.8321217329809065e-05,3.984624128274543e-05,-3.07397768421997,0.047619047619047616
2,"[32, 35]","32,35",21,component_22,0.012616427339563457,0.012616427339563457,0.0002443195699983747,-0.00014274504582876928,-2.781876400870612e-05,4.015728891464518e-05,-2.8619034034976916,0.047619047619047616
2,"[32, 35]","32,35",23,component_24,0.01008291358581806,0.01008291358581806,0.0002443195699983747,7.722322668062345e-06,-2.603478015186048e-05,3.536936691866817e-05,0.9544163710237521,0.6190476190476191
2,"[32, 35]","32,35",25,component_26,0.016531879648527894,0.016531879648527894,0.0002443195699983747,-0.00013377139816342712,-7.947372345665397e-06,2.6705976505431064e-05,-4.711455721986931,0.047619047619047616
2,"[32, 35]","32,35",26,component_27,0.00970562940891379,0.00970562940891379,0.0002443195699983747,-0.00010379984903477295,-3.832853927215528e-05,4.6308976312414205e-05,-1.4137930694241356,0.14285714285714285
2,"[32, 35]","32,35",27,component_28,0.01931821455253525,0.01931821455253525,0.0002443195699983747,0.0001528185828181365,-4.287036408294531e-05,4.9917987248332066e-05,3.92020908069807,0.047619047619047616
2,"[32, 35]","32,35",36,component_37,0.03033219235862819,0.03033219235862819,0.0002443195699983747,-0.00023218653013029264,-3.3605342975176554e-05,4.695485417380101e-05,-4.229193991745303,0.047619047619047616
2,"[32, 35]","32,35",40,component_41,0.017812017681543692,0.017812017681543692,0.0002443195699983747,-0.00013203241532132662,-3.160792013648517e-05,4.622000954055301e-05,-2.172749339152125,0.047619047619047616
2,"[32, 35]","32,35",42,component_43,0.027003630526208924,0.027003630526208924,0.0002443195699983747,0.0006007992219965348,-3.687975266296619e-05,4.091688400571364e-05,15.584739409053128,0.047619047619047616
2,"[32, 35]","32,35",43,component_44,0.022645185241083103,0.022645185241083103,0.0002443195699983747,0.00012072296254907883,-2.8474987585071016e-05,4.103256573228223e-05,3.636086300515419,0.09523809523809523
2,"[32, 35]","32,35",45,component_46,0.009488533857939917,0.009488533857939917,0.0002443195699983747,-8.004544105361805e-05,-1.8998620836377245e-05,3.688370616021595e-05,-1.6551162172278673,0.09523809523809523
2,"[32, 35]","32,35",47,component_48,0.015350870192707932,0.015350870192707932,0.0002443195699983747,-0.00012207163007442456,-2.603341754617961e-05,4.6539292912401334e-05,-2.063594148476064,0.047619047619047616
