source,target,source_index,target_index,ei
component_04,component_04,3,3,0.73170065242173
component_05,component_05,4,4,0.5695455067545137
component_13,component_13,12,12,0.48405543630972225
component_16,component_16,15,15,0.43510491458833567
component_10,component_10,9,9,0.4206807007603177
component_25,component_25,24,24,0.36310555781530063
component_12,component_12,11,11,0.339086875459242
component_24,component_24,23,23,0.33833665244566546
component_01,component_01,0,0,0.32606268221330925
component_11,component_11,10,10,0.31726743106402955
component_18,component_18,17,17,0.300699299622619
component_06,component_06,5,5,0.2923096918480721
component_09,component_09,8,8,0.2851046654802172
component_17,component_17,16,16,0.27672201003018415
component_46,component_46,45,45,0.265816064899703
component_32,component_32,31,31,0.2601053991833062
component_02,component_02,1,1,0.252767488913745
component_31,component_31,30,30,0.25270808314599513
component_22,component_22,21,21,0.25256359433701414
component_39,component_39,38,38,0.2453429935813931
component_53,component_53,52,52,0.23716235527267848
component_23,component_23,22,22,0.23628178651814435
component_14,component_14,13,13,0.23225059811602833
component_33,component_33,32,32,0.23083399754361267
component_26,component_26,25,25,0.21472242033564903
component_41,component_41,40,40,0.2106914063122769
component_58,component_58,57,57,0.2104485583600333
component_21,component_21,20,20,0.20990555829001156
component_38,component_38,37,37,0.19767758081865372
component_40,component_40,39,39,0.19565545157789543
component_56,component_56,55,55,0.1944946599820252
component_28,component_28,27,27,0.19426776825392
component_03,component_03,2,2,0.19299589402257045
component_36,component_36,35,35,0.1925958326999746
component_35,component_35,34,34,0.1880733349962984
component_34,component_34,33,33,0.18585241039394962
component_07,component_07,6,6,0.18165417193860156
component_50,component_50,49,49,0.176737740299171
component_20,component_20,19,19,0.1754604292677202
component_49,component_49,48,48,0.17087456382975663
component_45,component_45,44,44,0.1706116215250688
component_48,component_48,47,47,0.1626500349886193
component_08,component_08,7,7,0.15718341149994597
component_30,component_30,29,29,0.15502666222289552
component_43,component_43,42,42,0.1545641958353965
component_37,component_37,36,36,0.14413488743600444
component_19,component_19,18,18,0.1384971508324977
component_14,component_19,13,18,0.13595996891051954
component_55,component_55,54,54,0.13389729410168094
component_01,component_14,0,13,0.1319086673146006
component_42,component_42,41,41,0.12735948732421987
component_30,component_44,29,43,0.12351926014429004
component_60,component_60,59,59,0.11943710652375872
component_51,component_51,50,50,0.11725618594682086
component_27,component_27,26,26,0.11200549345801702
component_16,component_47,15,46,0.10885744925138807
component_25,component_15,24,14,0.10025869488246464
component_15,component_15,14,14,0.09564690364083228
component_52,component_52,51,51,0.09230734340034008
component_54,component_54,53,53,0.09098286551188117
component_44,component_44,43,43,0.09092605551983368
component_29,component_29,28,28,0.08857550231979738
component_01,component_27,0,26,0.08673685497123129
component_19,component_45,18,44,0.08567562832050912
component_01,component_41,0,40,0.07782102669655977
component_13,component_25,12,24,0.07542415127499247
component_08,component_54,7,53,0.07541333486842916
component_57,component_57,56,56,0.07280234819347209
component_12,component_29,11,28,0.0722512161741653
component_47,component_47,46,46,0.07105799260353374
component_08,component_19,7,18,0.06963768960342831
component_14,component_30,13,29,0.06924419117549929
component_19,component_17,18,16,0.06788790239142184
component_08,component_06,7,5,0.06548960730158715
component_07,component_03,6,2,0.06544218547690717
component_04,component_45,3,44,0.064899250392632
component_43,component_22,42,21,0.06319273926824387
component_27,component_57,26,56,0.05716744988898448
component_59,component_59,58,58,0.055262958019039576
component_02,component_29,1,28,0.05479379342259216
component_17,component_20,16,19,0.054687656626034364
component_30,component_12,29,11,0.05444911483917325
component_02,component_12,1,11,0.054426304776544754
component_08,component_35,7,34,0.05365219540891797
component_34,component_56,33,55,0.05328554752390158
component_30,component_45,29,44,0.053269717207416356
component_18,component_24,17,23,0.05325419984944446
component_06,component_52,5,51,0.05312992104468428
component_44,component_07,43,6,0.05213808994047309
component_15,component_03,14,2,0.05154352907559501
component_07,component_50,6,49,0.05128412270088756
component_25,component_34,24,33,0.050349239704720716
component_19,component_30,18,29,0.050036919185409534
component_46,component_23,45,22,0.04853550324006495
component_33,component_37,32,36,0.04844165353377594
component_14,component_17,13,16,0.047023857529474355
component_13,component_50,12,49,0.04697139833233788
component_09,component_36,8,35,0.04630334801459046
component_18,component_23,17,22,0.04621434589867324
component_01,component_02,0,1,0.04607405991852964
component_08,component_27,7,26,0.045936309499031935
component_10,component_39,9,38,0.045901975838534614
component_19,component_57,18,56,0.045354741523933484
component_14,component_03,13,2,0.045319832488269096
component_48,component_11,47,10,0.04488912243617449
component_33,component_43,32,42,0.04481371159651637
component_13,component_18,12,17,0.044249221991091936
component_01,component_58,0,57,0.043787207799229844
component_44,component_43,43,42,0.04360967524058301
component_27,component_33,26,32,0.04295790762774221
component_25,component_02,24,1,0.04288989384764674
component_31,component_41,30,40,0.042584209887373436
component_11,component_34,10,33,0.0417919476103874
component_37,component_43,36,42,0.04174659858642693
component_19,component_08,18,7,0.040909414297868096
component_03,component_57,2,56,0.040827588479315224
component_19,component_42,18,41,0.04073800288463847
component_12,component_44,11,43,0.03997918111762777
component_54,component_36,53,35,0.0398550958645405
component_33,component_20,32,19,0.03938455614227099
component_15,component_07,14,6,0.03933801781605739
component_23,component_10,22,9,0.03918364306412636
component_15,component_02,14,1,0.03908340024397727
component_33,component_44,32,43,0.03868870049395223
component_15,component_23,14,22,0.038537482835445225
component_57,component_58,56,57,0.037961356734637075
component_26,component_42,25,41,0.037939395900898454
component_03,component_55,2,54,0.037695689265704324
component_36,component_09,35,8,0.03719226474681392
component_22,component_28,21,27,0.03717472209975625
component_26,component_56,25,55,0.03656069296944464
component_33,component_19,32,18,0.03644544655832904
component_16,component_36,15,35,0.036185280551153554
component_07,component_20,6,19,0.03588437458669347
component_25,component_08,24,7,0.03587821761400267
component_01,component_55,0,54,0.03563837895041999
component_45,component_38,44,37,0.03563278250373081
component_05,component_31,4,30,0.03533536255798886
component_26,component_36,25,35,0.03515456470379963
component_33,component_17,32,16,0.03505833559542282
component_50,component_35,49,34,0.03498544861974118
component_08,component_20,7,19,0.03454847427795471
component_36,component_41,35,40,0.03447929408203798
component_33,component_28,32,27,0.03445669891376202
component_07,component_35,6,34,0.03441797764667953
component_60,component_51,59,50,0.03437745555905325
component_16,component_60,15,59,0.03406817826424602
component_54,component_47,53,46,0.03401347529972387
component_15,component_26,14,25,0.03360818671960475
component_28,component_38,27,37,0.03358509504052076
component_25,component_13,24,12,0.0333958191473549
component_29,component_07,28,6,0.033356277496063846
component_01,component_57,0,56,0.033240636144269864
component_16,component_10,15,9,0.032847421451565495
component_40,component_57,39,56,0.03263555499486159
component_08,component_59,7,58,0.03261878641983129
component_52,component_22,51,21,0.03256352654805461
component_06,component_14,5,13,0.03246436112936646
component_02,component_08,1,7,0.03244160017604214
component_17,component_58,16,57,0.03241466522843783
component_36,component_26,35,25,0.032366295267536316
component_02,component_38,1,37,0.03233272905776996
component_04,component_30,3,29,0.032158048101975645
component_04,component_57,3,56,0.03214740326157761
component_59,component_27,58,26,0.032039603877717315
component_18,component_51,17,50,0.03199613470070872
component_05,component_24,4,23,0.03198701009216576
component_17,component_32,16,31,0.03194031239327533
component_01,component_22,0,21,0.03192844304767917
component_19,component_34,18,33,0.03191260481501068
component_05,component_15,4,14,0.03186111525300728
component_01,component_50,0,49,0.03184901500031767
component_17,component_33,16,32,0.031610954189877916
component_32,component_52,31,51,0.03159862170104333
component_10,component_23,9,22,0.031513077476272855
component_19,component_28,18,27,0.03150758709344004
component_39,component_47,38,46,0.03145894953222417
component_17,component_44,16,43,0.03142503211239989
component_38,component_37,37,36,0.03138782454475875
component_10,component_06,9,5,0.03129516759415285
component_54,component_37,53,36,0.031286928343059905
component_51,component_05,50,4,0.031148407444620663
component_28,component_37,27,36,0.031039461150517145
component_19,component_59,18,58,0.031001544728420427
component_40,component_26,39,25,0.030930284709157263
component_01,component_36,0,35,0.0307903250704471
component_57,component_23,56,22,0.030589156904987647
component_34,component_40,33,39,0.030561494284733648
component_10,component_41,9,40,0.030514981212224512
component_47,component_21,46,20,0.03048133584334689
component_27,component_06,26,5,0.030468727661895123
component_14,component_20,13,19,0.030431642510528434
component_14,component_22,13,21,0.03019847871091219
component_18,component_34,17,33,0.030173808659657908
component_40,component_15,39,14,0.030035462056729578
component_38,component_40,37,39,0.02983448559628421
component_25,component_07,24,6,0.02981926840039062
component_52,component_27,51,26,0.029744257342450453
component_30,component_38,29,37,0.029532770704137512
component_57,component_49,56,48,0.02952440234495679
component_02,component_59,1,58,0.029388880357857694
component_52,component_06,51,5,0.029278709232203326
component_08,component_48,7,47,0.029240775023318122
component_19,component_58,18,57,0.029023178821818263
component_25,component_18,24,17,0.028998695408311015
component_28,component_56,27,55,0.028779545685378327
component_08,component_29,7,28,0.028768235153824318
component_15,component_01,14,0,0.02874599780956455
component_15,component_60,14,59,0.028710487297418652
component_07,component_59,6,58,0.028698205123279585
component_47,component_11,46,10,0.02868796855324085
component_16,component_35,15,34,0.028665917389590234
component_25,component_01,24,0,0.02860847545783285
component_36,component_21,35,20,0.028568203483205323
component_45,component_55,44,54,0.02850972967551746
component_38,component_48,37,47,0.028468143446469973
component_18,component_15,17,14,0.028144560114175654
component_29,component_08,28,7,0.028041048841021876
component_47,component_13,46,12,0.02791021143683503
component_36,component_01,35,0,0.027865214971463548
component_09,component_47,8,46,0.027840279098815923
component_23,component_34,22,33,0.02776310102179691
component_22,component_32,21,31,0.0277571274394508
component_15,component_40,14,39,0.027672830975754792
component_38,component_08,37,7,0.027518664723207742
component_18,component_25,17,24,0.027385206456080446
component_25,component_03,24,2,0.027369149243952506
component_44,component_02,43,1,0.02719989812841117
component_05,component_40,4,39,0.027118819394374327
component_06,component_59,5,58,0.026987279299164335
component_13,component_21,12,20,0.026961099735672178
component_40,component_36,39,35,0.02695180552751797
component_30,component_58,29,57,0.026950169070851793
component_03,component_05,2,4,0.026934012280683373
component_01,component_42,0,41,0.02680571161860179
component_16,component_20,15,19,0.026571962065941257
component_11,component_47,10,46,0.026513167355820766
component_06,component_16,5,15,0.026468616792224342
component_25,component_11,24,10,0.026417433776284138
component_58,component_35,57,34,0.02636293070546536
component_28,component_45,27,44,0.026269466359166938
component_35,component_48,34,47,0.02621953434103297
component_38,component_09,37,8,0.02617921712033411
component_10,component_31,9,30,0.02609507886217255
component_17,component_37,16,36,0.026079664374736744
component_14,component_04,13,3,0.026071544752811704
component_44,component_42,43,41,0.025833119565561447
component_24,component_46,23,45,0.025795340385773358
component_02,component_28,1,27,0.0257735312836882
component_01,component_37,0,36,0.025765940445558577
component_54,component_26,53,25,0.025708367779423646
component_36,component_48,35,47,0.025695968390288204
component_03,component_20,2,19,0.025640012966892556
component_54,component_12,53,11,0.02559344892878812
component_56,component_23,55,22,0.025571981039981928
component_44,component_27,43,26,0.02551441009085975
component_36,component_16,35,15,0.025509604522856222
component_28,component_27,27,26,0.025456695679693997
component_33,component_12,32,11,0.025401538776664623
component_18,component_46,17,45,0.025374972773543725
component_34,component_50,33,49,0.025356178574109656
component_03,component_42,2,41,0.02528184885725082
component_26,component_18,25,17,0.02523013292673415
component_50,component_52,49,51,0.025159407889833396
component_28,component_54,27,53,0.02499849715775193
component_41,component_32,40,31,0.024994207900612686
component_35,component_52,34,51,0.024979044976174425
component_46,component_50,45,49,0.02477334243981133
component_16,component_39,15,38,0.024730416957797985
component_59,component_30,58,29,0.024635924597014025
component_42,component_52,41,51,0.02456710662314876
component_22,component_52,21,51,0.02454125349108338
component_32,component_45,31,44,0.024533548776658698
component_46,component_48,45,47,0.024521837241494815
component_06,component_27,5,26,0.024508595813522938
component_58,component_33,57,32,0.024482604992021262
component_52,component_41,51,40,0.02447175823505976
component_53,component_39,52,38,0.02442418827626991
component_02,component_51,1,50,0.02426850544985859
component_30,component_19,29,18,0.024218301637214168
component_01,component_54,0,53,0.024217894515004
component_17,component_12,16,11,0.02412702814467682
component_36,component_46,35,45,0.02412684718989988
component_33,component_22,32,21,0.024117404356521988
component_47,component_46,46,45,0.024098912417382046
component_09,component_08,8,7,0.024094201003607374
component_44,component_03,43,2,0.02407952417547765
component_04,component_28,3,27,0.024070635295695197
component_10,component_36,9,35,0.024056495699823266
component_18,component_13,17,12,0.024040521432691087
component_12,component_19,11,18,0.023998873146006794
component_03,component_11,2,10,0.02379142802148415
component_42,component_18,41,17,0.023759872616342825
component_10,component_21,9,20,0.02368160817153031
component_06,component_56,5,55,0.02359189175301868
component_12,component_09,11,8,0.023588335862722243
component_47,component_49,46,48,0.02357679445530181
component_30,component_60,29,59,0.02349223244146792
component_10,component_28,9,27,0.023465743079010615
component_25,component_38,24,37,0.023458299502325364
component_08,component_60,7,59,0.02343745170729017
component_02,component_58,1,57,0.023395102441449822
component_41,component_53,40,52,0.023372601911459956
component_05,component_55,4,54,0.023288427978898962
component_22,component_30,21,29,0.023200622350616484
component_30,component_39,29,38,0.023146714675610802
component_14,component_01,13,0,0.023075698952851553
component_43,component_52,42,51,0.023045688506863282
component_34,component_25,33,24,0.023025846424705065
component_38,component_30,37,29,0.022921221967394878
component_12,component_14,11,13,0.022743978476246873
component_36,component_24,35,23,0.022719708231158098
component_54,component_29,53,28,0.022690589934758698
component_55,component_09,54,8,0.022668506676451372
component_29,component_03,28,2,0.02263544143084051
component_53,component_59,52,58,0.022631850758457084
component_38,component_12,37,11,0.022621344135259847
component_10,component_03,9,2,0.022590287724779667
component_35,component_55,34,54,0.02256495708282813
component_09,component_10,8,9,0.02256014484631308
component_58,component_47,57,46,0.022540332321800527
component_53,component_44,52,43,0.022526932208564165
component_36,component_06,35,5,0.02248476169086011
component_38,component_57,37,56,0.022472170953390602
component_48,component_56,47,55,0.0224549577562545
component_36,component_52,35,51,0.022401263792387827
component_42,component_34,41,33,0.022386543949048487
component_49,component_51,48,50,0.02233225369539049
component_07,component_21,6,20,0.022294787686183426
component_02,component_37,1,36,0.02227862674112968
component_32,component_33,31,32,0.02219784254876611
component_53,component_16,52,15,0.02209323153534637
component_27,component_22,26,21,0.022041766856122358
component_21,component_23,20,22,0.021948526330026752
component_41,component_01,40,0,0.021938592461277828
component_09,component_43,8,42,0.021858892386805273
component_08,component_42,7,41,0.02182881622595456
component_33,component_27,32,26,0.021823882522725047
component_14,component_32,13,31,0.021792105396532868
component_30,component_43,29,42,0.021788828504858415
component_20,component_09,19,8,0.02172168019991272
component_51,component_39,50,38,0.02164433652250075
component_32,component_57,31,56,0.0216052171566794
component_12,component_45,11,44,0.02159599533200618
component_42,component_46,41,45,0.021595694297653623
component_06,component_39,5,38,0.021519884059752137
component_42,component_30,41,29,0.021517600193109665
component_29,component_53,28,52,0.021510621010639053
component_25,component_23,24,22,0.021498201741882106
component_14,component_50,13,49,0.02142712877888009
component_02,component_19,1,18,0.021366763788763343
component_17,component_30,16,29,0.021362968118500802
component_10,component_47,9,46,0.021347282099431375
component_59,component_57,58,56,0.021330423540177
component_28,component_19,27,18,0.021300416942038325
component_23,component_60,22,59,0.021245658239949172
component_07,component_54,6,53,0.021157361202090996
component_42,component_33,41,32,0.02114785846704592
component_21,component_35,20,34,0.021092798951038993
component_22,component_44,21,43,0.02108777066639611
component_30,component_08,29,7,0.021029835983273237
component_45,component_20,44,19,0.02096578552936279
component_50,component_55,49,54,0.020964686583161196
component_51,component_55,50,54,0.020936105081548195
component_47,component_34,46,33,0.02093145552227993
component_19,component_14,18,13,0.020881898638424712
component_08,component_10,7,9,0.020829372189016926
component_24,component_31,23,30,0.020813601315585295
component_53,component_18,52,17,0.020796726924674047
component_49,component_52,48,51,0.020749631030467786
component_47,component_03,46,2,0.020742805402842457
component_43,component_55,42,54,0.020709569164892194
component_58,component_44,57,43,0.020691834403671727
component_50,component_37,49,36,0.020683475933371387
component_02,component_54,1,53,0.02065408402800717
component_22,component_23,21,22,0.020568374381294774
component_12,component_37,11,36,0.020547650070116497
component_15,component_53,14,52,0.020482938263480577
component_04,component_25,3,24,0.020448066455615255
component_01,component_17,0,16,0.020445911723212085
component_57,component_14,56,13,0.020439569547727743
component_30,component_54,29,53,0.020399182039389174
component_31,component_57,30,56,0.020382469580280116
component_48,component_24,47,23,0.020338563530004183
component_02,component_24,1,23,0.020332429884943437
component_24,component_48,23,47,0.020325344730030448
component_28,component_42,27,41,0.020275619999362338
component_06,component_08,5,7,0.02026272486665004
component_03,component_27,2,26,0.020257996715783655
component_54,component_35,53,34,0.02019223614457477
component_10,component_38,9,37,0.0201264645646706
component_16,component_01,15,0,0.020120719064459003
component_11,component_18,10,17,0.020080583162759513
component_07,component_11,6,10,0.0200582736697843
component_08,component_55,7,54,0.020009924641716914
component_17,component_22,16,21,0.020006586134722504
component_60,component_46,59,45,0.019985535593883164
component_43,component_32,42,31,0.0199398183412951
component_48,component_17,47,16,0.019927978080749753
component_58,component_30,57,29,0.019908587517546206
component_01,component_38,0,37,0.0198854207589112
component_48,component_35,47,34,0.019885052687562688
component_51,component_60,50,59,0.01987800068025969
component_12,component_32,11,31,0.01983276705906789
component_45,component_43,44,42,0.019826419908849147
component_30,component_28,29,27,0.019789347427085602
component_17,component_43,16,42,0.019783815842105312
component_03,component_56,2,55,0.019754536216488816
component_47,component_02,46,1,0.01974316649896668
component_04,component_22,3,21,0.01967889566394243
component_08,component_01,7,0,0.019658649897674074
component_15,component_12,14,11,0.019645269774327456
component_04,component_20,3,19,0.01962584816085
component_56,component_10,55,9,0.019625070578858317
component_59,component_20,58,19,0.019615273596716776
component_15,component_09,14,8,0.019608659486405777
component_49,component_41,48,40,0.01960117825781582
component_45,component_29,44,28,0.019596309650562915
component_47,component_22,46,21,0.019594577557334958
component_24,component_49,23,48,0.019593641226857805
component_52,component_26,51,25,0.019586997672309092
component_17,component_40,16,39,0.01957628295363545
component_29,component_17,28,16,0.019565769001773425
component_15,component_47,14,46,0.019540282159751676
component_10,component_26,9,25,0.01947784458512425
component_39,component_44,38,43,0.01941001660805064
component_16,component_21,15,20,0.01937536374601212
component_49,component_47,48,46,0.01934184138856887
component_05,component_51,4,50,0.01930618674466711
component_26,component_08,25,7,0.01930068598910184
component_48,component_21,47,20,0.019285626802867384
component_22,component_12,21,11,0.019260521938070596
component_03,component_44,2,43,0.0192540946071591
component_56,component_48,55,47,0.019231412077219456
component_45,component_42,44,41,0.01919134626261476
component_04,component_26,3,25,0.019187421383764836
component_13,component_52,12,51,0.019157730282442387
component_22,component_33,21,32,0.019121314460049277
component_45,component_54,44,53,0.019121133712193927
component_59,component_26,58,25,0.01909677632473361
component_16,component_32,15,31,0.019049061261517508
component_16,component_06,15,5,0.01901225669838169
component_14,component_51,13,50,0.01900278283937551
component_17,component_38,16,37,0.018980454019380755
component_23,component_46,22,45,0.01896692547756551
component_03,component_36,2,35,0.018962783052714816
component_44,component_37,43,36,0.018932151032915456
component_58,component_01,57,0,0.018887273476142497
component_01,component_12,0,11,0.018868577296302202
component_36,component_59,35,58,0.018857622211971403
component_06,component_49,5,48,0.018836473001101695
component_02,component_34,1,33,0.018813001987233235
component_30,component_37,29,36,0.018811181464020166
component_12,component_17,11,16,0.018800773053570197
component_13,component_51,12,50,0.018786814954036668
component_02,component_53,1,52,0.018751072379295408
component_27,component_17,26,16,0.01874858630099796
component_09,component_16,8,15,0.018739902204617742
component_56,component_20,55,19,0.01871214976706126
component_53,component_01,52,0,0.018701049978151918
component_31,component_40,30,39,0.018694612529751797
component_59,component_44,58,43,0.018653404532327666
component_32,component_14,31,13,0.018649474992829873
component_55,component_51,54,50,0.018522892384092327
component_42,component_08,41,7,0.018496308740848733
component_25,component_56,24,55,0.018489754078621523
component_04,component_23,3,22,0.018487537784460883
component_47,component_10,46,9,0.018475391975095956
component_29,component_60,28,59,0.018456648886039595
component_43,component_60,42,59,0.01845057434556674
component_45,component_59,44,58,0.018416905310802534
component_50,component_01,49,0,0.018358734523518994
component_24,component_15,23,14,0.018348213931314916
component_54,component_27,53,26,0.018341522959020473
component_08,component_09,7,8,0.01831697288220724
component_11,component_25,10,24,0.01831485823973189
component_37,component_20,36,19,0.01830420149734957
component_39,component_23,38,22,0.018297477475258894
component_44,component_20,43,19,0.018232956361414754
component_19,component_40,18,39,0.018226931327519402
component_11,component_15,10,14,0.018221441810014838
component_53,component_48,52,47,0.018210115978658514
component_26,component_22,25,21,0.018203677235230753
component_08,component_37,7,36,0.01820025840875994
component_25,component_16,24,15,0.01819627625076814
component_01,component_59,0,58,0.018171346760106566
component_20,component_37,19,36,0.018167633217865298
component_49,component_27,48,26,0.018147278899699693
component_26,component_25,25,24,0.018133835561954914
component_58,component_57,57,56,0.01812678640688281
component_38,component_47,37,46,0.018125709949032398
component_44,component_08,43,7,0.01812413961034709
component_21,component_39,20,38,0.018122561819617466
component_19,component_43,18,42,0.018112060599499102
component_05,component_49,4,48,0.018104002850687806
component_56,component_46,55,45,0.01808189439293484
component_21,component_24,20,23,0.018054184371009807
component_26,component_32,25,31,0.018036001091148002
component_55,component_39,54,38,0.018029534581575746
component_39,component_49,38,48,0.018019027819051736
component_26,component_57,25,56,0.01797610680192463
component_58,component_22,57,21,0.017974064856516314
component_28,component_49,27,48,0.017944319041604206
component_51,component_31,50,30,0.017938928702643686
component_19,component_06,18,5,0.01793035106532681
component_11,component_35,10,34,0.017909105696208183
component_04,component_07,3,6,0.017892479800933003
component_49,component_26,48,25,0.017892373160345088
component_21,component_18,20,17,0.017885493279564457
component_36,component_18,35,17,0.01787716422710428
component_42,component_44,41,43,0.017825347196842145
component_19,component_37,18,36,0.01776226658406843
component_45,component_23,44,22,0.01774784205752411
component_04,component_18,3,17,0.01772820672667308
component_38,component_04,37,3,0.017707045208352756
component_04,component_12,3,11,0.0177059974183722
component_24,component_56,23,55,0.017686724365031825
component_58,component_56,57,55,0.017676668175194088
component_38,component_28,37,27,0.017575948661381346
component_56,component_35,55,34,0.017569211609520075
component_19,component_22,18,21,0.01754706334129086
component_54,component_08,53,7,0.017545442909757458
component_28,component_59,27,58,0.01753047187813017
component_10,component_30,9,29,0.017499113175520442
component_21,component_13,20,12,0.017493025373720883
component_29,component_43,28,42,0.01749061654343631
component_54,component_59,53,58,0.017439101493883946
component_15,component_25,14,24,0.017388180117571927
component_01,component_39,0,38,0.017384293958258468
component_44,component_29,43,28,0.017365048438051645
component_43,component_59,42,58,0.017363580861685435
component_09,component_27,8,26,0.017357707421121304
component_26,component_11,25,10,0.017357480718128482
component_15,component_54,14,53,0.01735056860582951
component_39,component_59,38,58,0.01734970173465733
component_26,component_33,25,32,0.01733292738605119
component_05,component_18,4,17,0.017322911767025495
component_45,component_33,44,32,0.01732189054227362
component_30,component_02,29,1,0.01731510272444714
component_54,component_51,53,50,0.017280960766706155
component_12,component_28,11,27,0.017272672146893875
component_11,component_13,10,12,0.017262108018140765
component_08,component_57,7,56,0.017251792942259314
component_25,component_39,24,38,0.017246681563368504
component_14,component_07,13,6,0.0172450231077228
component_09,component_31,8,30,0.017242077448432536
component_02,component_49,1,48,0.0172369043503533
component_56,component_31,55,30,0.017231497004619456
component_01,component_56,0,55,0.017227810632316487
component_36,component_11,35,10,0.017194739858175545
component_24,component_38,23,37,0.01719473892884782
component_40,component_60,39,59,0.01717944203848676
component_57,component_37,56,36,0.017168026436444883
component_25,component_09,24,8,0.017167659968115423
component_46,component_56,45,55,0.017147940857883626
component_15,component_56,14,55,0.017145341370740308
component_25,component_47,24,46,0.0171445342244696
component_58,component_03,57,2,0.01712740843566518
component_03,component_08,2,7,0.017121259449352166
component_44,component_30,43,29,0.017095899651571766
component_04,component_36,3,35,0.01708232421953859
component_58,component_07,57,6,0.017059526788625767
component_38,component_34,37,33,0.017059287321911754
component_50,component_11,49,10,0.017038006136938844
component_08,component_14,7,13,0.017017150414918802
component_25,component_24,24,23,0.01700886081006958
component_01,component_49,0,48,0.01700327329562734
component_23,component_04,22,3,0.016993510920396915
component_47,component_05,46,4,0.0169926015280506
component_56,component_60,55,59,0.01698902657542689
component_34,component_10,33,9,0.016976187872431936
component_36,component_35,35,34,0.01696035824475306
component_03,component_31,2,30,0.01695659210520839
component_09,component_57,8,56,0.016954274314691098
component_15,component_08,14,7,0.016906731003111464
component_42,component_54,41,53,0.016896515397170297
component_17,component_29,16,28,0.016881718829633297
component_46,component_16,45,15,0.016868874151920288
component_57,component_45,56,44,0.016850037532216255
component_28,component_24,27,23,0.016831182046743276
component_10,component_60,9,59,0.016819491964972233
component_37,component_51,36,50,0.0168149337957475
component_44,component_35,43,34,0.016806860371044063
component_51,component_44,50,43,0.01679104890077454
component_40,component_27,39,26,0.016778163505827948
component_32,component_43,31,42,0.016766287568167115
component_23,component_47,22,46,0.016748844996059553
component_11,component_10,10,9,0.016746004893837707
component_09,component_22,8,21,0.016734212807814064
component_09,component_15,8,14,0.01672817578131891
component_47,component_25,46,24,0.016718284776811032
component_30,component_07,29,6,0.01670391468542398
component_23,component_25,22,24,0.016698449249255454
component_22,component_20,21,19,0.016695670270875596
component_13,component_36,12,35,0.016688902700365382
component_10,component_14,9,13,0.016684240029369413
component_35,component_47,34,46,0.01668186189588461
component_07,component_26,6,25,0.01666704042059397
component_28,component_41,27,40,0.016665872982139618
component_54,component_38,53,37,0.016646627701881744
component_47,component_16,46,15,0.016602140651958308
component_52,component_50,51,49,0.016590994490413458
component_02,component_23,1,22,0.01657175920269438
component_25,component_52,24,51,0.01656912211273065
component_34,component_52,33,51,0.016567039339730805
component_03,component_38,2,37,0.016551666768451323
component_26,component_48,25,47,0.01650031102403471
component_53,component_52,52,51,0.016485870724455065
component_06,component_10,5,9,0.016467974449398515
component_17,component_52,16,51,0.016459645268315448
component_23,component_18,22,17,0.01642790745270517
component_11,component_21,10,20,0.016411128171146316
component_60,component_16,59,15,0.016397987349350274
component_52,component_42,51,41,0.01633830591871943
component_25,component_54,24,53,0.016335688425422212
component_12,component_35,11,34,0.01632811734619022
component_08,component_43,7,42,0.0163176083119021
component_05,component_48,4,47,0.016317127114091612
component_06,component_01,5,0,0.01631330237987605
component_05,component_52,4,51,0.016311408719191345
component_13,component_12,12,11,0.01630945803757644
component_30,component_55,29,54,0.016301004439839506
component_58,component_34,57,33,0.016296188417766366
component_53,component_35,52,34,0.01627492270103037
component_26,component_40,25,39,0.01627111650118307
component_05,component_10,4,9,0.016258043574753245
component_05,component_13,4,12,0.016252272205552476
component_54,component_20,53,19,0.01625168044928582
component_31,component_20,30,19,0.016247359185479482
component_14,component_59,13,58,0.016244863084466488
component_07,component_29,6,28,0.016237097994854288
component_18,component_59,17,58,0.016232708845189237
component_15,component_35,14,34,0.01622813291917602
component_28,component_08,27,7,0.01621206131222852
component_30,component_06,29,5,0.016210127609371572
component_56,component_28,55,27,0.016162711655552275
component_29,component_58,28,57,0.016144749978009187
component_57,component_32,56,31,0.01612290546465367
component_07,component_55,6,54,0.016110831584950525
component_35,component_39,34,38,0.016104563773079672
component_13,component_40,12,39,0.016080028025063253
component_39,component_60,38,59,0.016076457392713905
component_57,component_25,56,24,0.016062089989246076
component_47,component_39,46,38,0.016061883974410218
component_57,component_30,56,29,0.016040638649216454
component_52,component_33,51,32,0.015992390428410275
component_24,component_09,23,8,0.015989247817197683
component_17,component_42,16,41,0.015986942155799433
component_56,component_03,55,2,0.015974006301025856
component_43,component_28,42,27,0.01596840674844202
component_29,component_20,28,19,0.01594950275530138
component_31,component_59,30,58,0.015948988956470345
component_24,component_39,23,38,0.015934333889217278
component_37,component_53,36,52,0.01592831641216641
component_19,component_18,18,17,0.015925426177594737
component_50,component_18,49,17,0.01592361119840735
component_55,component_31,54,30,0.015923507993612418
component_27,component_59,26,58,0.01592095406062155
component_33,component_52,32,51,0.015918209995236854
component_55,component_22,54,21,0.01591595156108827
component_55,component_10,54,9,0.01591497277343823
component_36,component_47,35,46,0.015903567470036073
component_21,component_27,20,26,0.015888455372644827
component_12,component_10,11,9,0.015869551724069897
component_13,component_19,12,18,0.01586290593653983
component_19,component_03,18,2,0.015848395030400475
component_31,component_48,30,47,0.015841033158791262
component_42,component_02,41,1,0.015836827505441686
component_08,component_34,7,33,0.01582418287024767
component_37,component_27,36,26,0.01582160759453588
component_35,component_02,34,1,0.01581046786789786
component_04,component_15,3,14,0.015808590095653052
component_30,component_14,29,13,0.015748301850744273
component_56,component_51,55,50,0.01573177812885973
component_12,component_43,11,42,0.015729416556693465
component_01,component_09,0,8,0.01572045092319385
component_49,component_32,48,31,0.015716501966256846
component_33,component_25,32,24,0.015707811812217365
component_32,component_12,31,11,0.015677523244945313
component_41,component_55,40,54,0.015670576741517728
component_54,component_55,53,54,0.015668882308045085
component_16,component_27,15,26,0.015660112065592813
component_36,component_42,35,41,0.015655839942690264
component_54,component_43,53,42,0.015654302582020385
component_32,component_36,31,35,0.015651950198479092
component_58,component_02,57,1,0.01564592007433596
component_13,component_59,12,58,0.015603796898142619
component_06,component_55,5,54,0.015597899622420641
component_55,component_52,54,51,0.01559272909725129
component_24,component_51,23,50,0.015583213447914801
component_31,component_19,30,18,0.015574280039345467
component_50,component_13,49,12,0.015570212043745535
component_23,component_12,22,11,0.015565296976362664
component_15,component_55,14,54,0.015564794781938396
component_42,component_56,41,55,0.01556192954429747
component_07,component_06,6,5,0.015558949849670434
component_20,component_42,19,41,0.0155470268572655
component_17,component_08,16,7,0.015535801013963457
component_43,component_10,42,9,0.015495131709451826
component_13,component_43,12,42,0.015484213625792442
component_15,component_11,14,10,0.015467281701288194
component_42,component_22,41,21,0.015453869126286435
component_50,component_57,49,56,0.015444051582014673
component_45,component_52,44,51,0.015440724782208815
component_48,component_51,47,50,0.015427010664232466
component_30,component_17,29,16,0.015421656202232903
component_36,component_19,35,18,0.015419001688169232
component_25,component_04,24,3,0.015410838738090682
component_39,component_45,38,44,0.015403394834563322
component_08,component_02,7,1,0.015402624347374605
component_46,component_40,45,39,0.015395786625397534
component_37,component_32,36,31,0.015377801905410937
component_05,component_33,4,32,0.015363964311970957
component_51,component_25,50,24,0.015359076647566638
component_29,component_02,28,1,0.015336816367416795
component_02,component_06,1,5,0.015332233681746743
component_09,component_32,8,31,0.015329955795004402
component_13,component_31,12,30,0.015314077281439964
component_27,component_32,26,31,0.015311193548468438
component_39,component_36,38,35,0.015306171928205714
component_50,component_31,49,30,0.01529644287431342
component_32,component_17,31,16,0.015295624032420463
component_06,component_02,5,1,0.015290549373002893
component_53,component_21,52,20,0.015266808031376478
component_31,component_55,30,54,0.015254843803120366
component_34,component_15,33,14,0.015243705140650654
component_03,component_01,2,0,0.015242228280914816
component_32,component_02,31,1,0.015242032392898786
component_48,component_03,47,2,0.015239614932724521
component_13,component_49,12,48,0.015229932186588968
component_12,component_39,11,38,0.015225401475290834
component_31,component_08,30,7,0.01522444727114225
component_51,component_15,50,14,0.015221901969412421
component_17,component_24,16,23,0.015221693893836097
component_17,component_05,16,4,0.015215261623446885
component_03,component_58,2,57,0.0152133197890576
component_14,component_44,13,43,0.015203176227013948
component_44,component_28,43,27,0.015198197669903823
component_19,component_50,18,49,0.015189025425904834
component_06,component_40,5,39,0.01517663343611897
component_26,component_39,25,38,0.015176401530524686
component_60,component_18,59,17,0.01517179699084803
component_60,component_55,59,54,0.015156401173809897
component_16,component_37,15,36,0.015137081465183666
component_53,component_29,52,28,0.015129145115783782
component_35,component_19,34,18,0.01512576141606825
component_13,component_46,12,45,0.015119989195674144
component_38,component_58,37,57,0.01509124991532751
component_40,component_46,39,45,0.015081129317235042
component_28,component_29,27,28,0.015069465911398794
component_37,component_05,36,4,0.015055673646745316
component_48,component_43,47,42,0.015048912196435893
component_21,component_07,20,6,0.015045505294262629
component_55,component_08,54,7,0.01504349113985537
component_36,component_43,35,42,0.015034888196648666
component_03,component_49,2,48,0.015012901855986804
component_06,component_26,5,25,0.014987774855845792
component_49,component_54,48,53,0.014982168071514312
component_01,component_24,0,23,0.014982131587640612
component_40,component_50,39,49,0.01496816703108994
component_25,component_27,24,26,0.014967986254561971
component_17,component_34,16,33,0.014948377647554523
component_09,component_41,8,40,0.014947012848168129
component_46,component_51,45,50,0.014943651505366695
component_57,component_52,56,51,0.01494110960063999
component_25,component_40,24,39,0.01492533099705362
component_60,component_40,59,39,0.014923950635946426
component_13,component_34,12,33,0.0149228754289501
component_14,component_29,13,28,0.01491323377355469
component_38,component_02,37,1,0.01491192145623721
component_17,component_57,16,56,0.014891604266152214
component_29,component_14,28,13,0.014879434921737822
component_44,component_60,43,59,0.014878462886507737
component_08,component_07,7,6,0.01487248526781304
component_28,component_44,27,43,0.014871062379905098
component_14,component_37,13,36,0.014854696817562463
component_18,component_27,17,26,0.014843639076566717
component_17,component_28,16,27,0.014838316044420097
component_35,component_38,34,37,0.01483741878215028
component_26,component_17,25,16,0.014812415569497528
component_38,component_43,37,42,0.014784640994177423
component_26,component_31,25,30,0.01478334706932527
component_27,component_28,26,27,0.014777233420106395
component_18,component_53,17,52,0.014764759666070049
component_05,component_39,4,38,0.014754366602821811
component_41,component_54,40,53,0.01474649178991072
component_48,component_52,47,51,0.014721442206885094
component_20,component_30,19,29,0.014706889961501712
component_11,component_46,10,45,0.0146976212129184
component_27,component_52,26,51,0.01469520614077613
component_47,component_60,46,59,0.014690103488252504
component_20,component_60,19,59,0.014682937821648867
component_02,component_56,1,55,0.014670185834892102
component_26,component_16,25,15,0.014666022325601435
component_05,component_07,4,6,0.01465481018684578
component_60,component_21,59,20,0.014651662904900942
component_45,component_28,44,27,0.01464568298973834
component_57,component_20,56,19,0.0146370216402687
component_38,component_59,37,58,0.014632666201749966
component_22,component_15,21,14,0.01462937336600234
component_36,component_30,35,29,0.014625313768106718
component_28,component_48,27,47,0.014624389798332693
component_40,component_58,39,57,0.014621059809781123
component_33,component_56,32,55,0.014618371001253738
component_32,component_49,31,48,0.01461669183373715
component_36,component_50,35,49,0.01461582469051681
component_23,component_49,22,48,0.014609325129919526
component_44,component_57,43,56,0.014599493257812846
component_27,component_20,26,19,0.014574499641843541
component_06,component_60,5,59,0.014572486461639222
component_38,component_29,37,28,0.01457069623315288
component_21,component_59,20,58,0.01456758488654053
component_36,component_33,35,32,0.014556146183061003
component_05,component_08,4,7,0.014555839413599614
component_24,component_14,23,13,0.01455454226018471
component_16,component_28,15,27,0.014536347299002106
component_06,component_28,5,27,0.014524337897499962
component_21,component_40,20,39,0.014524334631778046
component_59,component_19,58,18,0.014518803584432582
component_09,component_07,8,6,0.014518125873608678
component_56,component_59,55,58,0.014481087516692526
component_57,component_47,56,46,0.014473650693095141
component_37,component_33,36,32,0.014465189912429288
component_56,component_01,55,0,0.014459612187340376
component_59,component_42,58,41,0.014453134421731129
component_16,component_38,15,37,0.014451700987969218
component_51,component_23,50,22,0.01443790543563983
component_08,component_21,7,20,0.014437580415852747
component_17,component_59,16,58,0.01442728901698409
component_37,component_58,36,57,0.014421494379336153
component_27,component_51,26,50,0.014419043470561554
component_01,component_25,0,24,0.014414714201486323
component_48,component_07,47,6,0.014397001842499701
component_09,component_01,8,0,0.014377697788213961
component_46,component_54,45,53,0.014375385925455397
component_59,component_47,58,46,0.014367981200976043
component_37,component_42,36,41,0.014366987039321266
component_12,component_55,11,54,0.014351679637191417
component_52,component_48,51,47,0.01435120492948716
component_50,component_03,49,2,0.014336050410541201
component_38,component_27,37,26,0.014333610498185934
component_28,component_11,27,10,0.01432088120266517
component_37,component_13,36,12,0.01431577976106313
component_22,component_37,21,36,0.014307119802806856
component_20,component_46,19,45,0.01430415747383007
component_33,component_08,32,7,0.014288412755118607
component_44,component_01,43,0,0.014279396010423717
component_35,component_58,34,57,0.014279268257889832
component_01,component_21,0,20,0.014272099616901457
component_06,component_12,5,11,0.014262886783044326
component_11,component_52,10,51,0.014262749745539427
component_05,component_44,4,43,0.014261366249923135
component_44,component_09,43,8,0.014254610042124138
component_25,component_32,24,31,0.014246492341290384
component_38,component_10,37,9,0.014235211514587398
component_25,component_35,24,34,0.014234783502539372
component_29,component_04,28,3,0.014218971461759544
component_45,component_57,44,56,0.014216584490542417
component_17,component_47,16,46,0.014211125191256002
component_56,component_22,55,21,0.014209841718513694
component_15,component_43,14,42,0.014197951104583773
component_31,component_34,30,33,0.014193797789192608
component_50,component_05,49,4,0.014192612033403051
component_50,component_34,49,33,0.014191090235277759
component_03,component_13,2,12,0.014186782270636744
component_47,component_52,46,51,0.014181891586394713
component_26,component_55,25,54,0.01417502435143847
component_24,component_05,23,4,0.014174183755969683
component_47,component_27,46,26,0.014164203898565653
component_42,component_15,41,14,0.014162143948643902
component_54,component_09,53,8,0.014160863576140326
component_49,component_43,48,42,0.014136330608553571
component_42,component_55,41,54,0.014133420766746951
component_30,component_03,29,2,0.014130907858000974
component_43,component_47,42,46,0.01412907778343353
component_60,component_33,59,32,0.014122775648914399
component_46,component_39,45,38,0.014114273658497378
component_11,component_20,10,19,0.014104627545328263
component_46,component_07,45,6,0.01410287911188668
component_40,component_37,39,36,0.01409136247611631
component_59,component_06,58,5,0.014087707376975622
component_52,component_43,51,42,0.014082294028511466
component_42,component_40,41,39,0.014081580212170763
component_43,component_30,42,29,0.014081052806623084
component_45,component_22,44,21,0.01408102801877753
component_44,component_11,43,10,0.014079278660143135
component_35,component_45,34,44,0.014078641224333666
component_57,component_27,56,26,0.014078424743997342
component_51,component_47,50,46,0.014073828586355752
component_60,component_28,59,27,0.014069840105301878
component_38,component_18,37,17,0.014069545066186961
component_20,component_53,19,52,0.014067441777624978
component_43,component_34,42,33,0.01406388338559017
component_11,component_53,10,52,0.014061819825594846
component_08,component_38,7,37,0.014058928424553585
component_59,component_50,58,49,0.014049398329051943
component_53,component_60,52,59,0.014048181533715454
component_19,component_04,18,3,0.0140446202044604
component_15,component_33,14,32,0.01402975058764211
component_03,component_46,2,45,0.01401798889883299
component_45,component_18,44,17,0.01401726646022805
component_49,component_38,48,37,0.014007126532988412
component_19,component_52,18,51,0.014004209763962105
component_40,component_41,39,40,0.013995183431828373
component_38,component_54,37,53,0.01399098163024437
component_47,component_18,46,17,0.013972566369726103
component_12,component_08,11,7,0.01396626476844176
component_51,component_37,50,36,0.013965669346977627
component_37,component_02,36,1,0.013965547118750532
component_16,component_12,15,11,0.013948396866973134
component_59,component_18,58,17,0.013946275337855418
component_05,component_42,4,41,0.01394546319561707
component_38,component_21,37,20,0.013943344438247074
component_20,component_27,19,26,0.01394200428032688
component_23,component_28,22,27,0.013940626892900543
component_29,component_19,28,18,0.013927234994310922
component_59,component_33,58,32,0.01392308660594388
component_22,component_19,21,18,0.013922605681670142
component_54,component_46,53,45,0.01390529580831057
component_18,component_17,17,16,0.013896871554259338
component_56,component_43,55,42,0.01388703797240698
component_27,component_04,26,3,0.013862711189643662
component_22,component_17,21,16,0.013859030322548538
component_04,component_31,3,30,0.013854901031010503
component_18,component_57,17,56,0.01384666388020328
component_60,component_10,59,9,0.013836022274895221
component_48,component_25,47,24,0.013835272052181047
component_02,component_25,1,24,0.013834492660037778
component_10,component_24,9,23,0.013833030583467298
component_42,component_04,41,3,0.013818040227062678
component_49,component_59,48,58,0.013812455545068048
component_04,component_05,3,4,0.013810203781391639
component_54,component_42,53,41,0.013803626927518131
component_58,component_11,57,10,0.01377678597254528
component_60,component_32,59,31,0.013770770774238272
component_01,component_52,0,51,0.01376994435989598
component_19,component_41,18,40,0.013766482054126339
component_13,component_23,12,22,0.01375690439792443
component_16,component_09,15,8,0.01374252318955893
component_39,component_34,38,33,0.013736629201280603
component_49,component_46,48,45,0.013735205848977916
component_50,component_60,49,59,0.013728997331820647
component_52,component_13,51,12,0.013715100445546025
component_09,component_60,8,59,0.01371446658162423
component_13,component_06,12,5,0.013706072608504094
component_45,component_27,44,26,0.013705100825991856
component_44,component_45,43,44,0.013703787038056081
component_59,component_52,58,51,0.013692093584830367
component_01,component_43,0,42,0.013688409339527752
component_57,component_51,56,50,0.013685117447781892
component_19,component_38,18,37,0.01368270870700572
component_47,component_01,46,0,0.013664404124642537
component_46,component_04,45,3,0.013660821927852673
component_31,component_42,30,41,0.013656069023574524
component_20,component_24,19,23,0.013655638794401348
component_03,component_54,2,53,0.013649314702480098
component_37,component_15,36,14,0.013648152589060825
component_03,component_18,2,17,0.013640836966213765
component_49,component_39,48,38,0.013640137985175826
component_02,component_15,1,14,0.013629079085646367
component_38,component_20,37,19,0.013625592625371219
component_48,component_16,47,15,0.013607852257146114
component_07,component_46,6,45,0.01360717378755183
component_17,component_54,16,53,0.013606760705385135
component_41,component_02,40,1,0.013605280296057565
component_28,component_17,27,16,0.013598827571838612
component_08,component_39,7,38,0.013589724000730996
component_29,component_25,28,24,0.01358488639802502
component_03,component_51,2,50,0.013569338348908833
component_12,component_18,11,17,0.013558731870566998
component_47,component_24,46,23,0.013528693827875138
component_51,component_46,50,45,0.013522152622628347
component_39,component_28,38,27,0.013517616119805176
component_29,component_11,28,10,0.013504149391966536
component_23,component_07,22,6,0.013502845897627402
component_56,component_16,55,15,0.01349722839476275
component_10,component_50,9,49,0.013496330613052443
component_20,component_51,19,50,0.013483531106601276
component_37,component_31,36,30,0.01348016800765972
component_11,component_02,10,1,0.013478819261976582
component_32,component_06,31,5,0.013475583342238195
component_37,component_18,36,17,0.013464365917045917
component_07,component_30,6,29,0.013463802797947455
component_59,component_08,58,7,0.01346061058527015
component_37,component_60,36,59,0.013451760657464007
component_41,component_26,40,25,0.013449838941068215
component_39,component_16,38,15,0.013437229791111172
component_05,component_37,4,36,0.013427532824706212
component_11,component_40,10,39,0.013421892752640385
component_18,component_05,17,4,0.013411556983297324
component_36,component_10,35,9,0.013410343058704477
component_05,component_56,4,55,0.013396769194886637
component_22,component_08,21,7,0.013395386904455187
component_57,component_42,56,41,0.013390987098174545
component_13,component_27,12,26,0.013388342637691952
component_06,component_30,5,29,0.013384211726185313
component_16,component_14,15,13,0.013370559208341959
component_14,component_54,13,53,0.013360316206980638
component_14,component_09,13,8,0.01335718213092374
component_25,component_55,24,54,0.013352184729607863
component_28,component_40,27,39,0.013352178119514502
component_04,component_29,3,28,0.013351319238968262
component_50,component_17,49,16,0.013351019546512521
component_18,component_55,17,54,0.013341426659379874
component_47,component_06,46,5,0.013338231929362898
component_34,component_22,33,21,0.013310181232486062
component_30,component_42,29,41,0.013300636215082928
component_31,component_32,30,31,0.013298469709067895
component_30,component_23,29,22,0.013290860589180387
component_29,component_49,28,48,0.013288903284201403
component_12,component_47,11,46,0.013282228108072225
component_27,component_14,26,13,0.013275602082643445
component_56,component_18,55,17,0.013273115908727817
component_40,component_28,39,27,0.0132719636741494
component_44,component_39,43,38,0.013263954718710558
component_08,component_16,7,15,0.013262919613473478
component_01,component_47,0,46,0.013260016329187607
component_27,component_35,26,34,0.013259236862434687
component_54,component_16,53,15,0.013256190007542745
component_19,component_27,18,26,0.013255882512322792
component_57,component_59,56,58,0.013253603655241974
component_21,component_12,20,11,0.013213455641134964
component_02,component_03,1,2,0.013207693087506023
component_11,component_23,10,22,0.013201111564705936
component_51,component_20,50,19,0.01319684119139053
component_13,component_11,12,10,0.013196471548852173
component_01,component_07,0,6,0.013188748361942615
component_53,component_47,52,46,0.01318291059388077
component_15,component_16,14,15,0.013172459317202012
component_31,component_22,30,21,0.013168360540829038
component_27,component_54,26,53,0.01316232271258011
component_51,component_58,50,57,0.013157140217688656
component_48,component_19,47,18,0.01315675814037709
component_54,component_01,53,0,0.013143105747500439
component_23,component_44,22,43,0.01314030616819295
component_01,component_44,0,43,0.013134911703821306
component_17,component_16,16,15,0.01313467465871021
component_15,component_06,14,5,0.013132538197563548
component_43,component_35,42,34,0.013127371355561746
component_53,component_42,52,41,0.013121221950693762
component_06,component_34,5,33,0.013119238916162512
component_03,component_10,2,9,0.013116954664964986
component_35,component_33,34,32,0.0131131841794625
component_52,component_58,51,57,0.013106581366759684
component_55,component_26,54,25,0.01310575646564427
component_07,component_31,6,30,0.01310404815254218
component_02,component_21,1,20,0.0130891472698913
component_04,component_09,3,8,0.013073344349372018
component_15,component_13,14,12,0.013072921246696012
component_26,component_30,25,29,0.013066543509213435
component_60,component_05,59,4,0.013057106731701129
component_38,component_41,37,40,0.013048948713399344
component_16,component_03,15,2,0.013048155910562187
component_12,component_06,11,5,0.01304715377554544
component_07,component_42,6,41,0.013045632126632789
component_22,component_39,21,38,0.013045615602847338
component_60,component_20,59,19,0.013043186271307405
component_50,component_12,49,11,0.013038515226897918
component_34,component_53,33,52,0.01303707694980405
component_05,component_46,4,45,0.013036397276017908
component_35,component_37,34,36,0.013034909546553397
component_38,component_13,37,12,0.013033052236038678
component_42,component_39,41,38,0.013031650464873312
component_54,component_33,53,32,0.013026069177579203
component_10,component_51,9,50,0.013025009647940067
component_10,component_29,9,28,0.013019172040451998
component_25,component_06,24,5,0.013018402483900182
component_55,component_27,54,26,0.013014225663168677
component_35,component_16,34,15,0.013010726916535376
component_45,component_21,44,20,0.013008231349963317
component_31,component_50,30,49,0.013006961085110014
component_43,component_37,42,36,0.013000932916188646
component_59,component_28,58,27,0.012998283633856467
component_56,component_50,55,49,0.012995273677121943
component_55,component_41,54,40,0.012993280207097335
component_07,component_40,6,39,0.012992868524829504
component_15,component_18,14,17,0.01298190024630852
component_38,component_16,37,15,0.012973950314913552
component_21,component_33,20,32,0.012973887942370865
component_08,component_13,7,12,0.012965273894255613
component_26,component_51,25,50,0.012963734046671505
component_34,component_51,33,50,0.012963217278297634
component_19,component_39,18,38,0.012949726606521494
component_05,component_50,4,49,0.01294148821218899
component_47,component_44,46,43,0.012936962687259967
component_06,component_21,5,20,0.012933813919232318
component_33,component_16,32,15,0.012933321341723314
component_30,component_24,29,23,0.012932371051933345
component_21,component_48,20,47,0.01292835779721413
component_55,component_54,54,53,0.012925822895072159
component_44,component_18,43,17,0.012921695127040778
component_50,component_06,49,5,0.012915503586381494
component_46,component_18,45,17,0.012910700886264337
component_31,component_09,30,8,0.012909996535460433
component_23,component_08,22,7,0.01290760849790118
component_03,component_16,2,15,0.012906159316216304
component_56,component_07,55,6,0.012903316187770297
component_06,component_18,5,17,0.012890113632756162
component_25,component_41,24,40,0.01287523561146875
component_14,component_05,13,4,0.012875178424836875
component_36,component_15,35,14,0.012873799742353143
component_54,component_30,53,29,0.01287006759605891
component_33,component_07,32,6,0.012868964059949306
component_56,component_34,55,33,0.012866687194829307
component_02,component_36,1,35,0.01286038265848255
component_48,component_47,47,46,0.012856757943020103
component_60,component_37,59,36,0.012856458282945571
component_36,component_02,35,1,0.012855594060661613
component_06,component_54,5,53,0.01285199825828709
component_20,component_43,19,42,0.012850185462534913
component_36,component_14,35,13,0.012848438312304644
component_44,component_24,43,23,0.012838585218936771
component_15,component_58,14,57,0.012832474624479673
component_19,component_15,18,14,0.012825365658781784
component_15,component_38,14,37,0.012813035313028909
component_20,component_35,19,34,0.01281114192772037
component_58,component_54,57,53,0.012808288355518727
component_27,component_50,26,49,0.012803005335137563
component_60,component_45,59,44,0.012783550218205875
component_05,component_22,4,21,0.012782193996050406
component_12,component_53,11,52,0.012778632409469637
component_54,component_03,53,2,0.012765862803080452
component_18,component_33,17,32,0.012750816849167013
component_51,component_52,50,51,0.012742216106186088
component_44,component_16,43,15,0.012737088247597228
component_56,component_52,55,51,0.012734394431984875
component_54,component_15,53,14,0.012732440298981906
component_44,component_46,43,45,0.012731228613477086
component_40,component_43,39,42,0.012730620373888168
component_53,component_43,52,42,0.012730346494788769
component_19,component_05,18,4,0.012726780361987267
component_23,component_54,22,53,0.012724686600059432
component_03,component_02,2,1,0.012722365381161005
component_33,component_26,32,25,0.012719198292772127
component_59,component_56,58,55,0.012717198274162733
component_28,component_35,27,34,0.012697631780071106
component_53,component_17,52,16,0.012694425975024792
component_32,component_44,31,43,0.012686330878091123
component_27,component_21,26,20,0.012673982563399466
component_40,component_17,39,16,0.012673187529540275
component_30,component_56,29,55,0.012671845619208089
component_42,component_26,41,25,0.012662663314197076
component_01,component_51,0,50,0.012661440485347342
component_60,component_12,59,11,0.012648571812882814
component_18,component_10,17,9,0.012647947468436449
component_14,component_02,13,1,0.01264445062351438
component_09,component_33,8,32,0.012639441409175944
component_46,component_02,45,1,0.01263450730446003
component_15,component_22,14,21,0.012630672846986712
component_49,component_44,48,43,0.012624079582268521
component_14,component_48,13,47,0.012619900644026849
component_10,component_53,9,52,0.012614445261804441
component_07,component_01,6,0,0.012602889811156093
component_55,component_34,54,33,0.012598952028297639
component_49,component_35,48,34,0.012586821101523427
component_04,component_24,3,23,0.01257055045344968
component_53,component_19,52,18,0.01256818943163962
component_54,component_21,53,20,0.012550996994419528
component_49,component_16,48,15,0.012548484713689412
component_16,component_46,15,45,0.012543862213248325
component_42,component_09,41,8,0.012543563938750779
component_04,component_38,3,37,0.012515808629304903
component_48,component_18,47,17,0.012502910033107106
component_08,component_53,7,52,0.012489657902738482
component_18,component_16,17,15,0.012485496232946147
component_45,component_05,44,4,0.012484593043895487
component_39,component_10,38,9,0.012479364806289972
component_12,component_01,11,0,0.012476022403106413
component_04,component_10,3,9,0.012473256358286555
component_48,component_28,47,27,0.012472087592366954
component_56,component_47,55,46,0.012463993253015726
component_30,component_36,29,35,0.012463744283978784
component_07,component_16,6,15,0.012463277254168847
component_33,component_05,32,4,0.012456423965377272
component_35,component_12,34,11,0.012452823847056038
component_22,component_50,21,49,0.012451422376873467
component_16,component_42,15,41,0.012451299983896824
component_12,component_54,11,53,0.012451102293670413
component_58,component_21,57,20,0.012448920349905634
component_21,component_49,20,48,0.012442989282319683
component_57,component_16,56,15,0.012438316496653279
component_54,component_17,53,16,0.012436501351153595
component_08,component_18,7,17,0.012427691014160303
component_51,component_45,50,44,0.012423946931567453
component_21,component_08,20,7,0.012422383591006003
component_41,component_10,40,9,0.012416533108449368
component_43,component_40,42,39,0.01240844029380872
component_08,component_15,7,14,0.012408076528695577
component_10,component_59,9,58,0.012394176261636858
component_41,component_13,40,12,0.01239129833694097
component_22,component_45,21,44,0.01238975747845572
component_14,component_21,13,20,0.012377355578002458
component_35,component_40,34,39,0.012369670155312651
component_46,component_45,45,44,0.01236763030649124
component_24,component_59,23,58,0.012355769356843904
component_58,component_50,57,49,0.012353609908226204
component_04,component_34,3,33,0.012344986020577764
component_52,component_11,51,10,0.012344628845589956
component_18,component_21,17,20,0.012341802151796255
component_39,component_18,38,17,0.012338442675095873
component_46,component_27,45,26,0.01233537527459827
component_48,component_23,47,22,0.01233174096091183
component_23,component_22,22,21,0.012328310287422983
component_58,component_09,57,8,0.012326588662922244
component_57,component_26,56,25,0.012325329071203761
component_20,component_52,19,51,0.012321844861778342
component_05,component_29,4,28,0.012321677532991515
component_32,component_47,31,46,0.012320785833229486
component_09,component_40,8,39,0.012318606174174462
component_11,component_60,10,59,0.01231574643993305
component_46,component_22,45,21,0.012305699924129332
component_06,component_29,5,28,0.012304550044989426
component_50,component_45,49,44,0.01230249236708536
component_45,component_14,44,13,0.012300706518361793
component_60,component_44,59,43,0.012296723462331016
component_14,component_28,13,27,0.01229514575885915
component_08,component_26,7,25,0.012287535091763058
component_20,component_36,19,35,0.012284406605765241
component_42,component_53,41,52,0.012281887096106558
component_41,component_23,40,22,0.012281046473686885
component_27,component_07,26,6,0.012280229389944886
component_46,component_55,45,54,0.012279515034350652
component_48,component_15,47,14,0.012276944254434596
component_52,component_53,51,52,0.012270225107610333
component_27,component_10,26,9,0.01226910280954252
component_01,component_19,0,18,0.012262209636896504
component_34,component_20,33,19,0.012255447679969667
component_23,component_51,22,50,0.012249441077576861
component_11,component_58,10,57,0.012245507086324103
component_32,component_04,31,3,0.012244137639720876
component_46,component_49,45,48,0.012242646391801504
component_03,component_48,2,47,0.012240594201637034
component_03,component_40,2,39,0.012233675081160023
component_44,component_54,43,53,0.012229782436798509
component_59,component_41,58,40,0.012228462226218983
component_07,component_45,6,44,0.01222680380663732
component_20,component_17,19,16,0.012226107294286415
component_52,component_38,51,37,0.012220546219630535
component_60,component_49,59,48,0.012213917457267076
component_20,component_22,19,21,0.012212599377152245
component_53,component_23,52,22,0.01221249868105323
component_37,component_46,36,45,0.012207341933767601
component_34,component_60,33,59,0.012206687799506177
component_37,component_25,36,24,0.012206201968274044
component_25,component_42,24,41,0.012206178655079558
component_16,component_17,15,16,0.012202209338020076
component_23,component_48,22,47,0.012201690524197062
component_40,component_53,39,52,0.012201140721472825
component_33,component_15,32,14,0.012200595023686311
component_48,component_49,47,48,0.01219932440084559
component_05,component_17,4,16,0.012196185499525392
component_39,component_43,38,42,0.01219480406676432
component_53,component_15,52,14,0.01219131154506714
component_22,component_29,21,28,0.012180190038541205
component_32,component_27,31,26,0.012179390252868849
component_12,component_22,11,21,0.012175314326276165
component_05,component_54,4,53,0.012174051412974674
component_51,component_19,50,18,0.012168418738720987
component_08,component_47,7,46,0.01216239544901443
component_28,component_46,27,45,0.01216028911991085
component_03,component_19,2,18,0.012153473675877269
component_07,component_39,6,38,0.012152724508797341
component_57,component_56,56,55,0.01214780102353874
component_45,component_50,44,49,0.0121474032470954
component_27,component_12,26,11,0.0121447359066158
component_41,component_22,40,21,0.012143833029533369
component_22,component_11,21,10,0.012141228658228087
component_51,component_56,50,55,0.012128374250489404
component_20,component_55,19,54,0.01212085746467384
component_44,component_21,43,20,0.012118395611905974
component_23,component_15,22,14,0.012116567504430797
component_46,component_20,45,19,0.0121154974642117
component_20,component_29,19,28,0.012113556833319272
component_35,component_25,34,24,0.012111945887708586
component_24,component_43,23,42,0.012109573623861447
component_17,component_14,16,13,0.012105407061748785
component_60,component_50,59,49,0.012095081595695945
component_59,component_54,58,53,0.012093713438356524
component_48,component_20,47,19,0.01208960700225914
component_36,component_23,35,22,0.012086725838649226
component_23,component_40,22,39,0.012085007113203261
component_44,component_22,43,21,0.01207874026747735
component_22,component_09,21,8,0.012078410816360297
component_43,component_57,42,56,0.012076959407283816
component_09,component_12,8,11,0.012071464067714643
component_15,component_59,14,58,0.01206533528571585
component_53,component_38,52,37,0.012065179153254224
component_47,component_51,46,50,0.012064825923048694
component_59,component_17,58,16,0.012063693358949301
component_43,component_12,42,11,0.012062214273711902
component_26,component_46,25,45,0.01206016072566074
component_49,component_60,48,59,0.01205945250934759
component_43,component_56,42,55,0.01204603512511282
component_15,component_50,14,49,0.01204271344720631
component_19,component_02,18,1,0.012040744474669296
component_16,component_23,15,22,0.012037767218608053
component_06,component_13,5,12,0.012037469995322958
component_17,component_49,16,48,0.012036972527967649
component_11,component_37,10,36,0.012035314763363392
component_48,component_60,47,59,0.012030140975335613
component_23,component_37,22,36,0.012029733108999352
component_48,component_30,47,29,0.012028833864791366
component_06,component_33,5,32,0.012023679988049096
component_26,component_49,25,48,0.012017652787412736
component_16,component_18,15,17,0.012011718904752389
component_38,component_60,37,59,0.012011358538420502
component_36,component_56,35,55,0.01201063110973033
component_53,component_09,52,8,0.012009174039795845
component_10,component_08,9,7,0.012006443995512317
component_56,component_54,55,53,0.01200416533244919
component_06,component_43,5,42,0.011997776538216876
component_32,component_13,31,12,0.011997121218629392
component_01,component_30,0,29,0.011992449042756093
component_23,component_35,22,34,0.011990591658736172
component_04,component_14,3,13,0.011983824420892297
component_04,component_17,3,16,0.011982959607664156
component_07,component_33,6,32,0.011978013918149344
component_40,component_34,39,33,0.011974711652590564
component_16,component_54,15,53,0.01197351993150697
component_29,component_10,28,9,0.011952813111341332
component_08,component_30,7,29,0.011951061493825854
component_15,component_41,14,40,0.011948420986184871
component_29,component_48,28,47,0.01194073786249561
component_48,component_37,47,36,0.01193646571913165
component_04,component_39,3,38,0.011933642884577544
component_09,component_21,8,20,0.011932595509796862
component_36,component_34,35,33,0.01193133432948601
component_21,component_52,20,51,0.011928091887765113
component_50,component_47,49,46,0.011918281320031365
component_53,component_50,52,49,0.01191698518484774
component_46,component_34,45,33,0.011914887208525293
component_28,component_52,27,51,0.011910333801627537
component_11,component_55,10,54,0.011907516322322564
component_50,component_49,49,48,0.011905516208460476
component_48,component_45,47,44,0.011902096525544081
component_21,component_30,20,29,0.011901457702867546
component_40,component_31,39,30,0.011900848457280233
component_47,component_07,46,6,0.011897276317656136
component_23,component_57,22,56,0.011895227220248383
component_12,component_30,11,29,0.011881876768881305
component_22,component_43,21,42,0.011880796100345314
component_57,component_43,56,42,0.011878974645969542
component_03,component_59,2,58,0.011878914073872426
component_37,component_41,36,40,0.011870949815418363
component_11,component_31,10,30,0.011870878830040787
component_39,component_31,38,30,0.011869348457098194
component_24,component_26,23,25,0.011866276927117614
component_13,component_54,12,53,0.011864246224401409
component_10,component_12,9,11,0.011861030983816967
component_50,component_23,49,22,0.011846010160172948
component_41,component_44,40,43,0.011845261919503969
component_49,component_53,48,52,0.011844478085328625
component_37,component_07,36,6,0.011840347105545046
component_51,component_42,50,41,0.01183998619453952
component_58,component_24,57,23,0.011836606832795304
component_13,component_32,12,31,0.011836456258591532
component_37,component_04,36,3,0.011820571025546123
component_18,component_49,17,48,0.011820358901483807
component_32,component_40,31,39,0.011813955900360718
component_42,component_07,41,6,0.011810873656124876
component_04,component_08,3,7,0.011808135064947933
component_50,component_39,49,38,0.011801604529666054
component_54,component_22,53,21,0.011793114945582772
component_27,component_44,26,43,0.011790943381511543
component_06,component_19,5,18,0.011778475639542929
component_04,component_43,3,42,0.01177469152255961
component_09,component_06,8,5,0.011774361450662685
component_57,component_39,56,38,0.011770583062109985
component_02,component_07,1,6,0.011769646559084634
component_18,component_11,17,10,0.011762145708970273
component_02,component_27,1,26,0.011756431972145709
component_31,component_21,30,20,0.011755602090196327
component_58,component_37,57,36,0.011753875185341212
component_22,component_55,21,54,0.011753269706922254
component_07,component_41,6,40,0.011750663772290615
component_20,component_01,19,0,0.011748210109969737
component_47,component_48,46,47,0.0117477761183169
component_16,component_19,15,18,0.01174640235569857
component_46,component_25,45,24,0.011745430267823043
component_08,component_56,7,55,0.011744642521517079
component_53,component_55,52,54,0.01174074338165143
component_37,component_12,36,11,0.011739180622522216
component_10,component_52,9,51,0.011738712713876609
component_25,component_45,24,44,0.01173444851571892
component_38,component_26,37,25,0.011733915365079284
component_41,component_48,40,47,0.011730359443202332
component_14,component_42,13,41,0.011726203020332893
component_30,component_35,29,34,0.01171759592713384
component_38,component_36,37,35,0.011714780695257332
component_31,component_02,30,1,0.011711553186461998
component_52,component_17,51,16,0.011711183833147842
component_44,component_10,43,9,0.01170105561342627
component_20,component_13,19,12,0.011700210587179072
component_09,component_20,8,19,0.011694964511461237
component_30,component_46,29,45,0.011692485991741997
component_19,component_12,18,11,0.011691819902365452
component_57,component_13,56,12,0.011688056285517945
component_32,component_19,31,18,0.011686920584940808
component_53,component_33,52,32,0.011685962985138243
component_31,component_36,30,35,0.011685281504969502
component_44,component_55,43,54,0.011684986914375806
component_49,component_25,48,24,0.011683981186259018
component_43,component_29,42,28,0.011675073167912053
component_36,component_51,35,50,0.011674347234380988
component_14,component_27,13,26,0.011673652804825352
component_50,component_43,49,42,0.01165964470927916
component_30,component_47,29,46,0.011658937559893445
component_54,component_14,53,13,0.011645620427155556
component_32,component_58,31,57,0.0116445474582072
component_32,component_42,31,41,0.011631818527299664
component_29,component_52,28,51,0.011629734877145026
component_20,component_02,19,1,0.011626956400529576
component_16,component_51,15,50,0.011626552160106218
component_17,component_53,16,52,0.011626455716439388
component_46,component_26,45,25,0.011626272283878247
component_37,component_11,36,10,0.011620248879441242
component_50,component_42,49,41,0.011619331957799517
component_10,component_58,9,57,0.011609168339149267
component_28,component_01,27,0,0.011608990623702908
component_35,component_46,34,45,0.011604684545225563
component_55,component_57,54,56,0.011603518826400538
component_46,component_09,45,8,0.011600679646825096
component_20,component_04,19,3,0.0116001156093124
component_39,component_38,38,37,0.011595568530519351
component_03,component_50,2,49,0.011594706615996042
component_06,component_45,5,44,0.01159251126478189
component_14,component_41,13,40,0.01159141238052186
component_52,component_01,51,0,0.011591035164121077
component_53,component_57,52,56,0.011590120533033765
component_27,component_25,26,24,0.011588583888634041
component_50,component_16,49,15,0.011587813754736498
component_22,component_34,21,33,0.01158709209488995
component_43,component_39,42,38,0.01158456648638051
component_34,component_27,33,26,0.011584059262002455
component_43,component_50,42,49,0.011583953435593042
component_54,component_34,53,33,0.011580542461982812
component_38,component_06,37,5,0.011578147945450645
component_04,component_51,3,50,0.011569397558573336
component_11,component_33,10,32,0.011568383353573353
component_06,component_57,5,56,0.011564710629373032
component_07,component_32,6,31,0.011564400111658824
component_41,component_59,40,58,0.011564307443320487
component_02,component_26,1,25,0.011561639148193859
component_28,component_10,27,9,0.011560237082891778
component_43,component_02,42,1,0.011553771181257222
component_15,component_30,14,29,0.011549510918477779
component_40,component_44,39,43,0.011549289432207566
component_01,component_18,0,17,0.011546016818070548
component_57,component_36,56,35,0.011543628919456594
component_09,component_29,8,28,0.011539612988374692
component_13,component_29,12,28,0.011538984516155537
component_26,component_13,25,12,0.011536493994026564
component_60,component_19,59,18,0.01153503804607503
component_42,component_16,41,15,0.011532673923534631
component_55,component_13,54,12,0.011531949873594627
component_46,component_44,45,43,0.011531578513036767
component_55,component_43,54,42,0.01153121854446093
component_40,component_20,39,19,0.011526124270081706
component_11,component_17,10,16,0.011521528555292981
component_27,component_24,26,23,0.011514324508207885
component_57,component_06,56,5,0.011512682994621937
component_31,component_43,30,42,0.011507744456954683
component_34,component_07,33,6,0.011506710381264718
component_29,component_18,28,17,0.011499652490001289
component_17,component_10,16,9,0.011497020890363085
component_12,component_60,11,59,0.011496125063690243
component_39,component_48,38,47,0.011491183019098905
component_14,component_57,13,56,0.011490203942289057
component_02,component_20,1,19,0.011486666376477217
component_32,component_05,31,4,0.011486207928574466
component_53,component_20,52,19,0.011482692262382521
component_27,component_05,26,4,0.011478693414286756
component_37,component_17,36,16,0.01147250818832024
component_04,component_13,3,12,0.011470072467330006
component_60,component_35,59,34,0.011469959914741423
component_12,component_34,11,33,0.011468922173135887
component_60,component_01,59,0,0.011466677558779725
component_01,component_08,0,7,0.011461109871308661
component_19,component_07,18,6,0.011459399407305781
component_55,component_07,54,6,0.01145908169405585
component_11,component_59,10,58,0.011455890661785872
component_23,component_24,22,23,0.011455801658997622
component_01,component_05,0,4,0.011455205664685941
component_29,component_27,28,26,0.011454191282671111
component_56,component_19,55,18,0.011449639889864471
component_17,component_51,16,50,0.011448722043680526
component_01,component_34,0,33,0.01144532437882706
component_44,component_26,43,25,0.011444875099313911
component_57,component_34,56,33,0.011443809640725888
component_53,component_54,52,53,0.011435317062755246
component_49,component_21,48,20,0.01143262363018227
component_33,component_01,32,0,0.011424454632605219
component_25,component_14,24,13,0.011418830461757068
component_31,component_46,30,45,0.011415561938994845
component_35,component_09,34,8,0.0114128837230556
component_60,component_53,59,52,0.01141102833236296
component_56,component_37,55,36,0.011404633693779864
component_21,component_57,20,56,0.011401490176898843
component_41,component_04,40,3,0.011401338506844105
component_50,component_58,49,57,0.011395463405654116
component_29,component_09,28,8,0.011392284715694423
component_26,component_37,25,36,0.01138906795087058
component_47,component_56,46,55,0.011388713895872371
component_09,component_14,8,13,0.01138467304310442
component_11,component_24,10,23,0.011383187194234257
component_03,component_23,2,22,0.011377621615822786
component_48,component_01,47,0,0.011367261438779419
component_06,component_48,5,47,0.011362646270119736
component_57,component_29,56,28,0.011354818709601311
component_05,component_57,4,56,0.011353455897440412
component_60,component_13,59,12,0.011344706894325096
component_28,component_21,27,20,0.011340759876366846
component_34,component_31,33,30,0.011336076972529696
component_30,component_21,29,20,0.011331868617085128
component_55,component_33,54,32,0.011322152424974696
component_16,component_08,15,7,0.01131736539718986
component_13,component_07,12,6,0.011317162975363892
component_34,component_58,33,57,0.011316893899123492
component_39,component_14,38,13,0.011316537594046938
component_56,component_02,55,1,0.011313898540941114
component_26,component_58,25,57,0.011311940432104262
component_41,component_42,40,41,0.01130514182453135
component_54,component_06,53,5,0.011304716495915024
component_36,component_13,35,12,0.01128336611995584
component_21,component_25,20,24,0.011282589829606504
component_56,component_32,55,31,0.011281664181965745
component_41,component_34,40,33,0.011273774369070733
component_33,component_32,32,31,0.011272906456626153
component_37,component_59,36,58,0.01126785056654711
component_14,component_47,13,46,0.011267622847055847
component_07,component_08,6,7,0.011264969863457708
component_52,component_35,51,34,0.011263807385971436
component_57,component_17,56,16,0.011262537358608604
component_09,component_13,8,12,0.01126030497702235
component_36,component_58,35,57,0.011259688518957756
component_18,component_31,17,30,0.011259590873488268
component_38,component_32,37,31,0.011259360365113213
component_15,component_31,14,30,0.011258730585218313
component_31,component_16,30,15,0.011256126430957636
component_33,component_59,32,58,0.011256074866955235
component_45,component_36,44,35,0.011255439384071586
component_60,component_38,59,37,0.011255107098646189
component_34,component_26,33,25,0.011254671742415567
component_27,component_01,26,0,0.01125450557237695
component_26,component_24,25,23,0.01125403867975594
component_43,component_27,42,26,0.011253594349341256
component_35,component_60,34,59,0.011243796984006682
component_45,component_06,44,5,0.011240272901730464
component_55,component_47,54,46,0.011238391845408202
component_25,component_57,24,56,0.011236949136354202
component_06,component_53,5,52,0.011236380975866211
component_36,component_37,35,36,0.01123557865828717
component_13,component_01,12,0,0.011235314034928834
component_19,component_26,18,25,0.011233633314855496
component_19,component_46,18,45,0.011222356072339235
component_03,component_06,2,5,0.011221614853081263
component_07,component_51,6,50,0.011221611343615656
component_25,component_31,24,30,0.011217382277599164
component_55,component_56,54,55,0.011216240559976498
component_13,component_56,12,55,0.011214012916139993
component_50,component_41,49,40,0.011213104377077343
component_58,component_26,57,25,0.011209558860648894
component_41,component_60,40,59,0.011208707338136392
component_59,component_13,58,12,0.011208594435663244
component_18,component_50,17,49,0.011201969060314898
component_42,component_25,41,24,0.011201166083007585
component_34,component_18,33,17,0.011197261984848161
component_43,component_20,42,19,0.011193845204638286
component_57,component_31,56,30,0.011193242942927562
component_44,component_48,43,47,0.011193226752161944
component_26,component_03,25,2,0.011190882840621086
component_58,component_18,57,17,0.011189686028647117
component_19,component_25,18,24,0.011188102546269896
component_02,component_50,1,49,0.011187208278601979
component_36,component_55,35,54,0.011184127745854866
component_15,component_14,14,13,0.01118261626424033
component_06,component_38,5,37,0.011176924728247162
component_52,component_44,51,43,0.011172711218004228
component_04,component_41,3,40,0.011170800549653137
component_50,component_48,49,47,0.01117010361027182
component_53,component_05,52,4,0.011169829931594766
component_15,component_42,14,41,0.0111690607431143
component_42,component_21,41,20,0.011167843723664639
component_03,component_53,2,52,0.011167704210492513
component_02,component_42,1,41,0.011164852366472466
component_37,component_10,36,9,0.011160263388714231
component_22,component_40,21,39,0.011157050328408857
component_03,component_41,2,40,0.01115389552532653
component_36,component_08,35,7,0.011153013650115895
component_08,component_32,7,31,0.011151041895965719
component_05,component_25,4,24,0.01114813225050515
component_20,component_31,19,30,0.011140835872966992
component_50,component_54,49,53,0.011139081880834567
component_08,component_04,7,3,0.011138571777896011
component_24,component_35,23,34,0.011131363211697387
component_52,component_23,51,22,0.011128709586795793
component_31,component_33,30,32,0.011127254607918857
component_58,component_43,57,42,0.011123643865377453
component_60,component_27,59,26,0.011119249947647347
component_29,component_36,28,35,0.011113148477626122
component_60,component_54,59,53,0.01111170134418904
component_36,component_53,35,52,0.011102232580403104
component_11,component_50,10,49,0.011099194864060191
component_30,component_40,29,39,0.011094551603343383
component_18,component_14,17,13,0.011093877605695912
component_15,component_21,14,20,0.011092422153242687
component_60,component_42,59,41,0.011091163287622052
component_01,component_26,0,25,0.011090164039741168
component_37,component_03,36,2,0.011087121546985657
component_57,component_33,56,32,0.011084648068272696
component_02,component_44,1,43,0.011081310519349685
component_29,component_51,28,50,0.011081253421410864
component_33,component_42,32,41,0.0110801648124208
component_52,component_45,51,44,0.011079159695325913
component_26,component_06,25,5,0.011078818682887182
component_51,component_41,50,40,0.01107762098061471
component_57,component_38,56,37,0.011071221491735894
component_51,component_27,50,26,0.011069881274104354
component_53,component_12,52,11,0.011061990528471455
component_03,component_37,2,36,0.011056855095239015
component_13,component_42,12,41,0.011054562134646062
component_35,component_57,34,56,0.011053318264151457
component_55,component_04,54,3,0.01105103385245565
component_55,component_48,54,47,0.011050034178922363
component_21,component_31,20,30,0.01104604739794901
component_35,component_13,34,12,0.011045213774985463
component_42,component_20,41,19,0.011036304532124674
component_34,component_42,33,41,0.011032071788023678
component_46,component_60,45,59,0.011026027114513504
component_46,component_08,45,7,0.011022945516618421
component_06,component_09,5,8,0.011021783975386334
component_30,component_22,29,21,0.011019928831113468
component_04,component_03,3,2,0.011019320120166931
component_35,component_29,34,28,0.011018743067300996
component_02,component_30,1,29,0.011018667913308633
component_31,component_15,30,14,0.011017355071762935
component_43,component_24,42,23,0.011017279739850228
component_32,component_11,31,10,0.011016287576727901
component_01,component_10,0,9,0.011012971725685716
component_02,component_13,1,12,0.011009921150420876
component_43,component_31,42,30,0.011009137903341681
component_17,component_03,16,2,0.011003301131934595
component_09,component_54,8,53,0.011000757784717763
component_24,component_41,23,40,0.01100027919448765
component_09,component_56,8,55,0.010997625822233736
component_27,component_31,26,30,0.010996472941903424
component_03,component_32,2,31,0.01099367647684435
component_08,component_44,7,43,0.010991065566045677
component_02,component_60,1,59,0.010991000930863137
component_48,component_42,47,41,0.010988930207877168
component_19,component_01,18,0,0.010988762522738948
component_47,component_08,46,7,0.010988691727455091
component_52,component_47,51,46,0.010982154631435037
component_29,component_57,28,56,0.010980184205123589
component_59,component_22,58,21,0.010977238884271934
component_33,component_11,32,10,0.010966896628683998
component_24,component_10,23,9,0.010966857876135272
component_09,component_39,8,38,0.010965010859661728
component_20,component_33,19,32,0.01096451409931909
component_39,component_56,38,55,0.010957333980512018
component_14,component_58,13,57,0.01095481609716309
component_49,component_34,48,33,0.010952036734280135
component_52,component_16,51,15,0.01095193955384488
component_41,component_39,40,38,0.010950486133188164
component_55,component_14,54,13,0.010940534040298378
component_07,component_27,6,26,0.010935893059411228
component_56,component_55,55,54,0.01093420791088473
component_06,component_42,5,41,0.010932652484749283
component_23,component_36,22,35,0.010928124222963298
component_10,component_27,9,26,0.010916483085421369
component_42,component_36,41,35,0.010914837690353618
component_58,component_20,57,19,0.010911413947249926
component_37,component_16,36,15,0.010910915062225968
component_58,component_04,57,3,0.010909612250164624
component_16,component_52,15,51,0.010906903221041375
component_27,component_47,26,46,0.010897983882804496
component_44,component_23,43,22,0.010892882244907032
component_48,component_32,47,31,0.010891922903727203
component_18,component_22,17,21,0.01089176182688334
component_26,component_19,25,18,0.01088980897780889
component_55,component_32,54,31,0.010888482309884928
component_41,component_52,40,51,0.010877740422686522
component_06,component_36,5,35,0.01087496223083706
component_09,component_24,8,23,0.010873596938567154
component_54,component_24,53,23,0.010869446088098478
component_21,component_47,20,46,0.010868250446018024
component_50,component_20,49,19,0.010868241910594989
component_33,component_36,32,35,0.01086530713624878
component_05,component_01,4,0,0.01086279886617092
component_32,component_18,31,17,0.010860368897332329
component_39,component_46,38,45,0.010858241443514327
component_22,component_42,21,41,0.010855082026639984
component_39,component_32,38,31,0.010848701299569719
component_39,component_04,38,3,0.010848659495900748
component_31,component_56,30,55,0.010848568787718449
component_01,component_60,0,59,0.010843508244974487
component_09,component_59,8,58,0.010841174954880017
component_26,component_28,25,27,0.010840183714806884
component_05,component_19,4,18,0.010837849829302915
component_16,component_25,15,24,0.010835493361207149
component_08,component_05,7,4,0.010833852274927391
component_21,component_41,20,40,0.010828732375886219
component_11,component_08,10,7,0.010828634229178125
component_53,component_34,52,33,0.010825878915504017
component_53,component_56,52,55,0.010823063147316514
component_49,component_40,48,39,0.010820367923733087
component_14,component_49,13,48,0.010819230110090228
component_10,component_49,9,48,0.010815664669533653
component_11,component_01,10,0,0.010803003111912624
component_20,component_41,19,40,0.010801822616724355
component_59,component_16,58,15,0.010796043684088374
component_21,component_50,20,49,0.010795430195833955
component_08,component_31,7,30,0.010791830065755903
component_16,component_34,15,33,0.010790682908989435
component_28,component_60,27,59,0.010789850047975946
component_50,component_27,49,26,0.010784976073228592
component_10,component_25,9,24,0.01077853791899308
component_19,component_29,18,28,0.010767103916114351
component_34,component_14,33,13,0.010765833015922155
component_38,component_55,37,54,0.01076111364336274
component_02,component_11,1,10,0.010759034737036544
component_58,component_46,57,45,0.010752146073548019
component_49,component_55,48,54,0.010746892993934942
component_36,component_07,35,6,0.01074645383236783
component_29,component_56,28,55,0.01074529166925009
component_36,component_38,35,37,0.010743649269322031
component_49,component_03,48,2,0.0107378297521592
component_01,component_20,0,19,0.010734902402954383
component_19,component_55,18,54,0.01073038020264594
component_42,component_35,41,34,0.010727285503134176
component_05,component_35,4,34,0.010726382566102366
component_26,component_38,25,37,0.010719358567123471
component_51,component_38,50,37,0.010719330538484062
component_22,component_10,21,9,0.010718093135917428
component_29,component_13,28,12,0.010715664418197601
component_09,component_46,8,45,0.010715608367153795
component_47,component_50,46,49,0.010714952905120256
component_15,component_24,14,23,0.010714457679064981
component_12,component_16,11,15,0.010706517376573466
component_23,component_39,22,38,0.010703500879782002
component_30,component_10,29,9,0.010702718363615027
component_42,component_01,41,0,0.01069971932978131
component_57,component_10,56,9,0.010692713002932841
component_56,component_06,55,5,0.010691852929789913
component_29,component_12,28,11,0.010690918479766331
component_25,component_51,24,50,0.010690819236619742
component_13,component_16,12,15,0.010685309309265367
component_13,component_30,12,29,0.010675548010766533
component_04,component_19,3,18,0.010675220905920213
component_16,component_49,15,48,0.01067420724935264
component_22,component_05,21,4,0.01067376815129606
component_51,component_08,50,7,0.01067055350980084
component_42,component_60,41,59,0.01067039013759441
component_28,component_33,27,32,0.010669766321517393
component_60,component_39,59,38,0.010667556763332087
component_48,component_40,47,39,0.010666721994775585
component_42,component_24,41,23,0.010666059098659808
component_53,component_24,52,23,0.010665296066319385
component_20,component_28,19,27,0.010662828218497289
component_06,component_58,5,57,0.010661336358632312
component_06,component_44,5,43,0.0106584592786092
component_13,component_55,12,54,0.010657972164745289
component_55,component_38,54,37,0.010654888507732885
component_23,component_38,22,37,0.010651412251053927
component_12,component_04,11,3,0.010650476331913517
component_51,component_50,50,49,0.01065000990405185
component_48,component_55,47,54,0.01064861966249353
component_09,component_26,8,25,0.010648199111416456
component_50,component_14,49,13,0.010645440782857563
component_13,component_41,12,40,0.010644091434305558
component_28,component_30,27,29,0.010642750432110049
component_46,component_17,45,16,0.010641270114242651
component_58,component_28,57,27,0.010639691076215207
component_10,component_33,9,32,0.010639520170590444
component_23,component_09,22,8,0.010639408043758625
component_47,component_14,46,13,0.010638850644932418
component_46,component_47,45,46,0.010635211415691792
component_02,component_16,1,15,0.01063457604821938
component_16,component_58,15,57,0.010633962739257985
component_45,component_56,44,55,0.010633336184859843
component_53,component_13,52,12,0.010632113516343189
component_37,component_45,36,44,0.010630727201750734
component_08,component_45,7,44,0.010625902340348325
component_47,component_54,46,53,0.010623351167181383
component_59,component_12,58,11,0.01061860358781086
component_34,component_21,33,20,0.010616358886289756
component_25,component_26,24,25,0.010613173642603613
component_05,component_09,4,8,0.010608961595939714
component_12,component_03,11,2,0.010608935241255502
component_40,component_38,39,37,0.010606953999670488
component_59,component_14,58,13,0.010603676092244552
component_17,component_36,16,35,0.01060296582434006
component_31,component_45,30,44,0.010599521107946153
component_59,component_43,58,42,0.01059900239129874
component_31,component_49,30,48,0.010598819986190833
component_51,component_16,50,15,0.010598401260827117
component_60,component_43,59,42,0.010598087361479713
component_29,component_37,28,36,0.01059667130123998
component_47,component_36,46,35,0.010596437679380344
component_16,component_55,15,54,0.01059622443771513
component_40,component_21,39,20,0.01059208662336708
component_50,component_56,49,55,0.010591309935692461
component_23,component_45,22,44,0.010590394901967226
component_35,component_23,34,22,0.010587950609786123
component_43,component_16,42,15,0.010586112252255475
component_51,component_07,50,6,0.010584550525726044
component_56,component_24,55,23,0.010583955612772478
component_38,component_35,37,34,0.01057986406120115
component_01,component_28,0,27,0.01057979462337677
component_04,component_11,3,10,0.010575092227969485
component_19,component_54,18,53,0.01057421677180237
component_52,component_34,51,33,0.010573686460398246
component_20,component_38,19,37,0.01056820985208784
component_46,component_33,45,32,0.010564170034101927
component_58,component_48,57,47,0.010563651629808213
component_60,component_58,59,57,0.010562231145884837
component_39,component_19,38,18,0.01055895544011154
component_17,component_45,16,44,0.010558511213273114
component_07,component_05,6,4,0.010555017908905562
component_16,component_59,15,58,0.010554266442157179
component_34,component_24,33,23,0.010549252559232336
component_04,component_55,3,54,0.010547796684483579
component_12,component_51,11,50,0.01054445923411551
component_53,component_30,52,29,0.01054427739865993
component_44,component_49,43,48,0.01054333037197619
component_34,component_08,33,7,0.010537598829419181
component_10,component_01,9,0,0.010532714976497104
component_60,component_34,59,33,0.010531303256653857
component_21,component_44,20,43,0.010531145459679259
component_44,component_15,43,14,0.010529570233065222
component_32,component_01,31,0,0.010527529054113138
component_23,component_32,22,31,0.010524488796836984
component_07,component_52,6,51,0.01052323263786814
component_08,component_11,7,10,0.010522023980768846
component_34,component_48,33,47,0.010520836300809577
component_49,component_24,48,23,0.010520290050037406
component_30,component_48,29,47,0.010519407037610229
component_16,component_15,15,14,0.010514707587587324
component_02,component_14,1,13,0.010508717595191008
component_20,component_06,19,5,0.010504444776491262
component_52,component_31,51,30,0.010495082694217395
component_49,component_37,48,36,0.010494783921973116
component_13,component_28,12,27,0.010494100604038437
component_40,component_42,39,41,0.010493804885300495
component_31,component_60,30,59,0.0104886642405706
component_52,component_21,51,20,0.010485723676923797
component_33,component_29,32,28,0.010485200219858992
component_26,component_47,25,46,0.010482153478705403
component_24,component_20,23,19,0.010477485418386667
component_15,component_37,14,36,0.010475954115136688
component_16,component_04,15,3,0.01047113209259809
component_30,component_51,29,50,0.010468267236225515
component_14,component_53,13,52,0.010467625020404547
component_13,component_24,12,23,0.010466510313256183
component_03,component_39,2,38,0.01046546575129259
component_29,component_42,28,41,0.010462362809371406
component_12,component_50,11,49,0.010458935940114156
component_24,component_60,23,59,0.010458240631469717
component_59,component_39,58,38,0.010458035561233814
component_32,component_51,31,50,0.010456592670636589
component_59,component_23,58,22,0.010451733959342846
component_33,component_39,32,38,0.010450809314377363
component_02,component_57,1,56,0.010450106792528224
component_09,component_18,8,17,0.010448380174630678
component_34,component_41,33,40,0.010441865534980721
component_39,component_53,38,52,0.010441139317526105
component_34,component_36,33,35,0.010438271660133225
component_49,component_06,48,5,0.010438069876046896
component_25,component_22,24,21,0.010436827771293622
component_16,component_13,15,12,0.010432399790301972
component_36,component_54,35,53,0.010431864162356419
component_29,component_47,28,46,0.010431180742058288
component_54,component_57,53,56,0.010430560032120617
component_31,component_13,30,12,0.010428511257799311
component_06,component_37,5,36,0.010424119387449693
component_24,component_53,23,52,0.010422913883497031
component_39,component_27,38,26,0.010421520663588701
component_12,component_52,11,51,0.01042108759812388
component_54,component_56,53,55,0.010420426253566983
component_32,component_09,31,8,0.010419194396152687
component_47,component_20,46,19,0.010418103990139649
component_42,component_23,41,22,0.010416684031129275
component_40,component_23,39,22,0.010416292635727853
component_33,component_30,32,29,0.010415306812097569
component_46,component_24,45,23,0.010413555538600683
component_09,component_17,8,16,0.010410200385159829
component_55,component_36,54,35,0.010408822174535093
component_41,component_08,40,7,0.010407442079249485
component_58,component_49,57,48,0.010406162130114804
component_31,component_24,30,23,0.010403585309302965
component_53,component_02,52,1,0.010401083608091
component_60,component_56,59,55,0.010400675468338783
component_42,component_27,41,26,0.010391951253236442
component_58,component_06,57,5,0.010384481283411517
component_52,component_49,51,48,0.01038412361232055
component_35,component_06,34,5,0.010380988042141936
component_11,component_19,10,18,0.010380035260305842
component_37,component_01,36,0,0.010377222170825817
component_56,component_40,55,39,0.010376874423825289
component_35,component_32,34,31,0.01037613195990561
component_59,component_35,58,34,0.010375691271705456
component_44,component_56,43,55,0.010373204324944929
component_45,component_04,44,3,0.010371722309263198
component_50,component_36,49,35,0.010367914087616281
component_47,component_57,46,56,0.010365923694819035
component_12,component_56,11,55,0.010364429632860439
component_54,component_49,53,48,0.010364372706685554
component_44,component_47,43,46,0.010363827856308294
component_26,component_04,25,3,0.010359330910995723
component_58,component_14,57,13,0.010358806243680352
component_29,component_35,28,34,0.01035458736457917
component_41,component_37,40,36,0.010353818778477297
component_11,component_05,10,4,0.010352124516286754
component_02,component_43,1,42,0.01035101901037816
component_55,component_60,54,59,0.010347417924030378
component_30,component_29,29,28,0.010341754848944618
component_12,component_02,11,1,0.010340959913585301
component_05,component_47,4,46,0.010336504432968852
component_33,component_41,32,40,0.01033628011749288
component_24,component_44,23,43,0.010335546146120311
component_58,component_42,57,41,0.010335543762307609
component_54,component_05,53,4,0.010333848119865596
component_31,component_28,30,27,0.010331550581350157
component_03,component_17,2,16,0.010329672098380982
component_42,component_43,41,42,0.01032914274868979
component_05,component_03,4,2,0.0103190536651665
component_15,component_52,14,51,0.010317138567258688
component_46,component_14,45,13,0.01031433410463789
component_50,component_08,49,7,0.01031177824373053
component_24,component_28,23,27,0.010311436154686326
component_34,component_06,33,5,0.010308547340733387
component_04,component_37,3,36,0.010306978369087894
component_13,component_03,12,2,0.0103062006359802
component_16,component_57,15,56,0.010300940427792504
component_23,component_33,22,32,0.010295569768880686
component_35,component_08,34,7,0.010291238677056835
component_12,component_46,11,45,0.010288470111165626
component_21,component_20,20,19,0.010288377180615704
component_11,component_29,10,28,0.010288273921677416
component_17,component_41,16,40,0.01028758219065029
component_08,component_12,7,11,0.010286880792847342
component_27,component_42,26,41,0.010279548186463927
component_14,component_45,13,44,0.010279367841329545
component_09,component_53,8,52,0.010278020025059842
component_45,component_31,44,30,0.010271671155496875
component_40,component_05,39,4,0.010270322703772816
component_15,component_32,14,31,0.010269829451634127
component_27,component_13,26,12,0.010267727355105727
component_47,component_29,46,28,0.010267561246580126
component_03,component_29,2,28,0.010262423783240493
component_56,component_11,55,10,0.010256214294300126
component_45,component_12,44,11,0.0102547931205752
component_17,component_60,16,59,0.010251717749748757
component_13,component_38,12,37,0.010250956147749957
component_27,component_46,26,45,0.01024640810264943
component_22,component_53,21,52,0.010244759324389285
component_11,component_41,10,40,0.010240420559985974
component_13,component_08,12,7,0.01023874186473872
component_41,component_12,40,11,0.01023642094495969
component_31,component_52,30,51,0.010227921032869514
component_20,component_14,19,13,0.010219960467865885
component_02,component_40,1,39,0.01021903083932063
component_20,component_59,19,58,0.010218845144388755
component_12,component_25,11,24,0.010216523734187355
component_05,component_02,4,1,0.01021566206556379
component_05,component_20,4,19,0.010212470360031478
component_09,component_52,8,51,0.01021171188092218
component_21,component_55,20,54,0.010211397293854674
component_32,component_10,31,9,0.010198026903833757
component_22,component_47,21,46,0.010194459100802966
component_42,component_50,41,49,0.010192974203290461
component_58,component_51,57,50,0.010192674200143248
component_39,component_12,38,11,0.010192371408761502
component_14,component_25,13,24,0.010192285095869558
component_57,component_04,56,3,0.010192142670843118
component_60,component_24,59,23,0.010191827409344434
component_34,component_54,33,53,0.010189543206347018
component_07,component_48,6,47,0.010188911710068638
component_19,component_13,18,12,0.01018821805154202
component_57,component_09,56,8,0.010184581662243897
component_36,component_49,35,48,0.010184460606688539
component_21,component_28,20,27,0.010182276161105897
component_42,component_57,41,56,0.010182020277573756
component_40,component_48,39,47,0.01018137404307451
component_46,component_21,45,20,0.010177890603493722
component_47,component_23,46,22,0.010174274913043568
component_18,component_40,17,39,0.010169198798463341
component_29,component_23,28,22,0.010168701039869
component_19,component_56,18,55,0.010166641504420149
component_20,component_44,19,43,0.010166301387240395
component_45,component_34,44,33,0.010161097424775
component_45,component_60,44,59,0.010159518447964366
component_17,component_09,16,8,0.010157648701039523
component_57,component_15,56,14,0.01015718496559792
component_30,component_34,29,33,0.010157006815431746
component_59,component_10,58,9,0.010155165155675938
component_33,component_54,32,53,0.010153270604295273
component_10,component_46,9,45,0.010150043151734955
component_48,component_26,47,25,0.010148856898661407
component_38,component_46,37,45,0.01014860979808141
component_01,component_15,0,14,0.01014766059835992
component_05,component_58,4,57,0.010146961897703477
component_03,component_45,2,44,0.010145381703480894
component_48,component_12,47,11,0.010138520818396834
component_24,component_08,23,7,0.010135787571383226
component_17,component_11,16,10,0.010134346934632443
component_09,component_38,8,37,0.010133487037137012
component_24,component_37,23,36,0.010131087229619418
component_33,component_02,32,1,0.010129240254402205
component_17,component_56,16,55,0.010124904261551215
component_37,component_56,36,55,0.010123285514926472
component_35,component_26,34,25,0.010122766522266513
component_58,component_59,57,58,0.010121962203041956
component_39,component_02,38,1,0.010119627593507374
component_26,component_15,25,14,0.010118550253585656
component_16,component_50,15,49,0.010110659962227153
component_55,component_11,54,10,0.010110353520789594
component_39,component_17,38,16,0.010109092901138705
component_22,component_24,21,23,0.010107092041959476
component_07,component_47,6,46,0.01010633713694542
component_48,component_54,47,53,0.010105697462669205
component_34,component_02,33,1,0.010104641970137607
component_53,component_41,52,40,0.010098811370044203
component_09,component_02,8,1,0.010097356633721688
component_59,component_51,58,50,0.010095005524711986
component_10,component_54,9,53,0.010087380184327976
component_57,component_02,56,1,0.010084917537801719
component_43,component_14,42,13,0.010081800023553633
component_07,component_13,6,12,0.01008168367832063
component_02,component_09,1,8,0.010081649949713611
component_46,component_57,45,56,0.010078180692399297
component_29,component_32,28,31,0.010077895107497348
component_29,component_26,28,25,0.010076160961904446
component_48,component_59,47,58,0.010076088672442474
component_59,component_58,58,57,0.010074899182320518
component_27,component_18,26,17,0.010073309264336139
component_49,component_19,48,18,0.01007320774703846
component_26,component_21,25,20,0.010069840210252146
component_28,component_12,27,11,0.010067658054902395
component_12,component_15,11,14,0.010065163336884453
component_18,component_38,17,37,0.010062650192751654
component_42,component_03,41,2,0.010060072326246505
component_05,component_30,4,29,0.010055044618102915
component_22,component_06,21,5,0.010054646189565197
component_60,component_14,59,13,0.0100503794062905
component_51,component_48,50,47,0.010046386738572277
component_52,component_54,51,53,0.01004254290809703
component_17,component_26,16,25,0.010041243365937813
component_20,component_45,19,44,0.010037178306354644
component_41,component_05,40,4,0.010033044599879748
component_46,component_29,45,28,0.010029961321186942
component_08,component_46,7,45,0.010029106175080571
component_40,component_08,39,7,0.010026939302290927
component_25,component_49,24,48,0.010022716685679889
component_06,component_25,5,24,0.01002211846259149
component_25,component_19,24,18,0.010021309813020185
component_30,component_26,29,25,0.01001854276061298
component_53,component_37,52,36,0.010016900380134253
component_53,component_07,52,6,0.010016228802408822
component_15,component_57,14,56,0.010014940475313594
component_37,component_06,36,5,0.010012646999880914
component_37,component_50,36,49,0.010009887104748483
component_28,component_25,27,24,0.010009437838705004
component_33,component_35,32,34,0.010009039985177548
component_34,component_30,33,29,0.010007406642761563
component_57,component_55,56,54,0.009996641809629558
component_34,component_13,33,12,0.00999659753233395
component_29,component_41,28,40,0.009996143493108178
component_11,component_04,10,3,0.009995803740283637
component_28,component_47,27,46,0.00999460816129183
component_56,component_15,55,14,0.00999097989434361
component_23,component_41,22,40,0.009990402675838173
component_02,component_18,1,17,0.009987728709135002
component_28,component_14,27,13,0.009984523128028222
component_48,component_29,47,28,0.009984449540743068
component_40,component_16,39,15,0.009983647635601667
component_60,component_48,59,47,0.009982343147087569
component_37,component_47,36,46,0.009981126667835571
component_28,component_58,27,57,0.009978495603927051
component_39,component_21,38,20,0.009976225993133525
component_33,component_57,32,56,0.009974989137829127
component_35,component_30,34,29,0.009972027628256441
component_45,component_49,44,48,0.009970851773926093
component_53,component_36,52,35,0.009970034580291554
component_22,component_07,21,6,0.009966452893605648
component_20,component_47,19,46,0.009965680382441278
component_19,component_35,18,34,0.009961046502914073
component_03,component_60,2,59,0.00996049758151818
component_40,component_12,39,11,0.009958378718024186
component_18,component_03,17,2,0.009957581553355688
component_60,component_26,59,25,0.009957543763500887
component_49,component_58,48,57,0.009954951416557556
component_33,component_23,32,22,0.0099533763166324
component_43,component_13,42,12,0.009952358798188676
component_19,component_24,18,23,0.009951766107963778
component_45,component_26,44,25,0.009950635980605416
component_13,component_04,12,3,0.009946765294635895
component_51,component_53,50,52,0.009943288656901306
component_28,component_43,27,42,0.009936897486621632
component_56,component_44,55,43,0.009933544284375984
component_20,component_08,19,7,0.009933002649780587
component_06,component_15,5,14,0.009925195204564474
component_51,component_34,50,33,0.009924057886488757
component_21,component_05,20,4,0.009922884514123265
component_01,component_04,0,3,0.009922098457876949
component_09,component_19,8,18,0.009917918709368756
component_29,component_39,28,38,0.009917719176548268
component_28,component_16,27,15,0.009917231648002733
component_24,component_12,23,11,0.0099169858320316
component_52,component_14,51,13,0.009916441840964296
component_17,component_13,16,12,0.009914167227433879
component_52,component_39,51,38,0.009913104053056898
component_22,component_04,21,3,0.009912513227518627
component_11,component_27,10,26,0.009910133688454614
component_57,component_19,56,18,0.009910050867834919
component_50,component_02,49,1,0.009907196532053408
component_49,component_18,48,17,0.009905364465961242
component_55,component_46,54,45,0.009904029734913333
component_14,component_38,13,37,0.009903163860795594
component_34,component_32,33,31,0.009902616511273887
component_57,component_54,56,53,0.009895855570552836
component_56,component_17,55,16,0.009893366029297468
component_02,component_33,1,32,0.00989164823344657
component_06,component_05,5,4,0.009886845705724845
component_60,component_15,59,14,0.009884622621116446
component_43,component_54,42,53,0.009882277016268759
component_40,component_45,39,44,0.009879053170117835
component_31,component_14,30,13,0.009879038560257847
component_03,component_21,2,20,0.009878355751400836
component_20,component_49,19,48,0.009873603258468311
component_60,component_09,59,8,0.00987286877172755
component_33,component_53,32,52,0.009871831298386091
component_33,component_46,32,45,0.009870323789145541
component_33,component_51,32,50,0.00986975686775482
component_33,component_24,32,23,0.009868084932026733
component_44,component_51,43,50,0.009867461535962185
component_29,component_21,28,20,0.009863701349012821
component_54,component_52,53,51,0.009858379141753915
component_43,component_36,42,35,0.009858223169675995
component_59,component_36,58,35,0.009857321626672189
component_02,component_55,1,54,0.00985669011788115
component_28,component_06,27,5,0.00985663613607013
component_52,component_05,51,4,0.009850651957826528
component_44,component_17,43,16,0.009846757093532332
component_05,component_11,4,10,0.009841815973977042
component_24,component_54,23,53,0.009841661562820736
component_14,component_56,13,55,0.009838573416915963
component_35,component_50,34,49,0.009838188550263638
component_48,component_22,47,21,0.009837513928841801
component_21,component_29,20,28,0.00983509481325795
component_06,component_46,5,45,0.009831537505352816
component_34,component_45,33,44,0.009829767392031563
component_10,component_55,9,54,0.009828326040192792
component_36,component_39,35,38,0.009827149349656672
component_42,component_11,41,10,0.009823883595763583
component_10,component_35,9,34,0.009821439137385646
component_28,component_22,27,21,0.009820731213604272
component_01,component_06,0,5,0.009817547965817575
component_54,component_23,53,22,0.009815216037180274
component_26,component_52,25,51,0.00981466558227062
component_51,component_02,50,1,0.009809868981678349
component_47,component_12,46,11,0.00980821854156444
component_32,component_37,31,36,0.009808022140979311
component_11,component_28,10,27,0.009805783665271406
component_40,component_06,39,5,0.009805169324938134
component_49,component_50,48,49,0.00980220674424448
component_46,component_38,45,37,0.00980077410270308
component_07,component_44,6,43,0.00979963885846491
component_22,component_21,21,20,0.009797150228572526
component_11,component_30,10,29,0.009791095195031296
component_25,component_28,24,27,0.009788886518241391
component_24,component_36,23,35,0.009786567556053782
component_19,component_33,18,32,0.009786367356460879
component_28,component_51,27,50,0.009779270462300982
component_49,component_28,48,27,0.009779250204656975
component_53,component_06,52,5,0.009778835674720376
component_27,component_29,26,28,0.009778408216797985
component_51,component_06,50,5,0.009777279825493146
component_39,component_41,38,40,0.009774839084250697
component_11,component_07,10,6,0.009774236165433159
component_58,component_60,57,59,0.00977333116071577
component_29,component_16,28,15,0.009771742834849384
component_60,component_03,59,2,0.009768972006439558
component_42,component_59,41,58,0.009767845107927275
component_12,component_41,11,40,0.009767789512927116
component_51,component_57,50,56,0.009765001109234284
component_52,component_19,51,18,0.009761675515105317
component_44,component_53,43,52,0.009759205702449592
component_24,component_21,23,20,0.009754809288288868
component_59,component_11,58,10,0.00975313424377422
component_08,component_52,7,51,0.009752856902023765
component_52,component_59,51,58,0.009752652868590506
component_18,component_56,17,55,0.009749118084204866
component_51,component_12,50,11,0.00974853964075173
component_32,component_34,31,33,0.009748535688493654
component_10,component_05,9,4,0.009743555399042592
component_50,component_51,49,50,0.009742127839035497
component_51,component_40,50,39,0.009739549589885321
component_11,component_38,10,37,0.009738249964699186
component_02,component_01,1,0,0.00973454722819067
component_55,component_45,54,44,0.009732241231982464
component_14,component_23,13,22,0.00972830333314123
component_41,component_19,40,18,0.009726956398954822
component_40,component_47,39,46,0.009725255949120104
component_56,component_30,55,29,0.009724559464630467
component_15,component_29,14,28,0.009724002567353729
component_36,component_05,35,4,0.009718220116249121
component_41,component_16,40,15,0.009714108921897058
component_44,component_32,43,31,0.009712084881773997
component_01,component_35,0,34,0.009709561936875666
component_35,component_24,34,23,0.009706984163582622
component_17,component_15,16,14,0.00970493408152251
component_31,component_10,30,9,0.009702997677529801
component_22,component_26,21,25,0.009700701605536821
component_26,component_60,25,59,0.009700666245402445
component_53,component_25,52,24,0.009700613338800679
component_02,component_35,1,34,0.009700264912007484
component_51,component_17,50,16,0.009698886057227352
component_11,component_22,10,21,0.009696520872008119
component_33,component_47,32,46,0.009696094119208354
component_08,component_49,7,48,0.00969578110664493
component_51,component_26,50,25,0.009693832715014672
component_10,component_40,9,39,0.009692978732946056
component_21,component_58,20,57,0.009689063479156879
component_15,component_45,14,44,0.009685503077447422
component_30,component_01,29,0,0.009685501046097222
component_56,component_29,55,28,0.009684177518541226
component_10,component_09,9,8,0.009682908599389695
component_28,component_55,27,54,0.009681535964945809
component_38,component_11,37,10,0.009680930779937036
component_22,component_31,21,30,0.009678602093055044
component_26,component_14,25,13,0.009676167805690916
component_37,component_39,36,38,0.009675714384676848
component_37,component_52,36,51,0.009675105962449138
component_16,component_30,15,29,0.009671057331543942
component_09,component_55,8,54,0.009669456498964557
component_39,component_06,38,5,0.00966831867184803
component_01,component_45,0,44,0.009667984857939516
component_13,component_57,12,56,0.009666213048679761
component_38,component_45,37,44,0.009664645443751674
component_08,component_36,7,35,0.009664559623968394
component_38,component_03,37,2,0.009663310026014393
component_10,component_32,9,31,0.009663212294490187
component_24,component_50,23,49,0.00965970130523397
component_25,component_21,24,20,0.0096586871252482
component_07,component_17,6,16,0.009653614849858272
component_22,component_54,21,53,0.009652619388143435
component_04,component_58,3,57,0.00965136571055858
component_51,component_59,50,58,0.009649622200564423
component_21,component_09,20,8,0.009645598259608867
component_32,component_41,31,40,0.0096433501399531
component_39,component_33,38,32,0.009635455861518594
component_08,component_51,7,50,0.009634903109261295
component_53,component_27,52,26,0.009632399620945975
component_41,component_35,40,34,0.009631880622908096
component_05,component_23,4,22,0.009626350633547887
component_50,component_10,49,9,0.009619756752536457
component_41,component_15,40,14,0.009616767296332096
component_42,component_10,41,9,0.009614185993881641
component_06,component_03,5,2,0.009613205300992522
component_30,component_11,29,10,0.009612044088986416
component_27,component_36,26,35,0.009609037038722512
component_31,component_05,30,4,0.009607443000438032
component_14,component_36,13,35,0.009607044073073556
component_20,component_57,19,56,0.00960463086306973
component_52,component_15,51,14,0.009604616306858382
component_35,component_49,34,48,0.00960242303144554
component_29,component_01,28,0,0.009601975455226341
component_18,component_54,17,53,0.009601694684060469
component_37,component_44,36,43,0.009601171107555206
component_20,component_25,19,24,0.009598607016770622
component_06,component_31,5,30,0.009595910097912608
component_25,component_29,24,28,0.009595058962695191
component_49,component_30,48,29,0.009592608092140242
component_38,component_15,37,14,0.00958910480052122
component_34,component_35,33,34,0.00958701698684905
component_30,component_49,29,48,0.009582808343801208
component_21,component_06,20,5,0.00957909298058679
component_23,component_50,22,49,0.009578197095189367
component_25,component_33,24,32,0.009571752183846094
component_07,component_49,6,48,0.009567563930278578
component_24,component_07,23,6,0.009566336768624062
component_34,component_11,33,10,0.009562502785401161
component_56,component_09,55,8,0.009562132119920186
component_27,component_39,26,38,0.009560407222607203
component_60,component_57,59,56,0.00955900972219581
component_35,component_11,34,10,0.009558858850221785
component_43,component_07,42,6,0.009555065595867163
component_50,component_53,49,52,0.009554988408980503
component_54,component_31,53,30,0.009554680159248097
component_58,component_41,57,40,0.009554413944837137
component_22,component_13,21,12,0.009551882636779752
component_47,component_40,46,39,0.00955009669564566
component_39,component_03,38,2,0.00954963993012381
component_26,component_27,25,26,0.009548948205617247
component_03,component_30,2,29,0.009547697089616669
component_14,component_11,13,10,0.009547360501499291
component_22,component_16,21,15,0.009546057219069315
component_26,component_12,25,11,0.00954040415325208
component_39,component_20,38,19,0.009537280648110436
component_16,component_02,15,1,0.009535690260325858
component_27,component_41,26,40,0.009533047614331824
component_53,component_26,52,25,0.009528611347913163
component_18,component_30,17,29,0.009519150367657936
component_16,component_26,15,25,0.00951786248464348
component_58,component_15,57,14,0.009514130250462216
component_35,component_22,34,21,0.009511356173904417
component_60,component_59,59,58,0.009510517338074287
component_21,component_42,20,41,0.009509029896383137
component_31,component_35,30,34,0.00950757100082189
component_05,component_60,4,59,0.00950573946039146
component_13,component_20,12,19,0.009504963412553469
component_56,component_04,55,3,0.009500657153040493
component_27,component_15,26,14,0.009498552858819398
component_52,component_40,51,39,0.009497763332133147
component_22,component_51,21,50,0.009496274045698083
component_33,component_04,32,3,0.009493452128636726
component_48,component_06,47,5,0.009488697531786272
component_32,component_50,31,49,0.009488056535050582
component_33,component_45,32,44,0.009487063418489594
component_54,component_04,53,3,0.009483848660306826
component_16,component_29,15,28,0.009481827115322083
component_41,component_07,40,6,0.009480655435050611
component_52,component_57,51,56,0.009479735976823278
component_42,component_58,41,57,0.00947951518464718
component_42,component_38,41,37,0.00947627696020037
component_44,component_05,43,4,0.00947547321243114
component_29,component_54,28,53,0.009475066441630542
component_06,component_35,5,34,0.00946915321659425
component_24,component_33,23,32,0.009468759842097718
component_37,component_57,36,56,0.009467683607373711
component_51,component_13,50,12,0.009467102431653718
component_10,component_48,9,47,0.009466932488489288
component_42,component_45,41,44,0.009459992311671606
component_29,component_05,28,4,0.009454077744575073
component_23,component_56,22,55,0.009452878014080124
component_32,component_46,31,45,0.009452705216856927
component_15,component_34,14,33,0.009451499278138709
component_41,component_51,40,50,0.009449685663301732
component_56,component_26,55,25,0.009449619991054536
component_51,component_28,50,27,0.009448505888767222
component_32,component_26,31,25,0.009445759650110297
component_32,component_39,31,38,0.009445053297957529
component_35,component_53,34,52,0.009440773992578144
component_42,component_49,41,48,0.009440597178717702
component_56,component_33,55,32,0.009439612025512467
component_38,component_49,37,48,0.009433245129269796
component_31,component_17,30,16,0.009432585044657493
component_35,component_18,34,17,0.009429674605731186
component_10,component_45,9,44,0.009426616339980765
component_42,component_12,41,11,0.00942494313407849
component_28,component_50,27,49,0.00942356668437938
component_53,component_58,52,57,0.009421004881745798
component_41,component_20,40,19,0.009419236107607087
component_11,component_26,10,25,0.009418998352943575
component_02,component_47,1,46,0.009418568280404216
component_12,component_33,11,32,0.00941820739176169
component_41,component_09,40,8,0.009415077041045272
component_24,component_02,23,1,0.009413824226562006
component_55,component_12,54,11,0.009412266148689064
component_56,component_39,55,38,0.009405625034410114
component_49,component_15,48,14,0.009405054821589598
component_43,component_06,42,5,0.009404252640003552
component_27,component_09,26,8,0.009403572877826338
component_21,component_60,20,59,0.009399906126700053
component_45,component_07,44,6,0.009397485517832926
component_26,component_05,25,4,0.009396337384449005
component_12,component_05,11,4,0.009396172035348815
component_04,component_06,3,5,0.009395390867519282
component_46,component_42,45,41,0.009395109524066303
component_51,component_54,50,53,0.009391436683475085
component_25,component_37,24,36,0.009391084517139436
component_18,component_41,17,40,0.00939030187541956
component_58,component_17,57,16,0.009387190813975987
component_02,component_31,1,30,0.00938561999279175
component_44,component_38,43,37,0.009384484024532291
component_06,component_50,5,49,0.009383210471131331
component_58,component_08,57,7,0.009381772377563546
component_03,component_15,2,14,0.009381611951015056
component_57,component_44,56,43,0.00938094977218773
component_50,component_09,49,8,0.00938070263477897
component_23,component_17,22,16,0.009380577114300515
component_09,component_11,8,10,0.009379497093340738
component_49,component_07,48,6,0.009379426305654803
component_24,component_23,23,22,0.009377148151787473
component_27,component_58,26,57,0.009376053801166684
component_59,component_24,58,23,0.009375096627564528
component_58,component_13,57,12,0.009374135019044605
component_59,component_29,58,28,0.009369113777102811
component_38,component_56,37,55,0.00936714671638006
component_41,component_18,40,17,0.00936125942079613
component_60,component_02,59,1,0.009360744730297021
component_25,component_36,24,35,0.009360630676074955
component_17,component_02,16,1,0.009352045436994416
component_12,component_49,11,48,0.009351511000805335
component_16,component_05,15,4,0.009343526949125991
component_34,component_39,33,38,0.009342058653592833
component_15,component_39,14,38,0.00933560960991553
component_01,component_13,0,12,0.009334549194928154
component_35,component_21,34,20,0.009334428506303727
component_36,component_12,35,11,0.009333836819098718
component_03,component_34,2,33,0.009332055397322403
component_13,component_48,12,47,0.009329728377489133
component_05,component_38,4,37,0.009328084107128376
component_57,component_11,56,10,0.00932799729389755
component_35,component_42,34,41,0.009325370966444702
component_11,component_51,10,50,0.00932329245618968
component_35,component_15,34,14,0.009321809328000974
component_32,component_31,31,30,0.009319567892346114
component_23,component_31,22,30,0.009319444840687474
component_24,component_11,23,10,0.00931846028585026
component_27,component_23,26,22,0.009315034700342117
component_54,component_40,53,39,0.009311106108274014
component_21,component_53,20,52,0.009309297940485628
component_22,component_49,21,48,0.009308402283219053
component_06,component_07,5,6,0.009304352951920336
component_47,component_45,46,44,0.009302605214083215
component_11,component_54,10,53,0.009300458869648587
component_31,component_23,30,22,0.009299611308706712
component_08,component_17,7,16,0.009299611052582701
component_59,component_01,58,0,0.009294236926395083
component_44,component_04,43,3,0.009292530229886076
component_21,component_01,20,0,0.009291831200723966
component_53,component_11,52,10,0.009291720550703264
component_07,component_37,6,36,0.009286454930713006
component_04,component_49,3,48,0.009284492944896527
component_32,component_54,31,53,0.009281643886890123
component_34,component_43,33,42,0.00928043915272525
component_53,component_08,52,7,0.009276537156464926
component_44,component_59,43,58,0.009276366606600916
component_38,component_17,37,16,0.009274006885190644
component_26,component_44,25,43,0.009270088130140408
component_60,component_47,59,46,0.009269162195692182
component_04,component_50,3,49,0.00926749187934739
component_36,component_04,35,3,0.009267392977347022
component_38,component_01,37,0,0.009264520030995982
component_30,component_59,29,58,0.009263227246873118
component_32,component_56,31,55,0.00926260006563373
component_35,component_51,34,50,0.009261906744469695
component_13,component_53,12,52,0.009261213137894408
component_57,component_18,56,17,0.009259993767707364
component_05,component_53,4,52,0.009259113101256933
component_35,component_54,34,53,0.00925500386733269
component_45,component_46,44,45,0.009254391469343926
component_31,component_30,30,29,0.009252974025366623
component_05,component_59,4,58,0.00925102463970573
component_47,component_15,46,14,0.009250929250869788
component_24,component_29,23,28,0.009250480125617688
component_15,component_28,14,27,0.009250334215535005
component_55,component_15,54,14,0.00924789484002897
component_15,component_27,14,26,0.009245800151592931
component_33,component_18,32,17,0.00924483159245737
component_12,component_58,11,57,0.009244705325600844
component_44,component_40,43,39,0.009244200783832035
component_43,component_08,42,7,0.009243632861394069
component_01,component_31,0,30,0.009241522782967415
component_30,component_25,29,24,0.009239995274126223
component_60,component_29,59,28,0.009237272645253647
component_07,component_25,6,24,0.009234681957036805
component_12,component_23,11,22,0.009234430063703947
component_31,component_29,30,28,0.009231505470359114
component_03,component_14,2,13,0.00923016504444707
component_50,component_24,49,23,0.00922398349859943
component_17,component_06,16,5,0.009223714443558961
component_59,component_38,58,37,0.009221850884532312
component_36,component_45,35,44,0.009219013449826452
component_58,component_39,57,38,0.009217065052856466
component_59,component_02,58,1,0.009211926747350496
component_28,component_18,27,17,0.00921033269692284
component_50,component_30,49,29,0.009209726272899843
component_13,component_45,12,44,0.009209647217777395
component_45,component_44,44,43,0.009207547843122388
component_54,component_48,53,47,0.00920751565840483
component_35,component_41,34,40,0.00920545749279178
component_12,component_26,11,25,0.009202464156207846
component_57,component_50,56,49,0.009202332754534304
component_41,component_14,40,13,0.009201964947986419
component_24,component_04,23,3,0.009201344340298956
component_19,component_60,18,59,0.00920048315038624
component_14,component_15,13,14,0.009200306199107278
component_01,component_48,0,47,0.009196006719261351
component_26,component_23,25,22,0.009195726379039648
component_05,component_16,4,15,0.00919416641995019
component_29,component_38,28,37,0.009189083663846631
component_48,component_09,47,8,0.009183714396522547
component_38,component_42,37,41,0.00918350765594278
component_01,component_53,0,52,0.009177433273255708
component_23,component_06,22,5,0.009170483553704312
component_22,component_56,21,55,0.00916604132404375
component_11,component_09,10,8,0.009160311061322979
component_38,component_07,37,6,0.00915895419621604
component_43,component_53,42,52,0.009157360432141992
component_27,component_19,26,18,0.009155025599071998
component_34,component_23,33,22,0.009150638950782053
component_30,component_50,29,49,0.00915001742605659
component_59,component_07,58,6,0.009147292519060102
component_40,component_30,39,29,0.009147082698534703
component_47,component_30,46,29,0.009145042440355411
component_09,component_42,8,41,0.009142805496103357
component_26,component_54,25,53,0.00913574339749701
component_29,component_46,28,45,0.009134859222636571
component_29,component_34,28,33,0.009134044603200664
component_01,component_16,0,15,0.00913253953799309
component_33,component_21,32,20,0.009132413895711178
component_17,component_18,16,17,0.009131839064572045
component_33,component_55,32,54,0.00913012838160121
component_23,component_13,22,12,0.00912719986055599
component_35,component_04,34,3,0.009126783832975605
component_58,component_40,57,39,0.00912603020930236
component_35,component_17,34,16,0.009124781101836454
component_24,component_25,23,24,0.009123183115453237
component_48,component_05,47,4,0.00912266064632572
component_42,component_32,41,31,0.009119509340672405
component_12,component_07,11,6,0.009109305604185991
component_38,component_39,37,38,0.0091063269050915
component_38,component_50,37,49,0.0090919188823948
component_59,component_45,58,44,0.009090559269534282
component_18,component_08,17,7,0.009087320843268909
component_43,component_01,42,0,0.009087114021607778
component_41,component_46,40,45,0.009086221064387612
component_51,component_43,50,42,0.009085851388865862
component_40,component_14,39,13,0.009084550430216609
component_48,component_10,47,9,0.009083852122419689
component_35,component_03,34,2,0.009080162723938301
component_39,component_35,38,34,0.009075288831632555
component_23,component_53,22,52,0.00907486048669437
component_07,component_15,6,14,0.009074286101746765
component_58,component_05,57,4,0.009072816134064077
component_24,component_22,23,21,0.009066428835520224
component_18,component_58,17,57,0.009063457223999372
component_11,component_44,10,43,0.009063146526443244
component_20,component_26,19,25,0.009059939688918384
component_13,component_35,12,34,0.009057105273707844
component_36,component_60,35,59,0.00905699378686009
component_14,component_39,13,38,0.00905571386469628
component_29,component_59,28,58,0.009051154865415523
component_17,component_31,16,30,0.009051073442634117
component_43,component_26,42,25,0.00905104565531989
component_18,component_39,17,38,0.009049876105796884
component_40,component_49,39,48,0.009048723428390026
component_34,component_33,33,32,0.00904762260767722
component_04,component_47,3,46,0.009047328943567745
component_46,component_12,45,11,0.009044867765218179
component_21,component_45,20,44,0.009042401609208106
component_37,component_28,36,27,0.00904155825893227
component_14,component_12,13,11,0.009040106055838049
component_46,component_59,45,58,0.00903818902421083
component_11,component_14,10,13,0.009036117152157797
component_20,component_40,19,39,0.009033869324826416
component_43,component_25,42,24,0.009030602534314092
component_16,component_53,15,52,0.009030026177470063
component_24,component_16,23,15,0.009029560592142438
component_24,component_13,23,12,0.009022063221643783
component_38,component_14,37,13,0.0090215470355135
component_51,component_09,50,8,0.00902100130841621
component_52,component_28,51,27,0.009019505887773782
component_58,component_53,57,52,0.00901568500322103
component_04,component_54,3,53,0.009015595115263508
component_10,component_56,9,55,0.009014163122946783
component_13,component_26,12,25,0.009012857912815697
component_49,component_17,48,16,0.009011340606249973
component_32,component_21,31,20,0.00901041029842009
component_42,component_48,41,47,0.009009830706349309
component_35,component_07,34,6,0.009008376379524563
component_38,component_24,37,23,0.00900564278144067
component_41,component_56,40,55,0.00900212177085713
component_12,component_21,11,20,0.009002014756327892
component_07,component_53,6,52,0.008998751876699629
component_24,component_47,23,46,0.008995186147858991
component_37,component_40,36,39,0.008988106587625388
component_50,component_59,49,58,0.00898715066638811
component_09,component_34,8,33,0.00897299753634151
component_30,component_27,29,26,0.008971790524468393
component_10,component_02,9,1,0.008970245800158594
component_55,component_19,54,18,0.008964737278859047
component_04,component_59,3,58,0.00896254883840486
component_42,component_31,41,30,0.00896228480645167
component_55,component_58,54,57,0.008961803499876186
component_55,component_30,54,29,0.008960488514555998
component_18,component_12,17,11,0.008959837905592849
component_22,component_58,21,57,0.008954005385918506
component_42,component_41,41,40,0.008950926090889322
component_55,component_40,54,39,0.008950549172903166
component_58,component_27,57,26,0.008945562518510641
component_49,component_12,48,11,0.008943391789621558
component_59,component_40,58,39,0.008943111592497388
component_49,component_57,48,56,0.008942731757200839
component_34,component_05,33,4,0.008941093610120632
component_23,component_52,22,51,0.008939748247813739
component_32,component_08,31,7,0.00893887951321215
component_31,component_25,30,24,0.008936771071524241
component_52,component_55,51,54,0.00893468254749541
component_53,component_32,52,31,0.008933488267445888
component_40,component_32,39,31,0.0089320928503005
component_29,component_55,28,54,0.008931085777491354
component_48,component_46,47,45,0.008928161809461876
component_11,component_56,10,55,0.008926430085415049
component_34,component_01,33,0,0.008920911406286258
component_52,component_30,51,29,0.008920565732348784
component_56,component_14,55,13,0.008919415894810712
component_22,component_25,21,24,0.008916834739907564
component_12,component_57,11,56,0.008916829347281663
component_31,component_38,30,37,0.00891640599980903
component_45,component_58,44,57,0.0089148130596719
component_55,component_05,54,4,0.008913326954968603
component_37,component_09,36,8,0.008910326226826193
component_10,component_07,9,6,0.008910299868054139
component_26,component_43,25,42,0.008907350568643668
component_28,component_02,27,1,0.008906928259358793
component_13,component_58,12,57,0.008902545056655775
component_22,component_27,21,26,0.008902401807036053
component_48,component_02,47,1,0.008896870356001507
component_20,component_12,19,11,0.00889546460139723
component_36,component_20,35,19,0.00889516102284249
component_26,component_45,25,44,0.008894950114084033
component_54,component_25,53,24,0.008890292075155237
component_54,component_41,53,40,0.008889399805275922
component_20,component_18,19,17,0.008889361187514933
component_23,component_11,22,10,0.008889190823213156
component_22,component_59,21,58,0.008887727572262527
component_20,component_03,19,2,0.00888643644884679
component_33,component_03,32,2,0.008886081367729393
component_20,component_15,19,14,0.008881269832127003
component_38,component_51,37,50,0.008878232708525502
component_35,component_59,34,58,0.0088780383347693
component_38,component_19,37,18,0.008877851277566684
component_34,component_09,33,8,0.008872032329080959
component_45,component_08,44,7,0.008869437567479821
component_40,component_22,39,21,0.008869107996194003
component_10,component_22,9,21,0.008868592008875353
component_52,component_12,51,11,0.008866590190325319
component_45,component_09,44,8,0.008851335148551076
component_42,component_19,41,18,0.008851170935553654
component_56,component_13,55,12,0.008849567107386935
component_01,component_29,0,28,0.008845343224893831
component_44,component_50,43,49,0.00884408568277717
component_05,component_36,4,35,0.008842340010474459
component_16,component_40,15,39,0.008841778198473982
component_44,component_31,43,30,0.008840723318189081
component_19,component_48,18,47,0.008840406090158126
component_25,component_50,24,49,0.008839042074419101
component_37,component_14,36,13,0.008837983275881811
component_41,component_11,40,10,0.00883650696445537
component_41,component_38,40,37,0.008832014547111022
component_17,component_46,16,45,0.008830908652909919
component_08,component_50,7,49,0.00882819673736357
component_07,component_34,6,33,0.008826413508344011
component_24,component_03,23,2,0.00882350116060282
component_28,component_57,27,56,0.00882183578895157
component_17,component_48,16,47,0.008820151765690731
component_33,component_31,32,30,0.008819227139308161
component_15,component_04,14,3,0.008815551009961009
component_53,component_03,52,2,0.00880614829866655
component_59,component_37,58,36,0.008801553951942154
component_39,component_26,38,25,0.008799651517287899
component_18,component_44,17,43,0.008797777037586663
component_20,component_05,19,4,0.008797584284828908
component_35,component_05,34,4,0.008794136700368771
component_58,component_32,57,31,0.008792846355408113
component_58,component_55,57,54,0.008791197001593254
component_03,component_52,2,51,0.008784415100183907
component_41,component_27,40,26,0.008782212505656695
component_26,component_01,25,0,0.008780781631476664
component_46,component_53,45,52,0.008779023688910925
component_57,component_12,56,11,0.0087783517053599
component_19,component_44,18,43,0.008778091808387956
component_36,component_31,35,30,0.008777361374318282
component_22,component_18,21,17,0.008776436946563493
component_49,component_05,48,4,0.008775932269528663
component_52,component_60,51,59,0.008770758592780759
component_50,component_15,49,14,0.008770640859091294
component_53,component_45,52,44,0.008770361443256824
component_16,component_48,15,47,0.008767723169337494
component_26,component_29,25,28,0.008767608233475332
component_57,component_24,56,23,0.008766636845599862
component_10,component_44,9,43,0.008761616100309233
component_51,component_18,50,17,0.008760454455939204
component_29,component_28,28,27,0.008758197636616671
component_08,component_22,7,21,0.008757505249830544
component_19,component_51,18,50,0.008750765331067889
component_60,component_06,59,5,0.008749294581138045
component_40,component_35,39,34,0.008745722005715884
component_27,component_03,26,2,0.008744985108307901
component_14,component_43,13,42,0.008743880403085491
component_01,component_32,0,31,0.008743181494887509
component_51,component_36,50,35,0.008737901619607413
component_32,component_59,31,58,0.008737623428761943
component_24,component_01,23,0,0.008736922773718625
component_48,component_44,47,43,0.00873498195381206
component_41,component_21,40,20,0.008734170560784627
component_31,component_07,30,6,0.008732310015791889
component_56,component_21,55,20,0.008731627964374322
component_29,component_44,28,43,0.00872998418835369
component_35,component_27,34,26,0.008728487289113573
component_29,component_22,28,21,0.008725186632230653
component_02,component_22,1,21,0.008724042057014714
component_33,component_50,32,49,0.00872204833014667
component_60,component_04,59,3,0.00872193459086823
component_56,component_12,55,11,0.008721073217459185
component_18,component_35,17,34,0.00871831577276927
component_27,component_37,26,36,0.008716522874421262
component_17,component_04,16,3,0.008716306966969789
component_17,component_07,16,6,0.00871057999261815
component_16,component_44,15,43,0.008707444617071403
component_36,component_03,35,2,0.008705327726048484
component_49,component_29,48,28,0.008704159264583566
component_46,component_43,45,42,0.008701471690005125
component_44,component_13,43,12,0.008700774884604634
component_37,component_22,36,21,0.00869629746100875
component_59,component_53,58,52,0.008695326267783354
component_39,component_50,38,49,0.00869416131478129
component_03,component_26,2,25,0.008691534891588582
component_21,component_34,20,33,0.008690130892662129
component_54,component_18,53,17,0.00868390980689826
component_55,component_25,54,24,0.008681534115809963
component_35,component_44,34,43,0.008679676005050041
component_23,component_21,22,20,0.00867437274597238
component_42,component_17,41,16,0.00867318700235975
component_39,component_09,38,8,0.008673102677422495
component_03,component_47,2,46,0.008671846460038157
component_40,component_29,39,28,0.008671567049221895
component_49,component_23,48,22,0.00866974054584535
component_52,component_29,51,28,0.00866886777400655
component_28,component_39,27,38,0.008667215140248263
component_06,component_20,5,19,0.008666023808647338
component_24,component_55,23,54,0.008664547866032546
component_45,component_32,44,31,0.008663596112604033
component_59,component_03,58,2,0.008662711702136505
component_47,component_55,46,54,0.00866006039948175
component_39,component_58,38,57,0.008649342826076989
component_30,component_13,29,12,0.008648463990613031
component_30,component_09,29,8,0.008647629500857512
component_27,component_02,26,1,0.00864398917781184
component_24,component_34,23,33,0.008643056827426943
component_57,component_40,56,39,0.008639566851686986
component_25,component_05,24,4,0.008638272867035113
component_12,component_20,11,19,0.00863724963750867
component_59,component_04,58,3,0.00863684617336391
component_23,component_42,22,41,0.008635919186301244
component_19,component_32,18,31,0.008634756172714475
component_21,component_38,20,37,0.008631276547622413
component_29,component_33,28,32,0.008630324318717797
component_42,component_47,41,46,0.008627093567538324
component_14,component_52,13,51,0.008625828101412658
component_18,component_32,17,31,0.008625726477671236
component_13,component_09,12,8,0.008625545321466976
component_49,component_14,48,13,0.008619303544505463
component_03,component_04,2,3,0.008617694390598896
component_54,component_32,53,31,0.00861766525668628
component_21,component_15,20,14,0.00861497284704793
component_49,component_45,48,44,0.008614907167911134
component_19,component_16,18,15,0.008609231845780219
component_10,component_43,9,42,0.00860508042599406
component_36,component_17,35,16,0.00860120231742112
component_28,component_32,27,31,0.008600121803573835
component_29,component_06,28,5,0.008599137615007635
component_19,component_49,18,48,0.00858939567812067
component_15,component_19,14,18,0.008586405879523085
component_34,component_57,33,56,0.008583271253952862
component_55,component_35,54,34,0.00857814111545574
component_32,component_25,31,24,0.008578022368810778
component_49,component_33,48,32,0.008576207138792036
component_16,component_33,15,32,0.008575450404975982
component_35,component_28,34,27,0.008575016772113031
component_19,component_31,18,30,0.00857495211274939
component_59,component_48,58,47,0.008572831730819797
component_54,component_44,53,43,0.008565342675846743
component_26,component_09,25,8,0.008565212157226831
component_37,component_29,36,28,0.008562507363170102
component_03,component_28,2,27,0.008561474242331002
component_57,component_60,56,59,0.008560192841209346
component_59,component_31,58,30,0.008558509903903833
component_48,component_31,47,30,0.008558182862139052
component_02,component_39,1,38,0.008557018073576561
component_46,component_11,45,10,0.008556648054354632
component_18,component_01,17,0,0.008553279771723155
component_14,component_40,13,39,0.008548434531281401
component_13,component_05,12,4,0.008545342425350988
component_32,component_38,31,37,0.008543723674620196
component_49,component_08,48,7,0.0085435967389218
component_24,component_27,23,26,0.008542875498776858
component_29,component_30,28,29,0.00854051983399362
component_23,component_58,22,57,0.008539539332223178
component_25,component_30,24,29,0.008536129347301191
component_54,component_39,53,38,0.008536115923514664
component_49,component_11,48,10,0.008534684339720044
component_12,component_59,11,58,0.008533630645329637
component_31,component_11,30,10,0.008532756998762103
component_54,component_19,53,18,0.00853238460989214
component_37,component_54,36,53,0.008531724306888755
component_39,component_30,38,29,0.008531464873451355
component_33,component_60,32,59,0.008531365518351208
component_14,component_06,13,5,0.008529566976005931
component_20,component_39,19,38,0.008529420932942955
component_40,component_56,39,55,0.008527333109839219
component_04,component_32,3,31,0.008525311369173671
component_41,component_31,40,30,0.00852422430230737
component_59,component_32,58,31,0.00852306435748762
component_24,component_30,23,29,0.008522885025809224
component_13,component_37,12,36,0.008515225227584189
component_07,component_23,6,22,0.008513966635073977
component_47,component_19,46,18,0.008513804487946697
component_44,component_41,43,40,0.008512227247504889
component_60,component_30,59,29,0.00850972070585776
component_14,component_10,13,9,0.008498371622311485
component_37,component_36,36,35,0.008494298154512858
component_36,component_40,35,39,0.008493269073995613
component_52,component_04,51,3,0.00849152533353692
component_20,component_10,19,9,0.008488795072592925
component_48,component_34,47,33,0.008485909613018539
component_53,component_46,52,45,0.008482777722265133
component_58,component_45,57,44,0.00847455151408294
component_12,component_48,11,47,0.0084723055344047
component_51,component_04,50,3,0.008472165592852576
component_29,component_24,28,23,0.008466668617445272
component_04,component_53,3,52,0.008465338808619993
component_36,component_57,35,56,0.008464861503799881
component_27,component_43,26,42,0.008464815592609476
component_57,component_35,56,34,0.008463909006706238
component_18,component_42,17,41,0.008463319246064138
component_11,component_57,10,56,0.008461840223712436
component_35,component_43,34,42,0.008461487926500588
component_58,component_10,57,9,0.008460414053305776
component_21,component_16,20,15,0.008452493476180933
component_47,component_38,46,37,0.008448918066098265
component_41,component_29,40,28,0.008444983120170058
component_49,component_48,48,47,0.00844268247436597
component_06,component_22,5,21,0.008438967744002213
component_19,component_36,18,35,0.008438806586577918
component_57,component_41,56,40,0.008433909340872958
component_58,component_29,57,28,0.008428324645132435
component_55,component_20,54,19,0.008424885939529059
component_19,component_53,18,52,0.008423448253435772
component_53,component_28,52,27,0.008414661630621545
component_33,component_10,32,9,0.00841369139209025
component_47,component_32,46,31,0.008412811897221317
component_11,component_16,10,15,0.008411746740824455
component_60,component_22,59,21,0.008407658867645829
component_38,component_23,37,22,0.008400789455007995
component_07,component_56,6,55,0.008394333075025795
component_36,component_22,35,21,0.008392461889737746
component_51,component_29,50,28,0.008387315180310217
component_31,component_37,30,36,0.008386994833093908
component_31,component_27,30,26,0.008386109920682117
component_07,component_38,6,37,0.008385533730637995
component_05,component_04,4,3,0.008378347778065454
component_51,component_24,50,23,0.008376603711571562
component_54,component_58,53,57,0.008374224165506039
component_53,component_51,52,50,0.008373495002710563
component_35,component_20,34,19,0.008371779075702968
component_15,component_10,14,9,0.008369453320530518
component_21,component_11,20,10,0.008368545488239398
component_52,component_24,51,23,0.008366297831212233
component_55,component_02,54,1,0.008364113544310214
component_32,component_55,31,54,0.008361986221381734
component_04,component_21,3,20,0.008360951001360029
component_08,component_24,7,23,0.008360194930560727
component_21,component_56,20,55,0.008358924827630787
component_02,component_46,1,45,0.008358671045495925
component_14,component_31,13,30,0.008357195595471545
component_43,component_23,42,22,0.008356149057594742
component_05,component_32,4,31,0.008351272423070988
component_29,component_15,28,14,0.008347333832423587
component_34,component_16,33,15,0.008346271592029275
component_46,component_52,45,51,0.008346230141777156
component_23,component_01,22,0,0.008344480865535076
component_48,component_27,47,26,0.008343787570070482
component_14,component_34,13,33,0.008342335342474527
component_31,component_06,30,5,0.008339687882803482
component_33,component_58,32,57,0.008339578839726691
component_59,component_25,58,24,0.008338936587310108
component_32,component_29,31,28,0.008336060867655704
component_01,component_33,0,32,0.008331393854827951
component_07,component_28,6,27,0.008326694095504461
component_18,component_09,17,8,0.008326331330381187
component_32,component_28,31,27,0.00832575562995208
component_19,component_09,18,8,0.008325017335335971
component_14,component_08,13,7,0.008323331728587569
component_04,component_27,3,26,0.008321631224178727
component_40,component_51,39,50,0.008320999441256305
component_45,component_40,44,39,0.00832080772799415
component_25,component_10,24,9,0.008317630238267704
component_03,component_35,2,34,0.008316641642711176
component_45,component_51,44,50,0.008316196919677665
component_53,component_22,52,21,0.008315971506316355
component_43,component_42,42,41,0.008315352433914569
component_32,component_15,31,14,0.008315258057731256
component_30,component_31,29,30,0.008313418526721517
component_34,component_37,33,36,0.008312978476492816
component_03,component_43,2,42,0.00831193706194533
component_16,component_45,15,44,0.008309917656450061
component_05,component_28,4,27,0.00830962079164177
component_28,component_23,27,22,0.008309612511039788
component_57,component_05,56,4,0.008308045744457537
component_32,component_23,31,22,0.008307781190078245
component_43,component_19,42,18,0.008305702401843362
component_50,component_33,49,32,0.008303590102769931
component_55,component_24,54,23,0.00830318740846181
component_48,component_57,47,56,0.008302435985303891
component_48,component_33,47,32,0.008299681223983502
component_25,component_17,24,16,0.008298659357795835
component_26,component_20,25,19,0.008298324459884654
component_20,component_50,19,49,0.008297088923319151
component_09,component_44,8,43,0.008296784785391864
component_08,component_28,7,27,0.008294911325718246
component_33,component_34,32,33,0.008292204770572909
component_32,component_07,31,6,0.008289130174656378
component_52,component_46,51,45,0.008287822640054898
component_23,component_30,22,29,0.008287707898840146
component_49,component_31,48,30,0.00828577887746862
component_30,component_16,29,15,0.008283112925805192
component_55,component_42,54,41,0.008278960657533752
component_52,component_08,51,7,0.008276060318455514
component_31,component_12,30,11,0.008275068375268813
component_42,component_06,41,5,0.008273803927075107
component_44,component_06,43,5,0.00827310939930559
component_16,component_07,15,6,0.008269218442225945
component_34,component_46,33,45,0.00826900387035634
component_44,component_12,43,11,0.008265432259218386
component_12,component_31,11,30,0.00826425308290002
component_39,component_54,38,53,0.008261203771119163
component_23,component_16,22,15,0.008259998651423572
component_06,component_32,5,31,0.008259585922899326
component_11,component_36,10,35,0.008257790937710396
component_43,component_58,42,57,0.008255362571536473
component_27,component_26,26,25,0.008251519136079022
component_34,component_49,33,48,0.008250263722498374
component_24,component_32,23,31,0.008247134433466474
component_35,component_34,34,33,0.008245867701042187
component_43,component_09,42,8,0.008244591062375406
component_23,component_14,22,13,0.008239195190801851
component_25,component_12,24,11,0.008237713032660743
component_48,component_39,47,38,0.008237687487090195
component_05,component_41,4,40,0.00823699612102402
component_01,component_40,0,39,0.008231641281900792
component_15,component_20,14,19,0.008229277760618103
component_41,component_33,40,32,0.008226703886169418
component_26,component_34,25,33,0.00822510210984051
component_11,component_12,10,11,0.008224513986404336
component_15,component_46,14,45,0.008215767493626736
component_56,component_45,55,44,0.008213725980701359
component_35,component_10,34,9,0.008213122421250496
component_13,component_17,12,16,0.008210250484598447
component_31,component_18,30,17,0.008209703003708935
component_04,component_02,3,1,0.008202696970704526
component_28,component_13,27,12,0.008196267389312784
component_43,component_49,42,48,0.008196080295106434
component_46,component_13,45,12,0.008193422215125423
component_37,component_24,36,23,0.00818681643451935
component_29,component_50,28,49,0.008186597020078068
component_40,component_39,39,38,0.008186516623343465
component_52,component_25,51,24,0.008185424992882773
component_04,component_35,3,34,0.008183178575141614
component_32,component_20,31,19,0.008181558577090797
component_16,component_41,15,40,0.008174221176567187
component_09,component_58,8,57,0.008168409984413927
component_40,component_52,39,51,0.008166352145826394
component_43,component_48,42,47,0.008164855866563236
component_40,component_04,39,3,0.008161464174134103
component_18,component_26,17,25,0.008161349158943842
component_33,component_13,32,12,0.008160636852630354
component_11,component_42,10,41,0.008158053098412221
component_03,component_09,2,8,0.008157677803606767
component_59,component_49,58,48,0.008156636501233105
component_18,component_45,17,44,0.008155898105278503
component_51,component_01,50,0,0.00815540851792207
component_08,component_41,7,40,0.008153376243146049
component_51,component_21,50,20,0.0081522637265099
component_52,component_20,51,19,0.00815205803208885
component_16,component_43,15,42,0.008151159352386195
component_02,component_32,1,31,0.008142697917012498
component_10,component_34,9,33,0.00813945750268008
component_15,component_51,14,50,0.008137132115324075
component_45,component_53,44,52,0.008136540253411262
component_36,component_28,35,27,0.008134840368450025
component_50,component_25,49,24,0.008131486496686158
component_45,component_24,44,23,0.008130054969397449
component_12,component_40,11,39,0.00812997875339283
component_31,component_26,30,25,0.008125904819155316
component_13,component_10,12,9,0.008124431965428336
component_20,component_16,19,15,0.008124392119399637
component_48,component_08,47,7,0.008123704601286086
component_56,component_58,55,57,0.008120382589441366
component_34,component_29,33,28,0.008115402459790921
component_60,component_41,59,40,0.008112957937997045
component_34,component_12,33,11,0.008109655097408464
component_18,component_29,17,28,0.008107667127305263
component_12,component_13,11,12,0.008101331898651587
component_46,component_15,45,14,0.008099331495587059
component_21,component_36,20,35,0.008098323692371956
component_27,component_55,26,54,0.008095503660293435
component_37,component_34,36,33,0.008092991832874041
component_25,component_60,24,59,0.008092018026214287
component_27,component_34,26,33,0.008091255907122452
component_20,component_21,19,20,0.008090259983434933
component_48,component_58,47,57,0.008081607019600145
component_19,component_47,18,46,0.00808081326059984
component_52,component_32,51,31,0.008079555501919966
component_45,component_17,44,16,0.008074942751599146
component_52,component_07,51,6,0.00807472627233885
component_19,component_23,18,22,0.008070786144275477
component_38,component_52,37,51,0.008067527288703857
component_49,component_20,48,19,0.008065767901598075
component_60,component_52,59,51,0.008063280425932629
component_33,component_09,32,8,0.008061899902082725
component_16,component_22,15,21,0.008061150907489267
component_27,component_45,26,44,0.008060953131676651
component_43,component_15,42,14,0.008060267729786297
component_09,component_37,8,36,0.008056655218552589
component_25,component_46,24,45,0.008056651079319188
component_52,component_56,51,55,0.00805497568994662
component_50,component_21,49,20,0.008049124922747453
component_17,component_01,16,0,0.008043981901643349
component_13,component_33,12,32,0.008039557637494976
component_23,component_19,22,18,0.008037172607294085
component_22,component_38,21,37,0.008035272027364648
component_34,component_59,33,58,0.00803522723598249
component_18,component_43,17,42,0.008034276486127645
component_39,component_05,38,4,0.00803073999755144
component_57,component_08,56,7,0.00803030858207121
component_40,component_11,39,10,0.008029266789054468
component_47,component_35,46,34,0.00802802597738772
component_32,component_53,31,52,0.008019304765476853
component_43,component_46,42,45,0.0080186805142195
component_56,component_25,55,24,0.008012796068973316
component_14,component_26,13,25,0.008006610996264207
component_57,component_22,56,21,0.008002176690818708
component_56,component_05,55,4,0.008001832990730318
component_09,component_28,8,27,0.007996739994410973
component_41,component_40,40,39,0.00799132521410062
component_47,component_37,46,36,0.007990801999286923
component_02,component_17,1,16,0.007986826638973987
component_34,component_03,33,2,0.007982284977021692
component_47,component_17,46,16,0.007981811768889013
component_34,component_17,33,16,0.0079752780269291
component_51,component_10,50,9,0.007972243683130209
component_01,component_46,0,45,0.0079709560810457
component_36,component_27,35,26,0.007970107765067791
component_18,component_36,17,35,0.007968811876475357
component_08,component_03,7,2,0.007965867407423666
component_39,component_25,38,24,0.007964850447645944
component_41,component_36,40,35,0.007961252145128217
component_45,component_19,44,18,0.007957726215086502
component_19,component_20,18,19,0.00795703259980085
component_60,component_36,59,35,0.007950065353659053
component_20,component_07,19,6,0.007947865934337273
component_21,component_46,20,45,0.007942702872625329
component_55,component_29,54,28,0.007936606111255795
component_52,component_02,51,1,0.007928463563856347
component_05,component_12,4,11,0.007927517478532486
component_46,component_28,45,27,0.0079270967142131
component_56,component_57,55,56,0.007921082258321555
component_07,component_10,6,9,0.007917307357173442
component_26,component_50,25,49,0.007910525389648093
component_07,component_57,6,56,0.00791036537349532
component_40,component_33,39,32,0.007903543372036914
component_20,component_23,19,22,0.00790342624859619
component_05,component_06,4,5,0.007903055241372137
component_15,component_36,14,35,0.007900119211560419
component_15,component_17,14,16,0.007899654870259454
component_48,component_14,47,13,0.007895367669350506
component_32,component_60,31,59,0.00789507478186735
component_39,component_57,38,56,0.007894749034521364
component_10,component_16,9,15,0.007894388320335288
component_13,component_60,12,59,0.00788788930144202
component_32,component_22,31,21,0.007886218306697668
component_18,component_06,17,5,0.007881963916271939
component_38,component_53,37,52,0.007876312404754948
component_44,component_33,43,32,0.007873553971330605
component_33,component_38,32,37,0.007873505209386344
component_22,component_57,21,56,0.00786510873238866
component_05,component_27,4,26,0.007858399982263897
component_06,component_23,5,22,0.007856917164180466
component_20,component_32,19,31,0.007853020424616552
component_49,component_13,48,12,0.007851675122065416
component_07,component_02,6,1,0.007849694118499784
component_21,component_02,20,1,0.007849172145367511
component_39,component_37,38,36,0.007847900384968298
component_51,component_33,50,32,0.007847309924083667
component_41,component_50,40,49,0.007842806957510717
component_28,component_09,27,8,0.007841521907001159
component_03,component_24,2,23,0.007840336779628032
component_27,component_49,26,48,0.007834590308187117
component_12,component_24,11,23,0.007832402596418042
component_55,component_18,54,17,0.00783020181534333
component_08,component_40,7,39,0.007829321965096003
component_33,component_06,32,5,0.007828444727340234
component_45,component_39,44,38,0.007827114645973854
component_31,component_44,30,43,0.007826972569466406
component_46,component_01,45,0,0.007820802129320015
component_52,component_36,51,35,0.007818647838257142
component_38,component_33,37,32,0.00781769065163651
component_28,component_04,27,3,0.007816913937936931
component_40,component_24,39,23,0.007815044296248352
component_47,component_43,46,42,0.00781282368850178
component_40,component_54,39,53,0.0078122171512742256
component_50,component_07,49,6,0.007810835723657483
component_48,component_53,47,52,0.007804184039115203
component_41,component_43,40,42,0.007803265737986731
component_43,component_05,42,4,0.007798358074771805
component_54,component_28,53,27,0.007795192136121898
component_57,component_53,56,52,0.007789826202678984
component_30,component_41,29,40,0.00778852726747381
component_49,component_22,48,21,0.007787653121793969
component_06,component_51,5,50,0.007786324400870903
component_38,component_22,37,21,0.007785384732420297
component_35,component_36,34,35,0.007782633683469875
component_13,component_39,12,38,0.00777964432871503
component_59,component_21,58,20,0.007778566465132641
component_46,component_03,45,2,0.00777674434768727
component_11,component_03,10,2,0.007773952495936598
component_47,component_28,46,27,0.007772174169816459
component_13,component_44,12,43,0.007770115651585918
component_50,component_26,49,25,0.007764123137825152
component_34,component_38,33,37,0.007762289765131047
component_39,component_15,38,14,0.007761071863561675
component_41,component_17,40,16,0.007758263699478629
component_11,component_45,10,44,0.007754467429665901
component_04,component_56,3,55,0.007752925254464582
component_35,component_56,34,55,0.007752465508975348
component_43,component_38,42,37,0.00775168972589757
component_58,component_38,57,37,0.007747968753390566
component_39,component_24,38,23,0.007745117436888549
component_10,component_04,9,3,0.0077450992131540275
component_22,component_60,21,59,0.007744169346930896
component_43,component_18,42,17,0.007743159379517195
component_06,component_04,5,3,0.007742243916565528
component_41,component_58,40,57,0.007741583262955487
component_49,component_04,48,3,0.007736301927824929
component_48,component_50,47,49,0.0077342022397504095
component_47,component_41,46,40,0.007730027922210336
component_02,component_52,1,51,0.00772793351852874
component_42,component_28,41,27,0.0077182628139036424
component_08,component_58,7,57,0.007714188693141555
component_40,component_13,39,12,0.00771285783174136
component_40,component_19,39,18,0.007709983838304346
component_23,component_27,22,26,0.007708875584267361
component_40,component_02,39,1,0.007706510684923895
component_60,component_23,59,22,0.0077010942198523225
component_60,component_17,59,16,0.007697396263234957
component_45,component_02,44,1,0.007694665567065773
component_54,component_50,53,49,0.007693132827226279
component_05,component_45,4,44,0.007691357213861938
component_18,component_07,17,6,0.007691237215674995
component_20,component_48,19,47,0.007690736266516396
component_48,component_38,47,37,0.0076891543524051364
component_38,component_05,37,4,0.007687194823109422
component_10,component_57,9,56,0.007687011764744955
component_48,component_36,47,35,0.007686517860633124
component_22,component_14,21,13,0.007685850038509301
component_33,component_49,32,48,0.007685810433970541
component_55,component_44,54,43,0.007685016561383762
component_57,component_28,56,27,0.00768374251951176
component_50,component_22,49,21,0.007683235891587259
component_07,component_18,6,17,0.007679719741552571
component_38,component_44,37,43,0.007678547183530782
component_07,component_60,6,59,0.00767405052270087
component_54,component_53,53,52,0.00766982852663789
component_25,component_58,24,57,0.007668959844057355
component_09,component_49,8,48,0.00766668868835918
component_17,component_39,16,38,0.007666399632435095
component_30,component_15,29,14,0.0076660190040529486
component_44,component_25,43,24,0.007664538916801966
component_50,component_04,49,3,0.007663797194813693
component_09,component_48,8,47,0.007661172105015268
component_17,component_23,16,22,0.007658504624904694
component_30,component_57,29,56,0.007652126340022214
component_40,component_10,39,9,0.007645127439713129
component_24,component_45,23,44,0.007642236565713834
component_22,component_03,21,2,0.007639139520100979
component_53,component_49,52,48,0.007638820973228988
component_03,component_07,2,6,0.007637542397250563
component_50,component_46,49,45,0.0076370427098879645
component_47,component_31,46,30,0.00763692737448185
component_26,component_59,25,58,0.007631305214354178
component_45,component_11,44,10,0.007629715486983102
component_13,component_02,12,1,0.0076221612567537456
component_45,component_15,44,14,0.007620353781789824
component_02,component_45,1,44,0.0076199485491961205
component_59,component_09,58,8,0.007613780619016186
component_20,component_54,19,53,0.007613666338172287
component_32,component_16,31,15,0.00760800297256381
component_41,component_25,40,24,0.007605737336866092
component_17,component_19,16,18,0.007604677446404473
component_42,component_14,41,13,0.007600712709014967
component_23,component_43,22,42,0.007599309155252421
component_11,component_48,10,47,0.0075981889271719005
component_05,component_21,4,20,0.007597576975880926
component_14,component_33,13,32,0.007590581946870678
component_38,component_25,37,24,0.007588761758240636
component_47,component_26,46,25,0.0075880016099407754
component_33,component_48,32,47,0.007587183179978307
component_41,component_03,40,2,0.0075807768969795575
component_56,component_38,55,37,0.007579994670487977
component_23,component_05,22,4,0.007579825821854236
component_46,component_19,45,18,0.007577956570830047
component_46,component_10,45,9,0.007577944824416427
component_49,component_02,48,1,0.007565523368982419
component_39,component_42,38,41,0.007565168154270108
component_20,component_11,19,10,0.007563707656451868
component_15,component_49,14,48,0.007559811938595118
component_10,component_18,9,17,0.007558469298118098
component_54,component_10,53,9,0.007558194410533403
component_32,component_35,31,34,0.007554557607325485
component_51,component_30,50,29,0.007551249959224293
component_27,component_40,26,39,0.007549004203519338
component_45,component_10,44,9,0.00754646830952499
component_27,component_38,26,37,0.007545301034994623
component_27,component_08,26,7,0.007542770823845135
component_25,component_53,24,52,0.007537689317760332
component_10,component_17,9,16,0.007533307479183016
component_59,component_34,58,33,0.0075313114700303885
component_40,component_18,39,17,0.007530669498914566
component_56,component_42,55,41,0.007528947734047886
component_57,component_46,56,45,0.007527725846578015
component_30,component_20,29,19,0.0075264479870598144
component_59,component_15,58,14,0.007518117377744549
component_40,component_55,39,54,0.007516495496250553
component_43,component_45,42,44,0.00751605395705468
component_05,component_34,4,33,0.007514543749330471
component_60,component_07,59,6,0.007510341665704079
component_31,component_54,30,53,0.007505140465966953
component_28,component_15,27,14,0.007504543624387239
component_22,component_01,21,0,0.007502531813784685
component_39,component_01,38,0,0.007496011857111462
component_13,component_15,12,14,0.007494751771941033
component_48,component_41,47,40,0.007493680095253197
component_51,component_49,50,48,0.0074870719025397214
component_24,component_19,23,18,0.007482343754525722
component_42,component_51,41,50,0.007482082459982831
component_49,component_36,48,35,0.00747913983151971
component_29,component_40,28,39,0.007473214719722954
component_44,component_58,43,57,0.007471513975738642
component_22,component_41,21,40,0.0074688546344297
component_25,component_59,24,58,0.007465127544117323
component_03,component_33,2,32,0.007463341443700422
component_18,component_52,17,51,0.007460353823682819
component_21,component_51,20,50,0.007458520698446769
component_07,component_04,6,3,0.007455960245030369
component_37,component_19,36,18,0.0074546471812082515
component_14,component_60,13,59,0.007452133513527581
component_31,component_58,30,57,0.007450615622753176
component_28,component_05,27,4,0.007446135780891705
component_41,component_57,40,56,0.0074376119350847425
component_41,component_28,40,27,0.007433086099095654
component_58,component_36,57,35,0.007430382361762078
component_54,component_13,53,12,0.007428270981097995
component_10,component_15,9,14,0.007421932718914448
component_53,component_14,52,13,0.007416639476354181
component_46,component_35,45,34,0.007414981672454246
component_09,component_30,8,29,0.007414803240381573
component_41,component_49,40,48,0.007414131762689458
component_47,component_59,46,58,0.007413465957990972
component_37,component_55,36,54,0.0074081146367888095
component_06,component_47,5,46,0.007401943032558478
component_10,component_11,9,10,0.007401593401000994
component_16,component_56,15,55,0.007398157017669327
component_23,component_29,22,28,0.007394715800260521
component_15,component_48,14,47,0.0073934361649321545
component_38,component_31,37,30,0.007388989945070534
component_28,component_34,27,33,0.007388701389238861
component_43,component_04,42,3,0.007388642844472493
component_27,component_30,26,29,0.00738765770131522
component_45,component_41,44,40,0.007381036352911874
component_02,component_04,1,3,0.007379370094739102
component_28,component_36,27,35,0.0073733861250344646
component_17,component_27,16,26,0.007372009842965266
component_07,component_22,6,21,0.00736825329015911
component_47,component_42,46,41,0.007365732496540822
component_28,component_03,27,2,0.00736008143808764
component_45,component_01,44,0,0.007352691751569829
component_14,component_24,13,23,0.00735254654102091
component_45,component_35,44,34,0.007350046854170067
component_09,component_51,8,50,0.007346660270344252
component_12,component_42,11,41,0.007342928641807411
component_03,component_12,2,11,0.007332129893664607
component_20,component_58,19,57,0.007330314789317782
component_37,component_23,36,22,0.007328339500022096
component_42,component_05,41,4,0.007327179766925873
component_41,component_06,40,5,0.00732046901341743
component_28,component_53,27,52,0.007319313230149671
component_49,component_10,48,9,0.007319207492849422
component_12,component_11,11,10,0.007311603224782637
component_29,component_31,28,30,0.007308229393265808
component_47,component_04,46,3,0.007304737136341721
component_31,component_51,30,50,0.007300377444689143
component_58,component_16,57,15,0.0073002275290949825
component_34,component_04,33,3,0.007297989003791194
component_59,component_55,58,54,0.007296301626463109
component_21,component_22,20,21,0.00729524692806649
component_45,component_13,44,12,0.007289163787219
component_44,component_34,43,33,0.00728715377257938
component_18,component_47,17,46,0.007279616367769304
component_11,component_39,10,38,0.007279030870032344
component_10,component_37,9,36,0.007273493446085855
component_51,component_11,50,10,0.0072716180864027535
component_02,component_10,1,9,0.007267617222137979
component_40,component_01,39,0,0.0072571878945382196
component_07,component_09,6,8,0.007253290603474127
component_58,component_25,57,24,0.007250213895821034
component_04,component_60,3,59,0.007247022868257069
component_55,component_50,54,49,0.007239391958167474
component_23,component_55,22,54,0.007238092084135506
component_55,component_28,54,27,0.007237895188478838
component_31,component_03,30,2,0.007236944442566173
component_25,component_48,24,47,0.007235360897838383
component_22,component_48,21,47,0.007230136357133432
component_39,component_51,38,50,0.007229171718362792
component_43,component_44,42,43,0.00722889896807688
component_60,component_08,59,7,0.007226157732128868
component_56,component_53,55,52,0.007224515428644107
component_28,component_26,27,25,0.00722164864225272
component_41,component_47,40,46,0.007220099679696723
component_42,component_13,41,12,0.007219319201429819
component_04,component_01,3,0,0.007218075186284256
component_20,component_56,19,55,0.007217012863759642
component_26,component_53,25,52,0.0072105610659827235
component_26,component_07,25,6,0.007206715390278173
component_33,component_14,32,13,0.007203556636547148
component_43,component_17,42,16,0.007203342668451462
component_27,component_48,26,47,0.007196706956761112
component_42,component_29,41,28,0.00719634152625348
component_55,component_21,54,20,0.007196110466920924
component_37,component_30,36,29,0.0071911214732534035
component_27,component_53,26,52,0.007184168342567077
component_17,component_25,16,24,0.0071834200164477835
component_04,component_44,3,43,0.007180333081978851
component_09,component_03,8,2,0.007178179671608831
component_47,component_09,46,8,0.007177395047827773
component_13,component_22,12,21,0.00716915772072646
component_51,component_32,50,31,0.007165809051740801
component_07,component_58,6,57,0.0071649424316326815
component_53,component_10,52,9,0.007164570192905728
component_58,component_23,57,22,0.007163419987181285
component_37,component_49,36,48,0.0071585947621111146
component_52,component_51,51,50,0.007151484469673619
component_07,component_14,6,13,0.007151356658502639
component_34,component_44,33,43,0.007145937104312328
component_08,component_23,7,22,0.007139052623642783
component_01,component_03,0,2,0.007132284521595089
component_17,component_35,16,34,0.00712343081784006
component_23,component_03,22,2,0.00711487174714609
component_27,component_60,26,59,0.007109727674169619
component_24,component_06,23,5,0.007102891142287682
component_45,component_37,44,36,0.007102487743757102
component_55,component_53,54,52,0.007087974018357812
component_46,component_36,45,35,0.007083183531742865
component_23,component_20,22,19,0.007080035864820644
component_37,component_26,36,25,0.007077758634341347
component_37,component_08,36,7,0.007077285071018569
component_09,component_04,8,3,0.007074823259221041
component_35,component_01,34,0,0.007063695156245053
component_45,component_03,44,2,0.007061719234738195
component_37,component_48,36,47,0.007057738960605242
component_32,component_30,31,29,0.007052655419129028
component_39,component_55,38,54,0.007038667009401589
component_06,component_41,5,40,0.007035338793919266
component_11,component_32,10,31,0.00703061024371987
component_29,component_45,28,44,0.007030130567977633
component_58,component_19,57,18,0.007023734565370976
component_53,component_40,52,39,0.007022531356779105
component_50,component_32,49,31,0.007016730111561564
component_46,component_32,45,31,0.007015467008395504
component_39,component_07,38,6,0.00701516379194711
component_55,component_17,54,16,0.007012332614072747
component_52,component_18,51,17,0.007008403917371897
component_21,component_14,20,13,0.007001857512799248
component_23,component_59,22,58,0.006971786602166574
component_17,component_21,16,20,0.006970144342986817
component_50,component_19,49,18,0.00696919306476218
component_09,component_05,8,4,0.00696803272343427
component_09,component_50,8,49,0.006959001459466485
component_35,component_14,34,13,0.00695480396578585
component_10,component_19,9,18,0.006952046017659974
component_18,component_60,17,59,0.006949873032801257
component_56,component_27,55,26,0.006948294040868497
component_21,component_26,20,25,0.006947089750694246
component_19,component_21,18,20,0.0069466636100026236
component_01,component_11,0,10,0.006944463859655414
component_24,component_42,23,41,0.006931630106705278
component_07,component_43,6,42,0.006930719599712365
component_21,component_03,20,2,0.006925458926930084
component_55,component_59,54,58,0.006921220343856671
component_41,component_45,40,44,0.006902043305960781
component_18,component_04,17,3,0.0068977742567684075
component_16,component_24,15,23,0.006897385004588585
component_41,component_30,40,29,0.006892996391542283
component_15,component_05,14,4,0.006878505549523517
component_34,component_19,33,18,0.006876942856308688
component_59,component_46,58,45,0.006876814193080172
component_18,component_20,17,19,0.006876016829260756
component_18,component_48,17,47,0.006875816744452923
component_19,component_10,18,9,0.006863045821676295
component_52,component_09,51,8,0.006854664238318264
component_39,component_13,38,12,0.006853244013242055
component_25,component_43,24,42,0.006852911102667392
component_45,component_48,44,47,0.006849584053275848
component_43,component_33,42,32,0.006842094987880465
component_32,component_48,31,47,0.006837524035602893
component_22,component_46,21,45,0.006836596479720125
component_40,component_59,39,58,0.0068145602023346186
component_18,component_02,17,1,0.006810020018630958
component_44,component_19,43,18,0.006803596359788777
component_55,component_37,54,36,0.0067971592356323995
component_55,component_06,54,5,0.006785252733130687
component_18,component_28,17,27,0.006781977349998414
component_30,component_53,29,52,0.006772986820759108
component_50,component_28,49,27,0.006761244193358884
component_43,component_21,42,20,0.006758573939295243
component_18,component_19,17,18,0.006756592540052342
component_44,component_14,43,13,0.006750061735610213
component_28,component_07,27,6,0.0067498478445600085
component_07,component_24,6,23,0.006748953699572624
component_06,component_11,5,10,0.006746628278230027
component_40,component_25,39,24,0.006743351892496197
component_46,component_37,45,36,0.0067424063557641745
component_39,component_11,38,10,0.006739240540194924
component_55,component_01,54,0,0.006729750719633998
component_06,component_17,5,16,0.006723684699589949
component_31,component_47,30,46,0.006717856590334748
component_45,component_16,44,15,0.006716488873177884
component_14,component_55,13,54,0.006711243377441001
component_54,component_60,53,59,0.006706292473251274
component_32,component_03,31,2,0.006699900607697096
component_43,component_11,42,10,0.006694489870614273
component_46,component_30,45,29,0.006689495239213361
component_21,component_37,20,36,0.006688372590044178
component_57,component_48,56,47,0.00668408291626843
component_46,component_41,45,40,0.006681978352195195
component_47,component_58,46,57,0.006680424422036424
component_05,component_14,4,13,0.006678636324488174
component_10,component_13,9,12,0.0066759853388846935
component_51,component_14,50,13,0.006674737346408666
component_36,component_25,35,24,0.0066732367339836784
component_04,component_46,3,45,0.006672862400613155
component_03,component_25,2,24,0.006659304132565325
component_45,component_30,44,29,0.006657867360789105
component_58,component_52,57,51,0.006657285588500539
component_08,component_33,7,32,0.006648691835280829
component_60,component_25,59,24,0.006638590278304157
component_28,component_20,27,19,0.006638283410022261
component_54,component_07,53,6,0.006635209490879479
component_09,component_25,8,24,0.006634699404076905
component_31,component_04,30,3,0.006622257398865017
component_60,component_31,59,30,0.0066060833754959525
component_57,component_21,56,20,0.0066035720904058515
component_40,component_09,39,8,0.006592917536704768
component_26,component_41,25,40,0.0065901234585048485
component_53,component_31,52,30,0.0065771350922716465
component_21,component_17,20,16,0.006565920528255553
component_34,component_47,33,46,0.006564258859576011
component_22,component_35,21,34,0.006560276210658689
component_14,component_46,13,45,0.0065538769846567035
component_36,component_44,35,43,0.006544366459795281
component_48,component_13,47,12,0.006528169215696877
component_43,component_51,42,50,0.006525359633578809
component_39,component_08,38,7,0.006523407473008724
component_22,component_02,21,1,0.006518382321586191
component_11,component_06,10,5,0.006517931940380972
component_04,component_40,3,39,0.006516288282440108
component_41,component_24,40,23,0.006511939218662555
component_42,component_37,41,36,0.006510473379829129
component_14,component_16,13,15,0.006497548714618162
component_21,component_19,20,18,0.006490596534321824
component_59,component_60,58,59,0.006475840984613068
component_45,component_47,44,46,0.006469318301203231
component_20,component_34,19,33,0.006447031220849997
component_21,component_10,20,9,0.006446453122101126
component_23,component_02,22,1,0.006445997534080483
component_13,component_14,12,13,0.006442132622163754
component_51,component_22,50,21,0.0064355751981746145
component_31,component_01,30,0,0.0064349071250395795
component_02,component_48,1,47,0.006432376391141581
component_34,component_55,33,54,0.00643071053517108
component_04,component_48,3,47,0.006430250886760636
component_54,component_02,53,1,0.006428150681791145
component_39,component_40,38,39,0.00642478058340501
component_14,component_18,13,17,0.0064246789408151095
component_21,component_54,20,53,0.006424277063204364
component_37,component_35,36,34,0.006419960331719654
component_10,component_42,9,41,0.006411565549001796
component_12,component_38,11,37,0.006409343169515136
component_52,component_03,51,2,0.006405925445316818
component_25,component_20,24,19,0.0064007076004024555
component_46,component_31,45,30,0.006394248122832735
component_30,component_52,29,51,0.006393362536229574
component_24,component_17,23,16,0.006386573056267331
component_44,component_36,43,35,0.006382788256153127
component_46,component_05,45,4,0.006373035562578178
component_13,component_47,12,46,0.006360817875528113
component_49,component_56,48,55,0.006353777818003614
component_52,component_10,51,9,0.006353135585436931
component_26,component_35,25,34,0.006345118383583426
component_27,component_56,26,55,0.006328104875410467
component_09,component_23,8,22,0.0063143254910249524
component_05,component_26,4,25,0.006311954413090071
component_11,component_49,10,48,0.006305842872602163
component_25,component_44,24,43,0.006305773662696801
component_50,component_40,49,39,0.006285880743893024
component_49,component_09,48,8,0.006285789986415047
component_24,component_58,23,57,0.006275004223662783
component_16,component_11,15,10,0.006267224075925171
component_58,component_31,57,30,0.006266669729364516
component_50,component_44,49,43,0.006263355253784297
component_10,component_20,9,19,0.00625555174195469
component_19,component_11,18,10,0.006255217887956466
component_28,component_31,27,30,0.0062504703692578545
component_04,component_16,3,15,0.006246938182818518
component_09,component_35,8,34,0.0062409253491075845
component_57,component_01,56,0,0.006226265818528365
component_39,component_52,38,51,0.006224432370659727
component_55,component_23,54,22,0.006223318448169479
component_43,component_41,42,40,0.006221716168364644
component_54,component_45,53,44,0.006204337675352889
component_50,component_29,49,28,0.006202350461140593
component_02,component_05,1,4,0.006188951307058321
component_36,component_29,35,28,0.006181530433032378
component_21,component_43,20,42,0.006176976645456023
component_49,component_42,48,41,0.006161959468960809
component_07,component_19,6,18,0.006158318170881305
component_51,component_03,50,2,0.006154897847265417
component_56,component_49,55,48,0.0061526599458865405
component_55,component_16,54,15,0.006094814380320113
component_55,component_49,54,48,0.006064134905856999
component_59,component_05,58,4,0.006061066344936972
component_44,component_52,43,51,0.00605964326018249
component_30,component_33,29,32,0.006057110523334686
component_54,component_11,53,10,0.00605152914447693
component_06,component_24,5,23,0.0060418511000461805
component_11,component_43,10,42,0.006041557104377926
component_30,component_32,29,31,0.006034829714419043
component_22,component_36,21,35,0.006029929812729762
component_12,component_36,11,35,0.006029446195809918
component_57,component_03,56,2,0.006018465029611786
component_20,component_19,19,18,0.006010111852542632
component_34,component_28,33,27,0.0059910901744091305
component_27,component_16,26,15,0.005988670942073782
component_30,component_05,29,4,0.005976425832177501
component_17,component_50,16,49,0.005971726569243607
component_24,component_52,23,51,0.005965370426733063
component_53,component_04,52,3,0.005958553782554166
component_50,component_38,49,37,0.00595138884399482
component_37,component_38,36,37,0.005939779777857979
component_57,component_07,56,6,0.005939698295864382
component_07,component_36,6,35,0.005939444431396268
component_04,component_42,3,41,0.0059385068365354066
component_04,component_52,3,51,0.005935577341367626
component_39,component_22,38,21,0.005931845106137423
component_24,component_40,23,39,0.005926170264011432
component_07,component_12,6,11,0.005898740054961493
component_43,component_03,42,2,0.005884208803891955
component_31,component_39,30,38,0.0058807458936604995
component_26,component_10,25,9,0.0058781321150878085
component_47,component_33,46,32,0.005864619457391029
component_33,component_40,32,39,0.005846077078967227
component_51,component_35,50,34,0.005839823994100879
component_24,component_18,23,17,0.005827911625509774
component_14,component_35,13,34,0.005810920837381772
component_17,component_55,16,54,0.005756652723616806
component_05,component_43,4,42,0.005754438193233291
component_21,component_32,20,31,0.00573853752917719
component_37,component_21,36,20,0.005699563390680673
component_16,component_31,15,30,0.0056943584542779035
component_46,component_06,45,5,0.0056887390015742945
component_35,component_31,34,30,0.005659891562284081
component_58,component_12,57,11,0.005652395194865711
component_46,component_58,45,57,0.005649476545368959
component_27,component_11,26,10,0.005641585691568807
component_15,component_44,14,43,0.00563033768907939
component_04,component_33,3,32,0.005605312273322838
component_18,component_37,17,36,0.005571965584618255
component_32,component_24,31,23,0.005556960443441561
component_30,component_04,29,3,0.005509860945144496
component_45,component_25,44,24,0.005505150747575183
component_09,component_45,8,44,0.00545660149668592
component_47,component_53,46,52,0.005394710349480469
component_26,component_02,25,1,0.005349637041145439
component_03,component_22,2,21,0.005327938591423553
component_12,component_27,11,26,0.005325151198989353
component_01,component_23,0,22,0.005316939328300574
component_31,component_53,30,52,0.005301188456774852
component_40,component_03,39,2,0.005288028342859796
component_56,component_41,55,40,0.005273309155185757
component_24,component_57,23,56,0.005238733554931763
component_30,component_18,29,17,0.005212480702634359
component_23,component_26,22,25,0.005168445783267472
component_60,component_11,59,10,0.005150530026277078
component_49,component_01,48,0,0.005078579493586588
component_14,component_13,13,12,0.005056100719695866
component_40,component_07,39,6,0.005047258009298616
component_48,component_04,47,3,0.004883103978136738
component_21,component_04,20,3,0.004849712729173117
component_52,component_37,51,36,0.004816273691685247
component_55,component_03,54,2,0.004795869389141227
component_02,component_41,1,40,0.004737817575854564
component_39,component_29,38,28,0.004681769990539486
component_08,component_25,7,24,0.004665352568447023
component_56,component_36,55,35,0.004639694350020207
component_36,component_32,35,31,0.0045948980256746985
component_56,component_08,55,7,0.004494051116675557
