source,target,lag,total_effect
0,1,1,-0.05644675933088539
0,9,1,-0.2810263093551788
0,18,1,0.08695464044463613
0,21,1,-0.1512342844915679
0,30,1,-0.29400813211841614
0,35,1,0.07719358725662215
0,38,1,0.14680473582911485
0,42,1,-0.06188731726099919
0,47,1,-0.15823681829542247
0,54,1,0.06134405007157473
0,59,1,0.11263854464775015
1,8,1,0.18600713197349578
1,13,1,-0.08628716180550619
1,15,1,0.0804878154177219
1,17,1,0.07956524036806215
1,30,1,0.14864079595891078
1,32,1,-0.08433276257562836
1,35,1,0.04059783773554997
1,37,1,0.058477074523666586
1,47,1,-0.14429251810363616
1,49,1,0.08739342462799546
1,51,1,0.1290018041177602
1,57,1,0.04724030357401603
2,5,1,-0.10619775694664996
2,8,1,-0.14012095225931792
2,9,1,-0.1836004040247032
2,12,1,0.09698246318092468
2,13,1,-0.1374593549768499
2,16,1,0.11087163684038426
2,18,1,-0.12205473286098482
2,19,1,-0.08833701506638758
2,23,1,-0.07948566200928375
2,30,1,-0.07030218494483552
2,31,1,0.11264868318266805
2,34,1,0.11044045532799959
2,37,1,-0.06686296379455856
2,39,1,0.1200022336831768
2,42,1,0.16897833530578726
2,44,1,-0.13535259306266026
2,48,1,-0.11601549744225875
2,55,1,-0.12895811592008324
2,56,1,-0.0582248784125077
2,57,1,-0.08582679029005638
2,59,1,-0.1670499007994681
3,1,1,-0.10704092083958108
3,2,1,0.12229803990648615
3,8,1,0.07475717832649437
3,12,1,0.07144528130571155
3,14,1,-0.07275419539769691
3,25,1,0.10065035869510448
3,28,1,-0.04279085311328529
3,29,1,-0.14198564652530968
3,31,1,-0.08218564222339111
3,35,1,0.09589430331827321
3,36,1,0.04353501349942425
3,43,1,-0.1051149127846129
3,54,1,0.11386539411408145
3,57,1,0.09780860678645131
4,6,1,0.07295535687137333
4,9,1,0.11914870125678823
4,14,1,0.07019767856819083
4,23,1,0.16025053613846024
4,25,1,-0.1718018535536905
4,30,1,0.1736142237447993
4,38,1,-0.13144982979988512
4,39,1,-0.19175713129976604
4,40,1,-0.09992803888232113
4,47,1,0.07623776631765715
4,53,1,-0.17583809151253693
5,21,1,0.04218571246395665
5,27,1,-0.08797181688809012
5,40,1,0.1294960986545886
5,55,1,0.16602025823730493
5,58,1,-0.09744159458506105
6,1,1,-0.09851949257041054
6,2,1,0.20786768497100408
6,7,1,0.06108681577980454
6,10,1,-0.14333267484665288
6,12,1,-0.12515216869442913
6,18,1,-0.041825005665626726
6,19,1,-0.1602299588950814
6,21,1,0.06862178487329901
6,24,1,0.0862783357481458
6,25,1,0.09256335304384722
6,34,1,0.07537045747137082
6,39,1,0.06495463341062149
6,41,1,-0.11532428873264398
6,44,1,-0.10248727371215029
6,48,1,-0.06923800373035169
6,52,1,-0.07834644666868944
6,56,1,-0.05738144531922402
6,58,1,-0.06369811899640199
7,10,1,0.041793325080078866
7,11,1,-0.057206419115245925
7,13,1,-0.13894489493976403
7,27,1,-0.06636924167290137
7,29,1,0.09547748691983793
7,31,1,-0.07371285387172548
7,32,1,-0.07434229481823085
7,49,1,0.09861258685428945
7,52,1,-0.11424811349989529
7,56,1,-0.05786260846088392
8,6,1,-0.06459889016555342
8,10,1,0.06966054429834344
8,14,1,0.04253603084560636
8,18,1,-0.10453752083869533
8,24,1,-0.0927211108801422
8,27,1,-0.08700809061331387
8,30,1,0.04328663893289429
8,37,1,0.05028397002240607
8,41,1,0.06601500014577986
8,44,1,-0.09656814640499636
8,57,1,-0.08525480813613417
8,59,1,-0.059413519576720565
9,24,1,0.06654643759486711
9,46,1,-0.23887928246209855
9,53,1,-0.09788732200891424
9,54,1,0.05396417828011664
10,2,1,-0.10590416855216803
10,7,1,-0.12820364815531854
10,8,1,-0.14122481921211577
10,11,1,-0.0963550804234398
10,17,1,0.07155830637952593
10,24,1,-0.0593023915952403
10,35,1,0.08382733098222342
10,36,1,-0.042995027307726204
10,38,1,0.07513258848872736
10,39,1,0.06150306096602501
10,42,1,-0.08429546776243353
10,49,1,0.0548186095469985
10,52,1,0.09160875805608126
11,4,1,0.0836535278143755
11,14,1,-0.13435418410026437
11,21,1,0.08969905556888612
11,22,1,0.0693388259009106
11,23,1,-0.07075969342481007
11,26,1,0.12166573864920413
11,34,1,0.1517940919116507
11,36,1,0.07017568372887735
11,42,1,0.06451118529438568
11,43,1,-0.04587221498896459
11,48,1,-0.049451188930557916
11,50,1,0.0539614535413608
11,52,1,-0.07531175528135657
11,56,1,-0.047928105122796
12,0,1,-0.07582188976233403
12,3,1,-0.07559530075810661
12,5,1,0.047435727834209206
12,10,1,0.045163734795031975
12,18,1,-0.09099691326327708
12,29,1,0.05352119982328991
12,42,1,0.04636638898498315
12,51,1,-0.05343423501475055
13,1,1,0.10565817734672128
13,2,1,0.09245724698234375
13,3,1,0.08860085286918624
13,11,1,0.06550352874323648
13,12,1,0.051920339928759204
13,16,1,0.03981817919226272
13,23,1,0.05830319184533124
13,27,1,0.06808268162155462
13,29,1,-0.07611986194421566
13,30,1,-0.10507730520977233
13,39,1,0.1164378038302688
13,45,1,-0.06445677507668823
13,52,1,0.08110191476418384
13,55,1,0.07510342665246117
13,57,1,0.07701314941803343
14,7,1,-0.07061285119205354
14,8,1,-0.03997761598187537
14,11,1,0.08144737807859276
14,12,1,-0.057997999634443645
14,18,1,0.05294174323564529
14,20,1,0.04680557917928344
14,23,1,-0.06364166219866085
14,24,1,0.0409011883439652
14,30,1,-0.06255970502743363
14,48,1,-0.0456864512789307
14,51,1,0.07980570513376982
14,58,1,0.07014806888659793
15,0,1,0.06536501438264485
15,7,1,-0.06916439373495696
15,16,1,-0.0574220176263241
15,19,1,-0.06913733641357922
15,29,1,0.08183636714992205
15,38,1,0.05691201089773738
15,42,1,0.059748235452934194
15,43,1,0.09566917154979343
15,46,1,-0.05148877460011658
15,47,1,0.05567739102381817
15,48,1,0.05503925280556951
15,54,1,0.07876103985833816
15,55,1,-0.07091856899988343
15,57,1,0.08407277860603098
15,58,1,0.08582812287154898
16,3,1,-0.05042345474714954
16,4,1,0.08167367089749163
16,9,1,0.05573273078070507
16,10,1,0.0410723055758653
16,11,1,0.06482450716808924
16,15,1,0.08072373403212915
16,25,1,0.04890877059230623
16,31,1,0.09504051902908733
16,44,1,0.12108252343883034
16,46,1,0.06131166678673834
16,48,1,-0.07815068863591425
17,0,1,-0.08643350838724176
17,1,1,-0.0883070988469712
17,2,1,0.09719955361615248
17,3,1,-0.05230791331130102
17,8,1,-0.10992617497704078
17,9,1,0.06464942536363755
17,11,1,0.09117634243411851
17,20,1,0.07088509981030457
17,31,1,0.07503557579846498
17,33,1,-0.09053697607765847
17,46,1,-0.09406127449517543
17,47,1,0.05914773604819477
17,54,1,-0.10768637210066774
18,2,1,0.10906033899412447
18,3,1,0.08483258535183524
18,7,1,-0.08793797050387833
18,8,1,0.04344031059490185
18,23,1,-0.06642804011125233
18,24,1,-0.09483015254826743
18,25,1,0.05830275511543102
18,35,1,-0.11260602221934661
18,45,1,-0.05757892558095563
18,49,1,-0.08191019766380332
18,55,1,-0.07362132598573203
19,13,1,-0.0789934491415801
19,20,1,-0.0889058287764059
19,40,1,0.10876750366544348
19,46,1,0.07643567094039655
19,48,1,0.07256291299661795
19,52,1,0.10642920761148743
20,3,1,-0.09037312498884992
20,6,1,0.07090452518839908
20,36,1,0.06789646530675197
20,41,1,-0.08281329931858455
20,43,1,-0.10225850437181896
20,45,1,-0.06364337231523454
20,51,1,-0.10157673866546486
20,56,1,0.13931294146144954
21,0,1,0.09469957581479446
21,2,1,0.09490615081170549
21,6,1,-0.09995549366701803
21,7,1,-0.08251560973516607
21,9,1,-0.12751847834096122
21,13,1,-0.11108586736574033
21,14,1,-0.05094488173311971
21,15,1,0.13255887379823098
21,23,1,-0.06454850406967028
21,25,1,0.08468003857211732
21,33,1,-0.04923453555436598
21,39,1,0.05460453828802923
21,41,1,0.04323022049691376
21,54,1,0.061791529418220505
21,59,1,-0.04639595589554309
22,0,1,-0.09080921317333279
22,1,1,-0.09140231914600473
22,5,1,0.1022723229174931
22,9,1,0.07806737258394474
22,12,1,-0.0687104487930266
22,15,1,0.05830163890815467
22,17,1,-0.07797055529001812
22,20,1,-0.0639671470981101
22,26,1,-0.05701426590350252
22,27,1,-0.16579770256136858
22,36,1,0.09920078220543316
22,39,1,-0.13867273044394646
22,45,1,0.05878880382566972
22,53,1,0.1018318299459343
23,15,1,0.04138671420819553
23,22,1,0.0976533827486469
23,24,1,0.044504510014525066
23,29,1,0.0789356550971215
23,34,1,-0.04452253029894092
23,35,1,0.07104740253638642
23,43,1,0.11964303427032599
23,45,1,0.08091424322402517
23,46,1,0.15789507905554426
23,53,1,0.14200734822734606
24,6,1,-0.06568263473879712
24,7,1,0.08078359151572652
24,17,1,0.08513053145305058
24,21,1,-0.07958726819885524
24,25,1,0.040941624658549385
24,28,1,-0.057263293959247785
24,37,1,0.0708273045682879
24,38,1,0.10328351181948772
24,45,1,-0.05501726350396236
24,56,1,0.0671091410600591
25,1,1,0.05447615400411784
25,4,1,-0.0782225213974298
25,6,1,0.05764728004514687
25,11,1,-0.061152258860477794
26,0,1,0.05696530326605672
26,2,1,-0.05190104348982816
26,11,1,-0.1068176415291468
26,20,1,-0.0435776199593116
26,22,1,-0.09351124532888075
26,25,1,-0.04822957036692679
26,34,1,-0.0634185169137752
26,47,1,-0.0782417315003722
26,57,1,-0.057003111111702955
27,2,1,0.09021554881217472
27,5,1,0.09161088843928467
27,11,1,0.0543182641304525
27,19,1,0.06673672278951694
27,34,1,0.050973439874060354
27,42,1,0.06089004405027957
27,43,1,-0.06768663479778439
27,48,1,-0.13982246518069727
27,52,1,-0.09561051419346796
28,0,1,-0.04222306865194448
28,4,1,0.09685814572912078
28,5,1,0.05763355499301046
28,7,1,0.06225152123050054
28,12,1,-0.08909511147426744
28,18,1,0.05153006548822938
28,19,1,-0.10464576191550462
28,20,1,0.06739938158449106
28,21,1,0.04760774746244277
28,36,1,0.061805000360245235
28,47,1,0.09234513995194323
28,51,1,-0.05959574200009229
28,55,1,0.17432177658453543
28,58,1,-0.0746243461951031
29,0,1,0.04682074970147322
29,2,1,0.07167397384608791
29,10,1,-0.06615998065444267
29,32,1,-0.09185673063516132
29,44,1,-0.08222248474425783
30,12,1,-0.05372213957648866
30,18,1,-0.07905607429003501
30,23,1,-0.05524210168509096
31,4,1,-0.06739445234618412
31,6,1,0.05118693287174375
31,11,1,-0.06557051899925287
31,14,1,0.07541011118582884
31,28,1,0.0436477349390446
31,32,1,-0.055363986467425
31,35,1,-0.04373119664381333
31,41,1,-0.07072417786122073
31,49,1,0.04846687380921768
31,56,1,0.05715152415620849
32,1,1,0.04632521332089114
32,3,1,0.053681201622408234
32,5,1,-0.060803737723345894
32,6,1,0.05961658808015956
32,8,1,0.07720415221819468
32,9,1,-0.08049637261336423
32,11,1,-0.10370364037509959
32,12,1,0.0761816912238858
32,29,1,0.07741030483962509
32,33,1,0.0933131831737511
32,34,1,0.0640335586062557
32,45,1,0.04328056971733455
32,49,1,0.08060836275623251
32,52,1,-0.12623017634224115
33,9,1,-0.061112342792954376
33,10,1,-0.08875216231478729
33,34,1,-0.04601497011344832
33,52,1,0.04968811464282024
33,54,1,0.046636830546612655
34,1,1,-0.0466036567355207
34,3,1,-0.10740273341997043
34,5,1,0.04308815446366975
34,8,1,-0.05319996673335124
34,22,1,0.03991268870431044
34,23,1,0.04410376531055709
34,55,1,0.058835411900917095
35,2,1,0.11092372432092408
35,6,1,-0.04478012963393744
35,7,1,0.04887320208455512
35,8,1,0.06665853981934829
35,9,1,-0.061300531348397344
35,21,1,0.05399174223934383
35,30,1,-0.04821009626977344
35,36,1,0.07910549040092495
35,56,1,0.057956659498522765
36,0,1,0.041476909387015225
36,5,1,-0.05319367993666196
36,7,1,-0.058552028852883096
36,11,1,-0.06813397166085856
36,16,1,-0.07463676801414904
36,17,1,0.05515769560583878
36,19,1,0.0695061822817345
36,22,1,-0.04597895886839828
36,26,1,-0.077699196640653
36,42,1,0.08623087442817065
36,43,1,0.07442523620751018
36,44,1,-0.06565260531341521
37,2,1,0.1423944774605455
37,3,1,0.1190786455162817
37,8,1,-0.09018391534529786
37,17,1,0.10611570516710754
37,20,1,0.047134228691396524
37,26,1,0.04221334810649424
37,34,1,0.056035390807523115
37,41,1,0.062302262286378245
37,44,1,-0.08733339545463888
37,45,1,-0.08610978320338178
38,3,1,0.04403337503919829
38,11,1,-0.0805842966703206
38,21,1,0.06912145613292876
38,48,1,0.04033616947038195
38,58,1,-0.061763513743138175
39,3,1,-0.0666744158041683
39,5,1,0.052079686046044425
39,9,1,0.05186615182351583
39,34,1,0.047685399626315746
39,35,1,-0.08636978965082182
39,36,1,0.10657723440126625
39,51,1,-0.07031330618026602
40,11,1,-0.08185258232365984
40,29,1,-0.0852712371084711
40,44,1,-0.06237060105545755
41,0,1,-0.07974559931121514
41,1,1,-0.11831471980950917
41,3,1,-0.08978045676802843
41,7,1,0.06418850576934153
41,15,1,-0.06993790473075681
41,17,1,-0.14066257719843314
41,19,1,-0.1207330006430537
41,21,1,0.09151532957812371
41,36,1,0.05895325967639446
41,43,1,-0.04061057709990293
41,59,1,-0.07937409962629657
42,0,1,0.05761017559689835
42,1,1,0.09330802565446264
42,17,1,0.10567327848847817
42,21,1,-0.12835642839503403
42,22,1,-0.11100259957822695
42,29,1,-0.07974292354439304
42,33,1,0.08451566562958031
42,34,1,-0.05571475143757217
42,47,1,-0.08154631084471968
42,51,1,0.0705603320551056
42,53,1,-0.077973174965297
42,59,1,0.0638045301962534
43,1,1,-0.04405627920486867
43,4,1,0.05532628261488005
43,13,1,0.06739438796724563
43,22,1,0.07502753729300923
43,23,1,-0.07618431391549058
43,30,1,0.06922518054707646
43,49,1,-0.058144229783464174
44,7,1,-0.04798912226392385
44,8,1,-0.04552646530728019
44,12,1,-0.06369155133705781
44,21,1,0.11469302332652663
44,22,1,0.07840788099238359
44,32,1,-0.054783006889146765
44,43,1,-0.08666417457097465
44,45,1,-0.058577144837590564
44,47,1,0.08333386936469994
44,49,1,0.0643243069287433
44,53,1,0.07328362125236726
44,55,1,0.08788655274546699
44,59,1,-0.0689921692285217
45,1,1,-0.09352520326941854
45,6,1,-0.04675601378051404
45,10,1,-0.08995303782505037
45,16,1,-0.13033971565042068
45,17,1,0.06607654198170639
45,23,1,-0.07486118409850269
45,42,1,0.06600063615956349
45,57,1,0.06987917774189076
46,0,1,-0.07344416937449166
46,9,1,0.08974747927831761
46,12,1,-0.03974005318948373
46,13,1,0.07129329401384416
46,21,1,0.07105067208018286
46,28,1,0.049743077296988285
46,29,1,-0.1272366329773416
46,30,1,0.06187844209881052
46,31,1,-0.08035983230776256
46,33,1,0.08597752288669422
46,41,1,0.0874347689091585
46,54,1,-0.09350827320308072
46,56,1,-0.06675226482778217
46,59,1,0.046139055695230906
47,1,1,0.05633116072210627
47,3,1,0.06712679018302073
47,6,1,0.044850351818785196
47,12,1,0.06254932551997104
47,19,1,-0.06875106597910058
47,29,1,-0.07185376209258346
47,31,1,-0.1057871634086163
47,36,1,-0.06883676815059443
47,37,1,-0.06569580635377138
47,50,1,-0.0659872159981603
47,51,1,0.05730723057636716
48,2,1,0.051354865344056366
48,8,1,-0.062369735891594356
48,14,1,0.09937923982868897
48,49,1,0.06644153955196634
48,51,1,-0.054285686801975236
48,57,1,-0.0924263403005673
49,5,1,0.047886784938654475
49,14,1,-0.056235926547211344
49,18,1,0.08126892705415333
49,24,1,0.10991639298298712
49,29,1,-0.08606419142317819
49,45,1,-0.06838805367908335
49,48,1,-0.08682897291297774
49,50,1,0.08562816159643241
49,53,1,-0.09438832727329527
49,54,1,0.09862521142035856
50,6,1,-0.06199213861484714
50,23,1,-0.05627752593109938
50,24,1,0.07009912961355683
50,30,1,-0.11376901828776251
50,35,1,-0.06005598516617532
50,36,1,0.06850267807116835
50,37,1,0.05383990776378887
50,38,1,0.08066943773252874
50,40,1,0.0819988209580829
50,47,1,0.0486447582754011
50,51,1,-0.07027206112828827
50,54,1,0.0675410226788037
50,59,1,0.07034904676332028
51,9,1,0.0794845429571265
51,24,1,-0.08104597573126618
51,26,1,0.044243186914632145
51,48,1,0.10818106665001512
51,54,1,-0.08939652057371855
52,0,1,-0.0977806368307612
52,1,1,-0.09746749785285126
52,5,1,0.04865531052733899
52,7,1,0.1486636470816783
52,11,1,0.12719763955933022
52,17,1,-0.05521313849849591
52,18,1,-0.11853087418459098
52,19,1,-0.07947668036428379
52,30,1,0.08622887944349639
52,39,1,-0.05440277453176301
52,53,1,0.059935181336717394
53,19,1,-0.05975880254210369
53,25,1,0.0520041374960713
53,35,1,0.11488184556808205
53,40,1,-0.06291753651072894
53,46,1,-0.09229010807829587
54,12,1,-0.05640802571295477
54,19,1,0.08596501730071643
54,25,1,-0.05163128252561803
54,36,1,0.07222856611467846
54,42,1,-0.06899529585053375
54,47,1,-0.046075195485870045
54,48,1,-0.07880941662149599
54,59,1,-0.09295625160297534
55,24,1,-0.08590138384205902
55,25,1,-0.11608231096278225
55,32,1,0.04618641134775639
55,33,1,-0.04523806680801295
55,44,1,-0.06296186336550719
55,49,1,-0.08812713542375684
55,54,1,0.051380979333228355
56,2,1,0.0869062897117546
56,5,1,-0.06347300519792502
56,13,1,-0.04631597548139585
56,15,1,-0.06539732688406333
56,20,1,-0.122458875695744
56,23,1,0.09606382209423935
56,28,1,0.06401026592190671
56,30,1,0.05776001661557111
56,31,1,-0.06792514348258022
56,35,1,-0.06700146963873405
56,43,1,0.05528215466416151
56,47,1,-0.04907419836542729
56,50,1,-0.10945848814373162
57,0,1,-0.08193427094356724
57,1,1,-0.13318849917391543
57,2,1,0.10325031699337232
57,3,1,-0.07367210991750237
57,9,1,0.08822811669855787
57,17,1,-0.09443680030400155
57,19,1,-0.03949197867776189
57,21,1,0.11550538222046006
57,22,1,0.13215664532824153
57,28,1,-0.09000137289885249
57,34,1,0.04951728586460321
57,47,1,0.04721596363264779
57,51,1,-0.102624484930101
57,53,1,0.10872652979012075
57,55,1,0.06179327926497543
57,58,1,-0.07080649030655904
58,20,1,-0.0459213935618599
58,23,1,0.045168446110835585
58,45,1,-0.04992922233583589
58,50,1,-0.08290799355325204
58,51,1,-0.07369820208629393
59,23,1,0.06675694815205054
59,24,1,-0.08148707737686327
59,36,1,0.09589244975789968
59,37,1,-0.07945265094435287
59,39,1,-0.05695574273987997
59,55,1,0.09199235505279159
0,1,2,-0.08199637399751113
0,2,2,0.0036928389443438604
0,3,2,0.0032189652466059837
0,6,2,0.004562981750237833
0,7,2,0.008605272380712169
0,8,2,-0.0015765514138092603
0,9,2,-0.248747034023097
0,11,2,-0.011830156384661436
0,12,2,0.0024368428997092097
0,13,2,0.021670622323963527
0,14,2,0.0077046127374159066
0,15,2,-0.024590722777836384
0,17,2,-0.01103103568598642
0,18,2,0.10597090765341577
0,19,2,0.016152392260650475
0,21,2,-0.03164970910792185
0,22,2,0.006869653096893386
0,23,2,-0.17289290679291733
0,24,2,-0.0361258073794933
0,25,2,-0.010904101916689694
0,27,2,-0.07700139738870514
0,29,2,0.016304986304798097
0,30,2,-0.26378999056167707
0,31,2,0.016739424154277382
0,32,2,0.06998541508850556
0,33,2,0.002215501944496838
0,34,2,0.00344803649833474
0,35,2,0.05708002615484373
0,36,2,0.03223092650940562
0,37,2,-0.001854776950016273
0,38,2,0.1331912503976154
0,39,2,-0.014673490249534266
0,41,2,-0.0065378914652634654
0,42,2,-0.0571671229740142
0,45,2,-0.005006754771080459
0,46,2,0.06713136313173684
0,47,2,-0.11959045038164302
0,48,2,0.001087051904117186
0,49,2,-0.012055547393683424
0,50,2,0.010441607107721686
0,51,2,-0.02071663727794749
0,53,2,0.03233446345375187
0,54,2,0.028942588866858257
0,55,2,0.003960169061718874
0,56,2,0.004473882452101556
0,57,2,-0.0026665620465604473
0,58,2,-0.009067176318939305
0,59,2,0.09413598990554592
1,0,2,-0.1579863280710575
1,2,2,0.10432247999758057
1,3,2,-0.09857734153885304
1,5,2,0.009312737307347035
1,6,2,-0.025333032494920582
1,7,2,-0.0035827446285723458
1,8,2,0.10914876956346782
1,9,2,0.08156009261410299
1,10,2,0.012957358056647517
1,11,2,0.010347968500133732
1,12,2,-0.02791537252324915
1,13,2,-0.08783129385531036
1,14,2,-0.09300430301236982
1,15,2,0.07996313438661172
1,16,2,-0.00805757042638416
1,17,2,0.07491493212474967
1,18,2,-0.02409331239157764
1,19,2,0.0024899381992285075
1,20,2,0.008396261808723299
1,21,2,0.007648457311019807
1,22,2,0.12323834624124648
1,23,2,-0.013242046913450572
1,24,2,-0.018095894988489476
1,26,2,0.008175964035023771
1,27,2,-0.022058786758704395
1,28,2,-0.00425169217782001
1,29,2,0.009473288240113628
1,30,2,0.13840881528164217
1,31,2,0.021234519815830896
1,32,2,-0.07402523268041315
1,33,2,-0.01507295478558446
1,34,2,0.00021587044580555323
1,35,2,0.035284025777310914
1,36,2,0.01314414247785331
1,37,2,0.07068358308145928
1,38,2,0.004580723428188464
1,39,2,-0.010047087619380193
1,41,2,0.01592251487905998
1,42,2,0.08570978291205222
1,43,2,0.0077002026208661456
1,44,2,-0.12244675287443518
1,45,2,-0.009100292253865796
1,46,2,-0.011628226900633778
1,47,2,0.06236475840862345
1,48,2,0.010797260689983042
1,49,2,-0.04661037008652781
1,50,2,0.017004799845534727
1,51,2,0.10034500814291987
1,52,2,0.00364728544935642
1,53,2,-0.0031126448914866973
1,54,2,-0.005141905497503388
1,55,2,-0.009269408947749086
1,56,2,0.0023529150580155482
1,57,2,0.02750329014954588
1,58,2,0.0035631980142423175
1,59,2,-0.0650366953137028
2,0,2,0.009413633426696487
2,1,2,0.007527542257477151
2,3,2,-0.05695678010834873
2,4,2,0.001463397268553039
2,5,2,-0.17145424507188808
2,6,2,0.014817798589053991
2,7,2,0.017228697635411166
2,8,2,-0.11469747252710537
2,9,2,-0.13586661594948138
2,10,2,-0.0008270578071094187
2,11,2,-0.009203306213525511
2,12,2,0.09023857896375062
2,13,2,-0.0632861607726275
2,14,2,-0.008994871367834762
2,15,2,0.009468073553110147
2,16,2,0.08423023315340986
2,17,2,0.018866491588021013
2,18,2,-0.08391863498086806
2,19,2,-0.06948260280210804
2,20,2,0.011832294457550845
2,21,2,-0.05160693796550766
2,22,2,-0.04406639344558903
2,23,2,-0.07761999943001892
2,24,2,0.03350130482523033
2,25,2,0.013276224364156116
2,26,2,-0.0028225095660916215
2,27,2,0.01217546463824602
2,28,2,0.008914398871941178
2,29,2,-0.004095074359439525
2,30,2,-0.04317149260843271
2,31,2,0.09713009161727475
2,32,2,-0.0047777707215995
2,33,2,0.020115132348775225
2,34,2,0.07401250396902301
2,35,2,-0.0032928288377222802
2,36,2,-0.003229318031547658
2,37,2,-0.04344917519628139
2,39,2,0.0758615154229547
2,40,2,-0.02336039182048705
2,41,2,-0.021382784096642203
2,42,2,0.12020305032653457
2,43,2,-0.0009984817636620523
2,44,2,0.00022454393719350402
2,45,2,0.02314256868215359
2,46,2,0.031353563725021016
2,47,2,-0.026254070541350018
2,48,2,-0.09228402795099469
2,49,2,0.010407256151001866
2,50,2,-0.052090944683091014
2,51,2,0.013409141025142008
2,52,2,-0.02054985540715183
2,53,2,-0.025741950755235433
2,54,2,-0.01653383922403239
2,55,2,-0.12337823369755892
2,56,2,-0.03630120630936477
2,57,2,-0.05413914952404876
2,58,2,0.01642517257295427
2,59,2,-0.010553039996311964
3,0,2,-0.016466408610662293
3,1,2,-0.12197642035763956
3,2,2,0.12901433339766308
3,4,2,-0.012294528546801874
3,5,2,-0.014380695158213457
3,6,2,-0.007528001622716991
3,7,2,0.004611183770464897
3,8,2,0.044614242687483346
3,9,2,-0.019702872111276276
3,10,2,0.017828129097002557
3,11,2,-0.009657893409833205
3,12,2,0.025183139992168133
3,13,2,-0.08435491554824662
3,14,2,-0.0668879787315983
3,15,2,-0.008615489878679184
3,16,2,0.01031007116375338
3,17,2,-0.015352177440127368
3,18,2,-0.0353000341386881
3,19,2,0.002626175378431773
3,20,2,-0.0062893792906201845
3,21,2,0.014437744889581635
3,22,2,0.0030378497231023354
3,23,2,0.0029173647754131005
3,24,2,-0.009907301669472296
3,25,2,0.08374112805514813
3,26,2,-0.0033826355746452478
3,27,2,-0.006504479345827286
3,28,2,-0.050056702217812554
3,29,2,-0.10965554523706282
3,30,2,-0.028620671514619448
3,31,2,-0.0539514468090339
3,32,2,0.02661951863384808
3,34,2,0.062916113409879
3,35,2,0.07748581095668022
3,36,2,0.05087707520566716
3,37,2,-0.010677561605501831
3,39,2,0.014676037963852633
3,41,2,0.010747607116367382
3,42,2,0.019876264626979823
3,43,2,-0.08181781053789686
3,44,2,-0.014956293372541975
3,47,2,0.010865434016772856
3,48,2,-0.019838252216097
3,49,2,-0.0072261281554584405
3,51,2,-0.030919700970957094
3,52,2,-0.08466468235318661
3,53,2,0.010634390399497306
3,54,2,0.09009739905776415
3,55,2,-0.01718678778966204
3,56,2,-0.006260109735201594
3,57,2,0.06239172655513023
3,58,2,-0.008835811042159952
3,59,2,-0.03545596273648997
4,1,2,-0.012252067104110333
4,2,2,0.01516506113908581
4,3,2,0.012114711594905509
4,5,2,-0.009986651195181934
4,6,2,0.06835757631064338
4,7,2,-0.0005002477854117849
4,8,2,-0.0028063358366182557
4,9,2,0.09689984162376333
4,10,2,-0.010456886444766077
4,11,2,0.03499564839872231
4,12,2,-0.017760152764428338
4,14,2,0.06442805167947792
4,15,2,0.006632243140872563
4,18,2,-0.013060229710163103
4,19,2,-0.0064231877448025915
4,20,2,0.003285643002425344
4,21,2,-0.004079676839611574
4,22,2,0.01564900694120493
4,23,2,0.14740904609928762
4,24,2,0.024226428450302283
4,25,2,-0.16222353669469322
4,29,2,0.01569249822361432
4,30,2,0.13725025025649656
4,31,2,-0.0080649770433539
4,34,2,-0.01078009616548884
4,35,2,0.00774680296797719
4,36,2,-0.025684906174977314
4,37,2,-0.005008501532848878
4,38,2,-0.11397825621626462
4,39,2,-0.15186443642965838
4,40,2,-0.07487327695967715
4,41,2,-0.00841352464042734
4,43,2,0.01917286038705191
4,44,2,-0.001244423781060541
4,45,2,0.012966550857887808
4,46,2,0.013068731279736333
4,47,2,0.05954855545149181
4,48,2,-0.013560548704670003
4,50,2,-0.005030717953220513
4,51,2,0.023454228375211286
4,52,2,-0.005715792976318256
4,53,2,-0.12498256042134681
4,54,2,0.006429761756465677
4,56,2,-0.004186283821059183
4,58,2,0.008395915957841376
5,0,2,0.0039949690757815825
5,2,2,-0.003932742151359677
5,6,2,-0.004216693715029663
5,7,2,-0.0650361360750818
5,9,2,-0.005379457861133074
5,11,2,-0.015378066461480572
5,13,2,-0.004686236459500347
5,14,2,-0.0021491461323036656
5,15,2,0.005592090534598089
5,19,2,-0.005870950756950615
5,20,2,0.004474653814235784
5,21,2,0.0353116681820128
5,23,2,-0.007124310046630864
5,24,2,-0.014261369928400491
5,25,2,-0.01569972748418414
5,27,2,-0.07230974185664922
5,29,2,-0.011042292532997391
5,32,2,0.007667879939008907
5,33,2,-0.009587429493815696
5,34,2,-0.004484226118756909
5,39,2,0.002303531351445913
5,40,2,0.0997807332467852
5,41,2,0.001823697651636249
5,42,2,-0.005356607805498936
5,43,2,0.005954516242201717
5,44,2,-0.01852969432246693
5,45,2,0.004865183040795896
5,48,2,0.012300436303717657
5,49,2,-0.014630889780766054
5,50,2,0.00807868709567684
5,51,2,0.007181270329340554
5,52,2,0.008411030647203905
5,54,2,0.011137003150133369
5,55,2,0.10765623138576404
5,58,2,-0.07084483888777025
5,59,2,-0.001957246454899795
6,0,2,0.03284509782623756
6,1,2,-0.07956920804299987
6,2,2,0.1166668492825149
6,3,2,0.0038408544009132036
6,4,2,-0.007240538864090188
6,5,2,-0.02155117318324565
6,7,2,0.06967054129910388
6,8,2,-0.02405217287566121
6,9,2,-0.04354618965432385
6,10,2,-0.1422990295031149
6,11,2,-0.0053096677842087185
6,12,2,-0.08514704007608351
6,13,2,-0.020868207470362884
6,14,2,-0.09034647948300499
6,15,2,0.012984940042921415
6,16,2,0.023046630478956564
6,17,2,0.009797114884439703
6,18,2,-0.03807921826335018
6,19,2,-0.133173677416299
6,20,2,0.02419735096154961
6,21,2,0.026645625630193365
6,22,2,-0.0050275723538998306
6,23,2,-0.023238885998650247
6,24,2,0.07955166702562061
6,25,2,0.08255476678630394
6,27,2,-0.004054285639517852
6,28,2,-0.008613583276127629
6,29,2,-0.0008658785744217914
6,30,2,-0.03932764776570476
6,31,2,0.022810780369693664
6,32,2,0.009381647929625227
6,33,2,-0.0033785617071484934
6,34,2,0.08343529092174709
6,35,2,-0.01307060328893112
6,36,2,0.0062865347189223555
6,37,2,-0.013548919239669737
6,38,2,-0.0018578253662327876
6,39,2,0.06984216371824527
6,40,2,-0.017427812641434625
6,41,2,-0.07118359379504087
6,42,2,0.041404576106107344
6,43,2,0.01039319096437109
6,44,2,-0.10398692555484047
6,45,2,0.006845250378097397
6,46,2,-0.012247284412897708
6,47,2,0.008490913016294952
6,48,2,-0.0830235089620818
6,49,2,-0.01821013279188679
6,50,2,0.011561969491252443
6,51,2,-0.002135887482939865
6,52,2,-0.08742480091289433
6,53,2,-0.012206347038084276
6,54,2,0.004240245038729254
6,55,2,-0.028299813914419245
6,56,2,-0.05296426559383317
6,57,2,-0.01609529164855665
6,58,2,-0.04480859503967045
6,59,2,-0.02168346854336117
7,0,2,0.015641580811932263
7,1,2,-0.006989109259942916
7,2,2,0.036467290476305925
7,3,2,-0.11521685707655377
7,4,2,0.00018231864494118856
7,5,2,0.0012763201482221286
7,6,2,-0.008205168870028917
7,8,2,-0.011641788624103921
7,9,2,0.005984285064620887
7,10,2,0.03747328473483976
7,11,2,-0.06853638810721147
7,12,2,-0.01287758792535583
7,13,2,-0.13183734555215237
7,14,2,-0.003418342931733259
7,15,2,0.003784059919880994
7,16,2,0.0725857679066616
7,17,2,0.009298656474561007
7,18,2,0.021556067894765565
7,19,2,0.0046507951155787194
7,20,2,0.007085789976942889
7,21,2,-0.005131361767115433
7,22,2,-0.003966625935446562
7,23,2,-0.009611525512171442
7,24,2,0.008360695719779014
7,26,2,-0.006960061237132346
7,27,2,-0.06753146668167188
7,28,2,-0.00692120006190995
7,29,2,0.0729753715921534
7,30,2,0.001406323101175033
7,31,2,-0.0570719690468064
7,32,2,-0.06624570723242976
7,33,2,-0.006937116173930583
7,34,2,-0.016827066683183397
7,35,2,0.010603854006186403
7,36,2,0.07331922726737476
7,38,2,0.003140040694817174
7,39,2,-0.0073926066404264865
7,41,2,0.005213280987882086
7,42,2,-0.011254667839591224
7,43,2,0.003917726109116538
7,44,2,-0.10127589064940207
7,45,2,-0.0010055599158650484
7,47,2,0.002839561125550469
7,48,2,-0.060419063057958404
7,49,2,0.07222518102637897
7,50,2,0.011690626637427412
7,52,2,-0.06944891234890999
7,53,2,-0.01615535852126302
7,54,2,0.009725687227212768
7,55,2,-0.01043523772584249
7,56,2,-0.04938211241471749
7,57,2,-0.010700583954869005
8,0,2,0.0017208847989126888
8,1,2,0.00990866357726118
8,2,2,-0.04169817021055303
8,3,2,-0.0025263963881971773
8,5,2,-0.007970888482491468
8,6,2,-0.05171337540872893
8,7,2,-0.005306368950870891
8,9,2,-0.007521871161348007
8,10,2,0.07565677850697443
8,11,2,-0.007973827609383016
8,12,2,0.009442810693766405
8,14,2,0.0334653497203868
8,15,2,-0.004616950790996449
8,17,2,0.0011926632994987123
8,18,2,-0.08002341659050546
8,19,2,-5.926529777413387e-05
8,20,2,0.004361019702263886
8,21,2,-0.01193516859736373
8,22,2,-0.018838693172352396
8,23,2,-0.002120351234394906
8,24,2,-0.06363552450042625
8,25,2,-0.015870468274046076
8,26,2,0.002122654730732348
8,27,2,0.014985156681364686
8,28,2,0.012982566007037927
8,30,2,0.026981053663167852
8,32,2,0.00529029342977705
8,34,2,-0.010707854373604702
8,35,2,0.01761101189761661
8,36,2,-0.004800565499197634
8,37,2,0.03547974466841062
8,38,2,-0.004342784942836998
8,39,2,0.0034722806097534967
8,41,2,0.05183971776141847
8,42,2,-0.06859063994358042
8,43,2,0.011577376298663655
8,44,2,-0.06750288744038484
8,45,2,0.01244716446389012
8,47,2,-0.012072785217769262
8,48,2,0.01469506361765131
8,49,2,0.006169704085008969
8,51,2,0.012143848708010753
8,52,2,0.019761497734424725
8,53,2,-0.016346322902751325
8,55,2,-0.011524614348824548
8,56,2,-0.002515656425583581
8,57,2,-0.06572601082652954
8,58,2,0.01313524196059971
8,59,2,-0.039447068859779055
9,0,2,0.0175442904812034
9,1,2,0.1347207297541057
9,6,2,-0.0043709453537118135
9,7,2,0.005375860231490531
9,12,2,0.006449062634906209
9,13,2,-0.01703049091838652
9,17,2,0.005665133598758303
9,19,2,0.0104886606667752
9,21,2,-0.09258067587949155
9,24,2,0.043150362897239815
9,25,2,-0.005152266217544676
9,28,2,-0.015693258830096878
9,29,2,0.030394195588520752
9,30,2,-0.01478147784843637
9,31,2,0.019196299080452884
9,33,2,-0.02053824897504217
9,35,2,-0.011245476210101205
9,36,2,0.0038977552187297
9,37,2,0.004713304803466217
9,38,2,0.00687314977387426
9,40,2,0.006158829156433342
9,41,2,-0.020886354859259184
9,42,2,-0.003723274445767595
9,45,2,-0.0036612028924067914
9,46,2,0.022957000092165947
9,47,2,-0.0024864100634907167
9,48,2,-0.004252885408714397
9,53,2,-0.05204664421182837
9,54,2,0.05412253312053618
9,56,2,0.02041160739237894
9,59,2,-0.0160379722517099
10,0,2,-0.021782175728181606
10,1,2,-0.023113426532444192
10,2,2,-0.08475745376206088
10,3,2,-0.004535404900291741
10,4,2,-0.00806044240025861
10,5,2,0.023819248515252422
10,6,2,0.009264305162969944
10,7,2,-0.04768658505998867
10,8,2,-0.04704780975700526
10,9,2,0.022121518688456326
10,11,2,-0.05975828550588266
10,12,2,-0.010270847127317077
10,13,2,0.032370761122375816
10,14,2,0.003855789648129607
10,16,2,-0.008532758636670053
10,17,2,0.03955427891891095
10,18,2,0.02128598088796024
10,19,2,-0.0009139220548650313
10,20,2,0.005072417689969049
10,21,2,0.016615878369733335
10,22,2,0.004652734500271219
10,23,2,0.015235918897597366
10,24,2,-0.030450857448873016
10,25,2,-0.002427936258046642
10,26,2,-0.00838243295096801
10,27,2,0.02079648077462459
10,28,2,0.0033958502824046706
10,29,2,-0.010236514404511687
10,30,2,0.005190143544080529
10,31,2,0.0028897103736887477
10,32,2,0.009530953407935428
10,33,2,-0.013602960240339792
10,34,2,-0.018692937455880344
10,35,2,0.06184134876798652
10,36,2,-0.030184221765845752
10,37,2,-0.0042205065392292695
10,38,2,0.054911849040786276
10,39,2,0.029171420501282148
10,41,2,-0.009322956460875559
10,42,2,-0.09192227344089947
10,43,2,0.0012201059013371312
10,44,2,0.030794958405649376
10,45,2,-0.00048628270750234614
10,46,2,-0.006730865498774451
10,47,2,0.011106496234748504
10,48,2,0.015322115340773554
10,49,2,0.030550198495704284
10,50,2,-0.000505443438961411
10,51,2,-0.010272399752785443
10,52,2,0.08601966239784271
10,53,2,0.006889135924155401
10,54,2,-0.002299357451336402
10,55,2,0.01365720204457052
10,56,2,0.019081190773088758
10,57,2,0.021129509731158874
10,58,2,-0.004640452661681058
10,59,2,0.020703511693612186
11,0,2,0.023119786570399085
11,1,2,0.0019689295417930613
11,2,2,-0.004506399635135585
11,3,2,-0.01630310038831351
11,4,2,0.0009306096313524276
11,5,2,0.009276891238621694
11,6,2,-0.006208126313400848
11,7,2,-0.013219489120746789
11,8,2,0.00037997693062370805
11,9,2,0.003942022076005435
11,12,2,0.003027972073900003
11,13,2,-0.010835990301903452
11,14,2,-0.09579327024178737
11,15,2,0.016138831725383867
11,16,2,-0.005237686226706512
11,17,2,0.009439649067546947
11,18,2,0.0018138234726043682
11,19,2,0.010863172167174237
11,20,2,-0.010156613731345665
11,21,2,0.05404295545188593
11,22,2,0.026509072811559252
11,23,2,-0.03618731073246637
11,24,2,-0.004861720347402095
11,25,2,-0.012643997952785056
11,26,2,0.0700463120264767
11,27,2,-0.011496218032673696
11,28,2,-0.0030678907540432716
11,29,2,-0.010729773271647234
11,30,2,0.004351570046954392
11,31,2,0.003255523417314106
11,33,2,0.001035914425108825
11,34,2,0.08939345814306185
11,35,2,-0.00505674719530193
11,36,2,0.05790527873068174
11,37,2,0.002905279681466844
11,38,2,-0.006643201876948068
11,39,2,-0.016661420873872287
11,40,2,-0.003934557412502294
11,41,2,0.003877709950607867
11,42,2,0.043690738037623564
11,43,2,-0.03421444786359811
11,44,2,-0.004607216466451038
11,45,2,-0.0016491204108416368
11,46,2,-0.011172607387256462
11,47,2,-0.0034254539182188523
11,48,2,-0.02176338755219594
11,49,2,-0.0006184085162265973
11,50,2,0.036479418559852726
11,51,2,-0.007277790551713846
11,52,2,-0.039379421228709216
11,53,2,-0.027240939223768114
11,54,2,0.009187253588389685
11,55,2,0.008930867921747637
11,56,2,-0.03032664542366868
11,57,2,-0.002364733202344603
11,58,2,-0.009424686561468006
11,59,2,0.0037505692626637467
12,0,2,-0.07419467024464424
12,1,2,0.016698046780635807
12,2,2,-0.02011626202260244
12,3,2,-0.08079881560587195
12,5,2,0.04350720114792162
12,6,2,0.08834120798330537
12,7,2,0.0022119283094476382
12,8,2,-0.015982465836125184
12,9,2,0.017060750099832815
12,10,2,0.03945212506715696
12,11,2,-0.004351755298398213
12,14,2,0.005499875282502954
12,17,2,0.008131528707421785
12,18,2,-0.0774732837562952
12,21,2,0.007516555134250294
12,22,2,-0.005146789710388397
12,23,2,0.006044746604253119
12,24,2,0.010281563393683706
12,25,2,-0.012914064887216694
12,26,2,-0.0023641008473979904
12,27,2,-0.004173007162984332
12,28,2,0.003234787410794764
12,29,2,0.044868692856426994
12,30,2,0.022292252182712288
12,31,2,0.006212848341875397
12,32,2,-0.004916282435438585
12,33,2,0.003918686227905891
12,34,2,-0.002583291837356121
12,35,2,0.0009306334182083592
12,36,2,-0.005232858449828511
12,38,2,-0.007737744195654561
12,39,2,0.0027777079345522367
12,40,2,-0.04899438034728292
12,42,2,0.03254797005047873
12,43,2,0.007946193446114956
12,44,2,-0.0044006460359648295
12,45,2,0.005239504496882905
12,47,2,0.00821680662422138
12,48,2,-0.005780572539523301
12,49,2,0.00992938829560404
12,51,2,-0.03594582820736535
12,52,2,0.004137393653747103
12,53,2,-0.003615334560835111
12,54,2,-0.008482075826259308
12,55,2,0.01457460519976103
12,57,2,-0.007393871046753174
12,58,2,-0.00462221296046831
12,59,2,-0.005582081649187864
13,0,2,-0.021740900418372695
13,1,2,0.085931308570024
13,2,2,0.10029578363162443
13,3,2,0.06609941999000668
13,4,2,0.008731698126748292
13,5,2,0.008891324936196949
13,6,2,0.003013741863733129
13,7,2,0.012056906434150982
13,8,2,0.013321526805190899
13,9,2,-0.0019221060942346318
13,10,2,0.014814512206471822
13,11,2,0.06722115017675154
13,12,2,0.06623171388267682
13,14,2,-0.015246756922033124
13,15,2,0.0694652085938553
13,16,2,0.05071187704626511
13,17,2,-0.007603129191658126
13,18,2,-0.017315516858771675
13,19,2,-0.013110894780900082
13,21,2,0.01477103792422905
13,22,2,0.020413241157412405
13,23,2,0.04955940760854492
13,24,2,-0.003856733295367672
13,25,2,0.002146986486451987
13,26,2,0.00796953520867524
13,27,2,0.05290558753570981
13,28,2,-0.010722595259724622
13,29,2,-0.058849008437311355
13,30,2,-0.055411891114410826
13,31,2,0.006917809545887331
13,32,2,0.001550433427237427
13,33,2,-0.0033975338324147386
13,34,2,0.03039453731265712
13,35,2,0.0068713923146190336
13,36,2,-0.052810050933568366
13,37,2,-3.384446786007591e-06
13,39,2,0.08613245662222373
13,42,2,0.02214770996273522
13,43,2,-0.009950779701984035
13,44,2,-0.006162930010886716
13,45,2,-0.03954281837545197
13,46,2,0.011647106020299789
13,47,2,-0.011609434405441444
13,48,2,-0.02659700738084029
13,49,2,0.0026151801068924293
13,50,2,0.003534665623073347
13,51,2,-0.005234789891823782
13,52,2,0.03886057743894621
13,53,2,0.021513712119722906
13,54,2,0.013947458643478374
13,55,2,0.03816565851763533
13,56,2,-0.008522771975422087
13,57,2,0.060337038526545025
13,58,2,-0.005453030817745567
13,59,2,-0.015444973936592447
14,0,2,0.004397517934718676
14,2,2,0.0034276229107420937
14,3,2,0.004645594720102256
14,4,2,0.006813360507505517
14,5,2,-0.0027511773255880336
14,6,2,0.003214739177389538
14,7,2,-0.0635874713670994
14,8,2,-0.026303251490770826
14,9,2,0.0063433199979288975
14,10,2,-0.008355414607880694
14,11,2,0.059921171976807026
14,12,2,-0.042198397681102756
14,13,2,0.009811295190277071
14,15,2,-0.0026339192851504976
14,17,2,0.003481939900783075
14,18,2,0.05093777287522168
14,20,2,0.031001375183076052
14,21,2,0.004050539045828719
14,22,2,-0.0005673580287687357
14,23,2,-0.052709036079001015
14,24,2,0.016769063132178474
14,25,2,0.004761210592519112
14,26,2,0.01344021414406038
14,27,2,0.0081648974198333
14,28,2,-0.0023421367714230386
14,29,2,-0.014869656400968916
14,30,2,-0.038937093109552526
14,31,2,0.005205074781385739
14,32,2,0.0052495214012755085
14,34,2,0.015196718627539714
14,35,2,-0.010483133907437001
14,36,2,0.008893558827498274
14,37,2,0.0008866876804430475
14,38,2,0.004224418369755023
14,41,2,-0.0065152467632251425
14,42,2,0.0025651090875684593
14,43,2,-0.016136721732093854
14,44,2,0.003860564273060463
14,45,2,-0.016929420514965907
14,46,2,-0.010048705284083798
14,48,2,-0.021655720528074355
14,49,2,-0.014335262733941482
14,50,2,-0.0014208167347695094
14,51,2,0.04713864807254061
14,52,2,0.0019334400313778459
14,53,2,-0.009037583685612359
14,54,2,-0.00713435236089117
14,55,2,-0.0038976413370043653
14,56,2,0.009447691792677512
14,57,2,0.007630915473306573
14,58,2,0.041766044688094056
14,59,2,0.0023752108697697692
15,0,2,0.07086151352361422
15,1,2,-0.010390636223729807
15,2,2,0.01737261209681617
15,3,2,0.0029450699860264756
15,4,2,0.0006031526528129547
15,5,2,0.05113948161395591
15,6,2,0.0024971505757703178
15,7,2,-0.06527183517123798
15,8,2,-0.0034327836611540642
15,9,2,-0.01877297941162069
15,10,2,-0.010663357113531445
15,11,2,-0.004351921067657744
15,12,2,0.0010859951350132941
15,13,2,0.017848197006799547
15,14,2,0.005469759104556535
15,16,2,-0.04483158733429173
15,17,2,-0.0016257722800072016
15,18,2,0.005683791323301352
15,19,2,-0.05545182884181698
15,20,2,0.002205365184182378
15,21,2,-0.007568113834577407
15,22,2,0.011656389264752756
15,23,2,-0.003411767254666648
15,24,2,0.006092003217188534
15,25,2,0.0013574175917094272
15,27,2,0.0045903883629550635
15,28,2,-0.010127875592824867
15,29,2,0.046863576561634354
15,30,2,-0.015781175269043154
15,31,2,-0.002111437480196403
15,32,2,-0.005650855583505046
15,33,2,0.0038310035552536607
15,34,2,0.0008341977245725669
15,35,2,0.005045759941277057
15,36,2,0.0018561453175322436
15,37,2,-0.0036577710989839675
15,38,2,0.04990845805517149
15,40,2,-0.007519895491782977
15,41,2,-0.004501909108576943
15,42,2,0.029739508724194195
15,43,2,0.06604558058349745
15,44,2,-0.009216426993206312
15,45,2,-0.004285331429521011
15,46,2,-0.0433670095957753
15,47,2,0.01977527881693646
15,48,2,0.030628690725631496
15,49,2,-0.0024763470516938678
15,50,2,-0.010789833485424827
15,51,2,-0.010534575166220738
15,52,2,0.0005436695747167369
15,53,2,0.004482181850807454
15,54,2,0.058141518416132784
15,55,2,-0.0358774969935676
15,56,2,0.007439024551885194
15,57,2,0.057398988139080155
15,58,2,0.046985365649490005
15,59,2,0.001477853707532351
16,0,2,0.000773523595913313
16,1,2,0.008061734746986376
16,2,2,-0.014529836144865034
16,3,2,-0.045359657756998094
16,4,2,0.0719236567778278
16,6,2,0.013642822069957698
16,7,2,-0.016659471558660544
16,8,2,-0.010208165620634584
16,9,2,0.0540974512904616
16,10,2,0.036340577279241275
16,11,2,0.03270197569184424
16,12,2,-0.013750980565681569
16,13,2,0.00437111068670578
16,14,2,9.283628459363297e-05
16,15,2,0.00749227340873336
16,17,2,0.0029390646261112804
16,19,2,-0.0055810239563396065
16,21,2,0.024058252887454553
16,22,2,0.013988679304689777
16,23,2,0.008501287296090792
16,24,2,0.0012731287419103837
16,25,2,0.01664099020919876
16,26,2,0.007886921547176205
16,28,2,0.062049121597721205
16,29,2,0.00596445391410641
16,30,2,0.017973581396500966
16,31,2,0.062379594246141104
16,32,2,-0.011895086725088157
16,33,2,0.005271425234378166
16,34,2,0.009839977199200397
16,35,2,-0.005548575936958401
16,36,2,0.000588013429977806
16,38,2,-0.0030559714745497673
16,39,2,-0.013135436320176531
16,40,2,-0.008161489761106443
16,41,2,-0.0013608911549021115
16,42,2,0.005542797250530355
16,43,2,-0.0004441308708600279
16,44,2,0.0026896697187081403
16,45,2,-0.00709266851277732
16,46,2,0.021192328692423826
16,47,2,0.020811380331397462
16,48,2,-0.04537992491981513
16,49,2,0.009453940856473272
16,50,2,0.003498024631892458
16,51,2,0.0042424638066479265
16,52,2,-0.0011194645157727998
16,53,2,-0.010943504393832836
16,54,2,-0.002109178382302188
16,55,2,0.004916713880875217
16,56,2,-0.0017678978933572402
16,57,2,0.009078002903943639
16,58,2,0.006928366563159821
16,59,2,-0.005524883539067468
17,0,2,-0.07490050855111978
17,1,2,-0.06740028133938607
17,2,2,0.06901945150188706
17,3,2,-0.047754912200783206
17,4,2,0.0025702411604074235
17,5,2,-0.010322374570251033
17,6,2,0.018620821001078033
17,8,2,-0.11917668007212402
17,9,2,0.046471562679515535
17,10,2,0.00037783521479875656
17,11,2,0.05658833538910112
17,12,2,0.019201525242486188
17,13,2,-0.012447157115232069
17,14,2,-0.007461685006794116
17,15,2,-0.007107645472069541
17,16,2,0.010776673609577517
17,18,2,-0.00788805038762704
17,19,2,0.036632534184046224
17,20,2,0.051013792318398726
17,21,2,0.014567024834005448
17,22,2,0.0063220605343211516
17,23,2,-0.014177580904420478
17,24,2,0.014494666009181438
17,25,2,0.0002951752647135296
17,26,2,0.011093037049579804
17,27,2,-0.029969059099732194
17,28,2,0.0008345359107495877
17,29,2,0.015145025395896638
17,30,2,-0.0051259238760351725
17,31,2,0.0639277480759053
17,32,2,0.0032929129977225086
17,33,2,-0.0664224729437267
17,34,2,0.028740849311034353
17,35,2,-0.018554616267017314
17,36,2,-0.002915587061790773
17,37,2,-0.021076273735436652
17,38,2,-0.01268884836557261
17,39,2,0.011664163546946004
17,41,2,-0.026658060652429198
17,42,2,0.03508550374145354
17,43,2,-0.005932723325231695
17,44,2,-0.0025408446675551917
17,45,2,-0.004511366798829774
17,46,2,-0.07163572552101458
17,47,2,0.0638224823741096
17,48,2,-0.007298732936311302
17,49,2,-0.004080720003773532
17,50,2,0.001017013531915489
17,51,2,-0.015202459378587364
17,52,2,-0.011365262035608469
17,53,2,-0.006328359118261656
17,54,2,-0.06765504910443781
17,55,2,-0.01253467130261214
17,56,2,0.010413070872378635
17,57,2,-0.008258409029850268
17,59,2,-0.013771596317372455
18,1,2,-0.0005193674677366151
18,2,2,0.08303751514368861
18,3,2,0.07391372454322342
18,4,2,-0.004560588509545912
18,5,2,-0.01550437939282651
18,6,2,0.014518166981192274
18,7,2,-0.09008949512485931
18,8,2,0.017444085642022635
18,9,2,-0.013120713307316961
18,10,2,0.004530254763088447
18,11,2,0.001465271223691114
18,12,2,0.016637828235349494
18,13,2,-0.002772831778811499
18,14,2,0.0002821477599174495
18,15,2,0.0865537415202102
18,16,2,0.019596519086324257
18,17,2,-0.011877557577619428
18,19,2,-0.1004227326932452
18,21,2,0.0014674774579325298
18,22,2,-0.006486922826226593
18,23,2,-0.056164687489470476
18,24,2,-0.07252535830675395
18,25,2,0.054166910932941126
18,27,2,0.0020567179360846547
18,28,2,0.0018002282025611292
18,29,2,-0.01863511183788661
18,30,2,-0.00035804791050614976
18,31,2,0.011795641836060774
18,32,2,0.0031372056829719252
18,33,2,0.003330486463437045
18,34,2,0.01500221792528959
18,35,2,-0.06731051628825095
18,36,2,-0.005214566861275658
18,37,2,-0.011824310318661713
18,38,2,-0.009794391181562803
18,39,2,0.013087484285539405
18,41,2,0.0028677121102551684
18,42,2,0.014628588813384755
18,43,2,-0.016864822090092543
18,44,2,-0.014321214089053382
18,45,2,-0.02871767695060345
18,46,2,-0.010488660644871053
18,48,2,-0.005540511145377689
18,49,2,-0.0525513104218604
18,50,2,-0.007013819641951871
18,52,2,0.010046747235077536
18,53,2,-0.0017019032800273484
18,54,2,-0.0022016506262305543
18,55,2,-0.05162583012388772
18,56,2,-0.014151943592807461
18,57,2,-0.00879000518045659
18,59,2,-0.02079946055407388
19,0,2,-0.07395775241895479
19,1,2,-0.018719692422983592
19,2,2,-0.0035770582113564897
19,3,2,0.0010358106112247354
19,5,2,0.005178346145515551
19,6,2,-0.006303825575872168
19,7,2,0.015822154159536837
19,8,2,-0.004525729719123801
19,9,2,0.006859908793847543
19,11,2,-0.0005397067259364654
19,12,2,-0.007138924360321226
19,13,2,-0.05940496871584258
19,14,2,0.06149385680393837
19,16,2,-0.0031453753129343284
19,17,2,-0.005876290580138231
19,18,2,-0.012615147016962928
19,20,2,-0.06834250294971143
19,21,2,0.005430805791214877
19,23,2,-0.004605570219825961
19,27,2,-0.005378085848094665
19,28,2,0.0038021454878353067
19,29,2,-0.012987186561418125
19,30,2,0.0222074103159893
19,31,2,0.03621689465583128
19,33,2,0.006571749647637772
19,36,2,-0.006036391519085275
19,39,2,-0.014987867920305565
19,40,2,0.07357252019057182
19,41,2,0.014045720234717384
19,43,2,0.00909137708061229
19,44,2,-0.006783894578915393
19,45,2,0.09655633807279798
19,46,2,0.04941100520525159
19,48,2,0.04443468565464708
19,49,2,0.004821191653870684
19,50,2,-0.07152401121158082
19,51,2,0.005091636567084168
19,52,2,0.054366916582615984
19,53,2,0.006378853857717642
19,54,2,-0.0071473676007553786
19,55,2,-0.005932678713629583
19,56,2,-0.017487986668811656
19,57,2,-0.012790258791612202
19,59,2,0.003526669678621299
20,0,2,0.009420131724326344
20,1,2,0.022943565533040163
20,2,2,0.06699851169883805
20,3,2,-0.07501717263855681
20,4,2,-0.005657582912650203
20,5,2,-0.012454273901878848
20,6,2,0.06248024633664475
20,7,2,-0.004959806068600643
20,8,2,-0.006756039820714018
20,9,2,-0.008073780647899953
20,10,2,-0.00443802057679906
20,11,2,-0.004626055843082706
20,12,2,-0.015330588434881534
20,13,2,-0.013344064097554283
20,14,2,0.006575023994139273
20,15,2,-0.00331890533375198
20,16,2,-0.04695970886791056
20,17,2,0.011188410711914605
20,18,2,-0.0029655821677233647
20,19,2,0.003356493057368184
20,21,2,-0.0027130913065703402
20,22,2,-0.010794012535932774
20,23,2,0.025937845833109412
20,24,2,0.01434991032700999
20,25,2,-0.002532926849105113
20,26,2,-0.0097695794440295
20,28,2,0.012784601546096858
20,29,2,0.012831686580054475
20,30,2,0.000967854385964235
20,31,2,-0.0020354782208058322
20,34,2,0.005344106500239974
20,35,2,-0.018000439677113036
20,36,2,0.04003591287224961
20,39,2,0.004605577440766641
20,41,2,-0.055329161643217474
20,42,2,0.0016542685138377438
20,43,2,-0.0421253636405255
20,44,2,-0.011724391319373688
20,45,2,-0.04037315325284982
20,47,2,-0.006836670924150335
20,48,2,-0.015897967715153012
20,49,2,0.005945741975508418
20,50,2,-0.01524898395122645
20,51,2,-0.06902891687853287
20,52,2,-0.0055551176012416555
20,54,2,-0.0012097644862580754
20,56,2,0.0903593502001983
20,57,2,-0.013286615972206843
20,58,2,-0.004516484882834027
20,59,2,0.006573231070495649
21,0,2,0.09676233725266553
21,1,2,-0.007736778526965237
21,2,2,0.044505633234550444
21,3,2,-0.01736425722332409
21,4,2,-0.006623886129142629
21,5,2,-0.0072350331259138315
21,6,2,-0.07642781576042916
21,7,2,-0.08234652674414014
21,8,2,-0.011261685308833895
21,9,2,-0.12546216961600312
21,10,2,0.015247958062082905
21,11,2,-0.011883796434663108
21,12,2,0.015415426139047268
21,13,2,-0.08957910960551442
21,14,2,-0.03593661552904846
21,15,2,0.09607751042439482
21,16,2,-0.0015126346735505195
21,17,2,-0.006080874227952418
21,18,2,-0.0018656490779036343
21,19,2,-0.0014400332285142866
21,20,2,-0.002384504695738765
21,22,2,-0.006303379773768104
21,23,2,-0.06520345807844666
21,24,2,-0.06139148324890239
21,25,2,0.04835105997769088
21,27,2,-0.0020865252962158935
21,29,2,0.006330416049515413
21,30,2,-0.019654854800917384
21,31,2,0.01677351399741895
21,32,2,0.006134399786037795
21,33,2,-0.032717401229911104
21,34,2,0.010691014864564693
21,35,2,-0.001991986068852331
21,36,2,0.008382254789546498
21,37,2,-0.0026594248366058025
21,38,2,0.02144653828081685
21,39,2,0.027600066864788126
21,41,2,0.035027862129314
21,42,2,0.013833214631315163
21,43,2,0.0032034145508088186
21,44,2,-0.0026016275714754547
21,45,2,0.0019373434089520667
21,46,2,0.01344433747950735
21,47,2,-0.010451484118033543
21,48,2,0.0006638123848496114
21,49,2,-0.008137077731843715
21,51,2,-0.007905117829146385
21,52,2,0.005802762706748823
21,53,2,0.003316080456472496
21,54,2,0.04530712695104532
21,55,2,-0.03425080657549587
21,56,2,0.004984260020616382
21,57,2,-0.005555969955518842
21,58,2,0.014170571164780077
21,59,2,-0.04250320133364732
22,0,2,-0.07690674377418363
22,1,2,-0.08517613576841308
22,2,2,-0.01957713400356656
22,3,2,0.024299498358874287
22,5,2,0.06113505469820107
22,6,2,-0.0072842903144609275
22,7,2,-0.009840804570757991
22,8,2,-0.008430478336206918
22,9,2,0.009864959724193323
22,10,2,-0.008391451981155812
22,11,2,-0.016783727315043878
22,12,2,-0.05892185426005833
22,13,2,0.007886846701549826
22,15,2,0.04109549944892543
22,16,2,-0.018414339479382834
22,17,2,-0.05695657065785761
22,18,2,-0.0016438437314475849
22,19,2,-0.014285895905411634
22,20,2,-0.05441914065193142
22,21,2,0.018047897187129534
22,23,2,-0.00440099946612422
22,24,2,0.005195105537852718
22,25,2,0.008045450035296567
22,26,2,-0.049649834048640616
22,27,2,-0.13538819040984443
22,29,2,0.0010937286673304211
22,30,2,0.01311253367388211
22,31,2,-0.005850565511512559
22,32,2,0.007708210079401827
22,33,2,0.007059218299054117
22,34,2,-0.01144818360473346
22,35,2,0.012955137678369468
22,36,2,0.055978284889654374
22,37,2,-0.005344940228336876
22,38,2,-0.01001315904186405
22,39,2,-0.09257478088350213
22,40,2,0.006836858939579966
22,41,2,0.0052973304991917195
22,42,2,0.008256342471276002
22,43,2,0.030724184476715412
22,44,2,-0.006512789800915366
22,45,2,0.04357188811559971
22,46,2,-0.02371461867895866
22,47,2,0.030653227962054445
22,48,2,0.026391122136271514
22,49,2,-0.00798796168911035
22,51,2,0.008128538536912446
22,52,2,0.01585200359398811
22,53,2,0.055980125489656515
22,54,2,0.01163050062782324
22,55,2,0.012844608659576987
22,56,2,-0.008911451419134945
22,57,2,0.007941811282484341
22,58,2,-0.00496165799917703
22,59,2,-0.010228617612451507
23,0,2,-0.014063230061379823
23,1,2,-0.019689380904279394
23,2,2,0.01353847457161875
23,3,2,0.004781841452879708
23,4,2,0.0066194043269418345
23,5,2,0.008068844631820983
23,6,2,-0.009887912842469494
23,7,2,0.004205061222472727
23,8,2,0.00710451324182126
23,9,2,0.017438984824403
23,10,2,-0.01250086339548738
23,12,2,-0.012984566594841797
23,13,2,0.0193201293636389
23,15,2,0.04082401069938158
23,16,2,-0.012922848086647062
23,17,2,0.0015211375000437565
23,19,2,-0.011347556265510405
23,20,2,-0.006246608298910744
23,21,2,0.011512532154984857
23,22,2,0.09103452755584558
23,24,2,0.033791246751144643
23,25,2,0.00920705660729472
23,26,2,-0.005567635930407861
23,27,2,-0.01619070650707164
23,28,2,0.0053057122827999785
23,29,2,0.03916986951704714
23,30,2,0.014627410039592444
23,31,2,-0.012688422075124448
23,32,2,-0.007250771207766288
23,33,2,0.13895133574539584
23,34,2,-0.033082400850081725
23,35,2,0.06778568965363321
23,36,2,0.015307531573025092
23,37,2,0.0031521344854611856
23,38,2,0.006951983216144076
23,39,2,-0.013541861222842644
23,40,2,-0.008934752516885846
23,41,2,0.013805519749114824
23,42,2,0.007813174672289874
23,43,2,0.08983773362281233
23,44,2,-0.006490285697001071
23,45,2,0.059097944054114324
23,46,2,0.09508183304833877
23,47,2,0.0023043042701607138
23,48,2,0.0022778938260967292
23,49,2,-0.006956552076604713
23,53,2,0.10119127332679202
23,54,2,-0.011504835542390523
23,55,2,-0.005554587956261621
23,56,2,-0.0034355245746898857
23,57,2,0.009133716844958934
23,58,2,0.003552143992310688
23,59,2,0.007285129846546643
24,0,2,-0.012477179050969671
24,1,2,0.006329232591847351
24,2,2,0.002985654631233093
24,3,2,0.008528940645482692
24,4,2,-0.008748973582133222
24,5,2,-0.007559906060814645
24,6,2,-0.03818356213460786
24,7,2,0.06799207848963747
24,8,2,-0.015745557335718616
24,9,2,0.015652487275372787
24,10,2,0.017739652614443224
24,11,2,-0.007686151493423936
24,12,2,0.07058924535709148
24,13,2,-0.00549167224878503
24,14,2,0.0040545639658527595
24,15,2,-0.014938757075931413
24,16,2,0.007170934480970722
24,17,2,0.059895984010864156
24,18,2,-0.0002036047177082878
24,19,2,0.016516686890475106
24,20,2,-0.0027047439733955117
24,21,2,-0.05406963976145685
24,22,2,-0.0702476316790892
24,23,2,0.015702657184684436
24,25,2,0.015103442488788352
24,26,2,0.002989857663185827
24,27,2,-0.005361545708512198
24,28,2,-0.03417668403305054
24,29,2,0.007713014302280309
24,30,2,0.003876225102685719
24,31,2,-0.004125368666520157
24,32,2,-0.006005637576937673
24,33,2,-0.0037890187038317927
24,34,2,-0.0009816945368606128
24,35,2,-0.00449641107721707
24,36,2,-0.003539157903780138
24,37,2,0.04427068005928556
24,38,2,-0.017490986434511163
24,39,2,-0.008612217494506361
24,41,2,0.008546929286604976
24,42,2,-0.003631174391019851
24,43,2,0.0037099379154612185
24,44,2,0.0005460451657618542
24,45,2,-0.037606838093957054
24,46,2,-0.008007486286925556
24,47,2,-0.003546035991263205
24,48,2,0.008713795745311217
24,49,2,0.007966278934746022
24,50,2,-0.007345665121058491
24,51,2,0.003412648492870774
24,52,2,-0.004083371892795724
24,54,2,-0.014085217111406171
24,55,2,-0.00998223913605857
24,56,2,0.04044309391418613
24,57,2,-0.0038445611352658253
24,58,2,0.0020779435545734645
24,59,2,0.0036925273852008466
25,1,2,0.0457270810039832
25,2,2,0.01198300664785984
25,4,2,-0.07788827057086264
25,6,2,0.04140711247133506
25,7,2,0.003521488776324689
25,8,2,0.010132953167252427
25,9,2,-0.009320111833535087
25,10,2,-0.008262738846504978
25,11,2,-0.042722653828484704
25,12,2,-0.007214682116985219
25,13,2,-0.00470059271509499
25,14,2,0.00272502243123745
25,15,2,0.004384666628150829
25,17,2,0.004334408287665206
25,18,2,-0.0024110978144962383
25,19,2,-0.009236821312047129
25,21,2,-0.0015294406159000152
25,22,2,-0.004240225830574087
25,23,2,-0.00820808590283827
25,24,2,0.004973711382702567
25,26,2,-0.007440134744327369
25,30,2,-0.005483163439823448
25,32,2,-0.0045941245616626354
25,34,2,-0.004937649733089476
25,35,2,0.002211614060716007
25,36,2,-0.004291401577099327
25,37,2,0.0031856061174615367
25,38,2,0.01028233712421002
25,39,2,0.018744184248657654
25,40,2,0.007816623159675561
25,41,2,-0.006648131568578104
25,42,2,-0.003945004702518522
25,43,2,0.002805189565508652
25,44,2,-0.005908112568747946
25,47,2,-0.013824011744930835
25,48,2,-0.0009673306843706355
25,49,2,0.004760857658981945
25,50,2,-0.003299864775448942
25,51,2,0.007027522147928147
25,52,2,8.90244025503689e-05
25,53,2,0.013754498875822639
25,56,2,-0.0003769723565511759
25,57,2,0.0025734700526993753
25,58,2,-0.003672023304134675
26,0,2,0.06585057226990587
26,1,2,0.008844522480573257
26,2,2,-0.04503566639928343
26,3,2,0.009696990934758806
26,4,2,-0.005163033946708697
26,5,2,-0.006784424729519529
26,6,2,-0.009379323186157458
26,8,2,0.010646286627138308
26,9,2,-0.018809150753344873
26,11,2,-0.0668065070566034
26,12,2,-0.003502258938424575
26,13,2,0.007134283960737214
26,14,2,0.014351397075163034
26,15,2,-0.005451858859016271
26,16,2,-0.005754353645441217
26,17,2,0.012674315144916648
26,18,2,0.01128816546167695
26,19,2,0.012215151354012813
26,20,2,-0.024439704414728758
26,21,2,-0.02478071458026016
26,22,2,-0.08626182879890192
26,23,2,0.00888677698141657
26,25,2,-0.03261058717664179
26,27,2,0.015503949639180937
26,28,2,0.0051303582595591
26,29,2,0.0056219627609395365
26,30,2,-0.013099505650560594
26,31,2,0.002430386630667427
26,34,2,-0.06410064700623853
26,35,2,0.004397356108268292
26,36,2,-0.014345248140969168
26,37,2,0.008610411233192415
26,38,2,0.00836277629739887
26,39,2,0.006739218567702546
26,41,2,0.003608806485281996
26,42,2,-0.019186514391035973
26,43,2,0.009356144057961905
26,44,2,0.007024940819006143
26,45,2,-0.0027239875654513804
26,47,2,-0.052932169110955295
26,48,2,0.011303584750619166
26,50,2,-0.0006010811641876637
26,51,2,0.005792570483735733
26,52,2,0.008044624078574775
26,53,2,-0.01572017169077926
26,54,2,0.003494482415895423
26,55,2,-0.0005606029459305852
26,56,2,0.002070572680434734
26,57,2,-0.03247305707400888
26,58,2,0.004036190234374504
26,59,2,0.01508655302167103
27,0,2,0.012856743095393312
27,1,2,0.015606919965776445
27,2,2,0.06327797235400093
27,3,2,-0.005474686774292596
27,4,2,0.00079906453319301
27,5,2,0.06326463405003656
27,7,2,-0.014213807739355516
27,8,2,-0.006632183688711654
27,9,2,-0.016563611211225612
27,11,2,0.02475963685818383
27,12,2,0.00874932614102365
27,13,2,-0.022234434391912642
27,14,2,-0.02119333635962063
27,16,2,0.010002345565259396
27,17,2,0.011713407144177252
27,18,2,0.06884362887961933
27,19,2,0.04820403129159904
27,20,2,0.04325093964280691
27,21,2,0.000921339011799989
27,22,2,-0.006036462996880468
27,23,2,-0.0036096058755103137
27,26,2,0.006608671727574073
27,29,2,-0.004855550127316168
27,30,2,-0.019272357213913245
27,31,2,0.010162662776293196
27,33,2,0.0051461626031238435
27,34,2,0.04778955507397182
27,36,2,0.0038118213243202577
27,37,2,-0.006032078973934669
27,39,2,0.0160275446169478
27,40,2,0.019122039387796587
27,42,2,0.05453138648534279
27,43,2,-0.04456660117911531
27,44,2,-0.012210908466298848
27,46,2,0.00510106618277998
27,47,2,-0.004965358459472772
27,48,2,-0.08778924577694976
27,49,2,-0.005354432603604937
27,50,2,0.0029310924863227778
27,51,2,0.011886780279717154
27,52,2,-0.04738358759963574
27,53,2,-0.010478223564259384
27,55,2,0.00657427948552159
27,56,2,-0.007856160833838654
27,57,2,0.005180367759650484
27,58,2,-0.008926711050878033
27,59,2,-0.011185437825386097
28,0,2,-0.026721610035556023
28,1,2,0.007585264314946072
28,2,2,0.010138154471011913
28,3,2,0.011214340524559538
28,4,2,0.007533159105106282
28,5,2,0.04036300304702822
28,6,2,0.011228297852423979
28,7,2,0.04293473552453174
28,8,2,0.0022384820497843173
28,9,2,0.012598507593952151
28,10,2,-0.0014221699226418844
28,11,2,-0.007772206757117946
28,12,2,-0.06442092551147269
28,13,2,-0.005671749325652652
28,14,2,0.004373845916549429
28,15,2,0.006310829387692002
28,16,2,-0.004612925474002021
28,17,2,0.003409021396789163
28,18,2,0.04011842714188649
28,19,2,-0.019156704563195424
28,20,2,0.062169551746511585
28,21,2,0.04251172840773314
28,22,2,-0.0028417295694250565
28,23,2,0.005654853884783984
28,24,2,-0.015031090753662556
28,25,2,-0.02984031296441348
28,26,2,-0.007438904428992601
28,27,2,-0.00920171480350763
28,29,2,-0.005460204176980681
28,30,2,0.029229877330787798
28,31,2,-0.014357667697844263
28,32,2,0.003423376336003813
28,33,2,-0.010229925510325637
28,35,2,-0.009061945833558167
28,36,2,0.04070474158893786
28,37,2,-0.006066688431994779
28,38,2,-0.018930533210168687
28,39,2,-0.015973641098911105
28,40,2,-0.01359758232201734
28,41,2,-0.003523471740881167
28,42,2,0.0038115530752168667
28,43,2,-0.00229230820579907
28,44,2,-0.015033283173994655
28,45,2,-0.0035306341690851646
28,46,2,-0.007998669023080593
28,47,2,0.06599513386432948
28,48,2,-0.014040532254708646
28,49,2,-0.01344453311799046
28,50,2,9.335611687003567e-05
28,51,2,-0.08032198200740082
28,52,2,-0.018249484383650892
28,53,2,-0.017031351492451777
28,54,2,0.014636097066139263
28,55,2,0.026108508980343587
28,56,2,0.005787570702163248
28,58,2,-0.050223061301475275
28,59,2,-0.006964751955070716
29,0,2,0.04117098818819197
29,1,2,-0.006898162231724167
29,2,2,0.05780433546732152
29,3,2,-0.004930979677601338
29,5,2,-0.0020263826962430083
29,6,2,-0.005476184872666586
29,7,2,0.012427735755020652
29,8,2,-0.004048016075557413
29,9,2,-0.018923099429791986
29,10,2,-0.051899326298663916
29,11,2,0.01590072761659321
29,12,2,0.005190195047624619
29,13,2,-0.009852258213510854
29,16,2,0.007946610799170658
29,17,2,-0.004734296165734117
29,18,2,-0.004676866275229565
29,19,2,-0.006331464907509737
29,21,2,-0.016511247941199236
29,22,2,-0.0064468907987258435
29,23,2,-0.0056970532599923875
29,24,2,0.003923445080703282
29,30,2,-0.059294679898563005
29,31,2,0.008073978772230792
29,32,2,0.014774336170952473
29,33,2,-0.008571443931500724
29,34,2,0.0020337929622234368
29,35,2,-0.0019317529685963259
29,36,2,0.0028445501749164003
29,37,2,-0.004792334318283113
29,38,2,0.0019027371903134792
29,39,2,0.004531995634778921
29,42,2,0.014790724710509361
29,43,2,0.007125743771535661
29,44,2,-0.05520262205757086
29,45,2,0.0008407467635094513
29,47,2,-0.01426068426548649
29,48,2,-0.008315291729417333
29,49,2,-0.016320123156907042
29,52,2,0.005534257645530303
29,53,2,-0.006025561430426736
29,54,2,0.002872174414075841
29,55,2,-0.01646919137003639
29,56,2,-0.004173208412529726
29,57,2,-0.006151547122543173
29,59,2,-0.0010266015333367507
30,0,2,0.0040733141447652456
30,2,2,-0.008621882261615907
30,3,2,-0.0026453898711367805
30,5,2,-0.002548348791621715
30,7,2,0.006952030729069514
30,8,2,-0.003434220421572756
30,10,2,-0.002426292464454225
30,12,2,-0.0367225456473529
30,15,2,-0.002286289074700936
30,18,2,-0.04160718346198603
30,22,2,-0.00539457809969386
30,23,2,-0.03256288183611362
30,24,2,0.005038376917123641
30,25,2,-0.004609186939719233
30,29,2,-0.007235844852662375
30,34,2,0.0024595181460516373
30,35,2,0.004977382222701352
30,37,2,-0.04571409455894322
30,42,2,-0.0024909016207090313
30,43,2,-0.006609332665074171
30,45,2,8.209096631464478e-05
30,46,2,-0.008722456012761852
30,49,2,-0.1173948762581542
30,51,2,0.0028706014316253266
30,53,2,-0.007844784370805172
30,55,2,0.005820213016458916
31,0,2,0.003797000640502865
31,1,2,0.0007600521512499683
31,2,2,0.01075610895186089
31,3,2,0.0033776436727455585
31,4,2,-0.059486761789072626
31,5,2,0.004575255217328505
31,6,2,0.03217997857274843
31,7,2,-0.006157901232299928
31,8,2,-0.01020410381760412
31,9,2,-0.0008926157941502364
31,10,2,-0.0073367600057030954
31,11,2,-0.029577130142465928
31,12,2,-0.01888631319068217
31,13,2,-0.002647028591543355
31,14,2,0.04983439928218411
31,15,2,0.0012087439062531474
31,17,2,0.009948245128199678
31,18,2,0.008039470458370888
31,19,2,-0.0042304884173889005
31,20,2,-0.0005272671199851771
31,21,2,-0.009124574532382497
31,22,2,-0.004546582801121545
31,23,2,-0.005469278272636437
31,24,2,0.012827990489147867
31,25,2,0.01631652597094922
31,26,2,-0.007977685627655773
31,28,2,0.03182236764655953
31,29,2,-0.008457005374779778
31,30,2,-0.011008911655601597
31,32,2,-0.03263960638423437
31,33,2,-0.005166189810463906
31,34,2,-0.00964038791270536
31,35,2,-0.029231869397834846
31,36,2,-0.009532606308778563
31,38,2,0.00885898929036237
31,39,2,0.01624819530752126
31,40,2,0.006734595454502225
31,41,2,-0.03992945049447952
31,42,2,-0.004230031901009838
31,43,2,0.009039474020028148
31,44,2,-0.0052460091997118645
31,45,2,-0.005710740043855092
31,47,2,-0.003912011550871755
31,48,2,-0.007955090169599653
31,49,2,0.023052333395989128
31,50,2,-0.005643870641300049
31,51,2,0.003416937947085338
31,52,2,0.007916522348965926
31,53,2,0.007275804732067691
31,54,2,0.004780055676317932
31,55,2,0.007608750698465154
31,56,2,0.031364447253989965
31,58,2,-0.0012278213496390048
31,59,2,0.005613667939544453
32,0,2,0.010191035743328814
32,1,2,0.03431497331623238
32,2,2,0.024505772052831117
32,3,2,0.031625691951838286
32,4,2,-0.008675175364570388
32,5,2,-0.0430317569040091
32,6,2,0.0377851516861335
32,7,2,-0.01512405085332776
32,8,2,0.0658446445612682
32,9,2,-0.05579396837558011
32,10,2,-0.017022701845139626
32,11,2,-0.014120445020987998
32,12,2,0.05215252749867197
32,13,2,-0.003997271177494324
32,14,2,0.008778357591915446
32,15,2,0.003728615218958478
32,16,2,-0.005641177150145594
32,17,2,0.013515271323971808
32,18,2,-0.039233797066500264
32,19,2,0.00047999191993051255
32,21,2,-0.0077761709149159535
32,22,2,-0.004634937173978972
32,23,2,0.0069221241432514445
32,24,2,0.0014885988860091303
32,25,2,0.010921343488213036
32,26,2,-0.01261718000684792
32,27,2,-0.001368370590815117
32,28,2,-0.0022970644135691227
32,29,2,0.03323068253995698
32,30,2,-0.0006569618157736047
32,31,2,-0.004411824030660966
32,33,2,0.05621824463645323
32,34,2,-0.05973116694225958
32,35,2,0.007028424924334872
32,36,2,-0.004940462031199367
32,37,2,0.006591094227435479
32,39,2,0.010739645446590422
32,40,2,-0.007873846818790131
32,41,2,-0.0017786084970724896
32,42,2,-0.00030122969642740075
32,43,2,-0.0008855791402878249
32,44,2,-0.0199302710635605
32,45,2,0.018142250985820348
32,46,2,0.019228915730682167
32,47,2,-0.006684381681759491
32,48,2,-0.00599860658122964
32,49,2,0.04984680251935849
32,50,2,0.0013063467399435963
32,51,2,0.00190532570185678
32,52,2,-0.0012186896602324401
32,53,2,-0.007294542687483887
32,54,2,0.014070358507164342
32,55,2,-0.006327211442542676
32,56,2,0.001549432988474027
32,57,2,0.003881286121093117
32,58,2,0.0021273486388051696
32,59,2,-0.004586970409219824
33,0,2,-0.0048585354926948335
33,1,2,-0.0026985103353989195
33,2,2,0.009399223957154609
33,3,2,0.004942133568422597
33,5,2,0.0004348905075750297
33,7,2,0.01876516732984291
33,8,2,0.01498200295686179
33,9,2,-0.03879142299783789
33,10,2,-0.07297475045486433
33,11,2,0.014871932634315639
33,12,2,-0.0026306915366440414
33,17,2,-0.00909439117827014
33,18,2,-0.005889575665197658
33,19,2,6.008953941882408e-05
33,22,2,-0.0018365811778762113
33,23,2,-0.002029433442655823
33,24,2,0.0011964067785683792
33,25,2,-0.002407919374051531
33,30,2,0.004284550447310374
33,34,2,-0.028178815107237028
33,35,2,-0.0074398568857496905
33,36,2,0.007184413040859095
33,38,2,-0.00666817968868165
33,39,2,-0.00816170094753465
33,42,2,0.00426368311615767
33,46,2,0.014598472595958742
33,47,2,-0.0021488010842765737
33,48,2,-0.0036754214084541072
33,49,2,-0.004865270132386159
33,52,2,0.016345964894369177
33,53,2,0.008960189739090109
33,54,2,0.02324759159863186
33,55,2,-0.002707309720233122
33,59,2,-0.004335184954256252
34,0,2,-0.0036244398568705985
34,1,2,-0.033521259255390505
34,2,2,-0.013135143777861237
34,3,2,-0.08962227556739231
34,5,2,0.03790250461234
34,6,2,0.003436658807818853
34,8,2,-0.05624196482705202
34,9,2,0.0031158787399064056
34,10,2,-0.0037059386392990115
34,12,2,-0.010415837255601667
34,13,2,0.004021297269466143
34,14,2,0.0055510840275282206
34,15,2,0.000401258573986183
34,17,2,-0.006820045651585081
34,18,2,0.005561392631005604
34,20,2,-0.0025531008294297033
34,21,2,0.0018177044948069225
34,22,2,0.033254414659186
34,23,2,-0.07132252456948543
34,24,2,0.0018415331780385616
34,25,2,-0.017639874223460347
34,26,2,-0.002275592646711277
34,27,2,-0.005779147798584748
34,28,2,0.004595854589739292
34,29,2,0.018731006150258512
34,30,2,-0.009230052382992213
34,31,2,0.008826962622667942
34,32,2,0.006647611654503189
34,33,2,-0.002661600294250648
34,35,2,-0.00905786002242876
34,36,2,-0.0007164095099239248
34,37,2,-0.005400351040411254
34,39,2,-0.005534801521985988
34,40,2,0.005579747901271531
34,41,2,-0.0035119958116576664
34,43,2,0.016566337260770617
34,44,2,0.0014330350110883215
34,45,2,0.005915042019826471
34,46,2,0.006963767510357582
34,47,2,0.006724558983205766
34,49,2,-0.009257849474609336
34,51,2,-0.0060119557973669765
34,53,2,0.01032744088741578
34,54,2,-0.00920643348685156
34,55,2,0.03500392427921984
34,57,2,-0.008170929656008595
34,58,2,-0.004198578478667396
34,59,2,0.003160797264992847
35,0,2,0.008394046344942148
35,1,2,0.0044117156487727205
35,2,2,0.026562918059911858
35,5,2,-0.01966644620227429
35,6,2,-0.04296276211174307
35,7,2,0.028221830205265103
35,8,2,0.032766920716587655
35,9,2,-0.0648656142694373
35,10,2,0.01310449954878492
35,11,2,-0.00818563212314811
35,12,2,0.018951935868750727
35,13,2,-0.03072022426335469
35,14,2,8.478678293042324e-05
35,15,2,0.0033668739393185486
35,16,2,0.08179771104418936
35,17,2,0.0043632765602848195
35,18,2,-0.014822853907498153
35,19,2,0.002874768259297608
35,20,2,-0.00709730736127016
35,21,2,0.031664428786579664
35,22,2,-0.003637188089408603
35,23,2,-0.004071166586223467
35,24,2,-0.014123540905008834
35,25,2,0.00042702386674805593
35,26,2,-0.006146433054016756
35,27,2,-0.009043509633231432
35,28,2,0.003709821186445843
35,29,2,0.004666290512758707
35,30,2,-0.02724754675628235
35,31,2,0.004956113862759062
35,32,2,-0.003633345998080971
35,33,2,-0.049287478508852095
35,34,2,0.008875367764543203
35,36,2,0.04928519977572318
35,37,2,-0.004064832945214071
35,39,2,0.013350611938860954
35,41,2,0.011898775037300545
35,42,2,0.025565041891008836
35,43,2,0.00909141382261525
35,44,2,-0.022054993488180016
35,46,2,0.014643426943050536
35,47,2,-0.002844176604828032
35,48,2,-0.009768384272599791
35,49,2,0.004819512885410431
35,50,2,-0.0063438483265693445
35,52,2,-0.002075307100677293
35,53,2,0.006000544851418113
35,54,2,2.8199526572599752e-05
35,55,2,-0.014304514499265085
35,56,2,0.026975021940081147
35,57,2,-0.015203188248417376
35,58,2,0.002852410026096854
35,59,2,-0.0249952140962905
36,0,2,0.039200645081954776
36,1,2,0.0017576639296007445
36,2,2,0.009393972775354387
36,3,2,0.0489212524398007
36,4,2,-0.00767783426897963
36,5,2,-0.04814576051371178
36,7,2,-0.04777306373837013
36,8,2,-0.003074343440364031
36,9,2,-0.015839356854267773
36,10,2,-0.005512588119018799
36,11,2,-0.034113284822989455
36,12,2,0.007340751180614735
36,13,2,0.007660815665899122
36,14,2,0.009154084172005186
36,15,2,-0.008705607267510143
36,16,2,-0.05274842283255044
36,17,2,0.04984895545813289
36,18,2,0.003606609742502662
36,19,2,0.05022455972043224
36,20,2,0.004057442905187719
36,21,2,-0.10185184189821937
36,22,2,-0.041402928103935054
36,23,2,-0.0008488966119304417
36,25,2,9.700630727886094e-05
36,26,2,-0.05632646374137875
36,27,2,0.016188804170911487
36,29,2,-0.012466702595622887
36,30,2,-0.007042448241197441
36,31,2,0.0013613094255078922
36,32,2,0.007949539320361854
36,33,2,0.0022940487825530045
36,34,2,-0.010219098275262198
36,35,2,0.00320175142390157
36,38,2,0.006089006725568904
36,39,2,0.0063760277692506955
36,40,2,0.0006716399112209515
36,42,2,0.04325850854978039
36,43,2,0.054687202125485286
36,44,2,-0.049768044581964085
36,45,2,0.0011426941773862874
36,46,2,-0.004451556120214849
36,47,2,-0.0617372012480941
36,48,2,0.014245791780691689
36,49,2,-0.014324423401339631
36,50,2,-0.0036766081463658127
36,51,2,0.006084479133053836
36,52,2,0.019218235742447406
36,53,2,-0.01621707724179562
36,54,2,-0.003395370526974491
36,55,2,-0.014601209639431956
36,56,2,0.006653505276299986
36,57,2,0.0044290959393972
36,58,2,0.00518327699487571
36,59,2,0.014703334797218035
37,0,2,-0.011735587760288949
37,1,2,-0.02404635178036477
37,2,2,0.055934768447178804
37,3,2,0.0778237519690452
37,5,2,-0.01270751253335358
37,6,2,0.013193961157669748
37,7,2,0.008190142114408496
37,8,2,-0.08866501774714668
37,9,2,0.022472758962341452
37,10,2,0.0014635759556915122
37,11,2,0.005166111586169566
37,12,2,0.02787977393393692
37,13,2,-0.019573453023992177
37,14,2,-0.012499536848489786
37,15,2,-0.004357289684295345
37,16,2,0.027011033450530037
37,17,2,0.0535417862669361
37,18,2,-0.007952316977602195
37,19,2,-0.0201006421734876
37,20,2,0.03805071941150162
37,21,2,-0.004314919095463059
37,22,2,-0.008558526118682876
37,23,2,-0.002400667249086628
37,24,2,0.008361952814336722
37,25,2,0.009949376741215208
37,26,2,0.026138163442008165
37,27,2,0.007846730278227104
37,28,2,-0.005095476829216177
37,29,2,-0.016907458470987426
37,30,2,-0.013914401470661097
37,31,2,0.014216448460041473
37,32,2,0.004784386004844061
37,33,2,-0.009607395060178275
37,34,2,0.04716461874613443
37,35,2,0.011418963751867451
37,36,2,0.012057259410146091
37,39,2,0.017087655359414235
37,41,2,0.02070087418123996
37,42,2,0.018378281287035135
37,43,2,-0.012298271365177822
37,44,2,-0.061882626354124
37,45,2,-0.04571471289488209
37,46,2,-0.009981378471972408
37,47,2,-0.004304171496480489
37,48,2,-0.01651996613561569
37,49,2,-0.005617660134353507
37,51,2,-0.004787741229984241
37,53,2,-0.006400107475180968
37,54,2,0.0021317215899325196
37,55,2,-0.02274148929761207
37,56,2,-0.0017244930942377319
37,57,2,-0.0013093051580707253
37,59,2,-0.017348705089457853
38,0,2,0.006545772575489277
38,1,2,-0.00471337301187041
38,2,2,0.01401670534948407
38,3,2,0.03642296987361972
38,4,2,-0.0067411607029125515
38,6,2,-0.006909069270750025
38,7,2,-0.005703599098591151
38,8,2,0.0007760546333764392
38,9,2,-0.008814262906782578
38,11,2,-0.051201999324990886
38,12,2,0.0031459768665154193
38,13,2,-0.007678416908109363
38,14,2,0.008110418110467326
38,15,2,0.009162662380274862
38,20,2,0.0028362666223619905
38,21,2,0.03802400499762206
38,22,2,-0.0055876205171706906
38,23,2,-0.0015493284073748483
38,25,2,0.010285182563748692
38,26,2,-0.009804347977921157
38,28,2,-0.001884225683384537
38,29,2,-0.0062521072236320025
38,31,2,-0.0036189112068599513
38,33,2,-0.0034031627895462296
38,34,2,-0.012232220135410372
38,35,2,0.004222549822136161
38,36,2,-0.0037380645398937345
38,37,2,0.05227608281244051
38,39,2,0.0037743451979348414
38,41,2,0.0029881357896942625
38,42,2,-0.0051985884943168
38,43,2,-0.000931984195262028
38,45,2,0.0030838042099236014
38,48,2,0.02512507209408563
38,49,2,0.0026799971992411994
38,50,2,0.0007722432183035526
38,51,2,0.0023621832547408403
38,52,2,0.006068944830355422
38,54,2,0.009284998093079576
38,56,2,0.0038622526420617055
38,57,2,0.0005787185387984101
38,58,2,-0.033641048087288836
38,59,2,-0.0032069560301790792
39,0,2,0.004420494293980002
39,1,2,0.004914576868638347
39,2,2,-0.017734609101643786
39,3,2,-0.05691133299541119
39,5,2,0.034258883402541886
39,6,2,0.003867650377019709
39,7,2,-0.010461481487328558
39,8,2,-0.013278536928501642
39,9,2,0.029502923399178635
39,11,2,-0.007261530268388555
39,12,2,-0.004763572393022784
39,14,2,0.004850843475443752
39,16,2,-0.007954580319596893
39,17,2,0.005878554653617174
39,19,2,0.007407776681377556
39,21,2,-0.0024662367593419523
39,22,2,-0.002997057765817681
39,23,2,0.0021031056738591565
39,24,2,0.009150118141880428
39,25,2,-0.006710803866476083
39,26,2,-0.011391850241080224
39,27,2,-0.004581544604431842
39,28,2,0.002853055133090273
39,29,2,0.009466810034652162
39,30,2,0.0041638958738662015
39,31,2,0.00547967968273499
39,34,2,0.02632854594030874
39,35,2,-0.05247632852955133
39,36,2,0.05249727227364893
39,40,2,0.006744116162118571
39,42,2,0.009190248116557298
39,43,2,0.014940511246877588
39,44,2,-0.006997073105541671
39,46,2,-0.012389749131671726
39,48,2,-0.007606568462270278
39,51,2,-0.03824886850437079
39,53,2,-0.005077038704911729
39,54,2,0.001492770553390363
39,55,2,0.011451873054956187
39,56,2,-0.0050057044897517155
39,57,2,-0.006521331718106252
39,58,2,-0.005074727653815922
40,0,2,-0.003992463249390701
40,2,2,-0.006111728418336119
40,3,2,0.042997747836632606
40,4,2,-0.0068472572720907395
40,7,2,0.0029931103997247704
40,8,2,0.0028395130051455013
40,10,2,0.005641543397476843
40,11,2,-0.05142661352674137
40,12,2,0.003972480339046827
40,14,2,0.010997236914595039
40,21,2,-0.01449557213204987
40,22,2,-0.010565908620259952
40,23,2,0.005791863631251198
40,26,2,-0.009958654888752864
40,29,2,-0.04777070991379097
40,32,2,0.011249586125301157
40,34,2,-0.012424738404443577
40,36,2,-0.005744060929537049
40,42,2,-0.005280407105105578
40,43,2,0.009160055911719636
40,44,2,-0.028803743870915447
40,45,2,0.003653491731633116
40,47,2,-0.005197583520553316
40,48,2,0.0040477075129413485
40,49,2,-0.004011945685621452
40,50,2,-0.004416884318298581
40,52,2,0.006164461649106562
40,53,2,-0.004570743505030649
40,55,2,-0.005481537119426949
40,56,2,0.003923039170180683
40,59,2,0.004303083062902741
41,0,2,-0.04479561482880699
41,1,2,-0.06270240018728523
41,2,2,-0.015966945928299846
41,3,2,-0.056934289373857666
41,4,2,-0.002246832265782605
41,5,2,-0.0031359408264490466
41,6,2,-0.009147459946081212
41,7,2,0.04002283662439279
41,8,2,0.05225570720230488
41,9,2,0.001646961103026775
41,10,2,0.002682651088022608
41,11,2,-0.020513813593839
41,12,2,-0.006414389989547065
41,13,2,-0.002075492424369991
41,14,2,0.0018696672524706362
41,15,2,-0.03916333146196409
41,16,2,-0.0003841051679472469
41,17,2,-0.07978745209641888
41,18,2,-0.006934249915148735
41,19,2,-0.06018147961918918
41,20,2,0.0007629866585474315
41,21,2,0.061809310190979815
41,22,2,-0.0057575210896725374
41,23,2,-0.008112061323010872
41,24,2,0.006467963397966883
41,25,2,-0.001286913538896837
41,26,2,-0.0045806209162036525
41,27,2,-0.0042601424520278515
41,28,2,0.0038417823380043643
41,29,2,0.013152629370299896
41,30,2,0.003048186040151316
41,31,2,-0.007907550920810524
41,32,2,0.00520588635505123
41,33,2,0.008229449638952677
41,35,2,-0.01956860502868186
41,36,2,0.01932812020601535
41,37,2,-0.0006122160559169677
41,38,2,-0.015687338436619132
41,39,2,0.00951796311641522
41,40,2,-0.013131827089983334
41,42,2,0.005840165938090058
41,43,2,-0.011799317113554437
41,44,2,-0.003870435089473602
41,46,2,0.007603610388947851
41,47,2,0.01747678570103593
41,48,2,-0.012610068240650484
41,49,2,-0.001648863221292646
41,51,2,-0.015262812309113983
41,52,2,-0.02018293328352182
41,54,2,0.00017912757579763115
41,55,2,-0.002341914232462476
41,56,2,-0.003714114377020597
41,57,2,-0.02025039865480655
41,58,2,-0.0060026390806100826
41,59,2,-0.0478392844310678
42,0,2,0.034333687266098555
42,1,2,0.031160048578508653
42,2,2,-0.007625911269206944
42,3,2,-0.005017574192559694
42,4,2,-0.05701010005519363
42,5,2,-0.013753139524592685
42,6,2,0.009172549434651182
42,7,2,0.010591408952444417
42,8,2,0.008703721863609725
42,9,2,-0.0012126177485994292
42,10,2,-0.0022251577950730566
42,11,2,0.009634903025601455
42,12,2,0.0025263716922334823
42,13,2,0.006207300472831956
42,14,2,0.006539103064270657
42,15,2,-0.015976257925416806
42,17,2,0.07763946966064582
42,18,2,0.005009472104980647
42,19,2,0.010265979363569653
42,20,2,0.014591180508430944
42,21,2,-0.08607948841496488
42,22,2,-0.07615808105853765
42,23,2,0.010087380833063719
42,24,2,-0.010917875648424682
42,25,2,-0.014924155019371227
42,26,2,0.009450545688205594
42,27,2,0.01840397598840957
42,29,2,-0.03523954909601373
42,30,2,-0.0030684809156242515
42,31,2,0.01655580820859468
42,32,2,-0.0005439993258408618
42,33,2,0.04350392066900091
42,34,2,-0.034566219211788374
42,35,2,-0.000722462043063386
42,36,2,0.0007202124943282982
42,37,2,0.005744191949620013
42,38,2,0.008457446609571581
42,39,2,0.0047501556535807605
42,40,2,0.00490588008273653
42,41,2,-0.005548876701713643
42,44,2,0.006556661314591376
42,45,2,-0.006525710050743753
42,46,2,-0.002743610509954728
42,47,2,-0.05362322681995074
42,48,2,0.007633291984900577
42,49,2,0.008154507907220348
42,50,2,0.00538101402756364
42,51,2,-0.0077519832041746325
42,52,2,0.004199424082916849
42,53,2,-0.046400531405560254
42,54,2,-0.01814317591290061
42,55,2,0.0025915286460035333
42,57,2,0.0044078994578088905
42,59,2,0.04403931584031842
43,0,2,-0.006813191627911052
43,1,2,-0.03773237631278554
43,2,2,0.04767055506415444
43,3,2,0.005971200252494786
43,4,2,0.046977992433837525
43,5,2,0.004888900294670439
43,6,2,0.004036348692535032
43,8,2,-0.008194782140321185
43,9,2,0.01244925742683814
43,11,2,0.0044145702293453045
43,12,2,-0.005374961038245801
43,13,2,0.0519728351041394
43,14,2,0.007153571238619303
43,15,2,-0.0023247837083758185
43,16,2,0.002683521816632661
43,17,2,-0.009355287189436306
43,18,2,-0.010197990184963044
43,20,2,-0.0047992975144308635
43,22,2,0.04508041672352062
43,23,2,-0.0457129351792841
43,24,2,-0.009781549572174024
43,25,2,-0.009505157903471714
43,26,2,-0.00427763996130858
43,27,2,-0.007851002652964817
43,29,2,-0.006139574112688326
43,30,2,0.03239022690875869
43,31,2,-0.05744444648843475
43,32,2,0.0037153877341497823
43,34,2,0.0033919184246064553
43,35,2,-0.007201287292103627
43,36,2,0.007442790386413823
43,37,2,-0.0025762823222985677
43,38,2,-0.007272630433186325
43,39,2,-0.01316622816922495
43,40,2,-0.005528646920354021
43,45,2,-0.0021212711336469616
43,46,2,-0.012029128268478784
43,47,2,0.010574943669965245
43,48,2,0.005048603752914364
43,49,2,-0.03599307999177871
43,50,2,-0.0049787835037985685
43,51,2,-0.0056833395001438195
43,52,2,0.005465813908503892
43,53,2,-0.007418872332403016
43,54,2,-0.005734486955268063
43,55,2,0.0050615494734855436
43,57,2,0.0031090220664787968
44,0,2,0.008570436462702164
44,1,2,0.004286337396086711
44,2,2,0.010885073368877791
44,3,2,0.007467899504760677
44,4,2,-0.004794806614899044
44,5,2,0.01140899686437485
44,6,2,-0.0053128274395806896
44,7,2,-0.04865754327893803
44,8,2,-0.03710419429265947
44,9,2,-0.004094549216543781
44,10,2,-0.002784379548380412
44,11,2,0.008426483086301487
44,12,2,-0.050262358569584414
44,13,2,-0.011913609429711277
44,14,2,-0.011396874641230823
44,15,2,0.01977488596985012
44,16,2,0.007634928401745062
44,17,2,-0.009984081190119353
44,18,2,0.015782525795994762
44,19,2,-0.010108633802976762
44,20,2,-0.005015528457090913
44,21,2,0.07348957340800616
44,22,2,0.048701629803609224
44,23,2,-0.0010213646426474787
44,24,2,0.00936395396685377
44,25,2,0.003321187009814885
44,26,2,-0.004470367775829939
44,27,2,-0.005853674059277901
44,29,2,-0.08782085711604361
44,30,2,-0.007970030797286249
44,31,2,-0.005278238499082809
44,32,2,-0.02407598640684448
44,33,2,-0.01473465223608881
44,34,2,-0.003507950882263089
44,35,2,0.00841895765938427
44,36,2,-0.004574139240469336
44,37,2,-0.002282326421623738
44,39,2,-0.0006807751202887452
44,40,2,-0.004610824915784248
44,41,2,0.0019527750739664759
44,42,2,-0.006819276068042913
44,43,2,-0.04882240326289367
44,45,2,-0.03351404188012897
44,46,2,-0.006763353325749874
44,47,2,0.04127806081975832
44,48,2,-0.0055852135039619185
44,49,2,0.02396526031042767
44,50,2,9.002110542019304e-06
44,51,2,0.008178942589102116
44,52,2,0.012397935307344333
44,53,2,0.03768382664569154
44,54,2,0.017946752845544586
44,55,2,0.03339113117639708
44,56,2,0.002776775791938913
44,57,2,-0.0002119726508299285
44,59,2,-0.0394019143572483
45,0,2,-0.007634418589334071
45,1,2,-0.08240820949458658
45,2,2,0.013444994974783112
45,3,2,-0.0020322937395795735
45,4,2,-0.010645323040905097
45,6,2,-0.03310125112128443
45,7,2,0.008676131611416555
45,8,2,-0.011956294838718242
45,9,2,0.0031729304353658484
45,10,2,-0.06758360666233705
45,11,2,0.006242841781084513
45,12,2,0.005851616524137946
45,13,2,0.008070024347401174
45,15,2,-0.021147406269213624
45,16,2,-0.021896927063345173
45,17,2,0.025376881545114572
45,18,2,0.001955570541272121
45,19,2,0.004732047168747341
45,20,2,0.004683842273493037
45,21,2,-0.0036086659140925855
45,22,2,-0.005401692342652068
45,23,2,-0.05163081617606112
45,24,2,-0.00203126109832854
45,25,2,-0.09787325635621234
45,28,2,-0.006289221933813103
45,29,2,-0.011172300291314899
45,30,2,-0.013901660656185297
45,31,2,-0.007429462851150857
45,32,2,0.007887238762157255
45,33,2,-0.00040428260369089117
45,34,2,-0.0004079946290579767
45,35,2,-0.01665613678212999
45,36,2,0.003867533317700969
45,37,2,-0.005469080281426854
45,38,2,-0.006758404574220437
45,39,2,-0.008569406904288483
45,41,2,0.005392104033211482
45,42,2,0.040401534428985364
45,43,2,-0.008956619214614341
45,44,2,-0.010989965293239931
45,46,2,-0.026026801549494816
45,47,2,0.01532056927273369
45,48,2,0.013423431591241233
45,49,2,-0.013104588260841708
45,51,2,-0.014579207772068743
45,52,2,-0.004577318538429014
45,53,2,-0.008179396889615257
45,54,2,-0.007115543086967427
45,55,2,0.00431806354501151
45,56,2,0.002682927648091451
45,57,2,0.036397301039070455
45,58,2,-0.0019696291918229096
45,59,2,0.0042111395828148025
46,0,2,-0.06919862030595095
46,1,2,0.001333584670389132
46,2,2,-0.0015860192777835684
46,3,2,0.0014708744364111588
46,4,2,0.010233829118859462
46,5,2,0.0052187388860912825
46,6,2,-0.011215278345070119
46,7,2,0.0028460998722008306
46,9,2,0.05908155503901819
46,10,2,-0.0010075271133361883
46,11,2,0.00993919824474877
46,12,2,-0.026507586600386487
46,13,2,0.044795111507043094
46,14,2,-0.009679611975386521
46,15,2,0.007668812218626022
46,16,2,0.0028387691562499176
46,17,2,-0.012298799931511669
46,18,2,-0.005098691852367743
46,19,2,-0.023800104558362817
46,20,2,0.011527059948881308
46,21,2,0.06535771273950827
46,23,2,-0.007180258332255749
46,24,2,0.002212638227558508
46,25,2,0.010844525724555682
46,27,2,0.004853838638096438
46,28,2,0.022625432103146288
46,29,2,0.01682257250175352
46,30,2,0.04161443829180527
46,31,2,-0.040073251187947176
46,32,2,0.01613658179073606
46,33,2,0.045338670663697976
46,34,2,-0.003956253146059553
46,35,2,0.002317312576990051
46,36,2,0.005899354133320963
46,37,2,-0.0036658702870552375
46,38,2,-0.010781951883211016
46,39,2,0.009553039540351653
46,41,2,0.047847997016085504
46,42,2,0.009154290820701294
46,43,2,-0.007240985452390099
46,44,2,0.010461712113890204
46,45,2,-0.004595335816726556
46,47,2,0.023799328971678586
46,48,2,0.0073693324604182575
46,49,2,-0.0038947898517902218
46,50,2,0.007306601988219028
46,51,2,-0.000840996259256401
46,52,2,0.01005408366826845
46,53,2,-0.008785140403605035
46,54,2,-0.04009879534944447
46,55,2,0.01827011267829017
46,56,2,-0.04167652134064334
46,57,2,0.005490521104391968
46,58,2,-0.003712044621020227
46,59,2,0.013715332903883886
47,0,2,-0.010961991469406827
47,1,2,0.033146194148508105
47,2,2,0.003027648985242019
47,3,2,0.03720107530566873
47,4,2,0.007129467943179983
47,5,2,0.006628753794455628
47,6,2,0.028637566583160256
47,7,2,0.006770297614106382
47,8,2,0.021420912109603875
47,9,2,0.004555039030501209
47,10,2,0.00115028376538642
47,11,2,0.011626641618559435
47,12,2,0.03976554706884595
47,13,2,0.000570227853929141
47,14,2,-0.012861177364072891
47,15,2,0.004533972066466915
47,16,2,0.00513775389529968
47,17,2,-0.006286231978826053
47,18,2,-0.007567661767943331
47,19,2,-0.0530514599261434
47,20,2,0.00301584933938894
47,21,2,0.0030777111940004528
47,22,2,0.00316504293142965
47,23,2,0.0037135972594575226
47,24,2,-0.005400553112967527
47,25,2,0.010907834459515023
47,26,2,0.0051107761558416235
47,28,2,-0.007489782687100642
47,29,2,-0.040768412188730084
47,30,2,0.01588040935067644
47,31,2,-0.059064433475528234
47,32,2,0.007706488350256364
47,34,2,-0.00030089864911517103
47,35,2,0.017313126611600067
47,36,2,-0.03934335373636517
47,37,2,-0.034127727906435736
47,38,2,-0.005323151612106517
47,39,2,0.0029132381607265933
47,40,2,-0.012888755731040459
47,41,2,-0.0017836221211330265
47,42,2,-0.0030356683526276945
47,43,2,-0.012179219424968838
47,44,2,0.01156815558098424
47,45,2,0.005657051642494605
47,46,2,-0.005255033855980024
47,48,2,-0.0018945691150930896
47,49,2,-0.00020420005078560335
47,50,2,-0.029871418528281794
47,51,2,0.03769618764772856
47,52,2,-0.010830987171443178
47,54,2,-0.0019364926496829948
47,56,2,-0.008619475635401892
47,57,2,0.009226678959036682
47,58,2,-0.002856883047183474
47,59,2,-0.004642137744035896
48,0,2,0.00757288480850903
48,1,2,0.012310125548770133
48,2,2,0.024634069220693007
48,3,2,0.006809243501895873
48,5,2,-0.0022720997923179175
48,6,2,0.004029015718515679
48,7,2,-0.0070174514736026155
48,8,2,-0.05263657484397949
48,9,2,-0.021898248968430768
48,10,2,-0.00434470974995239
48,11,2,0.008094178519490375
48,12,2,-0.0007832757778642984
48,13,2,-0.007059206665116971
48,14,2,0.0507358800209487
48,16,2,0.005693797980413052
48,17,2,0.008728447841794365
48,18,2,0.010912816023969282
48,19,2,-0.0008864364532166439
48,20,2,0.0046515028785787
48,21,2,-0.010675739763655337
48,22,2,-0.01221475507408943
48,23,2,-0.01040663548000707
48,24,2,0.02155037102977962
48,26,2,-0.0024017717879689696
48,27,2,0.005426671631984296
48,28,2,0.008318497519067596
48,29,2,-0.005718237378451096
48,30,2,-0.012527271408647763
48,31,2,0.0057850579560311845
48,34,2,0.09272984367622668
48,37,2,-0.0065699364320523845
48,39,2,0.00616269855178553
48,41,2,-0.004117338123975853
48,42,2,0.008677859655691511
48,44,2,-0.0009280844038813355
48,45,2,-0.004543807573400813
48,47,2,-0.0043639987223303145
48,49,2,0.033196168864787365
48,50,2,0.0056892668854715295
48,51,2,-0.010987567901505988
48,53,2,-0.016320501021854058
48,54,2,0.011405762402458016
48,55,2,-0.012333953335731696
48,56,2,-0.0029901307905483873
48,57,2,-0.05075697932148897
48,58,2,0.013515646529963456
48,59,2,-0.0048732196369045255
49,0,2,-0.0040295899648843045
49,1,2,0.006396006621536177
49,2,2,-0.0017644360828435316
49,3,2,-0.039055970355708056
49,5,2,0.036066607448190346
49,6,2,-0.00933031837488644
49,7,2,0.005703795594375213
49,8,2,0.01119402581715703
49,10,2,0.01184571841897388
49,11,2,-0.004580268771090694
49,12,2,-0.002301682214417423
49,14,2,-0.04358036799678667
49,16,2,0.00891367947041743
49,17,2,0.004838394850070912
49,18,2,0.046996003312601474
49,19,2,0.014118851417842252
49,20,2,-0.0026321551127258683
49,21,2,-0.0067278073075423585
49,23,2,-0.0015189181134728589
49,24,2,0.06131908470903879
49,25,2,-0.0007623716466747671
49,27,2,-0.0042126874759826636
49,28,2,-0.006294174722324992
49,29,2,-0.04672028812217994
49,30,2,-0.006223728905874036
49,32,2,0.007905575248891841
49,35,2,-0.025137359445484952
49,36,2,0.012989315991315899
49,37,2,0.012395294165188381
49,38,2,0.018260126723868123
49,40,2,0.019161241145786906
49,42,2,-0.011318330688802957
49,43,2,-0.05965239635712853
49,44,2,0.007076411666319155
49,45,2,-0.04661071474267333
49,46,2,0.008711108925381982
49,47,2,-0.0003788146736028449
49,48,2,-0.04858571227024719
49,50,2,0.04403110275355845
49,51,2,-0.005791644749067431
49,53,2,-0.04507762675346249
49,54,2,0.058536555063146097
49,55,2,0.0019670502305052023
49,56,2,0.007376394721508172
49,57,2,0.0032463832399409896
49,58,2,-0.00861100633330982
49,59,2,-0.0031439704227829175
50,0,2,0.0028412793711257243
50,1,2,0.008847649736388921
50,2,2,-0.011881290350115514
50,3,2,0.013228697379367821
50,5,2,-0.0036439095321219206
50,6,2,-0.04297015117949438
50,7,2,-0.005070141981388074
50,8,2,-0.008858737962557869
50,9,2,-0.0019040788600992314
50,10,2,0.00888549904713052
50,11,2,-0.01787986467177448
50,12,2,0.0131032067458522
50,15,2,-0.002329141882054723
50,16,2,-0.05907423396261249
50,17,2,0.015459285802119123
50,18,2,0.011586953510452004
50,19,2,0.01715614364823869
50,20,2,0.00253770252526212
50,21,2,-0.0074995476984492165
50,22,2,-0.008645372597305927
50,23,2,-0.02724190405809544
50,24,2,0.03151873105382748
50,25,2,-0.0063554575830184505
50,26,2,-0.006158900220784009
50,28,2,-0.004014107065348516
50,29,2,-0.01492975316932023
50,30,2,-0.05255993242479181
50,31,2,-0.005145990992652496
50,34,2,0.0008501822789720516
50,35,2,-0.03567094056704037
50,36,2,0.04310250335401123
50,37,2,0.02552047884806762
50,38,2,0.05069514264148472
50,39,2,-0.008033458847515284
50,40,2,0.043588898200075964
50,41,2,0.010503547347746707
50,42,2,0.001247032988976646
50,43,2,-0.0016348859673299505
50,44,2,-0.007960311713067695
50,45,2,-0.013046458491812756
50,46,2,-0.00888594440594138
50,47,2,0.018908783372968255
50,48,2,-0.00537886708776207
50,51,2,-0.03500541663754653
50,52,2,0.004856863781866124
50,53,2,-0.007991822222271128
50,54,2,0.040240053900673645
50,55,2,0.006471574487476798
50,56,2,0.004780846606448801
50,58,2,-0.0010336453037142884
50,59,2,0.028230325288782155
51,0,2,0.0025203265600488526
51,2,2,0.003259356542402994
51,6,2,0.005323313221006172
51,7,2,-0.006547184997468092
51,8,2,-0.006747224555432409
51,9,2,0.049601852243077976
51,11,2,-0.004725952879954215
51,12,2,0.005042681231171006
51,14,2,0.010750952167535239
51,17,2,-0.006899486986133729
51,19,2,-0.007684973437743567
51,20,2,-0.0019280127851546275
51,21,2,0.04638220105728479
51,22,2,-0.004137235505705693
51,24,2,-0.04478890121349021
51,25,2,-0.0008363268044828602
51,26,2,0.02707864187070792
51,28,2,0.004640959532513558
51,34,2,-0.0028058372976649164
51,35,2,-0.05977357913204448
51,36,2,-0.0064569824966810435
51,37,2,-0.005740268007152459
51,38,2,-0.008370712992362146
51,42,2,0.006167939384992039
51,43,2,0.07247595410183
51,45,2,0.00445892780274281
51,46,2,-0.018987210588426225
51,47,2,0.0006572986098952568
51,48,2,0.06364867557605977
51,49,2,0.007187716618600886
51,53,2,-0.007780529051175618
51,54,2,-0.045637158741961295
51,56,2,-0.005438925817699668
51,57,2,-0.012520779379903268
51,59,2,0.008309965458881144
52,0,2,-0.07294077322458103
52,1,2,-0.06445101788612986
52,2,2,-0.018293709735642014
52,3,2,-0.0035399232288365933
52,4,2,0.010640531278799341
52,5,2,0.02952896942691458
52,7,2,0.11718580009700896
52,8,2,-0.01720929860228834
52,9,2,0.02108777125501227
52,10,2,0.006213148130074699
52,11,2,0.05297114837600901
52,12,2,-0.004632399896987727
52,13,2,-0.005967723958821476
52,14,2,-0.017089535082473323
52,15,2,-0.007844945976407499
52,17,2,-0.03657541459848117
52,18,2,-0.07777103031556197
52,19,2,-0.048964600764622015
52,20,2,0.003152151302878104
52,21,2,0.028249851727044376
52,22,2,0.008819734984411177
52,23,2,-0.005890156841230965
52,24,2,0.011240300880604256
52,25,2,-0.003793799120115554
52,26,2,0.01547559477142114
52,27,2,-0.014146989589483057
52,29,2,0.014194031419696343
52,30,2,0.05146973440756078
52,31,2,-0.015101371332244555
52,32,2,-0.0028322933248344805
52,33,2,0.0049988305994107685
52,34,2,0.016713632145886517
52,35,2,0.01342650290773428
52,36,2,0.0031280840714243514
52,37,2,-0.005699614135576497
52,38,2,-0.014354660559142515
52,39,2,-0.023520930514002503
52,40,2,-0.00611478119075166
52,42,2,0.014257051788148295
52,43,2,-0.005834837467954423
52,45,2,0.006824880383720178
52,46,2,-0.006412859574970219
52,47,2,0.026270595419147058
52,48,2,-0.012057133947902985
52,49,2,0.01585097571635822
52,50,2,0.006863769517651555
52,51,2,-0.0087482441231539
52,53,2,0.023347456437814593
52,54,2,-5.255770458194506e-05
52,55,2,0.01680416734608264
52,56,2,-0.014698408243625274
52,57,2,-0.004604394187168449
52,58,2,-0.004741051042815219
52,59,2,-0.011013868627347139
53,0,2,0.006778170329292503
53,1,2,0.0028329854030872993
53,2,2,0.012743122167272906
53,4,2,-0.004067894758041319
53,6,2,-0.0021465268593823506
53,7,2,0.0056146436542955265
53,8,2,0.007657856077320218
53,9,2,-0.015325122737958507
53,11,2,0.001969792358870683
53,12,2,0.00366761380389468
53,13,2,-0.0018591118804240053
53,19,2,-0.03527606216451032
53,20,2,0.00531290586669132
53,21,2,-0.00035460321142364345
53,25,2,0.029397274238226304
53,28,2,-0.004590793979886074
53,29,2,0.017107738783084577
53,30,2,-0.011249232943502276
53,31,2,0.0074164176088371385
53,33,2,-0.007934874879517165
53,35,2,0.05637797423639521
53,36,2,0.009087784731826457
53,40,2,-0.03764040929405508
53,41,2,-0.00806936427242706
53,44,2,0.00392420456910286
53,46,2,0.00046049718034305714
53,48,2,-0.0043362727896447415
53,52,2,-0.0063600820023674365
53,54,2,0.008629888640127138
53,56,2,0.012818741741578252
53,59,2,-0.004258178436743373
54,0,2,0.003297949689901915
54,1,2,-0.01184595777577154
54,2,2,-0.004047246978440564
54,3,2,0.0011713016889201646
54,4,2,0.004038729102136899
54,5,2,-0.006517858983573031
54,6,2,-0.005042891730504975
54,7,2,-0.0042291290871490275
54,8,2,0.004915322500453331
54,10,2,-0.0025475971136112337
54,11,2,-0.0017638495224568938
54,12,2,-0.042305708686237835
54,13,2,-0.006790673222099197
54,14,2,-0.007832019915186717
54,16,2,-0.005390906733095882
54,17,2,-0.0033069978490087595
54,18,2,0.005132956223154449
54,19,2,0.06386037530099534
54,20,2,-0.007642791108898266
54,21,2,0.008855989751433225
54,22,2,0.004337662927567915
54,23,2,-0.006205475668668789
54,24,2,0.0075747332670348215
54,25,2,-0.03214542402020229
54,26,2,-0.005612101561616807
54,29,2,0.005793537520922545
54,31,2,0.004874164233947674
54,33,2,-0.005831183354117681
54,34,2,0.0038440557586742427
54,36,2,0.03748109020363912
54,37,2,0.010412567732058522
54,39,2,0.0052943923523626184
54,40,2,0.009350200334355586
54,42,2,-0.03139698355922385
54,43,2,0.0053756280940147096
54,44,2,-0.004741993543480901
54,46,2,0.006570793774783057
54,47,2,-0.016183705188649793
54,48,2,-0.03223628894467843
54,49,2,-0.00523621897152452
54,50,2,0.003040373876683567
54,51,2,-0.00021642982658882755
54,52,2,0.009149188673623057
54,53,2,0.005379782275136098
54,55,2,-0.008551264501837534
54,57,2,0.0072840659595475735
54,59,2,-0.05192212758028614
55,1,2,-0.00418412249095118
55,3,2,0.0024793420597743945
55,4,2,0.009080251053149335
55,5,2,-0.007028431623268668
55,6,2,0.001703875990315841
55,7,2,-0.003917937743920734
55,8,2,0.006432213820295817
55,9,2,-0.0009532343314612538
55,10,2,0.004014976248151956
55,11,2,0.0023089965364943917
55,12,2,0.00463039807746963
55,14,2,0.0049559111145065365
55,17,2,-0.007312830459026976
55,18,2,-0.007161997740244786
55,19,2,0.004416966777308729
55,21,2,-0.0003846299891709374
55,22,2,-0.004936706289821404
55,24,2,-0.051743062987688784
55,25,2,-0.0676146664838563
55,28,2,0.004918996194454003
55,29,2,0.011159894834564697
55,31,2,0.07802927152997645
55,32,2,0.02485415896437803
55,33,2,-0.017219943406639803
55,34,2,0.0050391085700100865
55,36,2,0.0037111744628070117
55,37,2,-0.0060841634762189185
55,38,2,-0.008872196593361654
55,42,2,-0.003545045870186251
55,43,2,0.005456537918022169
55,44,2,-0.028468191103849242
55,45,2,0.016440002724073272
55,47,2,-0.007614244363693208
55,48,2,0.0036026836479148357
55,49,2,-0.0392448380231153
55,50,2,-0.007546164593096134
55,52,2,-0.008077913098818685
55,53,2,0.0037040995518144476
55,54,2,0.011301404273807426
55,56,2,-0.005764768085511019
55,59,2,-0.000432307710250719
56,0,2,-0.006977407064813215
56,1,2,-0.01009359414776216
56,2,2,0.05207818454740224
56,3,2,0.06243365803617464
56,4,2,0.013836249622877194
56,5,2,-0.05473171355816861
56,6,2,-0.004574862992307932
56,7,2,0.005233326528214569
56,8,2,-0.01664361220360363
56,9,2,-0.011848804213388143
56,10,2,-0.07558025210033768
56,11,2,0.0014200270800348547
56,12,2,-0.005851906609527674
56,13,2,-0.042036315851023597
56,14,2,-0.005122242622334751
56,15,2,-0.04217512287917344
56,16,2,0.011546471237935375
56,18,2,-0.011875150944386978
56,19,2,-0.006480144832417842
56,20,2,-0.07868981749788147
56,21,2,-0.0032477954498806995
56,22,2,0.01352864110796996
56,23,2,0.05957709713961805
56,24,2,-0.0033976714152647866
56,27,2,0.0024305197779170493
56,28,2,0.03836710694880353
56,29,2,0.009282712508323633
56,30,2,0.0495373774609147
56,31,2,-0.025063719086097124
56,32,2,0.0037606067245674725
56,34,2,0.005320965776810382
56,35,2,-0.022580770845065504
56,36,2,-0.013778644770581484
56,37,2,-0.008480077975357077
56,38,2,-0.012551848073916199
56,39,2,0.005036018419217529
56,40,2,-0.017194973514654002
56,41,2,0.014945173456119929
56,42,2,0.010777905278433239
56,43,2,0.04952713424426469
56,44,2,-0.011762991665940779
56,45,2,0.018552005699233768
56,46,2,0.018535233007331342
56,47,2,-0.027917184828976416
56,48,2,-0.013681896438950692
56,49,2,-0.0065064576613612325
56,50,2,-0.055436853518246815
56,51,2,0.013503801089342385
56,52,2,-0.0037563142957121945
56,53,2,0.013641768636186467
56,54,2,-0.012543699699447824
56,55,2,-0.0094272964501036
56,57,2,-0.01652396202671845
56,58,2,-0.004204743211881534
56,59,2,-0.022217987376264153
57,0,2,-0.0662964688986023
57,1,2,-0.11278636441056862
57,2,2,0.07243841165366897
57,3,2,-0.060719833488462736
57,4,2,-0.008717366092057996
57,5,2,-0.0005024755744809345
57,6,2,-0.009427744920656471
57,7,2,-0.015133719417401782
57,8,2,-0.037002304266407104
57,9,2,0.043609230872151884
57,11,2,-0.008610402042900112
57,12,2,0.006641412067560933
57,13,2,-0.012411672356401093
57,14,2,-0.0005244529564615543
57,15,2,0.01229616106274509
57,16,2,0.011447531649343732
57,17,2,-0.08411650634809077
57,18,2,-0.024364531567937768
57,19,2,-0.03781819782566136
57,20,2,-0.014451282659689087
57,21,2,0.08775728780447213
57,22,2,0.1014763853534014
57,23,2,-0.016676939820333775
57,24,2,0.00888044017607169
57,25,2,0.0008469986783231447
57,26,2,-0.012075248386439544
57,27,2,-0.021911268173640072
57,28,2,-0.05834049423207462
57,29,2,0.007067737539687906
57,30,2,-0.0029666254540620515
57,31,2,0.005604839367341037
57,32,2,0.014086163893297024
57,33,2,6.775998664496604e-05
57,34,2,0.04296767098731164
57,35,2,-0.00630599662111804
57,36,2,0.001089997064394412
57,37,2,-0.017793986802410046
57,38,2,-0.01202833900122151
57,39,2,0.0003708638796518342
57,40,2,-0.0773973790333864
57,41,2,0.00499332314197079
57,42,2,0.022517758905768105
57,43,2,0.007744037408636675
57,44,2,-0.01786581814558261
57,45,2,0.011304644093796997
57,46,2,-0.025246002486399906
57,47,2,0.043979644666521885
57,48,2,-0.02594631614406245
57,49,2,-0.017085463753933928
57,50,2,0.0027547740510757888
57,51,2,-0.06847478720640898
57,52,2,-0.0042030999976839555
57,53,2,0.06320208772592971
57,54,2,0.021002355692766095
57,55,2,0.0048666854635128955
57,56,2,-0.006011737152991982
57,58,2,-0.03432183646577461
57,59,2,-0.03183589486631265
58,1,2,0.004669640668043044
58,3,2,0.004150059840028132
58,6,2,0.004218100629723463
58,7,2,0.04978741043868743
58,9,2,-0.00585786790959102
58,10,2,0.0044912852253507956
58,15,2,0.0018693735704174333
58,16,2,0.006507760641899483
58,17,2,-0.0032991503557878122
58,20,2,-0.028924082078552342
58,22,2,0.004410851556223059
58,23,2,0.0393522568060195
58,24,2,0.0021713640739145982
58,26,2,-0.0032606433301762354
58,29,2,0.0035654008834778367
58,30,2,0.009432361034761628
58,34,2,-0.0020110135105257574
58,35,2,0.008188222003771077
58,36,2,-0.00879731989671545
58,37,2,-0.004463758725787892
58,38,2,-0.00668814122347296
58,40,2,-0.006798357719367006
58,41,2,0.0038029021101648255
58,42,2,-0.0032953604371174553
58,43,2,0.010099942970281545
58,45,2,-0.01831720925501751
58,46,2,0.0071318753694864755
58,47,2,-0.004033039305496458
58,48,2,-0.007972750111883647
58,50,2,-0.040467227762637725
58,51,2,-0.029586856041656832
58,53,2,0.006414251255749544
58,54,2,0.0009886721662191358
58,56,2,-0.006397444413111574
58,57,2,-0.003489013002120258
58,59,2,-0.005832498315530784
59,0,2,0.003977322449507315
59,2,2,-0.011313618714076245
59,3,2,-0.0056636231832574635
59,5,2,-0.008067109481176376
59,6,2,0.005352285939276609
59,7,2,-0.012197516257621107
59,8,2,0.00716535114672502
59,9,2,-0.0029540752001677244
59,11,2,-0.00653353345429504
59,15,2,0.002762850734580242
59,16,2,-0.0071571025268888
59,17,2,-0.010079005731359864
59,19,2,0.006665118092314642
59,20,2,-0.0037449394197488304
59,21,2,0.006485333881933286
59,22,2,0.0021100068058153504
59,23,2,0.04590340842127206
59,24,2,-0.05142976222335706
59,25,2,-0.014014898501922533
59,26,2,-0.010804728722390732
59,28,2,0.004666218465711291
59,29,2,0.005269503434666684
59,32,2,0.004248796751317088
59,33,2,-0.004161556303704634
59,34,2,-0.01014030594668984
59,35,2,0.009662163287309166
59,36,2,0.050140292322460464
59,37,2,-0.04974013542144785
59,38,2,-0.008416271519388768
59,39,2,-0.02829000475777473
59,41,2,-0.004950079898483131
59,42,2,0.00826888979368311
59,43,2,0.015123822059286644
59,44,2,-0.005148729461154418
59,45,2,0.016726434495631503
59,46,2,0.01054059360597489
59,49,2,-0.008107022731687686
59,51,2,0.004004746577993643
59,53,2,0.009479977182823127
59,54,2,0.004726657293782489
59,55,2,0.038446630262430954
59,56,2,-0.005468527770255867
0,1,3,-0.10917858880644665
0,2,3,0.003777676696736223
0,3,3,0.02006403849729993
0,4,3,0.002263369855054393
0,5,3,-0.014074918660037702
0,6,3,0.003788430027970041
0,7,3,-0.003120546382252095
0,8,3,0.001966830932065463
0,9,3,-0.18679223423534805
0,10,3,-0.001119143302048328
0,11,3,-0.028246995140548427
0,12,3,0.009010937038086433
0,13,3,0.021619914223371207
0,14,3,0.013051775641119482
0,15,3,-0.019719614377157874
0,16,3,0.00675200548253384
0,17,3,-0.017470398550913698
0,18,3,0.08656167645583009
0,19,3,0.0057552099594186164
0,20,3,-0.0025157038586781297
0,21,3,0.03683529882722765
0,22,3,-0.016771173496482834
0,23,3,-0.18093226561079667
0,24,3,-0.04544956702856552
0,25,3,-0.0014419054464770073
0,26,3,-0.005330176440353079
0,27,3,-0.171038874032945
0,28,3,0.006527267642847903
0,29,3,-0.001351799303549342
0,30,3,-0.18380840400722476
0,31,3,0.010572561922108597
0,32,3,0.06444292717314432
0,33,3,0.006930384741844122
0,34,3,0.010408792209485259
0,35,3,0.019739218468900543
0,36,3,0.033474509253761026
0,37,3,0.01381062697012649
0,38,3,0.08728869701023383
0,39,3,-0.008407172789154128
0,40,3,0.0005786500712504338
0,41,3,0.001351915472097154
0,42,3,-0.046238722067462365
0,43,3,-0.014710098632905953
0,44,3,0.001250256794228694
0,45,3,-0.015890164783059792
0,46,3,0.006792013926567225
0,47,3,-0.07733478309931763
0,48,3,0.012217077738595214
0,49,3,0.030773980356910625
0,50,3,0.008999778676042078
0,51,3,-0.022642864693856405
0,52,3,0.00166489159907554
0,53,3,0.012411800641078908
0,54,3,0.008913056663810578
0,55,3,0.004458507124088815
0,56,3,-0.0017286798420943657
0,57,3,-0.005476780403091791
0,58,3,-0.012138327122913755
0,59,3,0.06533928977311385
1,0,3,-0.1912409641741305
1,2,3,0.08436385564200825
1,3,3,-0.10649555825558896
1,4,3,-0.001209323552472533
1,5,3,0.007605224419811327
1,6,3,-0.02033144119100871
1,7,3,0.004074611115528089
1,8,3,0.04699281562109866
1,9,3,0.11459753980527349
1,10,3,0.017692495539919074
1,11,3,-0.006853572272288019
1,12,3,-0.013837230325317161
1,13,3,-0.07985600134375684
1,14,3,-0.07301573278670533
1,15,3,0.05836114565613526
1,16,3,0.0037622019470237356
1,17,3,0.05093651872210315
1,18,3,-0.059172799816601236
1,19,3,-0.01302173793432736
1,20,3,-0.0016961296463138974
1,21,3,0.013579806320560822
1,22,3,0.10314848530660276
1,23,3,-0.02537481961161381
1,24,3,-0.021534700430542997
1,25,3,-0.013373447310042514
1,26,3,0.00321246249397424
1,27,3,-0.031762648297255856
1,28,3,0.0017870207770174775
1,29,3,0.015344451929565114
1,30,3,0.13497678659479848
1,31,3,0.025404851212155924
1,32,3,-0.04307186964750513
1,33,3,-0.013930836913013422
1,34,3,0.013183218545774018
1,35,3,-0.06990306671873193
1,36,3,0.012115879348230649
1,37,3,0.031748648078136966
1,38,3,-0.01680264315543241
1,39,3,-0.014206721066173185
1,40,3,-6.319488383997509e-05
1,41,3,0.014618110014037315
1,42,3,0.08753415486355906
1,43,3,0.03395057586659543
1,44,3,-0.12292442016491514
1,45,3,0.012286050440636692
1,46,3,-0.03578380294529517
1,47,3,0.08356334632497478
1,48,3,0.01962190896005251
1,49,3,-0.08066813693862045
1,50,3,-0.00400197312806857
1,51,3,0.06807645182669016
1,52,3,0.0029704468506840916
1,53,3,-0.005998844984310843
1,54,3,-0.031668053977743894
1,55,3,-0.039735319390380004
1,56,3,-0.00022501768158921046
1,57,3,-0.006480488673680698
1,58,3,1.245355286350499e-05
1,59,3,-0.07595884258246849
2,0,3,0.014027270604658866
2,1,3,-0.011202498776735056
2,3,3,-0.0737251502749914
2,4,3,-0.009466966195140447
2,5,3,-0.1269757559240863
2,6,3,0.033212899438348015
2,7,3,0.02720085675549676
2,8,3,-0.08251458048338764
2,9,3,-0.06349517369735802
2,10,3,-0.0014798377486672882
2,11,3,-0.007916266664939166
2,12,3,0.04630066152525353
2,13,3,0.0543706286019611
2,14,3,-0.00712692441414362
2,15,3,-0.02212215509406007
2,16,3,0.040555823831765744
2,17,3,0.03188064947379742
2,18,3,-0.03478641465349783
2,19,3,-0.022962135238575716
2,20,3,0.016809143994680285
2,21,3,-0.037787516040276595
2,22,3,-0.043930274399392025
2,23,3,-0.0462719708511446
2,24,3,0.025679178187164763
2,25,3,0.010380033002044394
2,26,3,-0.0004871551364789196
2,27,3,0.019466604308259472
2,28,3,0.017835475396474038
2,29,3,0.010632091600679183
2,30,3,-0.01535139931847084
2,31,3,0.045831345981609095
2,32,3,-0.014037114600268106
2,33,3,-0.055338359922111315
2,34,3,0.021652242938612044
2,35,3,-0.009703119562754487
2,36,3,0.005529576314344294
2,37,3,-0.022369277585238816
2,38,3,0.0009242959522183595
2,39,3,0.033508834667985966
2,40,3,-0.03900531316590163
2,41,3,-0.023315760734082758
2,42,3,0.0675606834216937
2,43,3,-0.005683246509987761
2,44,3,0.031406206866146036
2,45,3,-0.002324918149032157
2,46,3,-1.6162798737485995e-06
2,47,3,-0.017663644893429226
2,48,3,-0.047948164700805894
2,49,3,0.029872934398865778
2,50,3,-0.027167851056245074
2,51,3,0.0033141566606798532
2,52,3,-0.018405438020399137
2,53,3,-0.025186221281147468
2,54,3,-0.034065580541301856
2,55,3,-0.06459260455310466
2,56,3,0.04307540457149364
2,57,3,-0.01899727612923852
2,58,3,0.0231705130125678
2,59,3,0.026740639364103206
3,0,3,0.008582352193168654
3,1,3,-0.09831010706888385
3,2,3,0.05894985708385785
3,4,3,-0.015765135522499384
3,5,3,-0.038890175587460815
3,6,3,-0.001471287648614871
3,7,3,-0.007343118368669977
3,8,3,0.01796699326373667
3,9,3,-0.03825488370767047
3,10,3,0.022372401439164972
3,11,3,-0.03551989963357899
3,12,3,0.01709212177051268
3,13,3,-0.08272379411806438
3,14,3,-0.03654526282022541
3,15,3,-0.010654319792205392
3,16,3,0.018688462686646902
3,17,3,-0.01363671952826901
3,18,3,-0.030292880924552085
3,19,3,0.006522434256739164
3,20,3,-0.009611744758950113
3,21,3,0.009180649183186167
3,22,3,-0.012414989765689832
3,23,3,-0.0022899869652065804
3,24,3,-0.003517462873559641
3,25,3,0.05591238773699819
3,26,3,-0.00818654693562239
3,27,3,-0.005197704546880919
3,28,3,-0.036818538256315564
3,29,3,-0.07720791131964494
3,30,3,-0.02787869629577771
3,31,3,-0.0185656462113893
3,32,3,0.022058540541955267
3,33,3,0.00114893228411891
3,34,3,0.058539627699429
3,35,3,0.05005420452640845
3,36,3,0.03481243068143377
3,37,3,-0.015359198328148185
3,38,3,-0.0009753453571695131
3,39,3,0.019245671822313567
3,40,3,-0.01143731887191339
3,41,3,0.010113919101630934
3,42,3,0.011052832926073772
3,43,3,-0.04567926792907987
3,44,3,0.001321517448169985
3,45,3,0.012712775130015069
3,46,3,0.00690630397244003
3,47,3,-0.007930498826494407
3,48,3,-0.02540361738544972
3,49,3,0.0074808461247799374
3,50,3,-0.007589163440801905
3,51,3,-0.029495691494432978
3,52,3,-0.06738377322950084
3,53,3,0.0067334136404474535
3,54,3,0.05503606555413218
3,55,3,-0.027788068688015425
3,56,3,-0.008864173714498194
3,57,3,0.021107979541761582
3,58,3,-0.006415861200789859
3,59,3,-0.02742521732003326
4,0,3,-8.787532623426021e-05
4,1,3,-0.006035441946403316
4,2,3,0.01616096568840285
4,3,3,0.012476948035268595
4,5,3,-0.012665782873133883
4,6,3,0.04733297400585983
4,7,3,0.004236229329121165
4,8,3,-0.003950802013902268
4,9,3,0.06559590857645638
4,10,3,-0.018403760584846208
4,11,3,0.044889228816051556
4,12,3,-0.023246569712178353
4,13,3,0.002420455556730325
4,14,3,0.03286601446366775
4,15,3,0.009072274748702697
4,16,3,0.001527520200600845
4,17,3,-0.0004732299177525576
4,18,3,-0.014025915465038629
4,19,3,-0.011617443062566435
4,20,3,0.003734443960845904
4,21,3,-0.011797963050753533
4,22,3,0.025491378034622248
4,23,3,0.10182536410984852
4,24,3,0.029187063419870977
4,25,3,-0.11596270701972813
4,26,3,0.00618751553589794
4,27,3,-0.001438650559020716
4,28,3,-0.0018755881489666303
4,29,3,0.014135248406978815
4,30,3,0.08701015709514952
4,31,3,-0.008691307082652477
4,32,3,0.00014366120863676114
4,33,3,0.02141603460850529
4,34,3,-0.005233264221477933
4,35,3,0.013643177018605488
4,36,3,-0.023487571091811522
4,37,3,-0.020669046654777968
4,38,3,-0.07662825900469246
4,39,3,-0.09876886450969609
4,40,3,-0.05004123357106196
4,41,3,-0.008685664910974597
4,42,3,0.0034717817236006314
4,43,3,0.018724424830507423
4,44,3,-0.003637147255662476
4,45,3,0.015404213093617657
4,46,3,0.02419526378920648
4,47,3,0.040047367678850934
4,48,3,-0.01690534840694145
4,49,3,-0.024615911652532334
4,50,3,-0.0034915549200244546
4,51,3,0.025698262622983456
4,52,3,-0.01063372614771058
4,53,3,-0.07232464124287646
4,54,3,-0.06236698408670642
4,55,3,-0.0038661014010288094
4,56,3,-0.0064894793937262
4,57,3,0.002260851705088035
4,58,3,0.010821479965847114
4,59,3,-0.0017722495676468246
5,0,3,0.00435154572268292
5,1,3,-0.002849016949029827
5,2,3,-0.006368349277727973
5,3,3,0.005324367736418676
5,4,3,0.0002710840070495763
5,6,3,-0.005376327916623272
5,7,3,-0.07136517962830471
5,8,3,0.0015439466864618709
5,9,3,-0.0060051920489851245
5,10,3,-0.0009698614228678594
5,11,3,-0.012815849892417993
5,12,3,0.0011637772078905465
5,13,3,0.0044804123015080455
5,14,3,0.0015636889533549093
5,15,3,0.006555163592801274
5,16,3,-0.0015778626580443989
5,17,3,-0.002179579249942545
5,18,3,-0.007324039563599027
5,19,3,-0.0063861129190871686
5,20,3,0.001060800060443662
5,21,3,0.01957906780243252
5,22,3,-0.002352511556532802
5,23,3,-0.008937323689403857
5,24,3,-0.018237321341604544
5,25,3,-0.01672159641032082
5,26,3,-0.0015532615295670705
5,27,3,-0.04028980540234101
5,28,3,0.0008166530184715739
5,29,3,-0.015164030531298028
5,30,3,-5.283407325724945e-05
5,31,3,0.017305420779711995
5,32,3,0.014098612205687207
5,33,3,-0.00929377830695015
5,34,3,-0.0064819724774363395
5,35,3,-0.06253698182025294
5,36,3,0.000747800083478665
5,37,3,-0.00015667540792316928
5,38,3,8.347627332502635e-05
5,39,3,0.0008600581712965043
5,40,3,0.05780559328286421
5,41,3,0.001982494776641369
5,42,3,0.08428019922507038
5,43,3,0.008021861517435848
5,44,3,-0.016386113046905994
5,45,3,0.007404375057726887
5,46,3,-0.00057653241337134
5,47,3,-0.0015482915215780288
5,48,3,0.015554387184360833
5,49,3,-0.020000182564015506
5,50,3,0.005738346046031038
5,51,3,0.004950836883706501
5,52,3,0.01494027072020242
5,53,3,0.0004597268231987778
5,54,3,0.009037032362823308
5,55,3,0.05273441281457947
5,56,3,0.00463745437554813
5,57,3,-0.00035013392451222896
5,58,3,-0.038569681110992134
5,59,3,-0.0006947201001121295
6,0,3,0.0731814946939098
6,1,3,-0.047686847904799566
6,2,3,0.05098551943908955
6,3,3,-0.009055807918291225
6,4,3,-0.01093928470054836
6,5,3,-0.04295636664171179
6,7,3,-0.01614424289225294
6,8,3,-0.02598108549298936
6,9,3,-0.05213567157447307
6,10,3,-0.09966069265939947
6,11,3,-0.01611550068061427
6,12,3,0.049664008160687584
6,13,3,-0.008279964080568535
6,14,3,-0.07517218361013939
6,15,3,0.007773279137537997
6,16,3,0.02329715680447766
6,17,3,0.014047376762682067
6,18,3,-0.015781784202477635
6,19,3,-0.07326605273891339
6,20,3,0.02521481070154253
6,21,3,-0.01709821473119554
6,22,3,-0.03339372389297933
6,23,3,-0.027404594430471475
6,24,3,0.049773681979870935
6,25,3,0.056890028483031575
6,26,3,-0.0015142637166944218
6,27,3,-0.0026089662115118387
6,28,3,-0.009295849005959764
6,29,3,0.01012461980078959
6,30,3,-0.045150410978142194
6,31,3,0.014231821412551235
6,32,3,0.007504670357280319
6,33,3,0.001364306625202046
6,34,3,0.04738440445174945
6,35,3,-0.018938553018115933
6,36,3,0.01412272228806203
6,37,3,-0.010358847287821363
6,38,3,-0.0026056074773467353
6,39,3,0.04268003223890291
6,40,3,-0.012998901460019134
6,41,3,-0.042441954826501864
6,42,3,0.028819247714270656
6,43,3,0.008450873834925366
6,44,3,-0.04112041241259264
6,45,3,-0.00543519944327365
6,46,3,-0.005687789489611932
6,47,3,-0.018112138713029222
6,48,3,-0.05502157385892995
6,49,3,-0.00690099948697627
6,50,3,0.009200784238353292
6,51,3,-0.008357502613922168
6,52,3,-0.07452293154347453
6,53,3,-0.016891406674471508
6,54,3,0.0015356509272928323
6,55,3,-0.03179579188262984
6,56,3,-0.027661096890503997
6,57,3,-0.009061580534747428
6,58,3,-0.025106534598451805
6,59,3,0.015434581401139007
7,0,3,0.022786975431665628
7,1,3,-0.0018790003416700996
7,2,3,0.009868816818092825
7,3,3,-0.13593933222479881
7,4,3,0.00783462901019582
7,5,3,-0.008630332197844797
7,6,3,-0.010409251448139105
7,8,3,-0.0173669901813127
7,9,3,-0.00034064144453900915
7,10,3,0.03324587103387562
7,11,3,-0.05651203926219832
7,12,3,-0.014098356505270838
7,13,3,-0.09539140175815924
7,14,3,0.001809038808348963
7,15,3,0.0007182297667483713
7,16,3,0.061732912323891206
7,17,3,0.013178823604314929
7,18,3,0.01912819223898601
7,19,3,0.007858985252662067
7,20,3,0.005671709022814039
7,21,3,-0.021989807141836553
7,22,3,-0.018561896705670745
7,23,3,-0.017245421714836347
7,24,3,0.008275346093742232
7,25,3,-0.007468071161272669
7,26,3,-0.016003598397277694
7,27,3,-0.04788387683369017
7,28,3,-0.0026648230631985395
7,29,3,0.07115564610788597
7,30,3,-0.008536919865358737
7,31,3,-0.011878567709722967
7,32,3,-0.030957385658386762
7,33,3,-0.009382921565759096
7,34,3,-0.012735286228029906
7,35,3,-0.0031727108427492307
7,36,3,0.0669903612580147
7,37,3,-0.002397368591858559
7,38,3,0.008044280630052284
7,39,3,-0.007017402662302687
7,40,3,0.002627988070104979
7,41,3,0.004378076223157347
7,42,3,-0.0040493042117346065
7,43,3,0.024818635357610745
7,44,3,-0.0828681560652389
7,45,3,0.0032077976728121125
7,46,3,0.0022802064541372308
7,47,3,-0.00566885497869356
7,48,3,-0.05049054833011107
7,49,3,0.02727716238065498
7,50,3,0.010522148921797519
7,51,3,0.002651316423920369
7,52,3,-0.040603203178368685
7,53,3,-0.024376466784280626
7,54,3,-0.0032585678266984653
7,55,3,-0.02976400681862642
7,56,3,-0.029180633048828102
7,57,3,-0.021219323159829023
7,58,3,0.0015634966339006164
7,59,3,0.0023734478317363754
8,0,3,-0.00475020040355838
8,1,3,0.004478871680787441
8,2,3,-0.043730584849545284
8,3,3,-0.004682998998591221
8,4,3,0.002472389697731531
8,5,3,0.002314255684207796
8,6,3,-0.03642159160678812
8,7,3,0.0015651178439454226
8,9,3,0.0007794780695242365
8,10,3,0.06268481550637264
8,11,3,-0.002645372383865936
8,12,3,0.0017604580146728726
8,13,3,0.007841381397202394
8,14,3,0.030328882040115357
8,15,3,-0.016663416627576963
8,16,3,-0.005622090938169614
8,17,3,-0.0024460633984813578
8,18,3,-0.05417592070544027
8,19,3,0.017637661422132567
8,20,3,0.0024109725088137498
8,21,3,-0.004574194944784436
8,22,3,-0.008067210109530452
8,23,3,0.0008477328339416321
8,24,3,-0.04007402545633603
8,25,3,-0.018664499933615495
8,26,3,0.0031811674933477667
8,27,3,0.02410070937840284
8,28,3,0.014059602764749842
8,29,3,0.01221456920364557
8,30,3,0.02067803867295513
8,31,3,-0.0025609486529042007
8,32,3,0.004285213087187912
8,33,3,-0.004302335843047349
8,34,3,-0.009195135416674608
8,35,3,0.018528781947988834
8,36,3,-0.00444140473800705
8,37,3,0.02403793239136786
8,38,3,0.005356591276516934
8,39,3,0.0002809924476281676
8,40,3,0.005638905166871779
8,41,3,0.03330880435217833
8,42,3,-0.054588534424407475
8,43,3,0.0049618227759265976
8,44,3,-0.03416723472906837
8,45,3,0.009733363777438456
8,46,3,0.00309163779321663
8,47,3,-0.006422601422842285
8,48,3,0.008860716246942062
8,49,3,0.004771403382251839
8,50,3,8.101396941074878e-05
8,51,3,0.005035050977857156
8,52,3,0.013740752532784917
8,53,3,-0.010967350672489473
8,54,3,-0.002886851846904442
8,55,3,-0.0036581759404854014
8,56,3,0.002700054447485197
8,57,3,-0.04015644815789079
8,58,3,0.0132202572210756
8,59,3,-0.02066826307610239
9,0,3,0.002962101959329785
9,1,3,0.12179040823092033
9,2,3,-0.007561275767840105
9,3,3,0.000279417519613888
9,4,3,-0.002410720759883872
9,5,3,-0.0021014643215597913
9,6,3,0.005673617707262043
9,7,3,0.010628196232489635
9,8,3,0.023526850126279964
9,10,3,0.001283709054731698
9,11,3,-0.0031737569346686014
9,12,3,0.0043646220054131685
9,13,3,-0.00963470140485175
9,14,3,0.005741458112469801
9,15,3,-0.0013031295652241122
9,16,3,-0.0004918388472219857
9,17,3,0.019318530437193077
9,18,3,0.0014814184472783003
9,19,3,0.017116505330306554
9,20,3,-0.003866069954856158
9,21,3,-0.06313696356742682
9,22,3,-0.004440651222177392
9,23,3,0.006963824979782529
9,24,3,0.02048854617496927
9,25,3,-0.013838044160371793
9,26,3,-0.00010388807279647956
9,27,3,-0.0015162732579588212
9,28,3,-0.004688332192238239
9,29,3,-0.014557901671003338
9,30,3,0.016156074914859785
9,31,3,0.002714814953656912
9,32,3,-0.015615720182161454
9,33,3,-0.0006105540523141237
9,34,3,0.0010871799488145152
9,35,3,-0.004582565427583765
9,36,3,0.00076397989814141
9,37,3,0.01380432737612541
9,38,3,0.0036610966676694744
9,39,3,-0.006408776552952072
9,40,3,0.006204783336653147
9,41,3,-0.0064516118723617075
9,42,3,-0.005341294136611584
9,43,3,0.0022666959139905256
9,44,3,-0.0031027765838119756
9,45,3,-0.0026031251074691533
9,46,3,0.02247993629392496
9,47,3,-0.02704743956044784
9,48,3,-0.0038875504707280603
9,49,3,0.012951649776631597
9,50,3,-0.0020701524078336536
9,51,3,0.01779553391552219
9,52,3,-0.0015571463016597763
9,53,3,-0.01873542652723982
9,54,3,0.010429575334122738
9,55,3,-0.005490095822914
9,56,3,0.007769819483055092
9,57,3,0.0051899132159142995
9,58,3,0.0010250102966166837
9,59,3,-0.0002812165333921142
10,0,3,-0.031320583624720524
10,1,3,-0.026524393149036853
10,2,3,-0.05110897476907843
10,3,3,0.011563807098069952
10,4,3,0.0018896349871840475
10,5,3,0.038566775733457806
10,6,3,0.0057374622886568185
10,7,3,-0.010486290777724068
10,8,3,-0.019861560405125853
10,9,3,0.02651835124854922
10,11,3,-0.026467006482691194
10,12,3,-0.017177141837477438
10,13,3,0.02630227733238443
10,14,3,0.006310967193926183
10,15,3,-4.056738497182983e-05
10,16,3,-0.012643615537054845
10,17,3,0.009111800476217586
10,18,3,0.01344648927801388
10,19,3,0.0008555224270983303
10,20,3,0.0029813763209990745
10,21,3,0.03461736684826369
10,22,3,0.020393673525415244
10,23,3,0.017370881137348033
10,24,3,-0.017845823251174675
10,25,3,0.001189603760100828
10,26,3,-0.008465988380089839
10,27,3,-0.0008269744467645709
10,28,3,0.00223977074416361
10,29,3,-0.002983820463946594
10,30,3,0.008390951683832842
10,31,3,-0.004581900741281123
10,32,3,0.008029994011754535
10,33,3,-0.020566563485298946
10,34,3,-0.013961229650048054
10,35,3,0.031173905521448938
10,36,3,-0.02595091915071028
10,37,3,3.619486667608531e-05
10,38,3,0.03461321450644024
10,39,3,0.01272270944429705
10,40,3,0.003315665709647325
10,41,3,-0.006671179886874128
10,42,3,-0.05404692234753335
10,43,3,-0.0032961712347172813
10,44,3,0.031028098348514555
10,45,3,-0.0034611581987608196
10,46,3,-0.009581740679873094
10,47,3,0.02426791594664745
10,48,3,0.01996621389054406
10,49,3,0.016204487540896727
10,50,3,0.003024318314841583
10,51,3,-0.011913893047920652
10,52,3,0.052718089841195546
10,53,3,0.01729116709034022
10,54,3,0.0001005156331692239
10,55,3,0.023458093004539896
10,56,3,0.018517357898425298
10,57,3,0.018296981870844196
10,58,3,-0.008928103011933608
10,59,3,0.0034619024005411985
11,0,3,0.02990649517071794
11,1,3,-0.0005081935682002075
11,2,3,-0.011507496365363865
11,3,3,-0.017265673512694063
11,4,3,-0.02311815902252022
11,5,3,0.0064394657222864
11,6,3,-0.011266563302693964
11,7,3,-0.016001969977905234
11,8,3,-0.0009714873557220282
11,9,3,-0.015464106728106171
11,10,3,0.004674144627820508
11,12,3,0.0037151693449115285
11,13,3,-0.010987899027268986
11,14,3,-0.046919181853199425
11,15,3,0.015287733505084106
11,16,3,-0.01081471169663939
11,17,3,0.010717960487192006
11,18,3,0.0021685231413947105
11,19,3,0.013455762256546135
11,20,3,-0.009339862278550331
11,21,3,0.010406517257591775
11,22,3,-0.0008712194745667002
11,23,3,-0.03336411998009852
11,24,3,-0.009430701885766678
11,25,3,-0.009017419548792661
11,26,3,0.025094075889167004
11,27,3,-0.009035953548189538
11,28,3,-0.0022419686776820606
11,29,3,-0.003817534448725515
11,30,3,-0.009919936017074655
11,31,3,0.008931358873030993
11,32,3,0.0022869669397019648
11,33,3,-0.009740520175216951
11,34,3,0.026615140924129886
11,35,3,-0.005913604359376439
11,36,3,0.027666086174986695
11,37,3,0.002865251729815447
11,38,3,-0.045665424822755644
11,39,3,-0.005299560094031686
11,40,3,0.005851991023827363
11,41,3,0.0036157534050545075
11,42,3,0.018086283793368806
11,43,3,-0.009424504810717306
11,44,3,-0.0042217831621167426
11,45,3,0.0002559882919913109
11,46,3,-0.008262055803644168
11,47,3,-0.01377240918158062
11,48,3,-0.0013793221703184634
11,49,3,-0.0018312753561167887
11,50,3,0.017156552213589017
11,51,3,-0.008329000404429052
11,52,3,-0.014528062561021703
11,53,3,-0.014860658691201714
11,54,3,0.010378535457615905
11,55,3,0.006052476571268626
11,56,3,0.06356341975559379
11,57,3,-0.003507816703053514
11,58,3,-0.007364704851064418
11,59,3,0.00575725270855052
12,0,3,-0.0551487876675003
12,1,3,0.014113624095891982
12,2,3,-0.00946866605985561
12,3,3,-0.063239690429634
12,4,3,-0.0016629840979205653
12,5,3,0.032395067046675254
12,6,3,0.07790854840261022
12,7,3,0.0098276419502323
12,8,3,-0.013405065101236556
12,9,3,0.02602692633537144
12,10,3,0.011225662470644016
12,11,3,0.0022262724311853986
12,13,3,0.005986241668134557
12,14,3,0.006651915968197617
12,15,3,-0.005835814194403113
12,16,3,-0.0025226747816580798
12,17,3,0.012134266634829067
12,18,3,-0.050385251653593366
12,19,3,-0.006211980335114867
12,20,3,0.0016963575463374353
12,21,3,0.005595167155695052
12,22,3,-0.00585531203394611
12,23,3,0.02115494461794787
12,24,3,0.022249726368428334
12,25,3,-0.009402962527615875
12,26,3,-0.002165145029683632
12,27,3,0.002681100299986076
12,28,3,0.0049398009776506335
12,29,3,0.04061582375493423
12,30,3,0.028861542159141725
12,31,3,0.005782293942461303
12,32,3,-0.00819380725920851
12,33,3,0.0017313388914758628
12,34,3,-0.0032546860754923664
12,35,3,0.002196478149993926
12,36,3,-0.008935635487481249
12,37,3,0.002149740862209346
12,38,3,-0.009169048401502003
12,39,3,0.007654303715582385
12,40,3,-0.03247754961545663
12,41,3,-0.011357425716283724
12,42,3,0.014420258999241814
12,43,3,0.008039841284961605
12,44,3,-0.007243629044510962
12,45,3,0.004996429545804565
12,46,3,-0.003552226335619489
12,47,3,0.009055338899245835
12,48,3,-0.008938939268795723
12,49,3,0.010389550691163919
12,50,3,0.0004564224329724756
12,51,3,-0.01668128161198958
12,52,3,0.005148456406945013
12,53,3,-0.006428285602522122
12,54,3,-0.010337745326462392
12,55,3,0.017030748286514758
12,56,3,-0.0027182987969196003
12,57,3,-0.005448454345330124
12,58,3,-0.009862624284725743
12,59,3,-0.0026197804560703724
13,0,3,-0.04200788794615712
13,1,3,0.05293493640986905
13,2,3,0.07963995790057529
13,3,3,0.019024561428883265
13,4,3,-0.07487379408230256
13,5,3,0.005528967308054243
13,6,3,0.005887193079303749
13,7,3,0.00980912977437404
13,8,3,0.005559652045233425
13,9,3,0.006329051752254019
13,10,3,0.021451930122123226
13,11,3,0.04272923605975725
13,12,3,0.048591148907473715
13,14,3,-0.031136556125454518
13,15,3,0.06716170260104048
13,16,3,0.03785076068484466
13,17,3,-0.007613180557649022
13,18,3,-0.02430272811504422
13,19,3,-0.022982376919679724
13,20,3,0.002179820780733289
13,21,3,0.019588142792614918
13,22,3,0.037624798703796467
13,23,3,0.02714222435947736
13,24,3,-0.001056555043818102
13,25,3,0.009972870270503652
13,26,3,0.01339886241851804
13,27,3,0.023369628277413717
13,28,3,-0.009364619795416331
13,29,3,-0.035701089717715975
13,30,3,-0.010853669468710435
13,31,3,0.017995173148244316
13,32,3,-0.005292876617832889
13,33,3,0.007517642748358124
13,34,3,0.040825215349620754
13,35,3,0.011917715447807549
13,36,3,-0.031226487657286795
13,37,3,0.005698262062128844
13,38,3,0.0006138125120349412
13,39,3,0.04900648731475777
13,40,3,-0.010176656629517646
13,41,3,0.001699312955481207
13,42,3,0.037687304247667405
13,43,3,-0.007687702772953444
13,44,3,-0.01313782733716047
13,45,3,-0.013802421740923986
13,46,3,0.008579023268032795
13,47,3,0.009024998380088382
13,48,3,-0.030876692523521477
13,49,3,0.008061280917205947
13,50,3,0.0014489506578913083
13,51,3,-0.004338521472288196
13,52,3,0.00647658966868107
13,53,3,0.01863097233642429
13,54,3,0.018620117021252703
13,55,3,0.005584498405142032
13,56,3,-0.012688950675284432
13,57,3,0.03882553598636597
13,58,3,-0.000985054910805961
13,59,3,-0.02188087198449472
14,0,3,0.006970702940140126
14,1,3,0.0016127960634221919
14,2,3,-0.04924643390896625
14,3,3,0.013805359544063981
14,4,3,0.0011510046766806236
14,5,3,-0.004460852057988977
14,6,3,0.0014346022082620726
14,7,3,-0.04126028585985842
14,8,3,-0.015685886471677006
14,9,3,0.004425299598452888
14,10,3,-0.008650841902496422
14,11,3,0.03125611595955866
14,12,3,-0.01808072275907823
14,13,3,0.009941586728001574
14,15,3,0.0018063100836576895
14,16,3,-0.005400477635925458
14,17,3,0.001872930158346753
14,18,3,0.030905242847519564
14,19,3,-0.0037757887795253375
14,20,3,0.013249748734421387
14,21,3,0.007412019940287629
14,22,3,-0.005347501081250869
14,23,3,-0.027866219185471795
14,24,3,0.0007489328136003618
14,25,3,0.005014748185809414
14,26,3,0.012992121359522659
14,27,3,0.0069915375160199845
14,28,3,-0.002335158450935666
14,29,3,-0.01540840168977044
14,30,3,-0.018990011147272886
14,31,3,0.00665172524966556
14,32,3,0.006962023717580235
14,33,3,-0.008474801476491276
14,34,3,0.012695067960489952
14,35,3,-0.018981697577964272
14,36,3,0.002478917862437215
14,37,3,0.002500015203128194
14,38,3,-0.0014823867125822632
14,39,3,1.5347355763070534e-06
14,40,3,0.002612847504217896
14,41,3,-0.006906369008267026
14,42,3,0.006327726680811434
14,43,3,-0.011132551521953379
14,44,3,0.010245632827734141
14,45,3,-0.01619812115089892
14,46,3,-0.011813762656601534
14,47,3,-0.0011161802310472322
14,48,3,-0.002939654567720779
14,49,3,-0.006300759736394318
14,50,3,-0.0028334280317728233
14,51,3,0.019142491275608613
14,52,3,0.0014450418780507011
14,53,3,-0.008827691634624123
14,54,3,-0.006042743007453714
14,55,3,-0.002866625045079907
14,56,3,0.009015368011118624
14,57,3,0.005526792721869452
14,58,3,0.016835950522431996
14,59,3,0.0024042124485464654
15,0,3,0.059411185295932575
15,1,3,-0.01815665993205772
15,2,3,0.02294635299547847
15,3,3,0.011400758312465498
15,4,3,-0.0043791896142457674
15,5,3,0.04450224587266041
15,6,3,0.0030816951468110045
15,7,3,-0.040371917943565774
15,8,3,-0.005244032159261061
15,9,3,-0.029658207370915513
15,10,3,-0.013661353757824042
15,11,3,-0.0007210818893962133
15,12,3,0.003453383161386475
15,13,3,0.02157960629845045
15,14,3,0.001828651014159772
15,16,3,-0.028355065342542493
15,17,3,-0.00477127244069122
15,18,3,0.006888951757483972
15,19,3,-0.031575134198918185
15,20,3,0.0012457558672714728
15,21,3,-0.004430635889053337
15,22,3,0.01272998762957816
15,23,3,-0.015041958180045278
15,24,3,0.004192840199187521
15,25,3,5.6983129692087385e-05
15,26,3,-0.001958771111116154
15,27,3,-0.004049020019293129
15,28,3,-0.013991754126916119
15,29,3,0.02543642292427887
15,30,3,-0.029713604169164392
15,31,3,-0.01154869177780317
15,32,3,0.008070549721080168
15,33,3,0.0015783253321453225
15,34,3,0.00757223615557923
15,35,3,0.005755914978214192
15,36,3,-0.0015121279668443765
15,37,3,-0.0016443264337843828
15,38,3,0.03347126469108368
15,39,3,0.0014102446164804413
15,40,3,-0.008391523162021769
15,41,3,-0.005734640685894671
15,42,3,0.012472069526595731
15,43,3,0.03464001505592286
15,44,3,-0.00039403074711617976
15,45,3,-0.010120747770700154
15,46,3,-0.026049879846816323
15,47,3,-0.00143240494012497
15,48,3,0.013510631469425136
15,49,3,-0.008865302709737602
15,50,3,-0.004117451954113895
15,51,3,-0.013924721061905659
15,52,3,0.0027236877863274383
15,53,3,0.006863119737770677
15,54,3,0.033872903493031306
15,55,3,-0.009348859167985415
15,56,3,0.008807736799173061
15,57,3,0.029721605469615494
15,58,3,0.014537475699020086
15,59,3,0.0007295550212505925
16,0,3,-0.0008720182742266101
16,1,3,-0.03152295083544724
16,2,3,-0.012110330936647939
16,3,3,-0.02952097940840411
16,4,3,0.05028264056098112
16,5,3,0.010968033261307979
16,6,3,0.014384764795713567
16,7,3,-0.009013950512729681
16,8,3,-0.00581308838137669
16,9,3,0.03764663146810708
16,10,3,0.0199318340369816
16,11,3,0.013649331954664909
16,12,3,-0.01720937269982159
16,13,3,0.008363795943760926
16,14,3,0.0019903904697430993
16,15,3,-0.0015764398869045383
16,17,3,0.002795055760320639
16,18,3,0.006270910902606629
16,19,3,-0.011089824978604395
16,20,3,0.0035507644933013157
16,21,3,0.012792529926051167
16,22,3,0.00936817880178035
16,23,3,0.012370788502233852
16,24,3,0.00532786887163634
16,25,3,-0.0025057384103482827
16,26,3,0.0058097667628848
16,27,3,-2.7824460034305788e-05
16,28,3,0.04597444229504681
16,29,3,-0.001124647810030654
16,30,3,0.018952256564512427
16,31,3,0.03070207793408871
16,32,3,-0.006872099089208776
16,33,3,0.0011283485207955633
16,34,3,-0.004389226148010641
16,35,3,-0.004843406238213915
16,36,3,0.00038411162519535086
16,37,3,0.00027987930945882187
16,38,3,-0.006679901832532176
16,39,3,-0.015403202822003213
16,40,3,-0.009189991680548707
16,41,3,-0.00401989034632562
16,42,3,-0.0025567600087153157
16,43,3,0.00464576044854519
16,44,3,-0.010289413102022645
16,45,3,-0.0022905502270738538
16,46,3,0.014150376982882308
16,47,3,0.014860739617382985
16,48,3,-0.021807668855724535
16,49,3,0.002451225329303111
16,50,3,0.0016631840665427954
16,51,3,0.002626062423108717
16,52,3,0.007286525467835857
16,53,3,-0.017755151276244583
16,54,3,-0.0016837380352150147
16,55,3,0.014183452431281529
16,56,3,0.0008525592547044028
16,57,3,0.0052959944576983975
16,58,3,-0.003592243993979041
16,59,3,0.00232231346604456
17,0,3,-0.03012979187947617
17,1,3,-0.022614375074758317
17,2,3,0.026394066019968822
17,3,3,-0.03198852483673574
17,4,3,-0.004104503833869865
17,5,3,-0.022088038443257334
17,6,3,0.024920676853790166
17,7,3,-0.0011928512851582208
17,8,3,-0.09216759873234909
17,9,3,0.02208642576904966
17,10,3,-0.004167600277419988
17,11,3,0.020468800852782725
17,12,3,0.022966932054869948
17,13,3,-0.011355266084887163
17,14,3,0.00044377082582610673
17,15,3,-0.004577863079015007
17,16,3,0.00880065125759652
17,18,3,-0.0066318025097052025
17,19,3,0.017599597372528746
17,20,3,0.020367910517631687
17,21,3,-0.006346338038001091
17,22,3,-0.010521160853166261
17,23,3,0.0037489881260247184
17,24,3,0.023247373240144056
17,25,3,0.0025602123812169483
17,26,3,0.008686074833633883
17,27,3,-0.01663903434515988
17,28,3,0.002142872584057982
17,29,3,0.004837692856587647
17,30,3,-0.0014931968867802595
17,31,3,0.037838654131940826
17,32,3,-0.0043523875860207615
17,33,3,-0.04488985392484976
17,34,3,0.02272689504505799
17,35,3,-0.02378657073108372
17,36,3,-0.0072905198563153655
17,37,3,-0.022971501138696643
17,38,3,-0.013907194864323657
17,39,3,0.011778046594132017
17,40,3,0.0028724415782164694
17,41,3,-0.03068100372853726
17,42,3,0.030464885203482173
17,43,3,-0.00313802998204299
17,44,3,0.01674756048397194
17,45,3,-0.0023126976131168787
17,46,3,-0.033112126001446404
17,47,3,0.024961147133791436
17,48,3,-0.004262141907371822
17,49,3,0.007948226597267545
17,50,3,-0.008084639221903483
17,51,3,-0.013574034564966924
17,52,3,-0.0013228784533948403
17,53,3,-0.011779914615280359
17,54,3,-0.03237176616431404
17,55,3,-0.012739875318590438
17,56,3,0.010712175448174124
17,57,3,-0.008193543165445799
17,58,3,-7.561174063396829e-06
17,59,3,0.0027442511842533848
18,0,3,0.0061081550624759815
18,1,3,-0.0012529969243706394
18,2,3,0.04517775624375391
18,3,3,0.05379619038046091
18,4,3,-0.006664697658524208
18,5,3,-0.025717249049593188
18,6,3,0.01848865333765506
18,7,3,-0.06832219135284641
18,8,3,0.0062337480273825605
18,9,3,-0.017820527439739813
18,10,3,0.0027779408817288536
18,11,3,0.0033638083354901927
18,12,3,0.010330937183411243
18,13,3,0.005717484672340553
18,14,3,-0.0018348426379821605
18,15,3,0.06582410434059145
18,16,3,-0.003254884757839813
18,17,3,-0.011408560813436943
18,19,3,-0.08672378496213451
18,20,3,0.009811416081819171
18,21,3,-0.002474115872524497
18,22,3,-0.0057834684608679176
18,23,3,-0.03668439258853021
18,24,3,-0.03617512838039435
18,25,3,0.0436451738598204
18,26,3,0.0004541443770109969
18,27,3,0.011015862266516203
18,28,3,0.00149992488836721
18,29,3,-0.015436917907357427
18,30,3,-0.0034906995097566144
18,31,3,0.010425313129921333
18,32,3,0.007125579301287606
18,33,3,0.0019121438772900959
18,34,3,0.020206671553956487
18,35,3,-0.026681023065750386
18,36,3,-0.012515429827893599
18,37,3,-0.012160707365189701
18,38,3,0.002613379387485919
18,39,3,0.01659122735915193
18,40,3,-0.012942801303123705
18,41,3,-0.0024122653249039213
18,42,3,0.018719030819277067
18,43,3,-0.0062909489999496224
18,44,3,0.00450251888106127
18,45,3,-0.007707854679437664
18,46,3,-0.01812329158532142
18,47,3,0.0016634229641737362
18,48,3,-0.00635470621452595
18,49,3,-0.025529522284864183
18,50,3,-0.010938567262023618
18,51,3,0.0007668916650618031
18,52,3,-0.007202565326840854
18,53,3,-0.004481462518792688
18,54,3,0.008145643401385282
18,55,3,-0.03763807339044463
18,56,3,-0.012094049367256679
18,57,3,0.001236432235524583
18,58,3,0.009127513384133555
18,59,3,-0.010953174793786748
19,0,3,-0.07591769024757138
19,1,3,-0.026670579543523983
19,2,3,-0.016205078130019753
19,3,3,0.0067542862809751615
19,4,3,-0.0018715996413121462
19,5,3,0.005779957058748106
19,6,3,-0.006200210391665131
19,7,3,0.014267017235850886
19,8,3,-0.009710383719466349
19,9,3,0.024970018373076462
19,10,3,-0.007611629394974152
19,11,3,-0.0020721783036186567
19,12,3,-0.01191593882160371
19,13,3,-0.03269241753610454
19,14,3,0.04877260444445196
19,15,3,-0.0054409869696176935
19,16,3,-0.011598531178437005
19,17,3,-0.0011913394240125716
19,18,3,-0.013275682072714352
19,20,3,-0.03379015558742406
19,21,3,0.015583163535959359
19,22,3,-0.0017497500054176665
19,23,3,-0.015152040211972405
19,24,3,-0.0008355031939454999
19,25,3,0.0004807316585202427
19,26,3,0.000628629182515254
19,27,3,-0.006995427706835795
19,28,3,0.0053594974667494156
19,29,3,-0.004318108531497427
19,30,3,0.042385835300364605
19,31,3,0.02183672421801582
19,32,3,-0.00031209003653815537
19,33,3,0.006801883272602856
19,34,3,0.003977668006025543
19,35,3,0.0006342839363373882
19,36,3,-0.0064576873524972486
19,37,3,-0.0052141212142271486
19,38,3,-0.016627150075193046
19,39,3,-0.014323001797101787
19,40,3,0.03105606280025073
19,41,3,0.010701923553041394
19,42,3,0.009624697558519827
19,43,3,0.007861378173217203
19,44,3,-0.003489262158608854
19,45,3,0.06600084436399553
19,46,3,0.025471823342128636
19,47,3,0.010946515833265958
19,48,3,0.020016806325832654
19,49,3,0.006540034983281635
19,50,3,-0.04254363215756406
19,51,3,0.016080971007643417
19,52,3,0.026765943360871312
19,53,3,0.0008940494870126937
19,54,3,-0.014380165375869324
19,55,3,-0.0036104697239778593
19,56,3,-0.016227998175830614
19,57,3,-0.006277997923605494
19,58,3,0.004832531543095585
19,59,3,-0.00957048562197029
20,0,3,0.01374894451531436
20,1,3,0.02717365784767695
20,2,3,0.047895628460761244
20,3,3,0.021441178446234367
20,4,3,-0.008201141818389808
20,5,3,-0.02156798036415352
20,6,3,0.04013213032656268
20,7,3,-0.0030915676067674617
20,8,3,-0.020069133635547333
20,9,3,-0.025972008964264943
20,10,3,-0.022285582294550767
20,11,3,-0.005316182308205486
20,12,3,-0.009336608225983652
20,13,3,-0.016995594960233427
20,14,3,8.545737834786057e-05
20,15,3,-0.005262293623314066
20,16,3,-0.0309903251288362
20,17,3,0.01639961400498978
20,18,3,-0.006811765257692463
20,19,3,-0.004947758159458762
20,21,3,-0.01742225716498768
20,22,3,-0.00905854704304767
20,23,3,0.020822427908738013
20,24,3,0.01669934037004866
20,25,3,0.002260392947512311
20,26,3,-0.009192403282282007
20,27,3,0.0028937566080805867
20,28,3,0.013762906296774343
20,29,3,0.015457085371518407
20,30,3,0.0003118964464772999
20,31,3,0.010314879186449081
20,32,3,-0.0019898580784302312
20,33,3,-0.0007395754779989983
20,34,3,0.007942482892353327
20,35,3,-0.008260042520965426
20,36,3,0.01436547256043885
20,37,3,-0.07055059921232688
20,38,3,0.0018562648815181337
20,39,3,0.01377162957885248
20,40,3,-0.0019327500504826743
20,41,3,0.031113208799526
20,42,3,0.07518867398584025
20,43,3,-0.010262035616366478
20,44,3,-0.02751516330718299
20,45,3,-0.01618566148415545
20,46,3,0.0025199851201217136
20,47,3,-0.014648545467914902
20,48,3,-0.019928612651503103
20,49,3,0.0036800330981931672
20,50,3,-0.012481312200403199
20,51,3,-0.027063984572009363
20,52,3,0.0015113710864369315
20,53,3,0.001042372315852186
20,54,3,-0.004622782802501943
20,55,3,-0.009959842177502691
20,56,3,0.03752090695439791
20,57,3,-0.017947667266027194
20,58,3,-0.0037189847085761993
20,59,3,-0.0036179885670705077
21,0,3,0.0731890566065564
21,1,3,-0.02728375369778159
21,2,3,0.003884859627146614
21,3,3,-0.015152067228638438
21,4,3,-0.009625031455493305
21,5,3,-0.009710625475746859
21,6,3,-0.03825420421420457
21,7,3,-0.06586905964898127
21,8,3,-0.01111878357886745
21,9,3,-0.08909740825656015
21,10,3,0.01752233912442956
21,11,3,-0.016586857935484006
21,12,3,0.015191697277695112
21,13,3,-0.03969730641296048
21,14,3,-0.00643794619119697
21,15,3,0.04134179468477235
21,16,3,-0.012033274893739093
21,17,3,-0.009260497805106235
21,18,3,0.0036175208023219918
21,19,3,0.001504087531143663
21,20,3,-0.0038811129385650798
21,22,3,-0.012033156496397347
21,23,3,-0.06180581519053787
21,24,3,-0.04795224082357175
21,25,3,0.018214093979601602
21,26,3,-0.002199773595940532
21,27,3,-0.00597759861645766
21,28,3,0.00647848727667138
21,29,3,0.0057825040891311364
21,30,3,-0.025609029805282624
21,31,3,0.01653786050153286
21,32,3,0.011811175120535176
21,33,3,-0.024996744299027467
21,34,3,0.005426983347882158
21,35,3,-0.0012947583600211793
21,36,3,0.006209342460629529
21,37,3,-0.005087294897905797
21,38,3,0.021731840875827312
21,39,3,0.00797715804235463
21,40,3,-0.000640265045430933
21,41,3,0.019393046058945467
21,42,3,0.0069318473277151125
21,43,3,0.004744157542659334
21,44,3,0.01642463808694903
21,45,3,0.004747487923559887
21,46,3,-0.05464051102291109
21,47,3,-0.01586151624176852
21,48,3,0.010525623838929344
21,49,3,-0.006014227432124591
21,50,3,-0.007917396397518654
21,51,3,-0.008867150301103756
21,52,3,0.009143066831920945
21,53,3,0.0034649666372250565
21,54,3,0.019442550242752377
21,55,3,-0.02996700763820423
21,56,3,0.004092520601742017
21,57,3,-0.005518319833640045
21,58,3,0.013868141507543494
21,59,3,-0.009680565668181854
22,0,3,-0.036137921571270853
22,1,3,-0.05185441793851787
22,2,3,-0.028218842103753
22,3,3,0.04615836807829054
22,4,3,-0.0014431695177153268
22,5,3,0.029551520785116196
22,6,3,-0.015472446745703956
22,7,3,-0.014312508970170579
22,8,3,-0.0006487321357276383
22,9,3,-0.003395088189979044
22,10,3,-0.0123098072400993
22,11,3,-0.014676168305797314
22,12,3,-0.03429372291884497
22,13,3,0.014756007566323765
22,14,3,0.01061454892543939
22,15,3,0.021305405655667506
22,16,3,-0.014201480023763011
22,17,3,-0.036057325995613204
22,18,3,-0.013237579061716796
22,19,3,-0.02183262358528058
22,20,3,-0.039875909732976195
22,21,3,-0.004524415931962563
22,23,3,0.009844639356821136
22,24,3,0.0011290353717099517
22,25,3,0.003509005410573189
22,26,3,-0.03202958654941967
22,27,3,-0.06910177147379357
22,28,3,-0.004057485457086709
22,29,3,-0.003975369357491176
22,30,3,0.014251025062453777
22,31,3,-0.01195587360811884
22,32,3,0.005439064958163033
22,33,3,0.0052356831990344535
22,34,3,-0.016917987281907333
22,35,3,0.011093674659947919
22,36,3,0.02221911071344026
22,37,3,-0.006553310269229592
22,38,3,-0.01202555418310668
22,39,3,-0.049211265013451466
22,40,3,0.008615572432571465
22,41,3,0.004565946841207253
22,42,3,-0.005909892876033803
22,43,3,0.02896438937346362
22,44,3,0.0046830697456122046
22,45,3,0.025771099410853548
22,46,3,0.003554854847175019
22,47,3,0.012517726325159014
22,48,3,0.03142943490928667
22,49,3,-0.0016915271819116888
22,50,3,-0.0022255948617617614
22,51,3,0.007066951431338791
22,52,3,0.01656644045393494
22,53,3,0.02937138207792816
22,54,3,0.01380303598924506
22,55,3,0.010940722379132668
22,56,3,-0.004930347530749014
22,57,3,0.010890998340546113
22,58,3,-0.00313559509239879
22,59,3,-0.004965899915122094
23,0,3,-0.018683235367386825
23,1,3,-0.026400889640463453
23,2,3,0.02025718935529455
23,3,3,0.009352685574089555
23,4,3,0.0083332276721034
23,5,3,0.009449561941841173
23,6,3,-0.014548351690139847
23,7,3,0.0061407777443193146
23,8,3,0.005098756632054923
23,9,3,0.0035192820270155377
23,10,3,-0.02570397618910196
23,11,3,0.001394781460994827
23,12,3,-0.00987071500228082
23,13,3,0.02027006707199947
23,14,3,-0.0005067908158634858
23,15,3,0.027466829429547007
23,16,3,-0.003560181616320369
23,17,3,-0.003065103338900827
23,18,3,-0.0034712021575061917
23,19,3,-0.0166067689870117
23,20,3,-0.006091430457319146
23,21,3,0.01492966896216429
23,22,3,0.0572810105860348
23,24,3,0.018141202794733902
23,25,3,0.003194033477817687
23,26,3,-0.008001959144208582
23,27,3,-0.02092162151169359
23,28,3,0.0028550342558585112
23,29,3,0.03749475819835553
23,30,3,-0.05018820810285764
23,31,3,-0.01855328623460203
23,32,3,0.0013174679960036672
23,33,3,0.10204784437883191
23,34,3,-0.02490354487942737
23,35,3,0.04293569825989418
23,36,3,0.019276013722410553
23,37,3,0.0009217471441798743
23,38,3,0.0003860236264778857
23,39,3,-0.014564276997381167
23,40,3,-0.009813325442308089
23,41,3,0.01460715364635726
23,42,3,0.012997035747656014
23,43,3,0.052128938762762006
23,44,3,-0.00850509632967442
23,45,3,0.0317504695420156
23,46,3,0.050982790952364576
23,47,3,0.009299135672097891
23,48,3,0.006118219235775721
23,49,3,-0.010091203216728862
23,50,3,-0.00066618519425861
23,51,3,-0.0012150931507147879
23,52,3,0.008875759820047058
23,53,3,0.0524759043723674
23,54,3,-0.002007485297239075
23,55,3,-0.0031434897808392498
23,56,3,-0.003223669815383856
23,57,3,0.009963840444264243
23,58,3,0.002752951870113638
23,59,3,0.0023225443988789665
24,0,3,-0.015614215013679069
24,1,3,0.011097339769474426
24,2,3,0.006650046428751194
24,3,3,-0.004484319753424595
24,4,3,-0.004375641552398814
24,5,3,-0.012564321142142381
24,6,3,-0.01567977731404509
24,7,3,0.04250938494487019
24,8,3,-0.020038687943716747
24,9,3,0.015436174847854893
24,10,3,0.01796868588833429
24,11,3,-0.0018081297817503785
24,12,3,0.06247040699429858
24,13,3,-0.01028555736266816
24,14,3,0.008654733834692762
24,15,3,-0.018902801125504718
24,16,3,0.011847515956333116
24,17,3,0.03674389930466625
24,18,3,-0.005420811815071064
24,19,3,0.016260147677771106
24,20,3,0.001030053051010653
24,21,3,-0.031585035789005456
24,22,3,-0.05102802956563447
24,23,3,0.015623949512921013
24,25,3,0.010565805125146356
24,26,3,0.006307411935068705
24,27,3,0.0035965207318158104
24,28,3,-0.015575770640254546
24,29,3,0.011986575259154662
24,30,3,0.006274901572296109
24,31,3,-0.003144278277911778
24,32,3,-0.008331146144517647
24,33,3,-0.005029906094300751
24,34,3,-0.0033044743872242756
24,35,3,0.00010547903119319833
24,36,3,-0.006686574581228593
24,37,3,0.02467953713801501
24,38,3,-0.02207169444041282
24,39,3,0.004679092374833029
24,40,3,0.0010894323540461572
24,41,3,0.00519494309227188
24,42,3,-0.0013682126234094228
24,43,3,0.0031605343070722535
24,44,3,-0.00513396325328473
24,45,3,-0.021896217855277036
24,46,3,-0.006508596384673237
24,47,3,-0.002568367496014653
24,48,3,-5.419663547134596e-05
24,49,3,0.01101725448017189
24,50,3,-0.005868428478651199
24,51,3,0.004011590755764316
24,52,3,-0.0009334931927724714
24,53,3,-0.006008846226790136
24,54,3,-0.013560007321276655
24,55,3,-0.004507048973510786
24,56,3,0.016584060618270592
24,57,3,-0.004341742056889736
24,58,3,0.006587410327025371
24,59,3,0.0019364991498624076
25,0,3,-0.008126884159196695
25,1,3,0.029376662588028634
25,2,3,0.015822273500424523
25,3,3,-0.005099371501506685
25,4,3,-0.05499930197331416
25,5,3,-0.0005211662216819962
25,6,3,0.020188979908247164
25,7,3,0.005939482226827736
25,8,3,0.008412444726800042
25,9,3,-0.009251420662204224
25,10,3,-0.009661112529031625
25,11,3,-0.02253129430872288
25,12,3,-0.00782871799106865
25,13,3,-0.007021373778904427
25,14,3,-0.008473110873977827
25,15,3,0.005181217376938317
25,16,3,0.001209926457836213
25,17,3,0.005632765385656166
25,18,3,-0.003467087493138863
25,19,3,-0.011036638322356154
25,20,3,0.002216396110565659
25,21,3,-0.0015849521958567678
25,22,3,0.0020483517678410107
25,23,3,-0.014340874686838112
25,24,3,0.0037972687965047145
25,26,3,-0.006523031874911068
25,27,3,-0.0007323767032049246
25,28,3,-0.0005405570356212285
25,29,3,-0.00010520414102474983
25,30,3,-0.0077080414441019615
25,31,3,0.0029035346443123567
25,32,3,-0.005149674680770576
25,33,3,-0.0010792300061599606
25,34,3,-0.0015836480433106034
25,35,3,0.0016700200666679124
25,36,3,-0.002002103437906721
25,37,3,0.00443322085822335
25,38,3,0.013174963173225982
25,39,3,0.02314123909569717
25,40,3,0.007913518481793303
25,41,3,-0.005214271733573026
25,42,3,0.0029605712348734284
25,43,3,0.0026234724393854663
25,44,3,-0.014417980673944567
25,45,3,-0.001014567720454851
25,46,3,-0.0016785226468510699
25,47,3,-0.005550393268409793
25,48,3,-0.0021553482307623316
25,49,3,-0.001833040739345872
25,50,3,-0.0014352402122192402
25,51,3,0.006489722852330582
25,52,3,-0.0019537411786704727
25,53,3,0.015532682677292827
25,54,3,-0.0011004461287785164
25,55,3,-0.002682511794314246
25,56,3,-0.0008791023314793744
25,57,3,0.0016437258987421002
25,58,3,-0.003794523757303422
25,59,3,-0.005022297795722002
26,0,3,0.049603840639522855
26,1,3,0.008237890403557489
26,2,3,-0.02583500261030523
26,3,3,0.015169272683381465
26,4,3,0.002138991345302977
26,5,3,-0.0022990944413685795
26,6,3,-0.0087629300167459
26,7,3,0.002307561040732064
26,8,3,0.013773164776680957
26,9,3,-0.01663058645926554
26,10,3,0.0015645519455363725
26,11,3,-0.02594095140213719
26,12,3,-0.0022757604987194337
26,13,3,0.008404437655751548
26,14,3,0.01592906164741845
26,15,3,-0.010325846506932319
26,16,3,-0.0029125914572360936
26,17,3,0.011728811222413066
26,18,3,0.01578483191006741
26,19,3,0.01515888105332587
26,20,3,-0.007038793163476536
26,21,3,-0.019564325913238187
26,22,3,-0.05141178530314583
26,23,3,0.005707293811316065
26,24,3,-0.004828819835235409
26,25,3,-0.017852480344476604
26,27,3,0.015373611118768692
26,28,3,0.004545562847971478
26,29,3,0.004997551270962221
26,30,3,-0.018873028369404833
26,31,3,0.0007087337946863264
26,32,3,0.0019079741807572906
26,33,3,-0.0015236276353607589
26,34,3,-0.04052497737952662
26,35,3,0.0043946248556412364
26,36,3,-0.012415148604585213
26,37,3,0.008926945317894244
26,38,3,0.01247609392578539
26,39,3,0.006785302503422958
26,40,3,0.00568286391021498
26,41,3,0.003774971324114001
26,42,3,-0.021911247929477448
26,43,3,0.004944596058773132
26,44,3,0.004122610199223961
26,45,3,-0.005946238202593028
26,46,3,0.0070165227062209
26,47,3,-0.02922495154762685
26,48,3,0.01063892243886035
26,49,3,0.0006744310511120087
26,50,3,0.002216054885126567
26,51,3,0.003971809779749475
26,52,3,0.007651765135326634
26,53,3,-0.009024298475993403
26,54,3,0.0011305404835359237
26,55,3,0.0017999008894291786
26,56,3,0.003962107325186508
26,57,3,-0.0128479025878267
26,58,3,0.004194395287967712
26,59,3,0.012913626328841733
27,0,3,0.01021392044453778
27,1,3,0.012057314223130186
27,2,3,0.03460181790361783
27,3,3,-0.012350656600803719
27,4,3,-0.007212656490894779
27,5,3,0.025642936259608173
27,6,3,0.0035771149592228875
27,7,3,-0.024530220467451125
27,8,3,-0.0026972559307570404
27,9,3,-0.017454293359836084
27,10,3,-0.00038556213027952853
27,11,3,0.004399459528844107
27,12,3,0.011360043247784671
27,13,3,-0.019672431418522814
27,14,3,-0.014618254880276587
27,15,3,0.002198171743746392
27,16,3,0.009547124103573631
27,17,3,0.013117789140630649
27,18,3,0.04583388025880056
27,19,3,0.025071776686304486
27,20,3,0.030114745445768466
27,21,3,-0.004164802196098814
27,22,3,-0.009728668220059458
27,23,3,-0.013623258182172948
27,24,3,-0.00904295375240554
27,25,3,0.0022658827953702253
27,26,3,0.005415254123866204
27,28,3,-3.752869642715877e-05
27,29,3,-0.005823938951352201
27,30,3,-0.014785898595379508
27,31,3,0.020812933648076837
27,32,3,0.0005964745044142714
27,33,3,0.005226366273361299
27,34,3,0.015205116663508886
27,35,3,-0.009589720322838686
27,36,3,0.006298543785393014
27,37,3,-0.004112285240834501
27,38,3,0.002018843459668364
27,39,3,0.0129159169841135
27,40,3,0.01981080121458541
27,41,3,-0.00462829452221312
27,42,3,0.03225659336452418
27,43,3,-0.024340053015550173
27,44,3,-0.0059538713370759794
27,45,3,0.001842659748960774
27,46,3,0.008878857688873122
27,47,3,-0.009792242571203261
27,48,3,-0.0382355951653968
27,49,3,-0.011253176350857598
27,50,3,-0.006535863553346998
27,51,3,0.002859880897737921
27,52,3,-0.022131067198227244
27,53,3,-0.008706490309632137
27,54,3,-0.0032249258369005506
27,55,3,-0.0022581245724614613
27,56,3,-0.0001004137797722006
27,57,3,0.003083919079755788
27,58,3,-0.010223392851974353
27,59,3,5.983588240385338e-05
28,0,3,-0.002253345256237946
28,1,3,0.00821475023089924
28,2,3,0.02065789689900828
28,3,3,0.009395853771811655
28,4,3,-0.010264113651307551
28,5,3,0.01609263063846496
28,6,3,7.892168405114475e-05
28,7,3,0.010107562928776397
28,8,3,0.004971533502597913
28,9,3,-0.002036210126553959
28,10,3,-0.0019033244529865578
28,11,3,-0.004697860037174798
28,12,3,-0.035827430194115883
28,13,3,-0.014683524981035869
28,14,3,-0.007192182092047531
28,15,3,0.013003408836729704
28,16,3,-0.0022686390807793765
28,17,3,0.0038661933561655515
28,18,3,0.020637328698815165
28,19,3,-0.005208170850930859
28,20,3,0.03605643190415515
28,21,3,0.01262818896916268
28,22,3,-0.004130994512634762
28,23,3,0.002523941333537758
28,24,3,-0.005205887087040242
28,25,3,-0.009110131844124727
28,26,3,-0.010101461203877284
28,27,3,-0.006405514670038991
28,29,3,-0.0024655194198625534
28,30,3,0.01573331767610866
28,31,3,-0.004918406000502347
28,32,3,-0.002249790884104573
28,33,3,-0.006774321029807501
28,34,3,-8.695566126319924e-05
28,35,3,-0.004289365201754589
28,36,3,0.02340201927644534
28,37,3,-0.006807294918276425
28,38,3,-0.011839985850386241
28,39,3,-9.054318008496702e-05
28,40,3,0.004431648413555362
28,41,3,-0.0051770470212805335
28,42,3,0.003018807190080967
28,43,3,-0.005441441133725069
28,44,3,-0.015867868024585077
28,45,3,-0.009672801189997499
28,46,3,-0.005021527203118498
28,47,3,0.024436067407608904
28,48,3,-0.01776537957586457
28,49,3,-0.006627168141610815
28,50,3,-0.08771175460395285
28,51,3,-0.040770910343653065
28,52,3,-0.011267861537160227
28,53,3,-0.00674933612633655
28,54,3,0.07121061518802684
28,55,3,0.0008355293018315335
28,56,3,0.005201386697797431
28,57,3,0.0019630301751815816
28,58,3,-0.02421659482572787
28,59,3,-0.008709374585427287
29,0,3,0.03396643913313428
29,1,3,-0.004256627120248047
29,2,3,0.03698266707105795
29,3,3,-0.005144677810918953
29,4,3,0.001829280371241399
29,5,3,-0.015174882610430863
29,6,3,-0.00014350405257795235
29,7,3,0.013534359463942939
29,8,3,-0.004473648669606528
29,9,3,-0.027491975139322496
29,10,3,-0.03701865070562805
29,11,3,0.0011884017205060094
29,12,3,0.014912450927951041
29,13,3,-0.0069733254961641036
29,14,3,-0.0004083332765885167
29,15,3,-0.002441180283726412
29,16,3,0.008635204056752834
29,17,3,-0.003478513741491378
29,18,3,0.0017844609170411538
29,19,3,-0.005083846360684814
29,20,3,0.0009248657192976535
29,21,3,-0.01606121074876391
29,22,3,-0.008461895208144311
29,23,3,-0.014517874846258001
29,24,3,0.0028758220783699374
29,25,3,-0.0006746214080649661
29,26,3,0.0018788187765665936
29,27,3,-0.0035014963106778595
29,28,3,0.0006252618297006645
29,30,3,-0.04104036800104008
29,31,3,0.01057100877583114
29,32,3,0.008191525391733916
29,33,3,0.0019797998662275836
29,34,3,0.017005652549330032
29,35,3,-0.0035137186557519773
29,36,3,0.00487167222873241
29,37,3,-0.004632024558278473
29,38,3,0.0031163019336499357
29,39,3,0.0031120049424870817
29,40,3,-0.0005719528047833137
29,41,3,-0.001219076325983217
29,42,3,0.016597718989825577
29,43,3,0.0058651204855430196
29,44,3,-0.03183014755053281
29,45,3,0.005461811417998569
29,46,3,0.004625483570872144
29,47,3,-0.014841837478384275
29,48,3,-0.00880950943963276
29,49,3,-0.007781345789695519
29,50,3,-0.0033319779223223416
29,51,3,-0.00017677026861778714
29,52,3,-0.01442284846311254
29,53,3,-0.004840345009601883
29,54,3,-0.0016712856602065943
29,55,3,-0.016167078329806787
29,56,3,-0.0051509160979215105
29,57,3,-0.007401267958018905
29,58,3,0.0008643263639260945
29,59,3,0.005665595694440877
30,0,3,0.005766383660729258
30,1,3,0.00023168713533984966
30,2,3,-0.01486556502224474
30,3,3,-0.007862160335068752
30,4,3,-5.127582906710207e-06
30,5,3,-0.008116954258686384
30,6,3,-0.005347398906357999
30,7,3,0.008483874255470914
30,8,3,0.002363617593042158
30,9,3,-0.000842634085135739
30,10,3,-0.002384825626372433
30,11,3,0.00011794701482809755
30,12,3,-0.019623449786328472
30,13,3,-0.00084807535577576
30,14,3,0.006648194744077668
30,15,3,-0.009661111255397467
30,16,3,-0.0008353385806509994
30,17,3,-0.004432864258602404
30,18,3,-0.02345182168904831
30,19,3,0.008565889873302137
30,20,3,-0.001809622816525995
30,21,3,-0.0011557949029483853
30,22,3,-0.0055687563189739005
30,23,3,-0.01356544196049383
30,24,3,-0.009059479614871312
30,25,3,-0.005232705335459534
30,26,3,-0.0014951725210798977
30,27,3,0.0009559954825318908
30,28,3,-0.000609197372741946
30,29,3,0.005776948337065521
30,31,3,-0.0005653495405826741
30,32,3,0.0004166458860126777
30,33,3,-0.00814977921229383
30,34,3,-0.0011753131052864231
30,35,3,0.002753039552757935
30,36,3,-0.00015225667850373394
30,37,3,-0.02439562624332317
30,38,3,0.0008059521268221353
30,39,3,-0.0004357886686323406
30,40,3,0.003125657446549236
30,41,3,-0.0038374474968224754
30,42,3,-0.0039503631985781
30,43,3,-0.005684887703283072
30,44,3,0.0057194952059244925
30,45,3,0.011152045407217447
30,46,3,-0.006572413147335774
30,47,3,-0.000568719043145045
30,48,3,0.011378257572642813
30,49,3,-0.05875557944694717
30,50,3,-0.010052307434826414
30,51,3,0.0026383608777894754
30,52,3,-0.001016526035138974
30,53,3,0.004497828400888733
30,54,3,-0.010951461504360535
30,55,3,0.005039218697303727
30,56,3,0.0013085827019180193
30,57,3,0.0005875521602281516
30,58,3,5.20872701912214e-05
30,59,3,0.001541759184468523
31,0,3,0.0020917095107208772
31,1,3,-0.0007463713675864881
31,2,3,0.010616164514414127
31,3,3,0.006234791161488888
31,4,3,-0.038441285760193754
31,5,3,0.003947808183806062
31,6,3,0.01602592805302652
31,7,3,-0.0029200849463550823
31,8,3,-0.015141144477658502
31,9,3,-0.0031206901040524123
31,10,3,-0.012998067863098527
31,11,3,-0.009681944661487061
31,12,3,-0.018625494161361725
31,13,3,-0.0013359407176571283
31,14,3,0.017012389296668498
31,15,3,-0.00040193173781343644
31,16,3,-0.0008239312180247662
31,17,3,0.008162469709523298
31,18,3,0.011682260702606279
31,19,3,-0.004760460698373125
31,20,3,0.0022107965838253593
31,21,3,-0.008268719432700805
31,22,3,-0.00296018121414697
31,23,3,-0.010390377324826039
31,24,3,0.010000565174724483
31,25,3,0.01928110528344576
31,26,3,-0.00496266651676561
31,27,3,0.0014676374885688158
31,28,3,0.01590635366771501
31,29,3,-0.008956921983461635
31,30,3,-0.012909546678178913
31,32,3,-0.012407644695258792
31,33,3,-0.0037481594138531363
31,34,3,0.0006650861275379573
31,35,3,-0.015585387645487456
31,36,3,-0.005511217433075359
31,37,3,-0.0007721540790007257
31,38,3,0.01140082724530287
31,39,3,0.017427238848609777
31,40,3,0.007112754427536021
31,41,3,-0.018046379895584292
31,42,3,-0.0030785457627032216
31,43,3,0.0032542858169047144
31,44,3,-0.00483471423628419
31,45,3,-0.00573142638453018
31,46,3,-0.0026431710887687707
31,47,3,-0.003981198231000582
31,48,3,-0.007983449969395049
31,49,3,0.004019115080868845
31,50,3,-0.0040557268879836605
31,51,3,0.0013075310948473845
31,52,3,0.0015443596576594624
31,53,3,0.009039024145921053
31,54,3,0.0020173918300701627
31,55,3,0.001750658648874213
31,56,3,0.012383299736260758
31,57,3,0.0010017717252419236
31,58,3,-0.002121307556937098
31,59,3,0.0034810297594234925
32,0,3,-0.006803383424335137
32,1,3,0.004927754101137591
32,2,3,0.024440126059686443
32,3,3,0.011462210455005326
32,4,3,9.997867993421714e-05
32,5,3,-0.025659367975083617
32,6,3,0.023159649761287808
32,7,3,0.004657118281470291
32,8,3,0.045850278976879606
32,9,3,-0.030003506278857697
32,10,3,-0.0169200242436686
32,11,3,0.012823087084462139
32,12,3,0.02455384462520043
32,13,3,-0.007643371511149438
32,14,3,-0.007704687058740618
32,15,3,0.0028464346971953888
32,16,3,0.0008191427038432254
32,17,3,0.008097749293965542
32,18,3,-0.03688736940661785
32,19,3,-0.00622263200568749
32,20,3,0.0020409565578311073
32,21,3,0.00040932057948065304
32,22,3,0.0011085793282643586
32,23,3,-0.007678675470263452
32,24,3,0.005650586349197246
32,25,3,0.005415782074580563
32,26,3,-0.004685278285046347
32,27,3,0.005487637617521493
32,28,3,-0.0017303375373610614
32,29,3,0.01692645290959121
32,30,3,-0.0010742655581147719
32,31,3,-0.0004886664973939013
32,33,3,0.03760570120058039
32,34,3,-0.03298452115921158
32,35,3,0.008952852894819705
32,36,3,0.0015743757153737297
32,37,3,0.006661493950847892
32,38,3,0.0018288159501916187
32,39,3,0.008746926847141682
32,40,3,-0.010575281130254644
32,41,3,0.0017251362240181649
32,42,3,0.005633053603974715
32,43,3,-0.004937781481529165
32,44,3,-0.026582971977178762
32,45,3,0.007660439025360509
32,46,3,0.005907707394254717
32,47,3,-0.0013014943115250118
32,48,3,-0.01087915572140991
32,49,3,0.01693597288131083
32,50,3,0.003916338421354368
32,51,3,0.0015621288541714977
32,52,3,-0.006522390606219453
32,53,3,0.00021376715686347651
32,54,3,0.008588394931155917
32,55,3,-0.014894837015251051
32,56,3,-0.002614523903990488
32,57,3,0.0008352005142353706
32,58,3,0.003144195048099986
32,59,3,-0.008974154340759252
33,0,3,-0.003936524097736193
33,1,3,-0.009223875778146855
33,2,3,0.009919083920848377
33,3,3,0.005924792551917724
33,4,3,0.0014324431550382737
33,5,3,-0.0025611094293491936
33,6,3,-0.0009484306442047008
33,7,3,0.015299019777755715
33,8,3,0.01074424453061663
33,9,3,-0.026182282484049097
33,10,3,-0.05580633619894798
33,11,3,0.012426149593760372
33,12,3,-0.002015315222333795
33,13,3,-0.002630462148700434
33,14,3,-0.0018120499983191182
33,15,3,-0.00040826447633220624
33,16,3,0.0005058859757106581
33,17,3,-0.008310771149867814
33,18,3,-0.0075808722522174785
33,19,3,3.888562478733138e-06
33,20,3,-0.0005325182783256272
33,21,3,0.005916182412890117
33,22,3,-0.0018673067787382083
33,23,3,0.0007236155078239334
33,24,3,0.0012604535545474864
33,25,3,-0.0010859842187486673
33,26,3,0.001355892875114636
33,27,3,-0.0022827425646257753
33,28,3,0.00044618464611013536
33,29,3,-0.0008353875118994934
33,30,3,0.004742226357416799
33,31,3,-0.002358814373749039
33,32,3,-0.0012925136909100051
33,34,3,0.03326086428763586
33,35,3,-0.006004925690311138
33,36,3,0.006586110130118651
33,37,3,0.0005374410505966211
33,38,3,-0.00805711128609797
33,39,3,-0.005765630894365417
33,40,3,-0.0005009006517803889
33,41,3,0.0022654510052356413
33,42,3,0.008940950097835187
33,43,3,-0.0009098063674681361
33,44,3,-0.0030202117594425207
33,45,3,0.00033383828515015955
33,46,3,0.003350398559388689
33,47,3,-0.0012533211842385478
33,48,3,-0.0043325492469262344
33,49,3,-0.0032379242872378855
33,50,3,0.0005277003660958522
33,51,3,0.000743560298498303
33,52,3,0.007522478754020474
33,53,3,0.006260040414127333
33,54,3,0.013734833096543539
33,55,3,-0.0032190679779065135
33,56,3,-0.0036712342824470846
33,57,3,-0.0013883825097583571
33,58,3,0.00036947378331558643
33,59,3,-0.005304495297716641
34,0,3,0.0044169309100932485
34,1,3,-0.016383357752249677
34,2,3,-0.020858756798343432
34,3,3,-0.05003473649951034
34,4,3,0.0021466469378432843
34,5,3,0.025054289949343587
34,6,3,0.004979897435064405
34,7,3,-0.0032861005827967524
34,8,3,-0.03984016384949151
34,9,3,0.0005403632393103028
34,10,3,-0.008323611397121013
34,11,3,-0.00021740708140454863
34,12,3,-0.007734017976263841
34,13,3,0.015344304519489507
34,14,3,0.01162950977763266
34,15,3,-0.003059698572622214
34,16,3,-0.002036729636961603
34,17,3,-0.006621863288399751
34,18,3,0.010380146201650838
34,19,3,-0.0014586985752290296
34,20,3,-0.0029809859553413137
34,21,3,0.0020090621536491874
34,22,3,0.005715060901155186
34,23,3,-0.05970984390628167
34,24,3,-0.0007394709361456242
34,25,3,-0.017455756038145892
34,26,3,-0.003051718441669316
34,27,3,-0.010066193969838832
34,28,3,0.006808443606121655
34,29,3,0.010782413501643166
34,30,3,-0.006457683857202753
34,31,3,0.011294139461456843
34,32,3,0.004116899685071788
34,33,3,0.0048746831066016506
34,35,3,-0.017554221645858924
34,36,3,-0.002912241921417261
34,37,3,-0.006113741844614929
34,38,3,-0.000597485252371893
34,39,3,-0.007173269193612834
34,40,3,0.005879521379456509
34,41,3,-0.004826205135720863
34,42,3,-0.002245392019143244
34,43,3,0.006175939495301252
34,44,3,0.0083213772116361
34,45,3,-0.001334782955701389
34,46,3,-0.010523685504117329
34,47,3,-0.0005036380312418466
34,48,3,0.0027414866006900364
34,49,3,-0.0037677740051170515
34,50,3,-0.000888371839522284
34,51,3,-0.0032008946945936614
34,52,3,0.008391774975737948
34,53,3,-0.004845430140451695
34,54,3,-0.011142634445932262
34,55,3,0.01981441856497724
34,56,3,-0.00014984077124898277
34,57,3,-0.006257779089758631
34,58,3,-0.004290003078613064
34,59,3,0.009704644043688147
35,0,3,0.009505156996921055
35,1,3,-0.0031418885282543255
35,2,3,-0.000839836915536225
35,3,3,-0.009412990566067167
35,4,3,0.00649086539602392
35,5,3,-0.025587402189446842
35,6,3,-0.02763582700441422
35,7,3,0.010725085787010107
35,8,3,0.019688565686233967
35,9,3,-0.028764169685182358
35,10,3,0.020266504271866166
35,11,3,-0.005377898875549838
35,12,3,0.016388171230552
35,13,3,-0.01942178971624055
35,14,3,0.0036229353716424584
35,15,3,0.009561474897045381
35,16,3,0.053526508369647924
35,17,3,0.006705062150070926
35,18,3,-0.007943568328156002
35,19,3,0.007016028207231483
35,20,3,-0.005534638769084494
35,21,3,0.004485648119907759
35,22,3,-0.009725320482131646
35,23,3,-0.0035590059991613037
35,24,3,-0.014123099267575196
35,25,3,0.0036843783759371008
35,26,3,-0.006727405558459379
35,27,3,-0.0020501070154687736
35,28,3,0.006149549486359164
35,29,3,0.0028664440640817253
35,30,3,-0.005880946448141266
35,31,3,0.007765134027079519
35,32,3,-0.0036974091212890648
35,33,3,-0.026732249851375206
35,34,3,0.0015362414599333874
35,36,3,0.02437949491143626
35,37,3,0.0019289967664439455
35,38,3,0.0004379927129216648
35,39,3,0.004696386453750418
35,40,3,-0.003131774273303377
35,41,3,0.011970838083003523
35,42,3,0.00956731883747532
35,43,3,0.010678284220336587
35,44,3,0.0006986498890225571
35,45,3,0.00453177586020801
35,46,3,0.013303510259832084
35,47,3,-0.011686392831132143
35,48,3,-0.010199413967912522
35,49,3,0.01100103547187475
35,50,3,-0.01104473315949
35,51,3,0.0030912762552373694
35,52,3,-0.001736770418551974
35,53,3,0.000785669672668263
35,54,3,-0.005582225574059853
35,55,3,-0.014563081360436686
35,56,3,0.009531327231371295
35,57,3,-0.010750108886005085
35,58,3,0.0064522158150018445
35,59,3,-0.00227616560388845
36,0,3,0.009650676034695816
36,1,3,-0.013400664962294369
36,2,3,0.012277533581931413
36,3,3,0.04488556277675529
36,4,3,-0.008589308832439422
36,5,3,-0.032809043654263154
36,6,3,0.007918182987712673
36,7,3,-0.014128818121999655
36,8,3,-0.000842337454850426
36,9,3,-0.006131098696069582
36,10,3,-0.0063649679855194465
36,11,3,-0.005097089339908084
36,12,3,0.010987673513484895
36,13,3,0.018935188036885795
36,14,3,0.014828890564042858
36,15,3,-0.019932754146269882
36,16,3,-0.030159279226456108
36,17,3,0.02867053798516926
36,18,3,0.0007473560975738158
36,19,3,0.03391248208108724
36,20,3,0.005100198374814124
36,21,3,-0.07713543444977665
36,22,3,-0.02379163134694448
36,23,3,-0.004309959882959313
36,24,3,-0.0027166749305904546
36,25,3,-0.0009728929723417616
36,26,3,-0.027361907205512348
36,27,3,0.015221299767718832
36,28,3,-0.006160989670911337
36,29,3,-0.008289364111031736
36,30,3,-0.010687657566024985
36,31,3,0.00479296567939653
36,32,3,0.011575603921740289
36,33,3,0.005882424403947881
36,34,3,-0.004304812220868511
36,35,3,0.005078618688954565
36,37,3,0.0020097920368127398
36,38,3,0.00737013570882601
36,39,3,0.003025733444573548
36,40,3,0.0009093338529205275
36,41,3,-0.005427538870306921
36,42,3,0.0181396806703059
36,43,3,0.021693666067587852
36,44,3,-0.015230240767708961
36,45,3,0.006769272684184269
36,46,3,0.00035073338735406705
36,47,3,-0.03856418456012796
36,48,3,0.014589663233343955
36,49,3,-0.01250889063252061
36,50,3,-0.0060091419325631855
36,51,3,-0.004930981806424451
36,52,3,0.01460934556130894
36,53,3,-0.008785892716166165
36,54,3,-0.008547522533487633
36,55,3,-0.014085850298801427
36,56,3,0.00694083216041894
36,57,3,0.00762865718489347
36,58,3,0.005177177180338256
36,59,3,0.01746793030090005
37,0,3,-0.012151502391092315
37,1,3,-0.02641495909850253
37,2,3,0.028570297486140817
37,3,3,0.030418319402560196
37,4,3,-0.0002720774519054071
37,5,3,-0.02260233691053829
37,6,3,0.01734903054824775
37,7,3,-0.03920026579994234
37,8,3,-0.058264980159151485
37,9,3,0.01691882273891208
37,10,3,0.0014801148349823773
37,11,3,0.0002437971984755114
37,12,3,0.02050369287276811
37,13,3,-0.016240275351334932
37,14,3,-0.014515731029719323
37,15,3,-0.004049868125297176
37,16,3,0.013269586765117955
37,17,3,0.022714199846254206
37,18,3,-0.0046661081179441895
37,19,3,-0.007989320658642326
37,20,3,0.02253075813151388
37,21,3,-0.007647108379033209
37,22,3,-0.012577868331298992
37,23,3,-0.0053510612037958784
37,24,3,0.016727329672811184
37,25,3,0.021921715555328063
37,26,3,0.011514262374107501
37,27,3,-0.0006112877105463373
37,28,3,-0.005464546013179289
37,29,3,-0.005829070918960707
37,30,3,-0.010602967320361438
37,31,3,0.011447950341076632
37,32,3,0.005936153235199248
37,33,3,-0.0054187633965599525
37,34,3,0.031355651712612766
37,35,3,0.006980663851775056
37,36,3,0.011898393982921673
37,38,3,-0.0009972078766113163
37,39,3,0.01154393584024259
37,40,3,-0.0034291909722138692
37,41,3,-0.0038499281183926983
37,42,3,0.019467476549810903
37,43,3,-0.011658491922581355
37,44,3,-0.01131909710636124
37,45,3,-0.015885920146854055
37,46,3,-0.012449452072674663
37,47,3,-0.0019065708105557527
37,48,3,-0.01593311834110733
37,49,3,-0.0033810261215619294
37,50,3,-0.008054450670643771
37,51,3,-0.009691706618234085
37,52,3,-0.017864433604338655
37,53,3,-0.010300630506198715
37,54,3,0.0027274066781402258
37,55,3,-0.01895810565869601
37,56,3,0.0027585879589410813
37,57,3,0.0037675773010021813
37,58,3,-0.00038003265978877915
37,59,3,0.004439142856293617
38,0,3,0.006353862108260395
38,1,3,-0.007259181424855393
38,2,3,0.0217296207334979
38,3,3,0.02898968788764826
38,4,3,-0.0030805784810712007
38,5,3,-0.001972546126087079
38,6,3,-0.007268355542687685
38,7,3,-0.00947924061900967
38,8,3,-0.005451171984425068
38,9,3,-0.013002244547198826
38,10,3,0.0013863472535665506
38,11,3,-0.02226600416016967
38,12,3,0.002835167393315219
38,13,3,-0.011603119004512913
38,14,3,0.006750523902436762
38,15,3,0.007572725250026188
38,16,3,0.0005992308161854236
38,17,3,0.004246138111706986
38,18,3,-0.0013893205153051277
38,19,3,-0.0008950543679795245
38,20,3,0.005658924825141509
38,21,3,0.014788471648462337
38,22,3,-0.0048663100328184454
38,23,3,-0.004773789821092352
38,24,3,-0.0035527939883733825
38,25,3,0.01110957461957543
38,26,3,-0.006400379190317354
38,27,3,0.0007146679459373342
38,28,3,-0.0021822052677741162
38,29,3,-0.0058379557258755035
38,30,3,-0.0040573830611845135
38,31,3,-0.0023223438447165803
38,32,3,0.001596165893079619
38,33,3,-0.003357832180673352
38,34,3,-0.0005410982050611168
38,35,3,0.004432786378827448
38,36,3,-0.0024157755262985384
38,37,3,0.03056870268648281
38,39,3,0.005268574744938244
38,40,3,0.0007369540022263874
38,41,3,0.006327263033514777
38,42,3,-0.0026830815539407604
38,43,3,-0.0015253357653149382
38,44,3,-0.005070018245644593
38,45,3,-0.0023687925249395512
38,46,3,0.001389139209204121
38,47,3,0.00010512541135102585
38,48,3,0.010072217188048163
38,49,3,0.0013058472446057354
38,50,3,1.9054962931468328e-05
38,51,3,0.0007658091964844284
38,52,3,0.0016526795596302616
38,53,3,0.0018381991479204678
38,54,3,0.009521122723132077
38,55,3,-0.004341450038806286
38,56,3,0.003936752869393401
38,57,3,0.0008942368227546625
38,58,3,-0.011887016803336042
38,59,3,-0.005592179825262526
39,0,3,0.0064115846935194724
39,1,3,0.014542937871711075
39,2,3,-0.01533966750465602
39,3,3,-0.030984989806477823
39,4,3,1.448165866568351e-06
39,5,3,0.01938256887224969
39,6,3,0.004512033320889588
39,7,3,-0.013070631740270981
39,8,3,-0.011622550560726438
39,9,3,0.013346096098215752
39,10,3,-0.003084748523055663
39,11,3,-0.004548542688626228
39,12,3,-0.004227992874567555
39,13,3,0.008158475985131095
39,14,3,0.006024070746625834
39,15,3,-0.00033381449090997097
39,16,3,-0.015340565935971608
39,17,3,0.007866528635865724
39,18,3,0.00428343565008865
39,19,3,0.007539344032885508
39,20,3,0.0017116225631835604
39,21,3,-0.02129965487024339
39,22,3,-0.003165287279115298
39,23,3,-0.0031855100748945714
39,24,3,0.008874870756118917
39,25,3,-0.009136190591066915
39,26,3,-0.010075489743460774
39,27,3,-0.002233963791763369
39,28,3,0.0028012966403240876
39,29,3,0.009814438877544303
39,30,3,0.0033336598897053984
39,31,3,0.006085438413520118
39,32,3,0.00010254518937908827
39,33,3,0.0028099727948229718
39,34,3,0.0047618020925007006
39,35,3,-0.021356232561068268
39,36,3,0.017037895888249582
39,37,3,0.0014535592556901027
39,38,3,0.0015940058323184601
39,40,3,0.00752090531487694
39,41,3,-0.0029000732976454976
39,42,3,0.0024433112290138323
39,43,3,0.010195963848746097
39,44,3,-0.0050285418728838365
39,45,3,0.00015380907213110356
39,46,3,-0.0019443390368204683
39,47,3,-0.006913089776967612
39,48,3,-0.0022511335211568063
39,49,3,-0.0031699483889229075
39,50,3,0.0005768096049327583
39,51,3,-0.0124377779170117
39,52,3,0.008310482323822196
39,53,3,-0.005870730703103212
39,54,3,0.00015456979471660897
39,55,3,0.01093222898732741
39,56,3,-0.0009997257433099012
39,57,3,-0.003496242520815393
39,58,3,-0.00424917232696988
39,59,3,0.004722539795593868
40,0,3,-0.007097580281531326
40,1,3,-0.004442807102316724
40,2,3,-0.0017561822226590223
40,3,3,0.0365501503807254
40,4,3,-0.0017664366182255954
40,5,3,-0.00129813133632397
40,6,3,0.0013064764695808718
40,7,3,0.003926703004693592
40,8,3,0.006667635995705459
40,9,3,0.0015463109074940356
40,10,3,0.006238208537930775
40,11,3,-0.02302501808209591
40,12,3,0.0066705741053011205
40,13,3,0.0024701270152941573
40,14,3,0.00861849327392287
40,15,3,-0.002554376576152363
40,16,3,-0.0007250942640400477
40,17,3,0.00025375278329642636
40,18,3,-0.0007340295821016802
40,19,3,0.00028119471740368384
40,20,3,0.0011441665860540968
40,21,3,-0.011810576882920238
40,22,3,-0.007727342122820725
40,23,3,0.005194220301277151
40,24,3,-0.0005206480879566778
40,25,3,0.005155538196149519
40,26,3,-0.008347918377328588
40,27,3,0.0013060923023900692
40,28,3,-0.0015887955313741043
40,29,3,-0.02983068861630515
40,30,3,0.005197039074653006
40,31,3,-0.004159541769229185
40,32,3,0.0035101256503297876
40,33,3,0.0015651144733914778
40,34,3,-0.01088144869860857
40,35,3,0.004176774405085986
40,36,3,-0.004493865109791441
40,37,3,0.00031319370237828555
40,38,3,0.00038151447441525654
40,39,3,0.0010197918027959967
40,41,3,-0.00043919632804881005
40,42,3,-0.005946205989164157
40,43,3,0.0033795492004855955
40,44,3,-0.008233012812292727
40,45,3,0.0032150252031136546
40,46,3,0.001336341178012787
40,47,3,-0.0025881716798741915
40,48,3,0.004014769481842033
40,49,3,-0.001218054133270677
40,50,3,-0.004269723888106871
40,51,3,8.55803849881322e-05
40,52,3,0.0037690753026454068
40,53,3,-0.000934742805835475
40,54,3,0.002779691445314155
40,55,3,-0.0030018302777016182
40,56,3,0.0038047317617632605
40,57,3,0.004936880224884484
40,58,3,0.0007714349326472504
40,59,3,0.003488232263276886
41,0,3,0.010241548286283448
41,1,3,-0.017366359669806944
41,2,3,-0.03176117910822645
41,3,3,-0.022766336095512797
41,4,3,-0.002674011801186103
41,5,3,-0.006122359759586336
41,6,3,-0.012771918187536225
41,7,3,0.016863359252033267
41,8,3,0.03703116080915767
41,9,3,-0.006091630861609266
41,10,3,0.006098864373405885
41,11,3,-0.017989881695266673
41,12,3,-0.00102896754405446
41,13,3,0.005205210923675422
41,14,3,0.009513731502716952
41,15,3,-0.016108376150732254
41,16,3,0.0038254895572744883
41,17,3,-0.031481589450410345
41,18,3,-0.006498257944739146
41,19,3,-0.028679673255232352
41,20,3,0.0016027939883539548
41,21,3,0.012920606369732053
41,22,3,-0.023450651154391502
41,23,3,0.007946520196584265
41,24,3,-0.0020234109881442893
41,25,3,-0.0010962980797318462
41,26,3,-0.005814650232643255
41,27,3,0.0041308023403398625
41,28,3,0.005031143123253435
41,29,3,0.010397388464033385
41,30,3,0.006338908096189979
41,31,3,-0.013411105971303516
41,32,3,-0.002019712402279099
41,33,3,0.008449930315936749
41,34,3,-0.010087279546819834
41,35,3,-0.016864343629283966
41,36,3,0.0032456431840636717
41,37,3,0.0029534247278076436
41,38,3,-0.012309142190898924
41,39,3,0.008193154351079892
41,40,3,-0.010542521075990423
41,42,3,-0.010854546037778886
41,43,3,-0.0008865445554233465
41,44,3,0.0013384164429950385
41,45,3,-0.010308666511181475
41,46,3,0.005204636874315944
41,47,3,-0.010760556916146089
41,48,3,-0.011598498067240429
41,49,3,0.01213440870186263
41,50,3,0.007138127839729703
41,51,3,-0.008483099115421746
41,52,3,-0.0046147217220545425
41,53,3,-0.005499214817110236
41,54,3,0.0009860254286623903
41,55,3,-0.0010466568414419528
41,56,3,-0.0025269878428562354
41,57,3,-0.020375170992158274
41,58,3,-0.0017087699571638564
41,59,3,-0.016001592782952913
42,0,3,-0.00041766120389166196
42,1,3,0.009690360265196131
42,2,3,0.007011543299266381
42,3,3,-0.013351137179629774
42,4,3,-0.045614559808507246
42,5,3,-0.012427136322695684
42,6,3,0.007374317805045674
42,7,3,0.012790639917031122
42,8,3,-0.003378775132280969
42,9,3,0.004056888106577531
42,10,3,-0.0022397014138315946
42,11,3,0.01015649014575509
42,12,3,0.0015184909977119417
42,13,3,0.00814448652206617
42,14,3,-0.005307210762130678
42,15,3,-0.019098666715638642
42,16,3,0.001115859961477878
42,17,3,0.03983492063100726
42,18,3,0.004858563828181707
42,19,3,0.016796632837556648
42,20,3,0.015213088228823723
42,21,3,-0.03219742677003326
42,22,3,-0.026949193875602254
42,23,3,-0.0036112796355329125
42,24,3,0.0003942538025914306
42,25,3,-0.0049242829095858575
42,26,3,0.008337464435972991
42,27,3,0.010478852126946835
42,28,3,0.0010293306988430728
42,29,3,-0.020037595239073704
42,30,3,-0.013421197015626878
42,31,3,0.015367944454168727
42,32,3,-0.0026924213116656034
42,33,3,0.025990613314765154
42,34,3,-0.013773137522209584
42,35,3,-0.007812253104663002
42,36,3,0.0013260388637000803
42,37,3,0.004055628246066808
42,38,3,0.013281519715403678
42,39,3,0.015496967143020918
42,40,3,0.009818473152935306
42,41,3,-0.007500950660866125
42,43,3,0.0018507663405925843
42,44,3,-0.0062815761793075225
42,45,3,-0.0077789983380907235
42,46,3,-0.003983697078278221
42,47,3,-0.009990984922342143
42,48,3,-0.0012802223950427445
42,49,3,-0.003772677307045803
42,50,3,0.00605371915930521
42,51,3,-0.013138238150881264
42,52,3,-1.4004077075612851e-05
42,53,3,-0.00965193964381325
42,54,3,-0.01393783258671291
42,55,3,0.003233247287170798
42,56,3,0.0012305658388200409
42,57,3,-0.00020586036693061408
42,58,3,-0.000991122585736625
42,59,3,0.020118511133769022
43,0,3,-0.0005926953156331705
43,1,3,-0.024145166639679805
43,2,3,0.031532556268846414
43,3,3,0.014684378448585696
43,4,3,0.03577784653615574
43,5,3,-0.001698555307536109
43,6,3,0.0040388096984763375
43,7,3,3.365512180983583e-05
43,8,3,-0.014226746863474683
43,9,3,-0.003076948960538722
43,10,3,-0.0006849196387645696
43,11,3,0.010018891223328897
43,12,3,0.0013868391997757929
43,13,3,0.023115975806016008
43,14,3,0.006837002386056135
43,15,3,0.0006903717874157823
43,16,3,0.008202249773036506
43,17,3,-0.011099622116704169
43,18,3,-0.014473988227882024
43,19,3,-0.00603756658666659
43,20,3,-0.004984251181566543
43,21,3,0.0013010072255966775
43,22,3,0.015425378584878604
43,23,3,-0.01981368525499046
43,24,3,-0.006258904265823508
43,25,3,-0.011861207131068502
43,26,3,-0.004320286297477495
43,27,3,-0.006337596255098707
43,28,3,-0.0030808910900637382
43,29,3,-0.005918640196235038
43,30,3,0.008339662966794205
43,31,3,-0.028704307252299464
43,32,3,0.008256192744841816
43,33,3,-0.009621192825969719
43,34,3,0.008799326341812368
43,35,3,-0.0025505841349196525
43,36,3,-0.001199382389058244
43,37,3,-0.011409053152474972
43,38,3,-0.010884218906453743
43,39,3,-0.00677771883165132
43,40,3,-0.005609028130936308
43,41,3,0.002241417058636787
43,42,3,0.0052288216327132896
43,44,3,-0.0011042187840668623
43,45,3,-0.0006572821220202384
43,46,3,-0.011476978624162923
43,47,3,0.004868236929644516
43,48,3,-0.0017827015773354013
43,49,3,-0.022432012918164823
43,50,3,-0.004741760182238456
43,51,3,-0.003920008132220022
43,52,3,0.004859924009272431
43,53,3,-0.008833672006442741
43,54,3,-0.0017358751546754665
43,55,3,0.0007274459928018835
43,56,3,-0.007441270094828605
43,57,3,-0.0001212382021910148
43,58,3,-0.00020216840465267359
43,59,3,-0.006237723557043967
44,0,3,0.00792529951841864
44,1,3,0.0017018789692158183
44,2,3,-0.0009128476799274013
44,3,3,0.011888248521639838
44,4,3,-0.0040071872310800056
44,5,3,0.009475932985164718
44,6,3,-0.012793961180068019
44,7,3,-0.03432144696723288
44,8,3,-0.02123064113766499
44,9,3,-0.014640796397321463
44,10,3,0.0028861547422144706
44,11,3,0.005138426368311546
44,12,3,-0.02764488899507873
44,13,3,-0.011555487144648775
44,14,3,-0.013605141711862324
44,15,3,0.021303556809037495
44,16,3,-8.017928000697647e-05
44,17,3,-0.01059030786726881
44,18,3,0.01635925461192675
44,19,3,-0.010846690872789248
44,20,3,-0.0056305730393622355
44,21,3,0.03517490086319387
44,22,3,0.024732550248529647
44,23,3,-0.004288800640620716
44,24,3,0.0012438843080817144
44,25,3,0.012660999591313084
44,26,3,-0.0025399720639383014
44,27,3,-0.009206774602706785
44,28,3,-0.0012257618151812221
44,29,3,-0.052906407510953955
44,30,3,-0.008061025596513591
44,31,3,0.010445187301096934
44,32,3,0.0017079068673941003
44,33,3,-0.012159772247011561
44,34,3,0.004912481696301711
44,35,3,0.006311388416183383
44,36,3,-0.004425007345835211
44,37,3,-0.0019540257878795696
44,38,3,0.0037725563027202883
44,39,3,-0.0010172040988250402
44,40,3,0.0006590258526955007
44,41,3,0.001759658800274242
44,42,3,-0.002324107726825236
44,43,3,-0.023126057805989288
44,45,3,-0.013119278879015121
44,46,3,-0.0012936124207670405
44,47,3,0.01345165512198972
44,48,3,-0.0010199953373925025
44,49,3,0.0031098402101734078
44,50,3,-0.0005187895628121543
44,51,3,0.007522327888045897
44,52,3,0.005377942861905164
44,53,3,0.018566066655332194
44,54,3,0.01631982653060038
44,55,3,0.00578555914911218
44,56,3,0.0034692274732457938
44,57,3,0.002265641467842356
44,58,3,0.00013948790218554368
44,59,3,-0.01993247431701623
45,0,3,0.006915030257775769
45,1,3,-0.058074580304342316
45,2,3,0.005794130636988534
45,3,3,0.0037800646622079457
45,4,3,-0.004039022395569208
45,5,3,-0.00423488107986055
45,6,3,-0.021080269588268225
45,7,3,0.005047705308720867
45,8,3,-0.016946446315708363
45,9,3,-0.005807198263367282
45,10,3,-0.03552226247079765
45,11,3,0.01490045226997052
45,12,3,0.013651748571585008
45,13,3,0.005012173987607791
45,14,3,0.012465441615078454
45,15,3,-0.013330432183239932
45,16,3,0.0020487365711613983
45,17,3,0.0011438491176907904
45,18,3,0.0007177912100084002
45,19,3,0.00929868773495658
45,20,3,0.002596938786100482
45,21,3,-0.006947521746185104
45,22,3,-0.01922403915951881
45,23,3,-0.027665541059910263
45,24,3,-0.001636778578716643
45,25,3,-0.06059211134707182
45,26,3,-0.00010888955591681628
45,27,3,-0.05451161904139469
45,28,3,-0.013593448936540891
45,29,3,-0.007276025538972562
45,30,3,-0.0192559808441602
45,31,3,-0.001034671519489322
45,32,3,0.010870493808162355
45,33,3,-0.009912484303027795
45,34,3,0.0014718609982786143
45,35,3,-0.018507183575501508
45,36,3,0.0008732714745597858
45,37,3,-0.009466236662212683
45,38,3,-0.008224007396597765
45,39,3,-0.0032696003011586684
45,40,3,-0.0025371865440326348
45,41,3,0.0013992299038092446
45,42,3,0.014813350368698016
45,43,3,-0.010087243657456255
45,44,3,0.017089404810033845
45,46,3,-0.017215490945663204
45,47,3,-0.002508626255896441
45,48,3,0.004202827664645982
45,49,3,-0.0024706808684807867
45,50,3,-0.0019265818981538195
45,51,3,-0.018882386915826985
45,52,3,-0.005764247756785943
45,53,3,-0.007028438985605802
45,54,3,-0.004364516856199956
45,55,3,0.0015056707738063037
45,56,3,0.0019704022255613365
45,57,3,0.009478432772439824
45,58,3,-0.0018835575686504697
45,59,3,0.0062400906688259185
46,0,3,-0.04476060315008438
46,1,3,0.020634524135003177
46,2,3,0.004554019710360875
46,3,3,-0.001504965194456755
46,4,3,0.0064756339246931196
46,5,3,0.005144772249583953
46,6,3,-0.013482182068095833
46,7,3,0.001588485287519979
46,8,3,0.008973477763640108
46,9,3,0.03742528800333589
46,10,3,0.0004488745338991013
46,11,3,0.006800256941505077
46,12,3,-0.011447409182910512
46,13,3,0.02272897804649736
46,14,3,-0.009496090515366715
46,15,3,0.015176742484741258
46,16,3,0.0023765495180183274
46,17,3,-0.011124469757793479
46,18,3,-0.008829538672343203
46,19,3,-0.017778577056705543
46,20,3,0.011830105911643171
46,21,3,0.03381664740864365
46,22,3,-0.0004546888955643084
46,23,3,0.006755736276120701
46,24,3,-0.002095109627336397
46,25,3,0.006224523035291922
46,26,3,0.0005589278059369735
46,27,3,0.009716907338097255
46,28,3,0.008045195186986515
46,29,3,-0.006249970169917626
46,30,3,0.0372326293777036
46,31,3,-0.0210708452625935
46,32,3,-0.07061969174300561
46,33,3,0.033494634049601
46,34,3,-0.001191965153840887
46,35,3,-0.00223174569041757
46,36,3,0.00102313871149173
46,37,3,-0.005861917329501454
46,38,3,-0.013534241980031378
46,39,3,0.006875033065512367
46,40,3,0.0004075061946225364
46,41,3,0.023855999342117865
46,42,3,0.009486572748800897
46,43,3,-0.008982871025403096
46,44,3,0.002075142763373798
46,45,3,-0.004333124664001915
46,47,3,0.022995943530563882
46,48,3,0.0033471848167213976
46,49,3,-0.00863718034813689
46,50,3,0.005263254768530554
46,51,3,-0.004327298290464554
46,52,3,0.0024257253817841205
46,53,3,0.05419029743485759
46,54,3,-0.011974764915678804
46,55,3,0.010085762239041838
46,56,3,-0.019593875977925352
46,57,3,0.00526108982649961
46,58,3,-0.0021432246205116655
46,59,3,-0.0020008859525208374
47,0,3,-0.0157383360048821
47,1,3,0.0160699464571624
47,2,3,0.010756042972517619
47,3,3,0.005987790053174665
47,4,3,0.007180252178786172
47,5,3,0.006411963508609458
47,6,3,0.01837052467644413
47,7,3,0.006184142603695746
47,8,3,0.019514146410367934
47,9,3,0.006914508946044154
47,10,3,0.0024579140769661265
47,11,3,0.00682617976728606
47,12,3,0.015534989028194413
47,13,3,-0.005594734379264507
47,14,3,-0.024851396619904056
47,15,3,0.006379349623035918
47,16,3,0.007759076011458912
47,17,3,-0.005865482890146673
47,18,3,-0.012019660440505816
47,19,3,-0.02934695001840087
47,20,3,0.0034716779237100887
47,21,3,0.01594239085766228
47,22,3,0.011958388761417364
47,23,3,0.0028899749884885983
47,24,3,-0.005451176755328281
47,25,3,0.008809639674873184
47,26,3,0.006129544411198862
47,27,3,-0.0033822099005107586
47,28,3,-0.00813093139014965
47,29,3,-0.021598961823919748
47,30,3,0.01763238864117229
47,31,3,-0.026039261520225874
47,32,3,0.000890889383024434
47,33,3,0.0004283473870564951
47,34,3,0.006014085553566448
47,35,3,0.011513937243534552
47,36,3,-0.014164050076834652
47,37,3,-0.011378303352882592
47,38,3,-0.00675380031583044
47,39,3,0.002296472081010576
47,40,3,-0.015267063966965989
47,41,3,-0.0007463921557728245
47,42,3,0.004883517821787074
47,43,3,-0.0074613466898915985
47,44,3,0.0026120180301082213
47,45,3,-0.0007342759469019114
47,46,3,-0.005253105669955571
47,48,3,-0.0027183907383414438
47,49,3,-0.003179981787300769
47,50,3,-0.002700273125200374
47,51,3,0.015414964267953487
47,52,3,-0.01804857011122879
47,53,3,0.0006079063413260154
47,54,3,-0.0003895411286069511
47,55,3,0.0008249472183519233
47,56,3,-0.007274967534673904
47,57,3,0.0068907147043760315
47,58,3,-0.0034545143052529593
47,59,3,-0.010369298032131116
48,0,3,0.008251137605749794
48,1,3,0.009135302650938128
48,2,3,0.00858363075541934
48,3,3,0.06286430467430033
48,4,3,0.001557973402535289
48,5,3,-0.0027046954322085598
48,6,3,0.005180711070067267
48,7,3,-0.004559631072971066
48,8,3,-0.036207665280158285
48,9,3,-0.01756045855639012
48,10,3,-0.005788414096043152
48,11,3,0.00856074828570001
48,12,3,-0.0013663017331386955
48,13,3,-0.002726536472815657
48,14,3,0.01586213036832942
48,15,3,-0.0006240564192577144
48,16,3,0.005149283925145008
48,17,3,0.01168784666087983
48,18,3,0.013589387876918118
48,19,3,0.0010853365270069378
48,20,3,0.00573542095973576
48,21,3,-0.01499703494862075
48,22,3,-0.009407804988781241
48,23,3,-0.005966966117412846
48,24,3,0.01792110923608975
48,25,3,0.0020612635595553385
48,26,3,0.00016050167851464756
48,27,3,0.003476322048081744
48,28,3,0.00602126337523388
48,29,3,-0.006740451396976965
48,30,3,-0.010745759630449013
48,31,3,0.006297478392377493
48,32,3,-0.0008302965166846961
48,33,3,0.0010267471055648144
48,34,3,0.05110094262113731
48,35,3,-0.00015177769754002018
48,36,3,0.002130211367390828
48,37,3,-0.0030641449695182343
48,38,3,0.0034700540257612228
48,39,3,0.0050406728664879556
48,40,3,0.00722698907803882
48,41,3,-0.0063727821985098765
48,42,3,0.009503100774532421
48,43,3,-0.01099056697145817
48,44,3,0.006516586516679902
48,45,3,-0.006683096074400128
48,46,3,0.004554434223250641
48,47,3,-0.005709335095979275
48,49,3,0.011563958710021248
48,50,3,0.001142997795957175
48,51,3,0.003609612579373206
48,52,3,-0.001707233500516583
48,53,3,-0.013310881170140565
48,54,3,0.005450480022381406
48,55,3,-0.0037256228769657566
48,56,3,-0.00010461136035510659
48,57,3,-0.016675995941380216
48,58,3,0.009835931623073373
48,59,3,0.0033332415286202273
49,0,3,-0.0062781823547914855
49,1,3,0.014429678612315802
49,2,3,-0.010058784384326027
49,3,3,-0.027097481475604365
49,4,3,-0.003505495517051176
49,5,3,0.017979888893985923
49,6,3,-0.007537517552597701
49,7,3,-0.0002632596416228235
49,8,3,0.005528660363241834
49,9,3,0.00463631434010075
49,10,3,0.015999135042551942
49,11,3,-0.01047216684247803
49,12,3,0.0033970174566044955
49,13,3,-0.005210638763746142
49,14,3,-0.019231341529488813
49,15,3,0.007054813358328103
49,16,3,-0.0004552523520978558
49,17,3,0.005655817960286994
49,18,3,0.018270053649909416
49,19,3,0.00862499314384466
49,20,3,-0.004307565888526116
49,21,3,-0.0033389762881430537
49,22,3,-0.01101985016698548
49,23,3,0.0058943345008947235
49,24,3,0.021318890815993002
49,25,3,0.00041353188938485913
49,26,3,-0.0012995151543821084
49,27,3,-0.005965950913876997
49,28,3,-0.00343421976955351
49,29,3,-0.02401163841739582
49,30,3,0.0004598695141989598
49,31,3,0.0026398558282067683
49,32,3,1.53793723370807e-05
49,33,3,0.0003342789858630147
49,34,3,-0.007704878408073848
49,35,3,-0.023718392282486653
49,36,3,0.006255082119629926
49,37,3,0.011810315613433662
49,38,3,0.006671235363545559
49,39,3,-0.00027753737980640113
49,40,3,0.01821970270174052
49,41,3,0.0032760274660513502
49,42,3,-0.010481942553502014
49,43,3,-0.02752729261810734
49,44,3,0.0037881502021525786
49,45,3,-0.022722848688375614
49,46,3,0.0028356939559646844
49,47,3,8.82699574911761e-05
49,48,3,-0.016921201122568178
49,50,3,0.015623443133491913
49,51,3,-0.004581655823268441
49,52,3,0.002416982264714905
49,53,3,-0.013546291556330721
49,54,3,0.018601132313285664
49,55,3,0.0025228593197484904
49,56,3,0.004413639429265802
49,57,3,-0.0020077515490204397
49,58,3,-0.008992435660068613
49,59,3,-0.004448688444687169
50,0,3,-0.0003555992887890679
50,1,3,0.007610026857394288
50,2,3,-0.008129832106549665
50,3,3,0.021796906603674112
50,4,3,-0.00595582326849448
50,5,3,-0.003722960971773066
50,6,3,0.03538755857095353
50,7,3,-0.006898073455306138
50,8,3,-0.006061743239362583
50,9,3,-0.0008135166848995275
50,10,3,0.010230711224299568
50,11,3,-0.017613182391280683
50,12,3,0.018461776132172494
50,13,3,8.697710804866498e-05
50,14,3,0.005479926563634601
50,15,3,-0.008686023896979835
50,16,3,-0.04209564061131265
50,17,3,-0.03710904380709185
50,18,3,0.010560672974099534
50,19,3,0.019114753509001693
50,20,3,0.0017577801430004667
50,21,3,-0.017185330540387386
50,22,3,-0.014715679228876384
50,23,3,-0.0067617390026596695
50,24,3,0.00810000417383065
50,25,3,-0.00944527360208098
50,26,3,-0.007444719804454846
50,27,3,0.002861227610381437
50,28,3,-0.004139322058974771
50,29,3,-0.012072854787206712
50,30,3,-0.016512263879837768
50,31,3,-0.009633055116132092
50,32,3,0.0020220687491448244
50,33,3,-0.006237241583513022
50,34,3,-0.00442472204851632
50,35,3,-0.010278013424308355
50,36,3,0.017532028301289644
50,37,3,0.019743004857706976
50,38,3,0.01801823418408339
50,39,3,-0.006739160373279802
50,40,3,0.019062180747923402
50,41,3,0.006972907892382545
50,42,3,-0.0032318781373150587
50,43,3,-0.006126681566217568
50,44,3,-0.009500820036472868
50,45,3,-0.010236766351419981
50,46,3,-0.009068950282298817
50,47,3,-0.0005749766941982736
50,48,3,0.004839644289493315
50,49,3,0.012309764618889841
50,51,3,-0.01171856146404969
50,52,3,0.008831432035597286
50,53,3,-0.0065856876796142215
50,54,3,0.017798526989380708
50,55,3,0.002577135695909613
50,56,3,0.006418549714047918
50,57,3,0.0032275613921725716
50,58,3,-0.00019463796744118142
50,59,3,0.009728467605159673
51,0,3,0.010373053846655838
51,1,3,0.009784255712527163
51,2,3,-0.0010810197473418964
51,3,3,0.0003697103954520243
51,4,3,0.0041294168148102986
51,5,3,0.0006494111273724033
51,6,3,0.003483903429053869
51,7,3,-0.013623549971875886
51,8,3,-0.01037327713054681
51,9,3,0.01563212851669322
51,10,3,-0.0016799964725253355
51,11,3,-0.0027019542341869037
51,12,3,-0.00016961285526936182
51,13,3,-0.00030095465583645587
51,14,3,0.0076512812187874545
51,15,3,0.006262855935503416
51,16,3,0.0002621231176635862
51,17,3,-0.004650888051987355
51,18,3,0.001237617408475576
51,19,3,-0.008049868170311043
51,20,3,-0.00024779466125426344
51,21,3,0.01877519674158014
51,22,3,0.0043775403456176665
51,23,3,-0.009549590807706978
51,24,3,-0.0161066445143006
51,25,3,0.002930547007779691
51,26,3,0.012094177673078141
51,27,3,0.0017075389706829192
51,28,3,0.004026647918389754
51,29,3,0.0009029664090623241
51,30,3,0.004475022095561764
51,31,3,0.002157782054778689
51,32,3,0.00048673275731127085
51,33,3,-0.0027701332690683264
51,34,3,0.006098854465184071
51,35,3,-0.03518836366606694
51,36,3,-0.010033302708235574
51,37,3,-0.006177443356560248
51,38,3,-0.00015021049780056424
51,39,3,0.0033700040869867097
51,40,3,-0.00034634365590848
51,41,3,-0.0009123215152227132
51,42,3,0.004725433307455164
51,43,3,0.04140863666852465
51,44,3,0.0005900675690841121
51,45,3,0.003468031726419628
51,46,3,-0.0037483422926280034
51,47,3,-0.0010824024897480402
51,48,3,0.024379286053755268
51,49,3,0.0013326273845708971
51,50,3,0.0009124149651414759
51,52,3,-0.00013104496740278557
51,53,3,-0.009387864089047748
51,54,3,-0.01036746313320133
51,55,3,0.00021437051494185968
51,56,3,-0.006965540056811882
51,57,3,-0.010982901366265257
51,58,3,0.0014723020141435643
51,59,3,0.0038212893726444434
52,0,3,-0.023139977829978123
52,1,3,-0.03568602816486398
52,2,3,-0.02164292354237025
52,3,3,-0.013902942681771438
52,4,3,0.002270205919369576
52,5,3,0.019860965273174012
52,6,3,-0.002778679105825192
52,7,3,0.07597925564666849
52,8,3,-0.009595255281823853
52,9,3,0.017327096632317854
52,10,3,0.004691180670607047
52,11,3,0.014283779487574394
52,12,3,-0.005056776857399126
52,13,3,-0.010243022213830806
52,14,3,-0.01242236559473094
52,15,3,-0.014018185535442944
52,16,3,0.008674923603829758
52,17,3,-0.018366254638398628
52,18,3,-0.039863248086071765
52,19,3,-0.01812828154666623
52,20,3,0.0026778463826613455
52,21,3,0.014111597743534252
52,22,3,-0.008150737181439605
52,23,3,0.015611140919359959
52,24,3,0.01504058301853298
52,25,3,-0.006715474171537121
52,26,3,0.00995038957465411
52,27,3,-0.005872207459837355
52,28,3,-0.0019967635633478956
52,29,3,0.011348013573356264
52,30,3,0.03116235686689046
52,31,3,-0.02223241862596745
52,32,3,-0.010181419709435386
52,33,3,0.0030866614632875673
52,34,3,0.006801521630797607
52,35,3,0.010064391030924604
52,36,3,0.013359232330182378
52,37,3,-0.008770257330525392
52,38,3,-0.01464413525207832
52,39,3,-0.01295521453985924
52,40,3,-0.005247816015357467
52,41,3,-2.363825765653385e-05
52,42,3,-0.0008869846703655959
52,43,3,-0.005089284042044148
52,44,3,-0.0016162461752543566
52,45,3,-0.0014963818571858203
52,46,3,-0.006818165096847108
52,47,3,0.006941157613036753
52,48,3,-0.016860589987324558
52,49,3,0.014551274917421449
52,50,3,0.011823117781709655
52,51,3,-0.007187481232416851
52,53,3,0.0016892687547030033
52,54,3,0.005818224638509872
52,55,3,0.015611584706155247
52,56,3,-0.011053701094653095
52,57,3,-0.002294760768247527
52,58,3,-0.004708108491447171
52,59,3,-0.0018326282434829103
53,0,3,0.00988617125983925
53,1,3,0.0044595183362145146
53,2,3,0.007024319826579823
53,3,3,-0.0029029583318836314
53,4,3,-0.09547585184407843
53,5,3,-0.003050407376116966
53,6,3,-0.0018093145434947497
53,7,3,0.0031765272194882264
53,8,3,0.005948458711418853
53,9,3,-0.012629378330792168
53,10,3,0.000813805259836735
53,11,3,-0.00040888148868420263
53,12,3,0.0032696967093845666
53,13,3,-0.0013200810985146798
53,14,3,-0.0033219329627289544
53,15,3,-9.294201034036679e-05
53,16,3,0.009323045558007973
53,17,3,0.0022128860918963797
53,18,3,-0.0006038389740017426
53,19,3,-0.013557914654337862
53,20,3,0.003290919261877819
53,21,3,0.001447401942805317
53,22,3,2.6424773887156767e-05
53,23,3,-0.0003210771715212964
53,24,3,-0.001568089495671419
53,25,3,0.012806258863566927
53,26,3,-0.0004664573305785481
53,27,3,-0.0011655083993321132
53,28,3,-0.00044288894512807563
53,29,3,0.00016263740194151152
53,30,3,-0.007916171080336733
53,31,3,-0.00023293583753147525
53,32,3,-0.0028533621024762466
53,33,3,-0.007739548132386332
53,34,3,0.0019096973758919301
53,35,3,0.02039827818852132
53,36,3,0.007474162697845757
53,37,3,3.7012752862002155e-05
53,38,3,0.0015297915781849064
53,39,3,0.0025225240618398856
53,40,3,-0.01699502318871009
53,41,3,-0.001691942166517073
53,42,3,0.0022191823450963227
53,43,3,0.0007389732325648626
53,44,3,-0.0007866522702007798
53,45,3,-0.0055758558013158585
53,46,3,0.0016462637617106696
53,47,3,-0.002915073557080052
53,48,3,-0.005649066985381155
53,49,3,0.0011250225067688461
53,50,3,0.002977362030933296
53,51,3,0.00013880575946922
53,52,3,-0.0060985296910074545
53,54,3,0.0014124110470060361
53,55,3,-0.002630065111673012
53,56,3,0.00714416849866546
53,57,3,-0.0013551294705747043
53,58,3,0.0004793147225833236
53,59,3,-0.003277323321807979
54,0,3,-0.001308364835995382
54,1,3,-0.012532774172533012
54,2,3,-0.0006753015769203955
54,3,3,0.007108793492960641
54,4,3,0.008128881064552184
54,5,3,-0.005619945017533224
54,6,3,-0.011750205901303712
54,7,3,-0.0028597050040410897
54,8,3,0.0029484141269016605
54,9,3,0.0008386828316532368
54,10,3,-0.002420803967433267
54,11,3,-0.0017517191337465114
54,12,3,-0.023204540044177088
54,13,3,-0.00598621870885757
54,14,3,-0.00041030408069802054
54,15,3,-0.0002186207467149624
54,16,3,-0.005511414411391849
54,17,3,-0.0032707276149907018
54,18,3,0.004157077733060208
54,19,3,0.034078830632170584
54,20,3,-0.008746447053090387
54,21,3,0.0011188133986850014
54,22,3,0.004529262909723496
54,23,3,-0.006312486015520792
54,24,3,0.005230185727094304
54,25,3,-0.013541110350619084
54,26,3,-0.004713576330884738
54,27,3,-0.0007551026289095099
54,28,3,-0.0005998533817257905
54,29,3,0.001239049994321172
54,30,3,0.0008933200349249878
54,31,3,0.005260157194573111
54,32,3,0.000376205372969348
54,33,3,-0.0036312917442623046
54,34,3,-0.003297983823592296
54,35,3,-0.001581443442049344
54,36,3,0.014423215366576007
54,37,3,0.008878289042985288
54,38,3,0.0007894671183919911
54,39,3,0.001115384055192602
54,40,3,0.011435808039385108
54,41,3,0.002800345157922442
54,42,3,-0.011956953999666491
54,43,3,0.0047006900197553375
54,44,3,-0.0052993050554130125
54,45,3,0.007080314036466505
54,46,3,0.005097430544891383
54,47,3,-0.0059421573319547605
54,48,3,-0.005948717588648208
54,49,3,-0.005212314762162463
54,50,3,-0.004891305474221308
54,51,3,0.0017769729526201006
54,52,3,0.008427639888049142
54,53,3,0.0038852151236135773
54,55,3,-0.007405447881849974
54,56,3,0.00013780996687163416
54,57,3,0.004681890713442502
54,58,3,-0.00010882692811316796
54,59,3,-0.020135559027799406
55,0,3,0.0017472425248811806
55,1,3,-0.006291841583759694
55,2,3,-0.0016786573392653685
55,3,3,0.003953981079598026
55,4,3,0.006172550814969182
55,5,3,-0.0067733572184536794
55,6,3,0.005397295085387032
55,7,3,-0.006113182352947352
55,8,3,0.00522538796719191
55,9,3,-0.0009875156908434478
55,10,3,0.0016271190436894336
55,11,3,-0.0006503549004137081
55,12,3,-0.0007247399455490395
55,13,3,0.0012339699087885417
55,14,3,0.010615602184281862
55,15,3,-0.000298574641536146
55,16,3,-0.002419775347788413
55,17,3,-0.005812197712826702
55,18,3,-0.007326277836525078
55,19,3,0.003090324596686068
55,20,3,0.00038739846573535806
55,21,3,0.0008191450928031853
55,22,3,0.0027205390407825597
55,23,3,-0.00010522917696198724
55,24,3,-0.023255377968176207
55,25,3,-0.031163959279732586
55,26,3,1.720026913455599e-05
55,27,3,0.0011371743749104487
55,28,3,0.007618821806563264
55,29,3,0.012696492574412742
55,30,3,0.0011296450852428294
55,31,3,0.03686080144316063
55,32,3,0.00524545172039033
55,33,3,-0.009519858756560438
55,34,3,0.00044070288163372464
55,35,3,-0.000936402068781376
55,36,3,0.001943228564321268
55,37,3,-0.005306814224112967
55,38,3,-0.0024931708256006385
55,39,3,-0.00025592763476759437
55,40,3,-0.0021889331232132795
55,41,3,-0.005686116556385009
55,42,3,-0.0002204875620379643
55,43,3,0.008841076467925837
55,44,3,-0.010940256331900175
55,45,3,0.013055488818509091
55,46,3,0.0009113241574362299
55,47,3,-0.0029818966679908653
55,48,3,0.0028368906194909858
55,49,3,-0.0088022315201376
55,50,3,-0.003921437071751708
55,51,3,-0.0010366028638494154
55,52,3,-0.0021265360784469356
55,53,3,0.00016138558124052303
55,54,3,-5.721797925900414e-05
55,56,3,-0.0006952666147193571
55,57,3,0.0003122956284054902
55,58,3,0.0011048766447519641
55,59,3,-0.00031567821176791745
56,0,3,-0.010070741286542622
56,1,3,-0.021157835014043093
56,2,3,0.031481311191616804
56,3,3,0.048369849681661664
56,4,3,0.011863698281792798
56,5,3,-0.04282773488564461
56,6,3,-0.0037655040365635038
56,7,3,0.023480213996944017
56,8,3,-0.0007855255306037944
56,9,3,-0.0050946295905262605
56,10,3,-0.06355956214486581
56,11,3,0.009305965809955043
56,12,3,-0.002108645465654935
56,13,3,-0.01831798563523507
56,14,3,-0.008972520655034667
56,15,3,-0.021722595403485825
56,16,3,0.016405180947675475
56,17,3,-0.007185012703691737
56,18,3,-0.010851603049494516
56,19,3,-0.005250841196177907
56,20,3,-0.03527036605602942
56,21,3,-0.004546152156943206
56,22,3,0.011862621413878019
56,23,3,0.022225563008523786
56,24,3,0.004243659378582248
56,25,3,0.005393070222956553
56,26,3,0.0007115114437323998
56,27,3,0.0016418276769198574
56,28,3,0.015951316094258337
56,29,3,-0.0006181896056413163
56,30,3,0.030461863491887183
56,31,3,-0.011528453910493749
56,32,3,0.0023154771203546007
56,33,3,0.01861012100701105
56,34,3,0.0033031312359594906
56,35,3,-0.0004633584188616781
56,36,3,-0.0020700080874891
56,37,3,-0.009752927833433926
56,38,3,-0.019480675083064943
56,39,3,-0.005582500185390333
56,40,3,-0.019574683266370272
56,41,3,0.01145817057592934
56,42,3,0.016601242488261992
56,43,3,0.02074352403834291
56,44,3,0.0006014384183154337
56,45,3,0.021107967737738462
56,46,3,0.018191825429040444
56,47,3,-0.008660140253092335
56,48,3,-0.010185485664167432
56,49,3,-0.01709484922986935
56,50,3,-0.022988018577782314
56,51,3,0.010537519507407452
56,52,3,-0.012771625121640403
56,53,3,0.008243507263937369
56,54,3,-0.00857456489771514
56,55,3,-0.018271187952357517
56,57,3,-0.0071379920671664505
56,58,3,-0.000311207885128826
56,59,3,-0.008848200604888272
57,0,3,-0.01306390953509197
57,1,3,-0.05588602598912201
57,2,3,0.010374144444584482
57,3,3,-0.03109310223442996
57,4,3,-0.003072350352079361
57,5,3,-0.01191388532573359
57,6,3,-0.07838273395803065
57,7,3,-0.02081329956967081
57,8,3,-0.032876162883767136
57,9,3,-0.006010655724282346
57,10,3,-0.002579160024245935
57,11,3,-0.004910389996508079
57,12,3,0.013547122308929863
57,13,3,-0.001275748632930819
57,14,3,0.008182659570429629
57,15,3,0.013799196531797663
57,16,3,0.009512286144571723
57,17,3,-0.051968217028966875
57,18,3,-0.022964583128181587
57,19,3,-0.035288293811861084
57,20,3,-0.08154705196105005
57,21,3,-0.032208305718896366
57,22,3,0.035982118831190124
57,23,3,-0.011089244568170781
57,24,3,0.010980176128265535
57,25,3,0.00397325610046431
57,26,3,-0.014505671306912896
57,27,3,-0.010851799897846421
57,28,3,-0.027706795870953236
57,29,3,0.0174897452978032
57,30,3,-0.006619797809920544
57,31,3,0.011626553033279356
57,32,3,0.009691856086420592
57,33,3,0.004142579060819941
57,34,3,0.019225346870366693
57,35,3,-0.002410879679556127
57,36,3,-0.0019405668830162154
57,37,3,-0.018289804716852192
57,38,3,-0.010327491304933635
57,39,3,0.001160345065300012
57,40,3,-0.05157823192716284
57,41,3,0.0008542612431900322
57,42,3,0.009645008593608334
57,43,3,0.004741637207100654
57,44,3,0.015609626546852188
57,45,3,0.012775879679549672
57,46,3,-0.0015412855968326075
57,47,3,0.004923438400337935
57,48,3,-0.021140386055515666
57,49,3,-0.001100182046962708
57,50,3,-0.003873905112746416
57,51,3,-0.027008386483244565
57,52,3,0.0038640441242633492
57,53,3,0.026036394750506096
57,54,3,0.019555024151689616
57,55,3,-0.008989868952993255
57,56,3,-0.003939043391814439
57,58,3,-0.007961065156526602
57,59,3,-0.014995076126048466
58,0,3,-0.0011079275502675842
58,1,3,0.0025917150363261024
58,2,3,-0.0023916060814518866
58,3,3,0.003690844387582722
58,4,3,0.001090305000114115
58,5,3,0.001238484015302288
58,6,3,0.0025492345560054626
58,7,3,0.03972473719879968
58,8,3,0.0024598335990462564
58,9,3,-0.003944839288101656
58,10,3,0.005467210273736322
58,11,3,-0.0011167468371665295
58,12,3,-0.0016326544947599549
58,13,3,-0.005835198311468967
58,14,3,-0.0010942601099766334
58,15,3,0.003707165699968637
58,16,3,0.009171491106103814
58,17,3,-0.0033003893567219093
58,18,3,0.06261851862128626
58,19,3,-0.0017589664790796978
58,20,3,-0.013676115688916413
58,21,3,-0.001971742369831103
58,22,3,0.006988628326997848
58,23,3,0.021263879445159103
58,24,3,0.0021928836723375594
58,25,3,0.0060074735664165735
58,26,3,-0.002093403724518673
58,27,3,-0.004035661730034199
58,28,3,-4.264879035737505e-05
58,29,3,0.008610009206851711
58,30,3,0.007998219502278187
58,31,3,-0.003352025332011292
58,32,3,-0.0044226201114007276
58,33,3,0.006296401436650728
58,34,3,-0.0020798337512709228
58,35,3,0.014105488705932954
58,36,3,-0.006611209644523033
58,37,3,-0.002380115306776716
58,38,3,-0.0045869543019001835
58,39,3,0.00027074241382912914
58,40,3,-0.005696945957957734
58,41,3,0.0029638073017390285
58,42,3,-0.003112336132516561
58,43,3,0.0037288341993317433
58,44,3,0.0014539381610794825
58,45,3,-0.002105781342462025
58,46,3,0.009492138991880183
58,47,3,-0.00295939118028516
58,48,3,-0.006051755871253786
58,49,3,0.0044469920402697765
58,50,3,-0.013848341591279128
58,51,3,-0.0065667809580953265
58,52,3,-0.005607149853124814
58,53,3,0.0077996573564136475
58,54,3,0.00016257425797848495
58,55,3,-0.0010030349174565635
58,56,3,-0.008895386701097626
58,57,3,-0.0007337819690643529
58,59,3,-0.004576899008808271
59,0,3,0.005509883701518165
59,1,3,-0.0004158812091475131
59,2,3,-0.0046953327582815625
59,3,3,0.00018862535783316804
59,4,3,0.0012538868606687262
59,5,3,-0.007062895964460941
59,6,3,0.0026748504073460244
59,7,3,-0.013299221029117842
59,8,3,0.011642839641309109
59,9,3,-0.005920741195652668
59,10,3,-0.0025556253830088175
59,11,3,-0.004059358490103192
59,12,3,-0.0074328466426264676
59,13,3,0.00402703030792217
59,14,3,0.001720156868914804
59,15,3,0.004143283851053651
59,16,3,-0.00998382192387595
59,17,3,-0.007775187977250172
59,18,3,0.00033542142292786675
59,19,3,0.005957029233960782
59,20,3,-0.0037650557406626595
59,21,3,-0.0025264054302912174
59,22,3,0.008754203078791482
59,23,3,0.02183309372184303
59,24,3,-0.024462646039229933
59,25,3,-0.01073160184329796
59,26,3,-0.010140112173786174
59,27,3,0.0005459403797619229
59,28,3,0.004998157001047471
59,29,3,0.003936319578064611
59,30,3,0.000853679685557986
59,31,3,0.005356125904452287
59,32,3,0.003733908370861617
59,33,3,0.007945695433098386
59,34,3,-0.010421614323270547
59,35,3,0.009690700426334782
59,36,3,0.020187943554866146
59,37,3,-0.022587713053549133
59,38,3,-0.00044262266766776845
59,39,3,-0.011487315123570731
59,40,3,-0.0009161677592164879
59,41,3,-0.002654552424205106
59,42,3,0.004718835570893395
59,43,3,0.015340356626094653
59,44,3,-0.0038382636981561355
59,45,3,0.016436724278545423
59,46,3,0.010701427376130111
59,47,3,-0.005835821474434415
59,48,3,0.002885279577229558
59,49,3,-0.007673606372865341
59,50,3,-0.0004481716323855536
59,51,3,0.003863378427885873
59,52,3,0.001432519496882739
59,53,3,0.0087036439004075
59,54,3,0.002018617998851743
59,55,3,0.011890153030166951
59,56,3,-0.00435941651829424
59,57,3,0.0018231930297671986
59,58,3,0.0008538767566451107
0,1,4,-0.11517054206764807
0,2,4,-0.0028978643864647257
0,3,4,0.031233225085286302
0,4,4,0.0028118913890516455
0,5,4,-0.02936333270440772
0,6,4,0.0012399390024793635
0,7,4,-0.015935350225017752
0,8,4,-0.004862761119097786
0,9,4,-0.17980263299983276
0,10,4,0.00013736529993807137
0,11,4,-0.028362038898145578
0,12,4,0.01304241682021655
0,13,4,0.013718562122285718
0,14,4,0.01391242676775942
0,15,4,-0.009243392810229208
0,16,4,0.008600041093122915
0,17,4,-0.019602513508705902
0,18,4,0.06760949171053812
0,19,4,-0.01213206512116865
0,20,4,-0.0027243997657215527
0,21,4,0.014452349370913237
0,22,4,-0.03095466858095318
0,23,4,-0.14018523727683824
0,24,4,-0.04103677478735581
0,25,4,0.008457612462731145
0,26,4,-0.007180742637016229
0,27,4,-0.1394390848645973
0,28,4,0.005214799806018032
0,29,4,-0.0017063991363793461
0,30,4,-0.1693994386248675
0,31,4,0.010197404162984296
0,32,4,0.052214114182859386
0,33,4,-0.019662830842249176
0,34,4,0.0002115506498252392
0,35,4,0.013313084417982169
0,36,4,0.021457946473889065
0,37,4,0.013835370089086012
0,38,4,0.07428793615566089
0,39,4,0.0011605845415174575
0,40,4,-0.0012553471675838344
0,41,4,0.0024524493117926258
0,42,4,-0.050377743616936546
0,43,4,-0.015176308855196288
0,44,4,0.004028877552222185
0,45,4,-0.02192607690386245
0,46,4,-0.004685211789304143
0,47,4,-0.06787542467318727
0,48,4,0.02273285173421843
0,49,4,0.04054085602503092
0,50,4,0.008207790275908832
0,51,4,-0.024267157773506947
0,52,4,0.016661051217344576
0,53,4,-0.0066811723493886265
0,54,4,0.023969861240859345
0,55,4,0.002108998383190878
0,56,4,-0.0015185850507557163
0,57,4,-0.007436923811864559
0,58,4,-0.008136060648745223
0,59,4,0.054533353762852114
1,0,4,-0.16281447212390696
1,2,4,0.02743705480422061
1,3,4,-0.0850478273943847
1,4,4,0.0022729633403609176
1,5,4,-0.005753446786629922
1,6,4,-0.013640253768361732
1,7,4,0.0029370268092384012
1,8,4,0.009111982153952309
1,9,4,0.10787744969588714
1,10,4,0.013933152889479328
1,11,4,-0.01308131344883679
1,12,4,0.0002598614986169482
1,13,4,-0.05097599087991707
1,14,4,-0.03427689573900239
1,15,4,0.04382370148130991
1,16,4,0.0022127840233760413
1,17,4,0.03498932245836096
1,18,4,-0.06961367520871642
1,19,4,-0.018255146814552856
1,20,4,-0.00854671100154439
1,21,4,-0.018080607789154036
1,22,4,0.05938458519956344
1,23,4,0.0019409893433807723
1,24,4,-0.01034587845965945
1,25,4,-0.013642754127653329
1,26,4,-0.002291208849034012
1,27,4,-0.0201783391076314
1,28,4,0.00589004635003634
1,29,4,0.03089657327970694
1,30,4,0.12821654207873878
1,31,4,0.022608905535388944
1,32,4,-0.03542789955259305
1,33,4,-0.012732632470364788
1,34,4,0.006568809761598559
1,35,4,-0.07531530837160416
1,36,4,-0.007163118028214586
1,37,4,0.009340444080141863
1,38,4,-0.02934034847619802
1,39,4,-0.01208481775261622
1,40,4,-0.0005629598817715457
1,41,4,0.0059542068795708555
1,42,4,0.06903703215160684
1,43,4,0.046875575664827335
1,44,4,-0.07403021381988331
1,45,4,0.025280738774970453
1,46,4,-0.03695098997347297
1,47,4,0.062162217528423394
1,48,4,0.022569132096099776
1,49,4,-0.059931716188798154
1,50,4,-0.020009706255751467
1,51,4,0.045280582490436615
1,52,4,0.00849890913191475
1,53,4,-0.014076966705347797
1,54,4,-0.03966849897424408
1,55,4,-0.038896143956928295
1,56,4,-0.0056113367071758905
1,57,4,-0.0179172327493131
1,58,4,0.0018074965793638906
1,59,4,-0.052633484907029876
2,0,4,0.013182083910783432
2,1,4,-0.01256908693679362
2,3,4,-0.06575609540608916
2,4,4,-0.0007819761536478707
2,5,4,-0.08031309615130618
2,6,4,0.040447101864261134
2,7,4,0.03629258188601878
2,8,4,-0.061129094862885563
2,9,4,-0.01780838453280392
2,10,4,0.0007841498681595994
2,11,4,0.0034322777233878965
2,12,4,0.021587048117816723
2,13,4,0.061474248472872056
2,14,4,-0.006972768929329231
2,15,4,-0.03305866397059429
2,16,4,0.03171444794540628
2,17,4,0.0263601827586642
2,18,4,-0.003192616404869655
2,19,4,-0.0008963867261162425
2,20,4,0.013217320348061187
2,21,4,-0.014680970155317377
2,22,4,-0.03232514556998131
2,23,4,-0.013464492948310862
2,24,4,0.022278012586168305
2,25,4,0.0047862955815423805
2,26,4,0.00016062611183149958
2,27,4,0.023209300789328383
2,28,4,0.018845137658796564
2,29,4,0.00671501583647678
2,30,4,-0.012840516685202544
2,31,4,0.022690231882993316
2,32,4,-0.013076667848367564
2,33,4,-0.04857685825286269
2,34,4,0.00034621599497387627
2,35,4,-0.012014770011085737
2,36,4,0.002959524239954873
2,37,4,-0.011854901120118173
2,38,4,-5.777646837258838e-05
2,39,4,0.024906879770318063
2,40,4,-0.031357763807949024
2,41,4,-0.02128811249879913
2,42,4,0.021541401234021748
2,43,4,-0.002796674544873837
2,44,4,0.0213741065444919
2,45,4,-0.020578581619083144
2,46,4,-0.011318684440532151
2,47,4,-0.00696469755811355
2,48,4,-0.02463889510475498
2,49,4,0.0230636135655204
2,50,4,-0.012947997146513984
2,51,4,-0.006989568874846298
2,52,4,-0.0063062767078330625
2,53,4,-0.017267537669117806
2,54,4,-0.03247139636892676
2,55,4,-0.019064351768870266
2,56,4,0.03504066031697381
2,57,4,-0.002474972199639495
2,58,4,0.013539748899227695
2,59,4,0.026148770240401263
3,0,4,0.027964017162454592
3,1,4,-0.080306046347165
3,2,4,0.01757893021832909
3,4,4,-0.015987843509553144
3,5,4,-0.04247026577040236
3,6,4,-0.00792797087175542
3,7,4,-0.011533580006687182
3,8,4,0.010202132635861734
3,9,4,-0.04106293804237982
3,10,4,0.018547192213241855
3,11,4,-0.03418690554591006
3,12,4,0.010701775392119826
3,13,4,-0.04256000595314187
3,14,4,-0.018142868677896887
3,15,4,-0.01890179630603118
3,16,4,0.013032461000628602
3,17,4,-0.007543387684470102
3,18,4,-0.014803507672856844
3,19,4,0.011686105488172761
3,20,4,-0.014285230031923887
3,21,4,-0.009293652807102874
3,22,4,-0.021739534741188084
3,23,4,-0.005919709471474928
3,24,4,0.0011613605032073572
3,25,4,0.04067562175390282
3,26,4,-0.010853033130374602
3,27,4,0.002566851023167207
3,28,4,-0.022336002262504623
3,29,4,-0.051201283080694784
3,30,4,-0.025297008100654064
3,31,4,-0.014173578373209211
3,32,4,0.014219901102262487
3,33,4,-0.005875507932152825
3,34,4,0.028977873410478507
3,35,4,0.042042440268074466
3,36,4,0.026024873460815244
3,37,4,-0.010104178212846628
3,38,4,0.0039474425300864025
3,39,4,0.013954109956890837
3,40,4,-0.012642801864971706
3,41,4,0.005395504533406762
3,42,4,-0.004578131491329792
3,43,4,-0.03634719387052268
3,44,4,0.019215224027078696
3,45,4,0.012398295194631603
3,46,4,0.010899137095296985
3,47,4,-0.019319129573904154
3,48,4,-0.018423192588116477
3,49,4,0.018341415315719145
3,50,4,-0.0048385541262781565
3,51,4,-0.021439667801824585
3,52,4,-0.04191170455870428
3,53,4,0.0030890104372505224
3,54,4,0.03172290994832618
3,55,4,-0.022530735512686438
3,56,4,0.002819724505406322
3,57,4,0.008755412518865146
3,58,4,0.00013342261173010015
3,59,4,-0.006343762357669067
4,0,4,0.0012408851555987283
4,1,4,-0.0024785977787718967
4,2,4,0.006357294140212542
4,3,4,0.00790214576996548
4,5,4,-0.01301794900000243
4,6,4,0.03565018077785974
4,7,4,0.0043140245815997845
4,8,4,5.9701041765497964e-05
4,9,4,0.042292460808356164
4,10,4,-0.02124835978377003
4,11,4,0.03700986422787128
4,12,4,-0.009832078820416274
4,13,4,0.004151065078740941
4,14,4,0.01906381976888341
4,15,4,0.007365550277148879
4,16,4,0.0030959303682995386
4,17,4,-0.0019681668146282914
4,18,4,-0.012200290310421365
4,19,4,-0.016456784769301475
4,20,4,0.0012641013057109918
4,21,4,-0.008222564113627658
4,22,4,0.021961948565751566
4,23,4,0.06692242050657315
4,24,4,0.022105056426881715
4,25,4,-0.07427779780015581
4,26,4,0.008048345846884531
4,27,4,-0.003609353742818688
4,28,4,-0.002657715817717661
4,29,4,0.013192536512274757
4,30,4,0.044492482835281635
4,31,4,-0.009081009104906916
4,32,4,0.00041503382362612844
4,33,4,0.027890818551916444
4,34,4,-0.0020571726620435297
4,35,4,0.011966722583716631
4,36,4,-0.01842668732227865
4,37,4,-0.020757194872767996
4,38,4,-0.050468980134902044
4,39,4,-0.06393383113095936
4,40,4,-0.03313745160752251
4,41,4,-0.006716716065950819
4,42,4,0.00987741617721518
4,43,4,0.014892746161348239
4,44,4,0.00017632902912282896
4,45,4,0.015011845959675538
4,46,4,0.021896427430440554
4,47,4,0.027004703678862194
4,48,4,-0.0061902829691420245
4,49,4,-0.02480562658506908
4,50,4,-0.0037838458023628702
4,51,4,0.020063400364342412
4,52,4,-0.012485973609771658
4,53,4,-0.05492101179028335
4,54,4,-0.05606195775393885
4,55,4,-0.005244949858421071
4,56,4,-0.006810080902147545
4,57,4,0.0038721944587778176
4,58,4,0.008689414882070798
4,59,4,0.007274640910962399
5,0,4,0.008094931538818247
5,1,4,0.0035644082983769323
5,2,4,-0.015293754105310153
5,3,4,0.015125114036190405
5,4,4,0.0010371509363342806
5,6,4,-0.00042628441257626685
5,7,4,-0.058379802582039286
5,8,4,-0.0013926344536421816
5,9,4,-0.0012738514992858962
5,10,4,-0.0014538746027701664
5,11,4,-0.0060004393989045255
5,12,4,0.0018953876575972094
5,13,4,0.01141516687731253
5,14,4,0.004960489802343103
5,15,4,0.00372264216457498
5,16,4,-0.007962230514003216
5,17,4,0.005949933857984318
5,18,4,-0.01613494276340257
5,19,4,-0.0047729257726939695
5,20,4,-0.0011948524858063853
5,21,4,0.00010456674319853825
5,22,4,-0.01198085085909149
5,23,4,-0.006523987828782079
5,24,4,-0.014637950677151018
5,25,4,-0.012548979643579174
5,26,4,-0.0017605139335163506
5,27,4,-0.022559561402166
5,28,4,0.0021579242078431215
5,29,4,-0.02094621203948324
5,30,4,0.0031620583406694485
5,31,4,0.016594059346960437
5,32,4,0.013047276569452206
5,33,4,0.00023716854917100235
5,34,4,-0.009444195593281357
5,35,4,-0.04852454122706558
5,36,4,-0.00893874986188297
5,37,4,-0.0005366096923756054
5,38,4,0.0006684029405255085
5,39,4,0.00013135726686804567
5,40,4,0.03678604321365362
5,41,4,0.05446949486806625
5,42,4,0.06070736945065114
5,43,4,0.0074928282056435916
5,44,4,-0.0034387931048794696
5,45,4,0.006443193042016555
5,46,4,-0.003963455322958135
5,47,4,-0.008771096288805645
5,48,4,0.01657351378387388
5,49,4,-0.015362135584843988
5,50,4,0.0024212295261864638
5,51,4,0.008722322914384687
5,52,4,0.014460332160172963
5,53,4,-0.005901851445898923
5,54,4,0.005177655020202395
5,55,4,0.03434014247194119
5,56,4,0.0031179230841138954
5,57,4,0.0007491735878392271
5,58,4,-0.031668555915510044
5,59,4,0.005969226479479987
6,0,4,0.0762638735049717
6,1,4,-0.03858756190079544
6,2,4,0.0416618353610918
6,3,4,-0.028870484911306935
6,4,4,-0.012789988305871185
6,5,4,-0.037216107217124116
6,7,4,-0.030237117815334363
6,8,4,-0.022243290654117405
6,9,4,-0.05064649837867899
6,10,4,-0.002087957330979884
6,11,4,-0.01249466876817348
6,12,4,0.05629854567846178
6,13,4,0.02426017611426197
6,14,4,-0.044044494436871966
6,15,4,-0.005170549244573772
6,16,4,0.016175299939357308
6,17,4,0.013953552898558196
6,18,4,-0.01183942877476692
6,19,4,-0.04271248491842766
6,20,4,0.019071810443734197
6,21,4,-0.018546161012046133
6,22,4,-0.03833166303754468
6,23,4,-0.02442562898525561
6,24,4,0.03426288137975237
6,25,4,0.04097179344336617
6,26,4,-0.0024385730631024736
6,27,4,0.006281758986633237
6,28,4,-0.0051252217647622545
6,29,4,0.011675943509885179
6,30,4,-0.04865336894887387
6,31,4,0.010943545667274963
6,32,4,0.008590358002948785
6,33,4,-0.013299240928776457
6,34,4,0.023821059882950732
6,35,4,-0.00958840125895075
6,36,4,0.016406676353888004
6,37,4,-0.004967239489699234
6,38,4,0.0037680252491376015
6,39,4,0.030093155575273135
6,40,4,-0.008636574798243452
6,41,4,-0.035111091318883715
6,42,4,0.016833991258276514
6,43,4,0.0048581677716866105
6,44,4,-0.02319682240325471
6,45,4,-0.0145247365375532
6,46,4,-0.00936394128753221
6,47,4,-0.026814578437649318
6,48,4,-0.03778498852940164
6,49,4,-0.0005191142472476748
6,50,4,0.009766060415078793
6,51,4,-0.017953076093479736
6,52,4,-0.04848838241784136
6,53,4,-0.013779079966098274
6,54,4,-0.0012607075521016955
6,55,4,-0.020056065719361995
6,56,4,-0.004848542816029656
6,57,4,-0.0035048743588617435
6,58,4,-0.021587978634328386
6,59,4,0.02736475431694549
7,0,4,0.024538098996201196
7,1,4,0.00785250604455649
7,2,4,-0.01678125509151595
7,3,4,-0.10909021605175888
7,4,4,0.024928655746894603
7,5,4,-0.016914259714521325
7,6,4,-0.005936961259949445
7,8,4,-0.016920452242284247
7,9,4,-0.0004650953239280801
7,10,4,0.024173003540954138
7,11,4,-0.041969107411245474
7,12,4,-0.006956936738411855
7,13,4,-0.04559272439137643
7,14,4,0.01317664174231722
7,15,4,-0.007382527450444855
7,16,4,0.03488228383224663
7,17,4,0.015675201032877173
7,18,4,0.016748377460855054
7,19,4,0.008793595595818396
7,20,4,0.004263649458952126
7,21,4,-0.03272754367931832
7,22,4,-0.02389238739673533
7,23,4,-0.015388026366093812
7,24,4,0.004973555436837785
7,25,4,-0.012860520673397628
7,26,4,-0.016051917297317066
7,27,4,-0.028489849126203195
7,28,4,0.007870152361470003
7,29,4,0.06686311430059774
7,30,4,-0.006583675363574737
7,31,4,0.0014628554041945883
7,32,4,-0.015577010593734678
7,33,4,-0.007287047749820181
7,34,4,-0.020857837065609106
7,35,4,-0.013205442200141542
7,36,4,0.04041039364393576
7,37,4,-0.0009352681776899521
7,38,4,0.011149850542094433
7,39,4,-0.008344435078662305
7,40,4,0.0035333893754875114
7,41,4,0.0003405438302985192
7,42,4,-0.004395852478490614
7,43,4,0.03055678638489643
7,44,4,-0.050183837049454616
7,45,4,0.004727615796180957
7,46,4,0.0034604243761275984
7,47,4,-0.01256565403224383
7,48,4,-0.024910508728946505
7,49,4,0.010121176511491282
7,50,4,0.002796444671101077
7,51,4,0.005921565849526204
7,52,4,-0.01102827229043753
7,53,4,-0.023738820497013823
7,54,4,-0.016689800112503247
7,55,4,-0.025446655626127936
7,56,4,-0.021088754057182506
7,57,4,-0.021290301412144903
7,58,4,0.0032832874273661956
7,59,4,0.012971580590933217
8,0,4,-0.009221686987312065
8,1,4,0.0036913868423127626
8,2,4,-0.035591798467277044
8,3,4,-0.0033770775727896686
8,4,4,0.007424899631519098
8,5,4,0.01199981247735508
8,6,4,-0.0244501801562059
8,7,4,0.007800944309399371
8,9,4,0.008544278938175172
8,10,4,0.04621030710785152
8,11,4,-0.0012778712339146393
8,12,4,-0.008937210965337734
8,13,4,0.006571706452941351
8,14,4,0.024356126694068333
8,15,4,-0.01763110046735787
8,16,4,-0.005166509068131009
8,17,4,-0.0032358072748612807
8,18,4,-0.02686120403785931
8,19,4,0.02292040067403691
8,20,4,0.008397066346804108
8,21,4,0.009458386757486439
8,22,4,0.0001232952691589389
8,23,4,0.00443886652484196
8,24,4,-0.023830506365836748
8,25,4,-0.0176996209990826
8,26,4,0.0027236394661381
8,27,4,0.017750812805988177
8,28,4,0.011254975183891375
8,29,4,0.01049512335811129
8,30,4,0.01507671707695604
8,31,4,-0.007448119793919854
8,32,4,0.001604918906812946
8,33,4,-0.00574562638075082
8,34,4,-0.00610830544812131
8,35,4,0.01400304862108443
8,36,4,-0.0030510312889671216
8,37,4,0.015421606596150102
8,38,4,0.005380711438196768
8,39,4,-0.001951238222642107
8,40,4,0.008140401363978842
8,41,4,0.021367042718589406
8,42,4,-0.038361830511559794
8,43,4,0.0005697909068906487
8,44,4,-0.020278742817400577
8,45,4,0.005833565822064652
8,46,4,0.001912262288734327
8,47,4,0.0005145678041902277
8,48,4,0.006692704525658794
8,49,4,0.0038912587955294694
8,50,4,0.0017596346753869893
8,51,4,0.004743275569341186
8,52,4,0.012401557739125366
8,53,4,-0.005694387408363168
8,54,4,-0.003521554189037715
8,55,4,0.004779961052140871
8,56,4,0.003836542948319362
8,57,4,-0.023104521525007422
8,58,4,0.007521126800007518
8,59,4,-0.013692502847221082
9,0,4,-0.029183521460326878
9,1,4,0.07641791682454639
9,2,4,0.00683628778452793
9,3,4,-0.011012155917355297
9,4,4,0.009202739212345056
9,5,4,-0.00018873929327722382
9,6,4,0.003806978384320943
9,7,4,0.011209118899382855
9,8,4,0.01929615172931361
9,10,4,0.001816371715649965
9,11,4,0.0009257185350602823
9,12,4,-0.0021880167257592106
9,13,4,-0.008081435724276156
9,14,4,-0.006470339023384109
9,15,4,-0.00011158439676752256
9,16,4,-0.0016913160444598418
9,17,4,0.01965402875295385
9,18,4,-0.0013848974146551682
9,19,4,0.010860439702227385
9,20,4,-0.0017389209165065338
9,21,4,-0.027559639923724233
9,22,4,0.012547320186676258
9,23,4,0.0030882180600666853
9,24,4,0.012151841530915189
9,25,4,-0.009022944521898358
9,26,4,0.0011449864045056978
9,27,4,-0.0045806537761581435
9,28,4,-0.0015624765231532938
9,29,4,0.0010046250268170949
9,30,4,0.02408563160391106
9,31,4,0.001515625565701444
9,32,4,0.003590526160574821
9,33,4,-0.0007065573226261788
9,34,4,-0.001277502269611705
9,35,4,0.0022094734002056655
9,36,4,0.0016993197843706515
9,37,4,0.01717978232730744
9,38,4,0.00030037849822470456
9,39,4,-0.005434863549368576
9,40,4,0.004286603025238879
9,41,4,-8.051961671417848e-05
9,42,4,0.007019357347369885
9,43,4,0.0029738694885533532
9,44,4,-0.016760306704329014
9,45,4,-0.0024175721688011386
9,46,4,0.010896130907515775
9,47,4,-0.0017417243370048512
9,48,4,0.0007017909171386082
9,49,4,0.0003354855390815519
9,50,4,0.0005378914869060768
9,51,4,0.021151738934892736
9,52,4,0.0015356994985607868
9,53,4,-0.030848484568048277
9,54,4,-0.003886970794169724
9,55,4,-0.0006688753509110485
9,56,4,0.0011692612488553055
9,57,4,0.005481530379431218
9,58,4,0.0001437652637166532
9,59,4,-0.003907426572509655
10,0,4,-0.023902809875567133
10,1,4,-0.01747392688647091
10,2,4,-0.024922679183506026
10,3,4,0.019017131574569305
10,4,4,0.007370966690771902
10,5,4,0.03627876541198347
10,6,4,0.0010350892785993605
10,7,4,-0.0017536486846707125
10,8,4,-0.006676600057355035
10,9,4,0.021521407398772115
10,11,4,-0.01164075843498542
10,12,4,-0.014365174515596107
10,13,4,0.005650022832098957
10,14,4,0.0045931988220994915
10,15,4,0.006746076175889886
10,16,4,-0.006225653188919391
10,17,4,-0.004409911005426175
10,18,4,0.00737651967661672
10,19,4,-0.004378229160468181
10,20,4,0.0003888348911392877
10,21,4,0.03175970493021173
10,22,4,0.01989933714015193
10,23,4,0.019036619731440427
10,24,4,-0.00922804192739024
10,25,4,0.00278763206178865
10,26,4,-0.005561241365412326
10,27,4,-0.0066279214495640944
10,28,4,-0.00027509178418307415
10,29,4,-0.006136286451945339
10,30,4,0.010597932903978185
10,31,4,-0.00990048488533628
10,32,4,0.003239815330318192
10,33,4,-0.00984813933318784
10,34,4,-0.007364067387798728
10,35,4,0.01685861509432458
10,36,4,-0.01687378799080832
10,37,4,0.0005413239955021263
10,38,4,0.02042944285200158
10,39,4,0.003652613390437332
10,40,4,0.004188078340698948
10,41,4,-0.002479287230084847
10,42,4,-0.03455163611890864
10,43,4,-0.00499040134861496
10,44,4,0.018343598846028902
10,45,4,-0.002157649064263302
10,46,4,-0.005896887639219945
10,47,4,0.02030287309985273
10,48,4,0.013980646966013185
10,49,4,0.010598952663305784
10,50,4,0.002820976454980764
10,51,4,-0.007069025824142315
10,52,4,0.030581434377754423
10,53,4,0.015257597026031834
10,54,4,0.006016992176484713
10,55,4,0.021440406258104065
10,56,4,-0.001855930332956255
10,57,4,0.012459754011474219
10,58,4,-0.009490428218512639
10,59,4,-0.0050462848743579175
11,0,4,0.023719643309409007
11,1,4,-0.001212389576054083
11,2,4,-0.0006495323537111337
11,3,4,-0.015894265651290485
11,4,4,-0.022184603867529365
11,5,4,-0.000880742447720836
11,6,4,-0.005884942941416401
11,7,4,-0.014186188727258898
11,8,4,-0.0015235806136178545
11,9,4,-0.018029489765732872
11,10,4,0.0063942099144829075
11,12,4,0.0036091052174140894
11,13,4,-0.006395526977111061
11,14,4,-0.025684015427916405
11,15,4,0.0007561419027233539
11,16,4,-0.011661556407938988
11,17,4,0.004874776670914922
11,18,4,0.003951032118656625
11,19,4,0.012299531411574126
11,20,4,-0.015273072159750415
11,21,4,-0.005241918401939794
11,22,4,-0.00892978433651152
11,23,4,-0.02240174764383035
11,24,4,-0.010468598897328311
11,25,4,-0.005048226624779683
11,26,4,0.005894688120290378
11,27,4,-0.005235461569845095
11,28,4,0.004579847715278422
11,29,4,-0.0020846015831701868
11,30,4,-0.006277771400969745
11,31,4,0.004635134228906783
11,32,4,0.00311538042694008
11,33,4,-0.007886130417769022
11,34,4,0.002441272115830454
11,35,4,-0.009778032976934524
11,36,4,0.010051848110964386
11,37,4,0.0017185455916794317
11,38,4,-0.02113065936743412
11,39,4,0.0011697673122623125
11,40,4,0.008639303214609097
11,41,4,0.0019575453988113323
11,42,4,0.0027891309176418235
11,43,4,0.00023450254028359232
11,44,4,-0.0010174880966930297
11,45,4,0.0005348348370867386
11,46,4,-0.009910699047506591
11,47,4,-0.01746254043996567
11,48,4,0.005182070838637821
11,49,4,-0.0025401277781429026
11,50,4,-0.0018262803997366665
11,51,4,-0.006944309532469635
11,52,4,-0.0003336594670482883
11,53,4,-0.0050845353487802185
11,54,4,-0.0008319918771694549
11,55,4,0.00283571914367614
11,56,4,0.04208052022533769
11,57,4,-0.002654732677501743
11,58,4,-0.0004722696506450162
11,59,4,0.006872573183636219
12,0,4,-0.048414426976094146
12,1,4,0.0133304570887172
12,2,4,-0.002597968216556947
12,3,4,-0.04901440267038635
12,4,4,-0.001502025077495145
12,5,4,0.026350455587314112
12,6,4,0.05012060500528866
12,7,4,0.015481543419856367
12,8,4,-0.01088196883169965
12,9,4,0.025002164876592903
12,10,4,-0.006315513334584566
12,11,4,0.006736138019696133
12,13,4,0.006288462858138428
12,14,4,-0.004057158860785898
12,15,4,-0.0061351115438001095
12,16,4,-0.0008414003466246153
12,17,4,0.011781468399687217
12,18,4,-0.030254134553688767
12,19,4,-0.006845758397286617
12,20,4,0.003856861440630766
12,21,4,0.001473907186789249
12,22,4,-0.0008118502984902143
12,23,4,0.02403251193891969
12,24,4,0.02312036644225775
12,25,4,-0.006067246541746226
12,26,4,-3.092599694236259e-05
12,27,4,0.011431659565292254
12,28,4,0.0035564789493990148
12,29,4,0.030906311546903067
12,30,4,0.0228237729767284
12,31,4,0.005973192049308006
12,32,4,-0.009256740855125444
12,33,4,-0.00023853677381885374
12,34,4,-0.001412675642323796
12,35,4,-0.003275633570171985
12,36,4,-0.007343518345206186
12,37,4,0.0012278391456100744
12,38,4,-0.00859725859012384
12,39,4,0.008509483521459813
12,40,4,-0.01505859959749719
12,41,4,-0.012472778620401952
12,42,4,0.014343317822575412
12,43,4,0.007487619464538655
12,44,4,-0.012771665128912358
12,45,4,0.003474036776218447
12,46,4,-0.0022197568528762772
12,47,4,0.011130117934355258
12,48,4,-0.010087123785600432
12,49,4,0.0016993780323337811
12,50,4,0.00281356730617161
12,51,4,-0.005766271048353032
12,52,4,0.002134840381916597
12,53,4,-0.004081131669001473
12,54,4,-0.00947086019699036
12,55,4,0.013269355940278022
12,56,4,-0.0029720669489469494
12,57,4,-0.004105799446249973
12,58,4,-0.010006568369366958
12,59,4,-0.004027080151301413
13,0,4,-0.04236935403939161
13,1,4,0.027898655246926467
13,2,4,0.04860986812259851
13,3,4,-0.009997580910454319
13,4,4,-0.08051266855809625
13,5,4,0.0039602422252656335
13,6,4,-0.002661709856540756
13,7,4,0.004592988888102337
13,8,4,-0.002580285025209356
13,9,4,0.0017152472844028164
13,10,4,0.018325669047437786
13,11,4,0.016617886758586872
13,12,4,0.028321701661637767
13,14,4,-0.03535591644697942
13,15,4,0.04643000630274806
13,16,4,0.026118171850894212
13,17,4,-0.0021516228795031953
13,18,4,-0.02475509516953608
13,19,4,-0.023023958795166284
13,20,4,-0.0032745665479994124
13,21,4,0.014468381940836217
13,22,4,0.03290676667967814
13,23,4,-0.0019102034097597143
13,24,4,0.003047054058113824
13,25,4,0.023131935645641467
13,26,4,0.009752810582563028
13,27,4,0.009957153353393889
13,28,4,-0.00446004091361998
13,29,4,-0.015654989316266174
13,30,4,-0.005890822470505986
13,31,4,0.017223336754504097
13,32,4,-0.008568964719740006
13,33,4,0.004155965141144832
13,34,4,0.02948106128313658
13,35,4,0.002009688958053599
13,36,4,-0.010703521878301462
13,37,4,0.003463711703569291
13,38,4,0.006317543999580245
13,39,4,0.0400833236766448
13,40,4,-0.005961595679489942
13,41,4,0.000503822815587158
13,42,4,0.03525256879260065
13,43,4,-0.0007331003500865864
13,44,4,-0.01410630024700816
13,45,4,-0.008955530924833938
13,46,4,0.0025254120811379057
13,47,4,0.01106201012032916
13,48,4,-0.024910187586346406
13,49,4,0.00548068949703224
13,50,4,-0.0007056399381486405
13,51,4,-0.00245196300142839
13,52,4,-0.004329225398668222
13,53,4,0.02398764593746903
13,54,4,0.013240202414866996
13,55,4,-0.007016116134846303
13,56,4,0.00019452853122646323
13,57,4,0.020442771172112826
13,58,4,0.00033490238696093594
13,59,4,-0.019805110965000358
14,0,4,0.008173129528403544
14,1,4,0.003525918043744215
14,2,4,-0.03752855596339422
14,3,4,0.017838150759678404
14,4,4,-0.0031484075490995096
14,5,4,0.0009242337429402113
14,6,4,0.0009511415234020092
14,7,4,-0.0313481587702687
14,8,4,-0.0050247326476004234
14,9,4,0.009267793043569372
14,10,4,-0.005999632238979088
14,11,4,0.01995387553769461
14,12,4,-0.014095795676052061
14,13,4,0.013991702572046957
14,15,4,0.004938416406333809
14,16,4,-0.013477926914199502
14,17,4,0.0009910200209907135
14,18,4,0.031044975719808406
14,19,4,-0.0005539443178922115
14,20,4,0.008357931819390027
14,21,4,0.00376976004821447
14,22,4,-0.0048059217357455
14,23,4,-0.0153173613152673
14,24,4,-0.0001298773845080973
14,25,4,0.0063651124767446525
14,26,4,0.008963704414373393
14,27,4,0.005793573086725876
14,28,4,-0.0016702553980344835
14,29,4,-0.014914088357448027
14,30,4,-0.005907727644398253
14,31,4,-0.0009763095241802298
14,32,4,0.004701382302862156
14,33,4,-0.008961477007525608
14,34,4,0.002743863892948897
14,35,4,-0.014249450469874931
14,36,4,-0.0037604341562662066
14,37,4,0.0019966129016080135
14,38,4,-0.005730902006293178
14,39,4,-0.004480574172376041
14,40,4,0.0017998851895352714
14,41,4,-0.0018156670756823033
14,42,4,-0.0006895657557652985
14,43,4,-0.006640515942644753
14,44,4,0.017326032449508273
14,45,4,-0.010872380875054743
14,46,4,-0.008649417432405956
14,47,4,-0.0026706777440087272
14,48,4,0.005326770043382077
14,49,4,-0.0015842529264058604
14,50,4,-0.0020452826624578735
14,51,4,0.012331566610985665
14,52,4,0.00016347325861916986
14,53,4,-0.005402158748840128
14,54,4,-0.0009064822894446891
14,55,4,0.005437847742621336
14,56,4,0.014477339560796897
14,57,4,0.008144978855453355
14,58,4,0.017018991781147078
14,59,4,0.010522588324110968
15,0,4,0.05955923130774809
15,1,4,-0.017983741385280846
15,2,4,0.019871565844509224
15,3,4,0.020313182194679123
15,4,4,-0.0040887092661422465
15,5,4,0.025121723456688887
15,6,4,-0.003655282465355799
15,7,4,-0.03151974822159774
15,8,4,-0.006117733969477832
15,9,4,-0.034788169221136915
15,10,4,-0.012010037365148512
15,11,4,0.00063513543132139
15,12,4,0.0070013525184243666
15,13,4,0.01708217383782726
15,14,4,-0.00164222076221044
15,16,4,-0.021489601168584668
15,17,4,-0.006424292816611889
15,18,4,0.011518790576597604
15,19,4,-0.02282555262186934
15,20,4,-0.0057003049766761
15,21,4,-0.004695194591193703
15,22,4,0.007855125551057374
15,23,4,-0.02052219770814817
15,24,4,0.0006225195572508967
15,25,4,0.0011782396979738276
15,26,4,-0.001999081242478168
15,27,4,-0.014865901854912569
15,28,4,-0.011908389687595876
15,29,4,0.017414303195167197
15,30,4,-0.03264651742367226
15,31,4,-0.009126441041715002
15,32,4,0.015599468288753547
15,33,4,0.0009617790231043399
15,34,4,0.010154229975716427
15,35,4,0.0050593082446741084
15,36,4,-0.002872684467233025
15,37,4,8.243459480045427e-05
15,38,4,0.025981522840044017
15,39,4,0.003617666157281089
15,40,4,-0.004304485711614009
15,41,4,-0.003629500653387776
15,42,4,0.009053994012113726
15,43,4,0.027172051531083933
15,44,4,0.004354410060510159
15,45,4,-0.009475899215928093
15,46,4,-0.018992861426932975
15,47,4,-0.004529175797482657
15,48,4,0.010621843861272334
15,49,4,-0.006384109678842315
15,50,4,-0.0009149210594345406
15,51,4,-0.010749653845426282
15,52,4,0.0010092324721096791
15,53,4,0.004224383396807516
15,54,4,0.025838837896845216
15,55,4,-0.005593550372633106
15,56,4,0.005323347401757335
15,57,4,0.020465917605907998
15,58,4,0.015263134033704927
15,59,4,0.002077418661387934
16,0,4,-0.0037760786179784475
16,1,4,-0.02788223535559306
16,2,4,-0.007530196501545303
16,3,4,-0.024240018542304446
16,4,4,0.033214825071609895
16,5,4,0.010900288179289364
16,6,4,0.009922352268659604
16,7,4,-0.0008352053988222815
16,8,4,-0.009269386454824863
16,9,4,0.027288023692775318
16,10,4,0.011152097442722242
16,11,4,0.01041529311815766
16,12,4,-0.014778157443266689
16,13,4,0.012489342978697663
16,14,4,0.0014802972807158189
16,15,4,0.007208150399520504
16,17,4,-0.001124841172762148
16,18,4,0.0059435762883581515
16,19,4,-0.006706409760807278
16,20,4,0.004956489992608066
16,21,4,0.0052090955918315425
16,22,4,0.006735601104909497
16,23,4,0.009971940167931514
16,24,4,0.002580138911725568
16,25,4,-0.006660558664768912
16,26,4,0.0030564020234991034
16,27,4,-0.0018759885273791665
16,28,4,0.02567458029588804
16,29,4,0.002209679135365551
16,30,4,0.010244054032981308
16,31,4,0.026313848520356897
16,32,4,-0.0025365518235573566
16,33,4,0.0011929006574399824
16,34,4,-0.006443785819163335
16,35,4,-0.0061837986665447126
16,36,4,-0.001753140381832264
16,37,4,-0.0029161823873343528
16,38,4,-0.009999075227287796
16,39,4,-0.01289844052629685
16,40,4,-0.0060703287738226195
16,41,4,-0.0034503663783546547
16,42,4,-0.003077587770224716
16,43,4,0.005618431194244507
16,44,4,-0.00028241519809674327
16,45,4,-0.000629724572992511
16,46,4,0.012584891194253829
16,47,4,0.016555444200543726
16,48,4,-0.01317238760916413
16,49,4,-0.008242402511463692
16,50,4,0.0018198839570748642
16,51,4,-0.006192675857421048
16,52,4,0.0056267665583566474
16,53,4,-0.00935824583296779
16,54,4,-0.007375363904224808
16,55,4,0.009089013887736993
16,56,4,0.006297822849091675
16,57,4,0.000955482548110309
16,58,4,-0.006261385721001097
16,59,4,0.0025085020018584783
17,0,4,-0.018768887484540205
17,1,4,-0.0009235951458911058
17,2,4,0.00451508717107898
17,3,4,-0.018697287445937804
17,4,4,-0.008789325899024113
17,5,4,-0.019704500399636664
17,6,4,0.0238952522000031
17,7,4,0.001781280904471754
17,8,4,-0.06209022755528795
17,9,4,0.008488881908745924
17,10,4,-0.007703798748958467
17,11,4,0.008077481513978958
17,12,4,0.014066991722248852
17,13,4,0.0029935822237944203
17,14,4,0.0047993808860445995
17,15,4,-0.004835812175789286
17,16,4,0.002558284765832303
17,18,4,-0.0027463780252765723
17,19,4,0.006277704360538191
17,20,4,0.0054772126489809605
17,21,4,-0.017771967380419147
17,22,4,-0.014497765698198582
17,23,4,0.012798587891490298
17,24,4,0.022342345728331183
17,25,4,0.00368630774826596
17,26,4,0.004824970225731193
17,27,4,0.005446256201044674
17,28,4,0.002784572088696373
17,29,4,0.0019393020243782194
17,30,4,-0.0005714669771254824
17,31,4,0.027171884672038783
17,32,4,-0.001323207315751764
17,33,4,-0.03338596430141262
17,34,4,0.004677324412370152
17,35,4,-0.01012947171949255
17,36,4,-0.007625263348745439
17,37,4,-0.02054177700708088
17,38,4,-0.012615386297930636
17,39,4,0.007934498131152837
17,40,4,-0.0001346443053700925
17,41,4,-0.019408137326402217
17,42,4,0.022639654602839402
17,43,4,-0.0004142389586627112
17,44,4,0.021118231467874865
17,45,4,0.0010503381575166977
17,46,4,-0.010932261218853042
17,47,4,0.002566687573231618
17,48,4,-0.00428980393880518
17,49,4,0.012334377941575776
17,50,4,-0.00963799583992509
17,51,4,-0.007856486701885448
17,52,4,0.00034285263292733233
17,53,4,-0.013178635747336322
17,54,4,-0.015755303069125592
17,55,4,-0.006386568645398738
17,56,4,0.019035213861662455
17,57,4,-0.002851478483609256
17,58,4,0.0014804485494565843
17,59,4,0.011673939191792859
18,0,4,0.016342912659329835
18,1,4,-0.0034653606337100894
18,2,4,0.021842568459778562
18,3,4,0.038883190489764435
18,4,4,-0.00918610164437834
18,5,4,-0.018295386402110817
18,6,4,0.018120621515873986
18,7,4,-0.04449446788857473
18,8,4,0.0024463569896756602
18,9,4,-0.017466359378633608
18,10,4,-0.0006937732491318722
18,11,4,0.0012064515800062582
18,12,4,0.003510336707498391
18,13,4,0.01803620175968989
18,14,4,-0.010053692649925238
18,15,4,0.03244636807326855
18,16,4,-0.011241257399370142
18,17,4,-0.0062643452959570455
18,19,4,-0.052559150562398134
18,20,4,0.011612727429669498
18,21,4,-0.0016025407847187173
18,22,4,-0.0014402147792834377
18,23,4,-0.02145238267611492
18,24,4,-0.014381577617561368
18,25,4,0.029075835345988888
18,26,4,0.0013752080762958491
18,27,4,0.016383288099710045
18,28,4,-3.72469231941174e-06
18,29,4,-0.013533611513914917
18,30,4,-0.003069118265031207
18,31,4,0.0023980738931595235
18,32,4,0.004984694443425485
18,33,4,-0.007010904149365056
18,34,4,0.017244338032900094
18,35,4,-0.006736416573593898
18,36,4,-0.010305094296647176
18,37,4,-0.009362084314225616
18,38,4,0.0077903289558365054
18,39,4,0.01452118993414109
18,40,4,-0.016807180140371036
18,41,4,-0.006169752365173506
18,42,4,0.013727172081804006
18,43,4,-0.0061664618789125086
18,44,4,0.010315596901212865
18,45,4,-0.017016526343328297
18,46,4,-0.0177064325649307
18,47,4,0.0009297427093208418
18,48,4,-0.004473267592436971
18,49,4,-0.00992845045602496
18,50,4,-0.0018560841350253499
18,51,4,-0.0020267290952503784
18,52,4,-0.01103393974927487
18,53,4,-0.0028153484851038144
18,54,4,0.010455263209752597
18,55,4,-0.02077918317206324
18,56,4,0.0018412563716848525
18,57,4,0.007201949810799878
18,58,4,0.00874311434802605
18,59,4,-0.0047943103827043495
19,0,4,-0.054212788125806606
19,1,4,-0.021851679374208254
19,2,4,-0.015894968778070465
19,3,4,0.005227936596374171
19,4,4,0.003515533940341
19,5,4,0.006185873598832678
19,6,4,-0.005727509919801928
19,7,4,0.010205599340061964
19,8,4,-0.006800528316951572
19,9,4,0.030170225402792485
19,10,4,-0.009057399969580299
19,11,4,0.0009542200529596582
19,12,4,-0.012060272967682677
19,13,4,-0.014332432533898628
19,14,4,0.028632370786661077
19,15,4,-0.007907185189238247
19,16,4,-0.0009644962942693281
19,17,4,-0.0009243603114857718
19,18,4,-0.010303909203600994
19,20,4,-0.013289645561233307
19,21,4,0.009622688506494543
19,22,4,-0.00573388694978977
19,23,4,-0.0030902231048775767
19,24,4,0.002078814973683806
19,25,4,-0.006694087584818723
19,26,4,0.0010389676608056964
19,27,4,0.0006137195361128698
19,28,4,0.00321915031968176
19,29,4,-0.005224956055484354
19,30,4,0.038403799283411554
19,31,4,0.004669751311711195
19,32,4,-0.01016096636466703
19,33,4,0.004848248859003836
19,34,4,0.0008821217434845691
19,35,4,-0.00261067432132761
19,36,4,-0.004676058508298718
19,37,4,0.00010137950114533917
19,38,4,-0.02024757761191157
19,39,4,-0.009621655186397146
19,40,4,0.012858223112552953
19,41,4,0.0005853070649222535
19,42,4,0.0013755498884995719
19,43,4,0.0017504552243268695
19,44,4,0.0013152474000944767
19,45,4,0.03234502094606337
19,46,4,0.005780533384746802
19,47,4,0.013339464742440061
19,48,4,0.010395757389950392
19,49,4,0.0029272377911415642
19,50,4,-0.018990432420215177
19,51,4,0.01328644864504704
19,52,4,0.010245903780237833
19,53,4,-0.00015107207936266957
19,54,4,-0.011557632111761388
19,55,4,0.0006756239842151894
19,56,4,-0.00939312666681886
19,57,4,-0.000717281634410611
19,58,4,0.005051431978947173
19,59,4,-0.008114841676463756
20,0,4,0.00601068220541767
20,1,4,0.01161778928267871
20,2,4,0.02594591525124393
20,3,4,0.0174566740545109
20,4,4,-0.008555101457744347
20,5,4,-0.023876843715330172
20,6,4,0.029820372585896485
20,7,4,0.0058655745116336045
20,8,4,-0.005961339310363157
20,9,4,-0.021379153559895742
20,10,4,-0.026776140592151325
20,11,4,-0.0013384191622343169
20,12,4,0.007208677564848441
20,13,4,-0.007426770818093053
20,14,4,-0.009784246523116477
20,15,4,-0.007476787108823539
20,16,4,-0.01530177120427707
20,17,4,0.0056363541604570865
20,18,4,-0.004900227688538813
20,19,4,-0.01338469216868161
20,21,4,-0.023844513138325238
20,22,4,-0.013596135059012958
20,23,4,0.008736239610737195
20,24,4,0.014845918723129544
20,25,4,0.010804795544565688
20,26,4,-0.008320283525117003
20,27,4,0.006880007300815915
20,28,4,0.005071188085475511
20,29,4,-0.00038641203691782257
20,30,4,-0.0007638425219940702
20,31,4,0.006545121920285168
20,32,4,-0.0021805570399972994
20,33,4,0.010073101208849657
20,34,4,-0.003535299116628471
20,35,4,0.0030747182055579853
20,36,4,0.011836240616377173
20,37,4,-0.04807054290183152
20,38,4,0.0012248939965329936
20,39,4,0.01041069337496741
20,40,4,-0.0024364839468391367
20,41,4,0.013643734851113155
20,42,4,0.05391684874130141
20,43,4,-0.015466115960290055
20,44,4,-0.009919149428459874
20,45,4,-0.003615672288132257
20,46,4,0.0052562971118473864
20,47,4,-0.016945422093905375
20,48,4,-0.013711769502426087
20,49,4,-0.001618165440431116
20,50,4,-0.009969508992520902
20,51,4,-0.002215928758136487
20,52,4,-0.00013380002510100623
20,53,4,-0.003855296304286348
20,54,4,-0.0014261607696378054
20,55,4,-0.0137273903216066
20,56,4,0.022527382953822138
20,57,4,-0.005503561664615442
20,58,4,-0.0016900282602010754
20,59,4,0.002394436931032435
21,0,4,0.07327202585064524
21,1,4,-0.03646094693564016
21,2,4,-0.00202794566806191
21,3,4,-0.003666165453310749
21,4,4,-0.00024812524690025206
21,5,4,-0.005492759657272468
21,6,4,-0.029962583268195363
21,7,4,-0.04308552639884855
21,8,4,-0.009957362553481968
21,9,4,-0.07098132850271655
21,10,4,0.01219949520142963
21,11,4,-0.01232892436811444
21,12,4,7.797468697885376e-05
21,13,4,-0.010862434185817465
21,14,4,0.0009270994354769703
21,15,4,0.026642807059825177
21,16,4,-0.015407624734082921
21,17,4,-0.009043077120139171
21,18,4,0.008542924155802881
21,19,4,0.00238125378122462
21,20,4,-0.0027554174222101683
21,22,4,-0.008554632088256423
21,23,4,-0.054742723580884424
21,24,4,-0.02988142088573341
21,25,4,0.011374509845277436
21,26,4,-0.003115061929982151
21,27,4,-0.013951212113574946
21,28,4,0.00434910898507165
21,29,4,0.010975872623921995
21,30,4,-0.02725288925081999
21,31,4,0.012444276872812953
21,32,4,0.013656115964351075
21,33,4,-0.032154449838003016
21,34,4,-0.003042059901504431
21,35,4,-0.0009516547875853587
21,36,4,0.0014568969561984744
21,37,4,-0.003952179906744869
21,38,4,0.02155295194575287
21,39,4,0.005111767470831048
21,40,4,-0.001667138285502348
21,41,4,0.0054180506592700056
21,42,4,-0.0023783729700988035
21,43,4,-0.0005678759971387459
21,44,4,0.020279619557277386
21,45,4,0.0003039886160722006
21,46,4,-0.042347239623236096
21,47,4,-0.011866425030701544
21,48,4,0.014031413585690574
21,49,4,-0.0006626201207619209
21,50,4,-0.006368611164673828
21,51,4,-0.00965857530215481
21,52,4,0.01201719869487007
21,53,4,0.002298842577392618
21,54,4,0.015177271411030565
21,55,4,-0.011680088648678021
21,56,4,0.013858165106151323
21,57,4,-0.004088621667861982
21,58,4,0.008470736713031399
21,59,4,-0.0018368441015573262
22,0,4,-0.023884055775802365
22,1,4,-0.037794193753764624
22,2,4,-0.024153923573544886
22,3,4,0.04387284784874666
22,4,4,-0.00989684748803476
22,5,4,0.02169940214072267
22,6,4,-0.015867404714542253
22,7,4,-0.010678167534563144
22,8,4,0.007133062888086338
22,9,4,-0.0016026421197452324
22,10,4,-0.008740683550817896
22,11,4,-0.004278079328438061
22,12,4,-0.01839048654318437
22,13,4,0.018805989297971767
22,14,4,0.01271384547437986
22,15,4,0.01291785189047384
22,16,4,-0.008521665421792154
22,17,4,-0.023168312164026747
22,18,4,-0.012871819864005117
22,19,4,-0.014481165416860836
22,20,4,-0.024693458056657524
22,21,4,-0.005881013994001889
22,23,4,0.01885110813681233
22,24,4,-0.0005083600671139798
22,25,4,0.00021597436406614774
22,26,4,-0.01732895064677655
22,27,4,-0.021956878674572897
22,28,4,-0.00607393591216214
22,29,4,-0.01210372679144001
22,30,4,0.008961903839780032
22,31,4,-0.016137049098759872
22,32,4,0.0033691218529652454
22,33,4,0.004679499053567855
22,34,4,-0.012471707570439463
22,35,4,0.011563004065861504
22,36,4,0.006613461305951831
22,37,4,-0.0004620070719888597
22,38,4,-0.008892805889890797
22,39,4,-0.025317159115949145
22,40,4,0.004791480258863707
22,41,4,0.0026239381185901556
22,42,4,-0.00684356832926599
22,43,4,0.017747700877783695
22,44,4,0.012964653065793683
22,45,4,0.018965107900610196
22,46,4,0.0031595221477778886
22,47,4,0.0007941184410238007
22,48,4,0.02203190957141224
22,49,4,0.001742726485551951
22,50,4,0.0006666962276994834
22,51,4,0.0032630773777782307
22,52,4,0.010329032844132929
22,53,4,0.026707869684416356
22,54,4,0.011274717803292648
22,55,4,0.009885063641875216
22,56,4,-0.003149109772882803
22,57,4,0.011813300607462439
22,58,4,0.00017894874124476488
22,59,4,0.00042477290713749177
23,0,4,-0.012575139847884957
23,1,4,-0.020753124141326802
23,2,4,0.01829012335708742
23,3,4,0.012062847911267247
23,4,4,-0.00493788133148268
23,5,4,0.004065194398527744
23,6,4,-0.014260063273429985
23,7,4,0.006957532480482249
23,8,4,0.0049478659887985015
23,9,4,-0.0051535935638162556
23,10,4,-0.025260312027756682
23,11,4,0.004073609371308064
23,12,4,0.0006979204970067288
23,13,4,0.014716459992673795
23,14,4,0.0008382591471097229
23,15,4,0.021205403091980084
23,16,4,0.003828602698562029
23,17,4,-0.006747540100974167
23,18,4,-0.0028896898791596634
23,19,4,-0.01452397884009729
23,20,4,-0.004703942627311833
23,21,4,0.008610331529205224
23,22,4,0.028162085324673753
23,24,4,0.007735272470723038
23,25,4,-0.0006220049739745033
23,26,4,-0.007131586267481284
23,27,4,-0.01969621084232312
23,28,4,-0.0004955690795336429
23,29,4,0.02258117960807042
23,30,4,-0.0347022265700775
23,31,4,-0.015909072524221284
23,32,4,-0.00841609534153645
23,33,4,0.07352385843893766
23,34,4,-0.014308676728697494
23,35,4,0.022125055499026988
23,36,4,0.01455228894101767
23,37,4,-0.002213465808542179
23,38,4,-0.005021960123973502
23,39,4,-0.010676488668872127
23,40,4,-0.007511922425563446
23,41,4,0.011716674588358683
23,42,4,0.011834285588556202
23,43,4,0.03643381321639884
23,44,4,-0.004880643756585472
23,45,4,0.023422294128820013
23,46,4,0.028870220734613733
23,47,4,0.006470731005466733
23,48,4,0.004156736461420665
23,49,4,-0.00882571721261317
23,50,4,-0.0014183123050272753
23,51,4,-0.002552247241094941
23,52,4,0.005623660208918087
23,53,4,0.047708013852947054
23,54,4,0.0018980062364097469
23,55,4,-0.0030009612600622737
23,56,4,-0.003324141901943428
23,57,4,0.006787234705263333
23,58,4,0.002065502971826375
23,59,4,-0.0010637919315178513
24,0,4,-0.017213781979855625
24,1,4,0.014000703159531993
24,2,4,0.006130648824082886
24,3,4,-0.015203270976435812
24,4,4,-7.149425044949542e-05
24,5,4,-0.010209791549839833
24,6,4,-0.004046346731560624
24,7,4,0.02860481911954615
24,8,4,-0.017229679821397396
24,9,4,0.017897654254548145
24,10,4,0.013751989069155531
24,11,4,0.0009416886205734111
24,12,4,0.0335093916182753
24,13,4,-0.011501975885909744
24,14,4,0.006514066456008753
24,15,4,-0.014597272825563485
24,16,4,0.012431375270618333
24,17,4,0.0218436442761119
24,18,4,-0.006898099884992513
24,19,4,0.011375187773905306
24,20,4,0.0024640192487049195
24,21,4,-0.022478198384671945
24,22,4,-0.02715748446008346
24,23,4,0.01285378766729767
24,25,4,0.005544344877692835
24,26,4,0.006416780312471106
24,27,4,0.009265690882236641
24,28,4,-0.0058719547391584805
24,29,4,0.011365653048337442
24,30,4,0.0072747217877632804
24,31,4,0.0003169950228253065
24,32,4,-0.007742189461387693
24,33,4,-0.0028820473544156886
24,34,4,0.00019825207355078428
24,35,4,0.00015247121888967318
24,36,4,-0.003721576931631716
24,37,4,0.007741585734908977
24,38,4,-0.012864945111184318
24,39,4,0.006974864045515268
24,40,4,-0.0028451804887229567
24,41,4,0.0011947567908192093
24,42,4,0.002438635610987089
24,43,4,0.0015755136467789626
24,44,4,-0.007225030665789818
24,45,4,-0.015651002295271037
24,46,4,0.003311879353129297
24,47,4,-0.0005824063713826889
24,48,4,-0.005986829314722972
24,49,4,0.0074503718014428824
24,50,4,0.001198794468106383
24,51,4,0.0025188100805217505
24,52,4,-0.0019652302311292504
24,53,4,-0.0067849259961899585
24,54,4,-0.014362097051502612
24,55,4,-0.003788451533615156
24,56,4,0.010212345848305188
24,57,4,-0.0044864598422401265
24,58,4,0.005668156567083954
24,59,4,0.0005566523247615766
25,0,4,-0.010954099423221626
25,1,4,0.0179065511407946
25,2,4,0.012684369240451066
25,3,4,-0.008083875220128753
25,4,4,-0.0355210878683262
25,5,4,-0.0016531270513293664
25,6,4,0.013412530367568806
25,7,4,0.002081878704023909
25,8,4,0.004466515541955849
25,9,4,-0.0042866379616394905
25,10,4,-0.007114020265616675
25,11,4,-0.013110754410797868
25,12,4,0.000875244613694798
25,13,4,-0.006878782140067141
25,14,4,-0.011070445758126372
25,15,4,0.0038526200993118796
25,16,4,0.002526454235083172
25,17,4,0.0049989160871143044
25,18,4,-0.004419926108008821
25,19,4,-0.008829881826785986
25,20,4,0.002440038115433262
25,21,4,-0.0005313705349805165
25,22,4,0.0024925455132423276
25,23,4,-0.014062089310128032
25,24,4,0.0013601409666968017
25,26,4,-0.004284833018637031
25,27,4,-0.0014798971704368972
25,28,4,-0.0003497876393300748
25,29,4,0.0005093543682720277
25,30,4,-0.004230926340223181
25,31,4,0.0033858720919827663
25,32,4,-0.0039232304127088755
25,33,4,-0.002149275219831488
25,34,4,0.00166004188175372
25,35,4,-0.005002716158815884
25,36,4,0.0008970732146113267
25,37,4,0.004173778740097487
25,38,4,0.0124755260387989
25,39,4,0.018087516538126066
25,40,4,0.005659462776516992
25,41,4,-0.003073706699495033
25,42,4,0.006120674153918412
25,43,4,0.0023950626272114736
25,44,4,-0.013727297542490559
25,45,4,-0.0012307674815535325
25,46,4,-0.004270352641791528
25,47,4,-0.0007852798007448253
25,48,4,-0.0014739952527273806
25,49,4,-0.003416301586647556
25,50,4,-0.0009815937022590979
25,51,4,0.004067869920022709
25,52,4,-0.003119055672972505
25,53,4,0.010870952172073988
25,54,4,0.002210083913396096
25,55,4,-0.0050333182668073516
25,56,4,-0.005303511823461953
25,57,4,-0.0002445714258052777
25,58,4,-0.003212097721790937
25,59,4,-0.005274030095532032
26,0,4,0.036312244078614456
26,1,4,0.002228896198401784
26,2,4,-0.008278293971858244
26,3,4,0.01106852894215824
26,4,4,0.006386222746437197
26,5,4,0.001165838995005377
26,6,4,-0.0016281159944157228
26,7,4,0.0029449173208174017
26,8,4,0.012244154867061053
26,9,4,-0.00927386121682788
26,10,4,0.003077834818936882
26,11,4,-0.007216772811286422
26,12,4,-0.0005100332984997868
26,13,4,0.0014699193883883177
26,14,4,0.011300128933394347
26,15,4,-0.007968268695579069
26,16,4,0.00011663815664835191
26,17,4,0.006129830136597686
26,18,4,0.014774606960353943
26,19,4,0.012051312248189405
26,20,4,0.004142433114648591
26,21,4,-0.001500373271488479
26,22,4,-0.024002830444757456
26,23,4,0.0005143743758198671
26,24,4,-0.005605830087299482
26,25,4,-0.008993783048886417
26,27,4,0.0029512046101756676
26,28,4,0.0027082678463182185
26,29,4,0.001066990604375813
26,30,4,-0.016131807131340815
26,31,4,-0.0013201774900328306
26,32,4,0.003700019785674672
26,33,4,0.0028428829213672253
26,34,4,-0.01795046443978057
26,35,4,0.003237118279836654
26,36,4,-0.006453256787801707
26,37,4,0.010250136544590291
26,38,4,0.015299037486354534
26,39,4,0.0035819797144851146
26,40,4,0.0058826612331231865
26,41,4,0.0008755256527555461
26,42,4,-0.018636794283809103
26,43,4,-0.0004433549289724445
26,44,4,2.6552439858514628e-05
26,45,4,-0.004928391038599711
26,46,4,0.00428669215744818
26,47,4,-0.01307314686363751
26,48,4,0.005963384602950856
26,49,4,0.001247544902610394
26,50,4,0.0020984561735903247
26,51,4,0.001422068397787693
26,52,4,0.004153327098496702
26,53,4,-0.0040091214922939045
26,54,4,0.00010981711396358763
26,55,4,0.002258993846681436
26,56,4,-0.008203033053929724
26,57,4,-0.004540734328237105
26,58,4,0.0018495020637019498
26,59,4,0.007705532194050435
27,0,4,0.003476754317169541
27,1,4,0.005660737740191875
27,2,4,0.018809050707019336
27,3,4,-0.021316766014902743
27,4,4,-0.01079172218191347
27,5,4,0.009830174464200384
27,6,4,0.006739904770532659
27,7,4,-0.024824251427170464
27,8,4,-0.003356320058606836
27,9,4,-0.011435292556653908
27,10,4,-0.0006696183357120144
27,11,4,-0.003135116957448421
27,12,4,0.008239843829924128
27,13,4,-0.0039626377823345675
27,14,4,-0.005672825583035096
27,15,4,0.005653277905572301
27,16,4,0.0023101453255982263
27,17,4,0.010362424862413573
27,18,4,0.02098956287289504
27,19,4,0.006063238111015876
27,20,4,0.015571830553296181
27,21,4,-0.0026656722175315865
27,22,4,-0.008944025940466182
27,23,4,-0.017628767312563756
27,24,4,-0.01081209242400134
27,25,4,0.0032758105294016094
27,26,4,0.0022608099851577426
27,28,4,0.002626334263413405
27,29,4,-0.003975296912532785
27,30,4,-0.007320883464811884
27,31,4,0.020187368500315633
27,32,4,0.0011241778198269694
27,33,4,-0.001859919181741553
27,34,4,0.0015738887133660198
27,35,4,-0.01779912617671052
27,36,4,0.003843196790185339
27,37,4,-0.0024667041873549303
27,38,4,-0.0010499249379136303
27,39,4,0.008968711154743477
27,40,4,0.011710178578167876
27,41,4,-0.0050798711535958736
27,42,4,0.027064599860589428
27,43,4,-0.014734374148852945
27,44,4,-0.0033641817658328337
27,45,4,0.0021440691539774963
27,46,4,0.003528607361878499
27,47,4,-0.006266657160721555
27,48,4,-0.01331407182615689
27,49,4,-0.007868471015279587
27,50,4,-0.007944152584068732
27,51,4,-0.00155917243373115
27,52,4,-0.006462441756038283
27,53,4,-0.0046086431382316925
27,54,4,-0.0065720013384903435
27,55,4,-0.005032165399590881
27,56,4,0.011763203052834096
27,57,4,-0.0003288827765660916
27,58,4,-0.006429224452053424
27,59,4,0.0027924006255581387
28,0,4,-0.0018187716282149972
28,1,4,0.007579534037695341
28,2,4,0.017264604970392908
28,3,4,0.0065429961709111625
28,4,4,-0.011218638285106006
28,5,4,0.0056351489149983796
28,6,4,0.0011779521710999444
28,7,4,-0.0032763501649084306
28,8,4,0.003877485788586708
28,9,4,-0.009163136543956736
28,10,4,-0.0007365699057429212
28,11,4,-0.003684797327295816
28,12,4,-0.020677215864102056
28,13,4,-0.013601994586631756
28,14,4,-0.008139931758931764
28,15,4,0.010903115462351837
28,16,4,-0.0010295707528189177
28,17,4,0.003111940894690342
28,18,4,0.002933568680216019
28,19,4,0.0021898167304249877
28,20,4,0.017498443682110763
28,21,4,-0.0032421517623323274
28,22,4,-0.0017353993118384078
28,23,4,0.004954747915209043
28,24,4,-0.009054701583614693
28,25,4,-0.001952444460135996
28,26,4,-0.007430356870276919
28,27,4,0.0012078326499646301
28,29,4,-0.0023604103792226965
28,30,4,0.013781926637385762
28,31,4,-0.0017417522056981107
28,32,4,-0.002783436019047617
28,33,4,-0.0036799975122326243
28,34,4,0.00039082977381512795
28,35,4,0.003142641953195496
28,36,4,0.012506939498830406
28,37,4,-0.015578908062889477
28,38,4,-0.008298273045034542
28,39,4,0.004974640045150019
28,40,4,0.0006150186537328254
28,41,4,0.00042727799664545
28,42,4,0.009523691221207182
28,43,4,-0.00540611116840607
28,44,4,-0.012961910166080559
28,45,4,-0.0032851338930260767
28,46,4,-0.0032445211462689733
28,47,4,-0.00087864055045421
28,48,4,-0.0171249905331004
28,49,4,-0.00875851497398795
28,50,4,-0.05391489654770584
28,51,4,-0.011992584310698093
28,52,4,-0.006226418172340707
28,53,4,-0.0006723951849633674
28,54,4,0.03152702314753773
28,55,4,-0.006633812643250869
28,56,4,0.004446644295033908
28,57,4,0.0012672757138802808
28,58,4,-0.015569650922069422
28,59,4,-0.01772092672691483
29,0,4,0.03401535675273776
29,1,4,-0.0046261656476706044
29,2,4,0.02215862254874226
29,3,4,-0.007068678946976989
29,4,4,-0.0004230192680644202
29,5,4,-0.017649029793307014
29,6,4,0.0027309776296372172
29,7,4,0.008866155295290378
29,8,4,-0.004453408573291932
29,9,4,-0.02432660908883217
29,10,4,-0.024384298361833926
29,11,4,-0.0003183330455893403
29,12,4,0.014289555892967628
29,13,4,0.0014667168383154135
29,14,4,0.0019444882547343433
29,15,4,-0.004853380184030781
29,16,4,0.006957559082999233
29,17,4,0.00030394889226612433
29,18,4,0.0018594171504010878
29,19,4,-0.002098307503951082
29,20,4,0.001414656982998464
29,21,4,-0.013072401796553734
29,22,4,-0.010572168107262065
29,23,4,-0.01475456064034718
29,24,4,0.0014240250995273523
29,25,4,-0.0002573881339078123
29,26,4,0.0006375138245917601
29,27,4,-0.007334639096033569
29,28,4,0.0017213840384091674
29,30,4,-0.030442718481448496
29,31,4,0.006850212883453362
29,32,4,0.007955096352690382
29,33,4,-0.0017745069294480085
29,34,4,0.006616832236717814
29,35,4,-0.004127737732359422
29,36,4,0.005260441798465281
29,37,4,-0.0009950964451205572
29,38,4,0.0024621064352651255
29,39,4,0.0025169024838906403
29,40,4,-0.0027142496130615067
29,41,4,-0.0019089190548308302
29,42,4,0.012325041841688306
29,43,4,0.004157773872203128
29,44,4,-0.016990286343680872
29,45,4,0.002395036995587311
29,46,4,0.0033110481747170555
29,47,4,-0.013670918384003312
29,48,4,-0.006885345414051164
29,49,4,0.00442072799727015
29,50,4,-0.002860459759213048
29,51,4,-0.000841897649501271
29,52,4,-0.007849197988609377
29,53,4,-0.0061048037559908105
29,54,4,-0.0033808362279835443
29,55,4,-0.012117925417265573
29,56,4,-7.573136246065253e-05
29,57,4,-0.005611639241334091
29,58,4,0.0017480928928830153
29,59,4,0.008325273199153112
30,0,4,0.005968306218815739
30,1,4,0.0011633493362701423
30,2,4,-0.010183051829311722
30,3,4,-0.0020290917793413556
30,4,4,0.00015461552540701277
30,5,4,-0.006115811425275451
30,6,4,-0.0056082933303836045
30,7,4,0.005543458732343956
30,8,4,0.003194660627190933
30,9,4,-0.0014187482681125953
30,10,4,-0.0015245637180908494
30,11,4,-0.0001023243488144944
30,12,4,-0.009652059705182157
30,13,4,-0.0012075273528105834
30,14,4,0.007423435668437717
30,15,4,-0.00858877476321961
30,16,4,-0.001955227113352348
30,17,4,-0.003719780766648553
30,18,4,-0.0092966704334547
30,19,4,0.009387640513704375
30,20,4,-0.002389553232015488
30,21,4,-0.00018387902763037896
30,22,4,-0.0033733597932622526
30,23,4,-0.005058369887265246
30,24,4,-0.009547597417043408
30,25,4,-0.004771367276023674
30,26,4,-0.0010408126558283826
30,27,4,0.0005395133412292279
30,28,4,0.0003208266536403589
30,29,4,0.004950648008482318
30,31,4,-0.0008990849084297747
30,32,4,-0.0012912361810833294
30,33,4,-0.007450307878699852
30,34,4,-0.0024925550164593443
30,35,4,0.002889514332674221
30,36,4,-0.001793077253548712
30,37,4,-0.010330848470079586
30,38,4,-0.0017986613371936576
30,39,4,-0.0018068002316858809
30,40,4,0.0017066852497345643
30,41,4,-0.0018978929138755397
30,42,4,-0.0033839759863729217
30,43,4,0.0037364042361836087
30,44,4,0.0038645813531388296
30,45,4,0.009198164973320492
30,46,4,-0.0034349118608108615
30,47,4,-0.001028118478085786
30,48,4,0.010221575203105557
30,49,4,-0.019905779139933313
30,50,4,-0.007053848612694347
30,51,4,0.002488984868274252
30,52,4,-0.0004479522820726526
30,53,4,0.004785305419565105
30,54,4,-0.010024373274535741
30,55,4,0.004271779970000472
30,56,4,0.0007677556282571619
30,57,4,-0.0005529811179445564
30,58,4,0.000735659177315307
30,59,4,0.002440744961277899
31,0,4,0.0011911164793384232
31,1,4,-0.001157573372619963
31,2,4,0.004831751764099509
31,3,4,0.005953584319911208
31,4,4,-0.030265820843088057
31,5,4,0.0011577262645521582
31,6,4,0.016152737070539415
31,7,4,-0.004183327735036073
31,8,4,-0.012221010082914159
31,9,4,-0.003466462962457584
31,10,4,-0.011969457639204352
31,11,4,-0.009572504761619569
31,12,4,-0.006507312808780372
31,13,4,-0.0005462482222949013
31,14,4,0.013718789104146062
31,15,4,-0.000966588223043314
31,16,4,-0.0006914372324329531
31,17,4,0.004110839334156634
31,18,4,0.00978209916008367
31,19,4,-0.0035798913490497166
31,20,4,0.0026666972713708407
31,21,4,-0.003642131274785635
31,22,4,-0.002659334229311199
31,23,4,-0.00955456911142237
31,24,4,0.005697676816697916
31,25,4,0.01692313992251565
31,26,4,-0.002120353159676431
31,27,4,0.0005342122835495068
31,28,4,0.010165598596128636
31,29,4,-0.00708880237948349
31,30,4,-0.010440893715072938
31,32,4,-0.008648458946436425
31,33,4,-0.0032043666762790225
31,34,4,0.004470163280014669
31,35,4,-0.012998795993952327
31,36,4,-0.0011211851138917663
31,37,4,-0.0003081967018170312
31,38,4,0.01071491166086641
31,39,4,0.012716370195016544
31,40,4,0.006041316729658014
31,41,4,-0.014901889440090741
31,42,4,0.0002355987974499796
31,43,4,-0.0006093819070838323
31,44,4,-0.0013624110023706764
31,45,4,-0.0044532120811522444
31,46,4,-0.0033684370832089065
31,47,4,-0.00205977600044173
31,48,4,-0.004468824779730697
31,49,4,0.003558353332293514
31,50,4,-0.006450635185842141
31,51,4,-0.0008060008480080203
31,52,4,-0.0019226351307075047
31,53,4,0.006843542991364277
31,54,4,0.006958369931356754
31,55,4,-0.0008143168154526629
31,56,4,0.00818830438244019
31,57,4,0.0017709704369678395
31,58,4,-0.002732762459004837
31,59,4,0.0023652555422934026
32,0,4,-0.010859562067836025
32,1,4,-0.00618833469195962
32,2,4,0.016283438118386173
32,3,4,0.002855507126270975
32,4,4,0.0015922840303266962
32,5,4,-0.020596225000304523
32,6,4,0.018290042420442135
32,7,4,0.008141465949080093
32,8,4,0.02526165400212898
32,9,4,-0.012791333957784512
32,10,4,-0.012761719336183384
32,11,4,0.008341251786887138
32,12,4,0.016932574774016898
32,13,4,-0.00814950359822593
32,14,4,-0.011664578917351212
32,15,4,-0.0019284010901335056
32,16,4,0.0017796610201278183
32,17,4,0.004237424909663088
32,18,4,-0.0258206659514324
32,19,4,-0.0025036214648151154
32,20,4,0.001987028242414708
32,21,4,0.005090555044824281
32,22,4,0.0005949551149519814
32,23,4,-0.002078043262863245
32,24,4,0.005764890790637561
32,25,4,0.003331283751686534
32,26,4,0.00024773457742531367
32,27,4,0.0009407436509842318
32,28,4,-0.0016881348464231566
32,29,4,0.012233693024942004
32,30,4,0.0011246637810321718
32,31,4,0.001427391154635576
32,33,4,0.022518645631166165
32,34,4,-0.003263544179278678
32,35,4,0.00541421365093123
32,36,4,0.0037555537908077453
32,37,4,0.00442368051648632
32,38,4,0.004419793463774425
32,39,4,0.005384398996269869
32,40,4,-0.009907045579689565
32,41,4,0.0014925875753244568
32,42,4,0.0032802638653348414
32,43,4,-0.005029479990070689
32,44,4,-0.018196839285457858
32,45,4,0.00865586983344366
32,46,4,-0.0016992662440962706
32,47,4,0.004168505314419794
32,48,4,-0.009248246223974011
32,49,4,0.004792267557843335
32,50,4,0.0017305336385316692
32,51,4,-0.0010940701520095616
32,52,4,-0.007803591006537644
32,53,4,-0.0023004534976485418
32,54,4,0.0031251968980766437
32,55,4,-0.013172310474810595
32,56,4,-0.011514175412581385
32,57,4,-0.0029163805801948883
32,58,4,0.0014626941125470993
32,59,4,-0.008014403510625604
33,0,4,-0.0006585188157127589
33,1,4,-0.012184135304035832
33,2,4,0.009125185794661487
33,3,4,-0.0019446188829019455
33,4,4,0.0008131807465910905
33,5,4,-0.0023232157275646158
33,6,4,-0.0020627652278008483
33,7,4,0.011222564092915811
33,8,4,0.0044439146040904836
33,9,4,-0.01698239921105953
33,10,4,-0.037164254818383945
33,11,4,0.008938849072469737
33,12,4,-0.0006821065380141487
33,13,4,-0.004048579568252916
33,14,4,-0.002639650541865203
33,15,4,-0.0006082330238249151
33,16,4,0.0015754769470654024
33,17,4,-0.0064896334200781
33,18,4,-0.00664649190315498
33,19,4,-0.00035724607303584026
33,20,4,-0.00032975268247697136
33,21,4,0.0032660491248483643
33,22,4,-0.0008355241164422508
33,23,4,0.0034000961439674556
33,24,4,0.0019004293447450697
33,25,4,-6.94274079130427e-05
33,26,4,0.0015896366924356593
33,27,4,-0.0003996185428148413
33,28,4,-0.00021556144771972397
33,29,4,0.0010231244189960588
33,30,4,0.0021713479017814157
33,31,4,-0.0018635928455747789
33,32,4,-0.0008335668335908901
33,34,4,0.021865721596361267
33,35,4,-0.004068045897340324
33,36,4,0.006687820804336366
33,37,4,-0.0004219779603505476
33,38,4,-0.007304966705271944
33,39,4,-0.0038350150012527295
33,40,4,-0.0008254442972787567
33,41,4,0.0020344188889777947
33,42,4,0.007929272990215645
33,43,4,-0.0004435576769509213
33,44,4,-0.004203181050918766
33,45,4,0.0008861851385205773
33,46,4,0.002791482634127319
33,47,4,-0.0010752079016297415
33,48,4,-0.0045866983518514474
33,49,4,-0.003205675578243684
33,50,4,0.00042058178172261584
33,51,4,7.150971789105805e-05
33,52,4,4.8086283462803604e-05
33,53,4,0.0031903331102186286
33,54,4,0.008225188022906295
33,55,4,-0.000661587191163975
33,56,4,-0.003783003203200819
33,57,4,-0.0019756748775382723
33,58,4,0.0008017423352996988
33,59,4,-0.00396240817382342
34,0,4,0.009078077956658544
34,1,4,-0.004523315118366515
34,2,4,-0.016311968424943903
34,3,4,-0.02598214678921877
34,4,4,0.002268317398496442
34,5,4,0.01844177149968712
34,6,4,0.004417580214041137
34,7,4,-0.004659262198732266
34,8,4,-0.02401001286020754
34,9,4,-0.0032211268517633816
34,10,4,-0.00936994686984992
34,11,4,0.0030940540775224227
34,12,4,-0.004087700233839622
34,13,4,0.016605332940681113
34,14,4,0.010353597369462307
34,15,4,-0.00354488069661752
34,16,4,-0.002093457215929064
34,17,4,-0.004966708144950759
34,18,4,0.010630331833539904
34,19,4,-0.0019927197013133568
34,20,4,-0.0010673049455526358
34,21,4,-0.0005916502524048813
34,22,4,-0.005564610486139823
34,23,4,-0.03200376171457743
34,24,4,-0.0015385079797468387
34,25,4,-0.01294293336481149
34,26,4,-0.0014878612633767937
34,27,4,-0.005977473297261211
34,28,4,0.00509426189043854
34,29,4,0.007726373113536161
34,30,4,-0.009468388192683617
34,31,4,0.0073297079562867715
34,32,4,0.002611532887318799
34,33,4,-0.008473796202270283
34,35,4,-0.015925804561828065
34,36,4,-0.00466518699792831
34,37,4,-0.003840958866280544
34,38,4,-0.0009090266678652029
34,39,4,-0.004781987182834521
34,40,4,0.005927159565295175
34,41,4,-0.005870837242348971
34,42,4,9.54864055509692e-05
34,43,4,-8.759600131068503e-05
34,44,4,0.00907946061458472
34,45,4,-0.005498420073228386
34,46,4,-0.009925606210054764
34,47,4,-0.002426758227555595
34,48,4,0.004302762491648881
34,49,4,0.0003851948834314627
34,50,4,0.0006247428590498108
34,51,4,-0.0008677453884345871
34,52,4,0.010497812407849631
34,53,4,-0.008354987035183326
34,54,4,-0.005633137341204173
34,55,4,0.014328155243941133
34,56,4,0.0009507623947038106
34,57,4,-0.0018101345919501767
34,58,4,-0.0032932713834098494
34,59,4,0.009641503932989976
35,0,4,0.005238801131774022
35,1,4,-0.010714914051596034
35,2,4,-0.007139769001799939
35,3,4,-0.012057978447278739
35,4,4,0.006825657647476471
35,5,4,-0.015469776977418121
35,6,4,-0.016655911239446045
35,7,4,0.00567622448630156
35,8,4,0.008834600096751575
35,9,4,-0.007541010055903568
35,10,4,0.01888832119978813
35,11,4,-0.002928858929091122
35,12,4,0.0034235250990031453
35,13,4,-0.0005797442204245754
35,14,4,0.005855575736896757
35,15,4,-0.0011512956060205585
35,16,4,0.024773374344316118
35,17,4,0.0053019796084226
35,18,4,-0.0025683125281313335
35,19,4,0.008680456012502046
35,20,4,-0.0025852682874414772
35,21,4,0.0037561610598092006
35,22,4,-0.005357571348432045
35,23,4,-0.0028881786454787576
35,24,4,-0.010862365084138965
35,25,4,0.0010094184007891547
35,26,4,-0.003896919207336867
35,27,4,0.001312152562529323
35,28,4,0.010256741025437617
35,29,4,0.0067470289882960435
35,30,4,0.0010366127199098758
35,31,4,0.005769083731492215
35,32,4,-0.002189720799699613
35,33,4,-0.02516031181126293
35,34,4,-0.0023779831064442043
35,36,4,0.012582546479330194
35,37,4,0.002047930163461422
35,38,4,0.0015393714408828826
35,39,4,-0.0011767747110968747
35,40,4,-0.005101502183348569
35,41,4,0.008106600769837921
35,42,4,0.002033457890101722
35,43,4,0.00692317029182784
35,44,4,-0.0009806154664179449
35,45,4,0.0019238873621918564
35,46,4,0.0006526734771215119
35,47,4,-0.06484326791505649
35,48,4,-0.005028076459401079
35,49,4,0.008527362080832546
35,50,4,0.05038750949854516
35,51,4,0.00020177285122780723
35,52,4,0.0010618807925586804
35,53,4,-0.002666922889898626
35,54,4,-0.006370065847021275
35,55,4,-0.008054971849719482
35,56,4,0.013358064359590697
35,57,4,-0.005299368312146271
35,58,4,0.007197628141774209
35,59,4,0.0010141242473811199
36,0,4,-0.00251803475605295
36,1,4,-0.015874745483915872
36,2,4,0.015371581798569773
36,3,4,0.03368917645638009
36,4,4,-0.0074198649072860536
36,5,4,-0.025065808560177188
36,6,4,0.010918679460594957
36,7,4,0.0035178258287111115
36,8,4,-0.003720511992206034
36,9,4,0.0016817987001848471
36,10,4,-0.006888438312439241
36,11,4,0.004605284985946064
36,12,4,0.008193153732032868
36,13,4,0.013759923474062172
36,14,4,0.010948131699899052
36,15,4,-0.01988916608180579
36,16,4,-0.01869604670664531
36,17,4,0.013373401463590047
36,18,4,-0.0023171749956471424
36,19,4,0.0202650940490705
36,20,4,0.0037660577738315507
36,21,4,-0.03542211888562054
36,22,4,-0.01025500122441574
36,23,4,-0.004945922158283963
36,24,4,0.002982588211782487
36,25,4,0.0011402923654123599
36,26,4,-0.01055887192761001
36,27,4,0.005041206519793533
36,28,4,-0.006720991378225168
36,29,4,-0.00837858019265632
36,30,4,-0.008643026744857637
36,31,4,0.0008589253712817913
36,32,4,0.008057289296449895
36,33,4,0.006334364398679879
36,34,4,0.005493002166303962
36,35,4,0.006366982671536119
36,37,4,0.00023383101424331214
36,38,4,0.005789862565589316
36,39,4,0.0034936557895213984
36,40,4,-7.574817983624035e-05
36,41,4,-0.00592139550233242
36,42,4,0.005661466366154384
36,43,4,0.008381243007744132
36,44,4,-0.00231170930709524
36,45,4,0.004643370735449654
36,46,4,-0.002722875751585044
36,47,4,-0.013998746073606577
36,48,4,0.007077878546275514
36,49,4,-0.004585532684689004
36,50,4,-0.0055803656148351675
36,51,4,-0.0077332433743753795
36,52,4,0.003552886048419384
36,53,4,-0.002365067716370399
36,54,4,-0.007969639866938716
36,55,4,-0.007209815627300367
36,56,4,-0.002155481319977812
36,57,4,0.005778744211953739
36,58,4,0.002765417599309518
36,59,4,0.01066905408046018
37,0,4,-0.0010527908410028044
37,1,4,-0.014573212670617218
37,2,4,0.0135297682343694
37,3,4,0.0161023710943011
37,4,4,-0.003717513227433605
37,5,4,-0.020249416092199404
37,6,4,0.01843592386151369
37,7,4,-0.0339745140885226
37,8,4,-0.03859640326731049
37,9,4,0.00675557018347207
37,10,4,-0.0035249215838346537
37,11,4,-0.0035013235940681347
37,12,4,0.011066117369549724
37,13,4,0.0033158008706808285
37,14,4,-0.009778017740982527
37,15,4,-0.00789102811988306
37,16,4,0.005734748758465941
37,17,4,0.012641446584471945
37,18,4,-0.0006773207207118015
37,19,4,-0.00048085147866144254
37,20,4,0.011041360760552062
37,21,4,-0.010197713326826625
37,22,4,-0.01299112981007747
37,23,4,-0.0014071499627032733
37,24,4,0.014221831838758943
37,25,4,0.017993273260658717
37,26,4,0.0037180011726887932
37,27,4,0.006501853276769954
37,28,4,-0.003034762597221405
37,29,4,-0.005897722368351671
37,30,4,-0.006623531120422904
37,31,4,0.009040790712152783
37,32,4,0.0047230604992702626
37,33,4,-0.013466283916908985
37,34,4,0.01630028703543568
37,35,4,0.0010786854061602947
37,36,4,0.009076069598407956
37,38,4,-0.0017669633387463728
37,39,4,0.007707171740067083
37,40,4,-0.006227799776734067
37,41,4,-0.006817445461326481
37,42,4,0.016877466927695636
37,43,4,-0.007595704650251615
37,44,4,0.0008010597555646692
37,45,4,-0.01690158912022267
37,46,4,-0.05450429487035135
37,47,4,-0.0025917718128492754
37,48,4,-0.010761173480164298
37,49,4,-0.0005594473770083683
37,50,4,-0.004195028842998492
37,51,4,-0.009699900249407263
37,52,4,-0.009540220210173483
37,53,4,-0.00844400749937375
37,54,4,0.0010337724871328341
37,55,4,-0.010323114800169883
37,56,4,0.014539864771355661
37,57,4,0.0036104451673283715
37,58,4,-0.0001598112860560714
37,59,4,0.0052669944420605285
38,0,4,0.004705700938040525
38,1,4,-0.00938304718083849
38,2,4,0.013676968605056515
38,3,4,0.022792421381060385
38,4,4,-0.00041789506181489147
38,5,4,-0.00433957381078141
38,6,4,-0.003223087113942107
38,7,4,-0.008617404179221553
38,8,4,-0.007769004727997883
38,9,4,-0.009756599486841272
38,10,4,0.0017376096295796898
38,11,4,-0.008872134616227866
38,12,4,0.0038503117383178295
38,13,4,-0.009727313135650081
38,14,4,0.003789864371267576
38,15,4,0.002928447768772292
38,16,4,0.0020942727948411104
38,17,4,0.00263374535751993
38,18,4,-0.005407212085455625
38,19,4,-0.0018579121669430561
38,20,4,0.004810572051698032
38,21,4,0.009758032563757488
38,22,4,-0.0040150939905298074
38,23,4,-0.004784651042437682
38,24,4,-0.002742303046510298
38,25,4,0.007986403095862547
38,26,4,-0.0029374878298883697
38,27,4,0.0010984834317669602
38,28,4,-0.0016631244726553398
38,29,4,-0.006117464479204413
38,30,4,-0.005060760918253902
38,31,4,0.00011891845665394264
38,32,4,0.002568263499290616
38,33,4,-0.00274138447774505
38,34,4,0.00530226517669289
38,35,4,0.0036300406305400123
38,36,4,0.00013821348496769525
38,37,4,0.01195620923100502
38,39,4,0.004473860800450557
38,40,4,-0.0001567471767791658
38,41,4,0.004019680309336646
38,42,4,0.0002460921112638705
38,43,4,-0.0026945347803830817
38,44,4,-0.0030372158470861263
38,45,4,-0.00236700604939266
38,46,4,-0.003317830784659046
38,47,4,-0.0005769650042564725
38,48,4,0.0020065268388756922
38,49,4,0.00034803923671992087
38,50,4,-0.0013568894460591768
38,51,4,-0.000711690604097589
38,52,4,-0.0003950800744222647
38,53,4,0.0009274184914588512
38,54,4,0.006085983039674498
38,55,4,-0.0063520032542201755
38,56,4,-0.0036029198856981325
38,57,4,0.00040107668047883896
38,58,4,-0.007818724162501376
38,59,4,-0.004494884511802199
39,0,4,0.0010819394737365787
39,1,4,0.013692417719379622
39,2,4,-0.00798413186280577
39,3,4,-0.015455229914434012
39,4,4,-0.0007234563166219678
39,5,4,0.015290871530092587
39,6,4,0.004451126815663128
39,7,4,-0.007538046429913331
39,8,4,-0.005731273633853431
39,9,4,0.008332470957481785
39,10,4,-0.004945764368698116
39,11,4,0.0005126012025130268
39,12,4,-0.002499138836336095
39,13,4,0.01171448303417924
39,14,4,0.005589197767537821
39,15,4,-0.002634817316521326
39,16,4,-0.013099110373387426
39,17,4,0.00623019917310071
39,18,4,0.003947800464184576
39,19,4,0.005488942844306173
39,20,4,0.0018155938028867182
39,21,4,-0.017965422206180193
39,22,4,-0.002038538274033088
39,23,4,-0.0030668757282514046
39,24,4,0.004568943982172913
39,25,4,-0.009035486989579228
39,26,4,-0.005362307176023999
39,27,4,-0.0011834077832709126
39,28,4,0.0018005307984848224
39,29,4,0.005348940016225315
39,30,4,0.0022644228297930844
39,31,4,0.004011344522253961
39,32,4,0.00019406721915650514
39,33,4,0.0034654072249956282
39,34,4,-0.0028651387148140492
39,35,4,-0.011968221136343372
39,36,4,0.003907904587967759
39,37,4,0.0022816406704866286
39,38,4,0.0013830618269296993
39,40,4,0.006626320358601852
39,41,4,-0.0034010247193477466
39,42,4,0.004646959833057237
39,43,4,0.004874299403621324
39,44,4,-0.0036737910173558264
39,45,4,-0.0005364456311577299
39,46,4,-0.0011551363259561724
39,47,4,-0.005712382077458873
39,48,4,0.0025980737017717265
39,49,4,-0.004208989837736183
39,50,4,0.001047057479034406
39,51,4,-0.0025039896941861373
39,52,4,0.009361003869805616
39,53,4,-0.0034232878534970323
39,54,4,-0.0028509033604481385
39,55,4,0.007703403781555584
39,56,4,0.0013875120608175548
39,57,4,0.00019461473348866772
39,58,4,-0.0028918320773106835
39,59,4,0.005197648989289181
40,0,4,-0.008608652910416872
40,1,4,-0.006237052862880687
40,2,4,0.0028824013462639096
40,3,4,0.023244275639352413
40,4,4,0.0009443906571145106
40,5,4,-0.0008196063033698855
40,6,4,0.001788281773379276
40,7,4,0.0036354472810252417
40,8,4,0.005640605918631726
40,9,4,0.004125274294572485
40,10,4,0.00517296670813408
40,11,4,-0.007748851973632767
40,12,4,0.0031693347127344012
40,13,4,-0.0006946960691368771
40,14,4,0.004351715838925588
40,15,4,-0.003484457786713865
40,16,4,0.00038652815473727754
40,17,4,-0.0005065385152157472
40,18,4,-0.0030810769390372315
40,19,4,0.00020324612717605544
40,20,4,0.001098792715796313
40,21,4,-0.004486631451908095
40,22,4,-0.0028641034197971027
40,23,4,0.005870897259893985
40,24,4,-0.0001281338331862794
40,25,4,0.005104457948715031
40,26,4,-0.004626552840787628
40,27,4,0.0017122033174446095
40,28,4,-0.0024072691981647065
40,29,4,-0.017863055762936886
40,30,4,0.005093566402821085
40,31,4,-0.00581218373691783
40,32,4,0.0011721497016049958
40,33,4,0.001841588358940442
40,34,4,-0.004391117963753413
40,35,4,0.004935202394258628
40,36,4,-0.0015219569682194032
40,37,4,-8.579564095686658e-05
40,38,4,0.00334764599128735
40,39,4,0.0011591762763060703
40,41,4,3.2766561281103285e-05
40,42,4,-0.003623664768936103
40,43,4,-0.00082244839342464
40,44,4,-0.00225046921650631
40,45,4,0.0012656228811155057
40,46,4,0.000750777581480199
40,47,4,0.0012691545776586338
40,48,4,0.0012411186656721583
40,49,4,-4.512886314234745e-05
40,50,4,-0.002328302616173791
40,51,4,-0.0010769625230573115
40,52,4,-0.00046178135978070314
40,53,4,0.0006568347984712281
40,54,4,0.002956688243299421
40,55,4,-0.001088781268747134
40,56,4,-0.004143773025698579
40,57,4,0.004893934527703677
40,58,4,0.0003646213282770992
40,59,4,-0.00022225595129926775
41,0,4,0.013828012874214245
41,1,4,-0.0005248811630542763
41,2,4,-0.026788603785346872
41,3,4,-0.01378177347074997
41,4,4,-0.0004480999926950815
41,5,4,-0.0014007397266696641
41,6,4,-0.010586052590420118
41,7,4,0.006841312693507022
41,8,4,0.02776990083217996
41,9,4,-0.008846821416624153
41,10,4,0.008135284499176677
41,11,4,-0.0057353253827862605
41,12,4,-0.0005560494804696132
41,13,4,0.010259169558771746
41,14,4,0.008754574738045143
41,15,4,-0.014092526804448233
41,16,4,0.0017404574725465687
41,17,4,-0.011235288780275982
41,18,4,0.0005809065571815875
41,19,4,-0.008488152576991707
41,20,4,0.003787235501107522
41,21,4,-0.001624435516678015
41,22,4,-0.019576844595730662
41,23,4,0.013388443474973363
41,24,4,-0.0033421959958692717
41,25,4,-0.002525320519406984
41,26,4,-0.0031878104703207837
41,27,4,0.02057560923760151
41,28,4,0.004179859942846054
41,29,4,0.009761551143319353
41,30,4,-0.0026159873178812345
41,31,4,-0.010061169588414524
41,32,4,-0.0028236459429255172
41,33,4,0.005168553488916988
41,34,4,-0.014540338007610894
41,35,4,0.0023884013849242124
41,36,4,0.00021163063815913012
41,37,4,0.005127641625094163
41,38,4,-0.002426732104566944
41,39,4,0.003998356775455622
41,40,4,-0.0040811247595719385
41,42,4,-0.019642790068699983
41,43,4,-0.00251287177006539
41,44,4,0.003881473552010079
41,45,4,-0.009609458394140218
41,46,4,0.0022305541229354795
41,47,4,-0.014362061495274714
41,48,4,-0.006552469682092232
41,49,4,0.009782059726710554
41,50,4,0.00815519003372056
41,51,4,-0.004525445513609986
41,52,4,0.0015439379441094863
41,53,4,-0.004009999707462909
41,54,4,0.0031759641712141243
41,55,4,0.002315378571120759
41,56,4,-0.00028061670494456764
41,57,4,-0.010524029151133
41,58,4,0.002100297061481065
41,59,4,0.0004717187100254697
42,0,4,-0.001799303255260505
42,1,4,0.006767781287182785
42,2,4,0.007095969714813353
42,3,4,-0.011724796606660929
42,4,4,-0.022395504340297558
42,5,4,-0.008433757340807438
42,6,4,0.004982815969184824
42,7,4,0.011623002352250124
42,8,4,-0.0071644807276554714
42,9,4,0.004596673507777426
42,10,4,-0.0020775713696981487
42,11,4,0.003968519156546023
42,12,4,0.0028558351952935566
42,13,4,0.001989993184275238
42,14,4,-0.005871302975941639
42,15,4,-0.011727576023396167
42,16,4,0.0028906560845405873
42,17,4,0.019349519391534443
42,18,4,0.0024876690527105014
42,19,4,0.011755712636293655
42,20,4,0.009326843212654267
42,21,4,-0.01790305031027422
42,22,4,-0.010562971866714309
42,23,4,-0.009239268561539648
42,24,4,0.0035082752754737124
42,25,4,0.0030350320351826194
42,26,4,0.004887724174512897
42,27,4,-0.0014740158585470464
42,28,4,0.0014796378077422767
42,29,4,-0.010825695910225138
42,30,4,-0.009759666123722043
42,31,4,0.01049651381654476
42,32,4,-0.0010295276275253625
42,33,4,0.01389111046110693
42,34,4,0.0020071307841426755
42,35,4,-0.013248849887224988
42,36,4,0.002094583675407137
42,37,4,0.0011546488529236292
42,38,4,0.010050237749681898
42,39,4,0.01554291153730632
42,40,4,0.008300680180612334
42,41,4,-0.006307170753617338
42,43,4,-0.0031016355676106618
42,44,4,-0.00715697670891088
42,45,4,-0.0045373736720389565
42,46,4,0.001166044588707971
42,47,4,-0.0023601147862012143
42,48,4,-0.003395548986043846
42,49,4,-0.002988306586588025
42,50,4,0.002002602910141964
42,51,4,-0.008300959901042806
42,52,4,0.0007389042969183069
42,53,4,-0.006092729318958139
42,54,4,-0.009796164998125365
42,55,4,-0.00015922928337403405
42,56,4,0.0011420255347594848
42,57,4,-0.0031092283833820153
42,58,4,-0.002397706846223657
42,59,4,0.007080410861644507
43,0,4,0.005071888084074816
43,1,4,-0.016710814447114624
43,2,4,0.012331312906396266
43,3,4,0.011998393570988032
43,4,4,0.023353835648983357
43,5,4,-0.008616038892547813
43,6,4,0.0038217727366704857
43,7,4,0.0008539812041865512
43,8,4,-0.01065453785209481
43,9,4,-0.008283201921958638
43,10,4,-0.0002169749340786218
43,11,4,0.009194349016069024
43,12,4,0.004433490319793518
43,13,4,0.015339009303645337
43,14,4,0.004026658100824222
43,15,4,0.0014000233861354108
43,16,4,0.007428288546752907
43,17,4,-0.008784517465046332
43,18,4,-0.011208457079246597
43,19,4,-0.006224051142965011
43,20,4,-0.0028475252241803397
43,21,4,-0.00254419151533387
43,22,4,0.008149721101679424
43,23,4,-0.010861944828861275
43,24,4,-0.0017706678262813008
43,25,4,-0.009224964271533381
43,26,4,-0.001584473356249526
43,27,4,-0.0015506132688390324
43,28,4,-0.0034982308878012815
43,29,4,-0.004997792783796919
43,30,4,0.009843414781500373
43,31,4,-0.008826511735101567
43,32,4,0.005870312468220899
43,33,4,-0.00722022329646966
43,34,4,0.00895719468705895
43,35,4,0.004598135552744734
43,36,4,-0.004035106928126185
43,37,4,-0.01008669901824382
43,38,4,-0.008274370931114976
43,39,4,-0.0038176239036715955
43,40,4,-0.005824109429732418
43,41,4,-0.0002019858779317906
43,42,4,0.004464376719527064
43,44,4,0.005505797927649084
43,45,4,0.002091889655592226
43,46,4,-0.0026541964502559763
43,47,4,-0.0001731824718824845
43,48,4,-0.004082960146054624
43,49,4,-0.012794836535799426
43,50,4,-0.004800176075787737
43,51,4,-0.0015348248211871289
43,52,4,0.0001258860571468726
43,53,4,-0.007131754984360203
43,54,4,-0.002896764727850799
43,55,4,-0.002170827762506318
43,56,4,-0.006881625097056035
43,57,4,0.000965261687847027
43,58,4,0.0013078977725801844
43,59,4,-0.00091453613097503
44,0,4,0.006608342981452683
44,1,4,1.1343006241765002e-05
44,2,4,-0.007079428780631685
44,3,4,0.013090331477900018
44,4,4,-0.01177404932166448
44,5,4,0.005427286661599249
44,6,4,-0.01086460733934736
44,7,4,-0.025446265222985792
44,8,4,-0.010098363885368587
44,9,4,-0.01258204746441378
44,10,4,0.004704024691084873
44,11,4,-0.002278848634192792
44,12,4,-0.012804898159284121
44,13,4,-0.005149361663722826
44,14,4,-0.009294943492310016
44,15,4,0.014783402841738418
44,16,4,-0.004670421349198164
44,17,4,-0.007370280260706514
44,18,4,0.011770754327680252
44,19,4,-0.007699715606705361
44,20,4,-0.004943875619719599
44,21,4,0.024112043945488874
44,22,4,0.012497322924952765
44,23,4,-0.004887683756067827
44,24,4,-0.004524766224743533
44,25,4,0.011744393262365123
44,26,4,-0.000991598208364756
44,27,4,-0.004932751852632996
44,28,4,-0.00019779828198038252
44,29,4,-0.035865369600077246
44,30,4,-0.0012546371925193805
44,31,4,0.007151568097748329
44,32,4,0.0005639169661902123
44,33,4,-0.007361692612600121
44,34,4,0.0036578283900145286
44,35,4,0.002796932087305579
44,36,4,-0.0029125179123644794
44,37,4,-0.00037637070428123766
44,38,4,0.003566709302243006
44,39,4,-0.0022579506863424684
44,40,4,0.00221392061143863
44,41,4,0.001415534373117785
44,42,4,-0.0015932389376508492
44,43,4,-0.015404250438894313
44,45,4,-0.011016314162314265
44,46,4,-0.0054925844540920634
44,47,4,0.005023585454453279
44,48,4,0.005329415887339558
44,49,4,0.0006853085169234714
44,50,4,-0.0007738031463284394
44,51,4,0.004379810901931019
44,52,4,0.0027063385345236727
44,53,4,0.017357612607653086
44,54,4,0.009763209051847434
44,55,4,0.0006701641411382915
44,56,4,0.0038985139817682094
44,57,4,0.004108357938277307
44,58,4,0.0004981743024192558
44,59,4,-0.008120085521774977
45,0,4,0.017647744446910543
45,1,4,-0.03804966682191904
45,2,4,-0.007983362215049354
45,3,4,0.0055923916288419815
45,4,4,-0.00019384005613262093
45,5,4,-0.013415984853599561
45,6,4,-0.02389853625576311
45,7,4,0.0013210275138632274
45,8,4,-0.015377835161517561
45,9,4,-0.011978780554105554
45,10,4,-0.024524355695017958
45,11,4,0.010054446618084547
45,12,4,0.009313684711861687
45,13,4,0.00450921056454627
45,14,4,0.01270886577486453
45,15,4,-0.011560049773802324
45,16,4,-0.016909674075620374
45,17,4,0.0018734399099349078
45,18,4,0.003173451919200782
45,19,4,0.006284064196299087
45,20,4,-0.003990554868485819
45,21,4,-0.011356655552933699
45,22,4,-0.01902791756354507
45,23,4,-0.018730243828337163
45,24,4,0.0007989855739883799
45,25,4,-0.028553804681427042
45,26,4,0.0015717171594283117
45,27,4,-0.028542357966792532
45,28,4,-0.007617660914150227
45,29,4,-0.005558728259087594
45,30,4,-0.014730893412016902
45,31,4,0.002512598245898513
45,32,4,0.006395853173531314
45,33,4,-0.00784050606425016
45,34,4,0.0008195034601227048
45,35,4,-0.005396067370935622
45,36,4,-0.0008534865942095913
45,37,4,-0.007780910606484242
45,38,4,-0.004488279440379707
45,39,4,-6.420091808309693e-05
45,40,4,-0.0023206501928390395
45,41,4,-0.0009638340552694961
45,42,4,0.006507037607451319
45,43,4,-0.006701783181631095
45,44,4,0.019361612367897053
45,46,4,-0.006822691972983904
45,47,4,-0.008646128082498724
45,48,4,0.00546476728744367
45,49,4,0.0065671972305661845
45,50,4,-0.0008903989540600219
45,51,4,-0.013918766799261182
45,52,4,0.000652685817213543
45,53,4,-0.005028774796900179
45,54,4,0.00033563390239878043
45,55,4,0.0008922463462820397
45,56,4,0.0007166631745846058
45,57,4,0.008493590768555015
45,58,4,0.0018716131577941975
45,59,4,0.007298828166875652
46,0,4,-0.03532690575564846
46,1,4,0.023389502050292468
46,2,4,0.0021468966042936153
46,3,4,-0.008044552514622966
46,4,4,-0.0033137660386034842
46,5,4,0.008784445375416998
46,6,4,-0.014928243513101576
46,7,4,-0.0010504133417542998
46,8,4,0.00584009601845677
46,9,4,0.027685073814636647
46,10,4,0.00341606394189111
46,11,4,0.013196698043695856
46,12,4,-0.008923994282608491
46,13,4,0.007959491057051895
46,14,4,-0.00629231737222543
46,15,4,0.014300244382660917
46,16,4,0.0010588821518967427
46,17,4,-0.006052186532673797
46,18,4,-0.011184389939766195
46,19,4,-0.014303818332672911
46,20,4,0.007883594161769076
46,21,4,0.015574173788825238
46,22,4,-7.518477093943759e-05
46,23,4,0.014274050713239738
46,24,4,-0.0032049520539101923
46,25,4,0.0047527996962337
46,26,4,0.0005110998562860008
46,27,4,0.016594518274466924
46,28,4,0.002548469168992478
46,29,4,-0.0032304525025109374
46,30,4,0.024620399107678742
46,31,4,-0.016804498407511834
46,32,4,-0.040559552666134056
46,33,4,0.011820660963243239
46,34,4,-0.002358853831636992
46,35,4,0.005711149153025484
46,36,4,-0.001399413449224647
46,37,4,-0.0041109090178703955
46,38,4,-0.010524920408333015
46,39,4,0.004694356201997566
46,40,4,-0.0036764044447263255
46,41,4,0.011791564114646685
46,42,4,0.007975352008143338
46,43,4,-0.004257339598714858
46,44,4,0.00036738804110422404
46,45,4,-0.006182138891793639
46,47,4,0.011683008458678605
46,48,4,-0.00024080460804902094
46,49,4,-0.011683614468437232
46,50,4,-0.001121290007120768
46,51,4,-0.0015093158809714067
46,52,4,0.011823487653144329
46,53,4,0.024539540677460513
46,54,4,0.0014134802013549914
46,55,4,0.0033147309935131243
46,56,4,-0.012696920666732558
46,57,4,0.0038035483877927835
46,58,4,0.0003274936689231215
46,59,4,-0.006651845097964598
47,0,4,-0.010385350605373926
47,1,4,0.010356914919367194
47,2,4,0.007766363075346573
47,3,4,-0.005004786072167748
47,4,4,0.005101161448145401
47,5,4,0.003576102021335518
47,6,4,0.010410913844722832
47,7,4,0.0025138870439723334
47,8,4,0.012261397750694627
47,9,4,0.005489368368766486
47,10,4,0.0033787430680158785
47,11,4,0.0005142584881264315
47,12,4,0.008410410458749847
47,13,4,-0.008601801239247694
47,14,4,-0.01989483581748068
47,15,4,0.007068291012813376
47,16,4,0.008256805417524167
47,17,4,0.00028635690180652375
47,18,4,-0.012592060506628302
47,19,4,-0.016133602871969414
47,20,4,0.0012923021954608627
47,21,4,0.013317813086478905
47,22,4,0.010371350357927925
47,23,4,0.0028538290306511626
47,24,4,-0.0025553285918648717
47,25,4,0.004221422994507021
47,26,4,0.0033834705022868367
47,27,4,-0.003324526547750914
47,28,4,-0.005008649025384056
47,29,4,-0.00966865235175927
47,30,4,0.013422670042330049
47,31,4,-0.018677650550950067
47,32,4,-0.0014798684133482337
47,33,4,-0.000456972995014553
47,34,4,0.005178743695319909
47,35,4,0.0008580498707425541
47,36,4,-0.00398635675555958
47,37,4,-0.004083382188208298
47,38,4,-0.005057942813762713
47,39,4,0.001959303157793753
47,40,4,-0.010578280872023995
47,41,4,0.0001055076283217663
47,42,4,0.0053286965019913
47,43,4,-0.0011072662280769462
47,44,4,-0.0030891027971272026
47,45,4,-0.0014130554781284334
47,46,4,-0.0037677640959956
47,48,4,-0.0029805470028091688
47,49,4,-0.00434302041745672
47,50,4,0.0030250114698334857
47,51,4,0.0055468133207506876
47,52,4,-0.01258548922444025
47,53,4,-0.00040874994921459514
47,54,4,0.0007862363439650816
47,55,4,-0.001007853691878581
47,56,4,-0.004863880738019707
47,57,4,0.0010053790015304089
47,58,4,-0.0033081380462968114
47,59,4,-0.009820320755531771
48,0,4,0.003473087904192397
48,1,4,-0.0036456187740520874
48,2,4,0.006864003480441483
48,3,4,0.04226290846817969
48,4,4,-0.0003462716742126679
48,5,4,-0.001987300615435762
48,6,4,0.012162703872651587
48,7,4,-0.0011879793044175101
48,8,4,-0.01879583861809499
48,9,4,-0.006546002512577497
48,10,4,-0.005103244473735436
48,11,4,0.004708142105079004
48,12,4,0.003223547025356656
48,13,4,0.002830182412081753
48,14,4,0.003942717043764917
48,15,4,-0.0011684975925440636
48,16,4,0.0021391800110830755
48,17,4,0.009429383428148854
48,18,4,0.011520251106360726
48,19,4,0.0018629042856784384
48,20,4,0.01035889522976612
48,21,4,-0.0024126484119873087
48,22,4,-0.005663131180228286
48,23,4,-0.011150476586245413
48,24,4,0.009395865570566405
48,25,4,0.00763815052414162
48,26,4,0.0014933692743620876
48,27,4,0.0009629801540862251
48,28,4,0.0006910907508514412
48,29,4,-0.014821338715617775
48,30,4,-0.006845169334705965
48,31,4,-0.0013970660670522999
48,32,4,-0.0007963276273599374
48,33,4,-0.0036374420868149878
48,34,4,0.02023938548608077
48,35,4,0.0029084614263950306
48,36,4,0.005430889369351761
48,37,4,-0.0007778523276031537
48,38,4,0.0017578514111548204
48,39,4,0.002029212587871747
48,40,4,0.006049372741022945
48,41,4,-0.005538011192907387
48,42,4,0.007810828322060657
48,43,4,-0.014599366755324396
48,44,4,0.00514610208036099
48,45,4,-0.006186540738753664
48,46,4,0.0008369546656502649
48,47,4,-0.00168467588740404
48,49,4,0.0034778878780149045
48,50,4,-7.641954064886106e-05
48,51,4,0.0029574185016004234
48,52,4,-0.002234681099818064
48,53,4,-0.006351694857090386
48,54,4,0.006234240035252925
48,55,4,-2.3137831373188614e-05
48,56,4,0.003951428638641262
48,57,4,0.0031540400385302557
48,58,4,0.003939727991315635
48,59,4,0.004828699716115952
49,0,4,-0.007160638012747434
49,1,4,0.015227520583778475
49,2,4,-0.010402811850671054
49,3,4,-0.019138817791583277
49,4,4,0.005017727850378762
49,5,4,0.01080217416835485
49,6,4,0.0005333724753936861
49,7,4,-0.004547582565810461
49,8,4,0.003107190569429699
49,9,4,0.006634282946007408
49,10,4,0.012870344867221514
49,11,4,-0.008483909921804613
49,12,4,0.005755277349724502
49,13,4,-0.0016221611982510705
49,14,4,-0.008656253240180958
49,15,4,0.006365085735585203
49,16,4,-0.005850849905000647
49,17,4,0.001207627380082529
49,18,4,0.005511175627303027
49,19,4,0.0028660531669833633
49,20,4,-0.0021630293788110918
49,21,4,-0.0030657444301611745
49,22,4,-0.009685745609570359
49,23,4,0.006566373118167105
49,24,4,0.006454902572881255
49,25,4,0.001127464139707767
49,26,4,-0.0012456970514260828
49,27,4,0.0021135779842187496
49,28,4,-7.649014793787871e-05
49,29,4,-0.008963860767891366
49,30,4,0.006183421671753843
49,31,4,0.005913247246512708
49,32,4,-0.002390365249593158
49,33,4,-1.7963285930478693e-05
49,34,4,-0.011829056037618423
49,35,4,-0.015074007557780558
49,36,4,-0.0013745298287020737
49,37,4,0.009321513864246025
49,38,4,0.0015991140863279721
49,39,4,0.0007519159405984628
49,40,4,0.01095527471791298
49,41,4,0.0028548488052617693
49,42,4,-0.0036577610341788176
49,43,4,-0.0060262824832214654
49,44,4,-9.42581495811572e-05
49,45,4,-0.015106533625201072
49,46,4,-0.00010476650049398573
49,47,4,0.00032004241039140644
49,48,4,-0.0023154925064955536
49,50,4,0.003926852079694224
49,51,4,0.00032394784595343794
49,52,4,0.008117525960803852
49,53,4,-0.011611281493133119
49,54,4,0.004317900078847268
49,55,4,0.0016597222863343113
49,56,4,0.002254877862576291
49,57,4,-0.0020023670893788773
49,58,4,-0.004250551899403331
49,59,4,-0.002479046530926621
50,0,4,-0.0029028387172978422
50,1,4,0.001521260899151279
50,2,4,0.007873477148642522
50,3,4,0.022284869138066064
50,4,4,-0.006103600164657014
50,5,4,-0.0015270369710358004
50,6,4,0.025609595145311203
50,7,4,0.0013244855350303822
50,8,4,0.0026209403535184615
50,9,4,-0.0019372564982922404
50,10,4,0.000500237538441051
50,11,4,-0.013333661550780302
50,12,4,0.002529429482882965
50,13,4,-0.0009832478909490717
50,14,4,0.005469591311019272
50,15,4,-0.006361012468252932
50,16,4,-0.022897045725177124
50,17,4,-0.02101669725167292
50,18,4,0.0033799279835496593
50,19,4,0.004771697119249788
50,20,4,-0.002260240102637589
50,21,4,-0.009809963246482947
50,22,4,-0.009952301225155086
50,23,4,-7.1724594560341505e-06
50,24,4,0.006831134851012667
50,25,4,0.00045310656893522813
50,26,4,-0.004698370997626582
50,27,4,0.003172752829163807
50,28,4,-0.006712270114889815
50,29,4,-0.010511161244900131
50,30,4,-0.0005508905390983164
50,31,4,-0.010142195105440916
50,32,4,0.0020069379277245884
50,33,4,-0.00044486154302186506
50,34,4,0.00030359434614626066
50,35,4,-0.0001096670002460995
50,36,4,0.005041317370914312
50,37,4,0.012145058816283227
50,38,4,0.005492431304925632
50,39,4,0.0015060847289719407
50,40,4,0.008289846579830623
50,41,4,-0.0029504250212641354
50,42,4,-0.002800619616117055
50,43,4,-0.005547140484947376
50,44,4,-0.009534426241893072
50,45,4,-0.0055745304510327436
50,46,4,-0.0010056980170307106
50,47,4,-0.005868841876374088
50,48,4,0.0013202121998603165
50,49,4,0.00807536882204808
50,51,4,-0.003951424044548378
50,52,4,0.002316530883734848
50,53,4,-0.0034039797589144566
50,54,4,0.01299057202535699
50,55,4,0.0002686247056278728
50,56,4,0.0018271470662243282
50,57,4,0.003317417938684181
50,58,4,-0.0033330406557880703
50,59,4,0.0020891121974631974
51,0,4,0.010651802554869859
51,1,4,0.010850417080835372
51,2,4,0.0020295720657240368
51,3,4,0.007071103037354143
51,4,4,0.0040652125790785415
51,5,4,0.0023930126052262896
51,6,4,0.0037874748296722297
51,7,4,-0.011754060093083586
51,8,4,-0.006157709039331501
51,9,4,0.0035697421879318887
51,10,4,-0.0023677961495849665
51,11,4,-0.0006378644953874204
51,12,4,-0.0038472911684542615
51,13,4,0.0026164765706745826
51,14,4,0.0035613054422874613
51,15,4,0.006248988089221163
51,16,4,-0.004755859186125282
51,17,4,-0.0019285643322830004
51,18,4,0.0027936240948595536
51,19,4,-0.004833975115839603
51,20,4,0.0006078171611525075
51,21,4,0.003035343242542544
51,22,4,0.004617410141323309
51,23,4,-0.009048807466545572
51,24,4,-0.00699876228571118
51,25,4,0.0007734417305360166
51,26,4,0.004780096436518389
51,27,4,0.0011067130801066308
51,28,4,0.0027690224883568323
51,29,4,-0.0029505826378468368
51,30,4,0.003217597056084437
51,31,4,-0.0024364418899147492
51,32,4,0.0002708142122276543
51,33,4,0.0015449682504078837
51,34,4,0.006336384038920538
51,35,4,-0.0157658492560494
51,36,4,-0.006054866492509148
51,37,4,-0.0035163213531268335
51,38,4,0.003221358648471474
51,39,4,0.00020713449324233617
51,40,4,-8.765456382936845e-05
51,41,4,-0.0012898122836806107
51,42,4,0.0012404713214372667
51,43,4,0.015413847469709398
51,44,4,0.0029200984131495552
51,45,4,0.0009014642736313045
51,46,4,0.00033913703430994094
51,47,4,-0.003123262274036411
51,48,4,0.008314848236334956
51,49,4,-0.0009428169282582236
51,50,4,0.001259149488968989
51,52,4,6.534877758225118e-05
51,53,4,-0.006738643002943905
51,54,4,-0.0006859694654050461
51,55,4,0.00018530007027152005
51,56,4,-0.004055284557153101
51,57,4,-0.004373669480720438
51,58,4,0.0016392330132747918
51,59,4,0.003483505783054459
52,0,4,-0.009188201018975732
52,1,4,-0.01473016729644746
52,2,4,-0.019659652729477752
52,3,4,-0.020848516355462837
52,4,4,-0.005303237759648914
52,5,4,0.015278874103075983
52,6,4,-0.006035003382642915
52,7,4,0.04372687021365194
52,8,4,-0.0039972310313247435
52,9,4,0.006733218848925215
52,10,4,0.005668815969656351
52,11,4,-0.00025061427800194587
52,12,4,-0.005151801953708797
52,13,4,-0.010029015936731714
52,14,4,-0.006843607459138094
52,15,4,-0.012438678836162792
52,16,4,0.010447165992108482
52,17,4,-0.007143959154521074
52,18,4,-0.014738814242776822
52,19,4,0.0017189732186958808
52,20,4,0.00116732153618274
52,21,4,-0.0008958746845748444
52,22,4,-0.011228026357870083
52,23,4,0.0197547669319679
52,24,4,0.010923130610496795
52,25,4,-0.00765870764791781
52,26,4,0.0036135062584158537
52,27,4,0.007876956341542313
52,28,4,-0.002777209032795052
52,29,4,0.012906045151354396
52,30,4,0.009030163123828193
52,31,4,-0.013861524109957054
52,32,4,-0.00851993318468657
52,33,4,-0.0011137873398335398
52,34,4,-0.002979113193471475
52,35,4,0.010410449092068709
52,36,4,0.013646589049116972
52,37,4,-0.005499422025338689
52,38,4,-0.01330755642503377
52,39,4,-0.0055148233084076565
52,40,4,0.0002723624199117086
52,41,4,0.0005007125082845422
52,42,4,-0.0024437150563702366
52,43,4,-0.0010221170775727571
52,44,4,-0.002555539147242508
52,45,4,-0.0021871437460512498
52,46,4,0.0019891425768842337
52,47,4,-0.0025322113960003223
52,48,4,-0.01378386743513953
52,49,4,0.00868019684923981
52,50,4,0.010580660033883051
52,51,4,-0.006458857307463123
52,53,4,0.003407495591885238
52,54,4,0.005660781512483909
52,55,4,0.01147742017055402
52,56,4,0.0038773482851300126
52,57,4,-0.0022139523480667273
52,58,4,-0.003780003306521204
52,59,4,0.0025889892369033492
53,0,4,0.008487141124487285
53,1,4,0.0021112566227666045
53,2,4,0.002744785756115658
53,3,4,-0.004433845788751843
53,4,4,-0.07281200968235156
53,5,4,-0.004078535732485626
53,6,4,-0.008071690800000251
53,7,4,0.0010805266732907375
53,8,4,0.0032479022699963152
53,9,4,-0.019311266534619155
53,10,4,0.001964831743319601
53,11,4,-0.0004517320318338891
53,12,4,0.0022220589660559677
53,13,4,-0.0010181509613021644
53,14,4,-0.010071385173928762
53,15,4,0.0008017243764436961
53,16,4,0.008773410010185879
53,17,4,0.0020078710071241143
53,18,4,0.00019366351863341178
53,19,4,-0.010123279811063292
53,20,4,0.0015602179829009681
53,21,4,0.0005529079230327084
53,22,4,-0.0003726267918581296
53,23,4,-0.01604471849610986
53,24,4,-0.001363437840706392
53,25,4,0.02638456039653277
53,26,4,-0.0007713515380514064
53,27,4,-0.0008400753698430257
53,28,4,0.0007096752867227818
53,29,4,0.003875273084631605
53,30,4,-0.0226349771654829
53,31,4,-2.4240160590448083e-05
53,32,4,0.005813041833394287
53,33,4,-0.006131906941952769
53,34,4,0.0008517797781266998
53,35,4,0.01698986141355068
53,36,4,0.005081509527961479
53,37,4,0.001116859407749633
53,38,4,0.014591009410060852
53,39,4,0.020147353456041007
53,40,4,-0.003377725019297492
53,41,4,0.00023844958152337652
53,42,4,0.0010690041296662993
53,43,4,0.0013137105099404723
53,44,4,0.0002061940132515234
53,45,4,-0.0046387392913135985
53,46,4,-0.006633938434900204
53,47,4,-0.010567268204658937
53,48,4,-0.003842978458254432
53,49,4,0.0016946891695138904
53,50,4,0.0019406663996089672
53,51,4,0.00011368368954456988
53,52,4,-0.003126281332352563
53,54,4,-0.000542523506328362
53,55,4,-0.0020004896935391465
53,56,4,0.0030503825388435326
53,57,4,-0.0015843046922497301
53,58,4,0.00032441214668562333
53,59,4,2.0143501323847263e-06
54,0,4,-0.0030496875391740324
54,1,4,-0.01094395399653622
54,2,4,-0.0021851998885744515
54,3,4,0.005187149956379294
54,4,4,0.006856745370383294
54,5,4,-0.003712505595314657
54,6,4,-0.010485592995143182
54,7,4,-0.000975355752153134
54,8,4,0.0013031157661342822
54,9,4,0.0022685519131946086
54,10,4,-0.0011470273812814588
54,11,4,-0.0012796093801188322
54,12,4,-0.009655740734072053
54,13,4,-0.0034482420301582208
54,14,4,0.005319898026816768
54,15,4,-0.0012151674232633242
54,16,4,-0.004450312273174278
54,17,4,-0.0025394348451255417
54,18,4,0.002138324158939525
54,19,4,0.015955729122883434
54,20,4,-0.006347277903701129
54,21,4,-0.0012690590348819575
54,22,4,0.0007771390945751728
54,23,4,-0.005162110807377817
54,24,4,0.0007352637329759491
54,25,4,-0.005990694115624041
54,26,4,-0.0026247303835812983
54,27,4,-0.000704870786324063
54,28,4,-0.0010275277631501835
54,29,4,-0.00038829113058598736
54,30,4,0.002756597363246279
54,31,4,0.0022692730796068034
54,32,4,0.0014988647166933409
54,33,4,-0.0026152175018468483
54,34,4,-0.002952094605601999
54,35,4,-0.0010830259963532523
54,36,4,0.0047004978741662
54,37,4,0.004256027528280935
54,38,4,-0.0016909369847224113
54,39,4,-0.002851849107846068
54,40,4,0.006693460853737087
54,41,4,0.003471667204461411
54,42,4,-0.004755248842092993
54,43,4,0.002540290615608051
54,44,4,-0.0014776774888334572
54,45,4,0.007355670993819367
54,46,4,0.002999373427187187
54,47,4,-0.0027243259498095284
54,48,4,0.0022113196160593223
54,49,4,-0.0019881076567711976
54,50,4,-0.005664790722482968
54,51,4,0.0016498373097783817
54,52,4,0.006206262963751281
54,53,4,0.0008976461788465429
54,55,4,-0.0051608647227184
54,56,4,4.849087847843179e-06
54,57,4,0.0023006106860067785
54,58,4,0.0008861464366136107
54,59,4,-0.007313112703949355
55,0,4,0.002726187732506955
55,1,4,-0.006741818695384418
55,2,4,-0.000262101419107939
55,3,4,0.004172903040765933
55,4,4,0.004077089362474732
55,5,4,-0.0031833246510700294
55,6,4,0.0044021031979166
55,7,4,-0.004291136641834671
55,8,4,0.0034614088134188757
55,9,4,-0.00013305845070492144
55,10,4,-0.0006934088583141968
55,11,4,0.0008928412613037344
55,12,4,-0.004579130757545127
55,13,4,0.0023450696981214565
55,14,4,0.008173306467483276
55,15,4,-0.000757977598620437
55,16,4,-0.0017888443735551184
55,17,4,-0.0032627526335548508
55,18,4,-0.0035259234616303575
55,19,4,0.001461109364187448
55,20,4,8.142575951050633e-05
55,21,4,0.0002115150285850224
55,22,4,0.004031440569347781
55,23,4,-0.0010830336795864441
55,24,4,-0.007797474927823001
55,25,4,-0.014471208092920157
55,26,4,-0.0006496808307647226
55,27,4,0.0013909873004101033
55,28,4,0.0054160920348137525
55,29,4,0.0067917614920237224
55,30,4,-6.422053912552995e-05
55,31,4,0.012073185396317378
55,32,4,0.0007023439316449571
55,33,4,-0.004217356740630724
55,34,4,-0.0030381415022809758
55,35,4,-0.000344845969288165
55,36,4,0.0006335232102242312
55,37,4,-0.0037068018828369533
55,38,4,0.0003019704125748878
55,39,4,-0.0010528767144964012
55,40,4,-0.00238076735124448
55,41,4,-0.004192877562998645
55,42,4,-0.0002819329478887608
55,43,4,0.005555171266834797
55,44,4,-0.004131592266355295
55,45,4,0.007283286440380759
55,46,4,0.0011222041198210159
55,47,4,-0.0011060689590456842
55,48,4,0.0010553098514304775
55,49,4,-0.0013686275896176406
55,50,4,-0.0018687346388966907
55,51,4,-0.0009459742483369052
55,52,4,-0.00019364495793570947
55,53,4,-0.0007408415590062242
55,54,4,-0.00033384075246329275
55,56,4,0.00045269664977406863
55,57,4,0.00061099133114211
55,58,4,0.0008715275768921859
55,59,4,0.001239438871763105
56,0,4,-0.00657909301766133
56,1,4,-0.021739342947234525
56,2,4,0.024361689228850493
56,3,4,0.018736670343801103
56,4,4,0.01190196128621379
56,5,4,-0.03808675934631599
56,6,4,-0.009904491253457482
56,7,4,0.02192001797635075
56,8,4,0.0007931867012838231
56,9,4,-0.0027648059015178165
56,10,4,-0.03850100403545064
56,11,4,0.008543704631218903
56,12,4,-0.002663367476055879
56,13,4,-0.009116093170348338
56,14,4,-0.006801156959694631
56,15,4,-0.022454458895973743
56,16,4,0.014225791554337714
56,17,4,-0.002016474625150709
56,18,4,-0.009927990890599063
56,19,4,-0.0017470276700112721
56,20,4,-0.021978211471214263
56,21,4,-0.0011516778495324338
56,22,4,0.005837864234298617
56,23,4,0.012087590126212352
56,24,4,0.00427824440377538
56,25,4,0.0057272193759304105
56,26,4,0.0008955524955354338
56,27,4,-0.0012170767353055173
56,28,4,0.009101716527621807
56,29,4,0.0003794880425130186
56,30,4,0.011443204931947077
56,31,4,-0.019228601208450616
56,32,4,0.0006617311534826579
56,33,4,0.013012127130656193
56,34,4,0.0030806649971835375
56,35,4,0.002400123875853238
56,36,4,0.005671080994409475
56,37,4,-0.0007029419446663455
56,38,4,-0.015987156244998642
56,39,4,-0.0068583114420044675
56,40,4,-0.01397574970856041
56,41,4,-0.0002783278217779357
56,42,4,0.0029509509030674376
56,43,4,0.012468026939801619
56,44,4,0.004374168378404435
56,45,4,0.013155666850488428
56,46,4,0.011010092932273435
56,47,4,-0.003012509029381802
56,48,4,-0.006657300796274102
56,49,4,-0.012384058075141919
56,50,4,-0.021555321700741738
56,51,4,0.003907021021979353
56,52,4,-0.0181834427728231
56,53,4,0.0032835125957912793
56,54,4,-0.001162039545611678
56,55,4,-0.01420339690173872
56,57,4,-0.002138267085644045
56,58,4,0.0023606155443089438
56,59,4,-0.003711821607879793
57,0,4,-0.001577726464676606
57,1,4,-0.01814002411928148
57,2,4,-0.036033220502043856
57,3,4,-0.01112661449670891
57,4,4,-0.010593197867791027
57,5,4,-0.010420146062583038
57,6,4,-0.057872406774995874
57,7,4,-0.015046072841799159
57,8,4,-0.017229608704162683
57,9,4,-0.011437805928529464
57,10,4,0.005530017925237709
57,11,4,0.0018208469651214512
57,12,4,0.017329331249958547
57,13,4,0.02716627353038984
57,14,4,0.014165542133899409
57,15,4,-0.003993993830013856
57,16,4,0.0018937868054724918
57,17,4,-0.02631627089171286
57,18,4,-0.012396280181904605
57,19,4,-0.008472327419957147
57,20,4,-0.05761327235933037
57,21,4,-0.04013059230386136
57,22,4,0.005110641601612825
57,23,4,0.0043852458666798644
57,24,4,0.00159134778586543
57,25,4,-0.010472662900812387
57,26,4,-0.009038518070395053
57,27,4,0.008892161819344463
57,28,4,-0.00993996418831747
57,29,4,0.012241914941181304
57,30,4,-0.008551422071099022
57,31,4,0.003890947116764581
57,32,4,0.001713801721330494
57,33,4,0.0005033921928861759
57,34,4,-0.0051700812696154185
57,35,4,0.01016818453066789
57,36,4,-0.006850028384671902
57,37,4,-0.010229409491544985
57,38,4,-0.003897481192799303
57,39,4,-0.009382186865347345
57,40,4,-0.028226491026985233
57,41,4,0.010292759655122698
57,42,4,-0.00204937733525477
57,43,4,0.008193152194732652
57,44,4,0.0353394172083728
57,45,4,0.008729907650893787
57,46,4,0.0010816317319414653
57,47,4,-0.011008091461390633
57,48,4,-0.005538258013910896
57,49,4,0.009257968265808065
57,50,4,0.006297458575904951
57,51,4,-0.002678430105540472
57,52,4,0.011119867177846802
57,53,4,0.02080285281141804
57,54,4,0.0019494580236949326
57,55,4,-0.002654942937816176
57,56,4,-4.037850022339112e-05
57,58,4,0.0015970751489008186
57,59,4,0.0054069159910816005
58,0,4,-0.002050474455468185
58,1,4,-0.000600430972650813
58,2,4,0.007334489405493141
58,3,4,-0.002019506981441785
58,4,4,0.0014225597822821183
58,5,4,0.002259008397657125
58,6,4,-0.00441693241849128
58,7,4,0.019002072400981278
58,8,4,0.006053389992417023
58,9,4,-0.00011964830290621713
58,10,4,0.004127932015509338
58,11,4,-0.0024655760373240394
58,12,4,-0.0032613276152376287
58,13,4,-0.006544660458239225
58,14,4,-0.002107943798402698
58,15,4,0.0035106836016389475
58,16,4,0.010510406491023786
58,17,4,0.0021183549872236546
58,18,4,0.03741135552666487
58,19,4,-0.0021816703758934723
58,20,4,-0.009167447791222309
58,21,4,0.0011198028334412058
58,22,4,0.006389573846263927
58,23,4,0.008975206739500835
58,24,4,-0.004417814438809736
58,25,4,0.00882161632920592
58,26,4,-0.0010716547158509996
58,27,4,-0.003078432979105824
58,28,4,-0.00013304272003686313
58,29,4,0.008041770043320174
58,30,4,0.0017653351947816255
58,31,4,-0.004289974711877739
58,32,4,-0.004986181314780273
58,33,4,0.007069620052506335
58,34,4,-0.0029972942295363276
58,35,4,0.003545739101649464
58,36,4,0.0014703741006382469
58,37,4,0.001984472472390037
58,38,4,-0.0021168287873645133
58,39,4,-0.0011178153946978437
58,40,4,-0.00319010989030236
58,41,4,-0.00035796195559130006
58,42,4,-0.005014871080212628
58,43,4,0.0019019352239927787
58,44,4,-0.00391275534943549
58,45,4,-0.011119437585964974
58,46,4,0.006419780471441688
58,47,4,0.0007556719849541847
58,48,4,-0.005719471005780366
58,49,4,-0.0021303348481037823
58,50,4,-0.0098317513965309
58,51,4,-0.006174378823311911
58,52,4,-0.004946141123204697
58,53,4,0.005033730082331799
58,54,4,0.00015232994899080148
58,55,4,-0.005434542216612136
58,56,4,-0.006641982127670954
58,57,4,0.0006287792796882343
58,59,4,-0.0022594098324161967
59,0,4,0.003086198377253224
59,1,4,-0.003363877317394325
59,2,4,-0.0007343972635854706
59,3,4,0.005052709367019801
59,4,4,0.000991395563971899
59,5,4,-0.003184791829511328
59,6,4,0.0005942178352164489
59,7,4,-0.00443016238442258
59,8,4,0.010569167800486333
59,9,4,-0.005283191479920586
59,10,4,-0.004220295787596849
59,11,4,-0.0010811970964856705
59,12,4,-0.008005142045751697
59,13,4,0.00595090360534441
59,14,4,0.0028988107278160678
59,15,4,0.0028095348110055048
59,16,4,-0.006989103490456991
59,17,4,-0.005176687889415331
59,18,4,-0.0001818459902239173
59,19,4,0.002794172258373778
59,20,4,-0.0027928075198880888
59,21,4,-0.002560495023084544
59,22,4,0.009314516767730732
59,23,4,0.00892244465052208
59,24,4,-0.011930293965166892
59,25,4,-0.00750662904354378
59,26,4,-0.006541149120171892
59,27,4,0.0001864941096820621
59,28,4,0.0030914787201710156
59,29,4,0.0027855706623846383
59,30,4,-0.003917140183240226
59,31,4,0.0029482727106362673
59,32,4,0.0028134501830274564
59,33,4,0.009163411659625073
59,34,4,-0.0071279926479381325
59,35,4,0.00633791788982428
59,36,4,0.008260015698930843
59,37,4,-0.009269789654580453
59,38,4,0.002179731322967509
59,39,4,-0.005639693196626821
59,40,4,-0.0012425183365897268
59,41,4,-0.0006829351422654295
59,42,4,0.0021896776432663205
59,43,4,0.010288741376394985
59,44,4,-0.0023881544417387645
59,45,4,0.011108059923201352
59,46,4,0.007821002181921846
59,47,4,-0.0040529739451894975
59,48,4,0.004186833836009142
59,49,4,-0.005045927759881534
59,50,4,-7.961558612432041e-06
59,51,4,0.0014660715860096997
59,52,4,0.003177324010427786
59,53,4,0.006489319626955937
59,54,4,0.0004241538020626487
59,55,4,0.0028241597273636772
59,56,4,-0.002214814222128087
59,57,4,0.0021338545186959652
59,58,4,0.0007303197725088764
