source_region,module,ctx-lh-caudalanteriorcingulate,ctx-lh-frontalpole,ctx-lh-fusiform,ctx-lh-inferiortemporal,ctx-lh-isthmuscingulate,ctx-lh-middletemporal,ctx-lh-posteriorcingulate,ctx-lh-rostralanteriorcingulate,ctx-lh-superiortemporal,ctx-rh-caudalanteriorcingulate,ctx-rh-frontalpole,ctx-rh-fusiform,ctx-rh-inferiortemporal,ctx-rh-isthmuscingulate,ctx-rh-middletemporal,ctx-rh-posteriorcingulate,ctx-rh-rostralanteriorcingulate,ctx-rh-superiortemporal,ctx-lh-paracentral,ctx-lh-postcentral,ctx-lh-precentral,ctx-lh-transversetemporal,ctx-rh-paracentral,ctx-rh-postcentral,ctx-rh-precentral,ctx-rh-transversetemporal,ctx-lh-cuneus,ctx-lh-lateraloccipital,ctx-lh-lingual,ctx-lh-pericalcarine,ctx-lh-precuneus,ctx-rh-cuneus,ctx-rh-lateraloccipital,ctx-rh-lingual,ctx-rh-pericalcarine,ctx-rh-precuneus,ctx-lh-bankssts,ctx-lh-inferiorparietal,ctx-lh-superiorparietal,ctx-lh-supramarginal,ctx-rh-bankssts,ctx-rh-inferiorparietal,ctx-rh-superiorparietal,ctx-rh-supramarginal,ctx-lh-caudalmiddlefrontal,ctx-lh-parsopercularis,ctx-lh-parsorbitalis,ctx-lh-parstriangularis,ctx-lh-rostralmiddlefrontal,ctx-lh-superiorfrontal,ctx-rh-caudalmiddlefrontal,ctx-rh-parsopercularis,ctx-rh-parsorbitalis,ctx-rh-parstriangularis,ctx-rh-rostralmiddlefrontal,ctx-rh-superiorfrontal,ctx-lh-entorhinal,ctx-lh-insula,ctx-lh-lateralorbitofrontal,ctx-lh-medialorbitofrontal,ctx-lh-parahippocampal,ctx-lh-temporalpole,ctx-rh-entorhinal,ctx-rh-insula,ctx-rh-lateralorbitofrontal,ctx-rh-medialorbitofrontal,ctx-rh-parahippocampal,ctx-rh-temporalpole,Brain-Stem,Left-Accumbens-area,Left-Amygdala,Left-Caudate,Left-Hippocampus,Left-Pallidum,Left-Putamen,Left-Thalamus-Proper,Right-Accumbens-area,Right-Amygdala,Right-Caudate,Right-Hippocampus,Right-Pallidum,Right-Putamen,Right-Thalamus-Proper
ctx-lh-caudalanteriorcingulate,DMN,0.0,2.5822575865062464e-05,0.00019072034426991451,0.0006423973092279351,1.7684944345949814e-06,0.0014549501968459924,0.000220728027086229,0.0011547471425198863,3.616740083009559e-05,2.1705598456572513e-05,0.0018767636813309257,0.000990385503418346,0.0017959454686051392,0.004634104370100395,0.0008420751223201804,0.0019329809476840974,0.0008948052544164673,0.0006064335277992322,6.912691145927751e-05,1.4833328161517356e-05,0.0007985817718706181,7.228642262560708e-05,0.0006878420258820134,3.4055981054374896e-05,0.0002271898136024042,2.9893504137137796e-06,0.0006994379064421307,0.0010094957501516056,0.0037003919200191463,0.0021337003736984807,0.002744690250319935,5.814344635082522e-05,0.00011816727396571517,0.0020825779841984015,3.093719395987012e-08,0.0005279365579359823,0.002753913001557516,4.563405419477778e-05,0.001858724663174332,0.0006400615169547053,0.0018274505079015854,6.561584285170832e-05,0.0013296771125410538,0.00011241778390278184,3.000633485167528e-05,0.0002578222654776429,0.0023050724589379094,0.0008396156691838288,6.408037452821177e-05,4.322243761196754e-05,0.00017222074534134846,0.0002846569913031663,0.002801546371415945,1.2282170202494505e-05,8.964647344535275e-05,8.433330543586053e-05,8.753382736200679e-06,0.001645015417941667,0.00024216399886563852,0.00011751835558102722,0.0011581705622035763,0.00027901650316073165,0.003093557856848626,0.00038788262693367624,0.0003892401839119697,0.0022373831966600124,0.007023696055144217,0.001192483248994538,0.002183433944212291,6.565394431301644e-05,0.0008088996080605487,0.0021916943409174727,7.773893143715621e-05,2.2044913530202976e-05,0.0008014331186969537,0.0012462460677354259,3.978469268107858e-06,7.287558028711137e-05,0.00020016735252377553,0.0008789904174843904,0.0012888909080503354,4.3002148912667746e-05,0.0004873354230450793
ctx-lh-frontalpole,DMN,7.723527796257413e-05,0.0,6.534713177386688e-05,0.00014159238314412036,0.00022173795080082204,0.0004123616184788666,0.0007699157986152428,8.395280584221579e-05,0.0005318078941047784,0.00031761604277025544,0.0027904748827210367,0.0003896110107425571,1.3365381700356938e-05,0.00020728508041843605,0.00024134850648693416,5.200592543526356e-05,0.0007682196668436819,7.873582908671639e-05,2.2108366428626417e-05,0.00010534497733085143,0.0001737076882100783,5.515160423137659e-06,0.0004620714344567031,0.002757784458479291,2.7655189571658673e-06,0.0010569196450846046,8.801891828161779e-05,0.0006822262415657694,0.0007196766489637114,2.328734247338068e-05,0.0004282330205485257,0.0009464585363734812,7.290518855630839e-05,7.776280223672883e-05,0.000272433166050591,0.0006950701789891806,0.001888806157457367,0.0017233897260259248,0.0005826099134578964,0.0001215528910910861,0.0019251870596349752,0.0003091547228252808,0.0012693604166081095,0.00017124036428922337,0.0003186511619128294,1.991695299003703e-05,0.00031592549353239447,1.1311628185767609e-05,0.0007795283126733453,5.3225533051874775e-05,0.0019532987187636614,0.0010020571336108721,0.00011212313797077715,0.00039998817861808874,7.158953856114876e-07,1.8221849761120602e-06,5.2333704591692705e-05,5.83327074767144e-05,0.00023607462381755628,5.6482162084197246e-05,9.095768629263939e-06,6.713659953485551e-06,0.00037106079651877605,0.0004037413502110226,0.0002172257597308232,0.002744153867463602,0.00065972856249756,3.1320517320572974e-05,0.00028247906456708034,0.0019649061181974425,0.0003563869038003298,0.0005004855651129139,4.687009350627416e-05,4.050209447907116e-06,0.002687689708836218,0.00013636866759460516,2.0654509401584874e-05,3.944008755779067e-05,4.245253919334811e-05,0.0008301348560057832,0.0007544024739801208,0.00015071979734390488,1.7499265920591384e-05
ctx-lh-fusiform,DMN,0.013584882690289842,0.001188724410818057,0.0,0.0007917713140328243,0.0011182092728895757,5.916325626786033e-05,8.599351939966728e-05,0.017635348998197253,2.536185370213123e-06,0.00446728122285864,0.02784591455901602,0.0016376283700243975,0.029901589210986516,0.001394711688850754,0.003221765212937689,0.0163870142686398,0.0008750130192192786,9.487445503066458e-05,0.0007300242148588548,0.001488987775954231,0.00042015848103163766,0.0029293196974169156,2.851640511283042e-05,0.0022182062705914268,0.0004919757574371391,0.00879850759066773,0.0057019458669119874,3.4885571147228706e-06,0.0050526130593715095,0.00170014948353914,0.0022623587622398324,0.006289823324266587,0.01065431609441978,0.00019571650143542307,0.007804891503361062,0.014113258969006136,0.0012134495381452995,0.004972190821459012,0.0002769985963833102,0.007218950305116619,0.029882620064440056,0.0003862433801409454,0.0013666461688478719,0.000884305044137556,0.01143850939089834,0.0003316388677958756,0.00011522775126848274,1.8050629903323988e-05,0.017651484292909893,0.00870478341104871,0.008278240267545837,0.00024825133484834925,0.010729147666055594,0.0015289017027186344,0.0030875461184540053,9.136908687035245e-06,0.003583283263517979,0.008506954177293385,0.0041783110434436485,0.0012404542972874895,0.008891041126127652,0.009815581372256884,0.0028031948609675435,9.491302669144948e-05,0.0066563936134811375,0.00020422995014031714,0.003912820625386281,2.7430925602860097e-06,0.0002603459464477427,3.3096765761676096e-06,0.003240620622822799,0.0050084925592143925,0.00014136868441720537,0.028645580373710334,0.014600962391805876,0.0003163598620828192,0.003168628992509889,0.0044276671791607025,0.047923053569211504,0.004286270073142496,0.00642074654593676,0.012375201951383023,0.0032343503264010615
ctx-lh-inferiortemporal,DMN,0.007585675385074886,0.0016186427153758141,0.0021219666325414063,0.0,0.000250601039698584,2.9533753228627284e-05,0.007470202756219647,0.0021046500297111186,0.0043713785306489054,0.01048620484714044,0.009027848671874077,0.0002606285847369863,0.0010823983236334916,0.024934527189071645,0.007641451112666559,0.0012915700222545453,0.0002758866490585875,0.0014869481267845504,0.00023659699032420493,0.00224842598702837,0.000701346614905961,0.007175531002025865,0.0011960116893664438,0.008198431610855914,0.00024532233983019997,0.00012098109286536264,0.0036224263206111403,0.0015468082256359752,0.0008396667080758296,1.702235068240718e-05,0.000256567169368864,0.00798970096401146,2.788201862829179e-05,0.017391510507194858,0.013373893694032886,0.019386790570709616,0.007554178296878016,0.004601143349443362,9.780719666119538e-05,0.0003056769366095438,0.0005781815326289564,0.014691613193333192,0.00019277668468247665,0.0002230601529456689,0.002540579804771902,1.4663729890926672e-05,0.026808979722488236,9.164423153781428e-06,0.0073339638277123914,0.00027234501564964614,0.00636085942888875,0.015853862125937764,0.0017135359093842495,0.011428178411238409,0.0014618596669178714,0.001046370940958881,0.0005747759606771826,0.000956435274640121,0.0007154682869418926,0.017254001363995557,0.00026277422690858715,0.013427877645532646,0.0007875916369990769,0.00571999300964966,0.0038616049896279046,0.004684446927997239,0.020138697902631123,0.0005494801092401261,9.239619064931169e-05,0.0034922765509828287,0.0024380987189427925,0.004868079023980027,0.0015761423290967672,7.641892264940989e-05,0.001926139774684085,0.0008143212985216927,0.004383689796810262,0.0019417469794443727,0.0007818345560921425,0.003997408855899682,1.200170888514958e-07,0.009310064619223476,0.014518608111922586
ctx-lh-isthmuscingulate,DMN,6.409106850584609e-05,0.002443261821465101,0.001315096098177173,4.0533642273908835e-05,0.0,0.0007301495914364412,0.003045837659555849,0.0007710742102102672,0.0006458122024693882,0.00038479107858046857,0.0003216585428763705,2.273436655572023e-05,0.0031784203572723956,0.0004910276008163481,5.012207767148923e-05,5.897858191278443e-05,0.0014956319563133329,0.0001939448353536511,0.0006590950372250294,8.2487523591123e-06,8.495908301163126e-05,0.000576861272912025,0.00047769240188267806,0.0003165822267029948,0.0010540043404089253,0.003367710242235197,7.163178476268733e-07,0.006162401359858119,0.01194624173638819,0.0004508137262162349,4.483722117459884e-06,0.00024559240999504235,0.00562394296455478,0.0024841276068167336,0.0042990319592317704,0.002217531722454923,0.0014146775765189823,1.8161270816626555e-05,0.00019117631140373511,0.0006049627670087855,0.0050089702175411446,2.294812306247373e-05,0.00507946921519762,0.0002515748045629609,0.004497607434243517,0.0006056476042131865,0.005902135897967237,0.00011670752154616176,2.7097542273601855e-05,0.0007313029499481365,0.006375348540873568,8.803792372677567e-07,0.0022152889809012298,1.1954666974379063e-05,0.0006741864439665938,0.00011752921272525735,0.0021401910827463957,8.651690215979981e-05,0.0001204531256007409,0.00019891893329282822,0.0006077081311023177,0.00018007720381793757,0.002063256620478082,0.0011205577551478135,0.009393426859324613,0.012393255418500974,0.001672009859680791,0.0031235693929643317,0.0005440815897222776,4.906300668618483e-06,1.5384503647332676e-09,0.00395110179456848,9.070065114644148e-05,0.00042515295605348793,2.8252872288544463e-06,0.005961750929927553,0.0008330032988669,0.0007929359470430475,0.002198960854659528,0.0002850922184280184,4.53528792286781e-05,0.0006328429369308149,0.0015978727583037266
ctx-lh-middletemporal,DMN,0.01080073217842592,0.0006081290071350657,0.00045264870515420374,0.004231127559554348,0.012082211007583873,0.0,0.0006595784301206512,0.0007322604447139911,0.00027028123934193373,0.016342941782680292,0.008391838376437774,0.001042774924551721,0.0003641632524566285,0.006920222661747081,0.00785408347927453,0.0001667168873307223,0.03189835251924932,0.004469819886436664,0.006017360302245896,0.011464334497850911,0.0006840570077061123,0.014371582742396924,0.009045890900183312,0.007873791870076367,0.00014287961883193489,0.0035625000332819355,0.0008258150483802745,0.0016876447491917875,0.006994406200899042,0.004584608868661837,0.0021240032414912586,0.00115657919128406,0.0003313854941373032,0.005040709111502582,0.0008449602954612439,0.0003588634149574807,0.0018119105089428988,0.0004520447365879624,0.010009872496355675,0.005943331854285403,0.006181104318384152,0.0152263730998582,0.005601057795549212,0.001198365253307274,0.004210990429718197,0.0014210690707859856,0.017334024888782936,0.014051489126199525,0.0026686021014094515,0.002495050404380757,0.007830717286822018,0.004991568112582124,0.0006598112286267192,5.9081555344732025e-05,0.00033115559225767516,1.0950786573009918e-05,0.0001711702412009866,9.999746420950315e-05,0.0025179493183064153,0.007566404530600447,0.0009153192537776631,0.007630338525862971,0.003918746251577666,0.00014444348897114012,0.0073016955175413826,0.0007430733945616305,0.004338755874040259,0.08419476713559293,0.0005681695188641785,0.002789212630071035,0.001977180873202024,0.0032057493027283844,0.0025311522636605943,0.007003976898689883,0.0003768479074625127,0.05712313482498753,0.0010266410826856062,0.002676201047609027,0.009425914636897305,0.004764546022322296,0.011042798320407202,0.07180226581729056,6.352291902760763e-05
ctx-lh-posteriorcingulate,DMN,0.0007611907710368607,0.0001113516652236693,0.0017981880433447345,0.0012397019121329332,0.0025685527143071356,7.878279403506968e-05,0.0,1.1390763886954603e-05,0.0011604989238402782,0.0016076247421853212,0.004938370339034765,0.002267110406305382,0.00028238039794487637,5.9063302560994827e-05,0.00019690560640470915,0.0007440459482569547,0.0031127600822551406,1.2921358863361122e-06,0.0013194433275567422,0.0009850442794362055,2.0789878883410504e-05,0.0005758480868486381,0.003880183374459821,0.004351165336295926,0.0019925137991755014,0.0028575301516248213,0.0002483313727229151,0.00010383116314676448,0.00035471627865663855,0.014155676777922626,2.8775423052242314e-05,0.009467721489888274,1.5566388740685832e-06,0.00013827435327654563,0.0002663531436280245,3.748539765210354e-06,0.006286710981236739,0.0025933047616852885,1.3539792695628014e-05,0.0001299855253893861,6.344874617273232e-05,0.0018345060534512797,0.0013987975208051954,0.002986800472296376,0.0054991627275458085,0.00011820268961469093,8.834652769735925e-05,0.0023101084608481057,8.94174021066958e-06,1.2104123323683701e-05,0.0014077794556029931,0.0008890433187539744,0.011653462190934513,2.7941942496409046e-06,2.236649070721005e-05,0.0006745918548494318,0.001174565035209374,0.0005404371245728192,0.0016713042502968611,0.0019292253607387315,0.000587202830305983,0.012306420432690979,0.0014601015365786289,0.002506643626997248,0.008525942207174765,7.10004867025823e-05,0.0001646116539438569,0.001033526727202007,0.00018813225611295447,0.00085832621062962,0.001913835398821455,0.0019069233423186342,3.6860733180396504e-05,8.25095687361451e-05,0.004802719912116428,7.594547863185917e-05,0.00012141865624293092,0.0001086980466111221,0.0023076541775622836,0.002495438076190414,0.00045161503303517875,0.003807796337061123,0.00847521343658608
ctx-lh-rostralanteriorcingulate,DMN,0.0005027305097890611,0.0006856336688300243,0.0012998512606153243,0.00042181439274134586,0.0036324505053292053,0.00011486275213347299,0.0039235861564264765,0.0,0.002906476297869009,1.5446495203265795e-06,0.002774363189821721,5.694004487553469e-05,0.00014600587452222682,4.981150178826135e-05,5.818469097751137e-05,0.001041641431050188,0.00014266738116412887,0.007144686045433267,0.0037919508192896596,0.001169516402881423,0.002837004289927869,0.0009974648615802522,0.002458274564270834,0.004168573820719526,1.2612858398696273e-05,0.00019235097238716792,0.0020859866083377337,0.006590787877298593,9.818881589386407e-06,0.0035806347716071172,0.00022023564538929677,6.736301164941892e-05,0.0012723999214396845,0.00011943671643467734,0.00021027694193004762,4.849561060599225e-05,0.0045564654532593354,0.002223321971349971,0.001817719248738558,0.0013103933953689377,0.0002628667901162805,8.82634539707938e-06,0.00339895265145547,0.0004151999381361639,0.0006893572833704205,0.0013605003977273788,0.0020698908655327913,0.00028084980498173704,0.0008116504764661877,0.0029747922109277652,0.0017650068249422891,0.002639702393559354,0.0010062771223022183,0.0005552808123213622,0.0001690790937134436,5.303903940934809e-06,0.007628083311958976,0.000623323867804196,0.00022744672439012052,2.3069420927691315e-05,1.0382463532314583e-07,0.004362964203917625,0.0027233740981673174,0.001196887814378303,0.000690079949809052,0.003977547422948336,0.0007974933226992167,0.004729026305897221,0.0019753462331522044,0.00011509898326330353,0.0003496974558517851,0.00309914314744002,0.00030788849141312425,0.0012219189018773488,0.006917366372051167,0.0010117112027063693,0.0038341592982764033,0.0008582829931532026,0.002365795187385162,4.771774544471066e-07,0.004370212096225553,0.0002120135334810422,0.0024228588885103096
ctx-lh-superiortemporal,DMN,0.001313854023458903,0.0003285203185897553,0.007160150858604042,0.002763826382658458,0.010241852200367892,9.743058478515622e-05,0.0002202808417502262,3.494780629058673e-05,0.0,0.004987423001751204,0.00016090686745947886,0.001517165404438322,0.002347959907443339,0.03167877140501725,0.014941686755236952,0.0033550565180726927,0.04885065926600549,0.0005313893020929933,5.064375417972323e-06,0.008910743394387874,2.3176434051495154e-09,2.312246171986425e-06,0.031131664750415518,0.006617500394391189,0.002716724192013075,0.007714622028605845,0.09017075951051132,4.856782939749571e-08,1.705289451267784e-05,0.020098473260577114,0.006456679208668729,0.02840481144398708,0.015924461667375114,0.004100555975108213,0.0034644752301222327,2.2620431796165552e-05,0.0016247478300765725,5.4174447319552405e-05,0.03366071515166701,0.0027908009780005503,0.0018701880242149962,0.004581463541270835,0.0031334868443301587,0.003489662796708058,0.002686801244872226,0.00196722164475839,0.00027350002728494474,0.004164972673411111,0.0002638135721558845,0.015295056594744609,0.004354527326103241,0.00030504821036026673,0.0007674671064773463,0.000781313605487598,0.0033107661944747424,0.010275653089018375,0.0016041711422860377,0.0003049981365453935,0.0054816712687991345,0.0037166383761941886,0.05460486798009792,0.026248670720975035,0.013790149863080258,0.006179035345403426,0.00784847441287135,0.0011137645198610914,5.703685299804134e-05,0.019645044772072812,6.606418437443186e-05,0.02421010481658856,0.021050902252812774,0.010308241066640295,0.01163708149932274,0.0011143834838981477,0.013061005136930823,0.004147555516410123,0.0019196893902689496,0.008773453354509287,0.005482427063492047,0.0010799495148832233,0.015241597018471187,0.0004572033640135686,0.010326187397564817
ctx-rh-caudalanteriorcingulate,DMN,1.5247816738303845e-05,0.0006505759180398475,0.00042183323098981705,0.0005472636719037212,0.0035163430833235307,0.002369438826700645,0.000953000039012559,4.152313810871863e-05,0.001303806212386005,0.0,0.000748879815495874,4.1814205792474406e-08,0.0005327229280587293,0.002384138559532022,0.000702200905399131,0.00015961657040089187,0.004014627185970987,0.0008418158382683704,4.2485902284552714e-05,7.834286549803838e-05,0.0010478408026631367,1.5653612159353238e-05,0.002510362863638732,2.8568188760147525e-05,0.00018635300819871872,0.0008659801865114074,0.00030611774142673805,0.0003070381586850186,0.0031090782291991813,0.00019586780884285786,0.0009682463806329848,0.0013355253015187923,0.001885402566201072,0.0031471697857925595,0.0006133767679971163,0.0017684377295139962,1.294912039699016e-05,0.000283734622505583,4.669345143134362e-06,0.0009521106165991924,0.0019684175662877785,0.001683191692650239,0.0006559948061326802,0.0031534580585357826,0.00014688366072200087,1.8524717292571396e-05,0.0025230415556926414,0.002785315559988407,7.005874149226024e-05,0.00011268770875423647,4.905876619234691e-05,0.004416299589495901,0.0017647209523827228,0.000230502287502957,0.002360968124111759,7.559643536968364e-05,0.00011065438239566772,4.970803577906468e-06,2.7834222763347422e-05,7.428230125013616e-05,0.0002749702612201851,0.00015713143786458373,5.7653289072696666e-05,5.038320772409778e-06,0.0034120021107281553,0.002226149991910366,0.00019342258096584987,0.007121916089362125,0.004764951562212218,0.0015277446949529126,0.003177923215700259,0.0002719424675089108,0.0008929572160383175,0.0006379776748330589,0.005255331614203007,0.00031220569081167693,0.001579270156188753,0.0030126971896149604,0.00015242219905561334,0.003940681413384193,0.0003173202601143866,0.0008231813024953125,0.0008982993425844607
ctx-rh-frontalpole,DMN,0.00011773344702315708,0.0005451143249903422,0.00022783752742549493,0.0003079999922399646,0.0005634099292348888,2.043964701753303e-05,1.0278018454545642e-05,0.0002922545868969152,3.89063691576767e-06,4.803486636991454e-06,0.0,0.00017010124691685142,0.003971853458890933,0.00015827091334420863,4.907621784983828e-05,0.0005016788377712853,0.00019206876804906084,7.972621625145835e-05,2.261679186549337e-05,7.059730967528656e-05,0.0010965712592159837,1.8057505652487116e-05,6.028982891735769e-06,0.0001656062654870936,0.0016246973769231286,7.93768755329893e-06,0.0072124615824518765,0.006114303592905879,0.0017580080608945376,2.6486323900900543e-06,1.7521654477557595e-05,0.0003539981863467208,0.0017076392350703238,0.0015166660067232108,0.0012573345981622037,0.0001907044724740431,0.0005471567041581867,0.0001501316646346902,2.0568937413223153e-05,1.4870606049869156e-05,9.270343457628144e-07,0.0001107715970147905,4.959421251500653e-06,0.00014310627221619836,2.7071367797364202e-05,0.00012631510458044096,0.00020309337892606322,2.189342293995719e-05,0.0004606799952477995,0.0006403090251774311,0.0002547959807618612,0.0004318028257645209,1.6610523989665455e-05,0.000371110670488445,1.1854064306460351e-05,9.101384515035986e-05,0.0007570460647324147,0.0023269035466906398,6.737461156971426e-06,0.0004110509137490506,0.0012196860578138882,0.0018658923968003038,0.0001566778205415297,0.0002353287182906852,3.824754618245804e-05,0.0001577645457693239,0.0010126841251011987,0.00021707466162452298,0.0006799796326854789,0.0004580742770274527,5.073644797683061e-05,0.00020202511536537168,0.0003520980314985995,0.00019142334840683488,0.0034714832097962065,0.0008323359467695029,0.00012214091230668866,0.002820701908266815,0.0014570826158863748,3.1172344884815752e-06,0.0012066054411517828,0.0021569483500135348,0.0006637701034817377
ctx-rh-fusiform,DMN,0.0005813284001157434,0.0019889103183205427,8.011655624641358e-05,0.00010908262037454725,0.004432818697778928,0.002316747952465622,0.0007733805093122041,0.011195749923379125,2.566151065481319e-05,2.393065150098448e-05,0.0027342592934830726,0.0,4.430321382159685e-05,0.0011262481200299728,0.001691046817027179,0.0008364623261361865,0.009139231976511569,4.130154422269649e-05,0.002651017226563964,0.0006198256217531765,0.0014382584366584648,0.0011097880942007603,0.0030312049543389833,0.0014795061912976674,0.0014856564463761963,0.0014119634945743496,0.007479056985605173,0.007758135442454664,0.002798570275284367,0.0018734877377711975,5.640485060524802e-05,7.548034840038052e-05,0.003709971272890412,0.013998712993220634,0.0004004611938415526,0.0003338501516665538,0.004745411468771702,0.0018076520358186908,0.0016692971803096755,0.0009550476972301946,0.0015094682935900315,3.559878102008359e-05,0.001603513147505698,0.000794288130214357,0.0023801020530965496,0.0008504118590562032,7.218249160249535e-05,0.008562963127020321,9.174304439292829e-05,3.394410170851429e-05,0.006139766303288478,0.012248070930883894,0.0005076572090608292,2.576053871288317e-06,2.084582686509021e-05,0.00016682227007189026,0.00864485267812611,0.002426429551829089,0.0013431747129987654,0.0016374396523030708,0.0014220290246149145,0.0018399112558066958,0.0017346880812450186,0.0014502495391625293,0.0005362762878175114,0.006853920811289373,4.2377747937699437e-07,0.0027564046804071907,0.007957618714739859,0.0020516538974255584,0.0014823121526804039,0.013509983276268041,0.0005255587353780746,0.00018956718283551257,0.00027809817787920036,0.014465615704411742,0.002059704974921457,0.0031619326494150583,0.0004545279421662231,4.984512716201883e-05,0.00046990578807484714,0.012105753387486666,0.0489414183354564
ctx-rh-inferiortemporal,DMN,0.007053123317872175,0.004712466825222403,0.0022367548335220193,0.00011228262600587304,0.0009343432076215128,9.180350252431906e-05,0.0008083966654554866,0.003767067945983973,2.567883408226958e-05,0.013430026496346427,0.0011398171559055858,0.003319689607287877,0.0,0.006588154977248588,0.0019005959516595605,0.009288689720503574,0.0029382087555469664,0.0007357884878814353,0.0006501812324154588,0.0004054777688064432,0.000883507831029298,0.006602187273360722,0.004575538177241082,0.000335837809851999,0.004319085686114113,0.002641780577417409,0.0015517750731963392,0.009649165574968284,0.0038237695523537646,0.0008563063048664671,0.00373731629047369,0.0010422007226240067,0.0018541494195075615,0.0038887461743974594,0.002941767871363743,0.0005655646152521841,0.002092866379284577,9.112180391385042e-05,6.27456757468835e-05,0.0015269771516778668,0.0108614195719479,5.448853116771374e-09,0.0016747492444775859,0.0004038008988370066,0.00023379849854972045,8.726053728310688e-05,0.001727598855004489,0.001207280584259027,6.458177616858134e-05,0.00297272862270624,0.0006217755207201917,2.938661819802008e-05,0.006937334778592517,0.00035415191806971165,0.011381232967823717,0.01192995997896149,0.010708841212676382,0.009484281204793176,0.0032898525204584288,0.011901949194283813,0.013011676715141455,0.00018974352946999124,1.036414249407895e-06,0.00027023608795697746,0.00398002567142163,0.0030264044819296454,0.003704942678017465,0.00151974102900058,5.495461711325596e-05,1.3746687096337932e-05,0.002220103151737966,0.008061991433308829,0.00047041009647194116,0.0003754346527193884,0.003000402328055185,0.001207780569116436,0.0006813577094494897,0.01004505546233688,0.00551559908304051,0.001157285991994509,0.007866996715263402,9.971530656189434e-05,0.0003552595939634326
ctx-rh-isthmuscingulate,DMN,0.0001839666058897908,0.001386960412374241,4.0511904981467564e-05,1.485757283335484e-05,7.020677202473458e-06,0.0011228667811444709,0.0007000336044359708,3.814159349147801e-05,0.0011922406381969374,0.0006999342261146508,0.00044870202921307184,0.0009098020371165389,5.723673644160534e-06,0.0,1.222920021452013e-05,0.0005025296800946979,3.948574089087509e-05,3.7161637612041098e-06,0.00022653385106405935,0.0010295357850589242,0.00047384690274522904,1.281283285135741e-06,0.001408976004558817,0.001954853324256562,0.0001742906016200444,0.0016980355117885736,0.0005401609344986417,0.0028116983797001863,0.0003734678642469314,1.253581089872276e-08,0.0009180912875957533,0.0004018348888649701,1.689810802426462e-06,2.4452968804297303e-05,0.0027900191446786123,1.3306142087534416e-06,0.0027792917439011275,0.0008794551279311411,0.0021543553526939337,0.0005378752696172674,0.004502296515007866,0.0005296611686706388,0.00017419940190164566,0.0005794113281185364,1.872792439451887e-05,0.00022920023399229143,0.0030281992887720827,2.4621679398219964e-05,0.00014713421462686383,0.0006992274185499961,0.001039077308048839,0.0020320977051573193,7.774146384490991e-05,2.1901507495882582e-07,1.604285672363522e-05,4.533335838528361e-06,0.0015643587348565734,4.7128102437508405e-06,0.00014318974949597678,0.0013159022945316177,0.0006292495953166116,1.0230278859806797e-06,5.339812539631721e-06,0.0014328402054901584,5.265632449606246e-07,0.00040506006197203005,6.507802109407288e-05,0.0014096886863354462,0.00021474127531649078,0.0021376399708455452,0.0064636798099734025,0.001724356542123437,5.9487827568174235e-06,0.00019417104579688,0.002291407450636222,0.000634824478618503,2.7634637480727176e-08,0.0005754275635633962,0.0014769251901307389,1.9360850829423027e-05,0.0008039267186114421,0.002544187098273055,0.0030283697093142765
ctx-rh-middletemporal,DMN,0.01857114179502534,0.03048179838121779,0.009640483986233682,0.0007529636641699455,0.001579951517094236,7.255051845527684e-05,0.0025946239953697696,0.00156718339943096,0.00047952034727641383,0.0004389211638956209,0.00012632885619569544,5.748874860677094e-05,0.0004887041765499642,0.018325439133280913,0.0,0.004446447461268548,0.00042396770133818336,2.2222399634946576e-05,0.006710491470733677,9.768555813196764e-05,0.00027274685721068734,0.004264530484730761,0.002688378345996047,0.0015662693901875113,4.415998482743713e-06,1.672143001538995e-06,1.2652097039975512e-05,0.016090473468374982,0.004828073820350951,0.0063461446686933435,4.4611612278685296e-05,4.144303847834385e-06,0.014400305227539822,0.0016814400477914264,0.001469434653181313,0.018208109286294037,0.0006744508640934057,0.00010692605037044875,0.0022344031685877447,0.00173997269737453,5.114136915308043e-07,0.00845935733070917,0.002299649816799878,1.8830918375583024e-05,0.0045558134329457545,0.009537481589571404,0.04903565125636398,1.2327350533978924e-05,0.000912999707060964,0.0070136425090595676,2.8560638190267233e-06,0.01627167568289405,0.001656782441635903,0.011278298344923592,0.0008887118417568659,0.0008820059754355811,0.012717961027862715,0.000802101063533684,2.614924550025291e-06,0.002568603725005787,0.003549145196878966,0.0024070512691410717,0.000513051217568429,0.00037623606890309916,0.00023053971047267018,0.006999273234507402,0.0007767568383740682,0.0028510296142009407,0.006596372505252589,0.009270955231938204,0.0012299911732955202,0.008877588452725422,0.007735352393107178,0.00012043306186015418,0.007756846389018528,0.0012205918670425964,0.014837471473463272,0.0031946808585224676,0.0016142701519459303,0.0005235853346593494,0.0019663406073179455,0.0019404914906709595,0.0001933425983068165
ctx-rh-posteriorcingulate,DMN,0.0007591384864901408,0.0006269660732366937,1.3495175905610213e-08,0.005847424157670413,0.008013678762998341,0.0003732333731563423,0.004990277345027776,0.0010194500154497178,0.0009025095255309839,0.0002716017617885279,0.0002515635134876115,0.0009415958421404088,0.0007016881854478213,0.0005313527921243042,0.0009604482898245437,0.0,0.008800790967050904,0.00014505294239258452,0.0033626754004104954,0.0005193230587827785,0.00027588995838342874,0.0012051277877772326,0.0002106479210981599,7.36969117155915e-05,0.004206443046835128,0.0003090483185929135,0.007478262725171381,3.7919791950000503e-06,0.010627719434010018,0.017644425329791224,0.0003919387804952678,0.0017682850035028606,0.007378612342432443,1.4540052833666627e-05,0.0001590493787706269,2.3759253681948356e-05,0.0020484739385464184,0.002048166235802824,4.54389468530852e-05,0.001595307973705599,0.002118497122013068,0.0008285557074547144,4.7498829881798784e-05,0.0003602151373302645,0.0018799673511813767,0.004438259209048036,0.0005397927409664153,0.0006065164438881961,0.0011724882646254326,0.0011951771567990438,5.817042249154917e-06,0.019338442345590148,0.02302595474468448,0.0008307886001320343,0.0018134248488127877,0.003080985918686511,0.021516083380703648,9.699788707229151e-07,0.00013021579900233357,0.0011116214303918777,0.00041345497440649717,0.00011419695013904083,0.006714814775249629,0.0024432501193749996,0.0008778075628120129,0.006411440959213986,0.0006619677607375737,0.0032066835589726218,0.000899349520118156,0.0005011611485926214,0.0006111234285440956,0.0001007180583564236,0.0029584375760327727,0.004165119826760248,0.0022521900570946557,0.0018735756308789807,0.01452562605762485,0.002857120797612315,0.009223672482231817,3.8863479858972914e-05,0.003545143585196072,0.004746525241880295,0.0014794579858722053
ctx-rh-rostralanteriorcingulate,DMN,0.0002027311839149213,0.0016720189954559045,9.827545990839234e-05,0.00042561435181726835,0.001523452951940991,0.00021228371796069923,0.0008224432697164912,0.0015661706986765005,0.000465315429925673,5.311045503518853e-06,2.2551290397364218e-05,2.479099313388615e-05,3.2761735271003203e-06,0.00048202134395470344,0.0005404382287976232,0.00016140460302848517,0.0,0.0007030358024439039,1.9773192022270956e-06,2.5983942575416148e-05,0.0009601645498420172,0.0003348157365717887,0.003076024084129612,0.001278273032489428,0.00036298730035792516,3.216747350149431e-05,0.00035769108721544725,0.0033924387176106135,0.00016544147597670537,0.0010980526448750047,0.00014960105455409515,8.067605807886873e-05,0.0002547570096716241,0.00014898580877969526,0.000336792757037162,0.0004143756007095468,0.00018954879387616058,0.00041081438828581644,0.0006628177555735548,0.0003203406032418767,0.0019265911372938682,2.8135074425848106e-07,0.0002443920653144629,5.750748428990173e-06,0.0013233298459256902,4.166131620651763e-05,0.00010377438124181248,0.0014283019335856852,0.0017335028304141587,6.465779483727127e-05,5.404889826836056e-06,0.0004794673170022684,0.002178066166276415,0.0005928071361879002,0.000465861970563262,0.00018719283565231805,0.0005653839649602992,0.0005112988427587262,0.0006484203570335787,0.0016305371437897946,6.363228991414991e-07,0.00037154902576008654,0.0007657570197374831,0.0005637895605283297,0.0001583764206684547,0.0017837306440361864,8.046335482702615e-05,6.862372216735602e-05,0.0006292131000580576,9.38426586596578e-05,0.0004187707656599383,0.00013715795898572408,3.995159785925432e-05,0.0036355266403233564,3.439865089541649e-05,8.331790152849457e-05,0.0005994907737409435,0.0009594929886412797,0.0005290896339770683,9.738761369085351e-09,6.749366213336682e-05,0.0003830311027964506,1.0189770908970138e-05
ctx-rh-superiortemporal,DMN,0.00015540898112674436,0.0017350008500296192,0.0025028496937209185,0.028237128896972885,0.047156707797297207,0.00040337543091687725,0.017936713572036536,0.0006794043486963072,0.0003312302366384733,0.02484006405268963,0.0291414869440945,0.0020682984497287,0.0005624495016949432,0.0003021023870098521,0.0023221488271463874,0.010917036314063513,0.0022994622254580662,0.0,0.02518224646910464,0.0007495647799785615,0.00018253452991357045,9.807645073606811e-05,0.0014529210197850911,0.002313535485339361,0.005169881930823032,0.00014873886875949862,9.904602120333871e-05,0.012274544239803885,0.008253504867570597,0.0016270248251673376,1.663503715537557e-06,0.010325947622285206,0.0027930232830334673,0.004788478914277628,3.7613385128256753e-05,0.0031324843742847946,0.0006870125064485686,0.03931784756396285,0.01764585622830546,0.00040287204979339535,0.0029272000441521004,0.00033721378491556164,0.012638962402058543,0.0016931903103386816,0.000540514188265548,0.0008721442872520399,2.3463731235046386e-05,0.07072965339741209,0.009665769090921697,0.008027502989358976,0.0006480757059648791,3.6168668047472683e-10,0.01987349550456749,0.0011976319513093718,0.008940032980165765,0.00614191512687377,0.00243547008448852,8.434604109879728e-05,4.640324078001636e-05,0.00012226505146863974,0.029592193170132893,0.0052951432420462454,0.00037076322701248837,0.00030969418414783615,0.002526489434568212,0.016338148315615923,0.022525342811240873,6.330630047146445e-05,0.0025345839860390893,0.016568585096033133,0.0038877220434244434,0.0025164970052145175,0.003605452943670428,0.0031566524234360716,0.0005458361389389672,0.02640865806168753,0.0013431175578539583,0.00046207438211842055,0.0026268780317072714,0.0016879061403055656,0.04196795348881106,0.0009647935987346608,0.0017237283205493437
ctx-lh-paracentral,Som,0.0077108665685581565,0.0020219629187327,3.1848431768754224e-05,0.0005097299945614359,0.00028529179160820674,0.0009458720713668862,2.2182987017237387e-05,0.0016132223900784492,0.0010364422753187036,0.004683922241411334,0.0007220109892747948,0.0001709820976753803,0.004051161086756774,0.0002300960545174181,0.00018869410298198884,2.6797719014574125e-05,0.0016102974170391616,0.0007409071470420252,0.0,0.0003164335611064811,0.002586003777233194,0.007523970810037483,3.659802832220462e-05,0.0026784670194631914,0.00015469894289032567,0.0006179469408508984,6.8923501935343214e-06,0.0046177902416438665,3.4342586677398803e-06,0.003484579813987792,0.0006393415215197397,0.0006782577349762873,5.517000917008432e-05,1.5519646247438116e-05,0.00019173242385791978,0.00018882452669397194,0.00043572116964799484,0.00038971862594068334,8.444363805471988e-05,0.0028690735109199806,0.0003319576121914227,9.611887951569427e-06,0.00021036419559166742,1.372394511281424e-06,0.0005984169485323869,0.0007551317932480974,0.011500443102176468,5.711903895314212e-05,0.0007045926845710851,0.0004919684044544138,0.0004411299670695974,0.006244032499105583,0.001189688839376501,4.339120049745223e-06,0.017878607957889023,0.0025421020664073636,0.002984789271878829,0.0007167112325443491,0.00011588075111979515,0.004311175468369664,0.001840734427474448,0.009128083831157485,4.446119026523764e-10,0.0012255734773162954,0.0009031695850830826,0.000798012475725982,0.0004030927521534027,6.054727430784956e-06,0.003945389313328779,0.006586499463568113,0.00028122386174540647,6.37024297941497e-05,0.0006400124825864136,0.0001986238057470996,0.007078554741744808,0.0013002254067015198,8.711717090439107e-06,0.011017734481093612,0.0018227215464085586,0.0009866572423727934,0.0011614598512652992,2.2626996124316652e-05,0.0018917097271409198
ctx-lh-postcentral,Som,0.0006250777297210708,0.002318304854960734,0.00346745066128062,0.0012505062956021703,9.470180797885659e-05,0.005511290996884153,0.0011832663748707357,4.3323815467139614e-05,0.0025054010431464946,0.000825235947676537,0.009831530978766606,0.0056077498082376985,0.0017200816899173813,0.0006289972146552276,0.0027544430824965726,1.877187098632489e-05,0.0037869802976268226,0.002617544941355406,0.004291920892936957,0.0,0.0007109628759916301,0.003479286857903045,0.0022732113620160944,6.934175090534455e-05,0.007333519232285632,0.010197852812674525,0.005709781193820525,0.000385819042272316,0.006082438080269313,0.021941309963116943,0.002580541021659454,0.007554708050139572,0.004146072185128965,0.06471138120155315,0.009326949096673889,0.00835637750240725,0.026687140383349187,0.014678449905147503,0.003334826260256713,0.00623532051265946,7.08081106536803e-06,0.011517783757237601,0.0006621329933125831,0.01469109845134034,0.015107100809354259,0.0015757354334039692,0.0012786395447275283,0.013834433294655592,0.003045575672765532,0.00037925366965138347,0.001854598559762969,0.0009837451277887837,0.0037213205920056786,3.189702689604764e-05,0.000996527051199816,0.004068498221303386,0.0025174475620297603,0.0014668078222413643,0.00023019780876833078,0.011415691968963136,0.005112523187076796,0.005466748139173472,0.016030423058832892,0.001845836902491515,0.0025510098439742264,0.007040502779592592,0.0014253126647258418,0.0020425570359499335,0.03535565464587147,0.0002282297618386787,0.0007251027612900018,0.001323377576511544,0.0006205872396100415,0.003067348032820211,0.009862436513504946,0.0001097479155745054,0.0015149005213297405,0.003361853517288052,0.0005374559861568369,0.0023531681840047542,1.8654126610095633e-06,0.0005022855605667216,0.0005200251590158399
ctx-lh-precentral,Som,0.0002749434831118253,0.00017207460085262425,0.01022030393895669,0.0011234041077889277,0.0011779098792175952,0.012266369555073193,0.023953181152789972,0.00038465806377471437,0.00021550797630931013,0.012262158895629437,0.012290447369583669,0.00035773068829535756,0.004116653343132384,0.004924921424071594,0.005394279080889137,0.00021270922410346075,0.007782285636331871,0.001014964432141394,0.0003957999897716666,0.004090192585071516,0.0,0.010504050575078703,0.0037208797253898054,0.0013296445863859693,0.006413387827341938,0.004377256823462529,0.001982653702904116,0.0010847960981397475,0.003919752547824813,0.0030333377423374724,0.01582866212253511,0.0058923708260925824,1.3244120607716416e-06,0.000958579383944608,0.0006094066227343447,0.002975893779218155,0.00015050141122078856,0.00012124204187187855,0.00015739999673665173,0.021978590539790118,0.006706027078570521,0.016355896123921573,0.001698119004090864,0.0021152519914208745,0.0014238805161530708,0.0005193308082058457,0.013441772432586865,5.9735544147569346e-05,0.0009165226366796348,0.005751479793749257,3.5864635999125473e-07,0.00012241275604739645,0.0007681709333669027,0.003508399530084735,0.00515519339553561,0.0013735647116564504,0.0643839176728799,0.023737655729743935,0.006479230286634448,0.02394652044977532,0.04149806962743191,0.008713064617969593,0.008015206221188478,1.6553554743775512e-05,0.0038580134064262806,0.00090385518317449,0.010478849139562589,0.00392693018390153,0.013346503040900355,0.00046562504610536795,0.00908406175133709,0.0018857604944846858,0.00029934667700759157,8.780242518935107e-06,0.02995589740714273,0.0007224336694396676,0.023176371838774117,0.0054429444022976664,0.0039155868161226725,0.0061358172965065745,0.0037089317993794333,0.0016556892720177932,0.0013113978039655443
ctx-lh-transversetemporal,Som,0.00025246348946377,0.001533057540071881,0.00013958949513190132,0.0001467324000184404,0.002703821801285963,0.0008422289805950144,0.0005051572134991621,2.9050974637429002e-05,0.001525774069689286,8.606114577253785e-05,0.0008256956251923436,0.00308570922317376,0.0034228535421855777,4.232529405690764e-05,3.883312126063168e-05,0.0009067314047775807,0.015440650227881228,0.0001294325592983559,0.0010726083242284046,0.001753627977730521,0.00014348509283549347,0.0,0.0010366805679546398,0.0012045305672322756,9.96368810792548e-05,0.0005699696075608138,0.0023623395957188416,0.0005433651835113618,0.0037582496533762116,0.00200478189391837,0.0005549762944152141,0.0005121339974738742,0.003837824438023063,2.8223534171131587e-05,7.158299456838379e-05,0.0006651809517717325,0.0013564571818979036,0.0002927273814703365,0.001908034642818257,0.0011715245861262924,0.010357687310851845,0.0008722839870529209,0.00034339072712970866,0.001527034489262277,0.0017855464039154977,2.976973517419432e-07,0.00029340951650516146,0.002419790877853252,0.005349992258931857,0.00043267950365474974,0.0016500444525865624,0.00022336566199059166,0.0014114280767421414,0.0006989133530228355,0.00017579534869704568,4.91046080368565e-05,0.0022653879157220713,0.0015866906499732972,8.324912698315836e-06,1.5962000547893332e-05,1.2936469233178202e-05,0.0004299201719494739,0.00016138160191260994,0.001033551922566877,0.000997582883638834,0.004646695786691013,0.00021072486302698193,0.00235197052564172,0.0008445989390647646,0.00027539911009871325,0.0005259618992734855,0.0008495864520129572,0.0042380646186346415,0.010354280568833188,0.004278951394033269,0.003323710370535398,5.0161549207454876e-06,9.680258990392676e-05,0.0008223463532921859,0.002847623933827393,0.006359956886811823,0.002662370718661433,0.0006252944770070886
ctx-rh-paracentral,Som,0.00519292170091881,0.001370258950806006,0.00012371040287874197,0.0002272237129913116,0.005131284507746119,0.0015372810158484523,0.0015949890723414395,0.00021634272865955564,1.3163263609201892e-06,7.49497007729751e-05,0.0005376854875113811,0.000960209193941615,0.0004053738391408299,0.0012774528973393993,0.00023968789660143888,0.002767471210289961,0.011050061148451792,0.00019284366921015663,0.002161356685778592,3.2494478118301804e-05,0.0005574899815862683,0.009658007099130833,0.0,0.0006688358734723714,0.001231147556609381,0.018278684950998755,6.525145724045285e-05,0.0026351245728418174,0.0005699421370379573,0.0007153855943465476,0.003497185701002535,0.0009740980994088782,0.0004532421604109629,0.00012790808849118618,0.014400262913995158,5.149251481314801e-05,0.0012854075838586968,0.0006505276585675717,0.004056189558864113,0.0014732394889766087,0.005482040524296781,3.943141704924294e-05,0.003417139272751895,0.005635465252220158,0.00040271529603519695,0.00012616269377722784,2.320712440784583e-05,0.0007299880803182434,0.00037472501028297474,0.007791620717924312,0.001110092098160815,0.0005461316460131775,0.009681673074952333,1.835675832601205e-06,0.0005514686338937988,4.085342488438571e-06,0.0009794804969378262,0.00011357463868752413,0.003297170713766285,0.0022789849179477174,0.0022291428075163424,0.0007591145388929126,0.00965890846229933,0.0009935895820283932,0.005536312749750887,0.00023676436080382002,0.012912738725505198,0.0005142381203778647,0.004807386590040115,0.021215807844971728,0.009473195649549642,0.00031374353891011874,0.002804088995444567,0.01170349082195373,0.000738738463119148,0.004715541223674956,0.014072376830334113,0.00041218088283290596,0.0006172301191542277,4.613587029553948e-05,0.002030312988111121,0.010624995832645655,0.002874245692689272
ctx-rh-postcentral,Som,5.014987968693558e-05,0.000570088628977431,0.0024286992896521147,1.2509661641540902e-06,0.013386653291573408,0.002773855400687692,0.0002690585897176259,0.00022628181381344897,0.004937539238779008,0.0007480258510386034,0.0002529313130684067,0.019034500199629295,0.0010685715508750233,2.938632505847691e-06,0.001391228100233058,0.022099857983346318,0.021105069228738407,0.007771530093950681,0.005379673031743101,0.013601111818764158,0.0003065477125852197,0.0008994355035493585,0.0005038978004750933,0.0,0.025438472393570295,0.0446351226057736,0.004125134625064237,0.006461116583544029,0.0001227773775977033,0.0010694575558605633,0.0049754472470951395,0.0010664353141473706,0.0009429861838053652,0.00390005439442866,0.010559692943382132,0.00012512765391825223,1.7397702524494222e-05,0.007174668242689296,0.03659673256836648,0.005911557731130516,0.006459019302096318,0.00104257231555764,0.0003722425848799593,0.021665829543356028,0.011387507687832005,0.001929845007833486,0.0002575920782463425,0.004517940537389015,0.004243077216016859,0.0009496686845340499,0.0001523102384703273,0.0065853791560536125,0.0023086048459011123,0.0008595369655816352,0.00026407653414720593,0.008220737832798412,0.0015310132328454653,0.002183152704945867,0.006937664423548776,0.00019710042014175168,0.003714959295209229,0.0020031348320766343,0.06354486861507067,0.0012006470899722371,0.0012698492394841831,0.0006235903992782242,0.03168718989522907,0.002317553385134139,0.014497058354042008,0.007074415509317095,6.675391112303039e-05,8.695356143033264e-05,0.009941883254494936,0.0002651151142544399,8.506355628267964e-05,0.0031393548780076557,0.007810507115902548,0.0011082351917237328,0.0017440136468199537,0.0032961493938999794,0.000991348030910856,0.0005836542625422475,0.005633702468077475
ctx-rh-precentral,Som,0.005536088429497703,0.02842640757676727,0.0009262075283737664,0.00342653414350274,1.1522673445277116e-05,0.004031468974495806,0.000527776015810982,0.004446331811781714,0.0026682432665425023,1.869059070016457e-05,0.001704763879572754,0.016103838645240568,0.005249167495139666,0.002471943624715304,0.00027313385592514646,0.02578299591745746,0.01696693947832298,0.002024665439437265,0.013206182628078513,0.0007588358329037458,0.0010584424304246106,0.0624218976718288,0.004001018665993547,0.0322102513210631,0.0,0.022611623385655418,0.007631850671619217,0.00507910936544524,0.001094630857669153,4.533008170053598e-06,0.017697499551078025,0.0014029438765857704,0.005872315746109492,0.02103117163535772,0.0023738442960978836,0.006154637374120265,6.290629166736213e-06,0.009105918382863879,0.0022096319670227467,1.967458086230843e-05,0.0004269060295949539,1.3106459319990845e-05,0.0029108685902302345,0.013350604336973037,0.010136141245334114,0.002354452162347762,0.010678587210838048,0.0006119142315021392,0.00985492268794499,9.856449639831191e-05,0.003283344113244932,0.01661397801413239,0.011371232167846444,0.003798696657827647,0.03446952231443779,0.0021177248629819247,2.38556908621503e-06,0.0007539640649928022,0.003944926250792341,0.041169312855053174,0.004949128309031768,0.0007218038875899254,0.0011815352857873366,0.0008499260934270919,0.01674446733749682,0.007623661754754402,0.002612848563527038,0.0005032756088796619,0.00010387999659784869,0.002270501406133259,5.19648730603153e-05,0.0019845603035918884,0.002302586000459049,0.010959843524615348,8.961394440491508e-05,0.02134065460033244,0.016019823073349322,0.007455307738280805,0.008926457722746002,0.00610131450287077,0.014106186375737753,0.0017651454733605245,0.0033415675248804127
ctx-rh-transversetemporal,Som,0.004094395885257914,0.0018711582882029259,0.0003210048655942606,2.1058420832728163e-05,0.0012331361585666478,0.0001363328929568433,0.00022411801440205923,0.0005396815410209731,0.0007950733379427204,0.00018014204626562276,0.0011887856976588636,0.00038328320609091446,0.001311127033762026,0.009860392796544961,0.0006138292076917672,7.574827210661393e-05,0.0004135027994439122,0.0012257736844123468,0.0014533183729473777,0.0008021855053771119,0.0002979894944269338,0.0030060957540871155,7.074569080710718e-05,1.667821714848371e-05,0.0003633639838439079,0.0,0.0012339889015818895,0.007289999316447772,0.00138892245734469,0.006574766449892333,0.0004394532515760954,0.003639078564247098,0.0011662566223761672,6.771133119266737e-05,0.000633694786415715,0.0035483880838343544,0.0002621743362532587,5.7376308821875205e-05,0.00027140614055713865,0.002372409982988066,0.0004889523093113744,2.676204585526208e-05,2.414869679620254e-06,0.001775656060973309,0.00037324202653801417,0.002333047881700996,0.0027522601353581976,0.00032868385371146624,5.473188373046965e-05,0.0011402234028541687,0.0021214100156948064,0.00012093355186756874,0.004971053917120299,3.5965298662959257e-06,0.003161555864448882,0.000835038225173131,0.0002271361391110962,0.004879690920857652,0.003451832005895686,0.00029750088152875973,0.010733640760659486,0.0001296450272102219,0.00013504789341689934,0.0034209360939901515,0.0034290572433941886,0.007561164320752105,0.0035142016083100406,0.014335456586689494,4.0801217650819505e-05,4.075168372711039e-05,1.4392858133921648e-05,0.0003260001385224845,0.0009134918388422327,0.0020754096239613993,9.682917796432544e-05,0.002883082635800248,3.8219426686408084e-05,0.0024035056094808046,0.01053598536716023,0.0012354914536906235,0.0007477220155630525,0.0028667869287108314,0.004517186980514839
ctx-lh-cuneus,Vis,8.13685084877541e-05,0.0023506092483804577,2.099541988100975e-06,0.0003709154752639639,6.621068772881477e-06,1.6923452761022332e-05,0.00025808537771772474,0.00013611030312092197,6.345592957110341e-05,0.0004702410506813165,7.672005535515947e-05,0.0003621562943045251,1.02757445761236e-05,0.000540752311233518,0.0007373765848988004,0.00028470726907036255,0.0001626633609380378,2.5532074209148567e-05,0.0008721452667435965,0.0004632488293683592,0.0016058021971325936,0.001068515268747568,0.0001691095299775563,0.0005795038485210467,0.0008573737379333499,9.279546210524632e-05,0.0,0.0014751598333118542,2.6998548879158618e-09,0.0003023203530972442,2.0611404925135245e-05,7.468971551483979e-05,2.1891555213495938e-05,0.0006376968796813359,0.00010507194158984708,0.0005629081342895407,7.736735335454049e-06,0.0007037750507517937,1.7460486508292422e-05,0.0007012326825193432,6.301002357413724e-05,0.0004988675599577593,0.00011572607639563005,8.43644975184215e-05,0.0011411889421954488,8.010242100038999e-05,0.00019451454938522876,0.0009886675028727137,0.0012975914900869082,0.001233654920648605,0.00019419219870523587,0.0016282300228171152,3.386537982260135e-07,0.0008358391709119809,2.5302419316515862e-05,0.0004575800819361992,1.9578173862045032e-05,0.00015300849492576332,1.8409201164529925e-05,6.526914619631543e-05,9.644436052657e-05,4.065096849310464e-08,0.00014243654847317464,0.0003265152670018809,1.0702143856142132e-06,0.00048373924868087587,0.0011297530116027197,0.00023712839577365224,0.002060973821976954,0.0019826499955389425,0.0003326282083219598,0.0010897861143096725,6.45995393106664e-05,0.00026043365367908565,0.001982571914370925,0.00023333502195898003,0.00027923577304406444,3.4251040363934425e-05,0.00028252771624170367,0.00021684528369698289,2.9236085331488484e-06,0.0017298036101630679,0.004193976431610965
ctx-lh-lateraloccipital,Vis,0.0010345752472098791,0.001002506708570286,0.00016204567203332256,0.0003611446166345177,0.0016131404926596985,2.7664119320289026e-05,1.4288821153276277e-05,0.0001905085954010247,0.00021904836845350393,3.250821136884168e-05,0.0006812100885190864,0.0006239397527994717,9.006305456074314e-05,0.005103939423248413,1.3514302794383242e-05,0.0004389092148314671,0.0006754251888665007,3.195689251134521e-05,0.00026310799074076325,0.00028349016567561674,8.259022264701278e-06,0.00023025194664117168,2.1484164364729264e-06,0.00017310612183465756,3.05338232100384e-05,0.0008848947485397668,3.9249922792038586e-05,0.0,0.00012411898444346985,0.0005923037758241214,1.3252462953657407e-05,0.0003355846150139337,9.048973191850276e-06,8.651918798942628e-06,0.0001617684613985037,0.00010588023509230787,0.0003585684967623448,0.0008002721377471202,0.00011331623344400178,8.529075402636804e-05,8.3632318642347e-05,0.00014561097077459034,0.0006665645232689045,0.0004131943054375412,1.2942124079533175e-05,1.7581355944249102e-07,0.0008750371762621902,4.3009268616491105e-05,5.6970010749533023e-05,0.00012087863379356969,3.09823686851174e-06,4.6102107299672375e-05,4.108405175764358e-05,1.0487551480685097e-06,0.0005984799359793565,9.259281531466354e-05,0.0007668390241622894,0.0002227076949153173,5.130667514747897e-05,0.000942432907372996,6.629175562478039e-05,6.527230851650166e-08,0.0005035036130217573,1.4660769276950826e-05,0.00044634391873842933,0.0012855937829328785,0.0007549233735914338,4.76309039102526e-05,0.0006736668041948476,0.0003029371219537949,6.452747048272753e-05,0.002839443972825749,0.0007732442772301973,0.0010486095240129464,0.00014847544211055977,7.074360027240765e-05,0.0001351507329229545,0.00010070213216025302,0.003487682462141184,5.232695720511279e-06,0.0004543596388564549,5.096652619564861e-05,0.00031429358523672924
ctx-lh-lingual,Vis,0.0030558422785315602,0.0037511783689867947,0.000153635880974946,0.0018277402689401909,0.0012957857531804484,0.00021784303844773193,0.000432500301089678,2.8617081227421308e-05,0.0018371040359173082,0.00019641336076576545,0.005535229235101602,0.0005981986454785855,0.00034254733401507017,2.5326684839384753e-06,0.0014288106060969395,0.00011106087254826771,5.389034344574827e-05,0.0003817197843988699,7.0092006074998095e-06,0.0004951199971457388,0.00019480177261306102,0.00014360158391268522,0.005346549069596671,0.00019089549358453778,0.000378024376992569,0.0025028318870647165,5.3622702438634856e-05,0.0030109209056048245,0.0,0.0009369743272504338,0.00021702813206558532,0.0021678420216708284,0.00010043367659313177,0.0039044587925214,0.0005350482341614821,0.0003470620656833118,3.2759738872980366e-05,8.647234029615742e-05,0.000417723177283099,0.000365567581079416,0.0004666365524845571,0.0006920764798679726,0.0006348284632807026,7.861437125767884e-06,1.9573338833232644e-05,0.000434577060320843,0.003659718791762936,0.0010348149749080742,0.0008382377713650794,0.0034790813304315135,0.0004655481211058455,3.7891669281402275e-06,0.00021474328103544883,0.0007750838629844241,0.0003966987370708816,0.0011210185843993307,0.00011979422250903221,0.0005518252723702066,4.1299821966394294e-08,0.0002872040590446923,0.0033427050233341424,0.0018808179403838345,4.52295716856645e-05,0.0005312843800043077,0.00027823759151751306,6.998118287019586e-06,0.005420467937607117,0.0002648118191765894,0.0009119050926433252,0.0030105502287477368,0.0016314357408384204,5.82612610785893e-06,0.0007207143367644556,0.001317123627770953,0.010403668785921518,0.002341222771256278,0.0005208031024228196,0.0011059768718382813,0.007453866369846027,0.000989400166624933,1.865972192386507e-05,0.004339456017285736,0.0031485417369595445
ctx-lh-pericalcarine,Vis,0.000686718159209018,0.00011663448823046269,0.0001947664513600882,0.00045513861792056785,0.00022239884031343888,0.00026870809284170404,7.15746452271458e-05,0.0009896598342265875,0.0002355914200643481,0.008309147001261607,7.053098938771347e-06,0.00026346872369479993,3.610310381371406e-05,0.0003477833411884644,1.9621768452676503e-05,0.0011683465997635724,0.0001766927125878061,0.0010664207826593807,0.0004463087436463207,3.3516362853748563e-07,1.2344408261611741e-06,5.2586750483056316e-05,7.994704390987823e-05,0.00015182643583026728,0.0049056556740865315,0.0016483461994766572,0.0006739465995952259,0.006325407106178602,0.0005003761724125283,0.0,0.0012654525107369413,5.92522208016601e-05,3.2943647733955746e-05,0.00044740251187101125,0.0013436165910990952,3.486012342648311e-06,5.907899955185247e-05,2.4902558237402796e-05,1.9332478286613186e-05,0.0006858503516361782,3.36621259828434e-05,2.943423177954794e-05,0.0002474744582914004,1.4299427201527373e-05,0.0003435263747477181,0.0008423448271462635,0.0005147129178435492,0.00010788222159933179,7.430457000768269e-07,0.0012803332368912456,0.002067470144629024,0.0019928758984331532,0.0004871259343985533,3.171063304629734e-05,0.001149851201697421,7.206518660528757e-05,4.655006904631771e-07,4.651156353436121e-06,0.0003742919802809963,0.00023683906595990887,1.0599847361842086e-06,2.3654411614816796e-06,0.000256682479389247,2.7095687892753204e-05,0.0003593782471768898,0.011059289305736459,0.0010155089490822347,0.00028562282916287884,0.00016057737049906263,0.00032745329230376904,8.790315889969591e-05,4.958018815076007e-05,3.6085209278272484e-05,7.54348049919879e-05,3.361656870825733e-05,3.493235073868653e-05,4.669001026094291e-05,0.003944665641924163,0.0010419273580542273,0.0011744364498550164,0.0004906476097861749,0.0001175383182023748,1.8706954716317485e-07
ctx-lh-precuneus,Vis,0.00026969567478569973,0.0008463496532213921,0.00041288678659955833,0.0038408113826669636,0.006245408125069409,0.0013400787830991103,0.002781061538001366,1.6391760764599994e-05,4.212079526667272e-05,0.008217500695619717,3.0807536756292874e-05,0.0011303521208313398,0.001980609597603827,0.00013695441474531858,0.00021311576305592627,0.000542491830815085,0.00011574480547582118,0.0010686105815298933,0.0052357249026270996,0.00040654790757823966,5.402007045114856e-05,0.0035738808463133495,7.812339785586246e-05,0.0015827627530208598,9.145435609542705e-05,0.0007169914573574467,0.0009691438908887134,0.0016823791596462308,0.0007768744804244252,0.001217159243091514,0.0,2.6424941555613312e-05,0.00504274295076272,0.0007457696459152197,0.0003234510069970013,0.007037420225395879,0.0006633200360279904,7.912710127178517e-08,0.00032747687604982214,0.0005201497937954887,0.0006381119480427724,0.00042099281283714365,0.0003681603076283966,0.00033549709567216483,3.1194598725794985e-06,0.0003345335088870754,0.001307093694700625,0.002292226134893468,0.0003308349238619718,0.0010399182808546587,0.0048362325134936835,0.0010706376320600613,0.0019646566912427596,0.0004037483996770301,0.00010782700350498971,2.3698340767397436e-05,0.002018773215955978,5.348095953169824e-05,0.0004122217063167049,0.0033272795158137236,0.0002497478675422318,0.0005067455812465814,0.0026220333153187192,4.4483875825623025e-05,0.0016795936825149285,0.0012953842696246446,0.00042001911738302473,0.000145780656366001,0.00997768438766625,6.305587332405588e-05,0.0017586712141365074,0.02379086793438702,3.585473458491642e-05,2.4851558307561813e-05,4.7274892515509614e-05,0.0018052130735379931,0.0028407210518356734,0.00015547944730847014,2.060156820380073e-06,0.0010449021872416299,0.013193634222232898,0.001672257172671737,2.3253993121412334e-09
ctx-rh-cuneus,Vis,0.0022140481704970125,0.0004213382804757075,0.0006514571531729289,7.420746290494735e-05,8.08369162838573e-06,0.0005024845363608249,2.8140215219673122e-05,0.000945246764638056,1.214176572212144e-06,0.00014154509107762206,0.0010610801122788046,8.159887260072228e-05,0.0013406135332791119,0.0033970780185984487,2.511532797860098e-05,0.00021770535018100085,0.0004089814030718323,3.624635420728436e-06,0.0009538810238074057,1.8529828246026127e-05,3.351434127818787e-05,1.1562358059896474e-05,0.0005266123683362335,0.0006086206808037873,7.790863131741233e-05,1.0741762162289494e-05,2.332389414950066e-05,0.00011095463570621386,0.0012046555604247804,0.00013108422956633803,8.279235248605013e-05,0.0,0.00037488435931138877,0.0012610147447377066,5.955803904992608e-05,6.741958107562595e-06,0.00023830118492709987,1.2386621240243667e-06,0.0006611577408061496,1.2523135247900197e-05,0.0006007800712149639,8.277114887344132e-06,8.261960902001917e-06,5.449788352644377e-07,9.624669022266226e-05,0.00038118753584038645,3.604492843716814e-05,4.7093667296129206e-05,0.0002563892013842316,0.00013945207905898313,0.0002363463226550736,0.0021810467633590373,1.970376550848978e-05,0.0005094281450777415,0.0015114890909071082,0.00031561177522852426,0.0001243042033145213,1.7391055561165295e-05,2.5434786910119484e-05,0.0028205312744158037,0.00021549900389937178,0.001099185518369127,0.0004016499420531398,1.0191356696458474e-05,9.096158312604981e-07,0.004690120812555105,3.468501538163304e-06,3.353008076866316e-05,0.0006056723392778589,0.0011960420712473902,0.0004043850405974224,0.0012999404122173114,0.0013157630070902066,0.0019450729835411,0.0017494681712188602,0.0004143199886309583,0.0018906803208075865,0.00018758413811655853,0.0003597230516954234,8.097637494917357e-09,1.4950791823070677e-07,2.5125768715888833e-05,0.00010868900535417276
ctx-rh-lateraloccipital,Vis,4.9929942084719584e-05,0.01835120226264309,0.0023135553657000272,4.671018136259648e-05,0.0006619313759411006,0.0011428858472852107,0.000991225912206642,0.0025809997134911174,0.0013555706375787176,0.004409383939335959,0.00295649740848721,0.003148927204683718,0.0002684551331337338,0.0039153493574052975,0.0011188442671922687,0.0011457604707343,5.291612834232136e-05,5.650440305018359e-05,9.047660002246152e-05,0.0003715472675324754,0.0007844393082366528,0.0008334978545507363,0.0023714531305270396,0.0016642558466930294,7.173242419637442e-05,0.002473361800447716,6.565555987282483e-05,0.0015374353868341758,0.0009747400212229704,5.8023841909963725e-05,9.032667468595842e-06,0.0014152580974423604,0.0,0.0002643460198736996,0.003445826773493815,0.0030687693011986314,0.0041336469651965385,0.0010349488660281515,0.001759518085249164,0.00032813396447756773,0.00044098530031242697,0.0013498926241742695,3.4228841865757856e-05,0.0016427826004875147,0.003195985184988685,1.9478067103160263e-05,0.00011975189872682095,0.0004166528732995447,0.0009906222455197445,0.00038910717789668135,5.990414707180186e-05,0.00015512201121076533,0.0008375347997518592,0.005056728116856691,0.009074493270970426,5.0036005379137375e-05,0.003326225647949296,0.00276160880055537,0.0032775220918271407,5.8694506730563533e-05,0.0006836658553465651,0.0006434043705651298,0.008578487032816119,0.00041474715269092103,8.82940837860259e-06,0.0038680183853024644,0.0037203449844035816,1.6201368495860832e-05,0.0012811633669331088,0.0002147187571336462,0.002842690568030638,0.0010424637743233491,0.003551578980852248,1.9089007502806756e-05,0.0010351620720198372,0.0004006897499737138,0.007174953552793196,0.0014863345633067517,0.0009069593400247666,0.00022905195608106767,0.005636686004664404,0.001206103977612043,0.00199839257388667
ctx-rh-lingual,Vis,0.0013236248067337877,0.02124613008178744,0.0016312343139136952,0.00012976996298648906,0.004458691659297241,0.0015477967316436382,0.0007386961371037628,8.35809378051329e-05,0.0024401724332529296,0.0010430408031024976,0.004047934696649728,0.00012263956444226296,0.0027431772217870833,0.0010895010679359016,8.194580334281777e-05,1.4347385900325566e-06,0.008673353294912083,0.0015136205157618102,0.0013799948360352886,0.002651957210519842,0.003954345262993939,0.002730452541625903,0.002726279640441991,0.00015123398861802544,0.002146960278174601,6.240005234014526e-05,0.0056282528829937825,0.0031215223152074208,0.00014437706400573767,0.0021624083676466234,0.0021378532664316865,0.001113012223955032,0.0009507934584974452,0.0,0.003373796942062239,0.00018616755661507697,0.0037108396356961442,0.0001235887988577993,2.7857402265692217e-05,0.0006825925079313788,7.972797753493077e-05,2.7049544641592024e-05,0.0010558020681355961,0.00016327024762845607,0.005063260572178377,6.0031228364974475e-05,0.0007284060486375883,0.0005152696261606177,0.00016990352942946116,0.0066388728005155415,0.0017306020987476664,0.0031299781679288343,0.00013218429557304695,2.8039588301090288e-05,0.0013862195636801672,0.0022859367124575783,0.0015494303695892727,5.1289553575536835e-06,0.0031877869610976856,0.0008076037794884084,0.0008703855349519019,0.00039557624493335563,0.0003152495159118852,0.0019002397807466023,3.635829021954034e-05,0.012609247072651382,0.0002789839396597822,0.00018165166175273888,0.008169203449096206,0.0004170820124680488,0.00010479740595559755,7.809609913214073e-05,0.00021208907101928555,0.00047450399249080155,0.0003714674448024564,4.6606895603464006e-07,0.001987022013831851,0.0001366005436598721,0.002500070709200003,0.0031505398503599387,0.0008726545627760764,0.0009409954742837029,1.395485214612836e-05
ctx-rh-pericalcarine,Vis,0.00023423187764398852,0.00046348550585723,9.652153205680661e-09,4.158720779183199e-05,0.0005647674201670517,0.0007475907625208928,0.0005105883203806948,7.835053518674401e-05,0.0020271097613960374,5.097846833078586e-05,7.57769344461343e-05,0.000520465989562152,0.00014819020922529958,0.002318469503875796,0.0011472973678976566,0.0008668006535812919,0.0004760693115446636,0.0010839880295020442,0.00020749059863859115,0.00025524359356154605,0.00019971745087980574,2.4169819483386967e-05,8.683350600298451e-05,0.0017016650987822476,0.0001696732101361968,0.00030618175016217233,0.005454304866159385,6.419052977854325e-05,1.144407952419547e-05,0.00025993925528008705,3.257980201613794e-08,0.00015238906837941057,0.0028945537790892643,3.4790811348290674e-05,0.0,7.319941269111268e-05,0.0003809872814261904,7.84551957825816e-05,0.00021584494482428844,0.0006667428457680819,0.0009256869028396347,0.0021141888060236327,0.00015989462712225354,2.4979068530231436e-05,0.0004812954347891856,7.691938547841266e-05,0.0009673164138401509,4.404365599229019e-05,4.104190967846455e-05,0.00019530743768973757,1.8461087645006973e-05,0.000405479607222632,0.00022243298583652328,0.003985877990480461,0.0002660031100543899,1.8139286405418807e-06,0.0016902577943713785,0.00017470081972862533,6.696447107014442e-05,0.00016431622295606652,0.0004254719293089232,0.00011146315535760996,0.0024618408569066766,4.6446936883938626e-07,0.0009936154108627006,1.2053877506334372e-05,3.996083066389516e-05,0.005666937881272334,0.0006458251537014264,7.610291136539425e-07,0.0001028164826452255,0.0005608774380476564,1.382398246085006e-05,0.0034249688505310263,1.6929455007593928e-06,0.00021043282175377704,0.0010837883802020112,2.2852787417702897e-05,0.000224158798122227,0.0008154549360475482,0.0007928970182149035,8.778622668765967e-05,0.0023420497430926787
ctx-rh-precuneus,Vis,0.03700605786473949,0.010962235405003585,0.0002446969025510746,0.0007621160287396033,0.00028257799905052905,0.006385483283970621,0.0018141647923618969,0.003956664393013036,0.0035782139340535275,0.008055972809009554,1.0725171850485878e-05,0.0010969251393687623,0.0018906420311271288,0.003187099920719665,0.0068926085500066285,0.0003324304037632058,0.00018469676631307656,0.004271158674465476,0.004737617116179517,1.1274698424747131e-05,0.003918153893108733,0.008909055731452243,0.006215263805349564,0.005430260314614317,0.00018812128557237344,0.001468459664655329,0.005654741948511663,0.01787185114274834,0.0004200262986013997,3.2440980583456184e-05,0.0071795278351927585,0.004302823357857308,0.0014729413092164465,0.0002517126615250385,0.0003650857185057731,0.0,0.0009122469525070762,0.01026142236583365,0.0007559995534388457,0.0004913985622291054,0.007051370101273883,0.011591837050742126,0.007056632134449574,0.0015713198514085299,0.003483185209570387,0.007919651125546833,0.00023022093299650956,0.005957219128705671,0.000830271839826636,0.00016265805999441337,0.0002469246117898311,0.0019944821639009294,0.005344145266556911,0.0017107897452189851,0.001628668595544304,0.008569302635442378,0.002090826631791487,0.009979362570030677,0.000453882621569347,6.120532596816007e-06,0.0011330198600547276,7.652711552311754e-05,0.0014977903320894175,0.0020182517549920715,7.460962180168621e-05,0.011705001148691522,0.0001498328586849328,0.016387538215959403,0.005991271975694164,0.008214180882741385,0.0025750476118416403,0.010161483383327447,0.003939949187074039,0.0015364827889989962,0.008097150780260687,0.0012236706066198679,0.027044736964593145,0.006223786068297582,0.0008011820873661396,0.005149260564057105,1.6008264019617643e-06,0.010760940237589823,4.126376210682123e-05
ctx-lh-bankssts,VAN,0.0012992414121364053,0.004268960740599579,0.0003464062287827281,0.004855855639388465,0.00034621080096995774,2.416452532626366e-05,0.0007072849149181437,0.0021983478081397216,0.0004627299723554995,0.006363016104663342,0.0016109285684039894,0.0008928330979229467,0.0033179579233121757,2.266662842363636e-05,0.011751779313304034,0.011117591091201893,0.0049108228790850725,2.0324981233585355e-05,0.0004046155294642383,0.0009629435490777616,2.4996525845998305e-05,0.00011192750364212479,0.0006203495919426753,0.0007730743443060909,0.00548863708420592,0.002428482509768659,0.013642404628903548,0.0015221838418307463,0.01012192313665028,0.011455864577301307,0.001113514819903122,0.0014459971385922764,2.481437190957679e-05,0.0002359591556800641,0.000332114723220053,1.7704640375442315e-06,0.0,0.0007625976400005952,0.00039710621230321504,0.0003436267575448718,0.0006266803535381476,7.059552637194721e-06,0.002780862764360162,0.001271441513563733,0.0032952531241280066,0.0012603470398378411,8.271165026325473e-05,0.003906343751505047,3.532666220986928e-05,0.010329732040592617,0.002330484799488854,0.01812222317060448,3.101706430077672e-05,0.00019741251548631314,0.006427696727457908,0.004929831905242006,0.00020682161046333235,0.0017771642258416329,0.00359878860450043,2.8135473155238142e-05,0.0009603365183920753,0.00197480743318295,0.0035933612534805284,0.00019697508986343777,0.0005543914686246778,0.024628219405177277,0.006308215002124188,0.00042240047670183244,0.0020777454171213667,0.018032727903938273,0.0004881317225846093,9.902222098871083e-06,0.0010387981056781761,0.0003117199328357622,0.0011898917797491474,0.0021643203452260153,0.0012864171653894248,2.8405867783344718e-05,0.00031463797717096615,0.003465854057073258,0.007149093201884599,0.001688436424849676,0.03147832657334966
ctx-lh-inferiorparietal,VAN,0.000556965210270182,0.0006238825323503169,0.0008665330369539802,0.0016877825568447035,0.0006646549200028989,7.197515422844747e-05,0.0018714297687769277,6.129357458577743e-06,0.00016672442880099055,2.5235232957198103e-06,1.711426282489208e-08,0.006523993243456703,0.0026803347013013893,0.001407818975266548,0.0004076140106910002,0.011193274771075052,0.00010456688190147546,1.7875981455612264e-05,0.0013784085012664214,0.000337266000351664,0.0007072457020984253,0.004513920360251702,0.008382370600724269,0.002196316089889236,0.0013905040737583188,0.00211550149946738,0.006727397317535022,2.1483062476711535e-07,0.0010250445106728173,0.011954967076814182,2.832015582716012e-05,0.0004482973876186453,0.001058614533254063,0.0001820994050263958,0.003336179185263545,0.0009978178386626073,0.0035411198055979266,0.0,0.0016136020499667887,0.0001967996308898346,1.4623183718613228e-05,0.0002944463658019491,0.0060521323313559305,0.007334561177597316,0.00015291029678665062,0.000641409820020632,0.0007437992777149501,0.005649902872069203,0.0034142332115512384,0.0011440085533189006,3.5443693614719255e-05,0.0013462202164192369,0.0025844786672149737,0.0016676404542536082,0.0017068885055161666,2.279055944067276e-05,8.910167359003042e-05,0.004094668583358122,7.246556768802753e-06,0.0005289002935615271,0.0004451299754227982,0.008597926679105429,0.0013052178119905059,1.2621591878849473e-05,1.7601559476582568e-05,0.0007639878196605409,0.0036766219954714303,0.002053796515958787,0.0003810823610655587,0.0026822353326744416,0.00047265317254315084,0.002038896493663114,0.000508949521872666,3.594485172022253e-05,0.0003368520963195941,0.0007288502312741969,0.006278094480825588,0.0022989110901512006,0.011417086210521578,0.0038929350201025083,0.00043026778831016326,0.0009418487815245034,0.00025657669748037175
ctx-lh-superiorparietal,VAN,3.6836748979825207e-05,0.005085182127965476,4.277975223524208e-06,0.00018834947400634522,0.0052411794026729925,0.0009269358768492712,4.413252112435992e-06,0.003763684098113603,0.0010689318008189166,0.0022171625917864982,0.00010521703238816621,0.000355817270970334,0.005219285608524856,3.934675272543429e-05,5.8139337978436965e-05,0.0002526561778822635,0.005167694139132941,4.1930688606106396e-08,0.0022486332270739624,0.00022226689793698994,7.955463629310323e-05,2.6028676718033534e-05,0.00026382365499759175,0.0012812156141463846,0.000784550804436249,0.0062410897620739075,0.00031512350147736874,6.658110928736062e-05,0.006794578469577259,0.0008873961658731884,0.004222542920411707,0.00046872821684796544,0.0005263142139835903,0.000512154655523453,0.0017244825024953334,2.8150633690303703e-06,0.001219348296981002,0.00012774230991744427,0.0,0.00031463614367955136,0.0003561949922635196,0.000977328138797501,0.0008584567086305005,0.0009297400241905239,1.680900957325518e-05,0.0006428989069965637,0.0020834461625563,0.000740531243180768,0.0002913562655811596,5.784930345616618e-05,0.0015242416562111078,0.0015185129983109843,0.004765366248628085,0.00017130943076229925,0.002252936991486822,0.0004804392388133984,8.077101758313665e-05,0.00040169143072889117,0.0022848005496040403,0.0014004015027372688,0.0007278082606217123,0.001562109164748918,0.0002575012148128814,2.6412619393378205e-05,0.0003732539388717442,0.005598779332633699,0.0007518632665354006,0.00047090188398375476,0.0036017219585550734,0.0014418757846964385,0.0020492485975143492,5.3898640969271235e-05,6.571313331028115e-05,0.0023239410404263775,7.126844789949514e-05,0.00038307345253466794,0.007514810946943991,0.00149510415146748,0.0008676154080646999,0.00013075301849123675,0.001274185587114623,0.00012578532729361306,0.0060394399440565705
ctx-lh-supramarginal,VAN,0.004626354714646785,0.002737102932397587,0.0017615929327358959,0.006434473259545447,0.0015607931815496128,0.0002605157238947118,0.00806728914637876,0.0001455107482257699,0.0021772066987998297,1.0958574305150935e-05,0.00010304564598243807,0.0006473998521785337,0.0055825919639648554,0.0007831691405450194,0.00025126397071541674,0.00014577205658943644,0.000662622374128926,0.0006508589241074421,0.0004283342832436464,0.00447748660672878,0.022710091587385343,0.00022856039700214253,0.001811404049421927,0.007363856973560005,0.006261304703286758,0.00037149477118812626,0.01584653443744879,0.009745742972147621,0.003825963175648292,0.00415139639128502,0.0013984091288283705,0.008542406184341295,0.0025528542325389527,0.01625338195712384,0.008745805449315254,0.01778485589682191,0.001133819598307463,0.010105570687885038,0.01912523436671069,0.0,0.03425989481144789,0.006163984540640621,0.0005702719799361376,0.008839740724491209,0.003486063213954458,0.001901074269099722,0.016923893933058435,0.003253466163109364,0.001161256005105096,0.006155649296667714,0.003558778374716488,0.0001187197692653733,0.003662334740251871,0.0021143608753207595,0.0012388308525668685,0.02270736422757363,0.003867780989004352,0.0009266342045555646,0.0006762413581903343,0.01639495759294524,0.0003071903292436245,0.00020735193226753854,0.009425302275704706,0.0011023772302025717,0.0031630208495874814,0.003617896047650737,0.027444053447172587,0.001388504039452435,0.002806573177180328,0.008935568477051556,0.000983426824329593,0.00016701006254630658,0.0003827071245969814,0.004456599725574374,0.002702228280739191,0.006952081732147269,0.01143461618913425,0.017838966857783585,3.882301820834791e-05,0.00033870943027801897,0.0021152004548199493,0.005741556124960704,0.0014464044040074524
ctx-rh-bankssts,VAN,0.0007306703895798525,0.005801970739740293,0.0003528766521926551,0.00043990135815393167,0.001540285804436298,0.00019887782358239445,0.0006319971882347867,0.00039239252185569807,0.00019856404963092917,0.00023239024054198297,9.219172363147874e-05,0.00014543728234202457,0.0002951495709531599,0.001958166559493192,0.0002783156171136018,0.00024771647583927275,0.0042757911062055514,0.0008609878595234348,0.00032526768220341487,3.3927982763940515e-05,0.0007380925405278202,0.00023726498723504618,0.0002244152970207185,0.0015038723034360003,0.0007806539007791379,0.0002920030628905304,0.00045613195935675384,3.753534554950013e-05,0.00040759085066374414,0.0021684096475004942,0.00046663398583252644,2.960015644994288e-05,0.0003616895089542377,1.52415814656037e-05,0.0002940525859499934,0.0013119625182438173,0.0009934730115975859,0.0010994065308555768,0.0012062998488362783,0.000295995227668789,0.0,0.0002545274867542698,5.180402370774501e-05,0.0012735511429342976,0.0007407077757338015,4.390319033223515e-05,0.00019704986797620643,0.00011931545541573406,0.0002635856670047889,0.0004212019285737984,2.4756880164278322e-05,0.0007798458728840001,0.00015033626779355257,8.797087999502482e-05,0.00038134740100113126,0.00032296853576003516,0.001327971474377699,8.670876784231173e-06,5.74519764284431e-08,0.0003889900469249981,0.00045840804336040017,0.0005068035963178872,0.0024386341572145208,8.363143517095428e-05,0.0025190395407408603,4.72888470458858e-05,0.00016849359168501365,0.0007890532520049609,0.0005795736167881096,0.006266893687105938,2.4266615324907624e-09,8.468228145830055e-06,8.799196070026937e-05,5.554042601872975e-06,0.006653972995576994,0.000429609393945959,0.004669881372113137,0.003529318228003043,0.00011902273858346786,0.0007568076488692547,0.0062666998507723715,0.0005836293089557268,0.0005654139961669834
ctx-rh-inferiorparietal,VAN,0.018252424333975125,0.0001574236032894596,0.0031455370868927013,0.008833524895181737,0.018728204068464656,0.005023119100852116,0.001611520548139659,0.00768958466923196,0.0005992122797284093,0.006736269399455348,5.601405478743847e-05,0.010478395376149452,0.00029013590155995024,0.0122044642600362,0.0015338658687295698,0.0033950297864671413,1.6897025591079546e-05,0.0009665988099297439,9.670835024682924e-05,0.00012405619514851792,0.0006258813528023978,5.113764625172184e-05,0.000913224543916233,0.015219127020297553,0.002412406005026671,0.024790362128919337,0.007810850089798432,0.018694906399141415,2.1554903762222422e-05,0.012153077751202194,0.00048375640653432493,0.01433250198085463,0.00038597600862245334,0.0001858489596343829,0.0062781659043263435,3.0797035433059946e-05,0.0055981351532666925,0.005429245766508504,9.184198284765136e-05,0.005386481938371074,0.008664904414686035,0.0,0.00348686407454783,0.001503705067158624,0.0008606434222586453,0.001948850489855575,0.024605292459852587,0.0001263529902584438,0.000247807837112868,0.007932006784561126,5.6095197841595615e-05,0.009825356232396897,0.0016843663637485318,7.31197518299597e-05,1.0216695071775049e-05,0.0014160405646942553,0.00012373863478170246,0.004909030441528963,0.008132078374076574,0.011181626662733007,0.0008925873634771867,0.00030999706576063235,0.002737579724170745,0.0087676609073178,0.00045407538762509827,0.00549073478991488,0.0062260831406143686,4.723915077481378e-06,0.0007067945453064033,0.0014485579713100648,0.000665660009172295,0.0009360787769391219,0.001549994593804624,0.0016313246311058492,0.001755512126315164,0.00011353173354646139,0.002618490537692276,0.008645257723111822,2.1222921019645317e-05,0.002648961865171605,0.0010350684598025449,0.001484115066658986,0.0006909716934678588
ctx-rh-superiorparietal,VAN,0.0017238081272444893,0.0005801275557487831,0.000510202743707731,7.75862225466526e-07,0.028708965388159643,1.5592527413796063e-07,0.003135144842707975,0.005349156451815913,0.0001262144527578909,0.00034484329454580155,0.012739460674211651,0.00734362664172536,0.002502595741921194,0.0006339501834450523,0.005868720816333253,0.0080325729313465,0.004087234926099137,0.005325006589095696,0.0025891837448896336,0.00014889002258585432,0.000571210980278861,0.00411259896196152,0.002168249779154861,0.00015772938039080447,0.00089478603697818,0.0012128829673505375,0.007318983292298389,0.013294510956381556,5.057358738781812e-05,0.00012545606812312436,0.0008303498748471415,0.010203973849805405,0.00045206327405920854,0.0004160685291479696,0.011698444004719425,0.002262389695681693,2.921404992235288e-05,0.00045813807540006024,0.0011249536178751876,0.010022847181689382,0.0011425540768057409,0.0005237479034475135,0.0,0.000906290024081474,0.0003459397242866998,0.001021207674423318,0.00014717450111533588,0.008430475352487976,0.0042944544167561,0.007705675652311343,0.0009570956349614746,0.002455124372525701,0.005310879677550127,3.5387947916420893e-06,0.0011737813403105417,0.0017875243674149177,4.014571752273998e-05,1.7975301767358863e-05,0.000840366744838938,0.0003333656104906751,0.010545252689295407,0.0016211141061477359,0.0073883164807881365,0.0010033943057749359,0.0013865751424419672,0.0043196311745867496,0.00044569402531076526,2.6472577042176113e-05,0.001992892606608696,0.008459696384763474,2.7700770067548857e-05,0.00010710501985834802,6.0536105022458365e-05,0.00172079024494855,0.003716000897045611,4.0098054768959456e-05,0.00483132281060734,0.00014544308869065452,0.00010775834473591471,0.0011116702694493434,0.0017380420052685907,0.005230701575621193,5.795072352557323e-08
ctx-rh-supramarginal,VAN,0.005901830093679807,3.753490095299943e-06,0.0006572490529336276,0.009503678749906755,0.003472620147759127,0.012648569984217628,0.032220136198932096,0.019042374793785396,2.0463606551951485e-05,0.014103908503536353,0.025251502467319043,0.004999420039491808,0.008629164200005457,0.0006841943214030052,0.01102360266697674,0.00010319370440435505,0.04717716880338042,0.0024996327694398576,0.02938185167679732,3.415733479766508e-05,0.006539005590848835,0.007076320684453295,0.0025467365221298133,0.0016651658036712248,1.3435906825839378e-05,0.015144343056144092,0.008478124572369012,0.0012113774876734563,0.0002796709034132985,0.032255264773964835,0.003162545489028455,0.011507439124866263,0.0005821488879106977,0.016620897011556227,0.001992007415193144,0.005260346559172889,0.006268265684201214,0.001031928688776254,0.0017292281445205637,6.906933234249163e-05,0.000662478009256187,0.01787478753810921,0.006019432894277253,0.0,0.003933597906961204,0.00030241849396220273,0.005300239940392185,0.0003345680761966903,6.628664912504428e-05,0.0012244893837736331,0.010617984519551819,4.1688812088485886e-05,0.004171210671257962,0.0006748215002097494,0.004776512614889311,8.193466917628848e-05,0.013890236037096793,0.00035101607971912735,0.00015303398209121872,0.0015532863889142724,0.0001794684283105364,0.002933958880454369,0.0075113329782560915,0.0023614055570117137,0.010062145427393105,0.012124072245431392,0.00260078680074661,5.398034679705815e-07,0.023292995568288354,0.013807351207505012,2.513099875445159e-05,0.008148398214251689,4.449086338858345e-06,0.0017267443141231703,0.014162739427371418,0.003972725329554956,0.005961349735467217,0.004402183459363136,0.013318997080121292,0.0005674170320418737,0.0027282534480183983,0.0008005732881446941,0.005727783679196782
ctx-lh-caudalmiddlefrontal,FPN,0.007698977174118899,0.004497067756616521,0.01253318881733829,0.004500950698678919,0.0005601660589968615,0.0012773402568294198,0.0027283487608701106,0.0010178827388017512,0.007711058325559012,0.008456600932094889,0.004573179927745452,0.0012787283127218309,4.9493958191115504e-05,0.0019560727094615205,2.9253399449082446e-05,0.0004159005009625559,9.081838669607472e-06,0.00021648745328209108,0.006379130667499447,0.0003765634066502465,0.003660871180325139,0.005733857487311084,0.006495571357389279,0.0024355913656100904,0.004525733738521637,0.00046083993897905634,0.0039640351373880205,0.004852758986079673,0.008616880571163077,0.013415344074761075,0.0037128403849752746,0.03490323691935719,0.006204037147720075,0.0028216833615091405,0.0015924258905110026,0.0015859514676624534,2.2841394885785804e-05,0.001603149302725224,0.004910230031867922,0.0009047174799685417,0.007353850033796554,2.4007964282062523e-05,0.0007900788131650284,0.0049453930790240765,0.0,0.004733674582377007,6.287955090989743e-05,0.0021502955589427345,0.005808402445301747,0.00012210029830617483,0.010187751300443458,0.005066814903909133,0.006461184793301541,0.00014055152337780807,3.8956695144570546e-05,0.005071799918948781,0.009108782237759298,0.0010134201518698961,0.0007613089512465082,0.00024231988954397657,4.308106086791712e-05,0.00705483151423539,0.011345939372447668,5.426158270473911e-07,0.0012176349363670852,0.001488359902832262,0.003378912768869986,0.007267772640043183,0.00136110124678483,0.013963041093126061,0.00426138117028715,0.008790073664204708,0.0001013043502243294,0.00028116056060281886,0.006639426971863832,0.004507513995883432,0.0013101390741387128,0.007071799447284532,0.031209881906360606,0.010197553491114578,0.003378669292593814,0.004385885100097496,0.0339715837287761
ctx-lh-parsopercularis,FPN,0.014805211553453492,0.006109770060572904,0.0011192295948553362,0.0002041349447813318,0.005876611723591882,0.00996253631478513,0.0010224384100370049,0.0032442598077699098,0.0055933035527408175,0.0077970901765925605,0.0005050278673002699,0.00158589685976575,0.00015302350342441548,1.0562722061992864e-05,0.003759073865096231,9.79945042536669e-05,0.0008209272919245922,0.0065303519700183514,0.0009455603184919836,0.00023475768852564315,0.0009376411343166141,0.0035630242439003276,0.006329535639166947,0.00023751834406449124,0.00815086642181224,0.0011227693233577573,0.0012721272225227984,0.024395131669246763,0.00020606774770332915,0.003172591620198386,3.83381456270783e-05,0.0007554791407415021,9.04906125074643e-05,0.00595963118457947,0.006227618838967038,8.243314963769128e-06,0.006090420535809764,0.0019059888279429216,0.0013692526080579268,0.0006103185972838653,0.0022435947864299834,0.005401304558940413,0.0018329277023976327,0.0009568760632673582,0.014771951945323757,0.0,0.031578872673267526,0.011294795296597418,0.002095413210363534,0.0001370126167612617,0.0024029612069859044,0.001894500079084626,0.020464052715684664,0.0259681122975279,0.01567729739288338,0.005950615019195462,2.131159268955883e-07,0.0006304610315083936,0.003300663319221448,0.0004461476269861503,0.0003632659363576933,1.6462704705995425e-08,0.0014199058414911107,6.889519127642399e-05,0.00013024002020895116,0.0058138153414363,0.005970763470278861,0.002109570533719566,2.628969175967398e-05,0.005620783050222101,0.001249578773376859,0.002483715669547466,0.00020835202949569067,0.023891069158910847,0.010214493943096628,0.005529884455144947,0.006867002865255439,0.01739940724722754,0.0026269922193486736,0.0039627017879705064,0.0018762035916980912,0.0012440556610191819,0.000832776339296904
ctx-lh-parsorbitalis,FPN,0.0008004501325568331,0.000494251457559815,0.001697251931760251,3.696281637867486e-07,0.002483086528896023,0.0003195542701733634,5.306862934340415e-06,0.0008114444841011191,1.5639244605730447e-05,0.0014546471322392463,0.00095106267693188,0.0005679100086728954,0.0007709843619433059,3.0088867097359955e-05,0.0003549966888364215,0.0006575634102706098,0.005039957150968933,6.947029203075909e-06,0.0012490809216411465,7.845001427119306e-05,0.0005420011212578603,0.0004552084293626475,2.863703658875585e-05,0.00012784061823713295,0.0010233751017191903,0.00030248967963394995,0.0003660794670952511,0.0017050064287745575,0.002272808948196531,0.00012481808770869104,0.00039212244780694567,0.0018783626394977095,2.356925956184989e-06,0.0005918280730990419,0.00073543227141063,0.0001224710858259846,0.00010509888630574233,0.002566962974118655,6.328716022941959e-06,0.0008016111840780459,0.00010248011906087286,1.0243272227154354e-05,0.0003508813426384513,0.00039846061706217003,3.38899629998425e-05,0.00010909428287027157,0.0,4.79202311998366e-05,0.0013835510347642568,0.002656075641855591,0.0011185949882935506,0.0006568369916116245,2.3508809924700854e-06,5.899844141107552e-05,0.0006068001326857056,5.418198801794811e-05,0.00035811447504631645,0.0006211485429941843,0.0046884070901945475,0.00023036054137252448,9.411677006468286e-05,0.001743679991380099,8.296989941708933e-05,8.756289990129174e-05,0.0023512164701455043,0.0016926051232811965,7.351304487085081e-05,3.587271477083909e-05,0.0004850339606719739,0.0012163480966005634,0.0006527026093355681,0.000538590156946186,8.96527353142958e-05,0.005367199152681153,0.0013402665719664366,0.00019148109377632733,0.00045037676260047436,0.008159858609571004,0.0008878953587441641,0.00047408964215633046,0.00046161699957262924,0.002755447858723962,1.0238231914082047e-05
ctx-lh-parstriangularis,FPN,2.3219531089608454e-05,0.009255072959864174,0.003353849338189772,0.006726168749943079,0.00016760084628864852,0.007497730292963873,0.008069922349153888,0.0002714876356729686,0.00033772930641805504,0.0012966240120770658,0.011347755936932317,0.001174055699729872,0.0006007211810048521,0.00042111304808575655,0.0049341187978628725,0.0004741986147714312,0.0010896845566206023,5.515443428188378e-06,0.00015923869324849363,2.138939725923019e-05,0.0009398800103519661,0.0006689571475555345,0.0005616898803027367,0.0008047730211514477,0.002835823006987902,0.006569646014086107,0.008666213645107694,0.0010621647367908178,0.005709326186420074,0.005638138966619457,0.02472892265437092,0.008980822219389117,5.10183471861911e-06,0.0013382572093778074,0.009714137053737965,0.002739586262372227,0.0014065428354335793,0.001003808582018965,0.0009994333708367757,0.0012150397232580134,0.00027137007906963463,0.005251214389051593,0.0005691588928211979,0.0001895266610264862,0.00044472040643361854,4.405899693989503e-06,0.004889091287348824,0.0,0.00020607855147499165,0.00013119308946980403,0.004922837830678902,0.0034101721578028025,0.000984649418109109,2.0749002531741947e-06,5.707992852119918e-06,0.006923028191817725,0.01881078908899129,0.00388725597074636,1.091918939494799e-05,0.0037653338906538767,0.0005130052678820538,0.012278870368414501,0.010240629872802384,0.006591483233948876,3.796997911377764e-05,0.008075394074960617,0.005225954463840575,0.006257997243961122,0.03984658706725228,0.001097070393782776,0.0004450099079189564,0.008653104960322464,0.003021222180453361,0.0016358994320604672,0.0031495796145553806,0.007370729266763872,0.00034832348251407887,0.015056599534153522,3.6017200117377197e-07,8.9997070207274e-06,0.0031609135485036414,0.009644380821890801,0.0017299557190915693
ctx-lh-rostralmiddlefrontal,FPN,0.008125338017881515,0.009238312512534668,0.013285587580184511,1.118118446640385e-06,0.009341978697729068,0.003975275544213031,0.004146647749815203,2.4302756694617253e-05,0.0020888671405093926,2.5666933646514217e-06,0.0003559852463492917,0.0008316771227555629,0.00404959925292918,0.012546849053107332,0.0019125461260050148,0.00090758580798721,0.00021586114374366177,0.004336026110824133,0.0010721802373014528,2.1876828525252903e-06,0.0012432641672847548,8.259375426234067e-05,0.01315665666017538,0.00031210637261331275,0.0006089500944871189,0.025782698088215983,0.007306967576558831,0.004184863027894988,0.005052640568111227,0.005875035503668198,0.0016648478484477518,0.029019508785736885,0.010478592178181435,0.0035425333520990076,3.937418085721974e-05,0.00013390531267802936,0.002673632729528534,0.001506477790508924,8.185144233728954e-05,6.208519155157605e-05,0.019663712959794286,0.00038848965467932936,0.003096101083463563,0.0020762557934486795,0.0007768437538378217,0.012438921211210364,0.0016677215521240568,0.005032133789052373,0.0,0.0002338786907383298,0.00293644301596656,5.601343872351129e-06,0.00039410916389861914,0.00020865161923413203,0.007393504409384362,0.0004966420464631551,0.0012926464962554841,0.0002516139513876719,2.023878197112124e-06,8.409637823863452e-05,0.0026110819903541714,0.002716482216938357,0.004594210659244041,0.010049891391777248,0.003903257316337781,0.012692298999318863,0.008325047996656286,7.997392172130246e-05,0.02245025139426564,0.0001273966531565434,0.0010935622574919416,0.028686135477795506,6.987805798703667e-05,0.006650232287307089,0.0010624579489190425,0.01570121953047276,0.026057772774555222,0.0011092744389506145,0.0006438352659728283,4.401485045935393e-09,0.0018887124970358023,0.005008127936962585,0.005989966741201625
ctx-lh-superiorfrontal,FPN,0.021721379538300178,0.012513619378189093,0.004250090022389719,0.0028424181596547783,0.004266464106345783,0.0039301328381317405,6.367749027945559e-05,0.0022307778665695693,0.00032285991993767426,0.00037952021924198416,0.0012580057279597164,0.0008245227066534586,0.00010524888024411842,3.796088366096652e-08,0.0004682852368280275,0.0003223258916986914,0.0005810198938604164,0.00021296377099097998,0.000246151319758207,0.0005971677410073963,6.830403798614988e-06,0.02768391512876449,0.003037957876082524,1.2055404501464509e-05,0.0048021742481990995,0.0016282878633572166,9.004113326792614e-05,0.009695700543985908,0.0008596640416725744,0.0023408545481356626,0.0046905495816245354,0.0032625668067792018,0.010439997230964941,0.012819449659492147,0.0030425833421382073,0.004709193558842382,0.0024039473471360634,0.00043558884839027767,0.0033672636223543496,0.0019542826225169042,0.01439773310247886,0.0010115141758842362,2.9580749447636635e-05,4.597845983789859e-07,0.012186631448070733,0.00024307383855854222,0.0028340227030926495,0.0028769353198358273,8.1730979357478e-05,0.0,0.0003228370646035768,0.0016789660934852285,0.0005647777394756419,0.004632639360253515,0.01120987650964993,0.0034968865735143856,0.003907048870333218,0.00066951952275303,0.00223384129384316,0.003395633885585624,0.0018614739999083846,0.04232798639260487,0.003228976288295424,0.0022536920184418317,0.010262443537235585,0.018215155359837566,6.67321352538898e-06,0.0017561963425798443,0.0006791394190563974,0.02034434859068519,0.01429808408357373,0.0171369853282355,0.0030164203209276166,0.026641099219745352,0.0012324725883169746,0.003146392477451615,0.001105466168737422,0.0027368283063047135,0.006603657092486004,0.009649949054011871,0.01943457217298478,0.0047958435093730335,0.0008115488426062401
ctx-rh-caudalmiddlefrontal,FPN,0.0013289246277864905,0.013229777049333705,0.000588363856845124,0.013711908778651466,0.00015984779902826357,0.0011312991395377727,0.003211265447388456,2.686812473776367e-05,0.0009560722647443332,0.0010054553767836207,0.0014828669306323219,0.007356364375689061,0.0033208523463526592,0.0002847673639246089,0.0007493091058301351,0.01574429923584791,4.024872088240264e-06,1.6436306119140026e-05,1.2700450368107447e-05,0.007775838718006219,0.0019446818741959179,0.028779461750055503,0.00127330448994238,0.0012490421736718212,0.0010058575299721599,0.004281393263214921,0.02188298901747887,0.010377517853331292,1.773788343803907e-05,0.0043631422755407755,0.0019635370163090023,0.003067906186582845,4.27675084884962e-06,0.011400234333417657,0.01318592633462104,0.003730760951664699,0.007585200276717912,0.0001125507845419065,0.003599148196551675,0.0010653443009210493,7.058921503744828e-06,2.3103932125269334e-07,0.00030292050992389324,0.006950512159699005,0.0007187185782300714,0.0077023538212674615,0.019071105973589717,0.0020506119705058783,0.0023877791081786236,0.0018796042066092004,0.0,0.0008161198754663801,0.005609373250134822,0.0007843830718159569,3.063100535318454e-07,0.004496979624253265,0.00015245065742737894,0.0017463293845546095,0.00778191952138728,0.020201240529303558,0.013372003760945004,0.0150479592348013,0.00388670107005562,0.00045273023739453256,0.0009331697404803332,0.00197862284883194,0.00010117756846272391,0.01261186450305382,0.005933128781404214,0.004162775608417407,0.0024265013829691587,0.0027108615433316056,0.0011711645307053817,0.0013904439453193756,0.004302055378091208,3.895890980451632e-06,0.00031169879950524045,0.01859505050679031,4.404596075136597e-05,0.0010555740365539102,0.00427433301318256,0.0019530950201086443,0.006946811889171243
ctx-rh-parsopercularis,FPN,0.0006304260349955074,0.016159453091450563,0.001282604405913255,0.0018127474014196705,0.002066409992881201,0.0005953631700102579,0.003591711659870057,0.0012843425253572735,0.0005765913511226988,0.0001541163548464497,0.0009862615323186189,0.000448331022780622,0.00014350519576802206,0.001986988658065856,0.002245629538513876,0.0006728169689987278,1.7757637064923583e-05,0.0001923891009407852,1.3682265352634797e-05,9.567030799584656e-06,4.7738604532278155e-05,5.685334388821993e-06,0.0007998545280116671,4.751938717350656e-06,0.001985589209531575,0.0010851025253363683,2.6547792042847624e-05,0.011409867972339954,1.5221363866231586e-06,7.264677654194678e-05,0.0024041979828304545,0.0020502551509698043,0.003970333203879006,0.0006677077161756746,0.010639230615996257,2.649245377002045e-05,0.0005612351958231433,0.0035445818959546553,0.003435560957627848,2.8665616555861617e-05,0.00286247827516548,5.259776670715405e-05,0.0015518123532127517,0.00012330156986521237,0.0023236265816107358,0.000598869740196095,0.0026848472376939515,6.168921031091712e-05,0.0008417394934024585,0.0012360496598000119,0.006935450721799835,0.0,1.501105986055333e-06,0.001000166440621965,0.00040784026083031646,0.0009418276416774512,0.009223431580971735,0.0023862124884210245,7.074149105284717e-05,0.0009400051999441515,0.005916742461647549,0.008923564406885276,6.271607066722728e-05,0.000750779608801646,0.0032982978567727673,0.0012363451186538585,0.008624460264542402,0.0009120795505763479,0.0036070051058202978,0.00014219314243427852,0.007386341634759985,0.00028267190002353727,0.0016984743282090911,0.009691268617376384,0.001996254132614322,0.001916233968605375,0.00725656530317335,0.011082692726608308,0.005983729429129228,3.0382616512275965e-05,0.0027234276046250497,2.107481546383266e-05,0.004256228976468292
ctx-rh-parsorbitalis,FPN,0.00015110629890424595,0.0004854958011457229,0.000486748994446045,0.0008457148055713012,0.0006026578100258617,0.00037090154429092524,0.00012551448160043782,0.00033745007670359274,8.978589450333427e-06,0.0030124721542687757,0.0003884144964033614,5.8520077246829e-05,3.6306477498645625e-05,0.0002831905663954426,0.0010724950347858015,0.0013756136124495387,0.0034445674441294623,0.00056905808791379,9.529722724441234e-05,0.00011849491963864296,0.0007103844654855644,0.00032972650806153015,0.00024542326379472194,3.4177877982436318e-06,0.00044971956884976694,0.0002324630993524459,0.0008183716690856836,0.00015423291433495944,5.328706025963392e-05,8.21697936679684e-06,1.3795971192955456e-05,0.0018868323027878848,0.0004165281690942057,0.00011230410170342537,0.0014910148420926616,0.000186774914912895,0.0001006111433561803,0.00019499715612092793,0.0007857168442149835,7.862412636884265e-05,0.0010990556682111238,2.8359765166388228e-05,0.00022097407134741404,2.1365803790179296e-05,3.2916710993547384e-05,1.069864744158396e-06,0.0009150934346720932,0.0008606327850114064,0.0001546627278511552,0.0011970977869393798,0.0002560863251508779,5.319893149167072e-07,0.0,0.0005310716093640486,0.0006015394872651992,2.065903323035477e-06,5.7426161996178294e-05,0.00021335895446651402,0.0006401834102374037,0.0003679649966622095,0.002664626891550945,4.749556883163513e-05,0.00046404771733331784,9.522098326004709e-05,0.0021467335827501863,0.004129205694894726,0.0028814484048960438,0.00014733863549145948,9.700129389171324e-05,0.00011910757643617841,0.00023447448888257497,5.3401906117882684e-05,4.909348883710688e-05,0.0004620078408329644,0.004480410548688966,0.003080949084232606,0.0017114734995828625,7.426464733520844e-07,3.0217202082751248e-05,0.0006042625279635893,0.00027057126170458205,0.00073110465230288,6.582232791823909e-05
ctx-rh-parstriangularis,FPN,3.828459550111949e-05,0.0001860426520918291,0.007031215429517909,0.0006571940638530712,0.0034184116049323764,0.003370356585065151,0.0007330401218964123,0.004092122906797426,0.00043776118849212046,0.0006370695024932694,0.00332164282046627,0.0028460789905981037,0.0028171994679096436,0.0012044130137749917,0.007200957378908699,0.005013931538027505,0.0013180416896032604,0.004740569555228958,0.000859093244017204,0.00011874294143075691,4.171819371558773e-05,1.1834985357701883e-05,0.0003914908945866262,8.423676554916532e-06,0.0035296348870930967,1.9931919692907757e-05,0.0028004664106365887,1.7597933044771673e-07,0.008736736104713093,0.004064628290663227,0.00018059147606398407,0.008750403359573767,0.0002709845414968712,0.004110456230114141,0.00019428281222760838,0.00521812355967154,0.00432451698405682,0.0006115443705470725,2.7462493649600946e-05,0.0015889873143059118,0.0056207780084388745,0.0014719756184688256,0.001301518692711411,0.0015569267473762665,0.00021069715314317572,5.448321925042215e-07,0.005850667916249158,9.255959770836308e-05,0.0032866953125069553,2.048552728408835e-06,0.0010157611847922611,0.0066810126211481555,0.00016321755007570523,0.0,4.945727714053506e-06,5.502352503788872e-05,0.0005589125855864426,0.0014424589886165488,0.002693581966911866,0.00018450587765241622,0.000507537866436685,0.0016065433050273755,0.004967431857573165,0.0005594181060459548,0.0017258384610449222,0.0003780850053722916,0.0001622831864009427,0.002014489831056787,0.0004324539261013015,0.002636881414375471,0.0016706500790495704,0.0005053611335116104,0.0016449436934812764,0.0006316892846647785,5.007266136457225e-05,0.009345633632756298,0.00011466064282931841,8.484139767997124e-05,0.008127600456014636,0.008440476470179098,0.002784256368687063,0.0013259697786584276,0.0005680768183356172
ctx-rh-rostralmiddlefrontal,FPN,0.001848086885717,0.0004672143516011523,0.0011880471801706354,0.0007601463777532383,6.153227667453245e-05,4.2094251483103216e-05,9.309274409604287e-05,0.0021744644425858565,0.0011992232386621809,0.0019805872987594766,0.002943728261229359,0.001069482625577579,0.005236742062403573,0.0050474792747892405,0.006432294977933221,0.0033429267076522475,0.0017182853395915664,0.0015275050508884293,0.0010878433756403025,0.0003756887533043033,0.0014431610285826138,0.0001901639221412364,0.0010414864807996476,0.0009869462123947735,0.00047783485547354623,3.514267172720193e-05,0.002402597518827981,0.0006956477694098312,0.001948473293666333,0.042627219081078624,0.0005364171756044974,0.0014608175129770175,0.02147993334624361,5.9565768769316696e-05,5.235669450967588e-05,0.0008524397445750692,0.00654547374941268,0.005239530292875712,0.009806965919611142,0.00010247104734753963,0.0038387079273475254,3.612306518710715e-05,5.3689778322362026e-06,0.009847716050146772,0.003510876976578623,0.00019483270915045847,0.003848440088066322,2.602996089811015e-05,0.00011011727092930518,0.00013344169404599509,0.004085327120469176,0.00038729865162171926,0.00010935953808092237,0.00015825396596600428,0.0,2.9647601806889803e-05,0.0004958423578308502,0.00011511334754576146,4.935179391392471e-05,1.583718548763917e-05,0.00027292966294285067,0.002410941854698151,1.9603073623117028e-05,0.0012856411847078353,0.003641177954883966,3.872773981450446e-05,0.005389899053509744,0.0009358758449479934,3.328273739480462e-05,0.008147116619985854,0.015736245329988005,0.008029541306799408,0.006659859512771669,0.0029569662730594896,4.3192400739242946e-05,0.007234351128614349,0.006000276563039838,0.010884040330579055,0.034238566698153255,8.100534736980116e-07,0.005104951710119138,0.003028540666292289,0.0011749498946221945
ctx-rh-superiorfrontal,FPN,0.0007979094639660072,0.006688715955007764,0.0009069194110507816,0.006785298799429708,0.011721305576456943,0.00028577340196827563,0.0009102868432455527,0.009621386998705244,0.0036475103877643,0.006585765334295489,0.008303064486468127,0.008461833712129153,0.005312659202199348,0.0014642208580107649,0.00024957112225075853,0.004625065033077468,0.00015838282930091794,0.00019222381635455312,0.0011196673670488561,0.005741738963885681,0.0057263796843931986,1.891595739044127e-06,0.009639823939361412,0.0021823380735195323,0.012129859482148899,0.014149546769898335,0.007974422064335305,0.00923464775972791,6.573130250480192e-07,0.007128519131578763,8.69062621834767e-08,7.585444396643448e-05,0.04112492496334337,0.025200478110043965,0.00034589700577730085,0.022825725193467917,0.002047147621085631,0.0038681964873333043,0.0012821171318204636,0.0009257927261562202,0.00011330404921797717,0.0005662059737077894,0.012024959634445396,0.0009347967919065771,0.0037592750037560027,0.008815954114321144,9.085415469981767e-07,0.00015935092912870388,0.00029746966132571687,0.02006027395585727,0.025780844749782903,0.023382209586269614,0.0005238732462889078,0.00045575440949993234,0.00012839930999176198,0.0,0.0003726807448159478,0.002813447290166802,0.0012852948234068123,0.012302365794674341,0.00238168099708551,0.0003399704727418573,0.0040584357394616655,0.0001831215872899451,2.7659467672515747e-06,0.003750844873940092,0.0005415260175081076,4.562794734188262e-05,0.002967600749317072,0.0002492147388302292,6.167818896670376e-05,0.0009742616168814783,0.0027911157171592784,0.01492442876797421,0.011780628655057905,0.0003152307419379997,0.010345189874220196,0.007922400504161133,0.007554462563460356,0.0007047867964454954,0.015431115576787361,0.00475764133987674,0.030433682867399746
ctx-lh-entorhinal,Lim,0.0024415793825749437,0.0014694663771943914,0.0017012955506531303,0.0024707326072895774,8.236650358880605e-05,0.0007130113969415452,0.00018039894266640158,0.00020152018166462042,0.0010849296633105244,0.00015057434342651563,9.833552652337572e-05,0.00024701897973681376,0.00014569096657538236,0.010894783629760249,0.00022033315783075196,0.0033979548716210144,0.00022678829833284984,0.0006400774412415905,0.001035683173348387,0.0032852963029380154,0.0010637722306172173,2.190358890264637e-05,0.00017262874967574688,0.0001280823667507031,0.001198916000732573,1.9237799332499376e-05,0.008124453243933839,0.000978371984900979,0.00022261387453227183,0.00011678545649981641,0.002482817743856898,0.0005986120087462857,0.0009246423414733064,0.0020460177762183216,1.2269403539464013e-05,8.256060689120165e-05,0.0001633947927998832,0.00017915018801109431,6.632648033173399e-06,4.263692555397306e-05,0.000666425052312121,0.0004149324827822921,0.0027894198250943687,0.002912186180654443,0.003016253446821487,0.002426171389998319,0.00012281065055855266,9.024109157104752e-05,0.00032271144292048213,0.0014959088033439422,6.63346834900742e-05,3.8084620453002964e-05,0.0018534491234961487,0.002261664135010818,0.00011046232579974351,0.0014522203270963888,0.0,9.426269024043711e-06,1.4832084492266096e-07,0.005415238933036964,0.0007598456282146298,0.00010206816989950415,0.0003181878887032112,0.0009224338591215528,0.009358738654877085,0.0015873275477816915,2.0413220388470554e-05,0.001829211853627594,7.894440243917513e-05,0.0037516740136159807,0.0010456703310913042,0.0008656349514201545,0.00013011471595998688,0.0025872259229134764,3.80206464511899e-05,0.00047961666965997394,0.0002374992446352099,0.002145910073279164,0.00031200477255808934,0.0008869468157970742,0.0003703045502655535,1.2389212748955076e-05,4.77158549208095e-05
ctx-lh-insula,Lim,0.00033981001855535106,0.0032799822680508544,0.011113872837392534,0.01864501546294685,0.0023069008209946717,0.003685292861447676,0.0034052473203352576,0.00014236318385626355,0.01006342460928147,0.0035086327743030863,0.0018878182240779989,0.0293641369442691,0.0016090177757745047,0.0008591618254626687,0.0003875807253445962,0.005931458498409325,0.003951938428922558,0.00025002050428578446,0.026339967203965534,0.00020340559399275159,0.00603495567044864,0.00864421798188616,0.00042527156257369115,6.605150482175374e-05,0.01023562036495558,0.002487474989186566,0.0001766114587045596,0.01775280338389653,0.009327728224976944,0.0039032446246662555,0.006669651845396439,0.023307949003836047,0.005470871083332984,0.0021834957418405206,0.008170182197841647,0.01778521704447965,0.006817677790169192,0.0014067489711807714,1.6553415348280822e-06,0.0013089998817091078,0.018569156027936747,0.004058604536752047,0.005914154690491461,2.752322206704835e-05,0.007627901048047607,0.001136088522626863,0.0013001227705351271,0.003139540621618032,0.0033950894843231124,0.0017865960340395705,0.0021837854256736406,0.00774051753095167,0.015361940351523124,0.0007008129474673534,0.024228211258707735,0.0033061188877968554,0.002050476533790495,0.0,0.0002755956229701034,0.017150975395959188,0.0019468703479868516,0.004249684807549948,0.008237541373530386,0.004306310898055487,0.003035660962444811,0.0009837036576851603,0.0008714469707938916,0.01600413374557498,0.020016748526546137,0.023327849038255553,0.03579485817953844,0.0013443951497550876,1.7677394092838184e-05,0.002859554731983525,1.3930175171675985e-05,0.00312986841263605,0.012694293070122209,0.0003878339644206057,0.004664996522479383,0.00022084568609149108,0.008460059179064158,4.915682017289814e-05,0.029852644730786793
ctx-lh-lateralorbitofrontal,Lim,0.0003284418225700806,0.00022166812555547789,8.832353720152602e-05,0.0014306313101862913,2.1779467713656995e-05,0.0031761039415924173,0.002275435545833503,0.003442789565081561,0.00023973891035442336,0.00508077170589116,0.000667268682245266,1.554594056642349e-05,0.003229304513857154,0.000260545113194405,2.91554800505974e-05,0.0012663194062201427,0.0004984312865992602,0.0010800213250636206,0.00010779333603449322,0.004128335826056285,0.0010387375706187249,0.0033937151665827995,0.00270663328396994,0.007378947767375917,0.0016244727538832727,0.004959334979440366,0.0013141889946677136,0.0003878788029932799,0.0011652561203407774,0.002121736571361924,0.00015783835173286578,0.00011475509902628872,0.00017834099716384797,0.00025293498425589723,0.00011752610262124471,1.1049687467741629e-05,0.0007470154417861461,0.003330451414181016,0.0008712515776834296,0.000715207638027065,0.002636652981929333,0.00045922660396781106,0.0003431837203407655,0.0008531239438650788,0.00010040987148676381,0.002195690207239069,0.0003191686039580294,5.315797957310487e-05,9.679150421882918e-06,3.9113977323535004e-05,4.873527340215849e-07,0.007503018477793997,0.0009202012218222954,0.000783528668355495,9.21495166228047e-06,0.0019129722395257371,0.0001266862483651545,0.0009090127108960222,0.0,0.0028296833597403494,3.8354350105922225e-05,0.0011734268193934229,1.3659189136147778e-05,0.00048569891899802206,0.0005668430409168061,0.0011007926091876911,0.0009909823640123926,0.02507857243532654,0.0004580809007311718,0.0034921945771653456,0.0004376928878141464,0.007400030404212884,6.290627518186785e-06,0.0005843056557336518,0.006317749656694359,0.011956015074936835,0.00011106927314653629,0.0076554848722687,0.006651319580279557,5.0625024912779424e-05,0.006471919760473516,0.0008271821528751595,0.0031599691030362075
ctx-lh-medialorbitofrontal,Lim,1.1327158241031452e-05,0.002506835841006826,0.0003348274708220134,0.001226976323377849,0.0008373359911795076,7.151881969833532e-07,0.0013739099229883988,0.00022722724735338136,0.0041662101838466315,1.8812648730170855e-07,0.0010882717183143022,1.3157260155003576e-05,0.00033911825435698314,0.00046315124718440096,0.0024752388694452465,0.001499876422515783,0.0018369369303141373,0.0014605502388795415,0.0050625675777100755,0.0036620990905391433,0.0008104490647854159,0.0008062981036067477,0.0016236220638284429,0.0027124367068421603,0.0023122321603342563,0.0002305115043346779,0.0017088301790796803,0.0005122390162175473,0.0034434825998626074,0.0014128192766900735,0.0025384397831611774,0.0004568118878443152,5.068870561949155e-05,0.0008570378101691165,6.520690133252495e-06,0.0004744899495813707,6.5823295487666e-05,1.7215284108327993e-05,0.0001044899991075376,0.002430268045274889,0.000179437250412603,0.00014040676229554273,2.426799911550684e-05,3.972305937868641e-05,0.00034628566486595097,0.0020236347776097187,0.028631730388130026,6.411378748600955e-05,0.001506829037485106,0.0026156734998222767,0.004638235131196107,0.00011447252473129297,5.229475357369556e-05,0.00930065932690261,0.002373321875253242,0.0006216801211165494,0.005228260757145344,0.003547887483399108,0.00038286617584525816,0.0,0.00015928077527888268,0.0001477698841772406,0.005900099946028464,3.0039285413255574e-09,0.001335113494920216,3.988805023441766e-05,0.00064223727506909,0.00045938808150010525,0.004130775621657958,0.00042218699877883255,0.00043715986186886497,0.004551000166298797,0.00032469111353659966,0.00028600433589874114,0.0014518506233014206,0.00037060263089908556,0.0003176512819430707,0.0003135323365733092,0.00036057474547908895,0.0002670621873376954,0.0004781449947680568,0.0005930038318327863,0.005021872430652444
ctx-lh-parahippocampal,Lim,0.0010068968556075628,0.0014503391899027337,1.1174782534065331e-05,2.4520370727680147e-07,0.00016749416908672007,0.00016506587790548468,0.0007313041749915896,0.000430341109921501,0.0014801485525628522,0.0014034674318697728,0.0038378203845426174,0.0008806049207244585,0.00039794573392948584,0.0027504005437023285,0.00010842464840338303,0.00018135010208475554,0.0001203927312506708,5.0035671105785884e-05,0.00037961344721876793,3.8481062765896255e-10,0.00040178093561613087,0.00012135297362582102,0.008265825638921968,0.0009690123006825475,0.00018354794370092052,0.0004981801923936574,0.0007549771045119139,0.0019089372327796737,0.001889323318212461,1.502297740054635e-05,0.005096466044119535,0.0022634773413026006,0.0016082282013700207,0.0005393726127495009,0.0005233057675040064,1.867744125562467e-05,0.00013371435944470106,0.001985589587239532,0.0016873137363803395,0.0002781165710256354,0.008915526585114488,0.0014761535624208356,0.000153239238588194,0.0004532474210091531,0.00025886026613911625,0.0026404265065399393,1.3837101573129082e-05,0.009219799581798268,4.412574420007782e-05,0.0021589016595427598,0.001934670004729141,9.956800410213725e-07,0.002114743493508853,0.007154011161958528,0.0009666855433299843,0.0003519045560797249,0.00024964688146736895,0.0001623539082911314,2.613915330265479e-06,0.0010801608560156507,0.0,2.135453673894821e-05,0.0005619729083375017,0.001990937340398059,0.001401963192021106,0.00022887330432746187,0.004571184567700776,0.0010913540711396876,3.809057624257861e-05,0.004005315169166144,0.005060144268721576,0.004095404114804663,2.8042080653301678e-05,0.0023896682737360835,0.0011278927989134937,0.0010092043395342665,0.008753310129666894,2.2516779332207142e-05,0.000860467431165332,0.0021543004952588917,0.004180999938713787,0.003823757587050374,0.003823245701084861
ctx-lh-temporalpole,Lim,5.551522117954231e-06,0.0015478921103132064,0.00048559187168779454,6.739581921042209e-06,0.002348567325227945,4.517208815962439e-07,0.0014253509950823571,0.0002881030772513298,0.0014934824713402582,0.006953557698740557,0.00015107673788483753,0.0008688642138162853,0.002357988751324203,0.0004240540000005455,0.00024769196920417847,0.00016516770167670488,0.002919961021284074,5.383524512779375e-06,9.864669146141004e-06,0.0014131351857558196,0.0003247065764112846,0.0010149014687550406,0.001211958490134336,2.376212763067418e-05,0.0008233980985494463,0.00017510059224327428,0.005653519238414817,0.0024038168803562007,0.001853783989342924,0.0003112415291226256,8.011790557699465e-05,0.0012515631992798093,0.00013939637266305595,0.0009345558277841104,0.0003697800316249505,0.001105852983377357,7.118751881678942e-06,0.00012076975555551179,0.00036206406003111283,0.001424341400617562,0.0005146282474169253,3.7418878306672414e-05,0.004467164858332022,0.00042177196218530575,0.0006558247500382244,3.3753665828726484e-05,0.0015744019620154066,0.0006414047168351945,0.00041284714569299953,0.0009650149468096679,5.087479268052033e-05,0.00011823057723195815,0.004011185956634341,0.00012498062838793315,0.00011754000174377609,0.00012517021827389028,0.0008850386661082878,0.0006352029549075438,0.00034675640822992506,0.0003387463491548032,0.003317751189324676,0.0,0.00035579640174897514,0.000501357033464387,5.031573247206092e-06,0.0013546751485441653,0.00011617955703096439,0.0018436455795036368,6.061766965314123e-05,0.00024846412323227085,0.0010821373936146642,0.0002378472389675599,0.0005506691266247944,0.00448596881987981,0.0006791563835269108,0.00016930298525188054,0.00167114463291879,0.000660231635804306,0.004920176515849707,0.001417235130462801,1.646932655097251e-05,0.003597981151568428,3.428454668247437e-05
ctx-rh-entorhinal,Lim,0.001745858213521956,7.935666783912077e-05,0.000495886364413172,0.0006649815635315637,0.00010508216452101324,0.0009010527577711534,1.825034392491516e-07,0.000178625032879254,6.077737136487018e-05,6.537841852220903e-05,0.0025377654976214623,0.0001569061982609146,0.0011523307283587596,0.001747563760935112,0.001143387687424868,0.0004180046258538291,0.0016765529807282772,2.871834308869806e-06,0.0008901167656556564,0.0007741223926703437,0.0001557095145353833,1.2190548184249779e-05,9.349836971927488e-05,0.0001506755258139366,0.00018115536194948905,0.0007832533070113837,0.00023473370560386705,0.0009231021323280552,0.001490019560856092,0.0012357690507856268,0.0005916098237014939,0.00026030192572960436,0.0017592513038447776,0.0015407454658411582,0.0017944781277702546,0.00012218800218276977,4.011633255476019e-05,8.910534793692502e-05,0.00010066347575747752,0.0005755344066012092,0.0001295280423548175,0.0027498358838659127,0.000186264234107249,1.061536685125104e-06,2.242598560241528e-06,0.0002118770959663167,0.00014141069461128393,0.001668401871122297,5.000073549436419e-08,0.001194094504407776,4.832289219329832e-06,0.0004200637023403169,0.004956461884162004,0.002618870826247411,0.00029772581179025393,0.000972960451931998,0.0001729453658856295,9.07373555786465e-05,0.0010961847737961366,0.0027186997364057504,0.0003991610802262736,0.00018645282883016537,0.0,0.00027711051494249826,0.0024361585224041485,3.5428970888103054e-05,0.0007390628155381502,0.0006552545457389575,0.00015007668561475244,1.900532216969108e-05,0.001436133729486616,0.002345493993575109,0.00034815174566273164,0.0004970856659121402,0.0004027745907509126,0.00017814257397644155,0.000902429471770349,0.00030433327537424066,0.00014281928358810008,0.0002509251128023252,0.0033380785643438277,6.722815632996908e-10,0.00037036991545647636
ctx-rh-insula,Lim,0.00032966999356146665,0.04293867339322728,0.0009826126005641712,0.0012142857934352115,0.0040071935534039685,0.0004754883986779894,0.008280074660432653,0.0022982528000205444,0.0007702216407884029,0.006166038480902737,0.0005198994580540037,0.012795453379124033,0.0018298155974482097,9.710901330622924e-05,0.009141600407298773,0.0004705714340831078,0.012483077299901248,0.0021098812316463467,0.005121371755778042,0.0006868696741939549,0.0023232052361214697,0.007736218376142259,0.009323023605273876,0.0003337561055287805,2.7552314447393257e-05,0.013097604167848154,0.032586416586962895,0.06094517246024791,0.0010727621045257497,0.00015898350670417874,0.005096177090467659,0.02697307292217239,0.00023095841205111038,0.0010899238966630218,0.01176408934985307,0.0006712567030903075,0.00629139273983587,0.008419061196417596,0.0009734549817521866,0.000737788876650968,0.0008485777732466476,0.004213516514671462,6.05832227865881e-05,0.0015635625196099606,0.0006102059052924145,5.884132926374436e-05,0.0004973634055865701,0.029344530526861156,0.0012113353056057274,0.00011801376889244807,1.7325233888227224e-05,0.0038485592171848327,0.007338663477423596,0.006461667881012692,0.0036041905172288073,0.023962203844359885,0.006830366192854502,0.007622471370674372,0.014536041713061214,0.0003195958038066111,5.273876096052352e-06,0.0008434044337806956,0.013196633242656531,0.0,0.00019440315762483867,0.001369764015865864,0.008829788470006568,0.00021452153379631362,0.000657840845302208,0.0011585484799735695,0.012633912401752118,0.013563168006988854,0.0038737028571618993,0.007787314385170968,0.007417732394327552,0.0013822775515565835,0.0022602559420329214,0.00021216251954779203,0.022942626197582323,0.01125216191805492,0.015061157811325337,0.0025047343434308664,0.002430844209845654
ctx-rh-lateralorbitofrontal,Lim,0.00021305785590247056,0.0013617235749056723,0.00039325363502678407,0.002827152708397376,5.963364989258245e-05,0.0010111976490518898,0.006009092773526732,0.0013045692549315576,0.008525525531566054,0.0017830886121518637,0.00207625263481138,5.671272418503188e-06,0.0007897310551993032,8.523085913743657e-06,0.0008408362720533745,0.0012054269608134406,0.0010383949536505901,8.391399194455495e-05,0.0016111307306088353,0.0014595854201386149,0.00041871865905849956,0.0035831201659176724,0.0001248607086291019,0.0037558811008214436,0.00022967912995966368,0.000143131568763286,0.0009381806171818671,0.0003558077605057383,0.005391474780481379,0.00070753445546719,0.007046182537805784,0.0024694961895672923,0.007073568496480579,0.00020937044845268746,0.001994610077299168,4.797105747487358e-05,0.0030033888835120305,0.0017858217563901178,0.0002698520712504987,0.0005142913750077091,0.0019002017272020646,0.0008123631220922512,4.402949337472168e-05,2.9314805652881947e-05,0.0022002837765072655,1.26234547466431e-05,0.0011642999062008795,0.001968673513634471,0.00021096128897457443,0.006204692243270459,6.0926056367555945e-06,0.0004452093759460457,0.0012106036788738193,3.359407935876945e-05,6.106319131935251e-05,0.0027480227493678314,0.00480038825623387,1.2720403179547504e-05,0.00029246624634797247,0.003816905206586194,2.4064027768167484e-05,0.0053283379980319815,0.0013189875700132683,1.4836357896183165e-06,0.0,0.0004643803813761714,8.125940863653633e-06,0.0011673642802739262,0.029102404674437105,0.00224450597702011,0.00255341780736909,0.0006592567629883123,2.8252809907766185e-05,0.0024032610247994644,0.00012172159497621503,0.00026214413206243793,0.017668558350258858,0.004696053696595242,0.0030539854185570674,0.0045195213312696466,3.779121710901747e-06,0.00031819083600713514,0.001277916470990657
ctx-rh-medialorbitofrontal,Lim,0.0011407390313426097,0.0005136920161280575,0.000158437681980539,0.0006003620993408537,5.913263186969569e-05,0.00019767097272475442,5.507552935366537e-05,0.0004152312953276957,3.521694669102861e-07,3.1071581345697673e-07,0.0005193859033477381,0.0010974291261054234,0.0013920828955671578,0.0037548587679717207,0.00020140025135226627,0.0011148720118808303,0.0005427346661330969,0.0006870532196404415,0.0003838760740251667,0.00018264027166830886,0.00016383824979527143,5.0662322043111766e-05,0.00013992200612820076,0.00047325119801017705,0.0005770321969215149,0.00019496702329555292,4.4706082144879944e-05,0.003595389505136842,0.00034174222777169167,0.0012579242251562906,0.0008315469743250617,0.0021273113952538013,0.0003979664069314085,0.0001334414027224073,0.002468070730561454,0.0034353622784792782,3.103704749458441e-05,0.0007181427285155095,0.001631022438839437,7.147849001607079e-06,0.002491625964031743,0.001513766468999323,3.240705900351405e-07,0.00013721911558092886,0.0001485084504530412,0.00039951450322629533,9.19047238224649e-08,1.1324987486103063e-08,0.0003137151177664161,8.710614565692901e-05,0.0010912050037772876,0.0006796931677582965,0.0007394556597175197,0.0003778667946056911,9.15882952557497e-06,8.666717424277195e-05,0.0002352877009756615,0.0008026374350216423,0.0008352051002983034,0.0007966317236317935,0.012155875977968961,0.00022737893048705267,0.0012178068303782185,0.0006761549576165917,0.0002369032981880284,0.0,0.00020466286931090954,0.0005052487020140238,0.0037908959994920016,1.2286686767426747e-06,0.0001874772764227907,0.0008885061510201842,9.687483758158472e-05,0.0005034081328691992,2.0448635326478816e-05,9.40809689498787e-05,0.0006508149409337464,0.0026279695485568275,7.445953207570321e-07,0.0007608620423934153,3.1554276964234987e-06,0.00033954460380201473,0.001572420931754209
ctx-rh-parahippocampal,Lim,0.011453273166741636,0.0011973545022819177,0.0016761037687975724,0.000979651507569197,0.0011168166328916055,0.0005823395994706089,5.633106050424754e-05,0.001377555375895767,0.00014495597327488988,5.0471489303003285e-05,5.306465712619198e-05,2.2439737900336005e-05,0.0003901805567202856,0.0007403358570711904,0.0004135173181285694,0.00029696873751974124,0.00043177459649623934,0.0005219822585370748,0.003452355002307443,0.0004701366273526945,0.0005753479617910394,0.00018555410888787782,0.0003507874847086824,4.0252797834693e-05,0.0005378255884668784,5.557318263246079e-05,0.0005828707826649608,9.46935670401173e-05,0.003807970790733027,0.0033951725021505843,0.00016800531673573813,0.00019399668111344217,0.0006464367069112998,0.0029965268700888883,0.00023869913295735645,0.003097769805256298,0.00023783130415591655,1.9344251714848475e-08,0.001259504866870433,0.00018169625219688037,0.013158437207099005,0.00018963005804440542,0.0006995244018613639,8.589072761528133e-06,2.4991540693577243e-06,0.0018521965855054108,3.118196774531768e-05,9.941587358245073e-06,0.00013954111212550088,5.5946642464483384e-05,0.0015804229416273821,0.0002152210785795248,0.0022509793187047095,0.0011169810028538063,9.501146980029005e-05,0.000104096949384728,0.0001209767813188607,1.5964806586579195e-06,0.0003782007437773597,1.0829808479467207e-05,0.0045613417476785415,0.0012414192382714901,0.007732763110493115,3.892910455080725e-06,0.000508878747716614,1.2400493843908836e-05,0.0,0.003423864506545967,0.00047869690982977226,0.0004680369217097938,0.00019427051124416166,0.0006999707190971336,0.0009447407689148951,0.008214127558115061,0.0010482688437774648,0.0007385579219306039,0.00041958541685033695,5.032139833653635e-05,0.00018598326124342348,0.001731983503052728,0.0015327294376279018,0.0023420235773303462,0.00322447950777496
ctx-rh-temporalpole,Lim,0.00028793607340979065,2.6710133404732e-06,0.00014901660376212642,0.00023889859293517627,0.00038794370743338815,2.8377993209695633e-06,0.0004243403085803681,1.3967364945532747e-07,5.3986351483545725e-06,0.00020828652319505745,0.0004931646116842548,0.0010462470077297616,0.0004628858413421648,3.7801093942040134e-05,5.5419990432369554e-05,0.00036011432608693385,3.3835899323868526e-05,7.739784448004426e-05,5.55065772227822e-05,5.440747973403752e-06,3.287679638967866e-05,0.0009025942624787444,3.0484675885437e-05,5.1309051379532633e-05,3.5916656100923204e-05,0.00038305680714556165,0.0002894623905383347,0.002279649935915018,0.0011007663983686174,4.2266558556951205e-05,0.0012380628142068207,0.0012520519931439194,5.743123091788209e-06,9.480893824456847e-05,0.0001267984241575018,0.00038172270698162887,0.0002170795704318696,7.440361723069678e-07,0.0012195265246297646,0.00024644803115298186,1.7272803409853544e-05,2.5317962012885966e-05,0.00010503762316434565,2.6688959222632848e-05,4.164488699333583e-06,5.011385745830693e-05,0.00010749968747078673,0.000801442134043569,5.481149721502334e-05,0.0012618697840880962,0.0010262706537664268,0.0001917538749756553,0.0017402062914634677,0.00029865183489680874,0.0004570319023423636,0.0006408772443510627,0.0013357975637816018,0.00013819177605615355,9.819913537111552e-05,0.0018888626487430238,0.00015599239540664932,0.0014812307396780701,3.759303245575412e-05,0.0003557496136805732,0.0020621412255848377,0.007095676817501844,1.6204370784241292e-05,0.0,5.316152052095793e-05,0.0015993040958462697,4.6536708346491315e-05,0.0002251448611462693,8.881145381474629e-06,8.495103110036093e-05,0.0008309380267463868,4.353093831445912e-05,9.36820151669475e-06,0.002346546625521569,1.522706031134739e-05,2.221886541791496e-07,0.0001792950825160988,0.00136779362917823,0.0015933553004242118
Brain-Stem,Sub,7.412018237235645e-05,0.00692814125125472,5.895927598275691e-07,0.0010500560804102088,0.00014919844752471126,7.583937652773898e-07,9.062995136741767e-05,0.0009443554209540469,1.4719644386332169e-05,3.5910020396406427e-06,5.331108394705215e-05,6.320211038720431e-05,0.00018833501690053862,0.0004880555763028117,0.0010836891564698992,0.00019354939443833234,1.1321218047006344e-05,0.00010316302731806906,0.0018732097464866809,6.987148412252206e-05,0.0009187845354880617,0.0012314540677049078,0.00021879746775051094,0.00041470677869627796,1.0392608666849398e-05,5.726144395639467e-05,0.000931267824355252,0.0016304541426276926,0.00037566281386903626,0.0003229985099688285,1.2783388994985448e-06,2.4384625921397855e-05,8.536251807379419e-05,0.001959493695261597,0.00020115084996062338,0.0002291793307026956,1.9382651046412556e-05,0.00012952376656444326,0.000692350611497829,0.0001380003882577219,0.0001727446696203329,0.0001104992735243839,0.0008077989640813882,0.0001979674889029803,5.254916990684224e-05,7.385282509468558e-06,0.0013889990155976982,8.981805332412412e-07,4.820392991237663e-05,5.6067978330146764e-05,2.0479149410839642e-05,0.0016069942417945085,8.88150379912603e-05,0.00033246589454277053,0.0027487541430637292,5.5254400451886965e-05,0.0015942050914088198,7.086248474019326e-06,0.0008211292049440708,0.00020076249503268626,0.0014504689962390434,6.669383860222993e-05,0.0015355703514597224,9.878524752694313e-06,1.4196821103148562e-06,0.004014900438930626,0.0004407211576015845,0.003938379629594938,0.0,0.0007913441972501353,7.460715834038473e-05,0.0007396753384071034,0.0005208464844373441,0.002704974901257725,0.00021621493676492575,0.00022104981347308036,0.000584284518839325,0.0008825821495281562,3.617823072581395e-05,0.0006919682518956886,0.0007586638641847499,0.0001032608924283607,0.002240092312344896
Left-Accumbens-area,Sub,8.658402051623412e-05,0.0026123196673899568,0.00011136382332193286,0.0006904922947569774,0.0006102660415586481,0.0003174757829596962,0.0006748921088629184,7.202384046549584e-05,0.00010121559082291682,0.0013978789229092464,0.00010600036631685132,0.00010154138994023448,0.00012589638935754305,1.482280271388674e-06,3.9409873484481165e-05,0.002208701704601283,0.002421602135664615,0.0005214139372321756,0.0005381597310031421,4.302715597560106e-05,4.2309127122659e-05,0.0004915554577286124,7.964053490310074e-05,0.00019499432701662383,1.570663814846605e-05,0.0008018168473573355,2.6868316345743865e-05,4.58456712195313e-05,2.9859175191872006e-05,1.590218138905681e-06,0.004251705034311524,0.00030947297989078416,6.81641471326516e-05,0.00020876613169178341,0.001664364979512387,8.988380135899589e-05,1.7286894613449574e-05,0.0012830139535210225,7.887362083775907e-06,0.00019958428772795994,0.0014759807053204566,5.939326944870076e-05,0.00031559921148348064,0.0007268914208657457,0.00011183642139954871,0.0002972019227476812,0.004149447358088356,0.00014617588580186528,0.00024603108511869493,8.943700314328769e-05,0.00045493561238656903,0.0010406044978573503,9.623896984591696e-06,6.356353998159935e-05,0.0017427148803096989,0.00043445751449712857,1.3494106772767626e-05,0.0009880117188511082,0.0001327530182758299,8.776325865529886e-06,0.0020216190739260997,1.1037666053836072e-05,0.005464695810541631,8.297372763034056e-05,0.0029083238944307005,0.0012825546205906591,0.0009549365369171252,0.0013870827751228127,0.00010033926516988991,0.0,2.9018329333341704e-05,0.00013483838484853796,4.639365379809203e-05,0.004946189924232104,3.2383043030794326e-05,8.518853092306766e-05,0.0013999606264265148,0.0018535624295632378,1.4926136582139649e-06,0.0005039368033005026,0.0014806991148676894,1.1142927682035366e-05,0.00017989118083649414
Left-Amygdala,Sub,0.0010481561829749088,0.010524955968001508,0.0008817104255499322,0.0012685426392513028,0.0035800390218850065,6.883081800827981e-07,0.00030152085315752596,0.0014974083772466063,1.7723891246116523e-05,0.003921956378460086,0.004801472405875462,0.0015607714325083259,4.9220587217645894e-05,4.272705245195546e-05,5.075286556016338e-05,0.009305996059626427,0.01007710855862021,3.549906396384033e-05,0.0007647120147441095,0.0002927662213337605,0.0009502443568802915,0.004816396714232033,0.005538363894754268,0.00010528134371763164,0.00010961000058711775,5.359398920967222e-05,0.003443564381783284,8.393460837029126e-05,0.0006294434964620362,0.0006055883758267619,4.25594889418419e-05,3.077063301724742e-05,0.0013396370729518966,0.0007646567364337917,0.009898039448833634,0.004664813218514652,0.0005320044551626209,0.0016582387929327822,0.002478525384261944,0.002318395263278306,0.005236035364128658,0.004645234079462973,0.0008583643074347118,6.005988625296409e-05,0.0003504096877628734,0.0003258959917432936,0.00032814571649050924,6.323646549917637e-05,0.002253938559836605,0.0029937150972974597,0.0010322094591268159,0.0009775839344013414,0.0017090660320187583,0.003384297466208755,0.00102754411945858,0.0007415113356866521,0.0023880517346502707,0.007461824442758497,0.0017843538892676294,0.0006929967972542535,0.004952636595007669,0.006014810125806903,5.561242227016216e-05,0.001117474853582679,1.4546535282540004e-06,0.005020404543176502,0.0002371681647604521,0.0004940237348998754,0.00044745608054097633,0.002454599329888161,0.0,0.00010033017146168683,0.0002690167708028595,2.9142588257594323e-09,0.01283008224439351,0.0036259177021345027,0.0005807028055522697,0.011085682482979642,0.0021003618260901314,0.003085482037846975,0.0012000610650185056,0.000142491570627539,0.0015082484110779922
Left-Caudate,Sub,0.0039619350984612615,0.001029575631429558,1.1754796029486246e-05,3.2642439211037884e-05,0.0015397882106149838,0.0007378186843400448,0.0008027624802768804,0.0002781160163143508,6.9169160239722e-05,0.00025846256282568254,0.0003596131986356132,3.1107477653730297e-07,0.001798326583133638,9.515795111818304e-07,0.00036769450299775755,0.0012693636377179296,0.0004209558204166633,0.0013419124929525085,7.478058517965797e-05,0.00011661588878345153,0.00015353143840273864,0.0007763689310705713,8.338590301104223e-05,6.487640081274454e-06,0.0005688313962292767,6.263482315937152e-06,0.0026152430580364265,0.0031606310451398833,0.0013817655562741989,0.00036603542610273834,5.493925250662189e-07,0.00019091069096535403,0.0071276927223616416,0.000531599018649476,4.325807794397113e-05,0.00016475125005017318,0.00046579371061597393,0.00026450440333460247,0.00016173697151685852,0.00023323374017011092,0.000942114413951339,2.947267238750496e-05,1.750382940809029e-05,0.00025407296584610306,7.812708810796745e-05,0.0016615040393747472,0.0012763504675342278,0.0006468395619983686,6.474806721430241e-05,1.4403859502510337e-06,0.0007763614099911071,5.22690208542992e-05,0.0084065147046381,2.9750914445070062e-05,0.00025316961360634214,0.00014462591374852506,7.017367211237073e-05,0.00026922619094020095,0.0008561224122461193,7.00062392661129e-06,0.0026524554824546723,0.00011535432026118258,0.0012699845584195392,3.228511925941237e-05,3.823601078205334e-05,0.00042614278740505675,0.0018892625781382882,5.003943660232546e-05,0.0006881105972343336,0.001405209612972337,3.362212370434288e-05,0.0,0.00011677164923899987,4.266348681301429e-05,0.0002269147588467982,0.002425668213385171,0.0024526182498607225,0.000779318664221194,0.0016211093171522787,0.0002474226152271957,4.375668586950746e-06,0.0005738155941346158,7.129996807127158e-05
Left-Hippocampus,Sub,0.002437494212066303,0.03595867369264546,0.0010272477172961327,0.00048062511221737785,0.00022565522458439704,0.0017014818361373882,0.0016161027218848565,0.005120504964452679,0.0020526773295318156,0.011850815864122231,0.008314729881452194,4.7288686234299364e-05,0.0020914696538103083,0.009480016160853949,0.0015980934940539927,0.007455479397315534,0.0021843763891826132,0.0006268741530370215,0.006314862583626435,0.003708882517495213,0.00018261089866934105,0.0006788962530486254,0.0028707372750699776,0.0018530435877803348,0.0029009736368555265,0.0038385784384657247,0.013980150837456412,0.0015896071652098883,0.003972900680087028,0.006569770428458037,0.0003214574232771631,0.016095954188671335,0.02105841582458712,0.02777482390666206,0.0015953741878765887,0.000354286582041957,0.0022534107274971684,3.204824663972014e-05,0.009729999743855293,0.00043279029192062104,0.022351827580042137,0.0025164156649562794,0.006826298344766922,0.0013477584716852851,0.0005514036551145141,0.0030593348513817454,1.490299903447759e-05,0.014156660885989408,0.001952882689461023,0.011457227076399398,0.0001138129143319846,0.0006445944641912887,0.00023821609077853253,0.01519340377053733,0.0004094710470429305,0.0005076279448220998,0.0015236498311740018,0.0030760453524759455,0.00018280441126399563,0.0035806025780066746,0.0047339907648231115,0.008068644787697971,0.006727058417854624,1.3331810365496615e-06,0.0029230841957376334,0.008392398547634187,0.01451026483824116,0.0006402520081599728,0.00022840891662398888,0.008329034344331207,0.02635393979741896,0.01301225283027523,0.0,0.005994688448620725,0.021519401265838015,0.0032035783499730886,0.002680701810327548,0.05885352132889243,0.004579635372402209,7.620331264483212e-05,0.007816364557523483,0.002291348135074679,0.001628705902506793
Left-Pallidum,Sub,0.002037858930553699,1.6373194470917892e-05,0.00040396276097456505,9.152842750882202e-06,0.0032041795899469083,0.00046103441504888467,0.0007342276721604902,0.0013835488104874103,0.0002702849947766626,0.00036915003876340443,0.00037818820759223215,9.200734263733337e-05,0.00013091290738438617,0.0009737107893091882,0.00040587142702044074,7.463972313013878e-05,3.5699958854815267e-06,7.196515893407961e-07,0.00023773304581311972,3.1645330115671757e-05,3.640271046359225e-05,0.0003675561044947507,0.0004621912633738165,3.080535728874796e-05,0.00015985637048739987,0.00011518093275390495,0.0010998729051462943,0.0018426090492577895,0.0004634530655516311,0.0019427970943636608,0.0014819853458687326,0.0005259689622864476,0.0019082881931342247,3.4316316054272056e-05,8.202241996542594e-05,0.00047664451389637454,7.27506398665832e-05,0.00042484150092344646,0.0005342941434263808,0.00022189456202020597,0.00039595294709364356,7.120333937180234e-05,0.0003502926988892123,0.0005763555491439641,1.5798707291517133e-05,0.00014064067359087308,0.0009427898613511957,0.00011665782618736176,1.0434328774389668e-05,7.46521046018062e-07,1.4726164126055975e-05,0.0032665359545042496,1.653147267156499e-05,0.00043784470927523534,0.000122160657339107,0.0008240112510283893,3.451234902818008e-05,0.0005263435326858805,6.189935279796182e-05,2.5067445479091022e-06,0.0002511931252959845,0.0041895234319712085,0.00011147351141488353,0.0003253121654942934,0.0008516709090085373,9.378372348759192e-05,0.0004928663324058969,6.746664047746831e-05,0.0043292147948677875,0.003403186416832969,2.110070087424315e-05,0.0016684393378797143,0.0009879050095574385,0.0,0.0007806993742401462,0.0001118184819416469,0.0003051775101680679,0.002879772767410429,6.783223513521967e-05,9.159110299054307e-06,0.00025926668671968743,3.388462563799581e-05,0.0004808555069542261
Left-Putamen,Sub,0.00013406270942686275,0.0011769339673027147,0.0006253802669947156,0.000542603135370542,0.000271069755702024,0.00034845464040048817,0.0013252463183390118,0.00029554099929101176,0.00012284625247248698,0.0021432935973305007,0.0010123983370075023,0.000245368845427384,0.0016082087969928039,4.076758845412512e-05,1.9017555399596618e-05,0.0009465487229082362,0.0049886032755989155,0.0006306972490594739,0.0001549628447300242,0.0012074749883347721,6.950943009795744e-05,5.032823331326478e-05,9.835518608147535e-05,2.1762786325422055e-06,2.4836263128323426e-07,0.0007688947143265312,0.0004241962627650319,0.00010735188193626514,0.0005305146912782228,0.0022479778287304948,0.0005116024423109782,0.00039639500338816514,0.00035532184737661877,2.3242625450357367e-05,1.2547050398049371e-05,0.00058518193954806,2.059086242056479e-06,9.642214511517584e-05,1.4338565906620816e-08,8.808676013636167e-05,0.0007208235003053977,3.191037711649274e-07,0.0003544994822658983,0.0020646935690348746,0.0024809840692767743,0.0002361452264423488,0.0006875807652328535,6.492422514432151e-05,0.00016586715941496234,0.00017293619764600595,0.0013902208826045202,1.4819721883209693e-05,0.003528343326040965,0.0003619906787625297,0.001447359009430626,2.2992862826398192e-05,0.0003615834075688742,9.632621870026428e-05,0.0008598711668888071,0.0007626591196941072,8.67895095911457e-05,4.435221377735452e-05,0.0003808350143831121,0.00025903933581098343,0.0013096865259956396,1.0793154420551364e-06,3.960475255325157e-05,0.0001338350705181672,0.0005981866412153711,5.350927485928737e-05,0.0002536359242911381,0.0016444969262032424,0.0003177676288830139,0.003913520198859739,0.0,0.00048479215901759575,0.00041566554663166475,0.001228652997279138,0.0016625653943598627,0.00010677888995246991,4.1943982782458334e-05,0.00014474475024732708,0.0010950432484534399
Left-Thalamus-Proper,Sub,3.9698029034717486e-05,3.4920240543486692e-06,0.00031674432662973605,1.0493254047130123e-06,0.0001752580311182374,0.00025549393762251465,0.0002859834819674215,0.0038195533924962697,0.001184965877731514,0.00024349627347768681,0.0005323272564956063,0.00018947803410084905,0.0006439994824113473,0.000800483629797071,6.682414477711626e-05,2.559123024924401e-05,0.0030533682967207017,0.00014828248946057194,5.0796968437951996e-05,0.0001848397215275476,0.00032872612111099954,4.6019915360511125e-05,0.00041971217181426776,0.0007783013711604457,0.0008445825439009651,8.477632152944874e-05,0.002129256097657029,0.000647063205125455,0.0005798015262653215,0.0021705155607951885,0.00024774140524839463,0.002941434545861428,3.6766432815757816e-05,0.0008222886077854804,0.0001172842077834845,0.0008139672300275701,0.00017644248471240123,6.756141503607365e-07,0.0001504325277290732,5.918586024236434e-06,0.00012771270756052047,1.056010813186856e-06,0.00010330680605120369,0.00013465763488114274,7.55038863749839e-06,0.00014374057013648094,0.0012118759023934807,0.002643021583455702,9.710367504375224e-05,0.0004072205020231692,2.2066661884733052e-05,0.00041478438025410177,0.0009102880914551843,4.7111866475155145e-05,2.3498886236182985e-06,0.00045630781426174525,0.0006592775836763902,0.00025666295363739144,0.00018060476187672014,0.00016613462172862065,0.0042383310769899965,0.00021985210999505507,0.0016419719592719885,0.0005026751841951116,0.0013770503116761169,0.002581175843245984,0.0008258686045585483,3.6749842212570192e-06,0.0008281241977916773,0.000569054433080995,0.00029944332461902354,0.011804843225340938,6.048256769137068e-05,0.0058895092444135955,0.001309978404470051,0.0,0.0015532526912204775,1.349611895773619e-06,0.0008787402635731562,2.283726468619845e-05,5.202427906914018e-06,0.0017113784190674274,0.0016451688669141293
Right-Accumbens-area,Sub,1.6116530957097536e-05,0.0002934864315133817,1.157562545085255e-05,0.0001433679662903929,0.0005907050530852024,2.415688039784702e-05,6.865004736758842e-05,0.0006869095090369116,0.0003431195849859293,5.0322028262539445e-06,0.0007340298185926372,0.00018324586746844371,4.827233827248104e-07,0.0006775648876437947,9.587916623188811e-05,0.0026017847364356904,2.9834108697861695e-07,6.217680394072069e-05,0.0001124437149640846,0.0011554941481284355,0.00019266844034388167,0.00029551836953046773,0.00025714421994494805,5.6073016328826295e-05,0.0023193508710851332,4.037219229136471e-08,9.103747327445324e-05,0.00019846531135362888,0.0003326607627938548,0.0002058918782545519,3.8462414091708086e-05,0.0018165124475927794,2.7532421147887255e-05,0.0015535884950256254,0.0007049295938956897,6.3889565858535895e-06,8.605355525647468e-05,0.0001858565763699843,2.627511626754059e-05,9.288003234752396e-06,3.4918328425661626e-05,0.0009689010432307255,0.0001548874257684061,0.0005900167339480537,0.00036165310316242714,0.00023970027906886486,0.0001662179002945234,0.0003166174148300798,0.00019086551550865112,0.0010159037660237092,0.001972932605486666,0.0017496942667116963,0.0003576478489405462,0.0006020478375516993,8.25732978829616e-06,0.0026016229246561113,0.00031334825128741516,8.03938245807329e-07,0.0003760815612649872,4.5582269008398285e-05,0.003094490053918178,1.687020710809051e-06,0.00012517760483266843,0.0004895393261364475,0.00019565419064069067,0.0010475466756340564,9.400586049507535e-05,0.0005020649454234692,0.00024887229119622097,6.72201848645535e-05,0.000909831987800384,0.0008734390459143954,2.8553679212305684e-05,0.0005280017995744039,0.000425800657563992,1.5293472382161535e-05,0.0,0.00016856504571584628,1.8187992355727323e-05,0.0018053065218457166,2.723781896601924e-05,0.0009855190877000493,0.002189016139306825
Right-Amygdala,Sub,2.598863037728004e-05,0.0001716067161595938,3.033852624049923e-05,0.0005435698995522616,0.0006664099007589239,6.232376840271822e-05,4.5363910124008634e-05,0.00213978072690838,4.033521811529226e-05,1.0848369750952898e-05,6.86777917822973e-05,0.0005718888220845202,8.676384096408183e-05,0.0025289269338198356,0.0009591366521514086,7.129920793403003e-05,0.0004325414156696312,0.000997495851289033,1.3919515486429812e-05,0.0013166969640127034,0.00029440534697051105,6.850554534882294e-05,9.121860486809193e-05,0.00018948617384555844,0.00034505272528709263,1.7745678058958496e-05,0.0008242115332593114,6.550449389240526e-05,0.0012347522511542979,0.0008200245614063363,0.0005899641018676806,0.00045037333242292974,0.0003500789158595332,0.0016814313349147556,2.6984973492923218e-06,4.814833895839393e-05,0.00019377162911640166,1.3954598877019252e-05,3.7955297471961545e-05,0.00018873022594932733,0.0010921680661520954,0.00021613102741874617,4.514580887347198e-05,7.679117767839794e-07,0.0008306367827466561,0.0002354515293387959,3.69271380998705e-05,7.471267132432939e-05,0.00022444255024415115,0.0007950674603216039,0.00020447584742325954,7.77397797333595e-05,5.81634962077179e-10,0.0005613016634567834,0.00015069494027568895,0.0010430133826836593,0.0010778356026370074,0.000608703053837658,8.545121812327566e-05,2.0318564433953563e-05,0.0008038657985627618,0.00041462814781648377,0.00018983725352078037,5.7946790388957954e-05,0.0004716634461981442,0.001811185744583722,0.0003603446788289523,0.0008421642202081667,0.0010957443742771432,7.762912824005963e-05,0.0006102636740578014,0.00242306183612384,5.823152811739586e-05,0.00037650624140167684,2.513834975786697e-05,0.0054239584527622856,0.00019332627747315964,0.0,0.0011218810553149676,4.643291372894922e-05,1.6552196294128854e-06,2.827056908225726e-05,0.00028082901531016103
Right-Caudate,Sub,0.0013653183773321635,0.0009273901318613241,0.0003126126228452611,3.350451898025527e-07,0.003842070412002204,0.0002819973208593403,0.00021136138699960722,4.902758691970745e-05,1.4111723513376473e-05,0.0010312068592849511,0.0001394994350718739,0.00025356304649461247,8.994764062157128e-05,0.001568269491153036,5.535109637352008e-06,0.000171118325141512,0.0015247798196913532,0.00016114089726391428,0.0015086568472165614,5.5357398575365446e-05,4.2739700399199533e-05,7.05799624445674e-08,0.0003666688318031324,0.00013330506877226757,1.9825784988014617e-05,0.001078285882437217,0.0005116052401234604,0.0004568465857988871,0.0004063719587838113,0.00015669815915925412,0.00027394375073730486,0.0003669515824953277,0.00021402357501803648,0.00021176818681615587,2.419316412443806e-05,3.0274594925218025e-05,5.2962038456784624e-05,0.0002518037393976173,0.0010611674821607955,1.9218757369603303e-05,6.751985849607013e-05,0.0010041405538011492,0.0003354852053077571,8.478113082556993e-05,3.148973458824477e-05,6.188109957955767e-06,0.00013741981609285262,0.0010203485124537193,0.00019291631879459587,5.4687832054515246e-05,6.259223704652561e-05,0.0010039885477173816,0.00015748265039022957,8.864054358497276e-05,2.070134557576214e-05,0.00029745119800578186,2.839080212478453e-08,0.00011387823856866121,0.0004578506547154466,0.00042469484420586275,0.00048763287391411343,0.0008596188391427457,0.0001542475221731437,4.6384525015031234e-05,0.00100677469996565,0.00021352627028611314,0.0005943211841483712,0.0010013026565955747,3.364702482170436e-05,0.0008474267641265154,3.123104064427081e-06,1.8239537734263533e-05,0.00016340005801451134,0.0003496728488750634,0.00014997534024432013,0.0021967745836336513,0.0008622087105471473,1.0889712307783197e-05,0.0,2.5010426267454378e-05,0.0003223236355052128,3.233818664765191e-05,0.00028973438216897197
Right-Hippocampus,Sub,3.4357708591261964e-05,0.0011457298330409514,0.00019042990423640582,0.0011026103210822653,0.003690160635849628,0.002343724625706879,0.0033498902203747175,0.0014314572983830094,0.000145772076904258,0.0004968075938232237,0.0009529336909019341,0.0015860128189246322,0.012568046101632547,0.012048224701566754,0.0012594908364502557,0.0006025607964763856,9.0251928445435e-08,0.006656574924315668,0.012193646841454756,0.00429762432732688,6.720646353248405e-05,0.0006518297068013288,0.002059588936136632,8.171685936100152e-05,0.0009277790876973788,4.109906009352633e-05,0.002425721667900938,0.005063063630156565,8.137165503509535e-06,0.0011450915163384227,9.333785891054642e-05,0.005501101001381001,0.007270690037529272,0.011080318946507633,0.002283580719064267,0.0031487206164376256,0.0014795315611440191,0.00017079797084957677,0.0013548696345012017,0.002999917714602764,2.7404157131806526e-05,0.003588209074464562,0.000530375844908785,0.00029572154514063607,0.004159424459673256,0.0006706438580852496,0.004789762371780183,0.0007010446320002249,0.0004221958474071204,0.0012417081826345154,0.0005878240383159987,0.002354458491854195,0.008072681832750206,0.005747668519763001,0.00039413657081106135,0.0010443333004725238,0.0012619029928812758,0.004493309930613181,0.010167780703093921,0.0005553349493153287,0.016649031368943752,0.0038800733988820467,1.1596342772038225e-05,0.011347018324682353,0.0003891546485505472,0.0009673407188704074,0.0010319967715947025,0.0042876492732146325,0.005538607048678413,1.252813523085906e-05,0.0006146482024220559,0.001804956975413,0.001417656475974123,0.00031647026857707997,0.016155182679488046,0.0001983726238321786,0.001235004357608233,0.01882221758759056,0.00767659672805749,0.0,0.010889102989367135,0.015438552527737806,0.009311729168912996
Right-Pallidum,Sub,0.0005577484193070312,0.004120639806643107,0.00014242576853481395,1.5263899323872792e-07,0.002143585826892197,1.1716318601528014e-05,9.322757567697533e-05,6.134455162299326e-10,0.0003192767444507279,1.9078045358269204e-06,3.511640964360706e-05,3.354404268291308e-05,0.0006948096881832696,1.3798046419355666e-06,2.9221330300614714e-06,0.0031725784406046046,0.002035436015919219,0.00030990711767108886,2.9502087486785143e-05,7.333420617623879e-05,1.688914375858027e-06,0.002164199690658322,0.0017598436168558347,0.00021192928723624433,1.277332950437307e-05,2.112429899178927e-06,0.0003008730452681928,0.005793110967679558,0.0018678425448813815,1.5033694049943e-07,2.9192391504000772e-05,8.696337226713601e-05,4.452971384530794e-06,0.0006779862067414166,0.00044791480656691584,1.1979561124703075e-05,7.517733464893229e-05,0.00026847155774416964,0.0004012686628896149,0.0004784620233609581,0.0006001688097914236,9.71999786675608e-05,0.0003906574289716168,0.0003019022070013079,0.0039041303398089366,5.931981564363896e-05,0.0006759633349530032,0.00039931975014904594,5.04737152019169e-05,0.00014933999492572177,0.0001166585200723792,7.418389100886533e-06,6.397626128442979e-05,0.001471968232942331,0.002620776319311896,5.894338357287535e-05,0.00019731139849031194,0.0010892590392774298,0.001463274410044458,0.00013735303777993047,0.0006578972063919638,0.00034828744705044063,0.0001726934443542326,0.00010069981531457523,0.0010825857434609543,1.720906157853965e-07,0.0005465709932611348,0.00020841537246820373,0.00011618336338037968,5.619304350495485e-05,0.0020974254300669282,5.431803595172014e-05,0.00047771571169091673,0.0008546264515632962,4.211310083092891e-05,5.195792483361517e-07,0.00035428397817043993,0.0014425562271069376,0.00012067378641123404,0.00011922284195233584,0.0,0.0003589776654984834,0.00012006895924432
Right-Putamen,Sub,3.8174164367830745e-05,0.0022449785885209515,1.2167872531130686e-05,0.0003647281847424407,0.0022409614879900495,9.780578937610397e-05,0.0001878004106457735,0.0003008918682289134,0.00031582793249035194,0.0005900491752575707,8.428880882443498e-05,0.0007144445105938521,0.0014808664899123888,0.00013263361938736735,0.0017525416823750938,8.149020611318747e-05,0.00117893441669148,0.0006188968068324377,0.0008080345953840888,0.0004292142473442191,1.4130571103465929e-05,0.0010511583362666265,0.0011606826535158256,0.0004146129579067775,0.000570597501238342,0.0012435522356644974,0.0015884629609268647,0.0003626675076454246,0.001008874895539153,0.0010405363967851198,0.0013229438505818615,1.9524708135909206e-05,0.00014352518324027441,0.0013978917261342004,0.0007642295618249635,0.0010884021337041934,0.0008253134988656535,0.00013935269640615342,0.0022699076357953415,8.401124829007807e-05,9.211054592750258e-05,9.126490882252365e-05,0.001473352064492304,8.69166879987924e-05,0.00041817845487778643,0.001000106201868538,2.839857873957364e-07,0.00018307871341657753,0.0004593341564593303,0.00019958256509778125,1.62710653651737e-05,4.660636903984335e-06,0.002400565362549475,0.0001284832707926479,0.0012498984677380592,0.0002031580725621499,3.6536517808273355e-05,0.00032718355407148904,0.0007327464968317339,0.0017169594141082595,0.0005619519927289708,0.0007785789008902162,0.0031993748301674826,0.0004894812324328973,8.253916773336546e-05,0.00018340110162420227,0.0014933241554372122,0.004244104714513729,0.00017940804618141344,0.000994313737079518,0.00046533187439908003,0.0003690141978012346,0.0007763107419906352,0.0003332141875362862,0.00037259243661823195,6.209519367157045e-05,3.459460139999708e-06,0.00012961321962470167,0.0007520374727294407,0.00010534671136797623,0.0005608237190413419,0.0,1.5174532629814319e-05
Right-Thalamus-Proper,Sub,0.0005844882225702063,0.0005960088022784649,1.8840663730016284e-05,1.876075239903483e-06,0.0019505460269270375,2.1919781828878894e-05,0.0006191708693326041,7.06734791220393e-05,0.00014384296453725796,0.000130519441413167,0.0002898528430507135,4.94352257049778e-05,0.00028317129824349325,0.006123584820319989,2.0947868129235414e-05,0.0013653103326087108,0.00011563376283459807,0.00024171218593413326,8.478434255781379e-05,1.5917474480574775e-05,9.627443365785875e-06,0.0005678590952292615,1.52392246460938e-05,1.1243640510668774e-05,0.00012877874533173876,0.001717346738943212,1.877833457608048e-05,0.00012538643963920412,8.014217953523967e-06,0.0002099488353963285,0.0017913339547285067,0.00048737515103559334,9.456340671126512e-08,0.0016337760961284147,0.0004493169849440433,9.27938395697175e-07,1.5290863165874631e-06,0.00020442536163592392,4.557231164244904e-05,0.00011592672940865362,0.0002742870035829658,0.0024734779130195566,0.0007692846675274522,0.00039007378713516353,2.1918881514889864e-05,4.401946333502498e-05,0.004557821294526046,0.000275950917704419,8.553743859961569e-06,0.003196047755485301,0.002328343430687689,1.2425043123844241e-06,7.26832663191731e-06,0.00021796561865204236,0.0025146863193368733,8.048410103889577e-05,5.3959847633934596e-05,2.8566161763619534e-06,0.00099993706315087,0.0008712817041551285,0.010810927892832356,0.0001187748725402268,9.645604591120488e-05,0.0013507885715921559,0.00016822380551894254,0.00010332653302976519,8.479713367847566e-05,0.0005669650803030482,5.5136670853177596e-08,1.4883364039068555e-05,0.00011143139589534655,0.0019391428951564997,7.972001307219455e-06,0.00013279505403788412,8.154515755332692e-05,1.834672232222133e-05,0.0008214452781546232,0.00015374673147815223,0.0008315842281453905,3.547571888193575e-05,5.421490425184378e-05,8.006402672551716e-05,0.0
