dynamics,label,L,seed,repeat_x,noise_mode,noise_std,n_samples_x,sample_count_mode_x,reference_l_x,source_dim_x,target_dim_x,ei_tm,repeat_y,n_samples_y,sample_count_mode_y,reference_l_y,source_dim_y,target_dim_y,baseline,baseline_ei_tm,baseline_metadata,ei_corrected
identity,x,0.5,20260429,0,fixed,0.05,512,fixed_density,4.0,1,1,1.1430479849131987,0,512,fixed_density,4.0,1,1,null,0.001298510542483949,{},1.1417494743707148
identity,x,0.5,20260429,0,fixed,0.05,512,fixed_density,4.0,1,1,1.1430479849131987,0,512,fixed_density,4.0,1,1,identity,1.1600977467274416,"{""projection"": [[1.0]]}",-0.017049761814242892
identity,x,0.5,20260429,0,fixed,0.05,512,fixed_density,4.0,1,1,1.1430479849131987,0,512,fixed_density,4.0,1,1,gain_matched,1.1358508930285036,"{""gain_matrix"": [[0.9999999999999994]]}",0.007197091884695084
identity,x,0.5,20260429,0,fixed,0.05,512,fixed_density,4.0,1,1,1.1430479849131987,0,512,fixed_density,4.0,1,1,variance_matched,1.1229848688855864,"{""direction"": [1.0]}",0.02006311602761235
identity,x,0.5,20260429,0,fixed,0.05,512,fixed_density,4.0,1,1,1.1430479849131987,0,512,fixed_density,4.0,1,1,shuffled_target,0.001938056786257304,{},1.1411099281269415
identity,x,0.5,20260429,0,fixed,0.05,512,fixed_density,4.0,1,1,1.1430479849131987,0,512,fixed_density,4.0,1,1,analytic_volume,-0.6931471805599453,"{""source_dim"": 1}",1.836195165473144
identity,x,0.5,20260446,1,fixed,0.05,512,fixed_density,4.0,1,1,1.1180446582934775,1,512,fixed_density,4.0,1,1,null,-0.0007886591294281719,{},1.1188333174229057
identity,x,0.5,20260446,1,fixed,0.05,512,fixed_density,4.0,1,1,1.1180446582934775,1,512,fixed_density,4.0,1,1,identity,1.1227145975945996,"{""projection"": [[1.0]]}",-0.004669939301122028
identity,x,0.5,20260446,1,fixed,0.05,512,fixed_density,4.0,1,1,1.1180446582934775,1,512,fixed_density,4.0,1,1,gain_matched,1.1606077009494493,"{""gain_matrix"": [[1.0000000000000013]]}",-0.04256304265597177
identity,x,0.5,20260446,1,fixed,0.05,512,fixed_density,4.0,1,1,1.1180446582934775,1,512,fixed_density,4.0,1,1,variance_matched,1.131169455056023,"{""direction"": [1.0]}",-0.01312479676254541
identity,x,0.5,20260446,1,fixed,0.05,512,fixed_density,4.0,1,1,1.1180446582934775,1,512,fixed_density,4.0,1,1,shuffled_target,-0.0020377231155526343,{},1.1200823814090302
identity,x,0.5,20260446,1,fixed,0.05,512,fixed_density,4.0,1,1,1.1180446582934775,1,512,fixed_density,4.0,1,1,analytic_volume,-0.6931471805599453,"{""source_dim"": 1}",1.8111918388534227
identity,x,0.5,20260463,2,fixed,0.05,512,fixed_density,4.0,1,1,1.120355520600353,2,512,fixed_density,4.0,1,1,null,-0.0005463669984826069,{},1.1209018875988357
identity,x,0.5,20260463,2,fixed,0.05,512,fixed_density,4.0,1,1,1.120355520600353,2,512,fixed_density,4.0,1,1,identity,1.1143247771708737,"{""projection"": [[1.0]]}",0.0060307434294792905
identity,x,0.5,20260463,2,fixed,0.05,512,fixed_density,4.0,1,1,1.120355520600353,2,512,fixed_density,4.0,1,1,gain_matched,1.1105681030067536,"{""gain_matrix"": [[1.0000000000000016]]}",0.009787417593599468
identity,x,0.5,20260463,2,fixed,0.05,512,fixed_density,4.0,1,1,1.120355520600353,2,512,fixed_density,4.0,1,1,variance_matched,1.1616496003024315,"{""direction"": [1.0]}",-0.041294079702078434
identity,x,0.5,20260463,2,fixed,0.05,512,fixed_density,4.0,1,1,1.120355520600353,2,512,fixed_density,4.0,1,1,shuffled_target,-0.0010945606151912992,{},1.1214500812155443
identity,x,0.5,20260463,2,fixed,0.05,512,fixed_density,4.0,1,1,1.120355520600353,2,512,fixed_density,4.0,1,1,analytic_volume,-0.6931471805599453,"{""source_dim"": 1}",1.8135027011602984
identity,x,0.5,20260480,3,fixed,0.05,512,fixed_density,4.0,1,1,1.05539629562718,3,512,fixed_density,4.0,1,1,null,-0.00032589869742232977,{},1.0557221943246025
identity,x,0.5,20260480,3,fixed,0.05,512,fixed_density,4.0,1,1,1.05539629562718,3,512,fixed_density,4.0,1,1,identity,1.0293798587765886,"{""projection"": [[1.0]]}",0.026016436850591518
identity,x,0.5,20260480,3,fixed,0.05,512,fixed_density,4.0,1,1,1.05539629562718,3,512,fixed_density,4.0,1,1,gain_matched,1.1105918922157045,"{""gain_matrix"": [[1.0000000000000002]]}",-0.055195596588524465
identity,x,0.5,20260480,3,fixed,0.05,512,fixed_density,4.0,1,1,1.05539629562718,3,512,fixed_density,4.0,1,1,variance_matched,1.0846375801333745,"{""direction"": [1.0]}",-0.029241284506194454
identity,x,0.5,20260480,3,fixed,0.05,512,fixed_density,4.0,1,1,1.05539629562718,3,512,fixed_density,4.0,1,1,shuffled_target,0.004722604138659255,{},1.0506736914885209
identity,x,0.5,20260480,3,fixed,0.05,512,fixed_density,4.0,1,1,1.05539629562718,3,512,fixed_density,4.0,1,1,analytic_volume,-0.6931471805599453,"{""source_dim"": 1}",1.7485434761871255
identity,x,0.5,20260497,4,fixed,0.05,512,fixed_density,4.0,1,1,1.1520932862026405,4,512,fixed_density,4.0,1,1,null,-0.0008385448286026263,{},1.152931831031243
identity,x,0.5,20260497,4,fixed,0.05,512,fixed_density,4.0,1,1,1.1520932862026405,4,512,fixed_density,4.0,1,1,identity,1.1551929597256971,"{""projection"": [[1.0]]}",-0.003099673523056623
identity,x,0.5,20260497,4,fixed,0.05,512,fixed_density,4.0,1,1,1.1520932862026405,4,512,fixed_density,4.0,1,1,gain_matched,1.12615574816345,"{""gain_matrix"": [[0.9999999999999998]]}",0.02593753803919041
identity,x,0.5,20260497,4,fixed,0.05,512,fixed_density,4.0,1,1,1.1520932862026405,4,512,fixed_density,4.0,1,1,variance_matched,1.1129927664382389,"{""direction"": [1.0]}",0.03910051976440165
identity,x,0.5,20260497,4,fixed,0.05,512,fixed_density,4.0,1,1,1.1520932862026405,4,512,fixed_density,4.0,1,1,shuffled_target,0.0018130837109022841,{},1.1502802024917382
identity,x,0.5,20260497,4,fixed,0.05,512,fixed_density,4.0,1,1,1.1520932862026405,4,512,fixed_density,4.0,1,1,analytic_volume,-0.6931471805599453,"{""source_dim"": 1}",1.845240466762586
identity,x,0.5,20260514,5,fixed,0.05,512,fixed_density,4.0,1,1,1.0873911848032285,5,512,fixed_density,4.0,1,1,null,0.00042151538875537155,{},1.086969669414473
identity,x,0.5,20260514,5,fixed,0.05,512,fixed_density,4.0,1,1,1.0873911848032285,5,512,fixed_density,4.0,1,1,identity,1.062492949542357,"{""projection"": [[1.0]]}",0.024898235260871537
identity,x,0.5,20260514,5,fixed,0.05,512,fixed_density,4.0,1,1,1.0873911848032285,5,512,fixed_density,4.0,1,1,gain_matched,1.1195690922774735,"{""gain_matrix"": [[1.0000000000000007]]}",-0.03217790747424498
identity,x,0.5,20260514,5,fixed,0.05,512,fixed_density,4.0,1,1,1.0873911848032285,5,512,fixed_density,4.0,1,1,variance_matched,1.0760126577628273,"{""direction"": [1.0]}",0.01137852704040121
identity,x,0.5,20260514,5,fixed,0.05,512,fixed_density,4.0,1,1,1.0873911848032285,5,512,fixed_density,4.0,1,1,shuffled_target,-0.0005602617589301666,{},1.0879514465621587
identity,x,0.5,20260514,5,fixed,0.05,512,fixed_density,4.0,1,1,1.0873911848032285,5,512,fixed_density,4.0,1,1,analytic_volume,-0.6931471805599453,"{""source_dim"": 1}",1.780538365363174
identity,x,0.5,20260531,6,fixed,0.05,512,fixed_density,4.0,1,1,1.1315967490186016,6,512,fixed_density,4.0,1,1,null,0.0009285436443129819,{},1.1306682053742887
identity,x,0.5,20260531,6,fixed,0.05,512,fixed_density,4.0,1,1,1.1315967490186016,6,512,fixed_density,4.0,1,1,identity,1.1656090469917957,"{""projection"": [[1.0]]}",-0.03401229797319405
identity,x,0.5,20260531,6,fixed,0.05,512,fixed_density,4.0,1,1,1.1315967490186016,6,512,fixed_density,4.0,1,1,gain_matched,1.12793418398266,"{""gain_matrix"": [[1.0000000000000007]]}",0.003662565035941645
identity,x,0.5,20260531,6,fixed,0.05,512,fixed_density,4.0,1,1,1.1315967490186016,6,512,fixed_density,4.0,1,1,variance_matched,1.0994490137259973,"{""direction"": [1.0]}",0.032147735292604285
identity,x,0.5,20260531,6,fixed,0.05,512,fixed_density,4.0,1,1,1.1315967490186016,6,512,fixed_density,4.0,1,1,shuffled_target,-0.0020545612876094084,{},1.1336513103062111
identity,x,0.5,20260531,6,fixed,0.05,512,fixed_density,4.0,1,1,1.1315967490186016,6,512,fixed_density,4.0,1,1,analytic_volume,-0.6931471805599453,"{""source_dim"": 1}",1.8247439295785468
identity,x,0.5,20260548,7,fixed,0.05,512,fixed_density,4.0,1,1,1.1103141087446746,7,512,fixed_density,4.0,1,1,null,-0.0007263528503020024,{},1.1110404615949767
identity,x,0.5,20260548,7,fixed,0.05,512,fixed_density,4.0,1,1,1.1103141087446746,7,512,fixed_density,4.0,1,1,identity,1.0950788517038703,"{""projection"": [[1.0]]}",0.015235257040804306
identity,x,0.5,20260548,7,fixed,0.05,512,fixed_density,4.0,1,1,1.1103141087446746,7,512,fixed_density,4.0,1,1,gain_matched,1.1522160518451967,"{""gain_matrix"": [[1.0000000000000002]]}",-0.04190194310052209
identity,x,0.5,20260548,7,fixed,0.05,512,fixed_density,4.0,1,1,1.1103141087446746,7,512,fixed_density,4.0,1,1,variance_matched,1.1111889029633277,"{""direction"": [1.0]}",-0.0008747942186531077
identity,x,0.5,20260548,7,fixed,0.05,512,fixed_density,4.0,1,1,1.1103141087446746,7,512,fixed_density,4.0,1,1,shuffled_target,0.0031817657444829658,{},1.1071323430001916
identity,x,0.5,20260548,7,fixed,0.05,512,fixed_density,4.0,1,1,1.1103141087446746,7,512,fixed_density,4.0,1,1,analytic_volume,-0.6931471805599453,"{""source_dim"": 1}",1.8034612893046198
identity,x,0.5,20260565,8,fixed,0.05,512,fixed_density,4.0,1,1,1.1168274971106287,8,512,fixed_density,4.0,1,1,null,-0.0026123325525405122,{},1.1194398296631691
identity,x,0.5,20260565,8,fixed,0.05,512,fixed_density,4.0,1,1,1.1168274971106287,8,512,fixed_density,4.0,1,1,identity,1.0697387672024896,"{""projection"": [[1.0]]}",0.04708872990813906
identity,x,0.5,20260565,8,fixed,0.05,512,fixed_density,4.0,1,1,1.1168274971106287,8,512,fixed_density,4.0,1,1,gain_matched,1.1142744846943744,"{""gain_matrix"": [[0.9999999999999993]]}",0.0025530124162542744
identity,x,0.5,20260565,8,fixed,0.05,512,fixed_density,4.0,1,1,1.1168274971106287,8,512,fixed_density,4.0,1,1,variance_matched,1.149550775512234,"{""direction"": [1.0]}",-0.03272327840160538
identity,x,0.5,20260565,8,fixed,0.05,512,fixed_density,4.0,1,1,1.1168274971106287,8,512,fixed_density,4.0,1,1,shuffled_target,-0.002150708845447654,{},1.1189782059560762
identity,x,0.5,20260565,8,fixed,0.05,512,fixed_density,4.0,1,1,1.1168274971106287,8,512,fixed_density,4.0,1,1,analytic_volume,-0.6931471805599453,"{""source_dim"": 1}",1.8099746776705739
identity,x,0.5,20260582,9,fixed,0.05,512,fixed_density,4.0,1,1,1.1362606667063189,9,512,fixed_density,4.0,1,1,null,-0.0028527092845452647,{},1.139113375990864
identity,x,0.5,20260582,9,fixed,0.05,512,fixed_density,4.0,1,1,1.1362606667063189,9,512,fixed_density,4.0,1,1,identity,1.0800149830431454,"{""projection"": [[1.0]]}",0.05624568366317351
identity,x,0.5,20260582,9,fixed,0.05,512,fixed_density,4.0,1,1,1.1362606667063189,9,512,fixed_density,4.0,1,1,gain_matched,1.130206577869651,"{""gain_matrix"": [[1.0000000000000009]]}",0.006054088836667804
identity,x,0.5,20260582,9,fixed,0.05,512,fixed_density,4.0,1,1,1.1362606667063189,9,512,fixed_density,4.0,1,1,variance_matched,1.145680870576315,"{""direction"": [1.0]}",-0.009420203869996202
identity,x,0.5,20260582,9,fixed,0.05,512,fixed_density,4.0,1,1,1.1362606667063189,9,512,fixed_density,4.0,1,1,shuffled_target,0.0028863258758611435,{},1.1333743408304577
identity,x,0.5,20260582,9,fixed,0.05,512,fixed_density,4.0,1,1,1.1362606667063189,9,512,fixed_density,4.0,1,1,analytic_volume,-0.6931471805599453,"{""source_dim"": 1}",1.829407847266264
identity,x,1.0,20261429,0,fixed,0.05,1024,fixed_density,4.0,1,1,1.7478727060014247,0,1024,fixed_density,4.0,1,1,null,0.0021402358009857915,{},1.7457324702004389
identity,x,1.0,20261429,0,fixed,0.05,1024,fixed_density,4.0,1,1,1.7478727060014247,0,1024,fixed_density,4.0,1,1,identity,1.7639106516984857,"{""projection"": [[1.0]]}",-0.016037945697060962
identity,x,1.0,20261429,0,fixed,0.05,1024,fixed_density,4.0,1,1,1.7478727060014247,0,1024,fixed_density,4.0,1,1,gain_matched,1.7695389684151857,"{""gain_matrix"": [[0.9999999999999999]]}",-0.021666262413760906
identity,x,1.0,20261429,0,fixed,0.05,1024,fixed_density,4.0,1,1,1.7478727060014247,0,1024,fixed_density,4.0,1,1,variance_matched,1.7527614055137128,"{""direction"": [1.0]}",-0.004888699512288097
identity,x,1.0,20261429,0,fixed,0.05,1024,fixed_density,4.0,1,1,1.7478727060014247,0,1024,fixed_density,4.0,1,1,shuffled_target,0.0010379724180156374,{},1.7468347335834091
identity,x,1.0,20261429,0,fixed,0.05,1024,fixed_density,4.0,1,1,1.7478727060014247,0,1024,fixed_density,4.0,1,1,analytic_volume,0.0,"{""source_dim"": 1}",1.7478727060014247
identity,x,1.0,20261446,1,fixed,0.05,1024,fixed_density,4.0,1,1,1.7609919839311319,1,1024,fixed_density,4.0,1,1,null,0.0005945480794564127,{},1.7603974358516754
identity,x,1.0,20261446,1,fixed,0.05,1024,fixed_density,4.0,1,1,1.7609919839311319,1,1024,fixed_density,4.0,1,1,identity,1.7930947565545852,"{""projection"": [[1.0]]}",-0.03210277262345329
identity,x,1.0,20261446,1,fixed,0.05,1024,fixed_density,4.0,1,1,1.7609919839311319,1,1024,fixed_density,4.0,1,1,gain_matched,1.7592391081728274,"{""gain_matrix"": [[1.000000000000002]]}",0.0017528757583045174
identity,x,1.0,20261446,1,fixed,0.05,1024,fixed_density,4.0,1,1,1.7609919839311319,1,1024,fixed_density,4.0,1,1,variance_matched,1.778342072657772,"{""direction"": [1.0]}",-0.017350088726640234
identity,x,1.0,20261446,1,fixed,0.05,1024,fixed_density,4.0,1,1,1.7609919839311319,1,1024,fixed_density,4.0,1,1,shuffled_target,-0.001279323660500029,{},1.7622713075916319
identity,x,1.0,20261446,1,fixed,0.05,1024,fixed_density,4.0,1,1,1.7609919839311319,1,1024,fixed_density,4.0,1,1,analytic_volume,0.0,"{""source_dim"": 1}",1.7609919839311319
identity,x,1.0,20261463,2,fixed,0.05,1024,fixed_density,4.0,1,1,1.7769529453297017,2,1024,fixed_density,4.0,1,1,null,-0.0013640470231256246,{},1.7783169923528273
identity,x,1.0,20261463,2,fixed,0.05,1024,fixed_density,4.0,1,1,1.7769529453297017,2,1024,fixed_density,4.0,1,1,identity,1.7788595774556002,"{""projection"": [[1.0]]}",-0.0019066321258984775
identity,x,1.0,20261463,2,fixed,0.05,1024,fixed_density,4.0,1,1,1.7769529453297017,2,1024,fixed_density,4.0,1,1,gain_matched,1.7508203774566182,"{""gain_matrix"": [[0.9999999999999984]]}",0.02613256787308349
identity,x,1.0,20261463,2,fixed,0.05,1024,fixed_density,4.0,1,1,1.7769529453297017,2,1024,fixed_density,4.0,1,1,variance_matched,1.7477585694786644,"{""direction"": [1.0]}",0.029194375851037346
identity,x,1.0,20261463,2,fixed,0.05,1024,fixed_density,4.0,1,1,1.7769529453297017,2,1024,fixed_density,4.0,1,1,shuffled_target,0.000623691133633766,{},1.776329254196068
identity,x,1.0,20261463,2,fixed,0.05,1024,fixed_density,4.0,1,1,1.7769529453297017,2,1024,fixed_density,4.0,1,1,analytic_volume,0.0,"{""source_dim"": 1}",1.7769529453297017
identity,x,1.0,20261480,3,fixed,0.05,1024,fixed_density,4.0,1,1,1.7906150864189585,3,1024,fixed_density,4.0,1,1,null,0.004143700184758955,{},1.7864713862341997
identity,x,1.0,20261480,3,fixed,0.05,1024,fixed_density,4.0,1,1,1.7906150864189585,3,1024,fixed_density,4.0,1,1,identity,1.8191250988502172,"{""projection"": [[1.0]]}",-0.028510012431258724
identity,x,1.0,20261480,3,fixed,0.05,1024,fixed_density,4.0,1,1,1.7906150864189585,3,1024,fixed_density,4.0,1,1,gain_matched,1.8053412948432643,"{""gain_matrix"": [[1.0000000000000016]]}",-0.014726208424305831
identity,x,1.0,20261480,3,fixed,0.05,1024,fixed_density,4.0,1,1,1.7906150864189585,3,1024,fixed_density,4.0,1,1,variance_matched,1.7615839085320362,"{""direction"": [1.0]}",0.029031177886922332
identity,x,1.0,20261480,3,fixed,0.05,1024,fixed_density,4.0,1,1,1.7906150864189585,3,1024,fixed_density,4.0,1,1,shuffled_target,-0.001342971023941956,{},1.7919580574429004
identity,x,1.0,20261480,3,fixed,0.05,1024,fixed_density,4.0,1,1,1.7906150864189585,3,1024,fixed_density,4.0,1,1,analytic_volume,0.0,"{""source_dim"": 1}",1.7906150864189585
identity,x,1.0,20261497,4,fixed,0.05,1024,fixed_density,4.0,1,1,1.760439101855368,4,1024,fixed_density,4.0,1,1,null,-0.00022706374942020602,{},1.7606661656047882
identity,x,1.0,20261497,4,fixed,0.05,1024,fixed_density,4.0,1,1,1.760439101855368,4,1024,fixed_density,4.0,1,1,identity,1.7471514749658028,"{""projection"": [[1.0]]}",0.013287626889565196
identity,x,1.0,20261497,4,fixed,0.05,1024,fixed_density,4.0,1,1,1.760439101855368,4,1024,fixed_density,4.0,1,1,gain_matched,1.7569801571867267,"{""gain_matrix"": [[0.9999999999999997]]}",0.003458944668641273
identity,x,1.0,20261497,4,fixed,0.05,1024,fixed_density,4.0,1,1,1.760439101855368,4,1024,fixed_density,4.0,1,1,variance_matched,1.7543974747499966,"{""direction"": [1.0]}",0.006041627105371372
identity,x,1.0,20261497,4,fixed,0.05,1024,fixed_density,4.0,1,1,1.760439101855368,4,1024,fixed_density,4.0,1,1,shuffled_target,0.0028625592122471983,{},1.757576542643121
identity,x,1.0,20261497,4,fixed,0.05,1024,fixed_density,4.0,1,1,1.760439101855368,4,1024,fixed_density,4.0,1,1,analytic_volume,0.0,"{""source_dim"": 1}",1.760439101855368
identity,x,1.0,20261514,5,fixed,0.05,1024,fixed_density,4.0,1,1,1.7773667525498285,5,1024,fixed_density,4.0,1,1,null,-0.0012608923307084153,{},1.778627644880537
identity,x,1.0,20261514,5,fixed,0.05,1024,fixed_density,4.0,1,1,1.7773667525498285,5,1024,fixed_density,4.0,1,1,identity,1.7270014345864142,"{""projection"": [[1.0]]}",0.05036531796341426
identity,x,1.0,20261514,5,fixed,0.05,1024,fixed_density,4.0,1,1,1.7773667525498285,5,1024,fixed_density,4.0,1,1,gain_matched,1.8022617994584493,"{""gain_matrix"": [[1.0]]}",-0.024895046908620877
identity,x,1.0,20261514,5,fixed,0.05,1024,fixed_density,4.0,1,1,1.7773667525498285,5,1024,fixed_density,4.0,1,1,variance_matched,1.7717352966040183,"{""direction"": [1.0]}",0.00563145594581016
identity,x,1.0,20261514,5,fixed,0.05,1024,fixed_density,4.0,1,1,1.7773667525498285,5,1024,fixed_density,4.0,1,1,shuffled_target,-0.0010943920541597414,{},1.7784611446039882
identity,x,1.0,20261514,5,fixed,0.05,1024,fixed_density,4.0,1,1,1.7773667525498285,5,1024,fixed_density,4.0,1,1,analytic_volume,0.0,"{""source_dim"": 1}",1.7773667525498285
identity,x,1.0,20261531,6,fixed,0.05,1024,fixed_density,4.0,1,1,1.7771058707934408,6,1024,fixed_density,4.0,1,1,null,0.003052291719399556,{},1.7740535790740413
identity,x,1.0,20261531,6,fixed,0.05,1024,fixed_density,4.0,1,1,1.7771058707934408,6,1024,fixed_density,4.0,1,1,identity,1.7540394847064924,"{""projection"": [[1.0]]}",0.023066386086948443
identity,x,1.0,20261531,6,fixed,0.05,1024,fixed_density,4.0,1,1,1.7771058707934408,6,1024,fixed_density,4.0,1,1,gain_matched,1.7337307260215313,"{""gain_matrix"": [[0.9999999999999996]]}",0.04337514477190951
identity,x,1.0,20261531,6,fixed,0.05,1024,fixed_density,4.0,1,1,1.7771058707934408,6,1024,fixed_density,4.0,1,1,variance_matched,1.7676255280155582,"{""direction"": [1.0]}",0.009480342777882678
identity,x,1.0,20261531,6,fixed,0.05,1024,fixed_density,4.0,1,1,1.7771058707934408,6,1024,fixed_density,4.0,1,1,shuffled_target,0.000209963893985745,{},1.7768959068994552
identity,x,1.0,20261531,6,fixed,0.05,1024,fixed_density,4.0,1,1,1.7771058707934408,6,1024,fixed_density,4.0,1,1,analytic_volume,0.0,"{""source_dim"": 1}",1.7771058707934408
identity,x,1.0,20261548,7,fixed,0.05,1024,fixed_density,4.0,1,1,1.8017666368557121,7,1024,fixed_density,4.0,1,1,null,-0.0002000727599571839,{},1.8019667096156693
identity,x,1.0,20261548,7,fixed,0.05,1024,fixed_density,4.0,1,1,1.8017666368557121,7,1024,fixed_density,4.0,1,1,identity,1.7347510320232244,"{""projection"": [[1.0]]}",0.0670156048324877
identity,x,1.0,20261548,7,fixed,0.05,1024,fixed_density,4.0,1,1,1.8017666368557121,7,1024,fixed_density,4.0,1,1,gain_matched,1.7772863309994964,"{""gain_matrix"": [[0.9999999999999989]]}",0.024480305856215745
identity,x,1.0,20261548,7,fixed,0.05,1024,fixed_density,4.0,1,1,1.8017666368557121,7,1024,fixed_density,4.0,1,1,variance_matched,1.8058761702562987,"{""direction"": [1.0]}",-0.004109533400586507
identity,x,1.0,20261548,7,fixed,0.05,1024,fixed_density,4.0,1,1,1.8017666368557121,7,1024,fixed_density,4.0,1,1,shuffled_target,-0.0007489798639894006,{},1.8025156167197016
identity,x,1.0,20261548,7,fixed,0.05,1024,fixed_density,4.0,1,1,1.8017666368557121,7,1024,fixed_density,4.0,1,1,analytic_volume,0.0,"{""source_dim"": 1}",1.8017666368557121
identity,x,1.0,20261565,8,fixed,0.05,1024,fixed_density,4.0,1,1,1.7901260528536775,8,1024,fixed_density,4.0,1,1,null,-0.0014409232123975611,{},1.791566976066075
identity,x,1.0,20261565,8,fixed,0.05,1024,fixed_density,4.0,1,1,1.7901260528536775,8,1024,fixed_density,4.0,1,1,identity,1.7542516818393188,"{""projection"": [[1.0]]}",0.03587437101435875
identity,x,1.0,20261565,8,fixed,0.05,1024,fixed_density,4.0,1,1,1.7901260528536775,8,1024,fixed_density,4.0,1,1,gain_matched,1.8142241434050272,"{""gain_matrix"": [[1.0000000000000009]]}",-0.024098090551349705
identity,x,1.0,20261565,8,fixed,0.05,1024,fixed_density,4.0,1,1,1.7901260528536775,8,1024,fixed_density,4.0,1,1,variance_matched,1.800862392757245,"{""direction"": [1.0]}",-0.010736339903567371
identity,x,1.0,20261565,8,fixed,0.05,1024,fixed_density,4.0,1,1,1.7901260528536775,8,1024,fixed_density,4.0,1,1,shuffled_target,0.0008043651041532345,{},1.7893216877495244
identity,x,1.0,20261565,8,fixed,0.05,1024,fixed_density,4.0,1,1,1.7901260528536775,8,1024,fixed_density,4.0,1,1,analytic_volume,0.0,"{""source_dim"": 1}",1.7901260528536775
identity,x,1.0,20261582,9,fixed,0.05,1024,fixed_density,4.0,1,1,1.8027452201536591,9,1024,fixed_density,4.0,1,1,null,-0.0005433492492272164,{},1.8032885694028864
identity,x,1.0,20261582,9,fixed,0.05,1024,fixed_density,4.0,1,1,1.8027452201536591,9,1024,fixed_density,4.0,1,1,identity,1.7913386337425947,"{""projection"": [[1.0]]}",0.011406586411064401
identity,x,1.0,20261582,9,fixed,0.05,1024,fixed_density,4.0,1,1,1.8027452201536591,9,1024,fixed_density,4.0,1,1,gain_matched,1.8034281772744205,"{""gain_matrix"": [[0.9999999999999978]]}",-0.0006829571207613849
identity,x,1.0,20261582,9,fixed,0.05,1024,fixed_density,4.0,1,1,1.8027452201536591,9,1024,fixed_density,4.0,1,1,variance_matched,1.7483375112566166,"{""direction"": [1.0]}",0.054407708897042495
identity,x,1.0,20261582,9,fixed,0.05,1024,fixed_density,4.0,1,1,1.8027452201536591,9,1024,fixed_density,4.0,1,1,shuffled_target,8.86836368499237e-05,{},1.8026565365168092
identity,x,1.0,20261582,9,fixed,0.05,1024,fixed_density,4.0,1,1,1.8027452201536591,9,1024,fixed_density,4.0,1,1,analytic_volume,0.0,"{""source_dim"": 1}",1.8027452201536591
identity,x,2.0,20262429,0,fixed,0.05,2048,fixed_density,4.0,1,1,2.441234247304007,0,2048,fixed_density,4.0,1,1,null,-0.00048203369117630476,{},2.4417162809951836
identity,x,2.0,20262429,0,fixed,0.05,2048,fixed_density,4.0,1,1,2.441234247304007,0,2048,fixed_density,4.0,1,1,identity,2.418402014202109,"{""projection"": [[1.0]]}",0.02283223310189797
identity,x,2.0,20262429,0,fixed,0.05,2048,fixed_density,4.0,1,1,2.441234247304007,0,2048,fixed_density,4.0,1,1,gain_matched,2.441876134887309,"{""gain_matrix"": [[1.0000000000000004]]}",-0.0006418875833018589
identity,x,2.0,20262429,0,fixed,0.05,2048,fixed_density,4.0,1,1,2.441234247304007,0,2048,fixed_density,4.0,1,1,variance_matched,2.4410548510117414,"{""direction"": [1.0]}",0.000179396292265821
identity,x,2.0,20262429,0,fixed,0.05,2048,fixed_density,4.0,1,1,2.441234247304007,0,2048,fixed_density,4.0,1,1,shuffled_target,0.0007090042233493573,{},2.440525243080658
identity,x,2.0,20262429,0,fixed,0.05,2048,fixed_density,4.0,1,1,2.441234247304007,0,2048,fixed_density,4.0,1,1,analytic_volume,0.6931471805599453,"{""source_dim"": 1}",1.7480870667440618
identity,x,2.0,20262446,1,fixed,0.05,2048,fixed_density,4.0,1,1,2.4603093656789046,1,2048,fixed_density,4.0,1,1,null,-0.0005499443235365456,{},2.460859310002441
identity,x,2.0,20262446,1,fixed,0.05,2048,fixed_density,4.0,1,1,2.4603093656789046,1,2048,fixed_density,4.0,1,1,identity,2.4529810836783406,"{""projection"": [[1.0]]}",0.007328282000564013
identity,x,2.0,20262446,1,fixed,0.05,2048,fixed_density,4.0,1,1,2.4603093656789046,1,2048,fixed_density,4.0,1,1,gain_matched,2.45284842861626,"{""gain_matrix"": [[0.9999999999999998]]}",0.0074609370626443905
identity,x,2.0,20262446,1,fixed,0.05,2048,fixed_density,4.0,1,1,2.4603093656789046,1,2048,fixed_density,4.0,1,1,variance_matched,2.444810332526126,"{""direction"": [1.0]}",0.015499033152778452
identity,x,2.0,20262446,1,fixed,0.05,2048,fixed_density,4.0,1,1,2.4603093656789046,1,2048,fixed_density,4.0,1,1,shuffled_target,0.00045283736776876,{},2.459856528311136
identity,x,2.0,20262446,1,fixed,0.05,2048,fixed_density,4.0,1,1,2.4603093656789046,1,2048,fixed_density,4.0,1,1,analytic_volume,0.6931471805599453,"{""source_dim"": 1}",1.7671621851189592
identity,x,2.0,20262463,2,fixed,0.05,2048,fixed_density,4.0,1,1,2.449313435792128,2,2048,fixed_density,4.0,1,1,null,-0.0003091494764566904,{},2.4496225852685845
identity,x,2.0,20262463,2,fixed,0.05,2048,fixed_density,4.0,1,1,2.449313435792128,2,2048,fixed_density,4.0,1,1,identity,2.4493706257433656,"{""projection"": [[1.0]]}",-5.718995123782378e-05
identity,x,2.0,20262463,2,fixed,0.05,2048,fixed_density,4.0,1,1,2.449313435792128,2,2048,fixed_density,4.0,1,1,gain_matched,2.444113177920174,"{""gain_matrix"": [[0.9999999999999978]]}",0.005200257871953884
identity,x,2.0,20262463,2,fixed,0.05,2048,fixed_density,4.0,1,1,2.449313435792128,2,2048,fixed_density,4.0,1,1,variance_matched,2.4619349660100784,"{""direction"": [1.0]}",-0.01262153021795065
identity,x,2.0,20262463,2,fixed,0.05,2048,fixed_density,4.0,1,1,2.449313435792128,2,2048,fixed_density,4.0,1,1,shuffled_target,0.0005904430364263895,{},2.4487229927557013
identity,x,2.0,20262463,2,fixed,0.05,2048,fixed_density,4.0,1,1,2.449313435792128,2,2048,fixed_density,4.0,1,1,analytic_volume,0.6931471805599453,"{""source_dim"": 1}",1.7561662552321824
identity,x,2.0,20262480,3,fixed,0.05,2048,fixed_density,4.0,1,1,2.4503709762721186,3,2048,fixed_density,4.0,1,1,null,0.0017231250428624057,{},2.448647851229256
identity,x,2.0,20262480,3,fixed,0.05,2048,fixed_density,4.0,1,1,2.4503709762721186,3,2048,fixed_density,4.0,1,1,identity,2.442777414733275,"{""projection"": [[1.0]]}",0.007593561538843829
identity,x,2.0,20262480,3,fixed,0.05,2048,fixed_density,4.0,1,1,2.4503709762721186,3,2048,fixed_density,4.0,1,1,gain_matched,2.4674898439929898,"{""gain_matrix"": [[1.0000000000000009]]}",-0.017118867720871123
identity,x,2.0,20262480,3,fixed,0.05,2048,fixed_density,4.0,1,1,2.4503709762721186,3,2048,fixed_density,4.0,1,1,variance_matched,2.45155173126388,"{""direction"": [1.0]}",-0.0011807549917612903
identity,x,2.0,20262480,3,fixed,0.05,2048,fixed_density,4.0,1,1,2.4503709762721186,3,2048,fixed_density,4.0,1,1,shuffled_target,-0.00019918608226567297,{},2.4505701623543845
identity,x,2.0,20262480,3,fixed,0.05,2048,fixed_density,4.0,1,1,2.4503709762721186,3,2048,fixed_density,4.0,1,1,analytic_volume,0.6931471805599453,"{""source_dim"": 1}",1.7572237957121732
identity,x,2.0,20262497,4,fixed,0.05,2048,fixed_density,4.0,1,1,2.4605775066685176,4,2048,fixed_density,4.0,1,1,null,0.0015604526712684925,{},2.459017053997249
identity,x,2.0,20262497,4,fixed,0.05,2048,fixed_density,4.0,1,1,2.4605775066685176,4,2048,fixed_density,4.0,1,1,identity,2.453100127450271,"{""projection"": [[1.0]]}",0.00747737921824676
identity,x,2.0,20262497,4,fixed,0.05,2048,fixed_density,4.0,1,1,2.4605775066685176,4,2048,fixed_density,4.0,1,1,gain_matched,2.4306703904983893,"{""gain_matrix"": [[0.9999999999999996]]}",0.02990711617012831
identity,x,2.0,20262497,4,fixed,0.05,2048,fixed_density,4.0,1,1,2.4605775066685176,4,2048,fixed_density,4.0,1,1,variance_matched,2.4578936376618454,"{""direction"": [1.0]}",0.002683869006672168
identity,x,2.0,20262497,4,fixed,0.05,2048,fixed_density,4.0,1,1,2.4605775066685176,4,2048,fixed_density,4.0,1,1,shuffled_target,0.00020398077395440153,{},2.460373525894563
identity,x,2.0,20262497,4,fixed,0.05,2048,fixed_density,4.0,1,1,2.4605775066685176,4,2048,fixed_density,4.0,1,1,analytic_volume,0.6931471805599453,"{""source_dim"": 1}",1.7674303261085722
identity,x,2.0,20262514,5,fixed,0.05,2048,fixed_density,4.0,1,1,2.447916708707543,5,2048,fixed_density,4.0,1,1,null,0.0011470048025145221,{},2.4467697039050287
identity,x,2.0,20262514,5,fixed,0.05,2048,fixed_density,4.0,1,1,2.447916708707543,5,2048,fixed_density,4.0,1,1,identity,2.464896284797234,"{""projection"": [[1.0]]}",-0.01697957608969114
identity,x,2.0,20262514,5,fixed,0.05,2048,fixed_density,4.0,1,1,2.447916708707543,5,2048,fixed_density,4.0,1,1,gain_matched,2.491619796602323,"{""gain_matrix"": [[0.9999999999999993]]}",-0.043703087894779724
identity,x,2.0,20262514,5,fixed,0.05,2048,fixed_density,4.0,1,1,2.447916708707543,5,2048,fixed_density,4.0,1,1,variance_matched,2.477635838459909,"{""direction"": [1.0]}",-0.02971912975236579
identity,x,2.0,20262514,5,fixed,0.05,2048,fixed_density,4.0,1,1,2.447916708707543,5,2048,fixed_density,4.0,1,1,shuffled_target,-0.00038428057391503754,{},2.4483009892814582
identity,x,2.0,20262514,5,fixed,0.05,2048,fixed_density,4.0,1,1,2.447916708707543,5,2048,fixed_density,4.0,1,1,analytic_volume,0.6931471805599453,"{""source_dim"": 1}",1.7547695281475977
identity,x,2.0,20262531,6,fixed,0.05,2048,fixed_density,4.0,1,1,2.4752652233642074,6,2048,fixed_density,4.0,1,1,null,-0.00042548367265958476,{},2.475690707036867
identity,x,2.0,20262531,6,fixed,0.05,2048,fixed_density,4.0,1,1,2.4752652233642074,6,2048,fixed_density,4.0,1,1,identity,2.480503061685921,"{""projection"": [[1.0]]}",-0.005237838321713539
identity,x,2.0,20262531,6,fixed,0.05,2048,fixed_density,4.0,1,1,2.4752652233642074,6,2048,fixed_density,4.0,1,1,gain_matched,2.4648267776444586,"{""gain_matrix"": [[0.9999999999999998]]}",0.010438445719748835
identity,x,2.0,20262531,6,fixed,0.05,2048,fixed_density,4.0,1,1,2.4752652233642074,6,2048,fixed_density,4.0,1,1,variance_matched,2.461240099245705,"{""direction"": [1.0]}",0.014025124118502319
identity,x,2.0,20262531,6,fixed,0.05,2048,fixed_density,4.0,1,1,2.4752652233642074,6,2048,fixed_density,4.0,1,1,shuffled_target,0.00028160876934074414,{},2.4749836145948665
identity,x,2.0,20262531,6,fixed,0.05,2048,fixed_density,4.0,1,1,2.4752652233642074,6,2048,fixed_density,4.0,1,1,analytic_volume,0.6931471805599453,"{""source_dim"": 1}",1.782118042804262
identity,x,2.0,20262548,7,fixed,0.05,2048,fixed_density,4.0,1,1,2.4269832465762677,7,2048,fixed_density,4.0,1,1,null,-0.0003472551568907804,{},2.4273305017331586
identity,x,2.0,20262548,7,fixed,0.05,2048,fixed_density,4.0,1,1,2.4269832465762677,7,2048,fixed_density,4.0,1,1,identity,2.4392411539616896,"{""projection"": [[1.0]]}",-0.012257907385421873
identity,x,2.0,20262548,7,fixed,0.05,2048,fixed_density,4.0,1,1,2.4269832465762677,7,2048,fixed_density,4.0,1,1,gain_matched,2.453400129278945,"{""gain_matrix"": [[1.000000000000001]]}",-0.02641688270267739
identity,x,2.0,20262548,7,fixed,0.05,2048,fixed_density,4.0,1,1,2.4269832465762677,7,2048,fixed_density,4.0,1,1,variance_matched,2.420499035981777,"{""direction"": [1.0]}",0.006484210594490669
identity,x,2.0,20262548,7,fixed,0.05,2048,fixed_density,4.0,1,1,2.4269832465762677,7,2048,fixed_density,4.0,1,1,shuffled_target,0.0007830841934445255,{},2.4262001623828233
identity,x,2.0,20262548,7,fixed,0.05,2048,fixed_density,4.0,1,1,2.4269832465762677,7,2048,fixed_density,4.0,1,1,analytic_volume,0.6931471805599453,"{""source_dim"": 1}",1.7338360660163223
identity,x,2.0,20262565,8,fixed,0.05,2048,fixed_density,4.0,1,1,2.470788459271728,8,2048,fixed_density,4.0,1,1,null,-2.1486616817635194e-05,{},2.4708099458885457
identity,x,2.0,20262565,8,fixed,0.05,2048,fixed_density,4.0,1,1,2.470788459271728,8,2048,fixed_density,4.0,1,1,identity,2.4466029980783706,"{""projection"": [[1.0]]}",0.024185461193357405
identity,x,2.0,20262565,8,fixed,0.05,2048,fixed_density,4.0,1,1,2.470788459271728,8,2048,fixed_density,4.0,1,1,gain_matched,2.4454116473474206,"{""gain_matrix"": [[1.0000000000000004]]}",0.025376811924307408
identity,x,2.0,20262565,8,fixed,0.05,2048,fixed_density,4.0,1,1,2.470788459271728,8,2048,fixed_density,4.0,1,1,variance_matched,2.455633090494662,"{""direction"": [1.0]}",0.015155368777065803
identity,x,2.0,20262565,8,fixed,0.05,2048,fixed_density,4.0,1,1,2.470788459271728,8,2048,fixed_density,4.0,1,1,shuffled_target,-7.651245127918052e-05,{},2.470864971723007
identity,x,2.0,20262565,8,fixed,0.05,2048,fixed_density,4.0,1,1,2.470788459271728,8,2048,fixed_density,4.0,1,1,analytic_volume,0.6931471805599453,"{""source_dim"": 1}",1.7776412787117826
identity,x,2.0,20262582,9,fixed,0.05,2048,fixed_density,4.0,1,1,2.438266764456544,9,2048,fixed_density,4.0,1,1,null,-0.0006295677186607827,{},2.438896332175205
identity,x,2.0,20262582,9,fixed,0.05,2048,fixed_density,4.0,1,1,2.438266764456544,9,2048,fixed_density,4.0,1,1,identity,2.4406711274309725,"{""projection"": [[1.0]]}",-0.0024043629744285866
identity,x,2.0,20262582,9,fixed,0.05,2048,fixed_density,4.0,1,1,2.438266764456544,9,2048,fixed_density,4.0,1,1,gain_matched,2.43543767629961,"{""gain_matrix"": [[0.9999999999999998]]}",0.0028290881569339454
identity,x,2.0,20262582,9,fixed,0.05,2048,fixed_density,4.0,1,1,2.438266764456544,9,2048,fixed_density,4.0,1,1,variance_matched,2.4438706695631978,"{""direction"": [1.0]}",-0.0056039051066538725
identity,x,2.0,20262582,9,fixed,0.05,2048,fixed_density,4.0,1,1,2.438266764456544,9,2048,fixed_density,4.0,1,1,shuffled_target,0.0012020277954131113,{},2.4370647366611307
identity,x,2.0,20262582,9,fixed,0.05,2048,fixed_density,4.0,1,1,2.438266764456544,9,2048,fixed_density,4.0,1,1,analytic_volume,0.6931471805599453,"{""source_dim"": 1}",1.7451195838965985
identity,x,4.0,20263429,0,fixed,0.05,4096,fixed_density,4.0,1,1,3.147417165062098,0,4096,fixed_density,4.0,1,1,null,-0.00032868318319982415,{},3.147745848245298
identity,x,4.0,20263429,0,fixed,0.05,4096,fixed_density,4.0,1,1,3.147417165062098,0,4096,fixed_density,4.0,1,1,identity,3.152113151966162,"{""projection"": [[1.0]]}",-0.004695986904063698
identity,x,4.0,20263429,0,fixed,0.05,4096,fixed_density,4.0,1,1,3.147417165062098,0,4096,fixed_density,4.0,1,1,gain_matched,3.142766544093644,"{""gain_matrix"": [[0.9999999999999997]]}",0.004650620968454255
identity,x,4.0,20263429,0,fixed,0.05,4096,fixed_density,4.0,1,1,3.147417165062098,0,4096,fixed_density,4.0,1,1,variance_matched,3.1521373369092522,"{""direction"": [1.0]}",-0.00472017184715412
identity,x,4.0,20263429,0,fixed,0.05,4096,fixed_density,4.0,1,1,3.147417165062098,0,4096,fixed_density,4.0,1,1,shuffled_target,0.0001155830914818483,{},3.1473015819706163
identity,x,4.0,20263429,0,fixed,0.05,4096,fixed_density,4.0,1,1,3.147417165062098,0,4096,fixed_density,4.0,1,1,analytic_volume,1.3862943611198906,"{""source_dim"": 1}",1.7611228039422075
identity,x,4.0,20263446,1,fixed,0.05,4096,fixed_density,4.0,1,1,3.137813492521702,1,4096,fixed_density,4.0,1,1,null,-0.00021677618642055576,{},3.1380302687081225
identity,x,4.0,20263446,1,fixed,0.05,4096,fixed_density,4.0,1,1,3.137813492521702,1,4096,fixed_density,4.0,1,1,identity,3.152345719102678,"{""projection"": [[1.0]]}",-0.014532226580975749
identity,x,4.0,20263446,1,fixed,0.05,4096,fixed_density,4.0,1,1,3.137813492521702,1,4096,fixed_density,4.0,1,1,gain_matched,3.1390451025702504,"{""gain_matrix"": [[0.9999999999999994]]}",-0.0012316100485483261
identity,x,4.0,20263446,1,fixed,0.05,4096,fixed_density,4.0,1,1,3.137813492521702,1,4096,fixed_density,4.0,1,1,variance_matched,3.144905927589318,"{""direction"": [1.0]}",-0.00709243506761581
identity,x,4.0,20263446,1,fixed,0.05,4096,fixed_density,4.0,1,1,3.137813492521702,1,4096,fixed_density,4.0,1,1,shuffled_target,-0.00010029797324811747,{},3.13791379049495
identity,x,4.0,20263446,1,fixed,0.05,4096,fixed_density,4.0,1,1,3.137813492521702,1,4096,fixed_density,4.0,1,1,analytic_volume,1.3862943611198906,"{""source_dim"": 1}",1.7515191314018115
identity,x,4.0,20263463,2,fixed,0.05,4096,fixed_density,4.0,1,1,3.1456297504373056,2,4096,fixed_density,4.0,1,1,null,0.0007305142073783982,{},3.1448992362299273
identity,x,4.0,20263463,2,fixed,0.05,4096,fixed_density,4.0,1,1,3.1456297504373056,2,4096,fixed_density,4.0,1,1,identity,3.1333099819128223,"{""projection"": [[1.0]]}",0.012319768524483354
identity,x,4.0,20263463,2,fixed,0.05,4096,fixed_density,4.0,1,1,3.1456297504373056,2,4096,fixed_density,4.0,1,1,gain_matched,3.117608210937725,"{""gain_matrix"": [[1.0000000000000033]]}",0.028021539499580417
identity,x,4.0,20263463,2,fixed,0.05,4096,fixed_density,4.0,1,1,3.1456297504373056,2,4096,fixed_density,4.0,1,1,variance_matched,3.136367185552209,"{""direction"": [1.0]}",0.00926256488509658
identity,x,4.0,20263463,2,fixed,0.05,4096,fixed_density,4.0,1,1,3.1456297504373056,2,4096,fixed_density,4.0,1,1,shuffled_target,-3.1327927106954406e-05,{},3.1456610783644128
identity,x,4.0,20263463,2,fixed,0.05,4096,fixed_density,4.0,1,1,3.1456297504373056,2,4096,fixed_density,4.0,1,1,analytic_volume,1.3862943611198906,"{""source_dim"": 1}",1.759335389317415
identity,x,4.0,20263480,3,fixed,0.05,4096,fixed_density,4.0,1,1,3.1388878689168056,3,4096,fixed_density,4.0,1,1,null,4.20164896779601e-05,{},3.1388458524271274
identity,x,4.0,20263480,3,fixed,0.05,4096,fixed_density,4.0,1,1,3.1388878689168056,3,4096,fixed_density,4.0,1,1,identity,3.140000686770758,"{""projection"": [[1.0]]}",-0.0011128178539525635
identity,x,4.0,20263480,3,fixed,0.05,4096,fixed_density,4.0,1,1,3.1388878689168056,3,4096,fixed_density,4.0,1,1,gain_matched,3.1509248622644175,"{""gain_matrix"": [[0.9999999999999991]]}",-0.01203699334761188
identity,x,4.0,20263480,3,fixed,0.05,4096,fixed_density,4.0,1,1,3.1388878689168056,3,4096,fixed_density,4.0,1,1,variance_matched,3.1577757879113055,"{""direction"": [1.0]}",-0.01888791899449993
identity,x,4.0,20263480,3,fixed,0.05,4096,fixed_density,4.0,1,1,3.1388878689168056,3,4096,fixed_density,4.0,1,1,shuffled_target,0.00026609821912003823,{},3.1386217706976858
identity,x,4.0,20263480,3,fixed,0.05,4096,fixed_density,4.0,1,1,3.1388878689168056,3,4096,fixed_density,4.0,1,1,analytic_volume,1.3862943611198906,"{""source_dim"": 1}",1.752593507796915
identity,x,4.0,20263497,4,fixed,0.05,4096,fixed_density,4.0,1,1,3.1533139381190005,4,4096,fixed_density,4.0,1,1,null,9.375105074036351e-05,{},3.15322018706826
identity,x,4.0,20263497,4,fixed,0.05,4096,fixed_density,4.0,1,1,3.1533139381190005,4,4096,fixed_density,4.0,1,1,identity,3.124020343560434,"{""projection"": [[1.0]]}",0.029293594558566394
identity,x,4.0,20263497,4,fixed,0.05,4096,fixed_density,4.0,1,1,3.1533139381190005,4,4096,fixed_density,4.0,1,1,gain_matched,3.144042124459177,"{""gain_matrix"": [[1.0000000000000018]]}",0.009271813659823547
identity,x,4.0,20263497,4,fixed,0.05,4096,fixed_density,4.0,1,1,3.1533139381190005,4,4096,fixed_density,4.0,1,1,variance_matched,3.15448731505834,"{""direction"": [1.0]}",-0.0011733769393393878
identity,x,4.0,20263497,4,fixed,0.05,4096,fixed_density,4.0,1,1,3.1533139381190005,4,4096,fixed_density,4.0,1,1,shuffled_target,-0.00021823276705292737,{},3.1535321708860535
identity,x,4.0,20263497,4,fixed,0.05,4096,fixed_density,4.0,1,1,3.1533139381190005,4,4096,fixed_density,4.0,1,1,analytic_volume,1.3862943611198906,"{""source_dim"": 1}",1.76701957699911
identity,x,4.0,20263514,5,fixed,0.05,4096,fixed_density,4.0,1,1,3.114513697692526,5,4096,fixed_density,4.0,1,1,null,0.00029957685862822746,{},3.114214120833898
identity,x,4.0,20263514,5,fixed,0.05,4096,fixed_density,4.0,1,1,3.114513697692526,5,4096,fixed_density,4.0,1,1,identity,3.135269953545837,"{""projection"": [[1.0]]}",-0.02075625585331098
identity,x,4.0,20263514,5,fixed,0.05,4096,fixed_density,4.0,1,1,3.114513697692526,5,4096,fixed_density,4.0,1,1,gain_matched,3.122012925391979,"{""gain_matrix"": [[1.0000000000000002]]}",-0.007499227699452771
identity,x,4.0,20263514,5,fixed,0.05,4096,fixed_density,4.0,1,1,3.114513697692526,5,4096,fixed_density,4.0,1,1,variance_matched,3.115611422297744,"{""direction"": [1.0]}",-0.0010977246052177314
identity,x,4.0,20263514,5,fixed,0.05,4096,fixed_density,4.0,1,1,3.114513697692526,5,4096,fixed_density,4.0,1,1,shuffled_target,-0.00016361228717350112,{},3.1146773099796996
identity,x,4.0,20263514,5,fixed,0.05,4096,fixed_density,4.0,1,1,3.114513697692526,5,4096,fixed_density,4.0,1,1,analytic_volume,1.3862943611198906,"{""source_dim"": 1}",1.7282193365726355
identity,x,4.0,20263531,6,fixed,0.05,4096,fixed_density,4.0,1,1,3.1453097298628503,6,4096,fixed_density,4.0,1,1,null,-3.431668761894475e-05,{},3.1453440465504694
identity,x,4.0,20263531,6,fixed,0.05,4096,fixed_density,4.0,1,1,3.1453097298628503,6,4096,fixed_density,4.0,1,1,identity,3.1567959540081754,"{""projection"": [[1.0]]}",-0.011486224145325075
identity,x,4.0,20263531,6,fixed,0.05,4096,fixed_density,4.0,1,1,3.1453097298628503,6,4096,fixed_density,4.0,1,1,gain_matched,3.1582701319022024,"{""gain_matrix"": [[1.0000000000000022]]}",-0.012960402039352115
identity,x,4.0,20263531,6,fixed,0.05,4096,fixed_density,4.0,1,1,3.1453097298628503,6,4096,fixed_density,4.0,1,1,variance_matched,3.149932318090687,"{""direction"": [1.0]}",-0.004622588227836566
identity,x,4.0,20263531,6,fixed,0.05,4096,fixed_density,4.0,1,1,3.1453097298628503,6,4096,fixed_density,4.0,1,1,shuffled_target,0.0006821275032916664,{},3.1446276023595585
identity,x,4.0,20263531,6,fixed,0.05,4096,fixed_density,4.0,1,1,3.1453097298628503,6,4096,fixed_density,4.0,1,1,analytic_volume,1.3862943611198906,"{""source_dim"": 1}",1.7590153687429597
identity,x,4.0,20263548,7,fixed,0.05,4096,fixed_density,4.0,1,1,3.1372761622775474,7,4096,fixed_density,4.0,1,1,null,-0.00022362846916671337,{},3.137499790746714
identity,x,4.0,20263548,7,fixed,0.05,4096,fixed_density,4.0,1,1,3.1372761622775474,7,4096,fixed_density,4.0,1,1,identity,3.138929049045898,"{""projection"": [[1.0]]}",-0.0016528867683507364
identity,x,4.0,20263548,7,fixed,0.05,4096,fixed_density,4.0,1,1,3.1372761622775474,7,4096,fixed_density,4.0,1,1,gain_matched,3.1330549666798344,"{""gain_matrix"": [[1.0]]}",0.004221195597712946
identity,x,4.0,20263548,7,fixed,0.05,4096,fixed_density,4.0,1,1,3.1372761622775474,7,4096,fixed_density,4.0,1,1,variance_matched,3.156060003698548,"{""direction"": [1.0]}",-0.01878384142100087
identity,x,4.0,20263548,7,fixed,0.05,4096,fixed_density,4.0,1,1,3.1372761622775474,7,4096,fixed_density,4.0,1,1,shuffled_target,-0.0002712089071217626,{},3.1375473711846693
identity,x,4.0,20263548,7,fixed,0.05,4096,fixed_density,4.0,1,1,3.1372761622775474,7,4096,fixed_density,4.0,1,1,analytic_volume,1.3862943611198906,"{""source_dim"": 1}",1.7509818011576568
identity,x,4.0,20263565,8,fixed,0.05,4096,fixed_density,4.0,1,1,3.156938592368296,8,4096,fixed_density,4.0,1,1,null,0.00018627993751530695,{},3.156752312430781
identity,x,4.0,20263565,8,fixed,0.05,4096,fixed_density,4.0,1,1,3.156938592368296,8,4096,fixed_density,4.0,1,1,identity,3.1549536845145156,"{""projection"": [[1.0]]}",0.00198490785378036
identity,x,4.0,20263565,8,fixed,0.05,4096,fixed_density,4.0,1,1,3.156938592368296,8,4096,fixed_density,4.0,1,1,gain_matched,3.164117215772637,"{""gain_matrix"": [[0.9999999999999979]]}",-0.007178623404341167
identity,x,4.0,20263565,8,fixed,0.05,4096,fixed_density,4.0,1,1,3.156938592368296,8,4096,fixed_density,4.0,1,1,variance_matched,3.1385453176348466,"{""direction"": [1.0]}",0.018393274733449427
identity,x,4.0,20263565,8,fixed,0.05,4096,fixed_density,4.0,1,1,3.156938592368296,8,4096,fixed_density,4.0,1,1,shuffled_target,0.00036425175662838555,{},3.1565743406116678
identity,x,4.0,20263565,8,fixed,0.05,4096,fixed_density,4.0,1,1,3.156938592368296,8,4096,fixed_density,4.0,1,1,analytic_volume,1.3862943611198906,"{""source_dim"": 1}",1.7706442312484054
identity,x,4.0,20263582,9,fixed,0.05,4096,fixed_density,4.0,1,1,3.144324123719598,9,4096,fixed_density,4.0,1,1,null,-0.00024730515170076595,{},3.1445714288712985
identity,x,4.0,20263582,9,fixed,0.05,4096,fixed_density,4.0,1,1,3.144324123719598,9,4096,fixed_density,4.0,1,1,identity,3.1463046757606774,"{""projection"": [[1.0]]}",-0.0019805520410796085
identity,x,4.0,20263582,9,fixed,0.05,4096,fixed_density,4.0,1,1,3.144324123719598,9,4096,fixed_density,4.0,1,1,gain_matched,3.1349525201225266,"{""gain_matrix"": [[1.0000000000000007]]}",0.009371603597071232
identity,x,4.0,20263582,9,fixed,0.05,4096,fixed_density,4.0,1,1,3.144324123719598,9,4096,fixed_density,4.0,1,1,variance_matched,3.1339300982568656,"{""direction"": [1.0]}",0.01039402546273216
identity,x,4.0,20263582,9,fixed,0.05,4096,fixed_density,4.0,1,1,3.144324123719598,9,4096,fixed_density,4.0,1,1,shuffled_target,0.0002843093844964973,{},3.1440398143351014
identity,x,4.0,20263582,9,fixed,0.05,4096,fixed_density,4.0,1,1,3.144324123719598,9,4096,fixed_density,4.0,1,1,analytic_volume,1.3862943611198906,"{""source_dim"": 1}",1.7580297625997072
identity,x,8.0,20264429,0,fixed,0.05,8192,fixed_density,4.0,1,1,3.83552657938473,0,8192,fixed_density,4.0,1,1,null,4.957146723374837e-06,{},3.835521622238007
identity,x,8.0,20264429,0,fixed,0.05,8192,fixed_density,4.0,1,1,3.83552657938473,0,8192,fixed_density,4.0,1,1,identity,3.8301268827401023,"{""projection"": [[1.0]]}",0.005399696644627916
identity,x,8.0,20264429,0,fixed,0.05,8192,fixed_density,4.0,1,1,3.83552657938473,0,8192,fixed_density,4.0,1,1,gain_matched,3.8161546421276675,"{""gain_matrix"": [[0.9999999999999994]]}",0.019371937257062655
identity,x,8.0,20264429,0,fixed,0.05,8192,fixed_density,4.0,1,1,3.83552657938473,0,8192,fixed_density,4.0,1,1,variance_matched,3.8373250639793905,"{""direction"": [1.0]}",-0.0017984845946603656
identity,x,8.0,20264429,0,fixed,0.05,8192,fixed_density,4.0,1,1,3.83552657938473,0,8192,fixed_density,4.0,1,1,shuffled_target,-0.00012975380771667051,{},3.8356563331924467
identity,x,8.0,20264429,0,fixed,0.05,8192,fixed_density,4.0,1,1,3.83552657938473,0,8192,fixed_density,4.0,1,1,analytic_volume,2.0794415416798357,"{""source_dim"": 1}",1.7560850377048944
identity,x,8.0,20264446,1,fixed,0.05,8192,fixed_density,4.0,1,1,3.828238931080104,1,8192,fixed_density,4.0,1,1,null,-0.00010127345286074516,{},3.8283402045329646
identity,x,8.0,20264446,1,fixed,0.05,8192,fixed_density,4.0,1,1,3.828238931080104,1,8192,fixed_density,4.0,1,1,identity,3.842916940939146,"{""projection"": [[1.0]]}",-0.014678009859041996
identity,x,8.0,20264446,1,fixed,0.05,8192,fixed_density,4.0,1,1,3.828238931080104,1,8192,fixed_density,4.0,1,1,gain_matched,3.843176105146511,"{""gain_matrix"": [[1.0000000000000038]]}",-0.014937174066407266
identity,x,8.0,20264446,1,fixed,0.05,8192,fixed_density,4.0,1,1,3.828238931080104,1,8192,fixed_density,4.0,1,1,variance_matched,3.8318782347474443,"{""direction"": [1.0]}",-0.0036393036673403323
identity,x,8.0,20264446,1,fixed,0.05,8192,fixed_density,4.0,1,1,3.828238931080104,1,8192,fixed_density,4.0,1,1,shuffled_target,-5.766205818345121e-05,{},3.8282965931382873
identity,x,8.0,20264446,1,fixed,0.05,8192,fixed_density,4.0,1,1,3.828238931080104,1,8192,fixed_density,4.0,1,1,analytic_volume,2.0794415416798357,"{""source_dim"": 1}",1.7487973894002682
identity,x,8.0,20264463,2,fixed,0.05,8192,fixed_density,4.0,1,1,3.8267817976610314,2,8192,fixed_density,4.0,1,1,null,-0.00017514858813706699,{},3.8269569462491684
identity,x,8.0,20264463,2,fixed,0.05,8192,fixed_density,4.0,1,1,3.8267817976610314,2,8192,fixed_density,4.0,1,1,identity,3.8297572346229236,"{""projection"": [[1.0]]}",-0.002975436961892175
identity,x,8.0,20264463,2,fixed,0.05,8192,fixed_density,4.0,1,1,3.8267817976610314,2,8192,fixed_density,4.0,1,1,gain_matched,3.8220542489508467,"{""gain_matrix"": [[1.0000000000000024]]}",0.00472754871018477
identity,x,8.0,20264463,2,fixed,0.05,8192,fixed_density,4.0,1,1,3.8267817976610314,2,8192,fixed_density,4.0,1,1,variance_matched,3.8209627611991097,"{""direction"": [1.0]}",0.005819036461921723
identity,x,8.0,20264463,2,fixed,0.05,8192,fixed_density,4.0,1,1,3.8267817976610314,2,8192,fixed_density,4.0,1,1,shuffled_target,-9.327446315264762e-05,{},3.826875072124184
identity,x,8.0,20264463,2,fixed,0.05,8192,fixed_density,4.0,1,1,3.8267817976610314,2,8192,fixed_density,4.0,1,1,analytic_volume,2.0794415416798357,"{""source_dim"": 1}",1.7473402559811957
identity,x,8.0,20264480,3,fixed,0.05,8192,fixed_density,4.0,1,1,3.8265374547666537,3,8192,fixed_density,4.0,1,1,null,-3.0924919237895754e-07,{},3.826537764015846
identity,x,8.0,20264480,3,fixed,0.05,8192,fixed_density,4.0,1,1,3.8265374547666537,3,8192,fixed_density,4.0,1,1,identity,3.831563248277053,"{""projection"": [[1.0]]}",-0.0050257935103994456
identity,x,8.0,20264480,3,fixed,0.05,8192,fixed_density,4.0,1,1,3.8265374547666537,3,8192,fixed_density,4.0,1,1,gain_matched,3.832015511488261,"{""gain_matrix"": [[1.000000000000001]]}",-0.005478056721607061
identity,x,8.0,20264480,3,fixed,0.05,8192,fixed_density,4.0,1,1,3.8265374547666537,3,8192,fixed_density,4.0,1,1,variance_matched,3.8437717482933245,"{""direction"": [1.0]}",-0.01723429352667072
identity,x,8.0,20264480,3,fixed,0.05,8192,fixed_density,4.0,1,1,3.8265374547666537,3,8192,fixed_density,4.0,1,1,shuffled_target,0.0001582947353341034,{},3.8263791600313195
identity,x,8.0,20264480,3,fixed,0.05,8192,fixed_density,4.0,1,1,3.8265374547666537,3,8192,fixed_density,4.0,1,1,analytic_volume,2.0794415416798357,"{""source_dim"": 1}",1.747095913086818
identity,x,8.0,20264497,4,fixed,0.05,8192,fixed_density,4.0,1,1,3.8339722181406692,4,8192,fixed_density,4.0,1,1,null,-2.3285905629563967e-05,{},3.8339955040462987
identity,x,8.0,20264497,4,fixed,0.05,8192,fixed_density,4.0,1,1,3.8339722181406692,4,8192,fixed_density,4.0,1,1,identity,3.808806679606328,"{""projection"": [[1.0]]}",0.025165538534341447
identity,x,8.0,20264497,4,fixed,0.05,8192,fixed_density,4.0,1,1,3.8339722181406692,4,8192,fixed_density,4.0,1,1,gain_matched,3.820285221319236,"{""gain_matrix"": [[1.0]]}",0.013686996821433262
identity,x,8.0,20264497,4,fixed,0.05,8192,fixed_density,4.0,1,1,3.8339722181406692,4,8192,fixed_density,4.0,1,1,variance_matched,3.813664961500697,"{""direction"": [1.0]}",0.020307256639972238
identity,x,8.0,20264497,4,fixed,0.05,8192,fixed_density,4.0,1,1,3.8339722181406692,4,8192,fixed_density,4.0,1,1,shuffled_target,-9.386539884282335e-05,{},3.834066083539512
identity,x,8.0,20264497,4,fixed,0.05,8192,fixed_density,4.0,1,1,3.8339722181406692,4,8192,fixed_density,4.0,1,1,analytic_volume,2.0794415416798357,"{""source_dim"": 1}",1.7545306764608335
identity,x,8.0,20264514,5,fixed,0.05,8192,fixed_density,4.0,1,1,3.8324351586246177,5,8192,fixed_density,4.0,1,1,null,-4.1532357611040764e-05,{},3.8324766909822285
identity,x,8.0,20264514,5,fixed,0.05,8192,fixed_density,4.0,1,1,3.8324351586246177,5,8192,fixed_density,4.0,1,1,identity,3.8342892653298355,"{""projection"": [[1.0]]}",-0.001854106705217795
identity,x,8.0,20264514,5,fixed,0.05,8192,fixed_density,4.0,1,1,3.8324351586246177,5,8192,fixed_density,4.0,1,1,gain_matched,3.837297875679047,"{""gain_matrix"": [[0.9999999999999993]]}",-0.004862717054429311
identity,x,8.0,20264514,5,fixed,0.05,8192,fixed_density,4.0,1,1,3.8324351586246177,5,8192,fixed_density,4.0,1,1,variance_matched,3.81653723528624,"{""direction"": [1.0]}",0.015897923338377584
identity,x,8.0,20264514,5,fixed,0.05,8192,fixed_density,4.0,1,1,3.8324351586246177,5,8192,fixed_density,4.0,1,1,shuffled_target,-0.00012894359376344123,{},3.832564102218381
identity,x,8.0,20264514,5,fixed,0.05,8192,fixed_density,4.0,1,1,3.8324351586246177,5,8192,fixed_density,4.0,1,1,analytic_volume,2.0794415416798357,"{""source_dim"": 1}",1.752993616944782
identity,x,8.0,20264531,6,fixed,0.05,8192,fixed_density,4.0,1,1,3.8373373919180898,6,8192,fixed_density,4.0,1,1,null,-0.0001321376325601964,{},3.83746952955065
identity,x,8.0,20264531,6,fixed,0.05,8192,fixed_density,4.0,1,1,3.8373373919180898,6,8192,fixed_density,4.0,1,1,identity,3.8360189887139624,"{""projection"": [[1.0]]}",0.0013184032041273497
identity,x,8.0,20264531,6,fixed,0.05,8192,fixed_density,4.0,1,1,3.8373373919180898,6,8192,fixed_density,4.0,1,1,gain_matched,3.8419542818431074,"{""gain_matrix"": [[1.000000000000001]]}",-0.004616889925017631
identity,x,8.0,20264531,6,fixed,0.05,8192,fixed_density,4.0,1,1,3.8373373919180898,6,8192,fixed_density,4.0,1,1,variance_matched,3.835284799239503,"{""direction"": [1.0]}",0.0020525926785865956
identity,x,8.0,20264531,6,fixed,0.05,8192,fixed_density,4.0,1,1,3.8373373919180898,6,8192,fixed_density,4.0,1,1,shuffled_target,0.00016724289629048536,{},3.8371701490217993
identity,x,8.0,20264531,6,fixed,0.05,8192,fixed_density,4.0,1,1,3.8373373919180898,6,8192,fixed_density,4.0,1,1,analytic_volume,2.0794415416798357,"{""source_dim"": 1}",1.757895850238254
identity,x,8.0,20264548,7,fixed,0.05,8192,fixed_density,4.0,1,1,3.8306718644897955,7,8192,fixed_density,4.0,1,1,null,0.0002168375538699278,{},3.8304550269359257
identity,x,8.0,20264548,7,fixed,0.05,8192,fixed_density,4.0,1,1,3.8306718644897955,7,8192,fixed_density,4.0,1,1,identity,3.8341788580725313,"{""projection"": [[1.0]]}",-0.0035069935827358734
identity,x,8.0,20264548,7,fixed,0.05,8192,fixed_density,4.0,1,1,3.8306718644897955,7,8192,fixed_density,4.0,1,1,gain_matched,3.851978435793669,"{""gain_matrix"": [[0.9999999999999984]]}",-0.02130657130387359
identity,x,8.0,20264548,7,fixed,0.05,8192,fixed_density,4.0,1,1,3.8306718644897955,7,8192,fixed_density,4.0,1,1,variance_matched,3.8495554467220057,"{""direction"": [1.0]}",-0.018883582232210205
identity,x,8.0,20264548,7,fixed,0.05,8192,fixed_density,4.0,1,1,3.8306718644897955,7,8192,fixed_density,4.0,1,1,shuffled_target,-0.00013335203213848856,{},3.830805216521934
identity,x,8.0,20264548,7,fixed,0.05,8192,fixed_density,4.0,1,1,3.8306718644897955,7,8192,fixed_density,4.0,1,1,analytic_volume,2.0794415416798357,"{""source_dim"": 1}",1.7512303228099597
identity,x,8.0,20264565,8,fixed,0.05,8192,fixed_density,4.0,1,1,3.844701137544189,8,8192,fixed_density,4.0,1,1,null,-3.461571447816597e-05,{},3.8447357532586675
identity,x,8.0,20264565,8,fixed,0.05,8192,fixed_density,4.0,1,1,3.844701137544189,8,8192,fixed_density,4.0,1,1,identity,3.829695389185734,"{""projection"": [[1.0]]}",0.01500574835845514
identity,x,8.0,20264565,8,fixed,0.05,8192,fixed_density,4.0,1,1,3.844701137544189,8,8192,fixed_density,4.0,1,1,gain_matched,3.8498666135409287,"{""gain_matrix"": [[1.0000000000000042]]}",-0.005165475996739666
identity,x,8.0,20264565,8,fixed,0.05,8192,fixed_density,4.0,1,1,3.844701137544189,8,8192,fixed_density,4.0,1,1,variance_matched,3.828966659209601,"{""direction"": [1.0]}",0.015734478334588076
identity,x,8.0,20264565,8,fixed,0.05,8192,fixed_density,4.0,1,1,3.844701137544189,8,8192,fixed_density,4.0,1,1,shuffled_target,2.7345091893680372e-05,{},3.8446737924522956
identity,x,8.0,20264565,8,fixed,0.05,8192,fixed_density,4.0,1,1,3.844701137544189,8,8192,fixed_density,4.0,1,1,analytic_volume,2.0794415416798357,"{""source_dim"": 1}",1.7652595958643533
identity,x,8.0,20264582,9,fixed,0.05,8192,fixed_density,4.0,1,1,3.8273679164485936,9,8192,fixed_density,4.0,1,1,null,-7.87920374250302e-05,{},3.827446708486019
identity,x,8.0,20264582,9,fixed,0.05,8192,fixed_density,4.0,1,1,3.8273679164485936,9,8192,fixed_density,4.0,1,1,identity,3.8427015490313616,"{""projection"": [[1.0]]}",-0.015333632582767986
identity,x,8.0,20264582,9,fixed,0.05,8192,fixed_density,4.0,1,1,3.8273679164485936,9,8192,fixed_density,4.0,1,1,gain_matched,3.817802237337329,"{""gain_matrix"": [[0.9999999999999984]]}",0.009565679111264824
identity,x,8.0,20264582,9,fixed,0.05,8192,fixed_density,4.0,1,1,3.8273679164485936,9,8192,fixed_density,4.0,1,1,variance_matched,3.840760367482835,"{""direction"": [1.0]}",-0.013392451034241137
identity,x,8.0,20264582,9,fixed,0.05,8192,fixed_density,4.0,1,1,3.8273679164485936,9,8192,fixed_density,4.0,1,1,shuffled_target,-0.00013747343621083489,{},3.8275053898848044
identity,x,8.0,20264582,9,fixed,0.05,8192,fixed_density,4.0,1,1,3.8273679164485936,9,8192,fixed_density,4.0,1,1,analytic_volume,2.0794415416798357,"{""source_dim"": 1}",1.747926374768758
identity,x,12.0,20265429,0,fixed,0.05,12288,fixed_density,4.0,1,1,4.237441933593021,0,12288,fixed_density,4.0,1,1,null,-3.4845593369309705e-06,{},4.237445418152358
identity,x,12.0,20265429,0,fixed,0.05,12288,fixed_density,4.0,1,1,4.237441933593021,0,12288,fixed_density,4.0,1,1,identity,4.242217541207389,"{""projection"": [[1.0]]}",-0.004775607614368127
identity,x,12.0,20265429,0,fixed,0.05,12288,fixed_density,4.0,1,1,4.237441933593021,0,12288,fixed_density,4.0,1,1,gain_matched,4.234423723663579,"{""gain_matrix"": [[1.0000000000000013]]}",0.0030182099294417952
identity,x,12.0,20265429,0,fixed,0.05,12288,fixed_density,4.0,1,1,4.237441933593021,0,12288,fixed_density,4.0,1,1,variance_matched,4.227622926842449,"{""direction"": [1.0]}",0.009819006750571901
identity,x,12.0,20265429,0,fixed,0.05,12288,fixed_density,4.0,1,1,4.237441933593021,0,12288,fixed_density,4.0,1,1,shuffled_target,2.374966324585775e-05,{},4.237418183929775
identity,x,12.0,20265429,0,fixed,0.05,12288,fixed_density,4.0,1,1,4.237441933593021,0,12288,fixed_density,4.0,1,1,analytic_volume,2.4849066497880004,"{""source_dim"": 1}",1.7525352838050208
identity,x,12.0,20265446,1,fixed,0.05,12288,fixed_density,4.0,1,1,4.243054936700221,1,12288,fixed_density,4.0,1,1,null,-0.00010425511365394664,{},4.243159191813875
identity,x,12.0,20265446,1,fixed,0.05,12288,fixed_density,4.0,1,1,4.243054936700221,1,12288,fixed_density,4.0,1,1,identity,4.245578907927267,"{""projection"": [[1.0]]}",-0.0025239712270455072
identity,x,12.0,20265446,1,fixed,0.05,12288,fixed_density,4.0,1,1,4.243054936700221,1,12288,fixed_density,4.0,1,1,gain_matched,4.242040638926826,"{""gain_matrix"": [[0.9999999999999987]]}",0.001014297773394901
identity,x,12.0,20265446,1,fixed,0.05,12288,fixed_density,4.0,1,1,4.243054936700221,1,12288,fixed_density,4.0,1,1,variance_matched,4.241513561485124,"{""direction"": [1.0]}",0.0015413752150976734
identity,x,12.0,20265446,1,fixed,0.05,12288,fixed_density,4.0,1,1,4.243054936700221,1,12288,fixed_density,4.0,1,1,shuffled_target,0.0001384267170984242,{},4.2429165099831225
identity,x,12.0,20265446,1,fixed,0.05,12288,fixed_density,4.0,1,1,4.243054936700221,1,12288,fixed_density,4.0,1,1,analytic_volume,2.4849066497880004,"{""source_dim"": 1}",1.758148286912221
identity,x,12.0,20265463,2,fixed,0.05,12288,fixed_density,4.0,1,1,4.236255694827399,2,12288,fixed_density,4.0,1,1,null,-0.00010422620064204775,{},4.236359921028041
identity,x,12.0,20265463,2,fixed,0.05,12288,fixed_density,4.0,1,1,4.236255694827399,2,12288,fixed_density,4.0,1,1,identity,4.244042454081434,"{""projection"": [[1.0]]}",-0.007786759254035047
identity,x,12.0,20265463,2,fixed,0.05,12288,fixed_density,4.0,1,1,4.236255694827399,2,12288,fixed_density,4.0,1,1,gain_matched,4.234450207822396,"{""gain_matrix"": [[0.9999999999999959]]}",0.0018054870050034921
identity,x,12.0,20265463,2,fixed,0.05,12288,fixed_density,4.0,1,1,4.236255694827399,2,12288,fixed_density,4.0,1,1,variance_matched,4.239256385749521,"{""direction"": [1.0]}",-0.0030006909221222955
identity,x,12.0,20265463,2,fixed,0.05,12288,fixed_density,4.0,1,1,4.236255694827399,2,12288,fixed_density,4.0,1,1,shuffled_target,0.00012940664867979712,{},4.23612628817872
identity,x,12.0,20265463,2,fixed,0.05,12288,fixed_density,4.0,1,1,4.236255694827399,2,12288,fixed_density,4.0,1,1,analytic_volume,2.4849066497880004,"{""source_dim"": 1}",1.7513490450393987
identity,x,12.0,20265480,3,fixed,0.05,12288,fixed_density,4.0,1,1,4.242738136832565,3,12288,fixed_density,4.0,1,1,null,0.00015390241870251174,{},4.2425842344138625
identity,x,12.0,20265480,3,fixed,0.05,12288,fixed_density,4.0,1,1,4.242738136832565,3,12288,fixed_density,4.0,1,1,identity,4.24202025046868,"{""projection"": [[1.0]]}",0.0007178863638852562
identity,x,12.0,20265480,3,fixed,0.05,12288,fixed_density,4.0,1,1,4.242738136832565,3,12288,fixed_density,4.0,1,1,gain_matched,4.2404355969541525,"{""gain_matrix"": [[0.9999999999999982]]}",0.0023025398784124462
identity,x,12.0,20265480,3,fixed,0.05,12288,fixed_density,4.0,1,1,4.242738136832565,3,12288,fixed_density,4.0,1,1,variance_matched,4.237443219987529,"{""direction"": [1.0]}",0.00529491684503558
identity,x,12.0,20265480,3,fixed,0.05,12288,fixed_density,4.0,1,1,4.242738136832565,3,12288,fixed_density,4.0,1,1,shuffled_target,-8.935719947642501e-05,{},4.242827494032041
identity,x,12.0,20265480,3,fixed,0.05,12288,fixed_density,4.0,1,1,4.242738136832565,3,12288,fixed_density,4.0,1,1,analytic_volume,2.4849066497880004,"{""source_dim"": 1}",1.7578314870445646
identity,x,12.0,20265497,4,fixed,0.05,12288,fixed_density,4.0,1,1,4.235554262819114,4,12288,fixed_density,4.0,1,1,null,0.0001073326422913018,{},4.235446930176822
identity,x,12.0,20265497,4,fixed,0.05,12288,fixed_density,4.0,1,1,4.235554262819114,4,12288,fixed_density,4.0,1,1,identity,4.227172163930002,"{""projection"": [[1.0]]}",0.008382098889111234
identity,x,12.0,20265497,4,fixed,0.05,12288,fixed_density,4.0,1,1,4.235554262819114,4,12288,fixed_density,4.0,1,1,gain_matched,4.2331876224345635,"{""gain_matrix"": [[1.0000000000000029]]}",0.002366640384550145
identity,x,12.0,20265497,4,fixed,0.05,12288,fixed_density,4.0,1,1,4.235554262819114,4,12288,fixed_density,4.0,1,1,variance_matched,4.23322271288369,"{""direction"": [1.0]}",0.0023315499354232827
identity,x,12.0,20265497,4,fixed,0.05,12288,fixed_density,4.0,1,1,4.235554262819114,4,12288,fixed_density,4.0,1,1,shuffled_target,-7.541677439673788e-05,{},4.235629679593511
identity,x,12.0,20265497,4,fixed,0.05,12288,fixed_density,4.0,1,1,4.235554262819114,4,12288,fixed_density,4.0,1,1,analytic_volume,2.4849066497880004,"{""source_dim"": 1}",1.7506476130311133
identity,x,12.0,20265514,5,fixed,0.05,12288,fixed_density,4.0,1,1,4.23350982042359,5,12288,fixed_density,4.0,1,1,null,-9.683693901485188e-05,{},4.233606657362605
identity,x,12.0,20265514,5,fixed,0.05,12288,fixed_density,4.0,1,1,4.23350982042359,5,12288,fixed_density,4.0,1,1,identity,4.235668449228322,"{""projection"": [[1.0]]}",-0.0021586288047314994
identity,x,12.0,20265514,5,fixed,0.05,12288,fixed_density,4.0,1,1,4.23350982042359,5,12288,fixed_density,4.0,1,1,gain_matched,4.245020645344164,"{""gain_matrix"": [[1.000000000000002]]}",-0.011510824920573981
identity,x,12.0,20265514,5,fixed,0.05,12288,fixed_density,4.0,1,1,4.23350982042359,5,12288,fixed_density,4.0,1,1,variance_matched,4.239215576915907,"{""direction"": [1.0]}",-0.005705756492316638
identity,x,12.0,20265514,5,fixed,0.05,12288,fixed_density,4.0,1,1,4.23350982042359,5,12288,fixed_density,4.0,1,1,shuffled_target,-4.682138199192871e-05,{},4.233556641805582
identity,x,12.0,20265514,5,fixed,0.05,12288,fixed_density,4.0,1,1,4.23350982042359,5,12288,fixed_density,4.0,1,1,analytic_volume,2.4849066497880004,"{""source_dim"": 1}",1.7486031706355898
identity,x,12.0,20265531,6,fixed,0.05,12288,fixed_density,4.0,1,1,4.249127599254055,6,12288,fixed_density,4.0,1,1,null,0.00017915998730687232,{},4.248948439266748
identity,x,12.0,20265531,6,fixed,0.05,12288,fixed_density,4.0,1,1,4.249127599254055,6,12288,fixed_density,4.0,1,1,identity,4.243565683611068,"{""projection"": [[1.0]]}",0.005561915642987358
identity,x,12.0,20265531,6,fixed,0.05,12288,fixed_density,4.0,1,1,4.249127599254055,6,12288,fixed_density,4.0,1,1,gain_matched,4.254562981637192,"{""gain_matrix"": [[1.0000000000000024]]}",-0.005435382383137011
identity,x,12.0,20265531,6,fixed,0.05,12288,fixed_density,4.0,1,1,4.249127599254055,6,12288,fixed_density,4.0,1,1,variance_matched,4.237113591588492,"{""direction"": [1.0]}",0.012014007665563042
identity,x,12.0,20265531,6,fixed,0.05,12288,fixed_density,4.0,1,1,4.249127599254055,6,12288,fixed_density,4.0,1,1,shuffled_target,-0.00010345917969256846,{},4.249231058433748
identity,x,12.0,20265531,6,fixed,0.05,12288,fixed_density,4.0,1,1,4.249127599254055,6,12288,fixed_density,4.0,1,1,analytic_volume,2.4849066497880004,"{""source_dim"": 1}",1.7642209494660546
identity,x,12.0,20265548,7,fixed,0.05,12288,fixed_density,4.0,1,1,4.231270618163858,7,12288,fixed_density,4.0,1,1,null,5.011570215595432e-06,{},4.2312656065936425
identity,x,12.0,20265548,7,fixed,0.05,12288,fixed_density,4.0,1,1,4.231270618163858,7,12288,fixed_density,4.0,1,1,identity,4.228830896578981,"{""projection"": [[1.0]]}",0.0024397215848770415
identity,x,12.0,20265548,7,fixed,0.05,12288,fixed_density,4.0,1,1,4.231270618163858,7,12288,fixed_density,4.0,1,1,gain_matched,4.238721511045093,"{""gain_matrix"": [[1.0000000000000053]]}",-0.007450892881235127
identity,x,12.0,20265548,7,fixed,0.05,12288,fixed_density,4.0,1,1,4.231270618163858,7,12288,fixed_density,4.0,1,1,variance_matched,4.242028856073595,"{""direction"": [1.0]}",-0.010758237909736401
identity,x,12.0,20265548,7,fixed,0.05,12288,fixed_density,4.0,1,1,4.231270618163858,7,12288,fixed_density,4.0,1,1,shuffled_target,2.817174838472161e-05,{},4.231242446415473
identity,x,12.0,20265548,7,fixed,0.05,12288,fixed_density,4.0,1,1,4.231270618163858,7,12288,fixed_density,4.0,1,1,analytic_volume,2.4849066497880004,"{""source_dim"": 1}",1.7463639683758578
identity,x,12.0,20265565,8,fixed,0.05,12288,fixed_density,4.0,1,1,4.2314900372600155,8,12288,fixed_density,4.0,1,1,null,-2.352549959300259e-05,{},4.231513562759608
identity,x,12.0,20265565,8,fixed,0.05,12288,fixed_density,4.0,1,1,4.2314900372600155,8,12288,fixed_density,4.0,1,1,identity,4.237635097857825,"{""projection"": [[1.0]]}",-0.006145060597809504
identity,x,12.0,20265565,8,fixed,0.05,12288,fixed_density,4.0,1,1,4.2314900372600155,8,12288,fixed_density,4.0,1,1,gain_matched,4.236608803250023,"{""gain_matrix"": [[0.999999999999999]]}",-0.005118765990007823
identity,x,12.0,20265565,8,fixed,0.05,12288,fixed_density,4.0,1,1,4.2314900372600155,8,12288,fixed_density,4.0,1,1,variance_matched,4.2481290463069685,"{""direction"": [1.0]}",-0.016639009046953035
identity,x,12.0,20265565,8,fixed,0.05,12288,fixed_density,4.0,1,1,4.2314900372600155,8,12288,fixed_density,4.0,1,1,shuffled_target,-8.097501520694661e-05,{},4.231571012275222
identity,x,12.0,20265565,8,fixed,0.05,12288,fixed_density,4.0,1,1,4.2314900372600155,8,12288,fixed_density,4.0,1,1,analytic_volume,2.4849066497880004,"{""source_dim"": 1}",1.7465833874720151
identity,x,12.0,20265582,9,fixed,0.05,12288,fixed_density,4.0,1,1,4.245350863885982,9,12288,fixed_density,4.0,1,1,null,-4.479590181642539e-06,{},4.245355343476163
identity,x,12.0,20265582,9,fixed,0.05,12288,fixed_density,4.0,1,1,4.245350863885982,9,12288,fixed_density,4.0,1,1,identity,4.2387336831522475,"{""projection"": [[1.0]]}",0.006617180733734074
identity,x,12.0,20265582,9,fixed,0.05,12288,fixed_density,4.0,1,1,4.245350863885982,9,12288,fixed_density,4.0,1,1,gain_matched,4.245715987695927,"{""gain_matrix"": [[0.9999999999999991]]}",-0.00036512380994579985
identity,x,12.0,20265582,9,fixed,0.05,12288,fixed_density,4.0,1,1,4.245350863885982,9,12288,fixed_density,4.0,1,1,variance_matched,4.235501323413973,"{""direction"": [1.0]}",0.009849540472008478
identity,x,12.0,20265582,9,fixed,0.05,12288,fixed_density,4.0,1,1,4.245350863885982,9,12288,fixed_density,4.0,1,1,shuffled_target,0.00013254500375673502,{},4.245218318882225
identity,x,12.0,20265582,9,fixed,0.05,12288,fixed_density,4.0,1,1,4.245350863885982,9,12288,fixed_density,4.0,1,1,analytic_volume,2.4849066497880004,"{""source_dim"": 1}",1.7604442140979812
identity,x,16.0,20266429,0,fixed,0.05,16384,fixed_density,4.0,1,1,4.532586221481095,0,16384,fixed_density,4.0,1,1,null,-8.269271232910999e-05,{},4.532668914193424
identity,x,16.0,20266429,0,fixed,0.05,16384,fixed_density,4.0,1,1,4.532586221481095,0,16384,fixed_density,4.0,1,1,identity,4.522785958621228,"{""projection"": [[1.0]]}",0.009800262859867459
identity,x,16.0,20266429,0,fixed,0.05,16384,fixed_density,4.0,1,1,4.532586221481095,0,16384,fixed_density,4.0,1,1,gain_matched,4.520679008359854,"{""gain_matrix"": [[1.000000000000004]]}",0.011907213121241433
identity,x,16.0,20266429,0,fixed,0.05,16384,fixed_density,4.0,1,1,4.532586221481095,0,16384,fixed_density,4.0,1,1,variance_matched,4.5293833172302955,"{""direction"": [1.0]}",0.0032029042507994987
identity,x,16.0,20266429,0,fixed,0.05,16384,fixed_density,4.0,1,1,4.532586221481095,0,16384,fixed_density,4.0,1,1,shuffled_target,2.021101305663329e-05,{},4.532566010468038
identity,x,16.0,20266429,0,fixed,0.05,16384,fixed_density,4.0,1,1,4.532586221481095,0,16384,fixed_density,4.0,1,1,analytic_volume,2.772588722239781,"{""source_dim"": 1}",1.7599974992413139
identity,x,16.0,20266446,1,fixed,0.05,16384,fixed_density,4.0,1,1,4.53082264701489,1,16384,fixed_density,4.0,1,1,null,2.5318910960940393e-05,{},4.5307973281039295
identity,x,16.0,20266446,1,fixed,0.05,16384,fixed_density,4.0,1,1,4.53082264701489,1,16384,fixed_density,4.0,1,1,identity,4.529024834225726,"{""projection"": [[1.0]]}",0.0017978127891637996
identity,x,16.0,20266446,1,fixed,0.05,16384,fixed_density,4.0,1,1,4.53082264701489,1,16384,fixed_density,4.0,1,1,gain_matched,4.5318698459052245,"{""gain_matrix"": [[0.9999999999999928]]}",-0.0010471988903342222
identity,x,16.0,20266446,1,fixed,0.05,16384,fixed_density,4.0,1,1,4.53082264701489,1,16384,fixed_density,4.0,1,1,variance_matched,4.529467845750555,"{""direction"": [1.0]}",0.0013548012643349594
identity,x,16.0,20266446,1,fixed,0.05,16384,fixed_density,4.0,1,1,4.53082264701489,1,16384,fixed_density,4.0,1,1,shuffled_target,-2.2087911504135632e-05,{},4.5308447349263945
identity,x,16.0,20266446,1,fixed,0.05,16384,fixed_density,4.0,1,1,4.53082264701489,1,16384,fixed_density,4.0,1,1,analytic_volume,2.772588722239781,"{""source_dim"": 1}",1.758233924775109
identity,x,16.0,20266463,2,fixed,0.05,16384,fixed_density,4.0,1,1,4.514722188173426,2,16384,fixed_density,4.0,1,1,null,-3.598286928304494e-05,{},4.514758171042709
identity,x,16.0,20266463,2,fixed,0.05,16384,fixed_density,4.0,1,1,4.514722188173426,2,16384,fixed_density,4.0,1,1,identity,4.517496584057042,"{""projection"": [[1.0]]}",-0.0027743958836161653
identity,x,16.0,20266463,2,fixed,0.05,16384,fixed_density,4.0,1,1,4.514722188173426,2,16384,fixed_density,4.0,1,1,gain_matched,4.533886119584718,"{""gain_matrix"": [[1.0000000000000022]]}",-0.019163931411291912
identity,x,16.0,20266463,2,fixed,0.05,16384,fixed_density,4.0,1,1,4.514722188173426,2,16384,fixed_density,4.0,1,1,variance_matched,4.519272312782958,"{""direction"": [1.0]}",-0.004550124609531636
identity,x,16.0,20266463,2,fixed,0.05,16384,fixed_density,4.0,1,1,4.514722188173426,2,16384,fixed_density,4.0,1,1,shuffled_target,-8.911392674665301e-05,{},4.514811302100172
identity,x,16.0,20266463,2,fixed,0.05,16384,fixed_density,4.0,1,1,4.514722188173426,2,16384,fixed_density,4.0,1,1,analytic_volume,2.772588722239781,"{""source_dim"": 1}",1.742133465933645
identity,x,16.0,20266480,3,fixed,0.05,16384,fixed_density,4.0,1,1,4.518175358278727,3,16384,fixed_density,4.0,1,1,null,-1.5504285392135521e-06,{},4.518176908707266
identity,x,16.0,20266480,3,fixed,0.05,16384,fixed_density,4.0,1,1,4.518175358278727,3,16384,fixed_density,4.0,1,1,identity,4.514491335719982,"{""projection"": [[1.0]]}",0.0036840225587448927
identity,x,16.0,20266480,3,fixed,0.05,16384,fixed_density,4.0,1,1,4.518175358278727,3,16384,fixed_density,4.0,1,1,gain_matched,4.529606408257287,"{""gain_matrix"": [[1.000000000000001]]}",-0.011431049978559926
identity,x,16.0,20266480,3,fixed,0.05,16384,fixed_density,4.0,1,1,4.518175358278727,3,16384,fixed_density,4.0,1,1,variance_matched,4.518255902626125,"{""direction"": [1.0]}",-8.054434739790395e-05
identity,x,16.0,20266480,3,fixed,0.05,16384,fixed_density,4.0,1,1,4.518175358278727,3,16384,fixed_density,4.0,1,1,shuffled_target,-5.129613962765703e-06,{},4.51818048789269
identity,x,16.0,20266480,3,fixed,0.05,16384,fixed_density,4.0,1,1,4.518175358278727,3,16384,fixed_density,4.0,1,1,analytic_volume,2.772588722239781,"{""source_dim"": 1}",1.7455866360389458
identity,x,16.0,20266497,4,fixed,0.05,16384,fixed_density,4.0,1,1,4.520237630412408,4,16384,fixed_density,4.0,1,1,null,5.4049736790145656e-05,{},4.520183580675618
identity,x,16.0,20266497,4,fixed,0.05,16384,fixed_density,4.0,1,1,4.520237630412408,4,16384,fixed_density,4.0,1,1,identity,4.523920928418214,"{""projection"": [[1.0]]}",-0.0036832980058054687
identity,x,16.0,20266497,4,fixed,0.05,16384,fixed_density,4.0,1,1,4.520237630412408,4,16384,fixed_density,4.0,1,1,gain_matched,4.522290683506871,"{""gain_matrix"": [[0.9999999999999986]]}",-0.0020530530944622427
identity,x,16.0,20266497,4,fixed,0.05,16384,fixed_density,4.0,1,1,4.520237630412408,4,16384,fixed_density,4.0,1,1,variance_matched,4.526968975567112,"{""direction"": [1.0]}",-0.006731345154703305
identity,x,16.0,20266497,4,fixed,0.05,16384,fixed_density,4.0,1,1,4.520237630412408,4,16384,fixed_density,4.0,1,1,shuffled_target,-6.747935648826898e-05,{},4.520305109768897
identity,x,16.0,20266497,4,fixed,0.05,16384,fixed_density,4.0,1,1,4.520237630412408,4,16384,fixed_density,4.0,1,1,analytic_volume,2.772588722239781,"{""source_dim"": 1}",1.7476489081726272
identity,x,16.0,20266514,5,fixed,0.05,16384,fixed_density,4.0,1,1,4.527195846422538,5,16384,fixed_density,4.0,1,1,null,-4.4795056283047606e-05,{},4.527240641478821
identity,x,16.0,20266514,5,fixed,0.05,16384,fixed_density,4.0,1,1,4.527195846422538,5,16384,fixed_density,4.0,1,1,identity,4.526045681461843,"{""projection"": [[1.0]]}",0.001150164960694866
identity,x,16.0,20266514,5,fixed,0.05,16384,fixed_density,4.0,1,1,4.527195846422538,5,16384,fixed_density,4.0,1,1,gain_matched,4.520257045667432,"{""gain_matrix"": [[0.9999999999999929]]}",0.006938800755106556
identity,x,16.0,20266514,5,fixed,0.05,16384,fixed_density,4.0,1,1,4.527195846422538,5,16384,fixed_density,4.0,1,1,variance_matched,4.51228261982385,"{""direction"": [1.0]}",0.014913226598688212
identity,x,16.0,20266514,5,fixed,0.05,16384,fixed_density,4.0,1,1,4.527195846422538,5,16384,fixed_density,4.0,1,1,shuffled_target,-3.842654994958629e-06,{},4.527199689077533
identity,x,16.0,20266514,5,fixed,0.05,16384,fixed_density,4.0,1,1,4.527195846422538,5,16384,fixed_density,4.0,1,1,analytic_volume,2.772588722239781,"{""source_dim"": 1}",1.754607124182757
identity,x,16.0,20266531,6,fixed,0.05,16384,fixed_density,4.0,1,1,4.533285193934365,6,16384,fixed_density,4.0,1,1,null,-4.211247784954786e-05,{},4.533327306412215
identity,x,16.0,20266531,6,fixed,0.05,16384,fixed_density,4.0,1,1,4.533285193934365,6,16384,fixed_density,4.0,1,1,identity,4.530329134382157,"{""projection"": [[1.0]]}",0.0029560595522077904
identity,x,16.0,20266531,6,fixed,0.05,16384,fixed_density,4.0,1,1,4.533285193934365,6,16384,fixed_density,4.0,1,1,gain_matched,4.521896291807753,"{""gain_matrix"": [[0.9999999999999961]]}",0.01138890212661181
identity,x,16.0,20266531,6,fixed,0.05,16384,fixed_density,4.0,1,1,4.533285193934365,6,16384,fixed_density,4.0,1,1,variance_matched,4.5291253470184545,"{""direction"": [1.0]}",0.004159846915910315
identity,x,16.0,20266531,6,fixed,0.05,16384,fixed_density,4.0,1,1,4.533285193934365,6,16384,fixed_density,4.0,1,1,shuffled_target,9.918770539870108e-05,{},4.533186006228966
identity,x,16.0,20266531,6,fixed,0.05,16384,fixed_density,4.0,1,1,4.533285193934365,6,16384,fixed_density,4.0,1,1,analytic_volume,2.772588722239781,"{""source_dim"": 1}",1.7606964716945837
identity,x,16.0,20266548,7,fixed,0.05,16384,fixed_density,4.0,1,1,4.518334332719227,7,16384,fixed_density,4.0,1,1,null,-7.243095418772715e-05,{},4.518406763673414
identity,x,16.0,20266548,7,fixed,0.05,16384,fixed_density,4.0,1,1,4.518334332719227,7,16384,fixed_density,4.0,1,1,identity,4.533035864220006,"{""projection"": [[1.0]]}",-0.01470153150077902
identity,x,16.0,20266548,7,fixed,0.05,16384,fixed_density,4.0,1,1,4.518334332719227,7,16384,fixed_density,4.0,1,1,gain_matched,4.521516593998323,"{""gain_matrix"": [[0.999999999999999]]}",-0.0031822612790959326
identity,x,16.0,20266548,7,fixed,0.05,16384,fixed_density,4.0,1,1,4.518334332719227,7,16384,fixed_density,4.0,1,1,variance_matched,4.5258613032304345,"{""direction"": [1.0]}",-0.0075269705112077645
identity,x,16.0,20266548,7,fixed,0.05,16384,fixed_density,4.0,1,1,4.518334332719227,7,16384,fixed_density,4.0,1,1,shuffled_target,2.491120659968974e-05,{},4.518309421512627
identity,x,16.0,20266548,7,fixed,0.05,16384,fixed_density,4.0,1,1,4.518334332719227,7,16384,fixed_density,4.0,1,1,analytic_volume,2.772588722239781,"{""source_dim"": 1}",1.7457456104794455
identity,x,16.0,20266565,8,fixed,0.05,16384,fixed_density,4.0,1,1,4.526109677521216,8,16384,fixed_density,4.0,1,1,null,-2.1377903274637618e-05,{},4.52613105542449
identity,x,16.0,20266565,8,fixed,0.05,16384,fixed_density,4.0,1,1,4.526109677521216,8,16384,fixed_density,4.0,1,1,identity,4.533983346250287,"{""projection"": [[1.0]]}",-0.007873668729071248
identity,x,16.0,20266565,8,fixed,0.05,16384,fixed_density,4.0,1,1,4.526109677521216,8,16384,fixed_density,4.0,1,1,gain_matched,4.514886912068636,"{""gain_matrix"": [[0.9999999999999927]]}",0.011222765452579608
identity,x,16.0,20266565,8,fixed,0.05,16384,fixed_density,4.0,1,1,4.526109677521216,8,16384,fixed_density,4.0,1,1,variance_matched,4.53383798898769,"{""direction"": [1.0]}",-0.007728311466474125
identity,x,16.0,20266565,8,fixed,0.05,16384,fixed_density,4.0,1,1,4.526109677521216,8,16384,fixed_density,4.0,1,1,shuffled_target,3.7287105513323716e-05,{},4.5260723904157025
identity,x,16.0,20266565,8,fixed,0.05,16384,fixed_density,4.0,1,1,4.526109677521216,8,16384,fixed_density,4.0,1,1,analytic_volume,2.772588722239781,"{""source_dim"": 1}",1.7535209552814348
identity,x,16.0,20266582,9,fixed,0.05,16384,fixed_density,4.0,1,1,4.518431827477997,9,16384,fixed_density,4.0,1,1,null,-3.466691300487225e-05,{},4.518466494391002
identity,x,16.0,20266582,9,fixed,0.05,16384,fixed_density,4.0,1,1,4.518431827477997,9,16384,fixed_density,4.0,1,1,identity,4.521874980598257,"{""projection"": [[1.0]]}",-0.003443153120260334
identity,x,16.0,20266582,9,fixed,0.05,16384,fixed_density,4.0,1,1,4.518431827477997,9,16384,fixed_density,4.0,1,1,gain_matched,4.525440721516653,"{""gain_matrix"": [[0.9999999999999984]]}",-0.007008894038656344
identity,x,16.0,20266582,9,fixed,0.05,16384,fixed_density,4.0,1,1,4.518431827477997,9,16384,fixed_density,4.0,1,1,variance_matched,4.530338649105117,"{""direction"": [1.0]}",-0.011906821627119868
identity,x,16.0,20266582,9,fixed,0.05,16384,fixed_density,4.0,1,1,4.518431827477997,9,16384,fixed_density,4.0,1,1,shuffled_target,2.696344415892537e-05,{},4.518404864033838
identity,x,16.0,20266582,9,fixed,0.05,16384,fixed_density,4.0,1,1,4.518431827477997,9,16384,fixed_density,4.0,1,1,analytic_volume,2.772588722239781,"{""source_dim"": 1}",1.7458431052382157
identity,x,0.5,20260429,0,scaled_with_l,0.025,512,fixed_density,4.0,1,1,1.8012271924590466,0,512,fixed_density,4.0,1,1,null,0.0012983707562777198,{},1.799928821702769
identity,x,0.5,20260429,0,scaled_with_l,0.025,512,fixed_density,4.0,1,1,1.8012271924590466,0,512,fixed_density,4.0,1,1,identity,1.8104099024268425,"{""projection"": [[1.0]]}",-0.00918270996779591
identity,x,0.5,20260429,0,scaled_with_l,0.025,512,fixed_density,4.0,1,1,1.8012271924590466,0,512,fixed_density,4.0,1,1,gain_matched,1.7827716588913933,"{""gain_matrix"": [[0.9999999999999994]]}",0.01845553356765328
identity,x,0.5,20260429,0,scaled_with_l,0.025,512,fixed_density,4.0,1,1,1.8012271924590466,0,512,fixed_density,4.0,1,1,variance_matched,1.7820592032758973,"{""direction"": [1.0]}",0.019167989183149325
identity,x,0.5,20260429,0,scaled_with_l,0.025,512,fixed_density,4.0,1,1,1.8012271924590466,0,512,fixed_density,4.0,1,1,shuffled_target,0.004041756346418627,{},1.797185436112628
identity,x,0.5,20260429,0,scaled_with_l,0.025,512,fixed_density,4.0,1,1,1.8012271924590466,0,512,fixed_density,4.0,1,1,analytic_volume,-0.6931471805599453,"{""source_dim"": 1}",2.494374373018992
identity,x,0.5,20260446,1,scaled_with_l,0.025,512,fixed_density,4.0,1,1,1.7549250770209963,1,512,fixed_density,4.0,1,1,null,-0.0007889156090308391,{},1.7557139926300271
identity,x,0.5,20260446,1,scaled_with_l,0.025,512,fixed_density,4.0,1,1,1.7549250770209963,1,512,fixed_density,4.0,1,1,identity,1.7945154152317042,"{""projection"": [[1.0]]}",-0.0395903382107079
identity,x,0.5,20260446,1,scaled_with_l,0.025,512,fixed_density,4.0,1,1,1.7549250770209963,1,512,fixed_density,4.0,1,1,gain_matched,1.8006636806260805,"{""gain_matrix"": [[1.0000000000000013]]}",-0.045738603605084194
identity,x,0.5,20260446,1,scaled_with_l,0.025,512,fixed_density,4.0,1,1,1.7549250770209963,1,512,fixed_density,4.0,1,1,variance_matched,1.7973504151649815,"{""direction"": [1.0]}",-0.04242533814398519
identity,x,0.5,20260446,1,scaled_with_l,0.025,512,fixed_density,4.0,1,1,1.7549250770209963,1,512,fixed_density,4.0,1,1,shuffled_target,-0.002104085419069925,{},1.7570291624400662
identity,x,0.5,20260446,1,scaled_with_l,0.025,512,fixed_density,4.0,1,1,1.7549250770209963,1,512,fixed_density,4.0,1,1,analytic_volume,-0.6931471805599453,"{""source_dim"": 1}",2.4480722575809417
identity,x,0.5,20260463,2,scaled_with_l,0.025,512,fixed_density,4.0,1,1,1.7580396692487565,2,512,fixed_density,4.0,1,1,null,-0.000546493163206404,{},1.758586162411963
identity,x,0.5,20260463,2,scaled_with_l,0.025,512,fixed_density,4.0,1,1,1.7580396692487565,2,512,fixed_density,4.0,1,1,identity,1.7594635733056843,"{""projection"": [[1.0]]}",-0.0014239040569277162
identity,x,0.5,20260463,2,scaled_with_l,0.025,512,fixed_density,4.0,1,1,1.7580396692487565,2,512,fixed_density,4.0,1,1,gain_matched,1.762429501562069,"{""gain_matrix"": [[1.0000000000000016]]}",-0.0043898323133124695
identity,x,0.5,20260463,2,scaled_with_l,0.025,512,fixed_density,4.0,1,1,1.7580396692487565,2,512,fixed_density,4.0,1,1,variance_matched,1.8038486998709977,"{""direction"": [1.0]}",-0.045809030622241176
identity,x,0.5,20260463,2,scaled_with_l,0.025,512,fixed_density,4.0,1,1,1.7580396692487565,2,512,fixed_density,4.0,1,1,shuffled_target,-0.0011592039263720374,{},1.7591988731751287
identity,x,0.5,20260463,2,scaled_with_l,0.025,512,fixed_density,4.0,1,1,1.7580396692487565,2,512,fixed_density,4.0,1,1,analytic_volume,-0.6931471805599453,"{""source_dim"": 1}",2.451186849808702
identity,x,0.5,20260480,3,scaled_with_l,0.025,512,fixed_density,4.0,1,1,1.716905175898039,3,512,fixed_density,4.0,1,1,null,-0.000325938639046302,{},1.7172311145370853
identity,x,0.5,20260480,3,scaled_with_l,0.025,512,fixed_density,4.0,1,1,1.716905175898039,3,512,fixed_density,4.0,1,1,identity,1.6697347683416743,"{""projection"": [[1.0]]}",0.04717040755636459
identity,x,0.5,20260480,3,scaled_with_l,0.025,512,fixed_density,4.0,1,1,1.716905175898039,3,512,fixed_density,4.0,1,1,gain_matched,1.7499827441141744,"{""gain_matrix"": [[1.0000000000000002]]}",-0.0330775682161355
identity,x,0.5,20260480,3,scaled_with_l,0.025,512,fixed_density,4.0,1,1,1.716905175898039,3,512,fixed_density,4.0,1,1,variance_matched,1.7234493378195712,"{""direction"": [1.0]}",-0.006544161921532288
identity,x,0.5,20260480,3,scaled_with_l,0.025,512,fixed_density,4.0,1,1,1.716905175898039,3,512,fixed_density,4.0,1,1,shuffled_target,0.004905593140572979,{},1.7119995827574659
identity,x,0.5,20260480,3,scaled_with_l,0.025,512,fixed_density,4.0,1,1,1.716905175898039,3,512,fixed_density,4.0,1,1,analytic_volume,-0.6931471805599453,"{""source_dim"": 1}",2.4100523564579843
identity,x,0.5,20260497,4,scaled_with_l,0.025,512,fixed_density,4.0,1,1,1.8048142359780683,4,512,fixed_density,4.0,1,1,null,-0.0008385647589122624,{},1.8056528007369805
identity,x,0.5,20260497,4,scaled_with_l,0.025,512,fixed_density,4.0,1,1,1.8048142359780683,4,512,fixed_density,4.0,1,1,identity,1.8044982575713728,"{""projection"": [[1.0]]}",0.00031597840669550514
identity,x,0.5,20260497,4,scaled_with_l,0.025,512,fixed_density,4.0,1,1,1.8048142359780683,4,512,fixed_density,4.0,1,1,gain_matched,1.7832045002240562,"{""gain_matrix"": [[0.9999999999999998]]}",0.02160973575401215
identity,x,0.5,20260497,4,scaled_with_l,0.025,512,fixed_density,4.0,1,1,1.8048142359780683,4,512,fixed_density,4.0,1,1,variance_matched,1.7607253297028094,"{""direction"": [1.0]}",0.044088906275258966
identity,x,0.5,20260497,4,scaled_with_l,0.025,512,fixed_density,4.0,1,1,1.8048142359780683,4,512,fixed_density,4.0,1,1,shuffled_target,0.0014517864977902192,{},1.803362449480278
identity,x,0.5,20260497,4,scaled_with_l,0.025,512,fixed_density,4.0,1,1,1.8048142359780683,4,512,fixed_density,4.0,1,1,analytic_volume,-0.6931471805599453,"{""source_dim"": 1}",2.4979614165380135
identity,x,0.5,20260514,5,scaled_with_l,0.025,512,fixed_density,4.0,1,1,1.7340708386910437,5,512,fixed_density,4.0,1,1,null,0.00042110813896062025,{},1.733649730552083
identity,x,0.5,20260514,5,scaled_with_l,0.025,512,fixed_density,4.0,1,1,1.7340708386910437,5,512,fixed_density,4.0,1,1,identity,1.7128916932517617,"{""projection"": [[1.0]]}",0.02117914543928201
identity,x,0.5,20260514,5,scaled_with_l,0.025,512,fixed_density,4.0,1,1,1.7340708386910437,5,512,fixed_density,4.0,1,1,gain_matched,1.7681456695614157,"{""gain_matrix"": [[1.0000000000000007]]}",-0.034074830870372
identity,x,0.5,20260514,5,scaled_with_l,0.025,512,fixed_density,4.0,1,1,1.7340708386910437,5,512,fixed_density,4.0,1,1,variance_matched,1.7236882981760222,"{""direction"": [1.0]}",0.010382540515021521
identity,x,0.5,20260514,5,scaled_with_l,0.025,512,fixed_density,4.0,1,1,1.7340708386910437,5,512,fixed_density,4.0,1,1,shuffled_target,-0.0006677374183174409,{},1.7347385761093612
identity,x,0.5,20260514,5,scaled_with_l,0.025,512,fixed_density,4.0,1,1,1.7340708386910437,5,512,fixed_density,4.0,1,1,analytic_volume,-0.6931471805599453,"{""source_dim"": 1}",2.427218019250989
identity,x,0.5,20260531,6,scaled_with_l,0.025,512,fixed_density,4.0,1,1,1.7827233213858085,6,512,fixed_density,4.0,1,1,null,0.0009285205550015069,{},1.7817948008308069
identity,x,0.5,20260531,6,scaled_with_l,0.025,512,fixed_density,4.0,1,1,1.7827233213858085,6,512,fixed_density,4.0,1,1,identity,1.8209084363623358,"{""projection"": [[1.0]]}",-0.03818511497652732
identity,x,0.5,20260531,6,scaled_with_l,0.025,512,fixed_density,4.0,1,1,1.7827233213858085,6,512,fixed_density,4.0,1,1,gain_matched,1.7855806153884126,"{""gain_matrix"": [[1.0000000000000007]]}",-0.0028572940026041493
identity,x,0.5,20260531,6,scaled_with_l,0.025,512,fixed_density,4.0,1,1,1.7827233213858085,6,512,fixed_density,4.0,1,1,variance_matched,1.7640310029263262,"{""direction"": [1.0]}",0.01869231845948227
identity,x,0.5,20260531,6,scaled_with_l,0.025,512,fixed_density,4.0,1,1,1.7827233213858085,6,512,fixed_density,4.0,1,1,shuffled_target,-0.0021911107313606635,{},1.784914432117169
identity,x,0.5,20260531,6,scaled_with_l,0.025,512,fixed_density,4.0,1,1,1.7827233213858085,6,512,fixed_density,4.0,1,1,analytic_volume,-0.6931471805599453,"{""source_dim"": 1}",2.475870501945754
identity,x,0.5,20260548,7,scaled_with_l,0.025,512,fixed_density,4.0,1,1,1.7634629723066437,7,512,fixed_density,4.0,1,1,null,-0.0007263683147502161,{},1.764189340621394
identity,x,0.5,20260548,7,scaled_with_l,0.025,512,fixed_density,4.0,1,1,1.7634629723066437,7,512,fixed_density,4.0,1,1,identity,1.745757415618974,"{""projection"": [[1.0]]}",0.01770555668766982
identity,x,0.5,20260548,7,scaled_with_l,0.025,512,fixed_density,4.0,1,1,1.7634629723066437,7,512,fixed_density,4.0,1,1,gain_matched,1.7958748748823359,"{""gain_matrix"": [[1.0000000000000002]]}",-0.03241190257569215
identity,x,0.5,20260548,7,scaled_with_l,0.025,512,fixed_density,4.0,1,1,1.7634629723066437,7,512,fixed_density,4.0,1,1,variance_matched,1.7644547743250936,"{""direction"": [1.0]}",-0.0009918020184498388
identity,x,0.5,20260548,7,scaled_with_l,0.025,512,fixed_density,4.0,1,1,1.7634629723066437,7,512,fixed_density,4.0,1,1,shuffled_target,0.0033261391361403265,{},1.7601368331705034
identity,x,0.5,20260548,7,scaled_with_l,0.025,512,fixed_density,4.0,1,1,1.7634629723066437,7,512,fixed_density,4.0,1,1,analytic_volume,-0.6931471805599453,"{""source_dim"": 1}",2.456610152866589
identity,x,0.5,20260565,8,scaled_with_l,0.025,512,fixed_density,4.0,1,1,1.7686118452243451,8,512,fixed_density,4.0,1,1,null,-0.00261236051659102,{},1.7712242057409362
identity,x,0.5,20260565,8,scaled_with_l,0.025,512,fixed_density,4.0,1,1,1.7686118452243451,8,512,fixed_density,4.0,1,1,identity,1.7179523717610807,"{""projection"": [[1.0]]}",0.05065947346326438
identity,x,0.5,20260565,8,scaled_with_l,0.025,512,fixed_density,4.0,1,1,1.7686118452243451,8,512,fixed_density,4.0,1,1,gain_matched,1.761267273362434,"{""gain_matrix"": [[0.9999999999999993]]}",0.0073445718619111755
identity,x,0.5,20260565,8,scaled_with_l,0.025,512,fixed_density,4.0,1,1,1.7686118452243451,8,512,fixed_density,4.0,1,1,variance_matched,1.8090998028392749,"{""direction"": [1.0]}",-0.04048795761492974
identity,x,0.5,20260565,8,scaled_with_l,0.025,512,fixed_density,4.0,1,1,1.7686118452243451,8,512,fixed_density,4.0,1,1,shuffled_target,-0.0021601256353392757,{},1.7707719708596843
identity,x,0.5,20260565,8,scaled_with_l,0.025,512,fixed_density,4.0,1,1,1.7686118452243451,8,512,fixed_density,4.0,1,1,analytic_volume,-0.6931471805599453,"{""source_dim"": 1}",2.4617590257842905
identity,x,0.5,20260582,9,scaled_with_l,0.025,512,fixed_density,4.0,1,1,1.7954480716843522,9,512,fixed_density,4.0,1,1,null,-0.0028527200232321614,{},1.7983007917075844
identity,x,0.5,20260582,9,scaled_with_l,0.025,512,fixed_density,4.0,1,1,1.7954480716843522,9,512,fixed_density,4.0,1,1,identity,1.726722974394355,"{""projection"": [[1.0]]}",0.0687250972899971
identity,x,0.5,20260582,9,scaled_with_l,0.025,512,fixed_density,4.0,1,1,1.7954480716843522,9,512,fixed_density,4.0,1,1,gain_matched,1.784578922696879,"{""gain_matrix"": [[1.0000000000000009]]}",0.010869148987473265
identity,x,0.5,20260582,9,scaled_with_l,0.025,512,fixed_density,4.0,1,1,1.7954480716843522,9,512,fixed_density,4.0,1,1,variance_matched,1.794068701918646,"{""direction"": [1.0]}",0.0013793697657060733
identity,x,0.5,20260582,9,scaled_with_l,0.025,512,fixed_density,4.0,1,1,1.7954480716843522,9,512,fixed_density,4.0,1,1,shuffled_target,0.003611791018440687,{},1.7918362806659114
identity,x,0.5,20260582,9,scaled_with_l,0.025,512,fixed_density,4.0,1,1,1.7954480716843522,9,512,fixed_density,4.0,1,1,analytic_volume,-0.6931471805599453,"{""source_dim"": 1}",2.4885952522442976
identity,x,1.0,20261429,0,scaled_with_l,0.05,1024,fixed_density,4.0,1,1,1.7478727060014247,0,1024,fixed_density,4.0,1,1,null,0.0021402358009857915,{},1.7457324702004389
identity,x,1.0,20261429,0,scaled_with_l,0.05,1024,fixed_density,4.0,1,1,1.7478727060014247,0,1024,fixed_density,4.0,1,1,identity,1.7639106516984857,"{""projection"": [[1.0]]}",-0.016037945697060962
identity,x,1.0,20261429,0,scaled_with_l,0.05,1024,fixed_density,4.0,1,1,1.7478727060014247,0,1024,fixed_density,4.0,1,1,gain_matched,1.7695389684151857,"{""gain_matrix"": [[0.9999999999999999]]}",-0.021666262413760906
identity,x,1.0,20261429,0,scaled_with_l,0.05,1024,fixed_density,4.0,1,1,1.7478727060014247,0,1024,fixed_density,4.0,1,1,variance_matched,1.7527614055137128,"{""direction"": [1.0]}",-0.004888699512288097
identity,x,1.0,20261429,0,scaled_with_l,0.05,1024,fixed_density,4.0,1,1,1.7478727060014247,0,1024,fixed_density,4.0,1,1,shuffled_target,0.0010379724180156374,{},1.7468347335834091
identity,x,1.0,20261429,0,scaled_with_l,0.05,1024,fixed_density,4.0,1,1,1.7478727060014247,0,1024,fixed_density,4.0,1,1,analytic_volume,0.0,"{""source_dim"": 1}",1.7478727060014247
identity,x,1.0,20261446,1,scaled_with_l,0.05,1024,fixed_density,4.0,1,1,1.7609919839311319,1,1024,fixed_density,4.0,1,1,null,0.0005945480794564127,{},1.7603974358516754
identity,x,1.0,20261446,1,scaled_with_l,0.05,1024,fixed_density,4.0,1,1,1.7609919839311319,1,1024,fixed_density,4.0,1,1,identity,1.7930947565545852,"{""projection"": [[1.0]]}",-0.03210277262345329
identity,x,1.0,20261446,1,scaled_with_l,0.05,1024,fixed_density,4.0,1,1,1.7609919839311319,1,1024,fixed_density,4.0,1,1,gain_matched,1.7592391081728274,"{""gain_matrix"": [[1.000000000000002]]}",0.0017528757583045174
identity,x,1.0,20261446,1,scaled_with_l,0.05,1024,fixed_density,4.0,1,1,1.7609919839311319,1,1024,fixed_density,4.0,1,1,variance_matched,1.778342072657772,"{""direction"": [1.0]}",-0.017350088726640234
identity,x,1.0,20261446,1,scaled_with_l,0.05,1024,fixed_density,4.0,1,1,1.7609919839311319,1,1024,fixed_density,4.0,1,1,shuffled_target,-0.001279323660500029,{},1.7622713075916319
identity,x,1.0,20261446,1,scaled_with_l,0.05,1024,fixed_density,4.0,1,1,1.7609919839311319,1,1024,fixed_density,4.0,1,1,analytic_volume,0.0,"{""source_dim"": 1}",1.7609919839311319
identity,x,1.0,20261463,2,scaled_with_l,0.05,1024,fixed_density,4.0,1,1,1.7769529453297017,2,1024,fixed_density,4.0,1,1,null,-0.0013640470231256246,{},1.7783169923528273
identity,x,1.0,20261463,2,scaled_with_l,0.05,1024,fixed_density,4.0,1,1,1.7769529453297017,2,1024,fixed_density,4.0,1,1,identity,1.7788595774556002,"{""projection"": [[1.0]]}",-0.0019066321258984775
identity,x,1.0,20261463,2,scaled_with_l,0.05,1024,fixed_density,4.0,1,1,1.7769529453297017,2,1024,fixed_density,4.0,1,1,gain_matched,1.7508203774566182,"{""gain_matrix"": [[0.9999999999999984]]}",0.02613256787308349
identity,x,1.0,20261463,2,scaled_with_l,0.05,1024,fixed_density,4.0,1,1,1.7769529453297017,2,1024,fixed_density,4.0,1,1,variance_matched,1.7477585694786644,"{""direction"": [1.0]}",0.029194375851037346
identity,x,1.0,20261463,2,scaled_with_l,0.05,1024,fixed_density,4.0,1,1,1.7769529453297017,2,1024,fixed_density,4.0,1,1,shuffled_target,0.000623691133633766,{},1.776329254196068
identity,x,1.0,20261463,2,scaled_with_l,0.05,1024,fixed_density,4.0,1,1,1.7769529453297017,2,1024,fixed_density,4.0,1,1,analytic_volume,0.0,"{""source_dim"": 1}",1.7769529453297017
identity,x,1.0,20261480,3,scaled_with_l,0.05,1024,fixed_density,4.0,1,1,1.7906150864189585,3,1024,fixed_density,4.0,1,1,null,0.004143700184758955,{},1.7864713862341997
identity,x,1.0,20261480,3,scaled_with_l,0.05,1024,fixed_density,4.0,1,1,1.7906150864189585,3,1024,fixed_density,4.0,1,1,identity,1.8191250988502172,"{""projection"": [[1.0]]}",-0.028510012431258724
identity,x,1.0,20261480,3,scaled_with_l,0.05,1024,fixed_density,4.0,1,1,1.7906150864189585,3,1024,fixed_density,4.0,1,1,gain_matched,1.8053412948432643,"{""gain_matrix"": [[1.0000000000000016]]}",-0.014726208424305831
identity,x,1.0,20261480,3,scaled_with_l,0.05,1024,fixed_density,4.0,1,1,1.7906150864189585,3,1024,fixed_density,4.0,1,1,variance_matched,1.7615839085320362,"{""direction"": [1.0]}",0.029031177886922332
identity,x,1.0,20261480,3,scaled_with_l,0.05,1024,fixed_density,4.0,1,1,1.7906150864189585,3,1024,fixed_density,4.0,1,1,shuffled_target,-0.001342971023941956,{},1.7919580574429004
identity,x,1.0,20261480,3,scaled_with_l,0.05,1024,fixed_density,4.0,1,1,1.7906150864189585,3,1024,fixed_density,4.0,1,1,analytic_volume,0.0,"{""source_dim"": 1}",1.7906150864189585
identity,x,1.0,20261497,4,scaled_with_l,0.05,1024,fixed_density,4.0,1,1,1.760439101855368,4,1024,fixed_density,4.0,1,1,null,-0.00022706374942020602,{},1.7606661656047882
identity,x,1.0,20261497,4,scaled_with_l,0.05,1024,fixed_density,4.0,1,1,1.760439101855368,4,1024,fixed_density,4.0,1,1,identity,1.7471514749658028,"{""projection"": [[1.0]]}",0.013287626889565196
identity,x,1.0,20261497,4,scaled_with_l,0.05,1024,fixed_density,4.0,1,1,1.760439101855368,4,1024,fixed_density,4.0,1,1,gain_matched,1.7569801571867267,"{""gain_matrix"": [[0.9999999999999997]]}",0.003458944668641273
identity,x,1.0,20261497,4,scaled_with_l,0.05,1024,fixed_density,4.0,1,1,1.760439101855368,4,1024,fixed_density,4.0,1,1,variance_matched,1.7543974747499966,"{""direction"": [1.0]}",0.006041627105371372
identity,x,1.0,20261497,4,scaled_with_l,0.05,1024,fixed_density,4.0,1,1,1.760439101855368,4,1024,fixed_density,4.0,1,1,shuffled_target,0.0028625592122471983,{},1.757576542643121
identity,x,1.0,20261497,4,scaled_with_l,0.05,1024,fixed_density,4.0,1,1,1.760439101855368,4,1024,fixed_density,4.0,1,1,analytic_volume,0.0,"{""source_dim"": 1}",1.760439101855368
identity,x,1.0,20261514,5,scaled_with_l,0.05,1024,fixed_density,4.0,1,1,1.7773667525498285,5,1024,fixed_density,4.0,1,1,null,-0.0012608923307084153,{},1.778627644880537
identity,x,1.0,20261514,5,scaled_with_l,0.05,1024,fixed_density,4.0,1,1,1.7773667525498285,5,1024,fixed_density,4.0,1,1,identity,1.7270014345864142,"{""projection"": [[1.0]]}",0.05036531796341426
identity,x,1.0,20261514,5,scaled_with_l,0.05,1024,fixed_density,4.0,1,1,1.7773667525498285,5,1024,fixed_density,4.0,1,1,gain_matched,1.8022617994584493,"{""gain_matrix"": [[1.0]]}",-0.024895046908620877
identity,x,1.0,20261514,5,scaled_with_l,0.05,1024,fixed_density,4.0,1,1,1.7773667525498285,5,1024,fixed_density,4.0,1,1,variance_matched,1.7717352966040183,"{""direction"": [1.0]}",0.00563145594581016
identity,x,1.0,20261514,5,scaled_with_l,0.05,1024,fixed_density,4.0,1,1,1.7773667525498285,5,1024,fixed_density,4.0,1,1,shuffled_target,-0.0010943920541597414,{},1.7784611446039882
identity,x,1.0,20261514,5,scaled_with_l,0.05,1024,fixed_density,4.0,1,1,1.7773667525498285,5,1024,fixed_density,4.0,1,1,analytic_volume,0.0,"{""source_dim"": 1}",1.7773667525498285
identity,x,1.0,20261531,6,scaled_with_l,0.05,1024,fixed_density,4.0,1,1,1.7771058707934408,6,1024,fixed_density,4.0,1,1,null,0.003052291719399556,{},1.7740535790740413
identity,x,1.0,20261531,6,scaled_with_l,0.05,1024,fixed_density,4.0,1,1,1.7771058707934408,6,1024,fixed_density,4.0,1,1,identity,1.7540394847064924,"{""projection"": [[1.0]]}",0.023066386086948443
identity,x,1.0,20261531,6,scaled_with_l,0.05,1024,fixed_density,4.0,1,1,1.7771058707934408,6,1024,fixed_density,4.0,1,1,gain_matched,1.7337307260215313,"{""gain_matrix"": [[0.9999999999999996]]}",0.04337514477190951
identity,x,1.0,20261531,6,scaled_with_l,0.05,1024,fixed_density,4.0,1,1,1.7771058707934408,6,1024,fixed_density,4.0,1,1,variance_matched,1.7676255280155582,"{""direction"": [1.0]}",0.009480342777882678
identity,x,1.0,20261531,6,scaled_with_l,0.05,1024,fixed_density,4.0,1,1,1.7771058707934408,6,1024,fixed_density,4.0,1,1,shuffled_target,0.000209963893985745,{},1.7768959068994552
identity,x,1.0,20261531,6,scaled_with_l,0.05,1024,fixed_density,4.0,1,1,1.7771058707934408,6,1024,fixed_density,4.0,1,1,analytic_volume,0.0,"{""source_dim"": 1}",1.7771058707934408
identity,x,1.0,20261548,7,scaled_with_l,0.05,1024,fixed_density,4.0,1,1,1.8017666368557121,7,1024,fixed_density,4.0,1,1,null,-0.0002000727599571839,{},1.8019667096156693
identity,x,1.0,20261548,7,scaled_with_l,0.05,1024,fixed_density,4.0,1,1,1.8017666368557121,7,1024,fixed_density,4.0,1,1,identity,1.7347510320232244,"{""projection"": [[1.0]]}",0.0670156048324877
identity,x,1.0,20261548,7,scaled_with_l,0.05,1024,fixed_density,4.0,1,1,1.8017666368557121,7,1024,fixed_density,4.0,1,1,gain_matched,1.7772863309994964,"{""gain_matrix"": [[0.9999999999999989]]}",0.024480305856215745
identity,x,1.0,20261548,7,scaled_with_l,0.05,1024,fixed_density,4.0,1,1,1.8017666368557121,7,1024,fixed_density,4.0,1,1,variance_matched,1.8058761702562987,"{""direction"": [1.0]}",-0.004109533400586507
identity,x,1.0,20261548,7,scaled_with_l,0.05,1024,fixed_density,4.0,1,1,1.8017666368557121,7,1024,fixed_density,4.0,1,1,shuffled_target,-0.0007489798639894006,{},1.8025156167197016
identity,x,1.0,20261548,7,scaled_with_l,0.05,1024,fixed_density,4.0,1,1,1.8017666368557121,7,1024,fixed_density,4.0,1,1,analytic_volume,0.0,"{""source_dim"": 1}",1.8017666368557121
identity,x,1.0,20261565,8,scaled_with_l,0.05,1024,fixed_density,4.0,1,1,1.7901260528536775,8,1024,fixed_density,4.0,1,1,null,-0.0014409232123975611,{},1.791566976066075
identity,x,1.0,20261565,8,scaled_with_l,0.05,1024,fixed_density,4.0,1,1,1.7901260528536775,8,1024,fixed_density,4.0,1,1,identity,1.7542516818393188,"{""projection"": [[1.0]]}",0.03587437101435875
identity,x,1.0,20261565,8,scaled_with_l,0.05,1024,fixed_density,4.0,1,1,1.7901260528536775,8,1024,fixed_density,4.0,1,1,gain_matched,1.8142241434050272,"{""gain_matrix"": [[1.0000000000000009]]}",-0.024098090551349705
identity,x,1.0,20261565,8,scaled_with_l,0.05,1024,fixed_density,4.0,1,1,1.7901260528536775,8,1024,fixed_density,4.0,1,1,variance_matched,1.800862392757245,"{""direction"": [1.0]}",-0.010736339903567371
identity,x,1.0,20261565,8,scaled_with_l,0.05,1024,fixed_density,4.0,1,1,1.7901260528536775,8,1024,fixed_density,4.0,1,1,shuffled_target,0.0008043651041532345,{},1.7893216877495244
identity,x,1.0,20261565,8,scaled_with_l,0.05,1024,fixed_density,4.0,1,1,1.7901260528536775,8,1024,fixed_density,4.0,1,1,analytic_volume,0.0,"{""source_dim"": 1}",1.7901260528536775
identity,x,1.0,20261582,9,scaled_with_l,0.05,1024,fixed_density,4.0,1,1,1.8027452201536591,9,1024,fixed_density,4.0,1,1,null,-0.0005433492492272164,{},1.8032885694028864
identity,x,1.0,20261582,9,scaled_with_l,0.05,1024,fixed_density,4.0,1,1,1.8027452201536591,9,1024,fixed_density,4.0,1,1,identity,1.7913386337425947,"{""projection"": [[1.0]]}",0.011406586411064401
identity,x,1.0,20261582,9,scaled_with_l,0.05,1024,fixed_density,4.0,1,1,1.8027452201536591,9,1024,fixed_density,4.0,1,1,gain_matched,1.8034281772744205,"{""gain_matrix"": [[0.9999999999999978]]}",-0.0006829571207613849
identity,x,1.0,20261582,9,scaled_with_l,0.05,1024,fixed_density,4.0,1,1,1.8027452201536591,9,1024,fixed_density,4.0,1,1,variance_matched,1.7483375112566166,"{""direction"": [1.0]}",0.054407708897042495
identity,x,1.0,20261582,9,scaled_with_l,0.05,1024,fixed_density,4.0,1,1,1.8027452201536591,9,1024,fixed_density,4.0,1,1,shuffled_target,8.86836368499237e-05,{},1.8026565365168092
identity,x,1.0,20261582,9,scaled_with_l,0.05,1024,fixed_density,4.0,1,1,1.8027452201536591,9,1024,fixed_density,4.0,1,1,analytic_volume,0.0,"{""source_dim"": 1}",1.8027452201536591
identity,x,2.0,20262429,0,scaled_with_l,0.1,2048,fixed_density,4.0,1,1,1.7578127029369104,0,2048,fixed_density,4.0,1,1,null,-0.0004820336192006157,{},1.758294736556111
identity,x,2.0,20262429,0,scaled_with_l,0.1,2048,fixed_density,4.0,1,1,1.7578127029369104,0,2048,fixed_density,4.0,1,1,identity,1.7387566490460427,"{""projection"": [[1.0]]}",0.01905605389086773
identity,x,2.0,20262429,0,scaled_with_l,0.1,2048,fixed_density,4.0,1,1,1.7578127029369104,0,2048,fixed_density,4.0,1,1,gain_matched,1.7568683973547885,"{""gain_matrix"": [[1.0000000000000004]]}",0.0009443055821218849
identity,x,2.0,20262429,0,scaled_with_l,0.1,2048,fixed_density,4.0,1,1,1.7578127029369104,0,2048,fixed_density,4.0,1,1,variance_matched,1.7587452080518855,"{""direction"": [1.0]}",-0.0009325051149751129
identity,x,2.0,20262429,0,scaled_with_l,0.1,2048,fixed_density,4.0,1,1,1.7578127029369104,0,2048,fixed_density,4.0,1,1,shuffled_target,0.0006065525673198888,{},1.7572061503695906
identity,x,2.0,20262429,0,scaled_with_l,0.1,2048,fixed_density,4.0,1,1,1.7578127029369104,0,2048,fixed_density,4.0,1,1,analytic_volume,0.6931471805599453,"{""source_dim"": 1}",1.064665522376965
identity,x,2.0,20262446,1,scaled_with_l,0.1,2048,fixed_density,4.0,1,1,1.778627972010571,1,2048,fixed_density,4.0,1,1,null,-0.0005499442675124771,{},1.7791779162780836
identity,x,2.0,20262446,1,scaled_with_l,0.1,2048,fixed_density,4.0,1,1,1.778627972010571,1,2048,fixed_density,4.0,1,1,identity,1.775118693749632,"{""projection"": [[1.0]]}",0.0035092782609391637
identity,x,2.0,20262446,1,scaled_with_l,0.1,2048,fixed_density,4.0,1,1,1.778627972010571,1,2048,fixed_density,4.0,1,1,gain_matched,1.7706257747140035,"{""gain_matrix"": [[0.9999999999999998]]}",0.008002197296567592
identity,x,2.0,20262446,1,scaled_with_l,0.1,2048,fixed_density,4.0,1,1,1.778627972010571,1,2048,fixed_density,4.0,1,1,variance_matched,1.762847046148635,"{""direction"": [1.0]}",0.015780925861936135
identity,x,2.0,20262446,1,scaled_with_l,0.1,2048,fixed_density,4.0,1,1,1.778627972010571,1,2048,fixed_density,4.0,1,1,shuffled_target,0.0003265341473897135,{},1.7783014378631814
identity,x,2.0,20262446,1,scaled_with_l,0.1,2048,fixed_density,4.0,1,1,1.778627972010571,1,2048,fixed_density,4.0,1,1,analytic_volume,0.6931471805599453,"{""source_dim"": 1}",1.085480791450626
identity,x,2.0,20262463,2,scaled_with_l,0.1,2048,fixed_density,4.0,1,1,1.7631269149204618,2,2048,fixed_density,4.0,1,1,null,-0.0003091493546449485,{},1.7634360642751068
identity,x,2.0,20262463,2,scaled_with_l,0.1,2048,fixed_density,4.0,1,1,1.7631269149204618,2,2048,fixed_density,4.0,1,1,identity,1.771542413043913,"{""projection"": [[1.0]]}",-0.008415498123451215
identity,x,2.0,20262463,2,scaled_with_l,0.1,2048,fixed_density,4.0,1,1,1.7631269149204618,2,2048,fixed_density,4.0,1,1,gain_matched,1.7605628279899705,"{""gain_matrix"": [[0.9999999999999978]]}",0.0025640869304912606
identity,x,2.0,20262463,2,scaled_with_l,0.1,2048,fixed_density,4.0,1,1,1.7631269149204618,2,2048,fixed_density,4.0,1,1,variance_matched,1.7813908684896687,"{""direction"": [1.0]}",-0.018263953569206848
identity,x,2.0,20262463,2,scaled_with_l,0.1,2048,fixed_density,4.0,1,1,1.7631269149204618,2,2048,fixed_density,4.0,1,1,shuffled_target,0.0006453794151947522,{},1.762481535505267
identity,x,2.0,20262463,2,scaled_with_l,0.1,2048,fixed_density,4.0,1,1,1.7631269149204618,2,2048,fixed_density,4.0,1,1,analytic_volume,0.6931471805599453,"{""source_dim"": 1}",1.0699797343605164
identity,x,2.0,20262480,3,scaled_with_l,0.1,2048,fixed_density,4.0,1,1,1.7659685542205268,3,2048,fixed_density,4.0,1,1,null,0.0017231258072967956,{},1.76424542841323
identity,x,2.0,20262480,3,scaled_with_l,0.1,2048,fixed_density,4.0,1,1,1.7659685542205268,3,2048,fixed_density,4.0,1,1,identity,1.7601462672183419,"{""projection"": [[1.0]]}",0.0058222870021849005
identity,x,2.0,20262480,3,scaled_with_l,0.1,2048,fixed_density,4.0,1,1,1.7659685542205268,3,2048,fixed_density,4.0,1,1,gain_matched,1.7858144770159718,"{""gain_matrix"": [[1.0000000000000009]]}",-0.01984592279544506
identity,x,2.0,20262480,3,scaled_with_l,0.1,2048,fixed_density,4.0,1,1,1.7659685542205268,3,2048,fixed_density,4.0,1,1,variance_matched,1.768031613627293,"{""direction"": [1.0]}",-0.002063059406766321
identity,x,2.0,20262480,3,scaled_with_l,0.1,2048,fixed_density,4.0,1,1,1.7659685542205268,3,2048,fixed_density,4.0,1,1,shuffled_target,-0.0002295856419509179,{},1.7661981398624778
identity,x,2.0,20262480,3,scaled_with_l,0.1,2048,fixed_density,4.0,1,1,1.7659685542205268,3,2048,fixed_density,4.0,1,1,analytic_volume,0.6931471805599453,"{""source_dim"": 1}",1.0728213736605814
identity,x,2.0,20262497,4,scaled_with_l,0.1,2048,fixed_density,4.0,1,1,1.7773029076057452,4,2048,fixed_density,4.0,1,1,null,0.0015604533023126043,{},1.7757424543034326
identity,x,2.0,20262497,4,scaled_with_l,0.1,2048,fixed_density,4.0,1,1,1.7773029076057452,4,2048,fixed_density,4.0,1,1,identity,1.7678166534869773,"{""projection"": [[1.0]]}",0.009486254118767912
identity,x,2.0,20262497,4,scaled_with_l,0.1,2048,fixed_density,4.0,1,1,1.7773029076057452,4,2048,fixed_density,4.0,1,1,gain_matched,1.750425803063612,"{""gain_matrix"": [[0.9999999999999996]]}",0.026877104542133212
identity,x,2.0,20262497,4,scaled_with_l,0.1,2048,fixed_density,4.0,1,1,1.7773029076057452,4,2048,fixed_density,4.0,1,1,variance_matched,1.7772425515831054,"{""direction"": [1.0]}",6.0356022639762585e-05
identity,x,2.0,20262497,4,scaled_with_l,0.1,2048,fixed_density,4.0,1,1,1.7773029076057452,4,2048,fixed_density,4.0,1,1,shuffled_target,0.00019633220831955254,{},1.7771065753974256
identity,x,2.0,20262497,4,scaled_with_l,0.1,2048,fixed_density,4.0,1,1,1.7773029076057452,4,2048,fixed_density,4.0,1,1,analytic_volume,0.6931471805599453,"{""source_dim"": 1}",1.0841557270458
identity,x,2.0,20262514,5,scaled_with_l,0.1,2048,fixed_density,4.0,1,1,1.766817598538735,5,2048,fixed_density,4.0,1,1,null,0.0011470054504104199,{},1.7656705930883247
identity,x,2.0,20262514,5,scaled_with_l,0.1,2048,fixed_density,4.0,1,1,1.766817598538735,5,2048,fixed_density,4.0,1,1,identity,1.7838983782851754,"{""projection"": [[1.0]]}",-0.01708077974644029
identity,x,2.0,20262514,5,scaled_with_l,0.1,2048,fixed_density,4.0,1,1,1.766817598538735,5,2048,fixed_density,4.0,1,1,gain_matched,1.8092726834845194,"{""gain_matrix"": [[0.9999999999999993]]}",-0.042455084945784316
identity,x,2.0,20262514,5,scaled_with_l,0.1,2048,fixed_density,4.0,1,1,1.766817598538735,5,2048,fixed_density,4.0,1,1,variance_matched,1.7966257957033305,"{""direction"": [1.0]}",-0.029808197164595374
identity,x,2.0,20262514,5,scaled_with_l,0.1,2048,fixed_density,4.0,1,1,1.766817598538735,5,2048,fixed_density,4.0,1,1,shuffled_target,-0.0003828430598561454,{},1.7672004415985914
identity,x,2.0,20262514,5,scaled_with_l,0.1,2048,fixed_density,4.0,1,1,1.766817598538735,5,2048,fixed_density,4.0,1,1,analytic_volume,0.6931471805599453,"{""source_dim"": 1}",1.0736704179787897
identity,x,2.0,20262531,6,scaled_with_l,0.1,2048,fixed_density,4.0,1,1,1.7933996327956827,6,2048,fixed_density,4.0,1,1,null,-0.0004254835751119066,{},1.7938251163707946
identity,x,2.0,20262531,6,scaled_with_l,0.1,2048,fixed_density,4.0,1,1,1.7933996327956827,6,2048,fixed_density,4.0,1,1,identity,1.7973142997349245,"{""projection"": [[1.0]]}",-0.0039146669392418065
identity,x,2.0,20262531,6,scaled_with_l,0.1,2048,fixed_density,4.0,1,1,1.7933996327956827,6,2048,fixed_density,4.0,1,1,gain_matched,1.7806280359083653,"{""gain_matrix"": [[0.9999999999999998]]}",0.012771596887317438
identity,x,2.0,20262531,6,scaled_with_l,0.1,2048,fixed_density,4.0,1,1,1.7933996327956827,6,2048,fixed_density,4.0,1,1,variance_matched,1.7780012671305503,"{""direction"": [1.0]}",0.015398365665132419
identity,x,2.0,20262531,6,scaled_with_l,0.1,2048,fixed_density,4.0,1,1,1.7933996327956827,6,2048,fixed_density,4.0,1,1,shuffled_target,0.00028092353383344027,{},1.7931187092618492
identity,x,2.0,20262531,6,scaled_with_l,0.1,2048,fixed_density,4.0,1,1,1.7933996327956827,6,2048,fixed_density,4.0,1,1,analytic_volume,0.6931471805599453,"{""source_dim"": 1}",1.1002524522357375
identity,x,2.0,20262548,7,scaled_with_l,0.1,2048,fixed_density,4.0,1,1,1.7451345289195044,7,2048,fixed_density,4.0,1,1,null,-0.000347255034379402,{},1.7454817839538839
identity,x,2.0,20262548,7,scaled_with_l,0.1,2048,fixed_density,4.0,1,1,1.7451345289195044,7,2048,fixed_density,4.0,1,1,identity,1.7600812278135791,"{""projection"": [[1.0]]}",-0.01494669889407474
identity,x,2.0,20262548,7,scaled_with_l,0.1,2048,fixed_density,4.0,1,1,1.7451345289195044,7,2048,fixed_density,4.0,1,1,gain_matched,1.7720141573217965,"{""gain_matrix"": [[1.000000000000001]]}",-0.026879628402292077
identity,x,2.0,20262548,7,scaled_with_l,0.1,2048,fixed_density,4.0,1,1,1.7451345289195044,7,2048,fixed_density,4.0,1,1,variance_matched,1.7388499693608284,"{""direction"": [1.0]}",0.006284559558676017
identity,x,2.0,20262548,7,scaled_with_l,0.1,2048,fixed_density,4.0,1,1,1.7451345289195044,7,2048,fixed_density,4.0,1,1,shuffled_target,0.0007146590130382939,{},1.7444198699064661
identity,x,2.0,20262548,7,scaled_with_l,0.1,2048,fixed_density,4.0,1,1,1.7451345289195044,7,2048,fixed_density,4.0,1,1,analytic_volume,0.6931471805599453,"{""source_dim"": 1}",1.051987348359559
identity,x,2.0,20262565,8,scaled_with_l,0.1,2048,fixed_density,4.0,1,1,1.7926273260115888,8,2048,fixed_density,4.0,1,1,null,-2.148638209421871e-05,{},1.792648812393683
identity,x,2.0,20262565,8,scaled_with_l,0.1,2048,fixed_density,4.0,1,1,1.7926273260115888,8,2048,fixed_density,4.0,1,1,identity,1.7670263632091057,"{""projection"": [[1.0]]}",0.02560096280248314
identity,x,2.0,20262565,8,scaled_with_l,0.1,2048,fixed_density,4.0,1,1,1.7926273260115888,8,2048,fixed_density,4.0,1,1,gain_matched,1.7621221832567355,"{""gain_matrix"": [[1.0000000000000004]]}",0.030505142754853276
identity,x,2.0,20262565,8,scaled_with_l,0.1,2048,fixed_density,4.0,1,1,1.7926273260115888,8,2048,fixed_density,4.0,1,1,variance_matched,1.7748385727776728,"{""direction"": [1.0]}",0.017788753233916044
identity,x,2.0,20262565,8,scaled_with_l,0.1,2048,fixed_density,4.0,1,1,1.7926273260115888,8,2048,fixed_density,4.0,1,1,shuffled_target,-0.00018179043684884755,{},1.7928091164484377
identity,x,2.0,20262565,8,scaled_with_l,0.1,2048,fixed_density,4.0,1,1,1.7926273260115888,8,2048,fixed_density,4.0,1,1,analytic_volume,0.6931471805599453,"{""source_dim"": 1}",1.0994801454516434
identity,x,2.0,20262582,9,scaled_with_l,0.1,2048,fixed_density,4.0,1,1,1.7523567749981241,9,2048,fixed_density,4.0,1,1,null,-0.0006295676861575851,{},1.7529863426842818
identity,x,2.0,20262582,9,scaled_with_l,0.1,2048,fixed_density,4.0,1,1,1.7523567749981241,9,2048,fixed_density,4.0,1,1,identity,1.759307050171434,"{""projection"": [[1.0]]}",-0.006950275173309928
identity,x,2.0,20262582,9,scaled_with_l,0.1,2048,fixed_density,4.0,1,1,1.7523567749981241,9,2048,fixed_density,4.0,1,1,gain_matched,1.7533256625883897,"{""gain_matrix"": [[0.9999999999999998]]}",-0.000968887590265588
identity,x,2.0,20262582,9,scaled_with_l,0.1,2048,fixed_density,4.0,1,1,1.7523567749981241,9,2048,fixed_density,4.0,1,1,variance_matched,1.763796595225561,"{""direction"": [1.0]}",-0.011439820227436837
identity,x,2.0,20262582,9,scaled_with_l,0.1,2048,fixed_density,4.0,1,1,1.7523567749981241,9,2048,fixed_density,4.0,1,1,shuffled_target,0.0012457947617836303,{},1.7511109802363405
identity,x,2.0,20262582,9,scaled_with_l,0.1,2048,fixed_density,4.0,1,1,1.7523567749981241,9,2048,fixed_density,4.0,1,1,analytic_volume,0.6931471805599453,"{""source_dim"": 1}",1.0592095944381787
identity,x,4.0,20263429,0,scaled_with_l,0.2,4096,fixed_density,4.0,1,1,1.7748458012142665,0,4096,fixed_density,4.0,1,1,null,-0.0003286831745007642,{},1.7751744843887673
identity,x,4.0,20263429,0,scaled_with_l,0.2,4096,fixed_density,4.0,1,1,1.7748458012142665,0,4096,fixed_density,4.0,1,1,identity,1.780294761089675,"{""projection"": [[1.0]]}",-0.00544895987540861
identity,x,4.0,20263429,0,scaled_with_l,0.2,4096,fixed_density,4.0,1,1,1.7748458012142665,0,4096,fixed_density,4.0,1,1,gain_matched,1.771141495482504,"{""gain_matrix"": [[0.9999999999999997]]}",0.0037043057317625028
identity,x,4.0,20263429,0,scaled_with_l,0.2,4096,fixed_density,4.0,1,1,1.7748458012142665,0,4096,fixed_density,4.0,1,1,variance_matched,1.7805048879768086,"{""direction"": [1.0]}",-0.00565908676254212
identity,x,4.0,20263429,0,scaled_with_l,0.2,4096,fixed_density,4.0,1,1,1.7748458012142665,0,4096,fixed_density,4.0,1,1,shuffled_target,8.089091231410173e-05,{},1.7747649103019525
identity,x,4.0,20263429,0,scaled_with_l,0.2,4096,fixed_density,4.0,1,1,1.7748458012142665,0,4096,fixed_density,4.0,1,1,analytic_volume,1.3862943611198906,"{""source_dim"": 1}",0.3885514400943759
identity,x,4.0,20263446,1,scaled_with_l,0.2,4096,fixed_density,4.0,1,1,1.7619496435173798,1,4096,fixed_density,4.0,1,1,null,-0.00021677614672033536,{},1.7621664196641003
identity,x,4.0,20263446,1,scaled_with_l,0.2,4096,fixed_density,4.0,1,1,1.7619496435173798,1,4096,fixed_density,4.0,1,1,identity,1.7758873083770272,"{""projection"": [[1.0]]}",-0.013937664859647425
identity,x,4.0,20263446,1,scaled_with_l,0.2,4096,fixed_density,4.0,1,1,1.7619496435173798,1,4096,fixed_density,4.0,1,1,gain_matched,1.768434501730209,"{""gain_matrix"": [[0.9999999999999994]]}",-0.006484858212829181
identity,x,4.0,20263446,1,scaled_with_l,0.2,4096,fixed_density,4.0,1,1,1.7619496435173798,1,4096,fixed_density,4.0,1,1,variance_matched,1.7697904958965478,"{""direction"": [1.0]}",-0.007840852379167984
identity,x,4.0,20263446,1,scaled_with_l,0.2,4096,fixed_density,4.0,1,1,1.7619496435173798,1,4096,fixed_density,4.0,1,1,shuffled_target,-0.0001660343925018887,{},1.7621156779098817
identity,x,4.0,20263446,1,scaled_with_l,0.2,4096,fixed_density,4.0,1,1,1.7619496435173798,1,4096,fixed_density,4.0,1,1,analytic_volume,1.3862943611198906,"{""source_dim"": 1}",0.37565528239748924
identity,x,4.0,20263463,2,scaled_with_l,0.2,4096,fixed_density,4.0,1,1,1.7778647685858524,2,4096,fixed_density,4.0,1,1,null,0.0007305144633439072,{},1.7771342541225086
identity,x,4.0,20263463,2,scaled_with_l,0.2,4096,fixed_density,4.0,1,1,1.7778647685858524,2,4096,fixed_density,4.0,1,1,identity,1.7604173056675056,"{""projection"": [[1.0]]}",0.017447462918346757
identity,x,4.0,20263463,2,scaled_with_l,0.2,4096,fixed_density,4.0,1,1,1.7778647685858524,2,4096,fixed_density,4.0,1,1,gain_matched,1.7472902039861173,"{""gain_matrix"": [[1.0000000000000033]]}",0.030574564599735066
identity,x,4.0,20263463,2,scaled_with_l,0.2,4096,fixed_density,4.0,1,1,1.7778647685858524,2,4096,fixed_density,4.0,1,1,variance_matched,1.7649128541620767,"{""direction"": [1.0]}",0.012951914423775746
identity,x,4.0,20263463,2,scaled_with_l,0.2,4096,fixed_density,4.0,1,1,1.7778647685858524,2,4096,fixed_density,4.0,1,1,shuffled_target,-7.40354970185406e-05,{},1.777938804082871
identity,x,4.0,20263463,2,scaled_with_l,0.2,4096,fixed_density,4.0,1,1,1.7778647685858524,2,4096,fixed_density,4.0,1,1,analytic_volume,1.3862943611198906,"{""source_dim"": 1}",0.39157040746596183
identity,x,4.0,20263480,3,scaled_with_l,0.2,4096,fixed_density,4.0,1,1,1.7644722824441255,3,4096,fixed_density,4.0,1,1,null,4.201658796496499e-05,{},1.7644302658561606
identity,x,4.0,20263480,3,scaled_with_l,0.2,4096,fixed_density,4.0,1,1,1.7644722824441255,3,4096,fixed_density,4.0,1,1,identity,1.7711551580702873,"{""projection"": [[1.0]]}",-0.006682875626161877
identity,x,4.0,20263480,3,scaled_with_l,0.2,4096,fixed_density,4.0,1,1,1.7644722824441255,3,4096,fixed_density,4.0,1,1,gain_matched,1.7799092980221305,"{""gain_matrix"": [[0.9999999999999991]]}",-0.015437015578005031
identity,x,4.0,20263480,3,scaled_with_l,0.2,4096,fixed_density,4.0,1,1,1.7644722824441255,3,4096,fixed_density,4.0,1,1,variance_matched,1.7837919271347087,"{""direction"": [1.0]}",-0.019319644690583226
identity,x,4.0,20263480,3,scaled_with_l,0.2,4096,fixed_density,4.0,1,1,1.7644722824441255,3,4096,fixed_density,4.0,1,1,shuffled_target,0.00021179785985044362,{},1.764260484584275
identity,x,4.0,20263480,3,scaled_with_l,0.2,4096,fixed_density,4.0,1,1,1.7644722824441255,3,4096,fixed_density,4.0,1,1,analytic_volume,1.3862943611198906,"{""source_dim"": 1}",0.3781779213242349
identity,x,4.0,20263497,4,scaled_with_l,0.2,4096,fixed_density,4.0,1,1,1.7828063755790269,4,4096,fixed_density,4.0,1,1,null,9.375116600954811e-05,{},1.7827126244130174
identity,x,4.0,20263497,4,scaled_with_l,0.2,4096,fixed_density,4.0,1,1,1.7828063755790269,4,4096,fixed_density,4.0,1,1,identity,1.7510703605617879,"{""projection"": [[1.0]]}",0.031736015017238994
identity,x,4.0,20263497,4,scaled_with_l,0.2,4096,fixed_density,4.0,1,1,1.7828063755790269,4,4096,fixed_density,4.0,1,1,gain_matched,1.7698046475010494,"{""gain_matrix"": [[1.0000000000000018]]}",0.013001728077977504
identity,x,4.0,20263497,4,scaled_with_l,0.2,4096,fixed_density,4.0,1,1,1.7828063755790269,4,4096,fixed_density,4.0,1,1,variance_matched,1.7820112691905148,"{""direction"": [1.0]}",0.0007951063885121012
identity,x,4.0,20263497,4,scaled_with_l,0.2,4096,fixed_density,4.0,1,1,1.7828063755790269,4,4096,fixed_density,4.0,1,1,shuffled_target,-0.0002344020749694126,{},1.7830407776539963
identity,x,4.0,20263497,4,scaled_with_l,0.2,4096,fixed_density,4.0,1,1,1.7828063755790269,4,4096,fixed_density,4.0,1,1,analytic_volume,1.3862943611198906,"{""source_dim"": 1}",0.3965120144591363
identity,x,4.0,20263514,5,scaled_with_l,0.2,4096,fixed_density,4.0,1,1,1.7421228298251044,5,4096,fixed_density,4.0,1,1,null,0.00029957701877438047,{},1.74182325280633
identity,x,4.0,20263514,5,scaled_with_l,0.2,4096,fixed_density,4.0,1,1,1.7421228298251044,5,4096,fixed_density,4.0,1,1,identity,1.7641661525511934,"{""projection"": [[1.0]]}",-0.022043322726089
identity,x,4.0,20263514,5,scaled_with_l,0.2,4096,fixed_density,4.0,1,1,1.7421228298251044,5,4096,fixed_density,4.0,1,1,gain_matched,1.751040278171012,"{""gain_matrix"": [[1.0000000000000002]]}",-0.008917448345907575
identity,x,4.0,20263514,5,scaled_with_l,0.2,4096,fixed_density,4.0,1,1,1.7421228298251044,5,4096,fixed_density,4.0,1,1,variance_matched,1.742251629663567,"{""direction"": [1.0]}",-0.00012879983846270093
identity,x,4.0,20263514,5,scaled_with_l,0.2,4096,fixed_density,4.0,1,1,1.7421228298251044,5,4096,fixed_density,4.0,1,1,shuffled_target,-0.00013248666496025994,{},1.7422553164900647
identity,x,4.0,20263514,5,scaled_with_l,0.2,4096,fixed_density,4.0,1,1,1.7421228298251044,5,4096,fixed_density,4.0,1,1,analytic_volume,1.3862943611198906,"{""source_dim"": 1}",0.3558284687052138
identity,x,4.0,20263531,6,scaled_with_l,0.2,4096,fixed_density,4.0,1,1,1.7754808209821267,6,4096,fixed_density,4.0,1,1,null,-3.4316606967657045e-05,{},1.7755151375890943
identity,x,4.0,20263531,6,scaled_with_l,0.2,4096,fixed_density,4.0,1,1,1.7754808209821267,6,4096,fixed_density,4.0,1,1,identity,1.785123393056061,"{""projection"": [[1.0]]}",-0.009642572073934375
identity,x,4.0,20263531,6,scaled_with_l,0.2,4096,fixed_density,4.0,1,1,1.7754808209821267,6,4096,fixed_density,4.0,1,1,gain_matched,1.7868321689797395,"{""gain_matrix"": [[1.0000000000000022]]}",-0.011351347997612837
identity,x,4.0,20263531,6,scaled_with_l,0.2,4096,fixed_density,4.0,1,1,1.7754808209821267,6,4096,fixed_density,4.0,1,1,variance_matched,1.7777717436937963,"{""direction"": [1.0]}",-0.0022909227116696407
identity,x,4.0,20263531,6,scaled_with_l,0.2,4096,fixed_density,4.0,1,1,1.7754808209821267,6,4096,fixed_density,4.0,1,1,shuffled_target,0.0005218526767495843,{},1.774958968305377
identity,x,4.0,20263531,6,scaled_with_l,0.2,4096,fixed_density,4.0,1,1,1.7754808209821267,6,4096,fixed_density,4.0,1,1,analytic_volume,1.3862943611198906,"{""source_dim"": 1}",0.3891864598622361
identity,x,4.0,20263548,7,scaled_with_l,0.2,4096,fixed_density,4.0,1,1,1.7612908626855601,7,4096,fixed_density,4.0,1,1,null,-0.00022362843390816018,{},1.7615144911194682
identity,x,4.0,20263548,7,scaled_with_l,0.2,4096,fixed_density,4.0,1,1,1.7612908626855601,7,4096,fixed_density,4.0,1,1,identity,1.7654460707229171,"{""projection"": [[1.0]]}",-0.004155208037357028
identity,x,4.0,20263548,7,scaled_with_l,0.2,4096,fixed_density,4.0,1,1,1.7612908626855601,7,4096,fixed_density,4.0,1,1,gain_matched,1.7592580781467653,"{""gain_matrix"": [[1.0]]}",0.0020327845387948518
identity,x,4.0,20263548,7,scaled_with_l,0.2,4096,fixed_density,4.0,1,1,1.7612908626855601,7,4096,fixed_density,4.0,1,1,variance_matched,1.7841682580243403,"{""direction"": [1.0]}",-0.022877395338780193
identity,x,4.0,20263548,7,scaled_with_l,0.2,4096,fixed_density,4.0,1,1,1.7612908626855601,7,4096,fixed_density,4.0,1,1,shuffled_target,-0.000264523819700412,{},1.7615553865052604
identity,x,4.0,20263548,7,scaled_with_l,0.2,4096,fixed_density,4.0,1,1,1.7612908626855601,7,4096,fixed_density,4.0,1,1,analytic_volume,1.3862943611198906,"{""source_dim"": 1}",0.37499650156566955
identity,x,4.0,20263565,8,scaled_with_l,0.2,4096,fixed_density,4.0,1,1,1.7838098638088713,8,4096,fixed_density,4.0,1,1,null,0.0001862800722139686,{},1.7836235837366574
identity,x,4.0,20263565,8,scaled_with_l,0.2,4096,fixed_density,4.0,1,1,1.7838098638088713,8,4096,fixed_density,4.0,1,1,identity,1.7799527495133858,"{""projection"": [[1.0]]}",0.0038571142954855198
identity,x,4.0,20263565,8,scaled_with_l,0.2,4096,fixed_density,4.0,1,1,1.7838098638088713,8,4096,fixed_density,4.0,1,1,gain_matched,1.7909428855505074,"{""gain_matrix"": [[0.9999999999999979]]}",-0.007133021741636103
identity,x,4.0,20263565,8,scaled_with_l,0.2,4096,fixed_density,4.0,1,1,1.7838098638088713,8,4096,fixed_density,4.0,1,1,variance_matched,1.7681055660402258,"{""direction"": [1.0]}",0.01570429776864546
identity,x,4.0,20263565,8,scaled_with_l,0.2,4096,fixed_density,4.0,1,1,1.7838098638088713,8,4096,fixed_density,4.0,1,1,shuffled_target,0.00038667314447235013,{},1.783423190664399
identity,x,4.0,20263565,8,scaled_with_l,0.2,4096,fixed_density,4.0,1,1,1.7838098638088713,8,4096,fixed_density,4.0,1,1,analytic_volume,1.3862943611198906,"{""source_dim"": 1}",0.3975155026889807
identity,x,4.0,20263582,9,scaled_with_l,0.2,4096,fixed_density,4.0,1,1,1.7723780521718457,9,4096,fixed_density,4.0,1,1,null,-0.00024730512211122816,{},1.772625357293957
identity,x,4.0,20263582,9,scaled_with_l,0.2,4096,fixed_density,4.0,1,1,1.7723780521718457,9,4096,fixed_density,4.0,1,1,identity,1.7729089850608415,"{""projection"": [[1.0]]}",-0.0005309328889957499
identity,x,4.0,20263582,9,scaled_with_l,0.2,4096,fixed_density,4.0,1,1,1.7723780521718457,9,4096,fixed_density,4.0,1,1,gain_matched,1.7618583426915617,"{""gain_matrix"": [[1.0000000000000007]]}",0.010519709480284023
identity,x,4.0,20263582,9,scaled_with_l,0.2,4096,fixed_density,4.0,1,1,1.7723780521718457,9,4096,fixed_density,4.0,1,1,variance_matched,1.7575484970032835,"{""direction"": [1.0]}",0.014829555168562214
identity,x,4.0,20263582,9,scaled_with_l,0.2,4096,fixed_density,4.0,1,1,1.7723780521718457,9,4096,fixed_density,4.0,1,1,shuffled_target,0.00023297499005399126,{},1.7721450771817917
identity,x,4.0,20263582,9,scaled_with_l,0.2,4096,fixed_density,4.0,1,1,1.7723780521718457,9,4096,fixed_density,4.0,1,1,analytic_volume,1.3862943611198906,"{""source_dim"": 1}",0.38608369105195517
identity,x,8.0,20264429,0,scaled_with_l,0.4,8192,fixed_density,4.0,1,1,1.7714212568935181,0,8192,fixed_density,4.0,1,1,null,4.957188601911608e-06,{},1.7714162997049163
identity,x,8.0,20264429,0,scaled_with_l,0.4,8192,fixed_density,4.0,1,1,1.7714212568935181,0,8192,fixed_density,4.0,1,1,identity,1.76590559366934,"{""projection"": [[1.0]]}",0.00551566322417818
identity,x,8.0,20264429,0,scaled_with_l,0.4,8192,fixed_density,4.0,1,1,1.7714212568935181,0,8192,fixed_density,4.0,1,1,gain_matched,1.7496815521633606,"{""gain_matrix"": [[0.9999999999999994]]}",0.021739704730157516
identity,x,8.0,20264429,0,scaled_with_l,0.4,8192,fixed_density,4.0,1,1,1.7714212568935181,0,8192,fixed_density,4.0,1,1,variance_matched,1.7705994910612353,"{""direction"": [1.0]}",0.0008217658322828836
identity,x,8.0,20264429,0,scaled_with_l,0.4,8192,fixed_density,4.0,1,1,1.7714212568935181,0,8192,fixed_density,4.0,1,1,shuffled_target,-0.00015408732622180604,{},1.77157534421974
identity,x,8.0,20264429,0,scaled_with_l,0.4,8192,fixed_density,4.0,1,1,1.7714212568935181,0,8192,fixed_density,4.0,1,1,analytic_volume,2.0794415416798357,"{""source_dim"": 1}",-0.3080202847863176
identity,x,8.0,20264446,1,scaled_with_l,0.4,8192,fixed_density,4.0,1,1,1.764262712707167,1,8192,fixed_density,4.0,1,1,null,-0.0001012734358134712,{},1.7643639861429805
identity,x,8.0,20264446,1,scaled_with_l,0.4,8192,fixed_density,4.0,1,1,1.764262712707167,1,8192,fixed_density,4.0,1,1,identity,1.7779654268038247,"{""projection"": [[1.0]]}",-0.013702714096657687
identity,x,8.0,20264446,1,scaled_with_l,0.4,8192,fixed_density,4.0,1,1,1.764262712707167,1,8192,fixed_density,4.0,1,1,gain_matched,1.77828674414231,"{""gain_matrix"": [[1.0000000000000038]]}",-0.01402403143514297
identity,x,8.0,20264446,1,scaled_with_l,0.4,8192,fixed_density,4.0,1,1,1.764262712707167,1,8192,fixed_density,4.0,1,1,variance_matched,1.7669151422235574,"{""direction"": [1.0]}",-0.002652429516390331
identity,x,8.0,20264446,1,scaled_with_l,0.4,8192,fixed_density,4.0,1,1,1.764262712707167,1,8192,fixed_density,4.0,1,1,shuffled_target,-5.271138143971054e-05,{},1.7643154240886068
identity,x,8.0,20264446,1,scaled_with_l,0.4,8192,fixed_density,4.0,1,1,1.764262712707167,1,8192,fixed_density,4.0,1,1,analytic_volume,2.0794415416798357,"{""source_dim"": 1}",-0.3151788289726687
identity,x,8.0,20264463,2,scaled_with_l,0.4,8192,fixed_density,4.0,1,1,1.7637493499672794,2,8192,fixed_density,4.0,1,1,null,-0.00017514858647698305,{},1.7639244985537563
identity,x,8.0,20264463,2,scaled_with_l,0.4,8192,fixed_density,4.0,1,1,1.7637493499672794,2,8192,fixed_density,4.0,1,1,identity,1.761976290299583,"{""projection"": [[1.0]]}",0.001773059667696364
identity,x,8.0,20264463,2,scaled_with_l,0.4,8192,fixed_density,4.0,1,1,1.7637493499672794,2,8192,fixed_density,4.0,1,1,gain_matched,1.7582908852344747,"{""gain_matrix"": [[1.0000000000000024]]}",0.0054584647328046465
identity,x,8.0,20264463,2,scaled_with_l,0.4,8192,fixed_density,4.0,1,1,1.7637493499672794,2,8192,fixed_density,4.0,1,1,variance_matched,1.755458478153546,"{""direction"": [1.0]}",0.008290871813733336
identity,x,8.0,20264463,2,scaled_with_l,0.4,8192,fixed_density,4.0,1,1,1.7637493499672794,2,8192,fixed_density,4.0,1,1,shuffled_target,-0.00011869970153604467,{},1.7638680496688155
identity,x,8.0,20264463,2,scaled_with_l,0.4,8192,fixed_density,4.0,1,1,1.7637493499672794,2,8192,fixed_density,4.0,1,1,analytic_volume,2.0794415416798357,"{""source_dim"": 1}",-0.31569219171255636
identity,x,8.0,20264480,3,scaled_with_l,0.4,8192,fixed_density,4.0,1,1,1.7631268533884266,3,8192,fixed_density,4.0,1,1,null,-3.09212289414468e-07,{},1.763127162600716
identity,x,8.0,20264480,3,scaled_with_l,0.4,8192,fixed_density,4.0,1,1,1.7631268533884266,3,8192,fixed_density,4.0,1,1,identity,1.764971624309101,"{""projection"": [[1.0]]}",-0.0018447709206743657
identity,x,8.0,20264480,3,scaled_with_l,0.4,8192,fixed_density,4.0,1,1,1.7631268533884266,3,8192,fixed_density,4.0,1,1,gain_matched,1.766664674201874,"{""gain_matrix"": [[1.000000000000001]]}",-0.0035378208134473343
identity,x,8.0,20264480,3,scaled_with_l,0.4,8192,fixed_density,4.0,1,1,1.7631268533884266,3,8192,fixed_density,4.0,1,1,variance_matched,1.7785333713262794,"{""direction"": [1.0]}",-0.01540651793785286
identity,x,8.0,20264480,3,scaled_with_l,0.4,8192,fixed_density,4.0,1,1,1.7631268533884266,3,8192,fixed_density,4.0,1,1,shuffled_target,0.00016267095713707474,{},1.7629641824312894
identity,x,8.0,20264480,3,scaled_with_l,0.4,8192,fixed_density,4.0,1,1,1.7631268533884266,3,8192,fixed_density,4.0,1,1,analytic_volume,2.0794415416798357,"{""source_dim"": 1}",-0.3163146882914092
identity,x,8.0,20264497,4,scaled_with_l,0.4,8192,fixed_density,4.0,1,1,1.7693682561353186,4,8192,fixed_density,4.0,1,1,null,-2.3285872411407335e-05,{},1.76939154200773
identity,x,8.0,20264497,4,scaled_with_l,0.4,8192,fixed_density,4.0,1,1,1.7693682561353186,4,8192,fixed_density,4.0,1,1,identity,1.748342021091286,"{""projection"": [[1.0]]}",0.02102623504403267
identity,x,8.0,20264497,4,scaled_with_l,0.4,8192,fixed_density,4.0,1,1,1.7693682561353186,4,8192,fixed_density,4.0,1,1,gain_matched,1.7553323037820836,"{""gain_matrix"": [[1.0]]}",0.01403595235323496
identity,x,8.0,20264497,4,scaled_with_l,0.4,8192,fixed_density,4.0,1,1,1.7693682561353186,4,8192,fixed_density,4.0,1,1,variance_matched,1.7499227317702486,"{""direction"": [1.0]}",0.019445524365069966
identity,x,8.0,20264497,4,scaled_with_l,0.4,8192,fixed_density,4.0,1,1,1.7693682561353186,4,8192,fixed_density,4.0,1,1,shuffled_target,-0.00010739548566926423,{},1.7694756516209877
identity,x,8.0,20264497,4,scaled_with_l,0.4,8192,fixed_density,4.0,1,1,1.7693682561353186,4,8192,fixed_density,4.0,1,1,analytic_volume,2.0794415416798357,"{""source_dim"": 1}",-0.3100732855445172
identity,x,8.0,20264514,5,scaled_with_l,0.4,8192,fixed_density,4.0,1,1,1.7677918600164553,5,8192,fixed_density,4.0,1,1,null,-4.153232701140128e-05,{},1.7678333923434666
identity,x,8.0,20264514,5,scaled_with_l,0.4,8192,fixed_density,4.0,1,1,1.7677918600164553,5,8192,fixed_density,4.0,1,1,identity,1.7686823195278212,"{""projection"": [[1.0]]}",-0.0008904595113659042
identity,x,8.0,20264514,5,scaled_with_l,0.4,8192,fixed_density,4.0,1,1,1.7677918600164553,5,8192,fixed_density,4.0,1,1,gain_matched,1.7747145118760788,"{""gain_matrix"": [[0.9999999999999993]]}",-0.006922651859623485
identity,x,8.0,20264514,5,scaled_with_l,0.4,8192,fixed_density,4.0,1,1,1.7677918600164553,5,8192,fixed_density,4.0,1,1,variance_matched,1.752125955882606,"{""direction"": [1.0]}",0.015665904133849384
identity,x,8.0,20264514,5,scaled_with_l,0.4,8192,fixed_density,4.0,1,1,1.7677918600164553,5,8192,fixed_density,4.0,1,1,shuffled_target,-0.00013466057799978967,{},1.767926520594455
identity,x,8.0,20264514,5,scaled_with_l,0.4,8192,fixed_density,4.0,1,1,1.7677918600164553,5,8192,fixed_density,4.0,1,1,analytic_volume,2.0794415416798357,"{""source_dim"": 1}",-0.3116496816633805
identity,x,8.0,20264531,6,scaled_with_l,0.4,8192,fixed_density,4.0,1,1,1.7731581927266997,6,8192,fixed_density,4.0,1,1,null,-0.0001321376218369076,{},1.7732903303485366
identity,x,8.0,20264531,6,scaled_with_l,0.4,8192,fixed_density,4.0,1,1,1.7731581927266997,6,8192,fixed_density,4.0,1,1,identity,1.7729349382095991,"{""projection"": [[1.0]]}",0.00022325451710059063
identity,x,8.0,20264531,6,scaled_with_l,0.4,8192,fixed_density,4.0,1,1,1.7731581927266997,6,8192,fixed_density,4.0,1,1,gain_matched,1.774357412497677,"{""gain_matrix"": [[1.000000000000001]]}",-0.0011992197709773667
identity,x,8.0,20264531,6,scaled_with_l,0.4,8192,fixed_density,4.0,1,1,1.7731581927266997,6,8192,fixed_density,4.0,1,1,variance_matched,1.7728696247565692,"{""direction"": [1.0]}",0.0002885679701305488
identity,x,8.0,20264531,6,scaled_with_l,0.4,8192,fixed_density,4.0,1,1,1.7731581927266997,6,8192,fixed_density,4.0,1,1,shuffled_target,0.00019982194280823015,{},1.7729583707838914
identity,x,8.0,20264531,6,scaled_with_l,0.4,8192,fixed_density,4.0,1,1,1.7731581927266997,6,8192,fixed_density,4.0,1,1,analytic_volume,2.0794415416798357,"{""source_dim"": 1}",-0.306283348953136
identity,x,8.0,20264548,7,scaled_with_l,0.4,8192,fixed_density,4.0,1,1,1.7642097859294825,7,8192,fixed_density,4.0,1,1,null,0.00021683763573206573,{},1.7639929482937504
identity,x,8.0,20264548,7,scaled_with_l,0.4,8192,fixed_density,4.0,1,1,1.7642097859294825,7,8192,fixed_density,4.0,1,1,identity,1.769786590021478,"{""projection"": [[1.0]]}",-0.005576804091995458
identity,x,8.0,20264548,7,scaled_with_l,0.4,8192,fixed_density,4.0,1,1,1.7642097859294825,7,8192,fixed_density,4.0,1,1,gain_matched,1.7859083687109008,"{""gain_matrix"": [[0.9999999999999984]]}",-0.02169858278141823
identity,x,8.0,20264548,7,scaled_with_l,0.4,8192,fixed_density,4.0,1,1,1.7642097859294825,7,8192,fixed_density,4.0,1,1,variance_matched,1.7839982328075712,"{""direction"": [1.0]}",-0.019788446878088672
identity,x,8.0,20264548,7,scaled_with_l,0.4,8192,fixed_density,4.0,1,1,1.7642097859294825,7,8192,fixed_density,4.0,1,1,shuffled_target,-0.00014626147976540128,{},1.764356047409248
identity,x,8.0,20264548,7,scaled_with_l,0.4,8192,fixed_density,4.0,1,1,1.7642097859294825,7,8192,fixed_density,4.0,1,1,analytic_volume,2.0794415416798357,"{""source_dim"": 1}",-0.3152317557503532
identity,x,8.0,20264565,8,scaled_with_l,0.4,8192,fixed_density,4.0,1,1,1.7819201776264437,8,8192,fixed_density,4.0,1,1,null,-3.461568486275493e-05,{},1.7819547933113065
identity,x,8.0,20264565,8,scaled_with_l,0.4,8192,fixed_density,4.0,1,1,1.7819201776264437,8,8192,fixed_density,4.0,1,1,identity,1.7666626934919782,"{""projection"": [[1.0]]}",0.015257484134465482
identity,x,8.0,20264565,8,scaled_with_l,0.4,8192,fixed_density,4.0,1,1,1.7819201776264437,8,8192,fixed_density,4.0,1,1,gain_matched,1.7838076501442992,"{""gain_matrix"": [[1.0000000000000042]]}",-0.0018874725178554819
identity,x,8.0,20264565,8,scaled_with_l,0.4,8192,fixed_density,4.0,1,1,1.7819201776264437,8,8192,fixed_density,4.0,1,1,variance_matched,1.7641899091942976,"{""direction"": [1.0]}",0.01773026843214609
identity,x,8.0,20264565,8,scaled_with_l,0.4,8192,fixed_density,4.0,1,1,1.7819201776264437,8,8192,fixed_density,4.0,1,1,shuffled_target,3.882020077027845e-05,{},1.7818813574256736
identity,x,8.0,20264565,8,scaled_with_l,0.4,8192,fixed_density,4.0,1,1,1.7819201776264437,8,8192,fixed_density,4.0,1,1,analytic_volume,2.0794415416798357,"{""source_dim"": 1}",-0.297521364053392
identity,x,8.0,20264582,9,scaled_with_l,0.4,8192,fixed_density,4.0,1,1,1.76198347575481,9,8192,fixed_density,4.0,1,1,null,-7.879201632590658e-05,{},1.762062267771136
identity,x,8.0,20264582,9,scaled_with_l,0.4,8192,fixed_density,4.0,1,1,1.76198347575481,9,8192,fixed_density,4.0,1,1,identity,1.7755106788587676,"{""projection"": [[1.0]]}",-0.013527203103957497
identity,x,8.0,20264582,9,scaled_with_l,0.4,8192,fixed_density,4.0,1,1,1.76198347575481,9,8192,fixed_density,4.0,1,1,gain_matched,1.75330760183295,"{""gain_matrix"": [[0.9999999999999984]]}",0.008675873921859978
identity,x,8.0,20264582,9,scaled_with_l,0.4,8192,fixed_density,4.0,1,1,1.76198347575481,9,8192,fixed_density,4.0,1,1,variance_matched,1.7791747146526826,"{""direction"": [1.0]}",-0.01719123889787255
identity,x,8.0,20264582,9,scaled_with_l,0.4,8192,fixed_density,4.0,1,1,1.76198347575481,9,8192,fixed_density,4.0,1,1,shuffled_target,-0.00013391941119723303,{},1.7621173951660074
identity,x,8.0,20264582,9,scaled_with_l,0.4,8192,fixed_density,4.0,1,1,1.76198347575481,9,8192,fixed_density,4.0,1,1,analytic_volume,2.0794415416798357,"{""source_dim"": 1}",-0.3174580659250257
identity,x,12.0,20265429,0,scaled_with_l,0.6000000000000001,12288,fixed_density,4.0,1,1,1.7664522197820816,0,12288,fixed_density,4.0,1,1,null,-3.484535740447904e-06,{},1.766455704317822
identity,x,12.0,20265429,0,scaled_with_l,0.6000000000000001,12288,fixed_density,4.0,1,1,1.7664522197820816,0,12288,fixed_density,4.0,1,1,identity,1.7726411873511883,"{""projection"": [[1.0]]}",-0.006188967569106696
identity,x,12.0,20265429,0,scaled_with_l,0.6000000000000001,12288,fixed_density,4.0,1,1,1.7664522197820816,0,12288,fixed_density,4.0,1,1,gain_matched,1.7650533714526613,"{""gain_matrix"": [[1.0000000000000013]]}",0.001398848329420277
identity,x,12.0,20265429,0,scaled_with_l,0.6000000000000001,12288,fixed_density,4.0,1,1,1.7664522197820816,0,12288,fixed_density,4.0,1,1,variance_matched,1.758513248370959,"{""direction"": [1.0]}",0.007938971411122653
identity,x,12.0,20265429,0,scaled_with_l,0.6000000000000001,12288,fixed_density,4.0,1,1,1.7664522197820816,0,12288,fixed_density,4.0,1,1,shuffled_target,4.354798282875759e-05,{},1.7664086717992529
identity,x,12.0,20265429,0,scaled_with_l,0.6000000000000001,12288,fixed_density,4.0,1,1,1.7664522197820816,0,12288,fixed_density,4.0,1,1,analytic_volume,2.4849066497880004,"{""source_dim"": 1}",-0.7184544300059188
identity,x,12.0,20265446,1,scaled_with_l,0.6000000000000001,12288,fixed_density,4.0,1,1,1.7765507850978512,1,12288,fixed_density,4.0,1,1,null,-0.00010425511012160946,{},1.7766550402079728
identity,x,12.0,20265446,1,scaled_with_l,0.6000000000000001,12288,fixed_density,4.0,1,1,1.7765507850978512,1,12288,fixed_density,4.0,1,1,identity,1.7738495781964938,"{""projection"": [[1.0]]}",0.0027012069013574447
identity,x,12.0,20265446,1,scaled_with_l,0.6000000000000001,12288,fixed_density,4.0,1,1,1.7765507850978512,1,12288,fixed_density,4.0,1,1,gain_matched,1.773070592199203,"{""gain_matrix"": [[0.9999999999999987]]}",0.0034801928986483155
identity,x,12.0,20265446,1,scaled_with_l,0.6000000000000001,12288,fixed_density,4.0,1,1,1.7765507850978512,1,12288,fixed_density,4.0,1,1,variance_matched,1.7718729073145474,"{""direction"": [1.0]}",0.004677877783303863
identity,x,12.0,20265446,1,scaled_with_l,0.6000000000000001,12288,fixed_density,4.0,1,1,1.7765507850978512,1,12288,fixed_density,4.0,1,1,shuffled_target,0.00011442224268168307,{},1.7764363628551696
identity,x,12.0,20265446,1,scaled_with_l,0.6000000000000001,12288,fixed_density,4.0,1,1,1.7765507850978512,1,12288,fixed_density,4.0,1,1,analytic_volume,2.4849066497880004,"{""source_dim"": 1}",-0.7083558646901491
identity,x,12.0,20265463,2,scaled_with_l,0.6000000000000001,12288,fixed_density,4.0,1,1,1.7667933235871722,2,12288,fixed_density,4.0,1,1,null,-0.00010422619728100714,{},1.7668975497844532
identity,x,12.0,20265463,2,scaled_with_l,0.6000000000000001,12288,fixed_density,4.0,1,1,1.7667933235871722,2,12288,fixed_density,4.0,1,1,identity,1.7743437989817512,"{""projection"": [[1.0]]}",-0.0075504753945789815
identity,x,12.0,20265463,2,scaled_with_l,0.6000000000000001,12288,fixed_density,4.0,1,1,1.7667933235871722,2,12288,fixed_density,4.0,1,1,gain_matched,1.766610308347329,"{""gain_matrix"": [[0.9999999999999959]]}",0.00018301523984320944
identity,x,12.0,20265463,2,scaled_with_l,0.6000000000000001,12288,fixed_density,4.0,1,1,1.7667933235871722,2,12288,fixed_density,4.0,1,1,variance_matched,1.7679279670493073,"{""direction"": [1.0]}",-0.0011346434621350987
identity,x,12.0,20265463,2,scaled_with_l,0.6000000000000001,12288,fixed_density,4.0,1,1,1.7667933235871722,2,12288,fixed_density,4.0,1,1,shuffled_target,0.000119367568233315,{},1.7666739560189388
identity,x,12.0,20265463,2,scaled_with_l,0.6000000000000001,12288,fixed_density,4.0,1,1,1.7667933235871722,2,12288,fixed_density,4.0,1,1,analytic_volume,2.4849066497880004,"{""source_dim"": 1}",-0.7181133262008281
identity,x,12.0,20265480,3,scaled_with_l,0.6000000000000001,12288,fixed_density,4.0,1,1,1.7729107024247608,3,12288,fixed_density,4.0,1,1,null,0.00015390247180770126,{},1.772756799952953
identity,x,12.0,20265480,3,scaled_with_l,0.6000000000000001,12288,fixed_density,4.0,1,1,1.7729107024247608,3,12288,fixed_density,4.0,1,1,identity,1.7718911693233093,"{""projection"": [[1.0]]}",0.0010195331014515308
identity,x,12.0,20265480,3,scaled_with_l,0.6000000000000001,12288,fixed_density,4.0,1,1,1.7729107024247608,3,12288,fixed_density,4.0,1,1,gain_matched,1.7684093562884398,"{""gain_matrix"": [[0.9999999999999982]]}",0.004501346136321027
identity,x,12.0,20265480,3,scaled_with_l,0.6000000000000001,12288,fixed_density,4.0,1,1,1.7729107024247608,3,12288,fixed_density,4.0,1,1,variance_matched,1.7675609891444317,"{""direction"": [1.0]}",0.0053497132803290715
identity,x,12.0,20265480,3,scaled_with_l,0.6000000000000001,12288,fixed_density,4.0,1,1,1.7729107024247608,3,12288,fixed_density,4.0,1,1,shuffled_target,-0.00010746957338219991,{},1.773018171998143
identity,x,12.0,20265480,3,scaled_with_l,0.6000000000000001,12288,fixed_density,4.0,1,1,1.7729107024247608,3,12288,fixed_density,4.0,1,1,analytic_volume,2.4849066497880004,"{""source_dim"": 1}",-0.7119959473632396
identity,x,12.0,20265497,4,scaled_with_l,0.6000000000000001,12288,fixed_density,4.0,1,1,1.7681295512801836,4,12288,fixed_density,4.0,1,1,null,0.0001073326839342267,{},1.7680222185962493
identity,x,12.0,20265497,4,scaled_with_l,0.6000000000000001,12288,fixed_density,4.0,1,1,1.7681295512801836,4,12288,fixed_density,4.0,1,1,identity,1.7582448307055352,"{""projection"": [[1.0]]}",0.009884720574648398
identity,x,12.0,20265497,4,scaled_with_l,0.6000000000000001,12288,fixed_density,4.0,1,1,1.7681295512801836,4,12288,fixed_density,4.0,1,1,gain_matched,1.7652991756824257,"{""gain_matrix"": [[1.0000000000000029]]}",0.002830375597757895
identity,x,12.0,20265497,4,scaled_with_l,0.6000000000000001,12288,fixed_density,4.0,1,1,1.7681295512801836,4,12288,fixed_density,4.0,1,1,variance_matched,1.7631653048161613,"{""direction"": [1.0]}",0.0049642464640222705
identity,x,12.0,20265497,4,scaled_with_l,0.6000000000000001,12288,fixed_density,4.0,1,1,1.7681295512801836,4,12288,fixed_density,4.0,1,1,shuffled_target,-7.282736005801399e-05,{},1.7682023786402417
identity,x,12.0,20265497,4,scaled_with_l,0.6000000000000001,12288,fixed_density,4.0,1,1,1.7681295512801836,4,12288,fixed_density,4.0,1,1,analytic_volume,2.4849066497880004,"{""source_dim"": 1}",-0.7167770985078168
identity,x,12.0,20265514,5,scaled_with_l,0.6000000000000001,12288,fixed_density,4.0,1,1,1.7656846149126537,5,12288,fixed_density,4.0,1,1,null,-9.683693450214139e-05,{},1.765781451847156
identity,x,12.0,20265514,5,scaled_with_l,0.6000000000000001,12288,fixed_density,4.0,1,1,1.7656846149126537,5,12288,fixed_density,4.0,1,1,identity,1.7667076741807195,"{""projection"": [[1.0]]}",-0.0010230592680657846
identity,x,12.0,20265514,5,scaled_with_l,0.6000000000000001,12288,fixed_density,4.0,1,1,1.7656846149126537,5,12288,fixed_density,4.0,1,1,gain_matched,1.775098205926238,"{""gain_matrix"": [[1.000000000000002]]}",-0.009413591013584188
identity,x,12.0,20265514,5,scaled_with_l,0.6000000000000001,12288,fixed_density,4.0,1,1,1.7656846149126537,5,12288,fixed_density,4.0,1,1,variance_matched,1.7668083835142767,"{""direction"": [1.0]}",-0.0011237686016229986
identity,x,12.0,20265514,5,scaled_with_l,0.6000000000000001,12288,fixed_density,4.0,1,1,1.7656846149126537,5,12288,fixed_density,4.0,1,1,shuffled_target,-3.042274014164177e-05,{},1.7657150376527952
identity,x,12.0,20265514,5,scaled_with_l,0.6000000000000001,12288,fixed_density,4.0,1,1,1.7656846149126537,5,12288,fixed_density,4.0,1,1,analytic_volume,2.4849066497880004,"{""source_dim"": 1}",-0.7192220348753466
identity,x,12.0,20265531,6,scaled_with_l,0.6000000000000001,12288,fixed_density,4.0,1,1,1.7777887519774047,6,12288,fixed_density,4.0,1,1,null,0.00017916004614641897,{},1.7776095919312582
identity,x,12.0,20265531,6,scaled_with_l,0.6000000000000001,12288,fixed_density,4.0,1,1,1.7777887519774047,6,12288,fixed_density,4.0,1,1,identity,1.7726289449903396,"{""projection"": [[1.0]]}",0.005159806987065085
identity,x,12.0,20265531,6,scaled_with_l,0.6000000000000001,12288,fixed_density,4.0,1,1,1.7777887519774047,6,12288,fixed_density,4.0,1,1,gain_matched,1.7863669264774573,"{""gain_matrix"": [[1.0000000000000024]]}",-0.008578174500052604
identity,x,12.0,20265531,6,scaled_with_l,0.6000000000000001,12288,fixed_density,4.0,1,1,1.7777887519774047,6,12288,fixed_density,4.0,1,1,variance_matched,1.7681266838883671,"{""direction"": [1.0]}",0.009662068089037579
identity,x,12.0,20265531,6,scaled_with_l,0.6000000000000001,12288,fixed_density,4.0,1,1,1.7777887519774047,6,12288,fixed_density,4.0,1,1,shuffled_target,-0.00010285019850509644,{},1.77789160217591
identity,x,12.0,20265531,6,scaled_with_l,0.6000000000000001,12288,fixed_density,4.0,1,1,1.7777887519774047,6,12288,fixed_density,4.0,1,1,analytic_volume,2.4849066497880004,"{""source_dim"": 1}",-0.7071178978105956
identity,x,12.0,20265548,7,scaled_with_l,0.6000000000000001,12288,fixed_density,4.0,1,1,1.7614034712575368,7,12288,fixed_density,4.0,1,1,null,5.01159494980176e-06,{},1.7613984596625871
identity,x,12.0,20265548,7,scaled_with_l,0.6000000000000001,12288,fixed_density,4.0,1,1,1.7614034712575368,7,12288,fixed_density,4.0,1,1,identity,1.7590829236734018,"{""projection"": [[1.0]]}",0.0023205475841350243
identity,x,12.0,20265548,7,scaled_with_l,0.6000000000000001,12288,fixed_density,4.0,1,1,1.7614034712575368,7,12288,fixed_density,4.0,1,1,gain_matched,1.768066924340695,"{""gain_matrix"": [[1.0000000000000053]]}",-0.006663453083158188
identity,x,12.0,20265548,7,scaled_with_l,0.6000000000000001,12288,fixed_density,4.0,1,1,1.7614034712575368,7,12288,fixed_density,4.0,1,1,variance_matched,1.7737742938352465,"{""direction"": [1.0]}",-0.012370822577709717
identity,x,12.0,20265548,7,scaled_with_l,0.6000000000000001,12288,fixed_density,4.0,1,1,1.7614034712575368,7,12288,fixed_density,4.0,1,1,shuffled_target,1.2839962513387554e-05,{},1.7613906312950234
identity,x,12.0,20265548,7,scaled_with_l,0.6000000000000001,12288,fixed_density,4.0,1,1,1.7614034712575368,7,12288,fixed_density,4.0,1,1,analytic_volume,2.4849066497880004,"{""source_dim"": 1}",-0.7235031785304635
identity,x,12.0,20265565,8,scaled_with_l,0.6000000000000001,12288,fixed_density,4.0,1,1,1.7621790519152036,8,12288,fixed_density,4.0,1,1,null,-2.352548020972724e-05,{},1.7622025773954133
identity,x,12.0,20265565,8,scaled_with_l,0.6000000000000001,12288,fixed_density,4.0,1,1,1.7621790519152036,8,12288,fixed_density,4.0,1,1,identity,1.7671942268463017,"{""projection"": [[1.0]]}",-0.005015174931098043
identity,x,12.0,20265565,8,scaled_with_l,0.6000000000000001,12288,fixed_density,4.0,1,1,1.7621790519152036,8,12288,fixed_density,4.0,1,1,gain_matched,1.766101067466769,"{""gain_matrix"": [[0.999999999999999]]}",-0.00392201555156535
identity,x,12.0,20265565,8,scaled_with_l,0.6000000000000001,12288,fixed_density,4.0,1,1,1.7621790519152036,8,12288,fixed_density,4.0,1,1,variance_matched,1.774580246625178,"{""direction"": [1.0]}",-0.012401194709974472
identity,x,12.0,20265565,8,scaled_with_l,0.6000000000000001,12288,fixed_density,4.0,1,1,1.7621790519152036,8,12288,fixed_density,4.0,1,1,shuffled_target,-7.81578277756463e-05,{},1.7622572097429792
identity,x,12.0,20265565,8,scaled_with_l,0.6000000000000001,12288,fixed_density,4.0,1,1,1.7621790519152036,8,12288,fixed_density,4.0,1,1,analytic_volume,2.4849066497880004,"{""source_dim"": 1}",-0.7227275978727967
identity,x,12.0,20265582,9,scaled_with_l,0.6000000000000001,12288,fixed_density,4.0,1,1,1.773641328159049,9,12288,fixed_density,4.0,1,1,null,-4.479567765333279e-06,{},1.7736458077268145
identity,x,12.0,20265582,9,scaled_with_l,0.6000000000000001,12288,fixed_density,4.0,1,1,1.773641328159049,9,12288,fixed_density,4.0,1,1,identity,1.765661608983799,"{""projection"": [[1.0]]}",0.007979719175249977
identity,x,12.0,20265582,9,scaled_with_l,0.6000000000000001,12288,fixed_density,4.0,1,1,1.773641328159049,9,12288,fixed_density,4.0,1,1,gain_matched,1.7761647565005105,"{""gain_matrix"": [[0.9999999999999991]]}",-0.0025234283414614644
identity,x,12.0,20265582,9,scaled_with_l,0.6000000000000001,12288,fixed_density,4.0,1,1,1.773641328159049,9,12288,fixed_density,4.0,1,1,variance_matched,1.7670303578152102,"{""direction"": [1.0]}",0.00661097034383884
identity,x,12.0,20265582,9,scaled_with_l,0.6000000000000001,12288,fixed_density,4.0,1,1,1.773641328159049,9,12288,fixed_density,4.0,1,1,shuffled_target,0.0001047998271475298,{},1.7735365283319016
identity,x,12.0,20265582,9,scaled_with_l,0.6000000000000001,12288,fixed_density,4.0,1,1,1.773641328159049,9,12288,fixed_density,4.0,1,1,analytic_volume,2.4849066497880004,"{""source_dim"": 1}",-0.7112653216289513
identity,x,16.0,20266429,0,scaled_with_l,0.8,16384,fixed_density,4.0,1,1,1.773333229524457,0,16384,fixed_density,4.0,1,1,null,-8.269271066889267e-05,{},1.773415922235126
identity,x,16.0,20266429,0,scaled_with_l,0.8,16384,fixed_density,4.0,1,1,1.773333229524457,0,16384,fixed_density,4.0,1,1,identity,1.7635452395994233,"{""projection"": [[1.0]]}",0.009787989925033713
identity,x,16.0,20266429,0,scaled_with_l,0.8,16384,fixed_density,4.0,1,1,1.773333229524457,0,16384,fixed_density,4.0,1,1,gain_matched,1.7627213353681541,"{""gain_matrix"": [[1.000000000000004]]}",0.010611894156302926
identity,x,16.0,20266429,0,scaled_with_l,0.8,16384,fixed_density,4.0,1,1,1.773333229524457,0,16384,fixed_density,4.0,1,1,variance_matched,1.771442638167951,"{""direction"": [1.0]}",0.001890591356506155
identity,x,16.0,20266429,0,scaled_with_l,0.8,16384,fixed_density,4.0,1,1,1.773333229524457,0,16384,fixed_density,4.0,1,1,shuffled_target,2.041503597894476e-05,{},1.773312814488478
identity,x,16.0,20266429,0,scaled_with_l,0.8,16384,fixed_density,4.0,1,1,1.773333229524457,0,16384,fixed_density,4.0,1,1,analytic_volume,2.772588722239781,"{""source_dim"": 1}",-0.9992554927153241
identity,x,16.0,20266446,1,scaled_with_l,0.8,16384,fixed_density,4.0,1,1,1.7729821547258182,1,16384,fixed_density,4.0,1,1,null,2.531893165384682e-05,{},1.7729568357941643
identity,x,16.0,20266446,1,scaled_with_l,0.8,16384,fixed_density,4.0,1,1,1.7729821547258182,1,16384,fixed_density,4.0,1,1,identity,1.7725947038023113,"{""projection"": [[1.0]]}",0.0003874509235068935
identity,x,16.0,20266446,1,scaled_with_l,0.8,16384,fixed_density,4.0,1,1,1.7729821547258182,1,16384,fixed_density,4.0,1,1,gain_matched,1.776283297054964,"{""gain_matrix"": [[0.9999999999999928]]}",-0.003301142329145801
identity,x,16.0,20266446,1,scaled_with_l,0.8,16384,fixed_density,4.0,1,1,1.7729821547258182,1,16384,fixed_density,4.0,1,1,variance_matched,1.7700750850702116,"{""direction"": [1.0]}",0.002907069655606609
identity,x,16.0,20266446,1,scaled_with_l,0.8,16384,fixed_density,4.0,1,1,1.7729821547258182,1,16384,fixed_density,4.0,1,1,shuffled_target,-1.547715401750799e-05,{},1.7729976318798357
identity,x,16.0,20266446,1,scaled_with_l,0.8,16384,fixed_density,4.0,1,1,1.7729821547258182,1,16384,fixed_density,4.0,1,1,analytic_volume,2.772588722239781,"{""source_dim"": 1}",-0.9996065675139629
identity,x,16.0,20266463,2,scaled_with_l,0.8,16384,fixed_density,4.0,1,1,1.7591479291366747,2,16384,fixed_density,4.0,1,1,null,-3.5982858835040535e-05,{},1.7591839119955097
identity,x,16.0,20266463,2,scaled_with_l,0.8,16384,fixed_density,4.0,1,1,1.7591479291366747,2,16384,fixed_density,4.0,1,1,identity,1.7600881432978752,"{""projection"": [[1.0]]}",-0.0009402141612004922
identity,x,16.0,20266463,2,scaled_with_l,0.8,16384,fixed_density,4.0,1,1,1.7591479291366747,2,16384,fixed_density,4.0,1,1,gain_matched,1.7765352205407456,"{""gain_matrix"": [[1.0000000000000022]]}",-0.017387291404070915
identity,x,16.0,20266463,2,scaled_with_l,0.8,16384,fixed_density,4.0,1,1,1.7591479291366747,2,16384,fixed_density,4.0,1,1,variance_matched,1.7605801419785716,"{""direction"": [1.0]}",-0.0014322128418968738
identity,x,16.0,20266463,2,scaled_with_l,0.8,16384,fixed_density,4.0,1,1,1.7591479291366747,2,16384,fixed_density,4.0,1,1,shuffled_target,-9.078627365813007e-05,{},1.7592387154103328
identity,x,16.0,20266463,2,scaled_with_l,0.8,16384,fixed_density,4.0,1,1,1.7591479291366747,2,16384,fixed_density,4.0,1,1,analytic_volume,2.772588722239781,"{""source_dim"": 1}",-1.0134407931031064
identity,x,16.0,20266480,3,scaled_with_l,0.8,16384,fixed_density,4.0,1,1,1.760596217647993,3,16384,fixed_density,4.0,1,1,null,-1.5504118888850566e-06,{},1.7605977680598819
identity,x,16.0,20266480,3,scaled_with_l,0.8,16384,fixed_density,4.0,1,1,1.760596217647993,3,16384,fixed_density,4.0,1,1,identity,1.7565702403536378,"{""projection"": [[1.0]]}",0.004025977294355165
identity,x,16.0,20266480,3,scaled_with_l,0.8,16384,fixed_density,4.0,1,1,1.760596217647993,3,16384,fixed_density,4.0,1,1,gain_matched,1.7707714573712203,"{""gain_matrix"": [[1.000000000000001]]}",-0.010175239723227314
identity,x,16.0,20266480,3,scaled_with_l,0.8,16384,fixed_density,4.0,1,1,1.760596217647993,3,16384,fixed_density,4.0,1,1,variance_matched,1.7614133695762668,"{""direction"": [1.0]}",-0.0008171519282738071
identity,x,16.0,20266480,3,scaled_with_l,0.8,16384,fixed_density,4.0,1,1,1.760596217647993,3,16384,fixed_density,4.0,1,1,shuffled_target,-7.500202370358961e-06,{},1.7606037178503633
identity,x,16.0,20266480,3,scaled_with_l,0.8,16384,fixed_density,4.0,1,1,1.760596217647993,3,16384,fixed_density,4.0,1,1,analytic_volume,2.772588722239781,"{""source_dim"": 1}",-1.0119925045917881
identity,x,16.0,20266497,4,scaled_with_l,0.8,16384,fixed_density,4.0,1,1,1.7627844230557237,4,16384,fixed_density,4.0,1,1,null,5.4049764513742586e-05,{},1.7627303732912099
identity,x,16.0,20266497,4,scaled_with_l,0.8,16384,fixed_density,4.0,1,1,1.7627844230557237,4,16384,fixed_density,4.0,1,1,identity,1.7666096544224312,"{""projection"": [[1.0]]}",-0.0038252313667075377
identity,x,16.0,20266497,4,scaled_with_l,0.8,16384,fixed_density,4.0,1,1,1.7627844230557237,4,16384,fixed_density,4.0,1,1,gain_matched,1.7650079688408997,"{""gain_matrix"": [[0.9999999999999986]]}",-0.0022235457851760287
identity,x,16.0,20266497,4,scaled_with_l,0.8,16384,fixed_density,4.0,1,1,1.7627844230557237,4,16384,fixed_density,4.0,1,1,variance_matched,1.7697916619072425,"{""direction"": [1.0]}",-0.007007238851518771
identity,x,16.0,20266497,4,scaled_with_l,0.8,16384,fixed_density,4.0,1,1,1.7627844230557237,4,16384,fixed_density,4.0,1,1,shuffled_target,-6.757673623551178e-05,{},1.7628519997919592
identity,x,16.0,20266497,4,scaled_with_l,0.8,16384,fixed_density,4.0,1,1,1.7627844230557237,4,16384,fixed_density,4.0,1,1,analytic_volume,2.772588722239781,"{""source_dim"": 1}",-1.0098042991840575
identity,x,16.0,20266514,5,scaled_with_l,0.8,16384,fixed_density,4.0,1,1,1.7678069703433863,5,16384,fixed_density,4.0,1,1,null,-4.479504750700212e-05,{},1.7678517653908934
identity,x,16.0,20266514,5,scaled_with_l,0.8,16384,fixed_density,4.0,1,1,1.7678069703433863,5,16384,fixed_density,4.0,1,1,identity,1.7686036979262292,"{""projection"": [[1.0]]}",-0.0007967275828428821
identity,x,16.0,20266514,5,scaled_with_l,0.8,16384,fixed_density,4.0,1,1,1.7678069703433863,5,16384,fixed_density,4.0,1,1,gain_matched,1.7613305430172717,"{""gain_matrix"": [[0.9999999999999929]]}",0.006476427326114642
identity,x,16.0,20266514,5,scaled_with_l,0.8,16384,fixed_density,4.0,1,1,1.7678069703433863,5,16384,fixed_density,4.0,1,1,variance_matched,1.754716978628008,"{""direction"": [1.0]}",0.01308999171537839
identity,x,16.0,20266514,5,scaled_with_l,0.8,16384,fixed_density,4.0,1,1,1.7678069703433863,5,16384,fixed_density,4.0,1,1,shuffled_target,3.0794460702160506e-05,{},1.7677761758826842
identity,x,16.0,20266514,5,scaled_with_l,0.8,16384,fixed_density,4.0,1,1,1.7678069703433863,5,16384,fixed_density,4.0,1,1,analytic_volume,2.772588722239781,"{""source_dim"": 1}",-1.0047817518963948
identity,x,16.0,20266531,6,scaled_with_l,0.8,16384,fixed_density,4.0,1,1,1.7751465688575112,6,16384,fixed_density,4.0,1,1,null,-4.211246855682455e-05,{},1.775188681326068
identity,x,16.0,20266531,6,scaled_with_l,0.8,16384,fixed_density,4.0,1,1,1.7751465688575112,6,16384,fixed_density,4.0,1,1,identity,1.7712166045356588,"{""projection"": [[1.0]]}",0.003929964321852442
identity,x,16.0,20266531,6,scaled_with_l,0.8,16384,fixed_density,4.0,1,1,1.7751465688575112,6,16384,fixed_density,4.0,1,1,gain_matched,1.7644818872468297,"{""gain_matrix"": [[0.9999999999999961]]}",0.010664681610681459
identity,x,16.0,20266531,6,scaled_with_l,0.8,16384,fixed_density,4.0,1,1,1.7751465688575112,6,16384,fixed_density,4.0,1,1,variance_matched,1.7722392258371547,"{""direction"": [1.0]}",0.0029073430203565565
identity,x,16.0,20266531,6,scaled_with_l,0.8,16384,fixed_density,4.0,1,1,1.7751465688575112,6,16384,fixed_density,4.0,1,1,shuffled_target,8.796135758207705e-05,{},1.775058607499929
identity,x,16.0,20266531,6,scaled_with_l,0.8,16384,fixed_density,4.0,1,1,1.7751465688575112,6,16384,fixed_density,4.0,1,1,analytic_volume,2.772588722239781,"{""source_dim"": 1}",-0.9974421533822699
identity,x,16.0,20266548,7,scaled_with_l,0.8,16384,fixed_density,4.0,1,1,1.761157682603531,7,16384,fixed_density,4.0,1,1,null,-7.243095070463727e-05,{},1.7612301135542354
identity,x,16.0,20266548,7,scaled_with_l,0.8,16384,fixed_density,4.0,1,1,1.761157682603531,7,16384,fixed_density,4.0,1,1,identity,1.7749998193519294,"{""projection"": [[1.0]]}",-0.013842136748398515
identity,x,16.0,20266548,7,scaled_with_l,0.8,16384,fixed_density,4.0,1,1,1.761157682603531,7,16384,fixed_density,4.0,1,1,gain_matched,1.7619178962097533,"{""gain_matrix"": [[0.999999999999999]]}",-0.0007602136062223597
identity,x,16.0,20266548,7,scaled_with_l,0.8,16384,fixed_density,4.0,1,1,1.761157682603531,7,16384,fixed_density,4.0,1,1,variance_matched,1.7665078571825634,"{""direction"": [1.0]}",-0.0053501745790325295
identity,x,16.0,20266548,7,scaled_with_l,0.8,16384,fixed_density,4.0,1,1,1.761157682603531,7,16384,fixed_density,4.0,1,1,shuffled_target,3.9381529211505735e-05,{},1.7611183010743194
identity,x,16.0,20266548,7,scaled_with_l,0.8,16384,fixed_density,4.0,1,1,1.761157682603531,7,16384,fixed_density,4.0,1,1,analytic_volume,2.772588722239781,"{""source_dim"": 1}",-1.0114310396362503
identity,x,16.0,20266565,8,scaled_with_l,0.8,16384,fixed_density,4.0,1,1,1.7683645609483731,8,16384,fixed_density,4.0,1,1,null,-2.1377890476369537e-05,{},1.7683859388388494
identity,x,16.0,20266565,8,scaled_with_l,0.8,16384,fixed_density,4.0,1,1,1.7683645609483731,8,16384,fixed_density,4.0,1,1,identity,1.7776034139831152,"{""projection"": [[1.0]]}",-0.009238853034742034
identity,x,16.0,20266565,8,scaled_with_l,0.8,16384,fixed_density,4.0,1,1,1.7683645609483731,8,16384,fixed_density,4.0,1,1,gain_matched,1.7547692155457844,"{""gain_matrix"": [[0.9999999999999927]]}",0.013595345402588777
identity,x,16.0,20266565,8,scaled_with_l,0.8,16384,fixed_density,4.0,1,1,1.7683645609483731,8,16384,fixed_density,4.0,1,1,variance_matched,1.774121211562044,"{""direction"": [1.0]}",-0.005756650613670811
identity,x,16.0,20266565,8,scaled_with_l,0.8,16384,fixed_density,4.0,1,1,1.7683645609483731,8,16384,fixed_density,4.0,1,1,shuffled_target,1.6941914241799073e-05,{},1.7683476190341314
identity,x,16.0,20266565,8,scaled_with_l,0.8,16384,fixed_density,4.0,1,1,1.7683645609483731,8,16384,fixed_density,4.0,1,1,analytic_volume,2.772588722239781,"{""source_dim"": 1}",-1.004224161291408
identity,x,16.0,20266582,9,scaled_with_l,0.8,16384,fixed_density,4.0,1,1,1.7605080425057302,9,16384,fixed_density,4.0,1,1,null,-3.46669026871225e-05,{},1.7605427094084174
identity,x,16.0,20266582,9,scaled_with_l,0.8,16384,fixed_density,4.0,1,1,1.7605080425057302,9,16384,fixed_density,4.0,1,1,identity,1.763845368807608,"{""projection"": [[1.0]]}",-0.0033373263018776633
identity,x,16.0,20266582,9,scaled_with_l,0.8,16384,fixed_density,4.0,1,1,1.7605080425057302,9,16384,fixed_density,4.0,1,1,gain_matched,1.7689780578252339,"{""gain_matrix"": [[0.9999999999999984]]}",-0.008470015319503643
identity,x,16.0,20266582,9,scaled_with_l,0.8,16384,fixed_density,4.0,1,1,1.7605080425057302,9,16384,fixed_density,4.0,1,1,variance_matched,1.772703821175055,"{""direction"": [1.0]}",-0.012195778669324753
identity,x,16.0,20266582,9,scaled_with_l,0.8,16384,fixed_density,4.0,1,1,1.7605080425057302,9,16384,fixed_density,4.0,1,1,shuffled_target,3.140355208239149e-05,{},1.760476638953648
identity,x,16.0,20266582,9,scaled_with_l,0.8,16384,fixed_density,4.0,1,1,1.7605080425057302,9,16384,fixed_density,4.0,1,1,analytic_volume,2.772588722239781,"{""source_dim"": 1}",-1.012080679734051
square,x^2,0.5,20360429,0,fixed,0.05,512,fixed_density,4.0,1,1,0.09704394721020211,0,512,fixed_density,4.0,1,1,null,0.004853319545993453,{},0.09219062766420866
square,x^2,0.5,20360429,0,fixed,0.05,512,fixed_density,4.0,1,1,0.09704394721020211,0,512,fixed_density,4.0,1,1,identity,1.1199342921251583,"{""projection"": [[1.0]]}",-1.0228903449149562
square,x^2,0.5,20360429,0,fixed,0.05,512,fixed_density,4.0,1,1,0.09704394721020211,0,512,fixed_density,4.0,1,1,gain_matched,-0.0021768525758231933,"{""gain_matrix"": [[0.003216129788417398]]}",0.0992207997860253
square,x^2,0.5,20360429,0,fixed,0.05,512,fixed_density,4.0,1,1,0.09704394721020211,0,512,fixed_density,4.0,1,1,variance_matched,0.05705145102600907,"{""direction"": [1.0]}",0.03999249618419304
square,x^2,0.5,20360429,0,fixed,0.05,512,fixed_density,4.0,1,1,0.09704394721020211,0,512,fixed_density,4.0,1,1,shuffled_target,-0.001989712816318556,{},0.09903366002652067
square,x^2,0.5,20360429,0,fixed,0.05,512,fixed_density,4.0,1,1,0.09704394721020211,0,512,fixed_density,4.0,1,1,analytic_volume,-0.6931471805599453,"{""source_dim"": 1}",0.7901911277701474
square,x^2,0.5,20360446,1,fixed,0.05,512,fixed_density,4.0,1,1,0.07872709098897808,1,512,fixed_density,4.0,1,1,null,-0.0009445059919240056,{},0.07967159698090208
square,x^2,0.5,20360446,1,fixed,0.05,512,fixed_density,4.0,1,1,0.07872709098897808,1,512,fixed_density,4.0,1,1,identity,1.0647026137487647,"{""projection"": [[1.0]]}",-0.9859755227597866
square,x^2,0.5,20360446,1,fixed,0.05,512,fixed_density,4.0,1,1,0.07872709098897808,1,512,fixed_density,4.0,1,1,gain_matched,-0.0024268781344084257,"{""gain_matrix"": [[-0.00045458846138461635]]}",0.0811539691233865
square,x^2,0.5,20360446,1,fixed,0.05,512,fixed_density,4.0,1,1,0.07872709098897808,1,512,fixed_density,4.0,1,1,variance_matched,0.10197428378048533,"{""direction"": [1.0]}",-0.02324719279150725
square,x^2,0.5,20360446,1,fixed,0.05,512,fixed_density,4.0,1,1,0.07872709098897808,1,512,fixed_density,4.0,1,1,shuffled_target,0.0026157690135393064,{},0.07611132197543877
square,x^2,0.5,20360446,1,fixed,0.05,512,fixed_density,4.0,1,1,0.07872709098897808,1,512,fixed_density,4.0,1,1,analytic_volume,-0.6931471805599453,"{""source_dim"": 1}",0.7718742715489234
square,x^2,0.5,20360463,2,fixed,0.05,512,fixed_density,4.0,1,1,0.07033650122949507,2,512,fixed_density,4.0,1,1,null,-0.00020754600825305175,{},0.07054404723774813
square,x^2,0.5,20360463,2,fixed,0.05,512,fixed_density,4.0,1,1,0.07033650122949507,2,512,fixed_density,4.0,1,1,identity,1.148694683689061,"{""projection"": [[1.0]]}",-1.078358182459566
square,x^2,0.5,20360463,2,fixed,0.05,512,fixed_density,4.0,1,1,0.07033650122949507,2,512,fixed_density,4.0,1,1,gain_matched,0.0014475989195959545,"{""gain_matrix"": [[0.01184296863837393]]}",0.06888890230989912
square,x^2,0.5,20360463,2,fixed,0.05,512,fixed_density,4.0,1,1,0.07033650122949507,2,512,fixed_density,4.0,1,1,variance_matched,0.0502783106087948,"{""direction"": [1.0]}",0.020058190620700272
square,x^2,0.5,20360463,2,fixed,0.05,512,fixed_density,4.0,1,1,0.07033650122949507,2,512,fixed_density,4.0,1,1,shuffled_target,0.0005367226219138055,{},0.06979977860758127
square,x^2,0.5,20360463,2,fixed,0.05,512,fixed_density,4.0,1,1,0.07033650122949507,2,512,fixed_density,4.0,1,1,analytic_volume,-0.6931471805599453,"{""source_dim"": 1}",0.7634836817894404
square,x^2,0.5,20360480,3,fixed,0.05,512,fixed_density,4.0,1,1,0.045527484681623404,3,512,fixed_density,4.0,1,1,null,-5.829025239186122e-05,{},0.045585774934015263
square,x^2,0.5,20360480,3,fixed,0.05,512,fixed_density,4.0,1,1,0.045527484681623404,3,512,fixed_density,4.0,1,1,identity,1.1488727574556126,"{""projection"": [[1.0]]}",-1.1033452727739892
square,x^2,0.5,20360480,3,fixed,0.05,512,fixed_density,4.0,1,1,0.045527484681623404,3,512,fixed_density,4.0,1,1,gain_matched,-0.0013373342604478095,"{""gain_matrix"": [[0.000616310332308648]]}",0.046864818942071215
square,x^2,0.5,20360480,3,fixed,0.05,512,fixed_density,4.0,1,1,0.045527484681623404,3,512,fixed_density,4.0,1,1,variance_matched,0.06866942377153695,"{""direction"": [1.0]}",-0.02314193908991355
square,x^2,0.5,20360480,3,fixed,0.05,512,fixed_density,4.0,1,1,0.045527484681623404,3,512,fixed_density,4.0,1,1,shuffled_target,-0.0009697706333456008,{},0.046497255314969003
square,x^2,0.5,20360480,3,fixed,0.05,512,fixed_density,4.0,1,1,0.045527484681623404,3,512,fixed_density,4.0,1,1,analytic_volume,-0.6931471805599453,"{""source_dim"": 1}",0.7386746652415687
square,x^2,0.5,20360497,4,fixed,0.05,512,fixed_density,4.0,1,1,0.04330972383989905,4,512,fixed_density,4.0,1,1,null,0.00940480496896213,{},0.03390491887093692
square,x^2,0.5,20360497,4,fixed,0.05,512,fixed_density,4.0,1,1,0.04330972383989905,4,512,fixed_density,4.0,1,1,identity,1.1395157018264421,"{""projection"": [[1.0]]}",-1.0962059779865432
square,x^2,0.5,20360497,4,fixed,0.05,512,fixed_density,4.0,1,1,0.04330972383989905,4,512,fixed_density,4.0,1,1,gain_matched,0.007360286596213279,"{""gain_matrix"": [[-0.00016091260199871008]]}",0.03594943724368577
square,x^2,0.5,20360497,4,fixed,0.05,512,fixed_density,4.0,1,1,0.04330972383989905,4,512,fixed_density,4.0,1,1,variance_matched,0.053647269492706456,"{""direction"": [1.0]}",-0.010337545652807409
square,x^2,0.5,20360497,4,fixed,0.05,512,fixed_density,4.0,1,1,0.04330972383989905,4,512,fixed_density,4.0,1,1,shuffled_target,-0.0005733175007817046,{},0.04388304134068075
square,x^2,0.5,20360497,4,fixed,0.05,512,fixed_density,4.0,1,1,0.04330972383989905,4,512,fixed_density,4.0,1,1,analytic_volume,-0.6931471805599453,"{""source_dim"": 1}",0.7364569043998443
square,x^2,0.5,20360514,5,fixed,0.05,512,fixed_density,4.0,1,1,0.0714889760898407,5,512,fixed_density,4.0,1,1,null,-0.0016058459333847409,{},0.07309482202322544
square,x^2,0.5,20360514,5,fixed,0.05,512,fixed_density,4.0,1,1,0.0714889760898407,5,512,fixed_density,4.0,1,1,identity,1.1212781239315306,"{""projection"": [[1.0]]}",-1.0497891478416899
square,x^2,0.5,20360514,5,fixed,0.05,512,fixed_density,4.0,1,1,0.0714889760898407,5,512,fixed_density,4.0,1,1,gain_matched,-0.0006643444204595395,"{""gain_matrix"": [[-2.644526607848251e-05]]}",0.07215332051030024
square,x^2,0.5,20360514,5,fixed,0.05,512,fixed_density,4.0,1,1,0.0714889760898407,5,512,fixed_density,4.0,1,1,variance_matched,0.0390409816782345,"{""direction"": [1.0]}",0.0324479944116062
square,x^2,0.5,20360514,5,fixed,0.05,512,fixed_density,4.0,1,1,0.0714889760898407,5,512,fixed_density,4.0,1,1,shuffled_target,-0.0012524029880524351,{},0.07274137907789313
square,x^2,0.5,20360514,5,fixed,0.05,512,fixed_density,4.0,1,1,0.0714889760898407,5,512,fixed_density,4.0,1,1,analytic_volume,-0.6931471805599453,"{""source_dim"": 1}",0.764636156649786
square,x^2,0.5,20360531,6,fixed,0.05,512,fixed_density,4.0,1,1,0.08507828750022045,6,512,fixed_density,4.0,1,1,null,0.0016589322089519709,{},0.08341935529126848
square,x^2,0.5,20360531,6,fixed,0.05,512,fixed_density,4.0,1,1,0.08507828750022045,6,512,fixed_density,4.0,1,1,identity,1.1836926691485923,"{""projection"": [[1.0]]}",-1.0986143816483718
square,x^2,0.5,20360531,6,fixed,0.05,512,fixed_density,4.0,1,1,0.08507828750022045,6,512,fixed_density,4.0,1,1,gain_matched,-0.00012234466009987312,"{""gain_matrix"": [[0.007392170376557428]]}",0.08520063216032032
square,x^2,0.5,20360531,6,fixed,0.05,512,fixed_density,4.0,1,1,0.08507828750022045,6,512,fixed_density,4.0,1,1,variance_matched,0.08309201668889238,"{""direction"": [1.0]}",0.0019862708113280725
square,x^2,0.5,20360531,6,fixed,0.05,512,fixed_density,4.0,1,1,0.08507828750022045,6,512,fixed_density,4.0,1,1,shuffled_target,-0.002151989308941032,{},0.08723027680916148
square,x^2,0.5,20360531,6,fixed,0.05,512,fixed_density,4.0,1,1,0.08507828750022045,6,512,fixed_density,4.0,1,1,analytic_volume,-0.6931471805599453,"{""source_dim"": 1}",0.7782254680601657
square,x^2,0.5,20360548,7,fixed,0.05,512,fixed_density,4.0,1,1,0.05232667364454987,7,512,fixed_density,4.0,1,1,null,0.004626102497740852,{},0.04770057114680902
square,x^2,0.5,20360548,7,fixed,0.05,512,fixed_density,4.0,1,1,0.05232667364454987,7,512,fixed_density,4.0,1,1,identity,1.1656004345097744,"{""projection"": [[1.0]]}",-1.1132737608652246
square,x^2,0.5,20360548,7,fixed,0.05,512,fixed_density,4.0,1,1,0.05232667364454987,7,512,fixed_density,4.0,1,1,gain_matched,-0.0018538324994649726,"{""gain_matrix"": [[-0.004772078340407052]]}",0.054180506144014845
square,x^2,0.5,20360548,7,fixed,0.05,512,fixed_density,4.0,1,1,0.05232667364454987,7,512,fixed_density,4.0,1,1,variance_matched,0.05299668304642979,"{""direction"": [1.0]}",-0.0006700094018799244
square,x^2,0.5,20360548,7,fixed,0.05,512,fixed_density,4.0,1,1,0.05232667364454987,7,512,fixed_density,4.0,1,1,shuffled_target,0.0001300837818742303,{},0.05219658986267564
square,x^2,0.5,20360548,7,fixed,0.05,512,fixed_density,4.0,1,1,0.05232667364454987,7,512,fixed_density,4.0,1,1,analytic_volume,-0.6931471805599453,"{""source_dim"": 1}",0.7454738542044952
square,x^2,0.5,20360565,8,fixed,0.05,512,fixed_density,4.0,1,1,0.0657824849336804,8,512,fixed_density,4.0,1,1,null,0.000537575377962896,{},0.0652449095557175
square,x^2,0.5,20360565,8,fixed,0.05,512,fixed_density,4.0,1,1,0.0657824849336804,8,512,fixed_density,4.0,1,1,identity,1.0985128709698668,"{""projection"": [[1.0]]}",-1.0327303860361865
square,x^2,0.5,20360565,8,fixed,0.05,512,fixed_density,4.0,1,1,0.0657824849336804,8,512,fixed_density,4.0,1,1,gain_matched,0.0004952928331170467,"{""gain_matrix"": [[0.009333518745087149]]}",0.06528719210056336
square,x^2,0.5,20360565,8,fixed,0.05,512,fixed_density,4.0,1,1,0.0657824849336804,8,512,fixed_density,4.0,1,1,variance_matched,0.07112014743344058,"{""direction"": [1.0]}",-0.005337662499760185
square,x^2,0.5,20360565,8,fixed,0.05,512,fixed_density,4.0,1,1,0.0657824849336804,8,512,fixed_density,4.0,1,1,shuffled_target,0.0018590696192047167,{},0.06392341531447568
square,x^2,0.5,20360565,8,fixed,0.05,512,fixed_density,4.0,1,1,0.0657824849336804,8,512,fixed_density,4.0,1,1,analytic_volume,-0.6931471805599453,"{""source_dim"": 1}",0.7589296654936257
square,x^2,0.5,20360582,9,fixed,0.05,512,fixed_density,4.0,1,1,0.04438385871342218,9,512,fixed_density,4.0,1,1,null,-0.0017372266969881336,{},0.046121085410410316
square,x^2,0.5,20360582,9,fixed,0.05,512,fixed_density,4.0,1,1,0.04438385871342218,9,512,fixed_density,4.0,1,1,identity,1.1061343867044935,"{""projection"": [[1.0]]}",-1.0617505279910713
square,x^2,0.5,20360582,9,fixed,0.05,512,fixed_density,4.0,1,1,0.04438385871342218,9,512,fixed_density,4.0,1,1,gain_matched,-0.0021723173668826115,"{""gain_matrix"": [[-0.003776874854971293]]}",0.046556176080304795
square,x^2,0.5,20360582,9,fixed,0.05,512,fixed_density,4.0,1,1,0.04438385871342218,9,512,fixed_density,4.0,1,1,variance_matched,0.07865400335608608,"{""direction"": [1.0]}",-0.0342701446426639
square,x^2,0.5,20360582,9,fixed,0.05,512,fixed_density,4.0,1,1,0.04438385871342218,9,512,fixed_density,4.0,1,1,shuffled_target,0.0024717928451866594,{},0.041912065868235523
square,x^2,0.5,20360582,9,fixed,0.05,512,fixed_density,4.0,1,1,0.04438385871342218,9,512,fixed_density,4.0,1,1,analytic_volume,-0.6931471805599453,"{""source_dim"": 1}",0.7375310392733675
square,x^2,1.0,20361429,0,fixed,0.05,1024,fixed_density,4.0,1,1,0.5829655445516929,0,1024,fixed_density,4.0,1,1,null,0.0027964103833050405,{},0.5801691341683879
square,x^2,1.0,20361429,0,fixed,0.05,1024,fixed_density,4.0,1,1,0.5829655445516929,0,1024,fixed_density,4.0,1,1,identity,1.7368609427227977,"{""projection"": [[1.0]]}",-1.1538953981711049
square,x^2,1.0,20361429,0,fixed,0.05,1024,fixed_density,4.0,1,1,0.5829655445516929,0,1024,fixed_density,4.0,1,1,gain_matched,0.007670222557038545,"{""gain_matrix"": [[-0.01805629660984874]]}",0.5752953219946544
square,x^2,1.0,20361429,0,fixed,0.05,1024,fixed_density,4.0,1,1,0.5829655445516929,0,1024,fixed_density,4.0,1,1,variance_matched,0.5943992759332041,"{""direction"": [1.0]}",-0.011433731381511159
square,x^2,1.0,20361429,0,fixed,0.05,1024,fixed_density,4.0,1,1,0.5829655445516929,0,1024,fixed_density,4.0,1,1,shuffled_target,-0.001156157189028715,{},0.5841217017407216
square,x^2,1.0,20361429,0,fixed,0.05,1024,fixed_density,4.0,1,1,0.5829655445516929,0,1024,fixed_density,4.0,1,1,analytic_volume,0.0,"{""source_dim"": 1}",0.5829655445516929
square,x^2,1.0,20361446,1,fixed,0.05,1024,fixed_density,4.0,1,1,0.5753794749548673,1,1024,fixed_density,4.0,1,1,null,0.0010875544390344981,{},0.5742919205158328
square,x^2,1.0,20361446,1,fixed,0.05,1024,fixed_density,4.0,1,1,0.5753794749548673,1,1024,fixed_density,4.0,1,1,identity,1.758371531966783,"{""projection"": [[1.0]]}",-1.1829920570119157
square,x^2,1.0,20361446,1,fixed,0.05,1024,fixed_density,4.0,1,1,0.5753794749548673,1,1024,fixed_density,4.0,1,1,gain_matched,-0.0010642922373055848,"{""gain_matrix"": [[-0.00372110162249738]]}",0.5764437671921728
square,x^2,1.0,20361446,1,fixed,0.05,1024,fixed_density,4.0,1,1,0.5753794749548673,1,1024,fixed_density,4.0,1,1,variance_matched,0.5910476033190102,"{""direction"": [1.0]}",-0.015668128364142886
square,x^2,1.0,20361446,1,fixed,0.05,1024,fixed_density,4.0,1,1,0.5753794749548673,1,1024,fixed_density,4.0,1,1,shuffled_target,-0.0005275659207036607,{},0.575907040875571
square,x^2,1.0,20361446,1,fixed,0.05,1024,fixed_density,4.0,1,1,0.5753794749548673,1,1024,fixed_density,4.0,1,1,analytic_volume,0.0,"{""source_dim"": 1}",0.5753794749548673
square,x^2,1.0,20361463,2,fixed,0.05,1024,fixed_density,4.0,1,1,0.5682771191719129,2,1024,fixed_density,4.0,1,1,null,-7.553507133126929e-05,{},0.5683526542432442
square,x^2,1.0,20361463,2,fixed,0.05,1024,fixed_density,4.0,1,1,0.5682771191719129,2,1024,fixed_density,4.0,1,1,identity,1.8376689582625356,"{""projection"": [[1.0]]}",-1.2693918390906227
square,x^2,1.0,20361463,2,fixed,0.05,1024,fixed_density,4.0,1,1,0.5682771191719129,2,1024,fixed_density,4.0,1,1,gain_matched,0.0018344764090085326,"{""gain_matrix"": [[-0.006855989120093232]]}",0.5664426427629043
square,x^2,1.0,20361463,2,fixed,0.05,1024,fixed_density,4.0,1,1,0.5682771191719129,2,1024,fixed_density,4.0,1,1,variance_matched,0.6120174032019134,"{""direction"": [1.0]}",-0.04374028403000052
square,x^2,1.0,20361463,2,fixed,0.05,1024,fixed_density,4.0,1,1,0.5682771191719129,2,1024,fixed_density,4.0,1,1,shuffled_target,-0.0006149190322797503,{},0.5688920382041927
square,x^2,1.0,20361463,2,fixed,0.05,1024,fixed_density,4.0,1,1,0.5682771191719129,2,1024,fixed_density,4.0,1,1,analytic_volume,0.0,"{""source_dim"": 1}",0.5682771191719129
square,x^2,1.0,20361480,3,fixed,0.05,1024,fixed_density,4.0,1,1,0.5981701883421741,3,1024,fixed_density,4.0,1,1,null,-0.00026217496335718916,{},0.5984323633055313
square,x^2,1.0,20361480,3,fixed,0.05,1024,fixed_density,4.0,1,1,0.5981701883421741,3,1024,fixed_density,4.0,1,1,identity,1.7602903675709034,"{""projection"": [[1.0]]}",-1.1621201792287295
square,x^2,1.0,20361480,3,fixed,0.05,1024,fixed_density,4.0,1,1,0.5981701883421741,3,1024,fixed_density,4.0,1,1,gain_matched,0.00041517988123558613,"{""gain_matrix"": [[-0.007256722664729236]]}",0.5977550084609384
square,x^2,1.0,20361480,3,fixed,0.05,1024,fixed_density,4.0,1,1,0.5981701883421741,3,1024,fixed_density,4.0,1,1,variance_matched,0.5942738676071406,"{""direction"": [1.0]}",0.0038963207350334317
square,x^2,1.0,20361480,3,fixed,0.05,1024,fixed_density,4.0,1,1,0.5981701883421741,3,1024,fixed_density,4.0,1,1,shuffled_target,-1.145653355334817e-06,{},0.5981713339955294
square,x^2,1.0,20361480,3,fixed,0.05,1024,fixed_density,4.0,1,1,0.5981701883421741,3,1024,fixed_density,4.0,1,1,analytic_volume,0.0,"{""source_dim"": 1}",0.5981701883421741
square,x^2,1.0,20361497,4,fixed,0.05,1024,fixed_density,4.0,1,1,0.5868773695811706,4,1024,fixed_density,4.0,1,1,null,-0.001026960859589156,{},0.5879043304407598
square,x^2,1.0,20361497,4,fixed,0.05,1024,fixed_density,4.0,1,1,0.5868773695811706,4,1024,fixed_density,4.0,1,1,identity,1.7252195301698432,"{""projection"": [[1.0]]}",-1.1383421605886725
square,x^2,1.0,20361497,4,fixed,0.05,1024,fixed_density,4.0,1,1,0.5868773695811706,4,1024,fixed_density,4.0,1,1,gain_matched,-0.0011212097363183394,"{""gain_matrix"": [[0.0059890685886275314]]}",0.587998579317489
square,x^2,1.0,20361497,4,fixed,0.05,1024,fixed_density,4.0,1,1,0.5868773695811706,4,1024,fixed_density,4.0,1,1,variance_matched,0.5900307610144595,"{""direction"": [1.0]}",-0.0031533914332888546
square,x^2,1.0,20361497,4,fixed,0.05,1024,fixed_density,4.0,1,1,0.5868773695811706,4,1024,fixed_density,4.0,1,1,shuffled_target,-0.001182040103976974,{},0.5880594096851476
square,x^2,1.0,20361497,4,fixed,0.05,1024,fixed_density,4.0,1,1,0.5868773695811706,4,1024,fixed_density,4.0,1,1,analytic_volume,0.0,"{""source_dim"": 1}",0.5868773695811706
square,x^2,1.0,20361514,5,fixed,0.05,1024,fixed_density,4.0,1,1,0.5937504711744181,5,1024,fixed_density,4.0,1,1,null,-0.0004529956977076862,{},0.5942034668721259
square,x^2,1.0,20361514,5,fixed,0.05,1024,fixed_density,4.0,1,1,0.5937504711744181,5,1024,fixed_density,4.0,1,1,identity,1.7931513267506172,"{""projection"": [[1.0]]}",-1.199400855576199
square,x^2,1.0,20361514,5,fixed,0.05,1024,fixed_density,4.0,1,1,0.5937504711744181,5,1024,fixed_density,4.0,1,1,gain_matched,0.0030990567345524434,"{""gain_matrix"": [[0.01564286085379239]]}",0.5906514144398657
square,x^2,1.0,20361514,5,fixed,0.05,1024,fixed_density,4.0,1,1,0.5937504711744181,5,1024,fixed_density,4.0,1,1,variance_matched,0.5766298277366615,"{""direction"": [1.0]}",0.017120643437756655
square,x^2,1.0,20361514,5,fixed,0.05,1024,fixed_density,4.0,1,1,0.5937504711744181,5,1024,fixed_density,4.0,1,1,shuffled_target,-0.0009177690194218534,{},0.59466824019384
square,x^2,1.0,20361514,5,fixed,0.05,1024,fixed_density,4.0,1,1,0.5937504711744181,5,1024,fixed_density,4.0,1,1,analytic_volume,0.0,"{""source_dim"": 1}",0.5937504711744181
square,x^2,1.0,20361531,6,fixed,0.05,1024,fixed_density,4.0,1,1,0.5553478274080592,6,1024,fixed_density,4.0,1,1,null,-0.000559647138461415,{},0.5559074745465207
square,x^2,1.0,20361531,6,fixed,0.05,1024,fixed_density,4.0,1,1,0.5553478274080592,6,1024,fixed_density,4.0,1,1,identity,1.746501868714653,"{""projection"": [[1.0]]}",-1.1911540413065937
square,x^2,1.0,20361531,6,fixed,0.05,1024,fixed_density,4.0,1,1,0.5553478274080592,6,1024,fixed_density,4.0,1,1,gain_matched,0.004369884852842713,"{""gain_matrix"": [[-0.012324785490473006]]}",0.5509779425552165
square,x^2,1.0,20361531,6,fixed,0.05,1024,fixed_density,4.0,1,1,0.5553478274080592,6,1024,fixed_density,4.0,1,1,variance_matched,0.5912138508289302,"{""direction"": [1.0]}",-0.035866023420870974
square,x^2,1.0,20361531,6,fixed,0.05,1024,fixed_density,4.0,1,1,0.5553478274080592,6,1024,fixed_density,4.0,1,1,shuffled_target,-0.0007461053183652417,{},0.5560939327264245
square,x^2,1.0,20361531,6,fixed,0.05,1024,fixed_density,4.0,1,1,0.5553478274080592,6,1024,fixed_density,4.0,1,1,analytic_volume,0.0,"{""source_dim"": 1}",0.5553478274080592
square,x^2,1.0,20361548,7,fixed,0.05,1024,fixed_density,4.0,1,1,0.5978904686913011,7,1024,fixed_density,4.0,1,1,null,-0.0011330243575467312,{},0.5990234930488478
square,x^2,1.0,20361548,7,fixed,0.05,1024,fixed_density,4.0,1,1,0.5978904686913011,7,1024,fixed_density,4.0,1,1,identity,1.7350911982894623,"{""projection"": [[1.0]]}",-1.1372007295981612
square,x^2,1.0,20361548,7,fixed,0.05,1024,fixed_density,4.0,1,1,0.5978904686913011,7,1024,fixed_density,4.0,1,1,gain_matched,-0.0008728825588400486,"{""gain_matrix"": [[0.00681278233598341]]}",0.5987633512501411
square,x^2,1.0,20361548,7,fixed,0.05,1024,fixed_density,4.0,1,1,0.5978904686913011,7,1024,fixed_density,4.0,1,1,variance_matched,0.566984214982241,"{""direction"": [1.0]}",0.030906253709060083
square,x^2,1.0,20361548,7,fixed,0.05,1024,fixed_density,4.0,1,1,0.5978904686913011,7,1024,fixed_density,4.0,1,1,shuffled_target,0.00011182684545852067,{},0.5977786418458426
square,x^2,1.0,20361548,7,fixed,0.05,1024,fixed_density,4.0,1,1,0.5978904686913011,7,1024,fixed_density,4.0,1,1,analytic_volume,0.0,"{""source_dim"": 1}",0.5978904686913011
square,x^2,1.0,20361565,8,fixed,0.05,1024,fixed_density,4.0,1,1,0.5669964749988881,8,1024,fixed_density,4.0,1,1,null,-0.0010283770744413865,{},0.5680248520733294
square,x^2,1.0,20361565,8,fixed,0.05,1024,fixed_density,4.0,1,1,0.5669964749988881,8,1024,fixed_density,4.0,1,1,identity,1.8102457278506394,"{""projection"": [[1.0]]}",-1.2432492528517514
square,x^2,1.0,20361565,8,fixed,0.05,1024,fixed_density,4.0,1,1,0.5669964749988881,8,1024,fixed_density,4.0,1,1,gain_matched,0.0022438739136991055,"{""gain_matrix"": [[-0.004926220772878965]]}",0.564752601085189
square,x^2,1.0,20361565,8,fixed,0.05,1024,fixed_density,4.0,1,1,0.5669964749988881,8,1024,fixed_density,4.0,1,1,variance_matched,0.608192420233955,"{""direction"": [1.0]}",-0.04119594523506698
square,x^2,1.0,20361565,8,fixed,0.05,1024,fixed_density,4.0,1,1,0.5669964749988881,8,1024,fixed_density,4.0,1,1,shuffled_target,0.0015784746802229815,{},0.5654180003186651
square,x^2,1.0,20361565,8,fixed,0.05,1024,fixed_density,4.0,1,1,0.5669964749988881,8,1024,fixed_density,4.0,1,1,analytic_volume,0.0,"{""source_dim"": 1}",0.5669964749988881
square,x^2,1.0,20361582,9,fixed,0.05,1024,fixed_density,4.0,1,1,0.5947218608456457,9,1024,fixed_density,4.0,1,1,null,-0.0008867757169623664,{},0.5956086365626081
square,x^2,1.0,20361582,9,fixed,0.05,1024,fixed_density,4.0,1,1,0.5947218608456457,9,1024,fixed_density,4.0,1,1,identity,1.788355449637098,"{""projection"": [[1.0]]}",-1.1936335887914522
square,x^2,1.0,20361582,9,fixed,0.05,1024,fixed_density,4.0,1,1,0.5947218608456457,9,1024,fixed_density,4.0,1,1,gain_matched,0.007689450775155072,"{""gain_matrix"": [[-0.02031165349223807]]}",0.5870324100704907
square,x^2,1.0,20361582,9,fixed,0.05,1024,fixed_density,4.0,1,1,0.5947218608456457,9,1024,fixed_density,4.0,1,1,variance_matched,0.548599296583106,"{""direction"": [1.0]}",0.04612256426253969
square,x^2,1.0,20361582,9,fixed,0.05,1024,fixed_density,4.0,1,1,0.5947218608456457,9,1024,fixed_density,4.0,1,1,shuffled_target,0.00022389754964490948,{},0.5944979632960008
square,x^2,1.0,20361582,9,fixed,0.05,1024,fixed_density,4.0,1,1,0.5947218608456457,9,1024,fixed_density,4.0,1,1,analytic_volume,0.0,"{""source_dim"": 1}",0.5947218608456457
square,x^2,2.0,20362429,0,fixed,0.05,2048,fixed_density,4.0,1,1,1.8088473512139502,0,2048,fixed_density,4.0,1,1,null,0.00046263042293403665,{},1.8083847207910162
square,x^2,2.0,20362429,0,fixed,0.05,2048,fixed_density,4.0,1,1,1.8088473512139502,0,2048,fixed_density,4.0,1,1,identity,2.482763326031556,"{""projection"": [[1.0]]}",-0.6739159748176056
square,x^2,2.0,20362429,0,fixed,0.05,2048,fixed_density,4.0,1,1,1.8088473512139502,0,2048,fixed_density,4.0,1,1,gain_matched,-9.526019070345791e-05,"{""gain_matrix"": [[0.0013777921219454282]]}",1.8089426114046536
square,x^2,2.0,20362429,0,fixed,0.05,2048,fixed_density,4.0,1,1,1.8088473512139502,0,2048,fixed_density,4.0,1,1,variance_matched,1.81231303290206,"{""direction"": [1.0]}",-0.0034656816881097896
square,x^2,2.0,20362429,0,fixed,0.05,2048,fixed_density,4.0,1,1,1.8088473512139502,0,2048,fixed_density,4.0,1,1,shuffled_target,-0.0005571375683347507,{},1.8094044887822849
square,x^2,2.0,20362429,0,fixed,0.05,2048,fixed_density,4.0,1,1,1.8088473512139502,0,2048,fixed_density,4.0,1,1,analytic_volume,0.6931471805599453,"{""source_dim"": 1}",1.115700170654005
square,x^2,2.0,20362446,1,fixed,0.05,2048,fixed_density,4.0,1,1,1.8198849498298655,1,2048,fixed_density,4.0,1,1,null,-0.0003734799362893576,{},1.8202584297661548
square,x^2,2.0,20362446,1,fixed,0.05,2048,fixed_density,4.0,1,1,1.8198849498298655,1,2048,fixed_density,4.0,1,1,identity,2.4832566672979897,"{""projection"": [[1.0]]}",-0.6633717174681242
square,x^2,2.0,20362446,1,fixed,0.05,2048,fixed_density,4.0,1,1,1.8198849498298655,1,2048,fixed_density,4.0,1,1,gain_matched,0.06217792821470006,"{""gain_matrix"": [[-0.03121720526879174]]}",1.7577070216151653
square,x^2,2.0,20362446,1,fixed,0.05,2048,fixed_density,4.0,1,1,1.8198849498298655,1,2048,fixed_density,4.0,1,1,variance_matched,1.8068939407414897,"{""direction"": [1.0]}",0.012991009088375804
square,x^2,2.0,20362446,1,fixed,0.05,2048,fixed_density,4.0,1,1,1.8198849498298655,1,2048,fixed_density,4.0,1,1,shuffled_target,-0.00034649782826106946,{},1.8202314476581265
square,x^2,2.0,20362446,1,fixed,0.05,2048,fixed_density,4.0,1,1,1.8198849498298655,1,2048,fixed_density,4.0,1,1,analytic_volume,0.6931471805599453,"{""source_dim"": 1}",1.12673776926992
square,x^2,2.0,20362463,2,fixed,0.05,2048,fixed_density,4.0,1,1,1.813323692964898,2,2048,fixed_density,4.0,1,1,null,0.00020791801243165496,{},1.8131157749524662
square,x^2,2.0,20362463,2,fixed,0.05,2048,fixed_density,4.0,1,1,1.813323692964898,2,2048,fixed_density,4.0,1,1,identity,2.475543366444922,"{""projection"": [[1.0]]}",-0.6622196734800241
square,x^2,2.0,20362463,2,fixed,0.05,2048,fixed_density,4.0,1,1,1.813323692964898,2,2048,fixed_density,4.0,1,1,gain_matched,-0.000238960641277748,"{""gain_matrix"": [[-0.004746855814613529]]}",1.8135626536061757
square,x^2,2.0,20362463,2,fixed,0.05,2048,fixed_density,4.0,1,1,1.813323692964898,2,2048,fixed_density,4.0,1,1,variance_matched,1.7890882958082122,"{""direction"": [1.0]}",0.024235397156685767
square,x^2,2.0,20362463,2,fixed,0.05,2048,fixed_density,4.0,1,1,1.813323692964898,2,2048,fixed_density,4.0,1,1,shuffled_target,-0.00020032592761617366,{},1.8135240188925141
square,x^2,2.0,20362463,2,fixed,0.05,2048,fixed_density,4.0,1,1,1.813323692964898,2,2048,fixed_density,4.0,1,1,analytic_volume,0.6931471805599453,"{""source_dim"": 1}",1.1201765124049525
square,x^2,2.0,20362480,3,fixed,0.05,2048,fixed_density,4.0,1,1,1.7890232628520235,3,2048,fixed_density,4.0,1,1,null,0.0007484247822942394,{},1.7882748380697293
square,x^2,2.0,20362480,3,fixed,0.05,2048,fixed_density,4.0,1,1,1.7890232628520235,3,2048,fixed_density,4.0,1,1,identity,2.4250447954663015,"{""projection"": [[1.0]]}",-0.636021532614278
square,x^2,2.0,20362480,3,fixed,0.05,2048,fixed_density,4.0,1,1,1.7890232628520235,3,2048,fixed_density,4.0,1,1,gain_matched,-6.643674803137015e-05,"{""gain_matrix"": [[0.003669379678904958]]}",1.789089699600055
square,x^2,2.0,20362480,3,fixed,0.05,2048,fixed_density,4.0,1,1,1.7890232628520235,3,2048,fixed_density,4.0,1,1,variance_matched,1.7876165337848127,"{""direction"": [1.0]}",0.0014067290672108435
square,x^2,2.0,20362480,3,fixed,0.05,2048,fixed_density,4.0,1,1,1.7890232628520235,3,2048,fixed_density,4.0,1,1,shuffled_target,-0.0003530910368405153,{},1.789376353888864
square,x^2,2.0,20362480,3,fixed,0.05,2048,fixed_density,4.0,1,1,1.7890232628520235,3,2048,fixed_density,4.0,1,1,analytic_volume,0.6931471805599453,"{""source_dim"": 1}",1.0958760822920781
square,x^2,2.0,20362497,4,fixed,0.05,2048,fixed_density,4.0,1,1,1.7896771380148713,4,2048,fixed_density,4.0,1,1,null,0.0007043148702790912,{},1.7889728231445923
square,x^2,2.0,20362497,4,fixed,0.05,2048,fixed_density,4.0,1,1,1.7896771380148713,4,2048,fixed_density,4.0,1,1,identity,2.4508110957737372,"{""projection"": [[1.0]]}",-0.661133957758866
square,x^2,2.0,20362497,4,fixed,0.05,2048,fixed_density,4.0,1,1,1.7896771380148713,4,2048,fixed_density,4.0,1,1,gain_matched,0.03137741809106186,"{""gain_matrix"": [[-0.02257857930755631]]}",1.7582997199238095
square,x^2,2.0,20362497,4,fixed,0.05,2048,fixed_density,4.0,1,1,1.7896771380148713,4,2048,fixed_density,4.0,1,1,variance_matched,1.7934616619049168,"{""direction"": [1.0]}",-0.003784523890045577
square,x^2,2.0,20362497,4,fixed,0.05,2048,fixed_density,4.0,1,1,1.7896771380148713,4,2048,fixed_density,4.0,1,1,shuffled_target,-0.0005738517254058636,{},1.7902509897402772
square,x^2,2.0,20362497,4,fixed,0.05,2048,fixed_density,4.0,1,1,1.7896771380148713,4,2048,fixed_density,4.0,1,1,analytic_volume,0.6931471805599453,"{""source_dim"": 1}",1.0965299574549259
square,x^2,2.0,20362514,5,fixed,0.05,2048,fixed_density,4.0,1,1,1.8061617589684478,5,2048,fixed_density,4.0,1,1,null,-0.0004922367850189289,{},1.8066539957534666
square,x^2,2.0,20362514,5,fixed,0.05,2048,fixed_density,4.0,1,1,1.8061617589684478,5,2048,fixed_density,4.0,1,1,identity,2.4442484998431304,"{""projection"": [[1.0]]}",-0.6380867408746826
square,x^2,2.0,20362514,5,fixed,0.05,2048,fixed_density,4.0,1,1,1.8061617589684478,5,2048,fixed_density,4.0,1,1,gain_matched,0.012636769507330382,"{""gain_matrix"": [[0.013587761234586774]]}",1.7935249894611174
square,x^2,2.0,20362514,5,fixed,0.05,2048,fixed_density,4.0,1,1,1.8061617589684478,5,2048,fixed_density,4.0,1,1,variance_matched,1.7739643092395323,"{""direction"": [1.0]}",0.03219744972891547
square,x^2,2.0,20362514,5,fixed,0.05,2048,fixed_density,4.0,1,1,1.8061617589684478,5,2048,fixed_density,4.0,1,1,shuffled_target,-0.0005335739107390934,{},1.8066953328791868
square,x^2,2.0,20362514,5,fixed,0.05,2048,fixed_density,4.0,1,1,1.8061617589684478,5,2048,fixed_density,4.0,1,1,analytic_volume,0.6931471805599453,"{""source_dim"": 1}",1.1130145784085026
square,x^2,2.0,20362531,6,fixed,0.05,2048,fixed_density,4.0,1,1,1.8049187740503543,6,2048,fixed_density,4.0,1,1,null,0.0009450474397065327,{},1.8039737266106477
square,x^2,2.0,20362531,6,fixed,0.05,2048,fixed_density,4.0,1,1,1.8049187740503543,6,2048,fixed_density,4.0,1,1,identity,2.428438510784018,"{""projection"": [[1.0]]}",-0.6235197367336638
square,x^2,2.0,20362531,6,fixed,0.05,2048,fixed_density,4.0,1,1,1.8049187740503543,6,2048,fixed_density,4.0,1,1,gain_matched,0.0007596611449389774,"{""gain_matrix"": [[-0.0054517835326369545]]}",1.8041591129054153
square,x^2,2.0,20362531,6,fixed,0.05,2048,fixed_density,4.0,1,1,1.8049187740503543,6,2048,fixed_density,4.0,1,1,variance_matched,1.7965735162608363,"{""direction"": [1.0]}",0.008345257789518001
square,x^2,2.0,20362531,6,fixed,0.05,2048,fixed_density,4.0,1,1,1.8049187740503543,6,2048,fixed_density,4.0,1,1,shuffled_target,-0.0004973121559276825,{},1.805416086206282
square,x^2,2.0,20362531,6,fixed,0.05,2048,fixed_density,4.0,1,1,1.8049187740503543,6,2048,fixed_density,4.0,1,1,analytic_volume,0.6931471805599453,"{""source_dim"": 1}",1.1117715934904089
square,x^2,2.0,20362548,7,fixed,0.05,2048,fixed_density,4.0,1,1,1.8000613688070461,7,2048,fixed_density,4.0,1,1,null,-0.00028507153580623046,{},1.8003464403428524
square,x^2,2.0,20362548,7,fixed,0.05,2048,fixed_density,4.0,1,1,1.8000613688070461,7,2048,fixed_density,4.0,1,1,identity,2.478695122589155,"{""projection"": [[1.0]]}",-0.6786337537821088
square,x^2,2.0,20362548,7,fixed,0.05,2048,fixed_density,4.0,1,1,1.8000613688070461,7,2048,fixed_density,4.0,1,1,gain_matched,0.023660282370370198,"{""gain_matrix"": [[-0.01827070899920716]]}",1.776401086436676
square,x^2,2.0,20362548,7,fixed,0.05,2048,fixed_density,4.0,1,1,1.8000613688070461,7,2048,fixed_density,4.0,1,1,variance_matched,1.768370178311171,"{""direction"": [1.0]}",0.03169119049587521
square,x^2,2.0,20362548,7,fixed,0.05,2048,fixed_density,4.0,1,1,1.8000613688070461,7,2048,fixed_density,4.0,1,1,shuffled_target,0.001004837587767025,{},1.7990565312192792
square,x^2,2.0,20362548,7,fixed,0.05,2048,fixed_density,4.0,1,1,1.8000613688070461,7,2048,fixed_density,4.0,1,1,analytic_volume,0.6931471805599453,"{""source_dim"": 1}",1.1069141882471007
square,x^2,2.0,20362565,8,fixed,0.05,2048,fixed_density,4.0,1,1,1.82068321878779,8,2048,fixed_density,4.0,1,1,null,3.103148078618522e-05,{},1.8206521873070038
square,x^2,2.0,20362565,8,fixed,0.05,2048,fixed_density,4.0,1,1,1.82068321878779,8,2048,fixed_density,4.0,1,1,identity,2.47743162659311,"{""projection"": [[1.0]]}",-0.6567484078053201
square,x^2,2.0,20362565,8,fixed,0.05,2048,fixed_density,4.0,1,1,1.82068321878779,8,2048,fixed_density,4.0,1,1,gain_matched,-0.0005682572625113081,"{""gain_matrix"": [[-0.0008446284855480593]]}",1.8212514760503014
square,x^2,2.0,20362565,8,fixed,0.05,2048,fixed_density,4.0,1,1,1.82068321878779,8,2048,fixed_density,4.0,1,1,variance_matched,1.7962930505402934,"{""direction"": [1.0]}",0.024390168247496513
square,x^2,2.0,20362565,8,fixed,0.05,2048,fixed_density,4.0,1,1,1.82068321878779,8,2048,fixed_density,4.0,1,1,shuffled_target,-1.6019348243298548e-05,{},1.8206992381360332
square,x^2,2.0,20362565,8,fixed,0.05,2048,fixed_density,4.0,1,1,1.82068321878779,8,2048,fixed_density,4.0,1,1,analytic_volume,0.6931471805599453,"{""source_dim"": 1}",1.1275360382278445
square,x^2,2.0,20362582,9,fixed,0.05,2048,fixed_density,4.0,1,1,1.7908917765023062,9,2048,fixed_density,4.0,1,1,null,-0.0005812257446123283,{},1.7914730022469185
square,x^2,2.0,20362582,9,fixed,0.05,2048,fixed_density,4.0,1,1,1.7908917765023062,9,2048,fixed_density,4.0,1,1,identity,2.4301207607684243,"{""projection"": [[1.0]]}",-0.6392289842661181
square,x^2,2.0,20362582,9,fixed,0.05,2048,fixed_density,4.0,1,1,1.7908917765023062,9,2048,fixed_density,4.0,1,1,gain_matched,0.0048448379876161254,"{""gain_matrix"": [[0.009291771825614047]]}",1.7860469385146902
square,x^2,2.0,20362582,9,fixed,0.05,2048,fixed_density,4.0,1,1,1.7908917765023062,9,2048,fixed_density,4.0,1,1,variance_matched,1.8094993419549825,"{""direction"": [1.0]}",-0.018607565452676278
square,x^2,2.0,20362582,9,fixed,0.05,2048,fixed_density,4.0,1,1,1.7908917765023062,9,2048,fixed_density,4.0,1,1,shuffled_target,5.2856455656341e-07,{},1.7908912479377497
square,x^2,2.0,20362582,9,fixed,0.05,2048,fixed_density,4.0,1,1,1.7908917765023062,9,2048,fixed_density,4.0,1,1,analytic_volume,0.6931471805599453,"{""source_dim"": 1}",1.0977445959423608
square,x^2,4.0,20363429,0,fixed,0.05,4096,fixed_density,4.0,1,1,3.183575319804715,0,4096,fixed_density,4.0,1,1,null,0.0005624075229367331,{},3.1830129122817783
square,x^2,4.0,20363429,0,fixed,0.05,4096,fixed_density,4.0,1,1,3.183575319804715,0,4096,fixed_density,4.0,1,1,identity,3.1372606901407005,"{""projection"": [[1.0]]}",0.04631462966401445
square,x^2,4.0,20363429,0,fixed,0.05,4096,fixed_density,4.0,1,1,3.183575319804715,0,4096,fixed_density,4.0,1,1,gain_matched,0.046856108495054755,"{""gain_matrix"": [[0.01384501293808721]]}",3.1367192113096602
square,x^2,4.0,20363429,0,fixed,0.05,4096,fixed_density,4.0,1,1,3.183575319804715,0,4096,fixed_density,4.0,1,1,variance_matched,3.1834222008727524,"{""direction"": [1.0]}",0.00015311893196257031
square,x^2,4.0,20363429,0,fixed,0.05,4096,fixed_density,4.0,1,1,3.183575319804715,0,4096,fixed_density,4.0,1,1,shuffled_target,-8.293647420643853e-05,{},3.1836582562789215
square,x^2,4.0,20363429,0,fixed,0.05,4096,fixed_density,4.0,1,1,3.183575319804715,0,4096,fixed_density,4.0,1,1,analytic_volume,1.3862943611198906,"{""source_dim"": 1}",1.7972809586848244
square,x^2,4.0,20363446,1,fixed,0.05,4096,fixed_density,4.0,1,1,3.1537988971271167,1,4096,fixed_density,4.0,1,1,null,4.974697535753024e-05,{},3.1537491501517594
square,x^2,4.0,20363446,1,fixed,0.05,4096,fixed_density,4.0,1,1,3.1537988971271167,1,4096,fixed_density,4.0,1,1,identity,3.153651877787363,"{""projection"": [[1.0]]}",0.00014701933975391768
square,x^2,4.0,20363446,1,fixed,0.05,4096,fixed_density,4.0,1,1,3.1537988971271167,1,4096,fixed_density,4.0,1,1,gain_matched,0.1417619908091417,"{""gain_matrix"": [[-0.02507529625842977]]}",3.012036906317975
square,x^2,4.0,20363446,1,fixed,0.05,4096,fixed_density,4.0,1,1,3.1537988971271167,1,4096,fixed_density,4.0,1,1,variance_matched,3.166614458602253,"{""direction"": [1.0]}",-0.012815561475136406
square,x^2,4.0,20363446,1,fixed,0.05,4096,fixed_density,4.0,1,1,3.1537988971271167,1,4096,fixed_density,4.0,1,1,shuffled_target,0.00011489611052658351,{},3.15368400101659
square,x^2,4.0,20363446,1,fixed,0.05,4096,fixed_density,4.0,1,1,3.1537988971271167,1,4096,fixed_density,4.0,1,1,analytic_volume,1.3862943611198906,"{""source_dim"": 1}",1.7675045360072261
square,x^2,4.0,20363463,2,fixed,0.05,4096,fixed_density,4.0,1,1,3.18633459686684,2,4096,fixed_density,4.0,1,1,null,-0.00029704432388164817,{},3.1866316411907216
square,x^2,4.0,20363463,2,fixed,0.05,4096,fixed_density,4.0,1,1,3.18633459686684,2,4096,fixed_density,4.0,1,1,identity,3.1454819826280804,"{""projection"": [[1.0]]}",0.04085261423875952
square,x^2,4.0,20363463,2,fixed,0.05,4096,fixed_density,4.0,1,1,3.18633459686684,2,4096,fixed_density,4.0,1,1,gain_matched,0.013701037380497882,"{""gain_matrix"": [[0.00640808271447263]]}",3.172633559486342
square,x^2,4.0,20363463,2,fixed,0.05,4096,fixed_density,4.0,1,1,3.18633459686684,2,4096,fixed_density,4.0,1,1,variance_matched,3.1657304855015727,"{""direction"": [1.0]}",0.020604111365267297
square,x^2,4.0,20363463,2,fixed,0.05,4096,fixed_density,4.0,1,1,3.18633459686684,2,4096,fixed_density,4.0,1,1,shuffled_target,-0.00018785044840956944,{},3.1865224473152494
square,x^2,4.0,20363463,2,fixed,0.05,4096,fixed_density,4.0,1,1,3.18633459686684,2,4096,fixed_density,4.0,1,1,analytic_volume,1.3862943611198906,"{""source_dim"": 1}",1.8000402357469494
square,x^2,4.0,20363480,3,fixed,0.05,4096,fixed_density,4.0,1,1,3.1728984855665248,3,4096,fixed_density,4.0,1,1,null,-0.00011569457305232533,{},3.1730141801395773
square,x^2,4.0,20363480,3,fixed,0.05,4096,fixed_density,4.0,1,1,3.1728984855665248,3,4096,fixed_density,4.0,1,1,identity,3.148200731320326,"{""projection"": [[1.0]]}",0.024697754246198578
square,x^2,4.0,20363480,3,fixed,0.05,4096,fixed_density,4.0,1,1,3.1728984855665248,3,4096,fixed_density,4.0,1,1,gain_matched,0.11493771872233814,"{""gain_matrix"": [[0.022251945681863474]]}",3.057960766844187
square,x^2,4.0,20363480,3,fixed,0.05,4096,fixed_density,4.0,1,1,3.1728984855665248,3,4096,fixed_density,4.0,1,1,variance_matched,3.1809545249233366,"{""direction"": [1.0]}",-0.008056039356811873
square,x^2,4.0,20363480,3,fixed,0.05,4096,fixed_density,4.0,1,1,3.1728984855665248,3,4096,fixed_density,4.0,1,1,shuffled_target,2.3648138671263303e-05,{},3.1728748374278535
square,x^2,4.0,20363480,3,fixed,0.05,4096,fixed_density,4.0,1,1,3.1728984855665248,3,4096,fixed_density,4.0,1,1,analytic_volume,1.3862943611198906,"{""source_dim"": 1}",1.7866041244466342
square,x^2,4.0,20363497,4,fixed,0.05,4096,fixed_density,4.0,1,1,3.1766297625368356,4,4096,fixed_density,4.0,1,1,null,0.00010432216267269222,{},3.1765254403741627
square,x^2,4.0,20363497,4,fixed,0.05,4096,fixed_density,4.0,1,1,3.1766297625368356,4,4096,fixed_density,4.0,1,1,identity,3.134879066271737,"{""projection"": [[1.0]]}",0.04175069626509842
square,x^2,4.0,20363497,4,fixed,0.05,4096,fixed_density,4.0,1,1,3.1766297625368356,4,4096,fixed_density,4.0,1,1,gain_matched,0.03408346679517255,"{""gain_matrix"": [[-0.012764191209968327]]}",3.142546295741663
square,x^2,4.0,20363497,4,fixed,0.05,4096,fixed_density,4.0,1,1,3.1766297625368356,4,4096,fixed_density,4.0,1,1,variance_matched,3.201290958207989,"{""direction"": [1.0]}",-0.024661195671153546
square,x^2,4.0,20363497,4,fixed,0.05,4096,fixed_density,4.0,1,1,3.1766297625368356,4,4096,fixed_density,4.0,1,1,shuffled_target,0.00040073992839976874,{},3.1762290226084358
square,x^2,4.0,20363497,4,fixed,0.05,4096,fixed_density,4.0,1,1,3.1766297625368356,4,4096,fixed_density,4.0,1,1,analytic_volume,1.3862943611198906,"{""source_dim"": 1}",1.790335401416945
square,x^2,4.0,20363514,5,fixed,0.05,4096,fixed_density,4.0,1,1,3.166918072198179,5,4096,fixed_density,4.0,1,1,null,-0.000303077473355914,{},3.167221149671535
square,x^2,4.0,20363514,5,fixed,0.05,4096,fixed_density,4.0,1,1,3.166918072198179,5,4096,fixed_density,4.0,1,1,identity,3.1506709670703197,"{""projection"": [[1.0]]}",0.016247105127859207
square,x^2,4.0,20363514,5,fixed,0.05,4096,fixed_density,4.0,1,1,3.166918072198179,5,4096,fixed_density,4.0,1,1,gain_matched,0.18299338371239443,"{""gain_matrix"": [[0.028538847265998746]]}",2.9839246884857844
square,x^2,4.0,20363514,5,fixed,0.05,4096,fixed_density,4.0,1,1,3.166918072198179,5,4096,fixed_density,4.0,1,1,variance_matched,3.1737790236189056,"{""direction"": [1.0]}",-0.006860951420726735
square,x^2,4.0,20363514,5,fixed,0.05,4096,fixed_density,4.0,1,1,3.166918072198179,5,4096,fixed_density,4.0,1,1,shuffled_target,-8.128860795584186e-05,{},3.166999360806135
square,x^2,4.0,20363514,5,fixed,0.05,4096,fixed_density,4.0,1,1,3.166918072198179,5,4096,fixed_density,4.0,1,1,analytic_volume,1.3862943611198906,"{""source_dim"": 1}",1.7806237110782883
square,x^2,4.0,20363531,6,fixed,0.05,4096,fixed_density,4.0,1,1,3.1628103680993704,6,4096,fixed_density,4.0,1,1,null,-0.00033582954629875173,{},3.1631461976456694
square,x^2,4.0,20363531,6,fixed,0.05,4096,fixed_density,4.0,1,1,3.1628103680993704,6,4096,fixed_density,4.0,1,1,identity,3.1484745038927704,"{""projection"": [[1.0]]}",0.014335864206600046
square,x^2,4.0,20363531,6,fixed,0.05,4096,fixed_density,4.0,1,1,3.1628103680993704,6,4096,fixed_density,4.0,1,1,gain_matched,0.01134571038473922,"{""gain_matrix"": [[0.005702796687352678]]}",3.151464657714631
square,x^2,4.0,20363531,6,fixed,0.05,4096,fixed_density,4.0,1,1,3.1628103680993704,6,4096,fixed_density,4.0,1,1,variance_matched,3.1639958586122496,"{""direction"": [1.0]}",-0.0011854905128791948
square,x^2,4.0,20363531,6,fixed,0.05,4096,fixed_density,4.0,1,1,3.1628103680993704,6,4096,fixed_density,4.0,1,1,shuffled_target,-0.00020472552720534189,{},3.163015093626576
square,x^2,4.0,20363531,6,fixed,0.05,4096,fixed_density,4.0,1,1,3.1628103680993704,6,4096,fixed_density,4.0,1,1,analytic_volume,1.3862943611198906,"{""source_dim"": 1}",1.7765160069794799
square,x^2,4.0,20363548,7,fixed,0.05,4096,fixed_density,4.0,1,1,3.1414030488019447,7,4096,fixed_density,4.0,1,1,null,-0.0003077547911003292,{},3.1417108035930448
square,x^2,4.0,20363548,7,fixed,0.05,4096,fixed_density,4.0,1,1,3.1414030488019447,7,4096,fixed_density,4.0,1,1,identity,3.131401347665654,"{""projection"": [[1.0]]}",0.01000170113629073
square,x^2,4.0,20363548,7,fixed,0.05,4096,fixed_density,4.0,1,1,3.1414030488019447,7,4096,fixed_density,4.0,1,1,gain_matched,0.002391359809211357,"{""gain_matrix"": [[-0.0033027977827187857]]}",3.139011688992733
square,x^2,4.0,20363548,7,fixed,0.05,4096,fixed_density,4.0,1,1,3.1414030488019447,7,4096,fixed_density,4.0,1,1,variance_matched,3.153098045400316,"{""direction"": [1.0]}",-0.011694996598371254
square,x^2,4.0,20363548,7,fixed,0.05,4096,fixed_density,4.0,1,1,3.1414030488019447,7,4096,fixed_density,4.0,1,1,shuffled_target,-0.00035587254118433424,{},3.141758921343129
square,x^2,4.0,20363548,7,fixed,0.05,4096,fixed_density,4.0,1,1,3.1414030488019447,7,4096,fixed_density,4.0,1,1,analytic_volume,1.3862943611198906,"{""source_dim"": 1}",1.755108687682054
square,x^2,4.0,20363565,8,fixed,0.05,4096,fixed_density,4.0,1,1,3.1878816262257854,8,4096,fixed_density,4.0,1,1,null,-0.00029117655692509483,{},3.1881728027827103
square,x^2,4.0,20363565,8,fixed,0.05,4096,fixed_density,4.0,1,1,3.1878816262257854,8,4096,fixed_density,4.0,1,1,identity,3.143981099880133,"{""projection"": [[1.0]]}",0.043900526345652224
square,x^2,4.0,20363565,8,fixed,0.05,4096,fixed_density,4.0,1,1,3.1878816262257854,8,4096,fixed_density,4.0,1,1,gain_matched,0.2590189247692525,"{""gain_matrix"": [[0.034671827101200425]]}",2.928862701456533
square,x^2,4.0,20363565,8,fixed,0.05,4096,fixed_density,4.0,1,1,3.1878816262257854,8,4096,fixed_density,4.0,1,1,variance_matched,3.1594579986942906,"{""direction"": [1.0]}",0.028423627531494855
square,x^2,4.0,20363565,8,fixed,0.05,4096,fixed_density,4.0,1,1,3.1878816262257854,8,4096,fixed_density,4.0,1,1,shuffled_target,-0.00028496417387698206,{},3.1881665903996623
square,x^2,4.0,20363565,8,fixed,0.05,4096,fixed_density,4.0,1,1,3.1878816262257854,8,4096,fixed_density,4.0,1,1,analytic_volume,1.3862943611198906,"{""source_dim"": 1}",1.8015872651058948
square,x^2,4.0,20363582,9,fixed,0.05,4096,fixed_density,4.0,1,1,3.1727312754210506,9,4096,fixed_density,4.0,1,1,null,0.0005351823679289069,{},3.1721960930531217
square,x^2,4.0,20363582,9,fixed,0.05,4096,fixed_density,4.0,1,1,3.1727312754210506,9,4096,fixed_density,4.0,1,1,identity,3.1596537027359757,"{""projection"": [[1.0]]}",0.013077572685074923
square,x^2,4.0,20363582,9,fixed,0.05,4096,fixed_density,4.0,1,1,3.1727312754210506,9,4096,fixed_density,4.0,1,1,gain_matched,0.15820793943684053,"{""gain_matrix"": [[-0.026567778310327885]]}",3.01452333598421
square,x^2,4.0,20363582,9,fixed,0.05,4096,fixed_density,4.0,1,1,3.1727312754210506,9,4096,fixed_density,4.0,1,1,variance_matched,3.1944292094573594,"{""direction"": [1.0]}",-0.02169793403630882
square,x^2,4.0,20363582,9,fixed,0.05,4096,fixed_density,4.0,1,1,3.1727312754210506,9,4096,fixed_density,4.0,1,1,shuffled_target,9.559860608481836e-05,{},3.172635676814966
square,x^2,4.0,20363582,9,fixed,0.05,4096,fixed_density,4.0,1,1,3.1727312754210506,9,4096,fixed_density,4.0,1,1,analytic_volume,1.3862943611198906,"{""source_dim"": 1}",1.78643691430116
square,x^2,8.0,20364429,0,fixed,0.05,8192,fixed_density,4.0,1,1,4.569560232958013,0,8192,fixed_density,4.0,1,1,null,-0.00011366109124930483,{},4.569673894049262
square,x^2,8.0,20364429,0,fixed,0.05,8192,fixed_density,4.0,1,1,4.569560232958013,0,8192,fixed_density,4.0,1,1,identity,3.8196704910187744,"{""projection"": [[1.0]]}",0.7498897419392385
square,x^2,8.0,20364429,0,fixed,0.05,8192,fixed_density,4.0,1,1,4.569560232958013,0,8192,fixed_density,4.0,1,1,gain_matched,0.04680932115793984,"{""gain_matrix"": [[0.007576306341461461]]}",4.522750911800073
square,x^2,8.0,20364429,0,fixed,0.05,8192,fixed_density,4.0,1,1,4.569560232958013,0,8192,fixed_density,4.0,1,1,variance_matched,4.545021468289889,"{""direction"": [1.0]}",0.024538764668124102
square,x^2,8.0,20364429,0,fixed,0.05,8192,fixed_density,4.0,1,1,4.569560232958013,0,8192,fixed_density,4.0,1,1,shuffled_target,6.105839638941875e-05,{},4.569499174561623
square,x^2,8.0,20364429,0,fixed,0.05,8192,fixed_density,4.0,1,1,4.569560232958013,0,8192,fixed_density,4.0,1,1,analytic_volume,2.0794415416798357,"{""source_dim"": 1}",2.490118691278177
square,x^2,8.0,20364446,1,fixed,0.05,8192,fixed_density,4.0,1,1,4.558772419378012,1,8192,fixed_density,4.0,1,1,null,-0.00016021299717539008,{},4.558932632375187
square,x^2,8.0,20364446,1,fixed,0.05,8192,fixed_density,4.0,1,1,4.558772419378012,1,8192,fixed_density,4.0,1,1,identity,3.8309289235072495,"{""projection"": [[1.0]]}",0.7278434958707622
square,x^2,8.0,20364446,1,fixed,0.05,8192,fixed_density,4.0,1,1,4.558772419378012,1,8192,fixed_density,4.0,1,1,gain_matched,0.2090744739123671,"{""gain_matrix"": [[0.015771216729361555]]}",4.349697945465644
square,x^2,8.0,20364446,1,fixed,0.05,8192,fixed_density,4.0,1,1,4.558772419378012,1,8192,fixed_density,4.0,1,1,variance_matched,4.541596293770661,"{""direction"": [1.0]}",0.01717612560735038
square,x^2,8.0,20364446,1,fixed,0.05,8192,fixed_density,4.0,1,1,4.558772419378012,1,8192,fixed_density,4.0,1,1,shuffled_target,-8.898563326296754e-05,{},4.558861405011275
square,x^2,8.0,20364446,1,fixed,0.05,8192,fixed_density,4.0,1,1,4.558772419378012,1,8192,fixed_density,4.0,1,1,analytic_volume,2.0794415416798357,"{""source_dim"": 1}",2.479330877698176
square,x^2,8.0,20364463,2,fixed,0.05,8192,fixed_density,4.0,1,1,4.567700772429479,2,8192,fixed_density,4.0,1,1,null,-0.00017876313696554779,{},4.567879535566444
square,x^2,8.0,20364463,2,fixed,0.05,8192,fixed_density,4.0,1,1,4.567700772429479,2,8192,fixed_density,4.0,1,1,identity,3.838616770759088,"{""projection"": [[1.0]]}",0.7290840016703908
square,x^2,8.0,20364463,2,fixed,0.05,8192,fixed_density,4.0,1,1,4.567700772429479,2,8192,fixed_density,4.0,1,1,gain_matched,0.43544496251625664,"{""gain_matrix"": [[-0.025382743179098635]]}",4.1322558099132225
square,x^2,8.0,20364463,2,fixed,0.05,8192,fixed_density,4.0,1,1,4.567700772429479,2,8192,fixed_density,4.0,1,1,variance_matched,4.566385811570522,"{""direction"": [1.0]}",0.0013149608589566597
square,x^2,8.0,20364463,2,fixed,0.05,8192,fixed_density,4.0,1,1,4.567700772429479,2,8192,fixed_density,4.0,1,1,shuffled_target,-0.00016547070362558735,{},4.567866243133104
square,x^2,8.0,20364463,2,fixed,0.05,8192,fixed_density,4.0,1,1,4.567700772429479,2,8192,fixed_density,4.0,1,1,analytic_volume,2.0794415416798357,"{""source_dim"": 1}",2.488259230749643
square,x^2,8.0,20364480,3,fixed,0.05,8192,fixed_density,4.0,1,1,4.557077750577816,3,8192,fixed_density,4.0,1,1,null,-9.087096637753662e-05,{},4.557168621544194
square,x^2,8.0,20364480,3,fixed,0.05,8192,fixed_density,4.0,1,1,4.557077750577816,3,8192,fixed_density,4.0,1,1,identity,3.8408753476540474,"{""projection"": [[1.0]]}",0.716202402923769
square,x^2,8.0,20364480,3,fixed,0.05,8192,fixed_density,4.0,1,1,4.557077750577816,3,8192,fixed_density,4.0,1,1,gain_matched,0.05613526446029518,"{""gain_matrix"": [[0.007250347533995633]]}",4.500942486117522
square,x^2,8.0,20364480,3,fixed,0.05,8192,fixed_density,4.0,1,1,4.557077750577816,3,8192,fixed_density,4.0,1,1,variance_matched,4.565824583669111,"{""direction"": [1.0]}",-0.008746833091294981
square,x^2,8.0,20364480,3,fixed,0.05,8192,fixed_density,4.0,1,1,4.557077750577816,3,8192,fixed_density,4.0,1,1,shuffled_target,-0.00012392897140205491,{},4.557201679549219
square,x^2,8.0,20364480,3,fixed,0.05,8192,fixed_density,4.0,1,1,4.557077750577816,3,8192,fixed_density,4.0,1,1,analytic_volume,2.0794415416798357,"{""source_dim"": 1}",2.4776362088979806
square,x^2,8.0,20364497,4,fixed,0.05,8192,fixed_density,4.0,1,1,4.572720794694267,4,8192,fixed_density,4.0,1,1,null,0.0001592542218334787,{},4.572561540472433
square,x^2,8.0,20364497,4,fixed,0.05,8192,fixed_density,4.0,1,1,4.572720794694267,4,8192,fixed_density,4.0,1,1,identity,3.839000214633601,"{""projection"": [[1.0]]}",0.7337205800606661
square,x^2,8.0,20364497,4,fixed,0.05,8192,fixed_density,4.0,1,1,4.572720794694267,4,8192,fixed_density,4.0,1,1,gain_matched,0.44261076894198537,"{""gain_matrix"": [[-0.02562940318234509]]}",4.130110025752282
square,x^2,8.0,20364497,4,fixed,0.05,8192,fixed_density,4.0,1,1,4.572720794694267,4,8192,fixed_density,4.0,1,1,variance_matched,4.565460082358659,"{""direction"": [1.0]}",0.007260712335607877
square,x^2,8.0,20364497,4,fixed,0.05,8192,fixed_density,4.0,1,1,4.572720794694267,4,8192,fixed_density,4.0,1,1,shuffled_target,-0.00012716674845460966,{},4.572847961442722
square,x^2,8.0,20364497,4,fixed,0.05,8192,fixed_density,4.0,1,1,4.572720794694267,4,8192,fixed_density,4.0,1,1,analytic_volume,2.0794415416798357,"{""source_dim"": 1}",2.4932792530144314
square,x^2,8.0,20364514,5,fixed,0.05,8192,fixed_density,4.0,1,1,4.547578383992969,5,8192,fixed_density,4.0,1,1,null,0.00018050404315373447,{},4.5473978799498145
square,x^2,8.0,20364514,5,fixed,0.05,8192,fixed_density,4.0,1,1,4.547578383992969,5,8192,fixed_density,4.0,1,1,identity,3.832908325337147,"{""projection"": [[1.0]]}",0.7146700586558214
square,x^2,8.0,20364514,5,fixed,0.05,8192,fixed_density,4.0,1,1,4.547578383992969,5,8192,fixed_density,4.0,1,1,gain_matched,0.5852836999596974,"{""gain_matrix"": [[-0.032241360473351285]]}",3.9622946840332713
square,x^2,8.0,20364514,5,fixed,0.05,8192,fixed_density,4.0,1,1,4.547578383992969,5,8192,fixed_density,4.0,1,1,variance_matched,4.547219271632921,"{""direction"": [1.0]}",0.0003591123600479307
square,x^2,8.0,20364514,5,fixed,0.05,8192,fixed_density,4.0,1,1,4.547578383992969,5,8192,fixed_density,4.0,1,1,shuffled_target,-0.0001391952417041458,{},4.547717579234673
square,x^2,8.0,20364514,5,fixed,0.05,8192,fixed_density,4.0,1,1,4.547578383992969,5,8192,fixed_density,4.0,1,1,analytic_volume,2.0794415416798357,"{""source_dim"": 1}",2.468136842313133
square,x^2,8.0,20364531,6,fixed,0.05,8192,fixed_density,4.0,1,1,4.548322270292937,6,8192,fixed_density,4.0,1,1,null,1.6632554010488024e-05,{},4.548305637738927
square,x^2,8.0,20364531,6,fixed,0.05,8192,fixed_density,4.0,1,1,4.548322270292937,6,8192,fixed_density,4.0,1,1,identity,3.830451432568363,"{""projection"": [[1.0]]}",0.7178708377245742
square,x^2,8.0,20364531,6,fixed,0.05,8192,fixed_density,4.0,1,1,4.548322270292937,6,8192,fixed_density,4.0,1,1,gain_matched,0.548613530610792,"{""gain_matrix"": [[0.03006789650808562]]}",3.999708739682145
square,x^2,8.0,20364531,6,fixed,0.05,8192,fixed_density,4.0,1,1,4.548322270292937,6,8192,fixed_density,4.0,1,1,variance_matched,4.555254698814129,"{""direction"": [1.0]}",-0.006932428521191802
square,x^2,8.0,20364531,6,fixed,0.05,8192,fixed_density,4.0,1,1,4.548322270292937,6,8192,fixed_density,4.0,1,1,shuffled_target,-4.962990142277072e-05,{},4.54837190019436
square,x^2,8.0,20364531,6,fixed,0.05,8192,fixed_density,4.0,1,1,4.548322270292937,6,8192,fixed_density,4.0,1,1,analytic_volume,2.0794415416798357,"{""source_dim"": 1}",2.4688807286131014
square,x^2,8.0,20364548,7,fixed,0.05,8192,fixed_density,4.0,1,1,4.555056569810727,7,8192,fixed_density,4.0,1,1,null,0.00013890545862728265,{},4.5549176643521
square,x^2,8.0,20364548,7,fixed,0.05,8192,fixed_density,4.0,1,1,4.555056569810727,7,8192,fixed_density,4.0,1,1,identity,3.8294761122431433,"{""projection"": [[1.0]]}",0.7255804575675837
square,x^2,8.0,20364548,7,fixed,0.05,8192,fixed_density,4.0,1,1,4.555056569810727,7,8192,fixed_density,4.0,1,1,gain_matched,0.1366820498000866,"{""gain_matrix"": [[0.012160435945583878]]}",4.418374520010641
square,x^2,8.0,20364548,7,fixed,0.05,8192,fixed_density,4.0,1,1,4.555056569810727,7,8192,fixed_density,4.0,1,1,variance_matched,4.5548038945612355,"{""direction"": [1.0]}",0.00025267524949157405
square,x^2,8.0,20364548,7,fixed,0.05,8192,fixed_density,4.0,1,1,4.555056569810727,7,8192,fixed_density,4.0,1,1,shuffled_target,3.839564520940824e-05,{},4.555018174165518
square,x^2,8.0,20364548,7,fixed,0.05,8192,fixed_density,4.0,1,1,4.555056569810727,7,8192,fixed_density,4.0,1,1,analytic_volume,2.0794415416798357,"{""source_dim"": 1}",2.4756150281308913
square,x^2,8.0,20364565,8,fixed,0.05,8192,fixed_density,4.0,1,1,4.547123364146218,8,8192,fixed_density,4.0,1,1,null,0.000999888051759787,{},4.546123476094459
square,x^2,8.0,20364565,8,fixed,0.05,8192,fixed_density,4.0,1,1,4.547123364146218,8,8192,fixed_density,4.0,1,1,identity,3.8388191171273904,"{""projection"": [[1.0]]}",0.7083042470188277
square,x^2,8.0,20364565,8,fixed,0.05,8192,fixed_density,4.0,1,1,4.547123364146218,8,8192,fixed_density,4.0,1,1,gain_matched,0.20312143382569345,"{""gain_matrix"": [[-0.015029770941418517]]}",4.344001930320525
square,x^2,8.0,20364565,8,fixed,0.05,8192,fixed_density,4.0,1,1,4.547123364146218,8,8192,fixed_density,4.0,1,1,variance_matched,4.539627133335001,"{""direction"": [1.0]}",0.007496230811216975
square,x^2,8.0,20364565,8,fixed,0.05,8192,fixed_density,4.0,1,1,4.547123364146218,8,8192,fixed_density,4.0,1,1,shuffled_target,-0.00010886778152647284,{},4.547232231927745
square,x^2,8.0,20364565,8,fixed,0.05,8192,fixed_density,4.0,1,1,4.547123364146218,8,8192,fixed_density,4.0,1,1,analytic_volume,2.0794415416798357,"{""source_dim"": 1}",2.4676818224663823
square,x^2,8.0,20364582,9,fixed,0.05,8192,fixed_density,4.0,1,1,4.556899698136157,9,8192,fixed_density,4.0,1,1,null,0.00013037679027935349,{},4.556769321345878
square,x^2,8.0,20364582,9,fixed,0.05,8192,fixed_density,4.0,1,1,4.556899698136157,9,8192,fixed_density,4.0,1,1,identity,3.8372018463636914,"{""projection"": [[1.0]]}",0.7196978517724659
square,x^2,8.0,20364582,9,fixed,0.05,8192,fixed_density,4.0,1,1,4.556899698136157,9,8192,fixed_density,4.0,1,1,gain_matched,0.10377880697879055,"{""gain_matrix"": [[0.01048960460210346]]}",4.453120891157367
square,x^2,8.0,20364582,9,fixed,0.05,8192,fixed_density,4.0,1,1,4.556899698136157,9,8192,fixed_density,4.0,1,1,variance_matched,4.558729861615133,"{""direction"": [1.0]}",-0.0018301634789752441
square,x^2,8.0,20364582,9,fixed,0.05,8192,fixed_density,4.0,1,1,4.556899698136157,9,8192,fixed_density,4.0,1,1,shuffled_target,4.211089015330994e-05,{},4.556857587246004
square,x^2,8.0,20364582,9,fixed,0.05,8192,fixed_density,4.0,1,1,4.556899698136157,9,8192,fixed_density,4.0,1,1,analytic_volume,2.0794415416798357,"{""source_dim"": 1}",2.4774581564563216
square,x^2,12.0,20365429,0,fixed,0.05,12288,fixed_density,4.0,1,1,5.367605663828475,0,12288,fixed_density,4.0,1,1,null,-3.602576350660618e-05,{},5.367641689591982
square,x^2,12.0,20365429,0,fixed,0.05,12288,fixed_density,4.0,1,1,5.367605663828475,0,12288,fixed_density,4.0,1,1,identity,4.244519142838406,"{""projection"": [[1.0]]}",1.1230865209900687
square,x^2,12.0,20365429,0,fixed,0.05,12288,fixed_density,4.0,1,1,5.367605663828475,0,12288,fixed_density,4.0,1,1,gain_matched,0.9846808714940432,"{""gain_matrix"": [[-0.0357903778007462]]}",4.382924792334432
square,x^2,12.0,20365429,0,fixed,0.05,12288,fixed_density,4.0,1,1,5.367605663828475,0,12288,fixed_density,4.0,1,1,variance_matched,5.365293803601312,"{""direction"": [1.0]}",0.0023118602271630095
square,x^2,12.0,20365429,0,fixed,0.05,12288,fixed_density,4.0,1,1,5.367605663828475,0,12288,fixed_density,4.0,1,1,shuffled_target,7.288663299608265e-05,{},5.367532777195479
square,x^2,12.0,20365429,0,fixed,0.05,12288,fixed_density,4.0,1,1,5.367605663828475,0,12288,fixed_density,4.0,1,1,analytic_volume,2.4849066497880004,"{""source_dim"": 1}",2.8826990140404747
square,x^2,12.0,20365446,1,fixed,0.05,12288,fixed_density,4.0,1,1,5.3794870307350235,1,12288,fixed_density,4.0,1,1,null,-0.00010015165344686882,{},5.3795871823884704
square,x^2,12.0,20365446,1,fixed,0.05,12288,fixed_density,4.0,1,1,5.3794870307350235,1,12288,fixed_density,4.0,1,1,identity,4.242252861871915,"{""projection"": [[1.0]]}",1.1372341688631087
square,x^2,12.0,20365446,1,fixed,0.05,12288,fixed_density,4.0,1,1,5.3794870307350235,1,12288,fixed_density,4.0,1,1,gain_matched,0.3275333967330419,"{""gain_matrix"": [[0.013976807951086283]]}",5.051953634001982
square,x^2,12.0,20365446,1,fixed,0.05,12288,fixed_density,4.0,1,1,5.3794870307350235,1,12288,fixed_density,4.0,1,1,variance_matched,5.376602788588596,"{""direction"": [1.0]}",0.0028842421464272405
square,x^2,12.0,20365446,1,fixed,0.05,12288,fixed_density,4.0,1,1,5.3794870307350235,1,12288,fixed_density,4.0,1,1,shuffled_target,-9.512383491169867e-05,{},5.379582154569936
square,x^2,12.0,20365446,1,fixed,0.05,12288,fixed_density,4.0,1,1,5.3794870307350235,1,12288,fixed_density,4.0,1,1,analytic_volume,2.4849066497880004,"{""source_dim"": 1}",2.894580380947023
square,x^2,12.0,20365463,2,fixed,0.05,12288,fixed_density,4.0,1,1,5.379764183117165,2,12288,fixed_density,4.0,1,1,null,9.501177278098806e-05,{},5.379669171344384
square,x^2,12.0,20365463,2,fixed,0.05,12288,fixed_density,4.0,1,1,5.379764183117165,2,12288,fixed_density,4.0,1,1,identity,4.232009652279349,"{""projection"": [[1.0]]}",1.1477545308378154
square,x^2,12.0,20365463,2,fixed,0.05,12288,fixed_density,4.0,1,1,5.379764183117165,2,12288,fixed_density,4.0,1,1,gain_matched,0.9003137779201177,"{""gain_matrix"": [[-0.03259926434466743]]}",4.479450405197047
square,x^2,12.0,20365463,2,fixed,0.05,12288,fixed_density,4.0,1,1,5.379764183117165,2,12288,fixed_density,4.0,1,1,variance_matched,5.361144576135516,"{""direction"": [1.0]}",0.018619606981649106
square,x^2,12.0,20365463,2,fixed,0.05,12288,fixed_density,4.0,1,1,5.379764183117165,2,12288,fixed_density,4.0,1,1,shuffled_target,0.0002420877068747051,{},5.37952209541029
square,x^2,12.0,20365463,2,fixed,0.05,12288,fixed_density,4.0,1,1,5.379764183117165,2,12288,fixed_density,4.0,1,1,analytic_volume,2.4849066497880004,"{""source_dim"": 1}",2.8948575333291644
square,x^2,12.0,20365480,3,fixed,0.05,12288,fixed_density,4.0,1,1,5.36226598715702,3,12288,fixed_density,4.0,1,1,null,2.0518619079430304e-05,{},5.362245468537941
square,x^2,12.0,20365480,3,fixed,0.05,12288,fixed_density,4.0,1,1,5.36226598715702,3,12288,fixed_density,4.0,1,1,identity,4.237512572966821,"{""projection"": [[1.0]]}",1.1247534141901987
square,x^2,12.0,20365480,3,fixed,0.05,12288,fixed_density,4.0,1,1,5.36226598715702,3,12288,fixed_density,4.0,1,1,gain_matched,0.1048604179141363,"{""gain_matrix"": [[0.006853980434112449]]}",5.257405569242883
square,x^2,12.0,20365480,3,fixed,0.05,12288,fixed_density,4.0,1,1,5.36226598715702,3,12288,fixed_density,4.0,1,1,variance_matched,5.366182052250085,"{""direction"": [1.0]}",-0.003916065093065413
square,x^2,12.0,20365480,3,fixed,0.05,12288,fixed_density,4.0,1,1,5.36226598715702,3,12288,fixed_density,4.0,1,1,shuffled_target,-2.7030861746854366e-05,{},5.362293018018767
square,x^2,12.0,20365480,3,fixed,0.05,12288,fixed_density,4.0,1,1,5.36226598715702,3,12288,fixed_density,4.0,1,1,analytic_volume,2.4849066497880004,"{""source_dim"": 1}",2.8773593373690196
square,x^2,12.0,20365497,4,fixed,0.05,12288,fixed_density,4.0,1,1,5.368745395687178,4,12288,fixed_density,4.0,1,1,null,-6.867210778795185e-05,{},5.368814067794966
square,x^2,12.0,20365497,4,fixed,0.05,12288,fixed_density,4.0,1,1,5.368745395687178,4,12288,fixed_density,4.0,1,1,identity,4.235401989517851,"{""projection"": [[1.0]]}",1.1333434061693266
square,x^2,12.0,20365497,4,fixed,0.05,12288,fixed_density,4.0,1,1,5.368745395687178,4,12288,fixed_density,4.0,1,1,gain_matched,0.6267398598994902,"{""gain_matrix"": [[0.022591088664049006]]}",4.742005535787688
square,x^2,12.0,20365497,4,fixed,0.05,12288,fixed_density,4.0,1,1,5.368745395687178,4,12288,fixed_density,4.0,1,1,variance_matched,5.3675326234569285,"{""direction"": [1.0]}",0.0012127722302492927
square,x^2,12.0,20365497,4,fixed,0.05,12288,fixed_density,4.0,1,1,5.368745395687178,4,12288,fixed_density,4.0,1,1,shuffled_target,5.320847010710411e-05,{},5.3686921872170705
square,x^2,12.0,20365497,4,fixed,0.05,12288,fixed_density,4.0,1,1,5.368745395687178,4,12288,fixed_density,4.0,1,1,analytic_volume,2.4849066497880004,"{""source_dim"": 1}",2.8838387458991774
square,x^2,12.0,20365514,5,fixed,0.05,12288,fixed_density,4.0,1,1,5.376070117724621,5,12288,fixed_density,4.0,1,1,null,0.00024096889649274176,{},5.375829148828128
square,x^2,12.0,20365514,5,fixed,0.05,12288,fixed_density,4.0,1,1,5.376070117724621,5,12288,fixed_density,4.0,1,1,identity,4.249308917769906,"{""projection"": [[1.0]]}",1.1267611999547142
square,x^2,12.0,20365514,5,fixed,0.05,12288,fixed_density,4.0,1,1,5.376070117724621,5,12288,fixed_density,4.0,1,1,gain_matched,0.001618488570871362,"{""gain_matrix"": [[0.0008921612873389685]]}",5.374451629153749
square,x^2,12.0,20365514,5,fixed,0.05,12288,fixed_density,4.0,1,1,5.376070117724621,5,12288,fixed_density,4.0,1,1,variance_matched,5.369311095823434,"{""direction"": [1.0]}",0.0067590219011863795
square,x^2,12.0,20365514,5,fixed,0.05,12288,fixed_density,4.0,1,1,5.376070117724621,5,12288,fixed_density,4.0,1,1,shuffled_target,-3.0034088878902645e-05,{},5.3761001518135
square,x^2,12.0,20365514,5,fixed,0.05,12288,fixed_density,4.0,1,1,5.376070117724621,5,12288,fixed_density,4.0,1,1,analytic_volume,2.4849066497880004,"{""source_dim"": 1}",2.8911634679366203
square,x^2,12.0,20365531,6,fixed,0.05,12288,fixed_density,4.0,1,1,5.359979825466605,6,12288,fixed_density,4.0,1,1,null,0.0003380631354285523,{},5.359641762331177
square,x^2,12.0,20365531,6,fixed,0.05,12288,fixed_density,4.0,1,1,5.359979825466605,6,12288,fixed_density,4.0,1,1,identity,4.232876510919384,"{""projection"": [[1.0]]}",1.1271033145472211
square,x^2,12.0,20365531,6,fixed,0.05,12288,fixed_density,4.0,1,1,5.359979825466605,6,12288,fixed_density,4.0,1,1,gain_matched,0.2538603617380571,"{""gain_matrix"": [[-0.01193736232495376]]}",5.1061194637285485
square,x^2,12.0,20365531,6,fixed,0.05,12288,fixed_density,4.0,1,1,5.359979825466605,6,12288,fixed_density,4.0,1,1,variance_matched,5.375931943582796,"{""direction"": [1.0]}",-0.015952118116191016
square,x^2,12.0,20365531,6,fixed,0.05,12288,fixed_density,4.0,1,1,5.359979825466605,6,12288,fixed_density,4.0,1,1,shuffled_target,0.0001620325750560348,{},5.359817792891549
square,x^2,12.0,20365531,6,fixed,0.05,12288,fixed_density,4.0,1,1,5.359979825466605,6,12288,fixed_density,4.0,1,1,analytic_volume,2.4849066497880004,"{""source_dim"": 1}",2.875073175678605
square,x^2,12.0,20365548,7,fixed,0.05,12288,fixed_density,4.0,1,1,5.379188139635701,7,12288,fixed_density,4.0,1,1,null,0.00010485619009097759,{},5.379083283445611
square,x^2,12.0,20365548,7,fixed,0.05,12288,fixed_density,4.0,1,1,5.379188139635701,7,12288,fixed_density,4.0,1,1,identity,4.232279108073814,"{""projection"": [[1.0]]}",1.1469090315618873
square,x^2,12.0,20365548,7,fixed,0.05,12288,fixed_density,4.0,1,1,5.379188139635701,7,12288,fixed_density,4.0,1,1,gain_matched,1.0400060415214263,"{""gain_matrix"": [[-0.03810091007513473]]}",4.339182098114275
square,x^2,12.0,20365548,7,fixed,0.05,12288,fixed_density,4.0,1,1,5.379188139635701,7,12288,fixed_density,4.0,1,1,variance_matched,5.369430442674077,"{""direction"": [1.0]}",0.009757696961623985
square,x^2,12.0,20365548,7,fixed,0.05,12288,fixed_density,4.0,1,1,5.379188139635701,7,12288,fixed_density,4.0,1,1,shuffled_target,-7.409350027848582e-05,{},5.37926223313598
square,x^2,12.0,20365548,7,fixed,0.05,12288,fixed_density,4.0,1,1,5.379188139635701,7,12288,fixed_density,4.0,1,1,analytic_volume,2.4849066497880004,"{""source_dim"": 1}",2.894281489847701
square,x^2,12.0,20365565,8,fixed,0.05,12288,fixed_density,4.0,1,1,5.363592478751349,8,12288,fixed_density,4.0,1,1,null,-3.763724697258187e-05,{},5.363630115998322
square,x^2,12.0,20365565,8,fixed,0.05,12288,fixed_density,4.0,1,1,5.363592478751349,8,12288,fixed_density,4.0,1,1,identity,4.244996515917741,"{""projection"": [[1.0]]}",1.1185959628336084
square,x^2,12.0,20365565,8,fixed,0.05,12288,fixed_density,4.0,1,1,5.363592478751349,8,12288,fixed_density,4.0,1,1,gain_matched,1.0519933475710543,"{""gain_matrix"": [[0.03893266650241596]]}",4.311599131180295
square,x^2,12.0,20365565,8,fixed,0.05,12288,fixed_density,4.0,1,1,5.363592478751349,8,12288,fixed_density,4.0,1,1,variance_matched,5.361332716256812,"{""direction"": [1.0]}",0.0022597624945372985
square,x^2,12.0,20365565,8,fixed,0.05,12288,fixed_density,4.0,1,1,5.363592478751349,8,12288,fixed_density,4.0,1,1,shuffled_target,-6.575727166627818e-05,{},5.363658236023015
square,x^2,12.0,20365565,8,fixed,0.05,12288,fixed_density,4.0,1,1,5.363592478751349,8,12288,fixed_density,4.0,1,1,analytic_volume,2.4849066497880004,"{""source_dim"": 1}",2.878685828963349
square,x^2,12.0,20365582,9,fixed,0.05,12288,fixed_density,4.0,1,1,5.363353207823049,9,12288,fixed_density,4.0,1,1,null,-8.861274309168481e-05,{},5.36344182056614
square,x^2,12.0,20365582,9,fixed,0.05,12288,fixed_density,4.0,1,1,5.363353207823049,9,12288,fixed_density,4.0,1,1,identity,4.241037684849304,"{""projection"": [[1.0]]}",1.1223155229737447
square,x^2,12.0,20365582,9,fixed,0.05,12288,fixed_density,4.0,1,1,5.363353207823049,9,12288,fixed_density,4.0,1,1,gain_matched,1.0183643212834175,"{""gain_matrix"": [[0.037223893791724166]]}",4.344988886539631
square,x^2,12.0,20365582,9,fixed,0.05,12288,fixed_density,4.0,1,1,5.363353207823049,9,12288,fixed_density,4.0,1,1,variance_matched,5.379077017691938,"{""direction"": [1.0]}",-0.01572380986888966
square,x^2,12.0,20365582,9,fixed,0.05,12288,fixed_density,4.0,1,1,5.363353207823049,9,12288,fixed_density,4.0,1,1,shuffled_target,0.00016196522470671536,{},5.363191242598342
square,x^2,12.0,20365582,9,fixed,0.05,12288,fixed_density,4.0,1,1,5.363353207823049,9,12288,fixed_density,4.0,1,1,analytic_volume,2.4849066497880004,"{""source_dim"": 1}",2.8784465580350482
square,x^2,16.0,20366429,0,fixed,0.05,16384,fixed_density,4.0,1,1,5.945443657239519,0,16384,fixed_density,4.0,1,1,null,2.7039469728410516e-05,{},5.945416617769791
square,x^2,16.0,20366429,0,fixed,0.05,16384,fixed_density,4.0,1,1,5.945443657239519,0,16384,fixed_density,4.0,1,1,identity,4.518375499900636,"{""projection"": [[1.0]]}",1.4270681573388826
square,x^2,16.0,20366429,0,fixed,0.05,16384,fixed_density,4.0,1,1,5.945443657239519,0,16384,fixed_density,4.0,1,1,gain_matched,0.06199554805749338,"{""gain_matrix"": [[-0.0039716720524523175]]}",5.883448109182026
square,x^2,16.0,20366429,0,fixed,0.05,16384,fixed_density,4.0,1,1,5.945443657239519,0,16384,fixed_density,4.0,1,1,variance_matched,5.94415294443775,"{""direction"": [1.0]}",0.0012907128017687342
square,x^2,16.0,20366429,0,fixed,0.05,16384,fixed_density,4.0,1,1,5.945443657239519,0,16384,fixed_density,4.0,1,1,shuffled_target,-5.760512346449071e-05,{},5.945501262362983
square,x^2,16.0,20366429,0,fixed,0.05,16384,fixed_density,4.0,1,1,5.945443657239519,0,16384,fixed_density,4.0,1,1,analytic_volume,2.772588722239781,"{""source_dim"": 1}",3.1728549349997377
square,x^2,16.0,20366446,1,fixed,0.05,16384,fixed_density,4.0,1,1,5.941642727966137,1,16384,fixed_density,4.0,1,1,null,-6.608028184572906e-05,{},5.9417088082479825
square,x^2,16.0,20366446,1,fixed,0.05,16384,fixed_density,4.0,1,1,5.941642727966137,1,16384,fixed_density,4.0,1,1,identity,4.522972001306572,"{""projection"": [[1.0]]}",1.418670726659565
square,x^2,16.0,20366446,1,fixed,0.05,16384,fixed_density,4.0,1,1,5.941642727966137,1,16384,fixed_density,4.0,1,1,gain_matched,0.0993707594196174,"{""gain_matrix"": [[0.004957333919491532]]}",5.84227196854652
square,x^2,16.0,20366446,1,fixed,0.05,16384,fixed_density,4.0,1,1,5.941642727966137,1,16384,fixed_density,4.0,1,1,variance_matched,5.94879098696212,"{""direction"": [1.0]}",-0.007148258995982815
square,x^2,16.0,20366446,1,fixed,0.05,16384,fixed_density,4.0,1,1,5.941642727966137,1,16384,fixed_density,4.0,1,1,shuffled_target,-2.556112840582545e-05,{},5.941668289094543
square,x^2,16.0,20366446,1,fixed,0.05,16384,fixed_density,4.0,1,1,5.941642727966137,1,16384,fixed_density,4.0,1,1,analytic_volume,2.772588722239781,"{""source_dim"": 1}",3.169054005726356
square,x^2,16.0,20366463,2,fixed,0.05,16384,fixed_density,4.0,1,1,5.9464075089392825,2,16384,fixed_density,4.0,1,1,null,0.00013769817093460646,{},5.946269810768348
square,x^2,16.0,20366463,2,fixed,0.05,16384,fixed_density,4.0,1,1,5.9464075089392825,2,16384,fixed_density,4.0,1,1,identity,4.515338201115554,"{""projection"": [[1.0]]}",1.4310693078237282
square,x^2,16.0,20366463,2,fixed,0.05,16384,fixed_density,4.0,1,1,5.9464075089392825,2,16384,fixed_density,4.0,1,1,gain_matched,0.03808960120738615,"{""gain_matrix"": [[0.003097911611477944]]}",5.908317907731896
square,x^2,16.0,20366463,2,fixed,0.05,16384,fixed_density,4.0,1,1,5.9464075089392825,2,16384,fixed_density,4.0,1,1,variance_matched,5.944495167904334,"{""direction"": [1.0]}",0.0019123410349486392
square,x^2,16.0,20366463,2,fixed,0.05,16384,fixed_density,4.0,1,1,5.9464075089392825,2,16384,fixed_density,4.0,1,1,shuffled_target,-2.419316586750291e-05,{},5.94643170210515
square,x^2,16.0,20366463,2,fixed,0.05,16384,fixed_density,4.0,1,1,5.9464075089392825,2,16384,fixed_density,4.0,1,1,analytic_volume,2.772588722239781,"{""source_dim"": 1}",3.1738187866995013
square,x^2,16.0,20366480,3,fixed,0.05,16384,fixed_density,4.0,1,1,5.948976671130657,3,16384,fixed_density,4.0,1,1,null,4.118100365186673e-05,{},5.948935490127005
square,x^2,16.0,20366480,3,fixed,0.05,16384,fixed_density,4.0,1,1,5.948976671130657,3,16384,fixed_density,4.0,1,1,identity,4.536404530041562,"{""projection"": [[1.0]]}",1.412572141089095
square,x^2,16.0,20366480,3,fixed,0.05,16384,fixed_density,4.0,1,1,5.948976671130657,3,16384,fixed_density,4.0,1,1,gain_matched,0.6203910230286382,"{""gain_matrix"": [[-0.017045491663581155]]}",5.328585648102019
square,x^2,16.0,20366480,3,fixed,0.05,16384,fixed_density,4.0,1,1,5.948976671130657,3,16384,fixed_density,4.0,1,1,variance_matched,5.932433170793551,"{""direction"": [1.0]}",0.0165435003371055
square,x^2,16.0,20366480,3,fixed,0.05,16384,fixed_density,4.0,1,1,5.948976671130657,3,16384,fixed_density,4.0,1,1,shuffled_target,-3.914520712151295e-05,{},5.949015816337778
square,x^2,16.0,20366480,3,fixed,0.05,16384,fixed_density,4.0,1,1,5.948976671130657,3,16384,fixed_density,4.0,1,1,analytic_volume,2.772588722239781,"{""source_dim"": 1}",3.1763879488908757
square,x^2,16.0,20366497,4,fixed,0.05,16384,fixed_density,4.0,1,1,5.947804763781018,4,16384,fixed_density,4.0,1,1,null,-1.9428398787347523e-05,{},5.947824192179805
square,x^2,16.0,20366497,4,fixed,0.05,16384,fixed_density,4.0,1,1,5.947804763781018,4,16384,fixed_density,4.0,1,1,identity,4.518625939283595,"{""projection"": [[1.0]]}",1.4291788244974226
square,x^2,16.0,20366497,4,fixed,0.05,16384,fixed_density,4.0,1,1,5.947804763781018,4,16384,fixed_density,4.0,1,1,gain_matched,0.9070086503892977,"{""gain_matrix"": [[0.024345060702181735]]}",5.04079611339172
square,x^2,16.0,20366497,4,fixed,0.05,16384,fixed_density,4.0,1,1,5.947804763781018,4,16384,fixed_density,4.0,1,1,variance_matched,5.945014578477636,"{""direction"": [1.0]}",0.002790185303381598
square,x^2,16.0,20366497,4,fixed,0.05,16384,fixed_density,4.0,1,1,5.947804763781018,4,16384,fixed_density,4.0,1,1,shuffled_target,0.00012593719999958795,{},5.947678826581018
square,x^2,16.0,20366497,4,fixed,0.05,16384,fixed_density,4.0,1,1,5.947804763781018,4,16384,fixed_density,4.0,1,1,analytic_volume,2.772588722239781,"{""source_dim"": 1}",3.1752160415412365
square,x^2,16.0,20366514,5,fixed,0.05,16384,fixed_density,4.0,1,1,5.950184136919997,5,16384,fixed_density,4.0,1,1,null,6.224160513612879e-05,{},5.950121895314861
square,x^2,16.0,20366514,5,fixed,0.05,16384,fixed_density,4.0,1,1,5.950184136919997,5,16384,fixed_density,4.0,1,1,identity,4.530290733832444,"{""projection"": [[1.0]]}",1.4198934030875536
square,x^2,16.0,20366514,5,fixed,0.05,16384,fixed_density,4.0,1,1,5.950184136919997,5,16384,fixed_density,4.0,1,1,gain_matched,0.2561293313245043,"{""gain_matrix"": [[-0.008701825361116201]]}",5.694054805595493
square,x^2,16.0,20366514,5,fixed,0.05,16384,fixed_density,4.0,1,1,5.950184136919997,5,16384,fixed_density,4.0,1,1,variance_matched,5.9422394634029665,"{""direction"": [1.0]}",0.007944673517030765
square,x^2,16.0,20366514,5,fixed,0.05,16384,fixed_density,4.0,1,1,5.950184136919997,5,16384,fixed_density,4.0,1,1,shuffled_target,-4.166850670106592e-05,{},5.950225805426698
square,x^2,16.0,20366514,5,fixed,0.05,16384,fixed_density,4.0,1,1,5.950184136919997,5,16384,fixed_density,4.0,1,1,analytic_volume,2.772588722239781,"{""source_dim"": 1}",3.177595414680216
square,x^2,16.0,20366531,6,fixed,0.05,16384,fixed_density,4.0,1,1,5.937273241508721,6,16384,fixed_density,4.0,1,1,null,-3.739859642193912e-05,{},5.937310640105143
square,x^2,16.0,20366531,6,fixed,0.05,16384,fixed_density,4.0,1,1,5.937273241508721,6,16384,fixed_density,4.0,1,1,identity,4.522503950206547,"{""projection"": [[1.0]]}",1.414769291302174
square,x^2,16.0,20366531,6,fixed,0.05,16384,fixed_density,4.0,1,1,5.937273241508721,6,16384,fixed_density,4.0,1,1,gain_matched,0.0645986713831236,"{""gain_matrix"": [[0.004068646389239952]]}",5.872674570125597
square,x^2,16.0,20366531,6,fixed,0.05,16384,fixed_density,4.0,1,1,5.937273241508721,6,16384,fixed_density,4.0,1,1,variance_matched,5.940135506152629,"{""direction"": [1.0]}",-0.0028622646439080413
square,x^2,16.0,20366531,6,fixed,0.05,16384,fixed_density,4.0,1,1,5.937273241508721,6,16384,fixed_density,4.0,1,1,shuffled_target,0.0001260296240243557,{},5.937147211884697
square,x^2,16.0,20366531,6,fixed,0.05,16384,fixed_density,4.0,1,1,5.937273241508721,6,16384,fixed_density,4.0,1,1,analytic_volume,2.772588722239781,"{""source_dim"": 1}",3.1646845192689397
square,x^2,16.0,20366548,7,fixed,0.05,16384,fixed_density,4.0,1,1,5.952049813199136,7,16384,fixed_density,4.0,1,1,null,5.4330762279269535e-05,{},5.951995482436857
square,x^2,16.0,20366548,7,fixed,0.05,16384,fixed_density,4.0,1,1,5.952049813199136,7,16384,fixed_density,4.0,1,1,identity,4.524267086448375,"{""projection"": [[1.0]]}",1.4277827267507615
square,x^2,16.0,20366548,7,fixed,0.05,16384,fixed_density,4.0,1,1,5.952049813199136,7,16384,fixed_density,4.0,1,1,gain_matched,0.8429446099808253,"{""gain_matrix"": [[0.023065249250604294]]}",5.109105203218311
square,x^2,16.0,20366548,7,fixed,0.05,16384,fixed_density,4.0,1,1,5.952049813199136,7,16384,fixed_density,4.0,1,1,variance_matched,5.944333141455883,"{""direction"": [1.0]}",0.0077166717432533005
square,x^2,16.0,20366548,7,fixed,0.05,16384,fixed_density,4.0,1,1,5.952049813199136,7,16384,fixed_density,4.0,1,1,shuffled_target,-6.57692327131366e-05,{},5.9521155824318495
square,x^2,16.0,20366548,7,fixed,0.05,16384,fixed_density,4.0,1,1,5.952049813199136,7,16384,fixed_density,4.0,1,1,analytic_volume,2.772588722239781,"{""source_dim"": 1}",3.179461090959355
square,x^2,16.0,20366565,8,fixed,0.05,16384,fixed_density,4.0,1,1,5.949311382111553,8,16384,fixed_density,4.0,1,1,null,0.00018109707996478167,{},5.949130285031588
square,x^2,16.0,20366565,8,fixed,0.05,16384,fixed_density,4.0,1,1,5.949311382111553,8,16384,fixed_density,4.0,1,1,identity,4.51988061257697,"{""projection"": [[1.0]]}",1.4294307695345827
square,x^2,16.0,20366565,8,fixed,0.05,16384,fixed_density,4.0,1,1,5.949311382111553,8,16384,fixed_density,4.0,1,1,gain_matched,1.2586046820960388,"{""gain_matrix"": [[0.03606917284714197]]}",4.6907067000155145
square,x^2,16.0,20366565,8,fixed,0.05,16384,fixed_density,4.0,1,1,5.949311382111553,8,16384,fixed_density,4.0,1,1,variance_matched,5.9397269860019115,"{""direction"": [1.0]}",0.009584396109641347
square,x^2,16.0,20366565,8,fixed,0.05,16384,fixed_density,4.0,1,1,5.949311382111553,8,16384,fixed_density,4.0,1,1,shuffled_target,-5.098738835144367e-05,{},5.949362369499904
square,x^2,16.0,20366565,8,fixed,0.05,16384,fixed_density,4.0,1,1,5.949311382111553,8,16384,fixed_density,4.0,1,1,analytic_volume,2.772588722239781,"{""source_dim"": 1}",3.1767226598717717
square,x^2,16.0,20366582,9,fixed,0.05,16384,fixed_density,4.0,1,1,5.944426148757038,9,16384,fixed_density,4.0,1,1,null,-4.520610150488181e-05,{},5.944471354858543
square,x^2,16.0,20366582,9,fixed,0.05,16384,fixed_density,4.0,1,1,5.944426148757038,9,16384,fixed_density,4.0,1,1,identity,4.5215951407521295,"{""projection"": [[1.0]]}",1.4228310080049082
square,x^2,16.0,20366582,9,fixed,0.05,16384,fixed_density,4.0,1,1,5.944426148757038,9,16384,fixed_density,4.0,1,1,gain_matched,0.7027415950549052,"{""gain_matrix"": [[0.01897827475350148]]}",5.241684553702132
square,x^2,16.0,20366582,9,fixed,0.05,16384,fixed_density,4.0,1,1,5.944426148757038,9,16384,fixed_density,4.0,1,1,variance_matched,5.936999126879789,"{""direction"": [1.0]}",0.007427021877249196
square,x^2,16.0,20366582,9,fixed,0.05,16384,fixed_density,4.0,1,1,5.944426148757038,9,16384,fixed_density,4.0,1,1,shuffled_target,6.593387535884534e-05,{},5.944360214881679
square,x^2,16.0,20366582,9,fixed,0.05,16384,fixed_density,4.0,1,1,5.944426148757038,9,16384,fixed_density,4.0,1,1,analytic_volume,2.772588722239781,"{""source_dim"": 1}",3.1718374265172566
square,x^2,0.5,20360429,0,scaled_with_l,0.025,512,fixed_density,4.0,1,1,0.27331750707397606,0,512,fixed_density,4.0,1,1,null,0.004853252249558467,{},0.2684642548244176
square,x^2,0.5,20360429,0,scaled_with_l,0.025,512,fixed_density,4.0,1,1,0.27331750707397606,0,512,fixed_density,4.0,1,1,identity,1.7719225999079922,"{""projection"": [[1.0]]}",-1.498605092834016
square,x^2,0.5,20360429,0,scaled_with_l,0.025,512,fixed_density,4.0,1,1,0.27331750707397606,0,512,fixed_density,4.0,1,1,gain_matched,-0.0024263642831235934,"{""gain_matrix"": [[0.003216129788417398]]}",0.27574387135709966
square,x^2,0.5,20360429,0,scaled_with_l,0.025,512,fixed_density,4.0,1,1,0.27331750707397606,0,512,fixed_density,4.0,1,1,variance_matched,0.20554963675919033,"{""direction"": [1.0]}",0.06776787031478573
square,x^2,0.5,20360429,0,scaled_with_l,0.025,512,fixed_density,4.0,1,1,0.27331750707397606,0,512,fixed_density,4.0,1,1,shuffled_target,-0.002668621712370493,{},0.27598612878634654
square,x^2,0.5,20360429,0,scaled_with_l,0.025,512,fixed_density,4.0,1,1,0.27331750707397606,0,512,fixed_density,4.0,1,1,analytic_volume,-0.6931471805599453,"{""source_dim"": 1}",0.9664646876339213
square,x^2,0.5,20360446,1,scaled_with_l,0.025,512,fixed_density,4.0,1,1,0.23589259840156165,1,512,fixed_density,4.0,1,1,null,-0.0009445369154032967,{},0.23683713531696496
square,x^2,0.5,20360446,1,scaled_with_l,0.025,512,fixed_density,4.0,1,1,0.23589259840156165,1,512,fixed_density,4.0,1,1,identity,1.7159371459262527,"{""projection"": [[1.0]]}",-1.480044547524691
square,x^2,0.5,20360446,1,scaled_with_l,0.025,512,fixed_density,4.0,1,1,0.23589259840156165,1,512,fixed_density,4.0,1,1,gain_matched,-0.002415364515575941,"{""gain_matrix"": [[-0.00045458846138461635]]}",0.2383079629171376
square,x^2,0.5,20360446,1,scaled_with_l,0.025,512,fixed_density,4.0,1,1,0.23589259840156165,1,512,fixed_density,4.0,1,1,variance_matched,0.273328249615907,"{""direction"": [1.0]}",-0.03743565121434536
square,x^2,0.5,20360446,1,scaled_with_l,0.025,512,fixed_density,4.0,1,1,0.23589259840156165,1,512,fixed_density,4.0,1,1,shuffled_target,0.001462754386351807,{},0.23442984401520986
square,x^2,0.5,20360446,1,scaled_with_l,0.025,512,fixed_density,4.0,1,1,0.23589259840156165,1,512,fixed_density,4.0,1,1,analytic_volume,-0.6931471805599453,"{""source_dim"": 1}",0.9290397789615069
square,x^2,0.5,20360463,2,scaled_with_l,0.025,512,fixed_density,4.0,1,1,0.23119318647290632,2,512,fixed_density,4.0,1,1,null,-0.00020778594667524193,{},0.23140097241958157
square,x^2,0.5,20360463,2,scaled_with_l,0.025,512,fixed_density,4.0,1,1,0.23119318647290632,2,512,fixed_density,4.0,1,1,identity,1.8094382680358074,"{""projection"": [[1.0]]}",-1.5782450815629012
square,x^2,0.5,20360463,2,scaled_with_l,0.025,512,fixed_density,4.0,1,1,0.23119318647290632,2,512,fixed_density,4.0,1,1,gain_matched,0.002018383459481301,"{""gain_matrix"": [[0.01184296863837393]]}",0.22917480301342502
square,x^2,0.5,20360463,2,scaled_with_l,0.025,512,fixed_density,4.0,1,1,0.23119318647290632,2,512,fixed_density,4.0,1,1,variance_matched,0.19983996795600564,"{""direction"": [1.0]}",0.03135321851690068
square,x^2,0.5,20360463,2,scaled_with_l,0.025,512,fixed_density,4.0,1,1,0.23119318647290632,2,512,fixed_density,4.0,1,1,shuffled_target,0.002521834802171835,{},0.2286713516707345
square,x^2,0.5,20360463,2,scaled_with_l,0.025,512,fixed_density,4.0,1,1,0.23119318647290632,2,512,fixed_density,4.0,1,1,analytic_volume,-0.6931471805599453,"{""source_dim"": 1}",0.9243403670328516
square,x^2,0.5,20360480,3,scaled_with_l,0.025,512,fixed_density,4.0,1,1,0.1921578895133243,3,512,fixed_density,4.0,1,1,null,-5.855360346658208e-05,{},0.19221644311679087
square,x^2,0.5,20360480,3,scaled_with_l,0.025,512,fixed_density,4.0,1,1,0.1921578895133243,3,512,fixed_density,4.0,1,1,identity,1.8004680174327425,"{""projection"": [[1.0]]}",-1.6083101279194183
square,x^2,0.5,20360480,3,scaled_with_l,0.025,512,fixed_density,4.0,1,1,0.1921578895133243,3,512,fixed_density,4.0,1,1,gain_matched,-0.0013517707982414425,"{""gain_matrix"": [[0.000616310332308648]]}",0.19350966031156575
square,x^2,0.5,20360480,3,scaled_with_l,0.025,512,fixed_density,4.0,1,1,0.1921578895133243,3,512,fixed_density,4.0,1,1,variance_matched,0.22784019874147451,"{""direction"": [1.0]}",-0.035682309228150216
square,x^2,0.5,20360480,3,scaled_with_l,0.025,512,fixed_density,4.0,1,1,0.1921578895133243,3,512,fixed_density,4.0,1,1,shuffled_target,-0.0014866214121366447,{},0.19364451092546095
square,x^2,0.5,20360480,3,scaled_with_l,0.025,512,fixed_density,4.0,1,1,0.1921578895133243,3,512,fixed_density,4.0,1,1,analytic_volume,-0.6931471805599453,"{""source_dim"": 1}",0.8853050700732696
square,x^2,0.5,20360497,4,scaled_with_l,0.025,512,fixed_density,4.0,1,1,0.18164832860136207,4,512,fixed_density,4.0,1,1,null,0.009403595588722651,{},0.17224473301263943
square,x^2,0.5,20360497,4,scaled_with_l,0.025,512,fixed_density,4.0,1,1,0.18164832860136207,4,512,fixed_density,4.0,1,1,identity,1.7882231182724655,"{""projection"": [[1.0]]}",-1.6065747896711033
square,x^2,0.5,20360497,4,scaled_with_l,0.025,512,fixed_density,4.0,1,1,0.18164832860136207,4,512,fixed_density,4.0,1,1,gain_matched,0.007312130254414267,"{""gain_matrix"": [[-0.00016091260199871008]]}",0.1743361983469478
square,x^2,0.5,20360497,4,scaled_with_l,0.025,512,fixed_density,4.0,1,1,0.18164832860136207,4,512,fixed_density,4.0,1,1,variance_matched,0.20133500943047788,"{""direction"": [1.0]}",-0.019686680829115816
square,x^2,0.5,20360497,4,scaled_with_l,0.025,512,fixed_density,4.0,1,1,0.18164832860136207,4,512,fixed_density,4.0,1,1,shuffled_target,-0.0006709398964011818,{},0.18231926849776325
square,x^2,0.5,20360497,4,scaled_with_l,0.025,512,fixed_density,4.0,1,1,0.18164832860136207,4,512,fixed_density,4.0,1,1,analytic_volume,-0.6931471805599453,"{""source_dim"": 1}",0.8747955091613073
square,x^2,0.5,20360514,5,scaled_with_l,0.025,512,fixed_density,4.0,1,1,0.23094488882910166,5,512,fixed_density,4.0,1,1,null,-0.0016060196921299777,{},0.23255090852123164
square,x^2,0.5,20360514,5,scaled_with_l,0.025,512,fixed_density,4.0,1,1,0.23094488882910166,5,512,fixed_density,4.0,1,1,identity,1.7633578662932874,"{""projection"": [[1.0]]}",-1.5324129774641857
square,x^2,0.5,20360514,5,scaled_with_l,0.025,512,fixed_density,4.0,1,1,0.23094488882910166,5,512,fixed_density,4.0,1,1,gain_matched,-0.0006608110234195934,"{""gain_matrix"": [[-2.644526607848251e-05]]}",0.23160569985252125
square,x^2,0.5,20360514,5,scaled_with_l,0.025,512,fixed_density,4.0,1,1,0.23094488882910166,5,512,fixed_density,4.0,1,1,variance_matched,0.18065394995522677,"{""direction"": [1.0]}",0.050290938873874896
square,x^2,0.5,20360514,5,scaled_with_l,0.025,512,fixed_density,4.0,1,1,0.23094488882910166,5,512,fixed_density,4.0,1,1,shuffled_target,-0.0018125873656961661,{},0.23275747619479784
square,x^2,0.5,20360514,5,scaled_with_l,0.025,512,fixed_density,4.0,1,1,0.23094488882910166,5,512,fixed_density,4.0,1,1,analytic_volume,-0.6931471805599453,"{""source_dim"": 1}",0.924092069389047
square,x^2,0.5,20360531,6,scaled_with_l,0.025,512,fixed_density,4.0,1,1,0.26337389544911327,6,512,fixed_density,4.0,1,1,null,0.0016585561699217453,{},0.26171533927919155
square,x^2,0.5,20360531,6,scaled_with_l,0.025,512,fixed_density,4.0,1,1,0.26337389544911327,6,512,fixed_density,4.0,1,1,identity,1.8190154683345576,"{""projection"": [[1.0]]}",-1.5556415728854445
square,x^2,0.5,20360531,6,scaled_with_l,0.025,512,fixed_density,4.0,1,1,0.26337389544911327,6,512,fixed_density,4.0,1,1,gain_matched,-0.0007147919138362543,"{""gain_matrix"": [[0.007392170376557428]]}",0.26408868736294955
square,x^2,0.5,20360531,6,scaled_with_l,0.025,512,fixed_density,4.0,1,1,0.26337389544911327,6,512,fixed_density,4.0,1,1,variance_matched,0.24061637200133243,"{""direction"": [1.0]}",0.022757523447780842
square,x^2,0.5,20360531,6,scaled_with_l,0.025,512,fixed_density,4.0,1,1,0.26337389544911327,6,512,fixed_density,4.0,1,1,shuffled_target,-0.0015524846692835039,{},0.26492638011839675
square,x^2,0.5,20360531,6,scaled_with_l,0.025,512,fixed_density,4.0,1,1,0.26337389544911327,6,512,fixed_density,4.0,1,1,analytic_volume,-0.6931471805599453,"{""source_dim"": 1}",0.9565210760090586
square,x^2,0.5,20360548,7,scaled_with_l,0.025,512,fixed_density,4.0,1,1,0.20073371716517374,7,512,fixed_density,4.0,1,1,null,0.004625919173910235,{},0.19610779799126352
square,x^2,0.5,20360548,7,scaled_with_l,0.025,512,fixed_density,4.0,1,1,0.20073371716517374,7,512,fixed_density,4.0,1,1,identity,1.8208559286327994,"{""projection"": [[1.0]]}",-1.6201222114676257
square,x^2,0.5,20360548,7,scaled_with_l,0.025,512,fixed_density,4.0,1,1,0.20073371716517374,7,512,fixed_density,4.0,1,1,gain_matched,-0.0022134863566990767,"{""gain_matrix"": [[-0.004772078340407052]]}",0.20294720352187282
square,x^2,0.5,20360548,7,scaled_with_l,0.025,512,fixed_density,4.0,1,1,0.20073371716517374,7,512,fixed_density,4.0,1,1,variance_matched,0.21147561138345727,"{""direction"": [1.0]}",-0.010741894218283532
square,x^2,0.5,20360548,7,scaled_with_l,0.025,512,fixed_density,4.0,1,1,0.20073371716517374,7,512,fixed_density,4.0,1,1,shuffled_target,0.0011391213366935818,{},0.19959459582848016
square,x^2,0.5,20360548,7,scaled_with_l,0.025,512,fixed_density,4.0,1,1,0.20073371716517374,7,512,fixed_density,4.0,1,1,analytic_volume,-0.6931471805599453,"{""source_dim"": 1}",0.893880897725119
square,x^2,0.5,20360565,8,scaled_with_l,0.025,512,fixed_density,4.0,1,1,0.21958519662031775,8,512,fixed_density,4.0,1,1,null,0.00053751697191221,{},0.21904767964840555
square,x^2,0.5,20360565,8,scaled_with_l,0.025,512,fixed_density,4.0,1,1,0.21958519662031775,8,512,fixed_density,4.0,1,1,identity,1.7508515148867398,"{""projection"": [[1.0]]}",-1.5312663182664221
square,x^2,0.5,20360565,8,scaled_with_l,0.025,512,fixed_density,4.0,1,1,0.21958519662031775,8,512,fixed_density,4.0,1,1,gain_matched,0.002342061811724941,"{""gain_matrix"": [[0.009333518745087149]]}",0.2172431348085928
square,x^2,0.5,20360565,8,scaled_with_l,0.025,512,fixed_density,4.0,1,1,0.21958519662031775,8,512,fixed_density,4.0,1,1,variance_matched,0.23559830763703304,"{""direction"": [1.0]}",-0.016013111016715292
square,x^2,0.5,20360565,8,scaled_with_l,0.025,512,fixed_density,4.0,1,1,0.21958519662031775,8,512,fixed_density,4.0,1,1,shuffled_target,0.0014756721334381307,{},0.21810952448687962
square,x^2,0.5,20360565,8,scaled_with_l,0.025,512,fixed_density,4.0,1,1,0.21958519662031775,8,512,fixed_density,4.0,1,1,analytic_volume,-0.6931471805599453,"{""source_dim"": 1}",0.912732377180263
square,x^2,0.5,20360582,9,scaled_with_l,0.025,512,fixed_density,4.0,1,1,0.18123052690073993,9,512,fixed_density,4.0,1,1,null,-0.001737236731545529,{},0.18296776363228545
square,x^2,0.5,20360582,9,scaled_with_l,0.025,512,fixed_density,4.0,1,1,0.18123052690073993,9,512,fixed_density,4.0,1,1,identity,1.7672348995529443,"{""projection"": [[1.0]]}",-1.5860043726522044
square,x^2,0.5,20360582,9,scaled_with_l,0.025,512,fixed_density,4.0,1,1,0.18123052690073993,9,512,fixed_density,4.0,1,1,gain_matched,-0.0023460183029939937,"{""gain_matrix"": [[-0.003776874854971293]]}",0.18357654520373393
square,x^2,0.5,20360582,9,scaled_with_l,0.025,512,fixed_density,4.0,1,1,0.18123052690073993,9,512,fixed_density,4.0,1,1,variance_matched,0.2359666954005028,"{""direction"": [1.0]}",-0.05473616849976287
square,x^2,0.5,20360582,9,scaled_with_l,0.025,512,fixed_density,4.0,1,1,0.18123052690073993,9,512,fixed_density,4.0,1,1,shuffled_target,0.002960778610723583,{},0.17826974829001635
square,x^2,0.5,20360582,9,scaled_with_l,0.025,512,fixed_density,4.0,1,1,0.18123052690073993,9,512,fixed_density,4.0,1,1,analytic_volume,-0.6931471805599453,"{""source_dim"": 1}",0.8743777074606852
square,x^2,1.0,20361429,0,scaled_with_l,0.05,1024,fixed_density,4.0,1,1,0.5829655445516929,0,1024,fixed_density,4.0,1,1,null,0.0027964103833050405,{},0.5801691341683879
square,x^2,1.0,20361429,0,scaled_with_l,0.05,1024,fixed_density,4.0,1,1,0.5829655445516929,0,1024,fixed_density,4.0,1,1,identity,1.7368609427227977,"{""projection"": [[1.0]]}",-1.1538953981711049
square,x^2,1.0,20361429,0,scaled_with_l,0.05,1024,fixed_density,4.0,1,1,0.5829655445516929,0,1024,fixed_density,4.0,1,1,gain_matched,0.007670222557038545,"{""gain_matrix"": [[-0.01805629660984874]]}",0.5752953219946544
square,x^2,1.0,20361429,0,scaled_with_l,0.05,1024,fixed_density,4.0,1,1,0.5829655445516929,0,1024,fixed_density,4.0,1,1,variance_matched,0.5943992759332041,"{""direction"": [1.0]}",-0.011433731381511159
square,x^2,1.0,20361429,0,scaled_with_l,0.05,1024,fixed_density,4.0,1,1,0.5829655445516929,0,1024,fixed_density,4.0,1,1,shuffled_target,-0.001156157189028715,{},0.5841217017407216
square,x^2,1.0,20361429,0,scaled_with_l,0.05,1024,fixed_density,4.0,1,1,0.5829655445516929,0,1024,fixed_density,4.0,1,1,analytic_volume,0.0,"{""source_dim"": 1}",0.5829655445516929
square,x^2,1.0,20361446,1,scaled_with_l,0.05,1024,fixed_density,4.0,1,1,0.5753794749548673,1,1024,fixed_density,4.0,1,1,null,0.0010875544390344981,{},0.5742919205158328
square,x^2,1.0,20361446,1,scaled_with_l,0.05,1024,fixed_density,4.0,1,1,0.5753794749548673,1,1024,fixed_density,4.0,1,1,identity,1.758371531966783,"{""projection"": [[1.0]]}",-1.1829920570119157
square,x^2,1.0,20361446,1,scaled_with_l,0.05,1024,fixed_density,4.0,1,1,0.5753794749548673,1,1024,fixed_density,4.0,1,1,gain_matched,-0.0010642922373055848,"{""gain_matrix"": [[-0.00372110162249738]]}",0.5764437671921728
square,x^2,1.0,20361446,1,scaled_with_l,0.05,1024,fixed_density,4.0,1,1,0.5753794749548673,1,1024,fixed_density,4.0,1,1,variance_matched,0.5910476033190102,"{""direction"": [1.0]}",-0.015668128364142886
square,x^2,1.0,20361446,1,scaled_with_l,0.05,1024,fixed_density,4.0,1,1,0.5753794749548673,1,1024,fixed_density,4.0,1,1,shuffled_target,-0.0005275659207036607,{},0.575907040875571
square,x^2,1.0,20361446,1,scaled_with_l,0.05,1024,fixed_density,4.0,1,1,0.5753794749548673,1,1024,fixed_density,4.0,1,1,analytic_volume,0.0,"{""source_dim"": 1}",0.5753794749548673
square,x^2,1.0,20361463,2,scaled_with_l,0.05,1024,fixed_density,4.0,1,1,0.5682771191719129,2,1024,fixed_density,4.0,1,1,null,-7.553507133126929e-05,{},0.5683526542432442
square,x^2,1.0,20361463,2,scaled_with_l,0.05,1024,fixed_density,4.0,1,1,0.5682771191719129,2,1024,fixed_density,4.0,1,1,identity,1.8376689582625356,"{""projection"": [[1.0]]}",-1.2693918390906227
square,x^2,1.0,20361463,2,scaled_with_l,0.05,1024,fixed_density,4.0,1,1,0.5682771191719129,2,1024,fixed_density,4.0,1,1,gain_matched,0.0018344764090085326,"{""gain_matrix"": [[-0.006855989120093232]]}",0.5664426427629043
square,x^2,1.0,20361463,2,scaled_with_l,0.05,1024,fixed_density,4.0,1,1,0.5682771191719129,2,1024,fixed_density,4.0,1,1,variance_matched,0.6120174032019134,"{""direction"": [1.0]}",-0.04374028403000052
square,x^2,1.0,20361463,2,scaled_with_l,0.05,1024,fixed_density,4.0,1,1,0.5682771191719129,2,1024,fixed_density,4.0,1,1,shuffled_target,-0.0006149190322797503,{},0.5688920382041927
square,x^2,1.0,20361463,2,scaled_with_l,0.05,1024,fixed_density,4.0,1,1,0.5682771191719129,2,1024,fixed_density,4.0,1,1,analytic_volume,0.0,"{""source_dim"": 1}",0.5682771191719129
square,x^2,1.0,20361480,3,scaled_with_l,0.05,1024,fixed_density,4.0,1,1,0.5981701883421741,3,1024,fixed_density,4.0,1,1,null,-0.00026217496335718916,{},0.5984323633055313
square,x^2,1.0,20361480,3,scaled_with_l,0.05,1024,fixed_density,4.0,1,1,0.5981701883421741,3,1024,fixed_density,4.0,1,1,identity,1.7602903675709034,"{""projection"": [[1.0]]}",-1.1621201792287295
square,x^2,1.0,20361480,3,scaled_with_l,0.05,1024,fixed_density,4.0,1,1,0.5981701883421741,3,1024,fixed_density,4.0,1,1,gain_matched,0.00041517988123558613,"{""gain_matrix"": [[-0.007256722664729236]]}",0.5977550084609384
square,x^2,1.0,20361480,3,scaled_with_l,0.05,1024,fixed_density,4.0,1,1,0.5981701883421741,3,1024,fixed_density,4.0,1,1,variance_matched,0.5942738676071406,"{""direction"": [1.0]}",0.0038963207350334317
square,x^2,1.0,20361480,3,scaled_with_l,0.05,1024,fixed_density,4.0,1,1,0.5981701883421741,3,1024,fixed_density,4.0,1,1,shuffled_target,-1.145653355334817e-06,{},0.5981713339955294
square,x^2,1.0,20361480,3,scaled_with_l,0.05,1024,fixed_density,4.0,1,1,0.5981701883421741,3,1024,fixed_density,4.0,1,1,analytic_volume,0.0,"{""source_dim"": 1}",0.5981701883421741
square,x^2,1.0,20361497,4,scaled_with_l,0.05,1024,fixed_density,4.0,1,1,0.5868773695811706,4,1024,fixed_density,4.0,1,1,null,-0.001026960859589156,{},0.5879043304407598
square,x^2,1.0,20361497,4,scaled_with_l,0.05,1024,fixed_density,4.0,1,1,0.5868773695811706,4,1024,fixed_density,4.0,1,1,identity,1.7252195301698432,"{""projection"": [[1.0]]}",-1.1383421605886725
square,x^2,1.0,20361497,4,scaled_with_l,0.05,1024,fixed_density,4.0,1,1,0.5868773695811706,4,1024,fixed_density,4.0,1,1,gain_matched,-0.0011212097363183394,"{""gain_matrix"": [[0.0059890685886275314]]}",0.587998579317489
square,x^2,1.0,20361497,4,scaled_with_l,0.05,1024,fixed_density,4.0,1,1,0.5868773695811706,4,1024,fixed_density,4.0,1,1,variance_matched,0.5900307610144595,"{""direction"": [1.0]}",-0.0031533914332888546
square,x^2,1.0,20361497,4,scaled_with_l,0.05,1024,fixed_density,4.0,1,1,0.5868773695811706,4,1024,fixed_density,4.0,1,1,shuffled_target,-0.001182040103976974,{},0.5880594096851476
square,x^2,1.0,20361497,4,scaled_with_l,0.05,1024,fixed_density,4.0,1,1,0.5868773695811706,4,1024,fixed_density,4.0,1,1,analytic_volume,0.0,"{""source_dim"": 1}",0.5868773695811706
square,x^2,1.0,20361514,5,scaled_with_l,0.05,1024,fixed_density,4.0,1,1,0.5937504711744181,5,1024,fixed_density,4.0,1,1,null,-0.0004529956977076862,{},0.5942034668721259
square,x^2,1.0,20361514,5,scaled_with_l,0.05,1024,fixed_density,4.0,1,1,0.5937504711744181,5,1024,fixed_density,4.0,1,1,identity,1.7931513267506172,"{""projection"": [[1.0]]}",-1.199400855576199
square,x^2,1.0,20361514,5,scaled_with_l,0.05,1024,fixed_density,4.0,1,1,0.5937504711744181,5,1024,fixed_density,4.0,1,1,gain_matched,0.0030990567345524434,"{""gain_matrix"": [[0.01564286085379239]]}",0.5906514144398657
square,x^2,1.0,20361514,5,scaled_with_l,0.05,1024,fixed_density,4.0,1,1,0.5937504711744181,5,1024,fixed_density,4.0,1,1,variance_matched,0.5766298277366615,"{""direction"": [1.0]}",0.017120643437756655
square,x^2,1.0,20361514,5,scaled_with_l,0.05,1024,fixed_density,4.0,1,1,0.5937504711744181,5,1024,fixed_density,4.0,1,1,shuffled_target,-0.0009177690194218534,{},0.59466824019384
square,x^2,1.0,20361514,5,scaled_with_l,0.05,1024,fixed_density,4.0,1,1,0.5937504711744181,5,1024,fixed_density,4.0,1,1,analytic_volume,0.0,"{""source_dim"": 1}",0.5937504711744181
square,x^2,1.0,20361531,6,scaled_with_l,0.05,1024,fixed_density,4.0,1,1,0.5553478274080592,6,1024,fixed_density,4.0,1,1,null,-0.000559647138461415,{},0.5559074745465207
square,x^2,1.0,20361531,6,scaled_with_l,0.05,1024,fixed_density,4.0,1,1,0.5553478274080592,6,1024,fixed_density,4.0,1,1,identity,1.746501868714653,"{""projection"": [[1.0]]}",-1.1911540413065937
square,x^2,1.0,20361531,6,scaled_with_l,0.05,1024,fixed_density,4.0,1,1,0.5553478274080592,6,1024,fixed_density,4.0,1,1,gain_matched,0.004369884852842713,"{""gain_matrix"": [[-0.012324785490473006]]}",0.5509779425552165
square,x^2,1.0,20361531,6,scaled_with_l,0.05,1024,fixed_density,4.0,1,1,0.5553478274080592,6,1024,fixed_density,4.0,1,1,variance_matched,0.5912138508289302,"{""direction"": [1.0]}",-0.035866023420870974
square,x^2,1.0,20361531,6,scaled_with_l,0.05,1024,fixed_density,4.0,1,1,0.5553478274080592,6,1024,fixed_density,4.0,1,1,shuffled_target,-0.0007461053183652417,{},0.5560939327264245
square,x^2,1.0,20361531,6,scaled_with_l,0.05,1024,fixed_density,4.0,1,1,0.5553478274080592,6,1024,fixed_density,4.0,1,1,analytic_volume,0.0,"{""source_dim"": 1}",0.5553478274080592
square,x^2,1.0,20361548,7,scaled_with_l,0.05,1024,fixed_density,4.0,1,1,0.5978904686913011,7,1024,fixed_density,4.0,1,1,null,-0.0011330243575467312,{},0.5990234930488478
square,x^2,1.0,20361548,7,scaled_with_l,0.05,1024,fixed_density,4.0,1,1,0.5978904686913011,7,1024,fixed_density,4.0,1,1,identity,1.7350911982894623,"{""projection"": [[1.0]]}",-1.1372007295981612
square,x^2,1.0,20361548,7,scaled_with_l,0.05,1024,fixed_density,4.0,1,1,0.5978904686913011,7,1024,fixed_density,4.0,1,1,gain_matched,-0.0008728825588400486,"{""gain_matrix"": [[0.00681278233598341]]}",0.5987633512501411
square,x^2,1.0,20361548,7,scaled_with_l,0.05,1024,fixed_density,4.0,1,1,0.5978904686913011,7,1024,fixed_density,4.0,1,1,variance_matched,0.566984214982241,"{""direction"": [1.0]}",0.030906253709060083
square,x^2,1.0,20361548,7,scaled_with_l,0.05,1024,fixed_density,4.0,1,1,0.5978904686913011,7,1024,fixed_density,4.0,1,1,shuffled_target,0.00011182684545852067,{},0.5977786418458426
square,x^2,1.0,20361548,7,scaled_with_l,0.05,1024,fixed_density,4.0,1,1,0.5978904686913011,7,1024,fixed_density,4.0,1,1,analytic_volume,0.0,"{""source_dim"": 1}",0.5978904686913011
square,x^2,1.0,20361565,8,scaled_with_l,0.05,1024,fixed_density,4.0,1,1,0.5669964749988881,8,1024,fixed_density,4.0,1,1,null,-0.0010283770744413865,{},0.5680248520733294
square,x^2,1.0,20361565,8,scaled_with_l,0.05,1024,fixed_density,4.0,1,1,0.5669964749988881,8,1024,fixed_density,4.0,1,1,identity,1.8102457278506394,"{""projection"": [[1.0]]}",-1.2432492528517514
square,x^2,1.0,20361565,8,scaled_with_l,0.05,1024,fixed_density,4.0,1,1,0.5669964749988881,8,1024,fixed_density,4.0,1,1,gain_matched,0.0022438739136991055,"{""gain_matrix"": [[-0.004926220772878965]]}",0.564752601085189
square,x^2,1.0,20361565,8,scaled_with_l,0.05,1024,fixed_density,4.0,1,1,0.5669964749988881,8,1024,fixed_density,4.0,1,1,variance_matched,0.608192420233955,"{""direction"": [1.0]}",-0.04119594523506698
square,x^2,1.0,20361565,8,scaled_with_l,0.05,1024,fixed_density,4.0,1,1,0.5669964749988881,8,1024,fixed_density,4.0,1,1,shuffled_target,0.0015784746802229815,{},0.5654180003186651
square,x^2,1.0,20361565,8,scaled_with_l,0.05,1024,fixed_density,4.0,1,1,0.5669964749988881,8,1024,fixed_density,4.0,1,1,analytic_volume,0.0,"{""source_dim"": 1}",0.5669964749988881
square,x^2,1.0,20361582,9,scaled_with_l,0.05,1024,fixed_density,4.0,1,1,0.5947218608456457,9,1024,fixed_density,4.0,1,1,null,-0.0008867757169623664,{},0.5956086365626081
square,x^2,1.0,20361582,9,scaled_with_l,0.05,1024,fixed_density,4.0,1,1,0.5947218608456457,9,1024,fixed_density,4.0,1,1,identity,1.788355449637098,"{""projection"": [[1.0]]}",-1.1936335887914522
square,x^2,1.0,20361582,9,scaled_with_l,0.05,1024,fixed_density,4.0,1,1,0.5947218608456457,9,1024,fixed_density,4.0,1,1,gain_matched,0.007689450775155072,"{""gain_matrix"": [[-0.02031165349223807]]}",0.5870324100704907
square,x^2,1.0,20361582,9,scaled_with_l,0.05,1024,fixed_density,4.0,1,1,0.5947218608456457,9,1024,fixed_density,4.0,1,1,variance_matched,0.548599296583106,"{""direction"": [1.0]}",0.04612256426253969
square,x^2,1.0,20361582,9,scaled_with_l,0.05,1024,fixed_density,4.0,1,1,0.5947218608456457,9,1024,fixed_density,4.0,1,1,shuffled_target,0.00022389754964490948,{},0.5944979632960008
square,x^2,1.0,20361582,9,scaled_with_l,0.05,1024,fixed_density,4.0,1,1,0.5947218608456457,9,1024,fixed_density,4.0,1,1,analytic_volume,0.0,"{""source_dim"": 1}",0.5947218608456457
square,x^2,2.0,20362429,0,scaled_with_l,0.1,2048,fixed_density,4.0,1,1,1.1538407174812308,0,2048,fixed_density,4.0,1,1,null,0.00046263078056967683,{},1.153378086700661
square,x^2,2.0,20362429,0,scaled_with_l,0.1,2048,fixed_density,4.0,1,1,1.1538407174812308,0,2048,fixed_density,4.0,1,1,identity,1.7998684114192112,"{""projection"": [[1.0]]}",-0.6460276939379803
square,x^2,2.0,20362429,0,scaled_with_l,0.1,2048,fixed_density,4.0,1,1,1.1538407174812308,0,2048,fixed_density,4.0,1,1,gain_matched,-0.00014275437378971547,"{""gain_matrix"": [[0.0013777921219454282]]}",1.1539834718550206
square,x^2,2.0,20362429,0,scaled_with_l,0.1,2048,fixed_density,4.0,1,1,1.1538407174812308,0,2048,fixed_density,4.0,1,1,variance_matched,1.1570754370198078,"{""direction"": [1.0]}",-0.0032347195385769023
square,x^2,2.0,20362429,0,scaled_with_l,0.1,2048,fixed_density,4.0,1,1,1.1538407174812308,0,2048,fixed_density,4.0,1,1,shuffled_target,-0.0005217118229381965,{},1.154362429304169
square,x^2,2.0,20362429,0,scaled_with_l,0.1,2048,fixed_density,4.0,1,1,1.1538407174812308,0,2048,fixed_density,4.0,1,1,analytic_volume,0.6931471805599453,"{""source_dim"": 1}",0.46069353692128556
square,x^2,2.0,20362446,1,scaled_with_l,0.1,2048,fixed_density,4.0,1,1,1.1668917726910766,1,2048,fixed_density,4.0,1,1,null,-0.0003734798273748295,{},1.1672652525184515
square,x^2,2.0,20362446,1,scaled_with_l,0.1,2048,fixed_density,4.0,1,1,1.1668917726910766,1,2048,fixed_density,4.0,1,1,identity,1.8016180038086265,"{""projection"": [[1.0]]}",-0.6347262311175499
square,x^2,2.0,20362446,1,scaled_with_l,0.1,2048,fixed_density,4.0,1,1,1.1668917726910766,1,2048,fixed_density,4.0,1,1,gain_matched,0.017259418312188662,"{""gain_matrix"": [[-0.03121720526879174]]}",1.149632354378888
square,x^2,2.0,20362446,1,scaled_with_l,0.1,2048,fixed_density,4.0,1,1,1.1668917726910766,1,2048,fixed_density,4.0,1,1,variance_matched,1.1510542077870567,"{""direction"": [1.0]}",0.015837564904019885
square,x^2,2.0,20362446,1,scaled_with_l,0.1,2048,fixed_density,4.0,1,1,1.1668917726910766,1,2048,fixed_density,4.0,1,1,shuffled_target,-0.0002777092541480688,{},1.1671694819452247
square,x^2,2.0,20362446,1,scaled_with_l,0.1,2048,fixed_density,4.0,1,1,1.1668917726910766,1,2048,fixed_density,4.0,1,1,analytic_volume,0.6931471805599453,"{""source_dim"": 1}",0.4737445921311313
square,x^2,2.0,20362463,2,scaled_with_l,0.1,2048,fixed_density,4.0,1,1,1.154041732340588,2,2048,fixed_density,4.0,1,1,null,0.00020791829000488336,{},1.153833814050583
square,x^2,2.0,20362463,2,scaled_with_l,0.1,2048,fixed_density,4.0,1,1,1.154041732340588,2,2048,fixed_density,4.0,1,1,identity,1.79456390489039,"{""projection"": [[1.0]]}",-0.640522172549802
square,x^2,2.0,20362463,2,scaled_with_l,0.1,2048,fixed_density,4.0,1,1,1.154041732340588,2,2048,fixed_density,4.0,1,1,gain_matched,-0.0005090295435211304,"{""gain_matrix"": [[-0.004746855814613529]]}",1.154550761884109
square,x^2,2.0,20362463,2,scaled_with_l,0.1,2048,fixed_density,4.0,1,1,1.154041732340588,2,2048,fixed_density,4.0,1,1,variance_matched,1.1341658031510464,"{""direction"": [1.0]}",0.01987592918954162
square,x^2,2.0,20362463,2,scaled_with_l,0.1,2048,fixed_density,4.0,1,1,1.154041732340588,2,2048,fixed_density,4.0,1,1,shuffled_target,-0.0002116814422175193,{},1.1542534137828055
square,x^2,2.0,20362463,2,scaled_with_l,0.1,2048,fixed_density,4.0,1,1,1.154041732340588,2,2048,fixed_density,4.0,1,1,analytic_volume,0.6931471805599453,"{""source_dim"": 1}",0.46089455178064276
square,x^2,2.0,20362480,3,scaled_with_l,0.1,2048,fixed_density,4.0,1,1,1.136058150247038,3,2048,fixed_density,4.0,1,1,null,0.0007484252376708339,{},1.135309725009367
square,x^2,2.0,20362480,3,scaled_with_l,0.1,2048,fixed_density,4.0,1,1,1.136058150247038,3,2048,fixed_density,4.0,1,1,identity,1.7444355411295032,"{""projection"": [[1.0]]}",-0.6083773908824652
square,x^2,2.0,20362480,3,scaled_with_l,0.1,2048,fixed_density,4.0,1,1,1.136058150247038,3,2048,fixed_density,4.0,1,1,gain_matched,-0.0003457477165201957,"{""gain_matrix"": [[0.003669379678904958]]}",1.1364038979635582
square,x^2,2.0,20362480,3,scaled_with_l,0.1,2048,fixed_density,4.0,1,1,1.136058150247038,3,2048,fixed_density,4.0,1,1,variance_matched,1.134832473195979,"{""direction"": [1.0]}",0.0012256770510590265
square,x^2,2.0,20362480,3,scaled_with_l,0.1,2048,fixed_density,4.0,1,1,1.136058150247038,3,2048,fixed_density,4.0,1,1,shuffled_target,-0.00023529717708693743,{},1.1362934474241249
square,x^2,2.0,20362480,3,scaled_with_l,0.1,2048,fixed_density,4.0,1,1,1.136058150247038,3,2048,fixed_density,4.0,1,1,analytic_volume,0.6931471805599453,"{""source_dim"": 1}",0.44291096968709265
square,x^2,2.0,20362497,4,scaled_with_l,0.1,2048,fixed_density,4.0,1,1,1.1368749010475674,4,2048,fixed_density,4.0,1,1,null,0.0007043153163492066,{},1.136170585731218
square,x^2,2.0,20362497,4,scaled_with_l,0.1,2048,fixed_density,4.0,1,1,1.1368749010475674,4,2048,fixed_density,4.0,1,1,identity,1.7685322367117697,"{""projection"": [[1.0]]}",-0.6316573356642023
square,x^2,2.0,20362497,4,scaled_with_l,0.1,2048,fixed_density,4.0,1,1,1.1368749010475674,4,2048,fixed_density,4.0,1,1,gain_matched,0.0074653261148386,"{""gain_matrix"": [[-0.02257857930755631]]}",1.1294095749327289
square,x^2,2.0,20362497,4,scaled_with_l,0.1,2048,fixed_density,4.0,1,1,1.1368749010475674,4,2048,fixed_density,4.0,1,1,variance_matched,1.1369935367905941,"{""direction"": [1.0]}",-0.0001186357430267293
square,x^2,2.0,20362497,4,scaled_with_l,0.1,2048,fixed_density,4.0,1,1,1.1368749010475674,4,2048,fixed_density,4.0,1,1,shuffled_target,-0.0006479913404688751,{},1.1375228923880363
square,x^2,2.0,20362497,4,scaled_with_l,0.1,2048,fixed_density,4.0,1,1,1.1368749010475674,4,2048,fixed_density,4.0,1,1,analytic_volume,0.6931471805599453,"{""source_dim"": 1}",0.4437277204876221
square,x^2,2.0,20362514,5,scaled_with_l,0.1,2048,fixed_density,4.0,1,1,1.150432526606915,5,2048,fixed_density,4.0,1,1,null,-0.0004922367063277625,{},1.150924763313243
square,x^2,2.0,20362514,5,scaled_with_l,0.1,2048,fixed_density,4.0,1,1,1.150432526606915,5,2048,fixed_density,4.0,1,1,identity,1.7626823241238494,"{""projection"": [[1.0]]}",-0.6122497975169343
square,x^2,2.0,20362514,5,scaled_with_l,0.1,2048,fixed_density,4.0,1,1,1.150432526606915,5,2048,fixed_density,4.0,1,1,gain_matched,0.0030901331646380516,"{""gain_matrix"": [[0.013587761234586774]]}",1.147342393442277
square,x^2,2.0,20362514,5,scaled_with_l,0.1,2048,fixed_density,4.0,1,1,1.150432526606915,5,2048,fixed_density,4.0,1,1,variance_matched,1.1183238668102362,"{""direction"": [1.0]}",0.03210865979667887
square,x^2,2.0,20362514,5,scaled_with_l,0.1,2048,fixed_density,4.0,1,1,1.150432526606915,5,2048,fixed_density,4.0,1,1,shuffled_target,-0.0005917867819376677,{},1.1510243133888527
square,x^2,2.0,20362514,5,scaled_with_l,0.1,2048,fixed_density,4.0,1,1,1.150432526606915,5,2048,fixed_density,4.0,1,1,analytic_volume,0.6931471805599453,"{""source_dim"": 1}",0.4572853460469698
square,x^2,2.0,20362531,6,scaled_with_l,0.1,2048,fixed_density,4.0,1,1,1.141056223265322,6,2048,fixed_density,4.0,1,1,null,0.0009450479533950042,{},1.140111175311927
square,x^2,2.0,20362531,6,scaled_with_l,0.1,2048,fixed_density,4.0,1,1,1.141056223265322,6,2048,fixed_density,4.0,1,1,identity,1.7462071942034747,"{""projection"": [[1.0]]}",-0.6051509709381526
square,x^2,2.0,20362531,6,scaled_with_l,0.1,2048,fixed_density,4.0,1,1,1.141056223265322,6,2048,fixed_density,4.0,1,1,gain_matched,-0.0001651364664426049,"{""gain_matrix"": [[-0.0054517835326369545]]}",1.1412213597317646
square,x^2,2.0,20362531,6,scaled_with_l,0.1,2048,fixed_density,4.0,1,1,1.141056223265322,6,2048,fixed_density,4.0,1,1,variance_matched,1.1363753432551233,"{""direction"": [1.0]}",0.004680880010198729
square,x^2,2.0,20362531,6,scaled_with_l,0.1,2048,fixed_density,4.0,1,1,1.141056223265322,6,2048,fixed_density,4.0,1,1,shuffled_target,-0.0004860309798968051,{},1.141542254245219
square,x^2,2.0,20362531,6,scaled_with_l,0.1,2048,fixed_density,4.0,1,1,1.141056223265322,6,2048,fixed_density,4.0,1,1,analytic_volume,0.6931471805599453,"{""source_dim"": 1}",0.4479090427053768
square,x^2,2.0,20362548,7,scaled_with_l,0.1,2048,fixed_density,4.0,1,1,1.1459442987534914,7,2048,fixed_density,4.0,1,1,null,-0.00028507140327941704,{},1.1462293701567707
square,x^2,2.0,20362548,7,scaled_with_l,0.1,2048,fixed_density,4.0,1,1,1.1459442987534914,7,2048,fixed_density,4.0,1,1,identity,1.7948817479223633,"{""projection"": [[1.0]]}",-0.648937449168872
square,x^2,2.0,20362548,7,scaled_with_l,0.1,2048,fixed_density,4.0,1,1,1.1459442987534914,7,2048,fixed_density,4.0,1,1,gain_matched,0.006717053133705547,"{""gain_matrix"": [[-0.01827070899920716]]}",1.1392272456197858
square,x^2,2.0,20362548,7,scaled_with_l,0.1,2048,fixed_density,4.0,1,1,1.1459442987534914,7,2048,fixed_density,4.0,1,1,variance_matched,1.1163753961240794,"{""direction"": [1.0]}",0.02956890262941192
square,x^2,2.0,20362548,7,scaled_with_l,0.1,2048,fixed_density,4.0,1,1,1.1459442987534914,7,2048,fixed_density,4.0,1,1,shuffled_target,0.0006918722328459464,{},1.1452524265206454
square,x^2,2.0,20362548,7,scaled_with_l,0.1,2048,fixed_density,4.0,1,1,1.1459442987534914,7,2048,fixed_density,4.0,1,1,analytic_volume,0.6931471805599453,"{""source_dim"": 1}",0.45279711819354607
square,x^2,2.0,20362565,8,scaled_with_l,0.1,2048,fixed_density,4.0,1,1,1.1673576433907487,8,2048,fixed_density,4.0,1,1,null,3.103171239869564e-05,{},1.16732661167835
square,x^2,2.0,20362565,8,scaled_with_l,0.1,2048,fixed_density,4.0,1,1,1.1673576433907487,8,2048,fixed_density,4.0,1,1,identity,1.797137114816786,"{""projection"": [[1.0]]}",-0.6297794714260374
square,x^2,2.0,20362565,8,scaled_with_l,0.1,2048,fixed_density,4.0,1,1,1.1673576433907487,8,2048,fixed_density,4.0,1,1,gain_matched,-0.0006406427164325665,"{""gain_matrix"": [[-0.0008446284855480593]]}",1.1679982861071811
square,x^2,2.0,20362565,8,scaled_with_l,0.1,2048,fixed_density,4.0,1,1,1.1673576433907487,8,2048,fixed_density,4.0,1,1,variance_matched,1.1395761325472349,"{""direction"": [1.0]}",0.027781510843513768
square,x^2,2.0,20362565,8,scaled_with_l,0.1,2048,fixed_density,4.0,1,1,1.1673576433907487,8,2048,fixed_density,4.0,1,1,shuffled_target,2.7203337522140178e-06,{},1.1673549230569964
square,x^2,2.0,20362565,8,scaled_with_l,0.1,2048,fixed_density,4.0,1,1,1.1673576433907487,8,2048,fixed_density,4.0,1,1,analytic_volume,0.6931471805599453,"{""source_dim"": 1}",0.47421046283080337
square,x^2,2.0,20362582,9,scaled_with_l,0.1,2048,fixed_density,4.0,1,1,1.137536225885224,9,2048,fixed_density,4.0,1,1,null,-0.0005812257003491148,{},1.138117451585573
square,x^2,2.0,20362582,9,scaled_with_l,0.1,2048,fixed_density,4.0,1,1,1.137536225885224,9,2048,fixed_density,4.0,1,1,identity,1.7472196772326134,"{""projection"": [[1.0]]}",-0.6096834513473894
square,x^2,2.0,20362582,9,scaled_with_l,0.1,2048,fixed_density,4.0,1,1,1.137536225885224,9,2048,fixed_density,4.0,1,1,gain_matched,0.0007950134381118641,"{""gain_matrix"": [[0.009291771825614047]]}",1.1367412124471121
square,x^2,2.0,20362582,9,scaled_with_l,0.1,2048,fixed_density,4.0,1,1,1.137536225885224,9,2048,fixed_density,4.0,1,1,variance_matched,1.1534686372437104,"{""direction"": [1.0]}",-0.015932411358486442
square,x^2,2.0,20362582,9,scaled_with_l,0.1,2048,fixed_density,4.0,1,1,1.137536225885224,9,2048,fixed_density,4.0,1,1,shuffled_target,9.977849325019673e-05,{},1.1374364473919738
square,x^2,2.0,20362582,9,scaled_with_l,0.1,2048,fixed_density,4.0,1,1,1.137536225885224,9,2048,fixed_density,4.0,1,1,analytic_volume,0.6931471805599453,"{""source_dim"": 1}",0.4443890453252787
square,x^2,4.0,20363429,0,scaled_with_l,0.2,4096,fixed_density,4.0,1,1,1.8091492722359497,0,4096,fixed_density,4.0,1,1,null,0.000562407751681806,{},1.808586864484268
square,x^2,4.0,20363429,0,scaled_with_l,0.2,4096,fixed_density,4.0,1,1,1.8091492722359497,0,4096,fixed_density,4.0,1,1,identity,1.763934870220799,"{""projection"": [[1.0]]}",0.04521440201515059
square,x^2,4.0,20363429,0,scaled_with_l,0.2,4096,fixed_density,4.0,1,1,1.8091492722359497,0,4096,fixed_density,4.0,1,1,gain_matched,0.002473373621712619,"{""gain_matrix"": [[0.01384501293808721]]}",1.806675898614237
square,x^2,4.0,20363429,0,scaled_with_l,0.2,4096,fixed_density,4.0,1,1,1.8091492722359497,0,4096,fixed_density,4.0,1,1,variance_matched,1.8098712519972784,"{""direction"": [1.0]}",-0.000721979761328706
square,x^2,4.0,20363429,0,scaled_with_l,0.2,4096,fixed_density,4.0,1,1,1.8091492722359497,0,4096,fixed_density,4.0,1,1,shuffled_target,-9.428275978288564e-05,{},1.8092435549957326
square,x^2,4.0,20363429,0,scaled_with_l,0.2,4096,fixed_density,4.0,1,1,1.8091492722359497,0,4096,fixed_density,4.0,1,1,analytic_volume,1.3862943611198906,"{""source_dim"": 1}",0.4228549111160591
square,x^2,4.0,20363446,1,scaled_with_l,0.2,4096,fixed_density,4.0,1,1,1.7845403229019394,1,4096,fixed_density,4.0,1,1,null,4.974707230864201e-05,{},1.7844905758296308
square,x^2,4.0,20363446,1,scaled_with_l,0.2,4096,fixed_density,4.0,1,1,1.7845403229019394,1,4096,fixed_density,4.0,1,1,identity,1.7808891627371146,"{""projection"": [[1.0]]}",0.003651160164824807
square,x^2,4.0,20363446,1,scaled_with_l,0.2,4096,fixed_density,4.0,1,1,1.7845403229019394,1,4096,fixed_density,4.0,1,1,gain_matched,0.009242167542326724,"{""gain_matrix"": [[-0.02507529625842977]]}",1.7752981553596128
square,x^2,4.0,20363446,1,scaled_with_l,0.2,4096,fixed_density,4.0,1,1,1.7845403229019394,1,4096,fixed_density,4.0,1,1,variance_matched,1.7959983679174458,"{""direction"": [1.0]}",-0.011458045015506402
square,x^2,4.0,20363446,1,scaled_with_l,0.2,4096,fixed_density,4.0,1,1,1.7845403229019394,1,4096,fixed_density,4.0,1,1,shuffled_target,3.6324139042158226e-05,{},1.7845039987628972
square,x^2,4.0,20363446,1,scaled_with_l,0.2,4096,fixed_density,4.0,1,1,1.7845403229019394,1,4096,fixed_density,4.0,1,1,analytic_volume,1.3862943611198906,"{""source_dim"": 1}",0.39824596178204885
square,x^2,4.0,20363463,2,scaled_with_l,0.2,4096,fixed_density,4.0,1,1,1.8182416622067945,2,4096,fixed_density,4.0,1,1,null,-0.00029704430635136767,{},1.818538706513146
square,x^2,4.0,20363463,2,scaled_with_l,0.2,4096,fixed_density,4.0,1,1,1.8182416622067945,2,4096,fixed_density,4.0,1,1,identity,1.773501314086722,"{""projection"": [[1.0]]}",0.04474034812007255
square,x^2,4.0,20363463,2,scaled_with_l,0.2,4096,fixed_density,4.0,1,1,1.8182416622067945,2,4096,fixed_density,4.0,1,1,gain_matched,0.0013511261071546881,"{""gain_matrix"": [[0.00640808271447263]]}",1.81689053609964
square,x^2,4.0,20363463,2,scaled_with_l,0.2,4096,fixed_density,4.0,1,1,1.8182416622067945,2,4096,fixed_density,4.0,1,1,variance_matched,1.790716664524673,"{""direction"": [1.0]}",0.027524997682121466
square,x^2,4.0,20363463,2,scaled_with_l,0.2,4096,fixed_density,4.0,1,1,1.8182416622067945,2,4096,fixed_density,4.0,1,1,shuffled_target,-0.0002068448888661741,{},1.8184485070956606
square,x^2,4.0,20363463,2,scaled_with_l,0.2,4096,fixed_density,4.0,1,1,1.8182416622067945,2,4096,fixed_density,4.0,1,1,analytic_volume,1.3862943611198906,"{""source_dim"": 1}",0.43194730108690393
square,x^2,4.0,20363480,3,scaled_with_l,0.2,4096,fixed_density,4.0,1,1,1.8015155407780188,3,4096,fixed_density,4.0,1,1,null,-0.00011569451382425239,{},1.801631235291843
square,x^2,4.0,20363480,3,scaled_with_l,0.2,4096,fixed_density,4.0,1,1,1.8015155407780188,3,4096,fixed_density,4.0,1,1,identity,1.775295418519391,"{""projection"": [[1.0]]}",0.026220122258627798
square,x^2,4.0,20363480,3,scaled_with_l,0.2,4096,fixed_density,4.0,1,1,1.8015155407780188,3,4096,fixed_density,4.0,1,1,gain_matched,0.006665081468480447,"{""gain_matrix"": [[0.022251945681863474]]}",1.7948504593095382
square,x^2,4.0,20363480,3,scaled_with_l,0.2,4096,fixed_density,4.0,1,1,1.8015155407780188,3,4096,fixed_density,4.0,1,1,variance_matched,1.810827473429903,"{""direction"": [1.0]}",-0.009311932651884236
square,x^2,4.0,20363480,3,scaled_with_l,0.2,4096,fixed_density,4.0,1,1,1.8015155407780188,3,4096,fixed_density,4.0,1,1,shuffled_target,1.9508674631895436e-05,{},1.8014960321033868
square,x^2,4.0,20363480,3,scaled_with_l,0.2,4096,fixed_density,4.0,1,1,1.8015155407780188,3,4096,fixed_density,4.0,1,1,analytic_volume,1.3862943611198906,"{""source_dim"": 1}",0.4152211796581282
square,x^2,4.0,20363497,4,scaled_with_l,0.2,4096,fixed_density,4.0,1,1,1.8036178879202458,4,4096,fixed_density,4.0,1,1,null,0.00010432227189774323,{},1.803513565648348
square,x^2,4.0,20363497,4,scaled_with_l,0.2,4096,fixed_density,4.0,1,1,1.8036178879202458,4,4096,fixed_density,4.0,1,1,identity,1.7622898663268147,"{""projection"": [[1.0]]}",0.041328021593431075
square,x^2,4.0,20363497,4,scaled_with_l,0.2,4096,fixed_density,4.0,1,1,1.8036178879202458,4,4096,fixed_density,4.0,1,1,gain_matched,0.0009201989940555953,"{""gain_matrix"": [[-0.012764191209968327]]}",1.8026976889261903
square,x^2,4.0,20363497,4,scaled_with_l,0.2,4096,fixed_density,4.0,1,1,1.8036178879202458,4,4096,fixed_density,4.0,1,1,variance_matched,1.8271968335504187,"{""direction"": [1.0]}",-0.02357894563017293
square,x^2,4.0,20363497,4,scaled_with_l,0.2,4096,fixed_density,4.0,1,1,1.8036178879202458,4,4096,fixed_density,4.0,1,1,shuffled_target,0.0004790711844131427,{},1.8031388167358327
square,x^2,4.0,20363497,4,scaled_with_l,0.2,4096,fixed_density,4.0,1,1,1.8036178879202458,4,4096,fixed_density,4.0,1,1,analytic_volume,1.3862943611198906,"{""source_dim"": 1}",0.4173235268003552
square,x^2,4.0,20363514,5,scaled_with_l,0.2,4096,fixed_density,4.0,1,1,1.7926062508655973,5,4096,fixed_density,4.0,1,1,null,-0.00030307745702707174,{},1.7929093283226245
square,x^2,4.0,20363514,5,scaled_with_l,0.2,4096,fixed_density,4.0,1,1,1.7926062508655973,5,4096,fixed_density,4.0,1,1,identity,1.7750680584305716,"{""projection"": [[1.0]]}",0.017538192435025746
square,x^2,4.0,20363514,5,scaled_with_l,0.2,4096,fixed_density,4.0,1,1,1.7926062508655973,5,4096,fixed_density,4.0,1,1,gain_matched,0.013855396526585934,"{""gain_matrix"": [[0.028538847265998746]]}",1.7787508543390114
square,x^2,4.0,20363514,5,scaled_with_l,0.2,4096,fixed_density,4.0,1,1,1.7926062508655973,5,4096,fixed_density,4.0,1,1,variance_matched,1.799276937402436,"{""direction"": [1.0]}",-0.006670686536838666
square,x^2,4.0,20363514,5,scaled_with_l,0.2,4096,fixed_density,4.0,1,1,1.7926062508655973,5,4096,fixed_density,4.0,1,1,shuffled_target,-0.0001646532548064964,{},1.7927709041204039
square,x^2,4.0,20363514,5,scaled_with_l,0.2,4096,fixed_density,4.0,1,1,1.7926062508655973,5,4096,fixed_density,4.0,1,1,analytic_volume,1.3862943611198906,"{""source_dim"": 1}",0.40631188974570676
square,x^2,4.0,20363531,6,scaled_with_l,0.2,4096,fixed_density,4.0,1,1,1.7904448576019099,6,4096,fixed_density,4.0,1,1,null,-0.00033582953866223184,{},1.790780687140572
square,x^2,4.0,20363531,6,scaled_with_l,0.2,4096,fixed_density,4.0,1,1,1.7904448576019099,6,4096,fixed_density,4.0,1,1,identity,1.7742720324419627,"{""projection"": [[1.0]]}",0.016172825159947113
square,x^2,4.0,20363531,6,scaled_with_l,0.2,4096,fixed_density,4.0,1,1,1.7904448576019099,6,4096,fixed_density,4.0,1,1,gain_matched,0.0013883769516468848,"{""gain_matrix"": [[0.005702796687352678]]}",1.789056480650263
square,x^2,4.0,20363531,6,scaled_with_l,0.2,4096,fixed_density,4.0,1,1,1.7904448576019099,6,4096,fixed_density,4.0,1,1,variance_matched,1.7925326631964322,"{""direction"": [1.0]}",-0.002087805594522374
square,x^2,4.0,20363531,6,scaled_with_l,0.2,4096,fixed_density,4.0,1,1,1.7904448576019099,6,4096,fixed_density,4.0,1,1,shuffled_target,-0.00021342465368193148,{},1.7906582822555919
square,x^2,4.0,20363531,6,scaled_with_l,0.2,4096,fixed_density,4.0,1,1,1.7904448576019099,6,4096,fixed_density,4.0,1,1,analytic_volume,1.3862943611198906,"{""source_dim"": 1}",0.4041504964820193
square,x^2,4.0,20363548,7,scaled_with_l,0.2,4096,fixed_density,4.0,1,1,1.7706884263667657,7,4096,fixed_density,4.0,1,1,null,-0.00030775477656090497,{},1.7709961811433266
square,x^2,4.0,20363548,7,scaled_with_l,0.2,4096,fixed_density,4.0,1,1,1.7706884263667657,7,4096,fixed_density,4.0,1,1,identity,1.762360646502069,"{""projection"": [[1.0]]}",0.008327779864696794
square,x^2,4.0,20363548,7,scaled_with_l,0.2,4096,fixed_density,4.0,1,1,1.7706884263667657,7,4096,fixed_density,4.0,1,1,gain_matched,-0.00017151104849623145,"{""gain_matrix"": [[-0.0033027977827187857]]}",1.770859937415262
square,x^2,4.0,20363548,7,scaled_with_l,0.2,4096,fixed_density,4.0,1,1,1.7706884263667657,7,4096,fixed_density,4.0,1,1,variance_matched,1.782837730338452,"{""direction"": [1.0]}",-0.012149303971686232
square,x^2,4.0,20363548,7,scaled_with_l,0.2,4096,fixed_density,4.0,1,1,1.7706884263667657,7,4096,fixed_density,4.0,1,1,shuffled_target,-0.0003615971635998976,{},1.7710500235303657
square,x^2,4.0,20363548,7,scaled_with_l,0.2,4096,fixed_density,4.0,1,1,1.7706884263667657,7,4096,fixed_density,4.0,1,1,analytic_volume,1.3862943611198906,"{""source_dim"": 1}",0.38439406524687514
square,x^2,4.0,20363565,8,scaled_with_l,0.2,4096,fixed_density,4.0,1,1,1.8135428778627016,8,4096,fixed_density,4.0,1,1,null,-0.00029117653774138514,{},1.813834054400443
square,x^2,4.0,20363565,8,scaled_with_l,0.2,4096,fixed_density,4.0,1,1,1.8135428778627016,8,4096,fixed_density,4.0,1,1,identity,1.7676144059373602,"{""projection"": [[1.0]]}",0.04592847192534144
square,x^2,4.0,20363565,8,scaled_with_l,0.2,4096,fixed_density,4.0,1,1,1.8135428778627016,8,4096,fixed_density,4.0,1,1,gain_matched,0.025644947587515076,"{""gain_matrix"": [[0.034671827101200425]]}",1.7878979302751865
square,x^2,4.0,20363565,8,scaled_with_l,0.2,4096,fixed_density,4.0,1,1,1.8135428778627016,8,4096,fixed_density,4.0,1,1,variance_matched,1.7868276565340113,"{""direction"": [1.0]}",0.02671522132869031
square,x^2,4.0,20363565,8,scaled_with_l,0.2,4096,fixed_density,4.0,1,1,1.8135428778627016,8,4096,fixed_density,4.0,1,1,shuffled_target,-0.0002476528777577625,{},1.8137905307404594
square,x^2,4.0,20363565,8,scaled_with_l,0.2,4096,fixed_density,4.0,1,1,1.8135428778627016,8,4096,fixed_density,4.0,1,1,analytic_volume,1.3862943611198906,"{""source_dim"": 1}",0.42724851674281106
square,x^2,4.0,20363582,9,scaled_with_l,0.2,4096,fixed_density,4.0,1,1,1.7993161031794658,9,4096,fixed_density,4.0,1,1,null,0.0005351825943019998,{},1.7987809205851637
square,x^2,4.0,20363582,9,scaled_with_l,0.2,4096,fixed_density,4.0,1,1,1.7993161031794658,9,4096,fixed_density,4.0,1,1,identity,1.7884196006301838,"{""projection"": [[1.0]]}",0.010896502549281983
square,x^2,4.0,20363582,9,scaled_with_l,0.2,4096,fixed_density,4.0,1,1,1.7993161031794658,9,4096,fixed_density,4.0,1,1,gain_matched,0.012020042556235861,"{""gain_matrix"": [[-0.026567778310327885]]}",1.78729606062323
square,x^2,4.0,20363582,9,scaled_with_l,0.2,4096,fixed_density,4.0,1,1,1.7993161031794658,9,4096,fixed_density,4.0,1,1,variance_matched,1.8197446255864889,"{""direction"": [1.0]}",-0.020428522407023086
square,x^2,4.0,20363582,9,scaled_with_l,0.2,4096,fixed_density,4.0,1,1,1.7993161031794658,9,4096,fixed_density,4.0,1,1,shuffled_target,6.24545941607624e-05,{},1.799253648585305
square,x^2,4.0,20363582,9,scaled_with_l,0.2,4096,fixed_density,4.0,1,1,1.7993161031794658,9,4096,fixed_density,4.0,1,1,analytic_volume,1.3862943611198906,"{""source_dim"": 1}",0.4130217420595752
square,x^2,8.0,20364429,0,scaled_with_l,0.4,8192,fixed_density,4.0,1,1,2.4930251654586337,0,8192,fixed_density,4.0,1,1,null,-0.00011366107726037659,{},2.493138826535894
square,x^2,8.0,20364429,0,scaled_with_l,0.4,8192,fixed_density,4.0,1,1,2.4930251654586337,0,8192,fixed_density,4.0,1,1,identity,1.7557570704013876,"{""projection"": [[1.0]]}",0.7372680950572461
square,x^2,8.0,20364429,0,scaled_with_l,0.4,8192,fixed_density,4.0,1,1,2.4930251654586337,0,8192,fixed_density,4.0,1,1,gain_matched,-3.06387686161191e-05,"{""gain_matrix"": [[0.007576306341461461]]}",2.4930558042272497
square,x^2,8.0,20364429,0,scaled_with_l,0.4,8192,fixed_density,4.0,1,1,2.4930251654586337,0,8192,fixed_density,4.0,1,1,variance_matched,2.4698164867792753,"{""direction"": [1.0]}",0.023208678679358385
square,x^2,8.0,20364429,0,scaled_with_l,0.4,8192,fixed_density,4.0,1,1,2.4930251654586337,0,8192,fixed_density,4.0,1,1,shuffled_target,6.329365796607303e-05,{},2.492961871800668
square,x^2,8.0,20364429,0,scaled_with_l,0.4,8192,fixed_density,4.0,1,1,2.4930251654586337,0,8192,fixed_density,4.0,1,1,analytic_volume,2.0794415416798357,"{""source_dim"": 1}",0.413583623778798
square,x^2,8.0,20364446,1,scaled_with_l,0.4,8192,fixed_density,4.0,1,1,2.481813794371291,1,8192,fixed_density,4.0,1,1,null,-0.00016021299229233572,{},2.481974007363583
square,x^2,8.0,20364446,1,scaled_with_l,0.4,8192,fixed_density,4.0,1,1,2.481813794371291,1,8192,fixed_density,4.0,1,1,identity,1.7655314271204274,"{""projection"": [[1.0]]}",0.7162823672508634
square,x^2,8.0,20364446,1,scaled_with_l,0.4,8192,fixed_density,4.0,1,1,2.481813794371291,1,8192,fixed_density,4.0,1,1,gain_matched,0.00419078353480418,"{""gain_matrix"": [[0.015771216729361555]]}",2.4776230108364867
square,x^2,8.0,20364446,1,scaled_with_l,0.4,8192,fixed_density,4.0,1,1,2.481813794371291,1,8192,fixed_density,4.0,1,1,variance_matched,2.465042127295196,"{""direction"": [1.0]}",0.016771667076094676
square,x^2,8.0,20364446,1,scaled_with_l,0.4,8192,fixed_density,4.0,1,1,2.481813794371291,1,8192,fixed_density,4.0,1,1,shuffled_target,-0.0001054368346988976,{},2.48191923120599
square,x^2,8.0,20364446,1,scaled_with_l,0.4,8192,fixed_density,4.0,1,1,2.481813794371291,1,8192,fixed_density,4.0,1,1,analytic_volume,2.0794415416798357,"{""source_dim"": 1}",0.40237225269145505
square,x^2,8.0,20364463,2,scaled_with_l,0.4,8192,fixed_density,4.0,1,1,2.4900936562445017,2,8192,fixed_density,4.0,1,1,null,-0.00017876313605201739,{},2.490272419380554
square,x^2,8.0,20364463,2,scaled_with_l,0.4,8192,fixed_density,4.0,1,1,2.4900936562445017,2,8192,fixed_density,4.0,1,1,identity,1.7734683131530524,"{""projection"": [[1.0]]}",0.7166253430914493
square,x^2,8.0,20364463,2,scaled_with_l,0.4,8192,fixed_density,4.0,1,1,2.4900936562445017,2,8192,fixed_density,4.0,1,1,gain_matched,0.010307717154413292,"{""gain_matrix"": [[-0.025382743179098635]]}",2.4797859390900885
square,x^2,8.0,20364463,2,scaled_with_l,0.4,8192,fixed_density,4.0,1,1,2.4900936562445017,2,8192,fixed_density,4.0,1,1,variance_matched,2.4911707030023753,"{""direction"": [1.0]}",-0.0010770467578735676
square,x^2,8.0,20364463,2,scaled_with_l,0.4,8192,fixed_density,4.0,1,1,2.4900936562445017,2,8192,fixed_density,4.0,1,1,shuffled_target,-0.00016641124393157708,{},2.490260067488433
square,x^2,8.0,20364463,2,scaled_with_l,0.4,8192,fixed_density,4.0,1,1,2.4900936562445017,2,8192,fixed_density,4.0,1,1,analytic_volume,2.0794415416798357,"{""source_dim"": 1}",0.410652114564666
square,x^2,8.0,20364480,3,scaled_with_l,0.4,8192,fixed_density,4.0,1,1,2.4812077882344825,3,8192,fixed_density,4.0,1,1,null,-9.087094730645348e-05,{},2.481298659181789
square,x^2,8.0,20364480,3,scaled_with_l,0.4,8192,fixed_density,4.0,1,1,2.4812077882344825,3,8192,fixed_density,4.0,1,1,identity,1.7750619732874413,"{""projection"": [[1.0]]}",0.7061458149470412
square,x^2,8.0,20364480,3,scaled_with_l,0.4,8192,fixed_density,4.0,1,1,2.4812077882344825,3,8192,fixed_density,4.0,1,1,gain_matched,0.0014795368151751505,"{""gain_matrix"": [[0.007250347533995633]]}",2.4797282514193073
square,x^2,8.0,20364480,3,scaled_with_l,0.4,8192,fixed_density,4.0,1,1,2.4812077882344825,3,8192,fixed_density,4.0,1,1,variance_matched,2.48927414225511,"{""direction"": [1.0]}",-0.008066354020627386
square,x^2,8.0,20364480,3,scaled_with_l,0.4,8192,fixed_density,4.0,1,1,2.4812077882344825,3,8192,fixed_density,4.0,1,1,shuffled_target,-0.00012622515365204735,{},2.4813340133881345
square,x^2,8.0,20364480,3,scaled_with_l,0.4,8192,fixed_density,4.0,1,1,2.4812077882344825,3,8192,fixed_density,4.0,1,1,analytic_volume,2.0794415416798357,"{""source_dim"": 1}",0.40176624655464677
square,x^2,8.0,20364497,4,scaled_with_l,0.4,8192,fixed_density,4.0,1,1,2.495236927036471,4,8192,fixed_density,4.0,1,1,null,0.00015925429383182378,{},2.495077672742639
square,x^2,8.0,20364497,4,scaled_with_l,0.4,8192,fixed_density,4.0,1,1,2.495236927036471,4,8192,fixed_density,4.0,1,1,identity,1.7723255420112176,"{""projection"": [[1.0]]}",0.7229113850252533
square,x^2,8.0,20364497,4,scaled_with_l,0.4,8192,fixed_density,4.0,1,1,2.495236927036471,4,8192,fixed_density,4.0,1,1,gain_matched,0.010346055682655866,"{""gain_matrix"": [[-0.02562940318234509]]}",2.484890871353815
square,x^2,8.0,20364497,4,scaled_with_l,0.4,8192,fixed_density,4.0,1,1,2.495236927036471,4,8192,fixed_density,4.0,1,1,variance_matched,2.489551717358019,"{""direction"": [1.0]}",0.005685209678452097
square,x^2,8.0,20364497,4,scaled_with_l,0.4,8192,fixed_density,4.0,1,1,2.495236927036471,4,8192,fixed_density,4.0,1,1,shuffled_target,-0.00012466532759694332,{},2.495361592364068
square,x^2,8.0,20364497,4,scaled_with_l,0.4,8192,fixed_density,4.0,1,1,2.495236927036471,4,8192,fixed_density,4.0,1,1,analytic_volume,2.0794415416798357,"{""source_dim"": 1}",0.4157953853566352
square,x^2,8.0,20364514,5,scaled_with_l,0.4,8192,fixed_density,4.0,1,1,2.4710345439327064,5,8192,fixed_density,4.0,1,1,null,0.00018050411881289545,{},2.4708540398138936
square,x^2,8.0,20364514,5,scaled_with_l,0.4,8192,fixed_density,4.0,1,1,2.4710345439327064,5,8192,fixed_density,4.0,1,1,identity,1.763258801260728,"{""projection"": [[1.0]]}",0.7077757426719784
square,x^2,8.0,20364514,5,scaled_with_l,0.4,8192,fixed_density,4.0,1,1,2.4710345439327064,5,8192,fixed_density,4.0,1,1,gain_matched,0.01592319414061623,"{""gain_matrix"": [[-0.032241360473351285]]}",2.45511134979209
square,x^2,8.0,20364514,5,scaled_with_l,0.4,8192,fixed_density,4.0,1,1,2.4710345439327064,5,8192,fixed_density,4.0,1,1,variance_matched,2.4713275850053567,"{""direction"": [1.0]}",-0.0002930410726502686
square,x^2,8.0,20364514,5,scaled_with_l,0.4,8192,fixed_density,4.0,1,1,2.4710345439327064,5,8192,fixed_density,4.0,1,1,shuffled_target,-0.00013744672499452253,{},2.4711719906577008
square,x^2,8.0,20364514,5,scaled_with_l,0.4,8192,fixed_density,4.0,1,1,2.4710345439327064,5,8192,fixed_density,4.0,1,1,analytic_volume,2.0794415416798357,"{""source_dim"": 1}",0.39159300225287064
square,x^2,8.0,20364531,6,scaled_with_l,0.4,8192,fixed_density,4.0,1,1,2.472546046745138,6,8192,fixed_density,4.0,1,1,null,1.6632594917144938e-05,{},2.4725294141502205
square,x^2,8.0,20364531,6,scaled_with_l,0.4,8192,fixed_density,4.0,1,1,2.472546046745138,6,8192,fixed_density,4.0,1,1,identity,1.7665152423349686,"{""projection"": [[1.0]]}",0.7060308044101693
square,x^2,8.0,20364531,6,scaled_with_l,0.4,8192,fixed_density,4.0,1,1,2.472546046745138,6,8192,fixed_density,4.0,1,1,gain_matched,0.019241655008479956,"{""gain_matrix"": [[0.03006789650808562]]}",2.453304391736658
square,x^2,8.0,20364531,6,scaled_with_l,0.4,8192,fixed_density,4.0,1,1,2.472546046745138,6,8192,fixed_density,4.0,1,1,variance_matched,2.479236810443221,"{""direction"": [1.0]}",-0.006690763698083302
square,x^2,8.0,20364531,6,scaled_with_l,0.4,8192,fixed_density,4.0,1,1,2.472546046745138,6,8192,fixed_density,4.0,1,1,shuffled_target,-6.59873913891806e-05,{},2.472612034136527
square,x^2,8.0,20364531,6,scaled_with_l,0.4,8192,fixed_density,4.0,1,1,2.472546046745138,6,8192,fixed_density,4.0,1,1,analytic_volume,2.0794415416798357,"{""source_dim"": 1}",0.39310450506530215
square,x^2,8.0,20364548,7,scaled_with_l,0.4,8192,fixed_density,4.0,1,1,2.4801742222313994,7,8192,fixed_density,4.0,1,1,null,0.00013890552356571236,{},2.4800353167078337
square,x^2,8.0,20364548,7,scaled_with_l,0.4,8192,fixed_density,4.0,1,1,2.4801742222313994,7,8192,fixed_density,4.0,1,1,identity,1.7645819495058885,"{""projection"": [[1.0]]}",0.7155922727255108
square,x^2,8.0,20364548,7,scaled_with_l,0.4,8192,fixed_density,4.0,1,1,2.4801742222313994,7,8192,fixed_density,4.0,1,1,gain_matched,0.0028403802630030026,"{""gain_matrix"": [[0.012160435945583878]]}",2.4773338419683966
square,x^2,8.0,20364548,7,scaled_with_l,0.4,8192,fixed_density,4.0,1,1,2.4801742222313994,7,8192,fixed_density,4.0,1,1,variance_matched,2.4779269840599394,"{""direction"": [1.0]}",0.0022472381714599976
square,x^2,8.0,20364548,7,scaled_with_l,0.4,8192,fixed_density,4.0,1,1,2.4801742222313994,7,8192,fixed_density,4.0,1,1,shuffled_target,2.6774146597545218e-05,{},2.480147448084802
square,x^2,8.0,20364548,7,scaled_with_l,0.4,8192,fixed_density,4.0,1,1,2.4801742222313994,7,8192,fixed_density,4.0,1,1,analytic_volume,2.0794415416798357,"{""source_dim"": 1}",0.40073268055156364
square,x^2,8.0,20364565,8,scaled_with_l,0.4,8192,fixed_density,4.0,1,1,2.4704701513012504,8,8192,fixed_density,4.0,1,1,null,0.00099988830221483,{},2.4694702629990357
square,x^2,8.0,20364565,8,scaled_with_l,0.4,8192,fixed_density,4.0,1,1,2.4704701513012504,8,8192,fixed_density,4.0,1,1,identity,1.7736292450556665,"{""projection"": [[1.0]]}",0.6968409062455838
square,x^2,8.0,20364565,8,scaled_with_l,0.4,8192,fixed_density,4.0,1,1,2.4704701513012504,8,8192,fixed_density,4.0,1,1,gain_matched,0.004515442977768586,"{""gain_matrix"": [[-0.015029770941418517]]}",2.4659547083234816
square,x^2,8.0,20364565,8,scaled_with_l,0.4,8192,fixed_density,4.0,1,1,2.4704701513012504,8,8192,fixed_density,4.0,1,1,variance_matched,2.462978838647278,"{""direction"": [1.0]}",0.007491312653972404
square,x^2,8.0,20364565,8,scaled_with_l,0.4,8192,fixed_density,4.0,1,1,2.4704701513012504,8,8192,fixed_density,4.0,1,1,shuffled_target,-0.00011534068050816085,{},2.4705854919817587
square,x^2,8.0,20364565,8,scaled_with_l,0.4,8192,fixed_density,4.0,1,1,2.4704701513012504,8,8192,fixed_density,4.0,1,1,analytic_volume,2.0794415416798357,"{""source_dim"": 1}",0.3910286096214146
square,x^2,8.0,20364582,9,scaled_with_l,0.4,8192,fixed_density,4.0,1,1,2.480770801514916,9,8192,fixed_density,4.0,1,1,null,0.0001303768523233508,{},2.4806404246625924
square,x^2,8.0,20364582,9,scaled_with_l,0.4,8192,fixed_density,4.0,1,1,2.480770801514916,9,8192,fixed_density,4.0,1,1,identity,1.7736180434352997,"{""projection"": [[1.0]]}",0.7071527580796162
square,x^2,8.0,20364582,9,scaled_with_l,0.4,8192,fixed_density,4.0,1,1,2.480770801514916,9,8192,fixed_density,4.0,1,1,gain_matched,0.001746405967356771,"{""gain_matrix"": [[0.01048960460210346]]}",2.479024395547559
square,x^2,8.0,20364582,9,scaled_with_l,0.4,8192,fixed_density,4.0,1,1,2.480770801514916,9,8192,fixed_density,4.0,1,1,variance_matched,2.482204097998552,"{""direction"": [1.0]}",-0.001433296483635882
square,x^2,8.0,20364582,9,scaled_with_l,0.4,8192,fixed_density,4.0,1,1,2.480770801514916,9,8192,fixed_density,4.0,1,1,shuffled_target,3.791204423030179e-05,{},2.4807328894706857
square,x^2,8.0,20364582,9,scaled_with_l,0.4,8192,fixed_density,4.0,1,1,2.480770801514916,9,8192,fixed_density,4.0,1,1,analytic_volume,2.0794415416798357,"{""source_dim"": 1}",0.40132925983508017
square,x^2,12.0,20365429,0,scaled_with_l,0.6000000000000001,12288,fixed_density,4.0,1,1,2.883464237974555,0,12288,fixed_density,4.0,1,1,null,-3.6025746727623706e-05,{},2.8835002637212828
square,x^2,12.0,20365429,0,scaled_with_l,0.6000000000000001,12288,fixed_density,4.0,1,1,2.883464237974555,0,12288,fixed_density,4.0,1,1,identity,1.7739405133761874,"{""projection"": [[1.0]]}",1.1095237245983678
square,x^2,12.0,20365429,0,scaled_with_l,0.6000000000000001,12288,fixed_density,4.0,1,1,2.883464237974555,0,12288,fixed_density,4.0,1,1,gain_matched,0.022932194060616532,"{""gain_matrix"": [[-0.0357903778007462]]}",2.860532043913939
square,x^2,12.0,20365429,0,scaled_with_l,0.6000000000000001,12288,fixed_density,4.0,1,1,2.883464237974555,0,12288,fixed_density,4.0,1,1,variance_matched,2.881789935167614,"{""direction"": [1.0]}",0.0016743028069412524
square,x^2,12.0,20365429,0,scaled_with_l,0.6000000000000001,12288,fixed_density,4.0,1,1,2.883464237974555,0,12288,fixed_density,4.0,1,1,shuffled_target,7.640481632557355e-05,{},2.8833878331582294
square,x^2,12.0,20365429,0,scaled_with_l,0.6000000000000001,12288,fixed_density,4.0,1,1,2.883464237974555,0,12288,fixed_density,4.0,1,1,analytic_volume,2.4849066497880004,"{""source_dim"": 1}",0.39855758818655485
square,x^2,12.0,20365446,1,scaled_with_l,0.6000000000000001,12288,fixed_density,4.0,1,1,2.8958097451515123,1,12288,fixed_density,4.0,1,1,null,-0.00010015164929144085,{},2.895909896800804
square,x^2,12.0,20365446,1,scaled_with_l,0.6000000000000001,12288,fixed_density,4.0,1,1,2.8958097451515123,1,12288,fixed_density,4.0,1,1,identity,1.7706183265608688,"{""projection"": [[1.0]]}",1.1251914185906435
square,x^2,12.0,20365446,1,scaled_with_l,0.6000000000000001,12288,fixed_density,4.0,1,1,2.8958097451515123,1,12288,fixed_density,4.0,1,1,gain_matched,0.0028476575257946174,"{""gain_matrix"": [[0.013976807951086283]]}",2.8929620876257176
square,x^2,12.0,20365446,1,scaled_with_l,0.6000000000000001,12288,fixed_density,4.0,1,1,2.8958097451515123,1,12288,fixed_density,4.0,1,1,variance_matched,2.8933434508682474,"{""direction"": [1.0]}",0.002466294283264947
square,x^2,12.0,20365446,1,scaled_with_l,0.6000000000000001,12288,fixed_density,4.0,1,1,2.8958097451515123,1,12288,fixed_density,4.0,1,1,shuffled_target,-9.319623972314404e-05,{},2.8959029413912356
square,x^2,12.0,20365446,1,scaled_with_l,0.6000000000000001,12288,fixed_density,4.0,1,1,2.8958097451515123,1,12288,fixed_density,4.0,1,1,analytic_volume,2.4849066497880004,"{""source_dim"": 1}",0.410903095363512
square,x^2,12.0,20365463,2,scaled_with_l,0.6000000000000001,12288,fixed_density,4.0,1,1,2.895949457274759,2,12288,fixed_density,4.0,1,1,null,9.501181557812676e-05,{},2.8958544454591806
square,x^2,12.0,20365463,2,scaled_with_l,0.6000000000000001,12288,fixed_density,4.0,1,1,2.895949457274759,2,12288,fixed_density,4.0,1,1,identity,1.7618543327130727,"{""projection"": [[1.0]]}",1.1340951245616862
square,x^2,12.0,20365463,2,scaled_with_l,0.6000000000000001,12288,fixed_density,4.0,1,1,2.895949457274759,2,12288,fixed_density,4.0,1,1,gain_matched,0.01777482908024601,"{""gain_matrix"": [[-0.03259926434466743]]}",2.878174628194513
square,x^2,12.0,20365463,2,scaled_with_l,0.6000000000000001,12288,fixed_density,4.0,1,1,2.895949457274759,2,12288,fixed_density,4.0,1,1,variance_matched,2.877534708243376,"{""direction"": [1.0]}",0.018414749031382627
square,x^2,12.0,20365463,2,scaled_with_l,0.6000000000000001,12288,fixed_density,4.0,1,1,2.895949457274759,2,12288,fixed_density,4.0,1,1,shuffled_target,0.0002331252230134404,{},2.8957163320517454
square,x^2,12.0,20365463,2,scaled_with_l,0.6000000000000001,12288,fixed_density,4.0,1,1,2.895949457274759,2,12288,fixed_density,4.0,1,1,analytic_volume,2.4849066497880004,"{""source_dim"": 1}",0.4110428074867585
square,x^2,12.0,20365480,3,scaled_with_l,0.6000000000000001,12288,fixed_density,4.0,1,1,2.878389485778099,3,12288,fixed_density,4.0,1,1,null,2.0518646329246168e-05,{},2.87836896713177
square,x^2,12.0,20365480,3,scaled_with_l,0.6000000000000001,12288,fixed_density,4.0,1,1,2.878389485778099,3,12288,fixed_density,4.0,1,1,identity,1.7687190124173497,"{""projection"": [[1.0]]}",1.1096704733607492
square,x^2,12.0,20365480,3,scaled_with_l,0.6000000000000001,12288,fixed_density,4.0,1,1,2.878389485778099,3,12288,fixed_density,4.0,1,1,gain_matched,0.0010471962904411074,"{""gain_matrix"": [[0.006853980434112449]]}",2.877342289487658
square,x^2,12.0,20365480,3,scaled_with_l,0.6000000000000001,12288,fixed_density,4.0,1,1,2.878389485778099,3,12288,fixed_density,4.0,1,1,variance_matched,2.8832060117329816,"{""direction"": [1.0]}",-0.004816525954882689
square,x^2,12.0,20365480,3,scaled_with_l,0.6000000000000001,12288,fixed_density,4.0,1,1,2.878389485778099,3,12288,fixed_density,4.0,1,1,shuffled_target,-2.7528441001536654e-05,{},2.8784170142191003
square,x^2,12.0,20365480,3,scaled_with_l,0.6000000000000001,12288,fixed_density,4.0,1,1,2.878389485778099,3,12288,fixed_density,4.0,1,1,analytic_volume,2.4849066497880004,"{""source_dim"": 1}",0.3934828359900986
square,x^2,12.0,20365497,4,scaled_with_l,0.6000000000000001,12288,fixed_density,4.0,1,1,2.8850185605320697,4,12288,fixed_density,4.0,1,1,null,-6.867209746052207e-05,{},2.8850872326295303
square,x^2,12.0,20365497,4,scaled_with_l,0.6000000000000001,12288,fixed_density,4.0,1,1,2.8850185605320697,4,12288,fixed_density,4.0,1,1,identity,1.7653971695039068,"{""projection"": [[1.0]]}",1.119621391028163
square,x^2,12.0,20365497,4,scaled_with_l,0.6000000000000001,12288,fixed_density,4.0,1,1,2.8850185605320697,4,12288,fixed_density,4.0,1,1,gain_matched,0.008804290399741453,"{""gain_matrix"": [[0.022591088664049006]]}",2.876214270132328
square,x^2,12.0,20365497,4,scaled_with_l,0.6000000000000001,12288,fixed_density,4.0,1,1,2.8850185605320697,4,12288,fixed_density,4.0,1,1,variance_matched,2.884067013688101,"{""direction"": [1.0]}",0.0009515468439689201
square,x^2,12.0,20365497,4,scaled_with_l,0.6000000000000001,12288,fixed_density,4.0,1,1,2.8850185605320697,4,12288,fixed_density,4.0,1,1,shuffled_target,5.173930455648284e-05,{},2.8849668212275135
square,x^2,12.0,20365497,4,scaled_with_l,0.6000000000000001,12288,fixed_density,4.0,1,1,2.8850185605320697,4,12288,fixed_density,4.0,1,1,analytic_volume,2.4849066497880004,"{""source_dim"": 1}",0.4001119107440694
square,x^2,12.0,20365514,5,scaled_with_l,0.6000000000000001,12288,fixed_density,4.0,1,1,2.8928218087865627,5,12288,fixed_density,4.0,1,1,null,0.0002409689662123468,{},2.8925808398203503
square,x^2,12.0,20365514,5,scaled_with_l,0.6000000000000001,12288,fixed_density,4.0,1,1,2.8928218087865627,5,12288,fixed_density,4.0,1,1,identity,1.7766311596654738,"{""projection"": [[1.0]]}",1.116190649121089
square,x^2,12.0,20365514,5,scaled_with_l,0.6000000000000001,12288,fixed_density,4.0,1,1,2.8928218087865627,5,12288,fixed_density,4.0,1,1,gain_matched,-8.239750564614638e-05,"{""gain_matrix"": [[0.0008921612873389685]]}",2.892904206292209
square,x^2,12.0,20365514,5,scaled_with_l,0.6000000000000001,12288,fixed_density,4.0,1,1,2.8928218087865627,5,12288,fixed_density,4.0,1,1,variance_matched,2.887028352892067,"{""direction"": [1.0]}",0.005793455894495647
square,x^2,12.0,20365514,5,scaled_with_l,0.6000000000000001,12288,fixed_density,4.0,1,1,2.8928218087865627,5,12288,fixed_density,4.0,1,1,shuffled_target,-2.7990104864430776e-05,{},2.8928497988914272
square,x^2,12.0,20365514,5,scaled_with_l,0.6000000000000001,12288,fixed_density,4.0,1,1,2.8928218087865627,5,12288,fixed_density,4.0,1,1,analytic_volume,2.4849066497880004,"{""source_dim"": 1}",0.40791515899856234
square,x^2,12.0,20365531,6,scaled_with_l,0.6000000000000001,12288,fixed_density,4.0,1,1,2.876247168283434,6,12288,fixed_density,4.0,1,1,null,0.0003380632222107401,{},2.8759091050612233
square,x^2,12.0,20365531,6,scaled_with_l,0.6000000000000001,12288,fixed_density,4.0,1,1,2.876247168283434,6,12288,fixed_density,4.0,1,1,identity,1.7630640043335626,"{""projection"": [[1.0]]}",1.1131831639498715
square,x^2,12.0,20365531,6,scaled_with_l,0.6000000000000001,12288,fixed_density,4.0,1,1,2.876247168283434,6,12288,fixed_density,4.0,1,1,gain_matched,0.0020170446822145188,"{""gain_matrix"": [[-0.01193736232495376]]}",2.8742301236012198
square,x^2,12.0,20365531,6,scaled_with_l,0.6000000000000001,12288,fixed_density,4.0,1,1,2.876247168283434,6,12288,fixed_density,4.0,1,1,variance_matched,2.8937269559375842,"{""direction"": [1.0]}",-0.017479787654150147
square,x^2,12.0,20365531,6,scaled_with_l,0.6000000000000001,12288,fixed_density,4.0,1,1,2.876247168283434,6,12288,fixed_density,4.0,1,1,shuffled_target,0.00015599302339390402,{},2.87609117526004
square,x^2,12.0,20365531,6,scaled_with_l,0.6000000000000001,12288,fixed_density,4.0,1,1,2.876247168283434,6,12288,fixed_density,4.0,1,1,analytic_volume,2.4849066497880004,"{""source_dim"": 1}",0.3913405184954337
square,x^2,12.0,20365548,7,scaled_with_l,0.6000000000000001,12288,fixed_density,4.0,1,1,2.8955765229556616,7,12288,fixed_density,4.0,1,1,null,0.00010485623308405527,{},2.8954716667225777
square,x^2,12.0,20365548,7,scaled_with_l,0.6000000000000001,12288,fixed_density,4.0,1,1,2.8955765229556616,7,12288,fixed_density,4.0,1,1,identity,1.7610282347580135,"{""projection"": [[1.0]]}",1.134548288197648
square,x^2,12.0,20365548,7,scaled_with_l,0.6000000000000001,12288,fixed_density,4.0,1,1,2.8955765229556616,7,12288,fixed_density,4.0,1,1,gain_matched,0.02319187518938311,"{""gain_matrix"": [[-0.03810091007513473]]}",2.8723846477662787
square,x^2,12.0,20365548,7,scaled_with_l,0.6000000000000001,12288,fixed_density,4.0,1,1,2.8955765229556616,7,12288,fixed_density,4.0,1,1,variance_matched,2.8858421078443075,"{""direction"": [1.0]}",0.009734415111354089
square,x^2,12.0,20365548,7,scaled_with_l,0.6000000000000001,12288,fixed_density,4.0,1,1,2.8955765229556616,7,12288,fixed_density,4.0,1,1,shuffled_target,-8.405125722833993e-05,{},2.89566057421289
square,x^2,12.0,20365548,7,scaled_with_l,0.6000000000000001,12288,fixed_density,4.0,1,1,2.8955765229556616,7,12288,fixed_density,4.0,1,1,analytic_volume,2.4849066497880004,"{""source_dim"": 1}",0.41066987316766124
square,x^2,12.0,20365565,8,scaled_with_l,0.6000000000000001,12288,fixed_density,4.0,1,1,2.879855926348036,8,12288,fixed_density,4.0,1,1,null,-3.7637230420519036e-05,{},2.879893563578457
square,x^2,12.0,20365565,8,scaled_with_l,0.6000000000000001,12288,fixed_density,4.0,1,1,2.879855926348036,8,12288,fixed_density,4.0,1,1,identity,1.7725551082514013,"{""projection"": [[1.0]]}",1.1073008180966348
square,x^2,12.0,20365565,8,scaled_with_l,0.6000000000000001,12288,fixed_density,4.0,1,1,2.879855926348036,8,12288,fixed_density,4.0,1,1,gain_matched,0.021612342353962557,"{""gain_matrix"": [[0.03893266650241596]]}",2.8582435839940734
square,x^2,12.0,20365565,8,scaled_with_l,0.6000000000000001,12288,fixed_density,4.0,1,1,2.879855926348036,8,12288,fixed_density,4.0,1,1,variance_matched,2.877779071707252,"{""direction"": [1.0]}",0.0020768546407841093
square,x^2,12.0,20365565,8,scaled_with_l,0.6000000000000001,12288,fixed_density,4.0,1,1,2.879855926348036,8,12288,fixed_density,4.0,1,1,shuffled_target,-6.640194240468327e-05,{},2.8799223282904407
square,x^2,12.0,20365565,8,scaled_with_l,0.6000000000000001,12288,fixed_density,4.0,1,1,2.879855926348036,8,12288,fixed_density,4.0,1,1,analytic_volume,2.4849066497880004,"{""source_dim"": 1}",0.39494927656003576
square,x^2,12.0,20365582,9,scaled_with_l,0.6000000000000001,12288,fixed_density,4.0,1,1,2.880150238252155,9,12288,fixed_density,4.0,1,1,null,-8.861273649245021e-05,{},2.8802388509886474
square,x^2,12.0,20365582,9,scaled_with_l,0.6000000000000001,12288,fixed_density,4.0,1,1,2.880150238252155,9,12288,fixed_density,4.0,1,1,identity,1.7723195872539266,"{""projection"": [[1.0]]}",1.1078306509982283
square,x^2,12.0,20365582,9,scaled_with_l,0.6000000000000001,12288,fixed_density,4.0,1,1,2.880150238252155,9,12288,fixed_density,4.0,1,1,gain_matched,0.021487161741435282,"{""gain_matrix"": [[0.037223893791724166]]}",2.8586630765107195
square,x^2,12.0,20365582,9,scaled_with_l,0.6000000000000001,12288,fixed_density,4.0,1,1,2.880150238252155,9,12288,fixed_density,4.0,1,1,variance_matched,2.8956140278769293,"{""direction"": [1.0]}",-0.01546378962477446
square,x^2,12.0,20365582,9,scaled_with_l,0.6000000000000001,12288,fixed_density,4.0,1,1,2.880150238252155,9,12288,fixed_density,4.0,1,1,shuffled_target,0.00015342918713348553,{},2.8799968090650214
square,x^2,12.0,20365582,9,scaled_with_l,0.6000000000000001,12288,fixed_density,4.0,1,1,2.880150238252155,9,12288,fixed_density,4.0,1,1,analytic_volume,2.4849066497880004,"{""source_dim"": 1}",0.3952435884641545
square,x^2,16.0,20366429,0,scaled_with_l,0.8,16384,fixed_density,4.0,1,1,3.1736585518775104,0,16384,fixed_density,4.0,1,1,null,2.703949134483393e-05,{},3.173631512386166
square,x^2,16.0,20366429,0,scaled_with_l,0.8,16384,fixed_density,4.0,1,1,3.1736585518775104,0,16384,fixed_density,4.0,1,1,identity,1.7598621110992763,"{""projection"": [[1.0]]}",1.4137964407782342
square,x^2,16.0,20366429,0,scaled_with_l,0.8,16384,fixed_density,4.0,1,1,3.1736585518775104,0,16384,fixed_density,4.0,1,1,gain_matched,0.00014435784402520228,"{""gain_matrix"": [[-0.0039716720524523175]]}",3.1735141940334852
square,x^2,16.0,20366429,0,scaled_with_l,0.8,16384,fixed_density,4.0,1,1,3.1736585518775104,0,16384,fixed_density,4.0,1,1,variance_matched,3.172210582845193,"{""direction"": [1.0]}",0.0014479690323172534
square,x^2,16.0,20366429,0,scaled_with_l,0.8,16384,fixed_density,4.0,1,1,3.1736585518775104,0,16384,fixed_density,4.0,1,1,shuffled_target,-6.014092508063962e-05,{},3.173718692802591
square,x^2,16.0,20366429,0,scaled_with_l,0.8,16384,fixed_density,4.0,1,1,3.1736585518775104,0,16384,fixed_density,4.0,1,1,analytic_volume,2.772588722239781,"{""source_dim"": 1}",0.4010698296377293
square,x^2,16.0,20366446,1,scaled_with_l,0.8,16384,fixed_density,4.0,1,1,3.169601073537705,1,16384,fixed_density,4.0,1,1,null,-6.6080277311723e-05,{},3.1696671538150167
square,x^2,16.0,20366446,1,scaled_with_l,0.8,16384,fixed_density,4.0,1,1,3.169601073537705,1,16384,fixed_density,4.0,1,1,identity,1.7653115499422651,"{""projection"": [[1.0]]}",1.4042895235954398
square,x^2,16.0,20366446,1,scaled_with_l,0.8,16384,fixed_density,4.0,1,1,3.169601073537705,1,16384,fixed_density,4.0,1,1,gain_matched,0.0006258724197287257,"{""gain_matrix"": [[0.004957333919491532]]}",3.168975201117976
square,x^2,16.0,20366446,1,scaled_with_l,0.8,16384,fixed_density,4.0,1,1,3.169601073537705,1,16384,fixed_density,4.0,1,1,variance_matched,3.1771985150654,"{""direction"": [1.0]}",-0.007597441527694926
square,x^2,16.0,20366446,1,scaled_with_l,0.8,16384,fixed_density,4.0,1,1,3.169601073537705,1,16384,fixed_density,4.0,1,1,shuffled_target,-2.6983502731697996e-05,{},3.1696280570404367
square,x^2,16.0,20366446,1,scaled_with_l,0.8,16384,fixed_density,4.0,1,1,3.169601073537705,1,16384,fixed_density,4.0,1,1,analytic_volume,2.772588722239781,"{""source_dim"": 1}",0.3970123512979238
square,x^2,16.0,20366463,2,scaled_with_l,0.8,16384,fixed_density,4.0,1,1,3.174793626667314,2,16384,fixed_density,4.0,1,1,null,0.000137698212614574,{},3.1746559284546993
square,x^2,16.0,20366463,2,scaled_with_l,0.8,16384,fixed_density,4.0,1,1,3.174793626667314,2,16384,fixed_density,4.0,1,1,identity,1.759515585866088,"{""projection"": [[1.0]]}",1.4152780408012258
square,x^2,16.0,20366463,2,scaled_with_l,0.8,16384,fixed_density,4.0,1,1,3.174793626667314,2,16384,fixed_density,4.0,1,1,gain_matched,9.033800473664135e-05,"{""gain_matrix"": [[0.003097911611477944]]}",3.174703288662577
square,x^2,16.0,20366463,2,scaled_with_l,0.8,16384,fixed_density,4.0,1,1,3.174793626667314,2,16384,fixed_density,4.0,1,1,variance_matched,3.172483447746065,"{""direction"": [1.0]}",0.002310178921248962
square,x^2,16.0,20366463,2,scaled_with_l,0.8,16384,fixed_density,4.0,1,1,3.174793626667314,2,16384,fixed_density,4.0,1,1,shuffled_target,-1.9501844212114198e-05,{},3.1748131285115258
square,x^2,16.0,20366463,2,scaled_with_l,0.8,16384,fixed_density,4.0,1,1,3.174793626667314,2,16384,fixed_density,4.0,1,1,analytic_volume,2.772588722239781,"{""source_dim"": 1}",0.40220490442753265
square,x^2,16.0,20366480,3,scaled_with_l,0.8,16384,fixed_density,4.0,1,1,3.1768019611115017,3,16384,fixed_density,4.0,1,1,null,4.11810284128242e-05,{},3.176760780083089
square,x^2,16.0,20366480,3,scaled_with_l,0.8,16384,fixed_density,4.0,1,1,3.1768019611115017,3,16384,fixed_density,4.0,1,1,identity,1.7782912388407672,"{""projection"": [[1.0]]}",1.3985107222707345
square,x^2,16.0,20366480,3,scaled_with_l,0.8,16384,fixed_density,4.0,1,1,3.1768019611115017,3,16384,fixed_density,4.0,1,1,gain_matched,0.004201928446405848,"{""gain_matrix"": [[-0.017045491663581155]]}",3.172600032665096
square,x^2,16.0,20366480,3,scaled_with_l,0.8,16384,fixed_density,4.0,1,1,3.1768019611115017,3,16384,fixed_density,4.0,1,1,variance_matched,3.1609721359895193,"{""direction"": [1.0]}",0.015829825121982388
square,x^2,16.0,20366480,3,scaled_with_l,0.8,16384,fixed_density,4.0,1,1,3.1768019611115017,3,16384,fixed_density,4.0,1,1,shuffled_target,-4.031838190973058e-05,{},3.1768422794934112
square,x^2,16.0,20366480,3,scaled_with_l,0.8,16384,fixed_density,4.0,1,1,3.1768019611115017,3,16384,fixed_density,4.0,1,1,analytic_volume,2.772588722239781,"{""source_dim"": 1}",0.40421323887172056
square,x^2,16.0,20366497,4,scaled_with_l,0.8,16384,fixed_density,4.0,1,1,3.176631943303543,4,16384,fixed_density,4.0,1,1,null,-1.9428385242996416e-05,{},3.1766513716887856
square,x^2,16.0,20366497,4,scaled_with_l,0.8,16384,fixed_density,4.0,1,1,3.176631943303543,4,16384,fixed_density,4.0,1,1,identity,1.7610260098330486,"{""projection"": [[1.0]]}",1.4156059334704942
square,x^2,16.0,20366497,4,scaled_with_l,0.8,16384,fixed_density,4.0,1,1,3.176631943303543,4,16384,fixed_density,4.0,1,1,gain_matched,0.012136892833771395,"{""gain_matrix"": [[0.024345060702181735]]}",3.1644950504697715
square,x^2,16.0,20366497,4,scaled_with_l,0.8,16384,fixed_density,4.0,1,1,3.176631943303543,4,16384,fixed_density,4.0,1,1,variance_matched,3.1736646339289014,"{""direction"": [1.0]}",0.0029673093746414025
square,x^2,16.0,20366497,4,scaled_with_l,0.8,16384,fixed_density,4.0,1,1,3.176631943303543,4,16384,fixed_density,4.0,1,1,shuffled_target,0.00012280324941332143,{},3.1765091400541294
square,x^2,16.0,20366497,4,scaled_with_l,0.8,16384,fixed_density,4.0,1,1,3.176631943303543,4,16384,fixed_density,4.0,1,1,analytic_volume,2.772588722239781,"{""source_dim"": 1}",0.40404322106376167
square,x^2,16.0,20366514,5,scaled_with_l,0.8,16384,fixed_density,4.0,1,1,3.1783445405133115,5,16384,fixed_density,4.0,1,1,null,6.224163305697543e-05,{},3.1782822988802546
square,x^2,16.0,20366514,5,scaled_with_l,0.8,16384,fixed_density,4.0,1,1,3.1783445405133115,5,16384,fixed_density,4.0,1,1,identity,1.7734289012619586,"{""projection"": [[1.0]]}",1.4049156392513529
square,x^2,16.0,20366514,5,scaled_with_l,0.8,16384,fixed_density,4.0,1,1,3.1783445405133115,5,16384,fixed_density,4.0,1,1,gain_matched,0.0015715074565800118,"{""gain_matrix"": [[-0.008701825361116201]]}",3.1767730330567314
square,x^2,16.0,20366514,5,scaled_with_l,0.8,16384,fixed_density,4.0,1,1,3.1783445405133115,5,16384,fixed_density,4.0,1,1,variance_matched,3.170162522708263,"{""direction"": [1.0]}",0.00818201780504868
square,x^2,16.0,20366514,5,scaled_with_l,0.8,16384,fixed_density,4.0,1,1,3.1783445405133115,5,16384,fixed_density,4.0,1,1,shuffled_target,-3.440322256003693e-05,{},3.1783789437358716
square,x^2,16.0,20366514,5,scaled_with_l,0.8,16384,fixed_density,4.0,1,1,3.1783445405133115,5,16384,fixed_density,4.0,1,1,analytic_volume,2.772588722239781,"{""source_dim"": 1}",0.40575581827353036
square,x^2,16.0,20366531,6,scaled_with_l,0.8,16384,fixed_density,4.0,1,1,3.166036797090736,6,16384,fixed_density,4.0,1,1,null,-3.7398586656862226e-05,{},3.166074195677393
square,x^2,16.0,20366531,6,scaled_with_l,0.8,16384,fixed_density,4.0,1,1,3.166036797090736,6,16384,fixed_density,4.0,1,1,identity,1.7620846859425685,"{""projection"": [[1.0]]}",1.4039521111481676
square,x^2,16.0,20366531,6,scaled_with_l,0.8,16384,fixed_density,4.0,1,1,3.166036797090736,6,16384,fixed_density,4.0,1,1,gain_matched,0.00021917296906364512,"{""gain_matrix"": [[0.004068646389239952]]}",3.1658176241216727
square,x^2,16.0,20366531,6,scaled_with_l,0.8,16384,fixed_density,4.0,1,1,3.166036797090736,6,16384,fixed_density,4.0,1,1,variance_matched,3.1685703091523396,"{""direction"": [1.0]}",-0.00253351206160346
square,x^2,16.0,20366531,6,scaled_with_l,0.8,16384,fixed_density,4.0,1,1,3.166036797090736,6,16384,fixed_density,4.0,1,1,shuffled_target,0.00013727000844547966,{},3.1658995270822907
square,x^2,16.0,20366531,6,scaled_with_l,0.8,16384,fixed_density,4.0,1,1,3.166036797090736,6,16384,fixed_density,4.0,1,1,analytic_volume,2.772588722239781,"{""source_dim"": 1}",0.393448074850955
square,x^2,16.0,20366548,7,scaled_with_l,0.8,16384,fixed_density,4.0,1,1,3.180497725532679,7,16384,fixed_density,4.0,1,1,null,5.4330789352214726e-05,{},3.180443394743327
square,x^2,16.0,20366548,7,scaled_with_l,0.8,16384,fixed_density,4.0,1,1,3.180497725532679,7,16384,fixed_density,4.0,1,1,identity,1.7664101381905877,"{""projection"": [[1.0]]}",1.4140875873420915
square,x^2,16.0,20366548,7,scaled_with_l,0.8,16384,fixed_density,4.0,1,1,3.180497725532679,7,16384,fixed_density,4.0,1,1,gain_matched,0.007080909552603079,"{""gain_matrix"": [[0.023065249250604294]]}",3.173416815980076
square,x^2,16.0,20366548,7,scaled_with_l,0.8,16384,fixed_density,4.0,1,1,3.180497725532679,7,16384,fixed_density,4.0,1,1,variance_matched,3.1724799104503356,"{""direction"": [1.0]}",0.00801781508234356
square,x^2,16.0,20366548,7,scaled_with_l,0.8,16384,fixed_density,4.0,1,1,3.180497725532679,7,16384,fixed_density,4.0,1,1,shuffled_target,-6.285556812214531e-05,{},3.1805605811008015
square,x^2,16.0,20366548,7,scaled_with_l,0.8,16384,fixed_density,4.0,1,1,3.180497725532679,7,16384,fixed_density,4.0,1,1,analytic_volume,2.772588722239781,"{""source_dim"": 1}",0.40790900329289803
square,x^2,16.0,20366565,8,scaled_with_l,0.8,16384,fixed_density,4.0,1,1,3.1782583595322436,8,16384,fixed_density,4.0,1,1,null,0.00018109713233076952,{},3.178077262399913
square,x^2,16.0,20366565,8,scaled_with_l,0.8,16384,fixed_density,4.0,1,1,3.1782583595322436,8,16384,fixed_density,4.0,1,1,identity,1.762265902763093,"{""projection"": [[1.0]]}",1.4159924567691506
square,x^2,16.0,20366565,8,scaled_with_l,0.8,16384,fixed_density,4.0,1,1,3.1782583595322436,8,16384,fixed_density,4.0,1,1,gain_matched,0.024983309104698224,"{""gain_matrix"": [[0.03606917284714197]]}",3.1532750504275455
square,x^2,16.0,20366565,8,scaled_with_l,0.8,16384,fixed_density,4.0,1,1,3.1782583595322436,8,16384,fixed_density,4.0,1,1,variance_matched,3.1678958481148616,"{""direction"": [1.0]}",0.010362511417381981
square,x^2,16.0,20366565,8,scaled_with_l,0.8,16384,fixed_density,4.0,1,1,3.1782583595322436,8,16384,fixed_density,4.0,1,1,shuffled_target,-4.861200322608383e-05,{},3.1783069715354695
square,x^2,16.0,20366565,8,scaled_with_l,0.8,16384,fixed_density,4.0,1,1,3.1782583595322436,8,16384,fixed_density,4.0,1,1,analytic_volume,2.772588722239781,"{""source_dim"": 1}",0.4056696372924624
square,x^2,16.0,20366582,9,scaled_with_l,0.8,16384,fixed_density,4.0,1,1,3.1724227253953954,9,16384,fixed_density,4.0,1,1,null,-4.520609290488994e-05,{},3.1724679314883004
square,x^2,16.0,20366582,9,scaled_with_l,0.8,16384,fixed_density,4.0,1,1,3.1724227253953954,9,16384,fixed_density,4.0,1,1,identity,1.7626931750393924,"{""projection"": [[1.0]]}",1.409729550356003
square,x^2,16.0,20366582,9,scaled_with_l,0.8,16384,fixed_density,4.0,1,1,3.1724227253953954,9,16384,fixed_density,4.0,1,1,gain_matched,0.00634016043905597,"{""gain_matrix"": [[0.01897827475350148]]}",3.1660825649563393
square,x^2,16.0,20366582,9,scaled_with_l,0.8,16384,fixed_density,4.0,1,1,3.1724227253953954,9,16384,fixed_density,4.0,1,1,variance_matched,3.1651468451200175,"{""direction"": [1.0]}",0.007275880275377844
square,x^2,16.0,20366582,9,scaled_with_l,0.8,16384,fixed_density,4.0,1,1,3.1724227253953954,9,16384,fixed_density,4.0,1,1,shuffled_target,7.101841222830493e-05,{},3.172351706983167
square,x^2,16.0,20366582,9,scaled_with_l,0.8,16384,fixed_density,4.0,1,1,3.1724227253953954,9,16384,fixed_density,4.0,1,1,analytic_volume,2.772588722239781,"{""source_dim"": 1}",0.39983400315561424
sine,sin(x),0.5,20460429,0,fixed,0.05,512,fixed_density,4.0,1,1,1.0604069611984834,0,512,fixed_density,4.0,1,1,null,-0.002185948330934369,{},1.0625929095294178
sine,sin(x),0.5,20460429,0,fixed,0.05,512,fixed_density,4.0,1,1,1.0604069611984834,0,512,fixed_density,4.0,1,1,identity,1.0867919458721653,"{""projection"": [[1.0]]}",-0.02638498467368189
sine,sin(x),0.5,20460429,0,fixed,0.05,512,fixed_density,4.0,1,1,1.0604069611984834,0,512,fixed_density,4.0,1,1,gain_matched,1.0689718715691514,"{""gain_matrix"": [[0.9940131285324788]]}",-0.008564910370667977
sine,sin(x),0.5,20460429,0,fixed,0.05,512,fixed_density,4.0,1,1,1.0604069611984834,0,512,fixed_density,4.0,1,1,variance_matched,1.1087965582417247,"{""direction"": [1.0]}",-0.048389597043241306
sine,sin(x),0.5,20460429,0,fixed,0.05,512,fixed_density,4.0,1,1,1.0604069611984834,0,512,fixed_density,4.0,1,1,shuffled_target,-0.0014314493475392838,{},1.0618384105460228
sine,sin(x),0.5,20460429,0,fixed,0.05,512,fixed_density,4.0,1,1,1.0604069611984834,0,512,fixed_density,4.0,1,1,analytic_volume,-0.6931471805599453,"{""source_dim"": 1}",1.7535541417584288
sine,sin(x),0.5,20460446,1,fixed,0.05,512,fixed_density,4.0,1,1,1.1838811772033133,1,512,fixed_density,4.0,1,1,null,-0.0019226585335713475,{},1.1858038357368847
sine,sin(x),0.5,20460446,1,fixed,0.05,512,fixed_density,4.0,1,1,1.1838811772033133,1,512,fixed_density,4.0,1,1,identity,1.185455209609661,"{""projection"": [[1.0]]}",-0.0015740324063477917
sine,sin(x),0.5,20460446,1,fixed,0.05,512,fixed_density,4.0,1,1,1.1838811772033133,1,512,fixed_density,4.0,1,1,gain_matched,1.1641594083847242,"{""gain_matrix"": [[0.9939118234616098]]}",0.019721768818589114
sine,sin(x),0.5,20460446,1,fixed,0.05,512,fixed_density,4.0,1,1,1.1838811772033133,1,512,fixed_density,4.0,1,1,variance_matched,1.1101395391337774,"{""direction"": [1.0]}",0.07374163806953593
sine,sin(x),0.5,20460446,1,fixed,0.05,512,fixed_density,4.0,1,1,1.1838811772033133,1,512,fixed_density,4.0,1,1,shuffled_target,0.0027182382306300285,{},1.1811629389726832
sine,sin(x),0.5,20460446,1,fixed,0.05,512,fixed_density,4.0,1,1,1.1838811772033133,1,512,fixed_density,4.0,1,1,analytic_volume,-0.6931471805599453,"{""source_dim"": 1}",1.8770283577632587
sine,sin(x),0.5,20460463,2,fixed,0.05,512,fixed_density,4.0,1,1,1.1069729993075152,2,512,fixed_density,4.0,1,1,null,0.0011703588295024782,{},1.1058026404780128
sine,sin(x),0.5,20460463,2,fixed,0.05,512,fixed_density,4.0,1,1,1.1069729993075152,2,512,fixed_density,4.0,1,1,identity,1.0724798046849047,"{""projection"": [[1.0]]}",0.03449319462261058
sine,sin(x),0.5,20460463,2,fixed,0.05,512,fixed_density,4.0,1,1,1.1069729993075152,2,512,fixed_density,4.0,1,1,gain_matched,1.0902831425102588,"{""gain_matrix"": [[0.9937772895600906]]}",0.01668985679725643
sine,sin(x),0.5,20460463,2,fixed,0.05,512,fixed_density,4.0,1,1,1.1069729993075152,2,512,fixed_density,4.0,1,1,variance_matched,1.13396655595347,"{""direction"": [1.0]}",-0.02699355664595471
sine,sin(x),0.5,20460463,2,fixed,0.05,512,fixed_density,4.0,1,1,1.1069729993075152,2,512,fixed_density,4.0,1,1,shuffled_target,0.004298422891216999,{},1.1026745764162982
sine,sin(x),0.5,20460463,2,fixed,0.05,512,fixed_density,4.0,1,1,1.1069729993075152,2,512,fixed_density,4.0,1,1,analytic_volume,-0.6931471805599453,"{""source_dim"": 1}",1.8001201798674606
sine,sin(x),0.5,20460480,3,fixed,0.05,512,fixed_density,4.0,1,1,1.113501372023639,3,512,fixed_density,4.0,1,1,null,-0.00013327853341611523,{},1.1136346505570551
sine,sin(x),0.5,20460480,3,fixed,0.05,512,fixed_density,4.0,1,1,1.113501372023639,3,512,fixed_density,4.0,1,1,identity,1.1112635947186416,"{""projection"": [[1.0]]}",0.0022377773049975236
sine,sin(x),0.5,20460480,3,fixed,0.05,512,fixed_density,4.0,1,1,1.113501372023639,3,512,fixed_density,4.0,1,1,gain_matched,1.1088225163685852,"{""gain_matrix"": [[0.9937987471210947]]}",0.004678855655053882
sine,sin(x),0.5,20460480,3,fixed,0.05,512,fixed_density,4.0,1,1,1.113501372023639,3,512,fixed_density,4.0,1,1,variance_matched,1.1231797887029207,"{""direction"": [1.0]}",-0.009678416679281598
sine,sin(x),0.5,20460480,3,fixed,0.05,512,fixed_density,4.0,1,1,1.113501372023639,3,512,fixed_density,4.0,1,1,shuffled_target,-0.0013648845343778076,{},1.114866256558017
sine,sin(x),0.5,20460480,3,fixed,0.05,512,fixed_density,4.0,1,1,1.113501372023639,3,512,fixed_density,4.0,1,1,analytic_volume,-0.6931471805599453,"{""source_dim"": 1}",1.8066485525835843
sine,sin(x),0.5,20460497,4,fixed,0.05,512,fixed_density,4.0,1,1,1.1268968534460422,4,512,fixed_density,4.0,1,1,null,-0.0019569531056326263,{},1.1288538065516749
sine,sin(x),0.5,20460497,4,fixed,0.05,512,fixed_density,4.0,1,1,1.1268968534460422,4,512,fixed_density,4.0,1,1,identity,1.1451299513902786,"{""projection"": [[1.0]]}",-0.018233097944236443
sine,sin(x),0.5,20460497,4,fixed,0.05,512,fixed_density,4.0,1,1,1.1268968534460422,4,512,fixed_density,4.0,1,1,gain_matched,1.1134577434978583,"{""gain_matrix"": [[0.9936821306578656]]}",0.01343910994818387
sine,sin(x),0.5,20460497,4,fixed,0.05,512,fixed_density,4.0,1,1,1.1268968534460422,4,512,fixed_density,4.0,1,1,variance_matched,1.1361062888867903,"{""direction"": [1.0]}",-0.009209435440748148
sine,sin(x),0.5,20460497,4,fixed,0.05,512,fixed_density,4.0,1,1,1.1268968534460422,4,512,fixed_density,4.0,1,1,shuffled_target,-0.0019968389532603837,{},1.1288936923993025
sine,sin(x),0.5,20460497,4,fixed,0.05,512,fixed_density,4.0,1,1,1.1268968534460422,4,512,fixed_density,4.0,1,1,analytic_volume,-0.6931471805599453,"{""source_dim"": 1}",1.8200440340059876
sine,sin(x),0.5,20460514,5,fixed,0.05,512,fixed_density,4.0,1,1,1.076984257338229,5,512,fixed_density,4.0,1,1,null,0.0004286615491744107,{},1.0765555957890545
sine,sin(x),0.5,20460514,5,fixed,0.05,512,fixed_density,4.0,1,1,1.076984257338229,5,512,fixed_density,4.0,1,1,identity,1.1582967325014781,"{""projection"": [[1.0]]}",-0.08131247516324924
sine,sin(x),0.5,20460514,5,fixed,0.05,512,fixed_density,4.0,1,1,1.076984257338229,5,512,fixed_density,4.0,1,1,gain_matched,1.0757080737641036,"{""gain_matrix"": [[0.9939899925607102]]}",0.0012761835741252892
sine,sin(x),0.5,20460514,5,fixed,0.05,512,fixed_density,4.0,1,1,1.076984257338229,5,512,fixed_density,4.0,1,1,variance_matched,1.0877610392793402,"{""direction"": [1.0]}",-0.010776781941111313
sine,sin(x),0.5,20460514,5,fixed,0.05,512,fixed_density,4.0,1,1,1.076984257338229,5,512,fixed_density,4.0,1,1,shuffled_target,0.0019224326233301173,{},1.0750618247148989
sine,sin(x),0.5,20460514,5,fixed,0.05,512,fixed_density,4.0,1,1,1.076984257338229,5,512,fixed_density,4.0,1,1,analytic_volume,-0.6931471805599453,"{""source_dim"": 1}",1.7701314378981743
sine,sin(x),0.5,20460531,6,fixed,0.05,512,fixed_density,4.0,1,1,1.0904289369686428,6,512,fixed_density,4.0,1,1,null,-0.0015115002298064077,{},1.0919404371984494
sine,sin(x),0.5,20460531,6,fixed,0.05,512,fixed_density,4.0,1,1,1.0904289369686428,6,512,fixed_density,4.0,1,1,identity,1.1302969349800787,"{""projection"": [[1.0]]}",-0.03986799801143581
sine,sin(x),0.5,20460531,6,fixed,0.05,512,fixed_density,4.0,1,1,1.0904289369686428,6,512,fixed_density,4.0,1,1,gain_matched,1.0927766668778092,"{""gain_matrix"": [[0.9935720654304765]]}",-0.0023477299091663184
sine,sin(x),0.5,20460531,6,fixed,0.05,512,fixed_density,4.0,1,1,1.0904289369686428,6,512,fixed_density,4.0,1,1,variance_matched,1.1358034231159957,"{""direction"": [1.0]}",-0.045374486147352844
sine,sin(x),0.5,20460531,6,fixed,0.05,512,fixed_density,4.0,1,1,1.0904289369686428,6,512,fixed_density,4.0,1,1,shuffled_target,0.0011445640840921758,{},1.0892843728845507
sine,sin(x),0.5,20460531,6,fixed,0.05,512,fixed_density,4.0,1,1,1.0904289369686428,6,512,fixed_density,4.0,1,1,analytic_volume,-0.6931471805599453,"{""source_dim"": 1}",1.7835761175285882
sine,sin(x),0.5,20460548,7,fixed,0.05,512,fixed_density,4.0,1,1,1.1246127975149274,7,512,fixed_density,4.0,1,1,null,0.0012693925142153828,{},1.123343405000712
sine,sin(x),0.5,20460548,7,fixed,0.05,512,fixed_density,4.0,1,1,1.1246127975149274,7,512,fixed_density,4.0,1,1,identity,1.0986085022605332,"{""projection"": [[1.0]]}",0.026004295254394183
sine,sin(x),0.5,20460548,7,fixed,0.05,512,fixed_density,4.0,1,1,1.1246127975149274,7,512,fixed_density,4.0,1,1,gain_matched,1.1241011673982466,"{""gain_matrix"": [[0.9938458474714346]]}",0.0005116301166807613
sine,sin(x),0.5,20460548,7,fixed,0.05,512,fixed_density,4.0,1,1,1.1246127975149274,7,512,fixed_density,4.0,1,1,variance_matched,1.094707019965511,"{""direction"": [1.0]}",0.02990577754941648
sine,sin(x),0.5,20460548,7,fixed,0.05,512,fixed_density,4.0,1,1,1.1246127975149274,7,512,fixed_density,4.0,1,1,shuffled_target,0.004362435011189899,{},1.1202503625037374
sine,sin(x),0.5,20460548,7,fixed,0.05,512,fixed_density,4.0,1,1,1.1246127975149274,7,512,fixed_density,4.0,1,1,analytic_volume,-0.6931471805599453,"{""source_dim"": 1}",1.8177599780748728
sine,sin(x),0.5,20460565,8,fixed,0.05,512,fixed_density,4.0,1,1,1.131583568610516,8,512,fixed_density,4.0,1,1,null,0.0011257342578932174,{},1.1304578343526228
sine,sin(x),0.5,20460565,8,fixed,0.05,512,fixed_density,4.0,1,1,1.131583568610516,8,512,fixed_density,4.0,1,1,identity,1.0865760294262499,"{""projection"": [[1.0]]}",0.04500753918426614
sine,sin(x),0.5,20460565,8,fixed,0.05,512,fixed_density,4.0,1,1,1.131583568610516,8,512,fixed_density,4.0,1,1,gain_matched,1.1071282766264092,"{""gain_matrix"": [[0.9940091108181635]]}",0.024455291984106786
sine,sin(x),0.5,20460565,8,fixed,0.05,512,fixed_density,4.0,1,1,1.131583568610516,8,512,fixed_density,4.0,1,1,variance_matched,1.1074441487487574,"{""direction"": [1.0]}",0.024139419861758604
sine,sin(x),0.5,20460565,8,fixed,0.05,512,fixed_density,4.0,1,1,1.131583568610516,8,512,fixed_density,4.0,1,1,shuffled_target,-0.0002794215003528895,{},1.131862990110869
sine,sin(x),0.5,20460565,8,fixed,0.05,512,fixed_density,4.0,1,1,1.131583568610516,8,512,fixed_density,4.0,1,1,analytic_volume,-0.6931471805599453,"{""source_dim"": 1}",1.8247307491704614
sine,sin(x),0.5,20460582,9,fixed,0.05,512,fixed_density,4.0,1,1,1.1132519703331119,9,512,fixed_density,4.0,1,1,null,-0.001866917526398758,{},1.1151188878595106
sine,sin(x),0.5,20460582,9,fixed,0.05,512,fixed_density,4.0,1,1,1.1132519703331119,9,512,fixed_density,4.0,1,1,identity,1.1344705996551316,"{""projection"": [[1.0]]}",-0.02121862932201979
sine,sin(x),0.5,20460582,9,fixed,0.05,512,fixed_density,4.0,1,1,1.1132519703331119,9,512,fixed_density,4.0,1,1,gain_matched,1.1262595958219914,"{""gain_matrix"": [[0.9934378932780954]]}",-0.01300762548887957
sine,sin(x),0.5,20460582,9,fixed,0.05,512,fixed_density,4.0,1,1,1.1132519703331119,9,512,fixed_density,4.0,1,1,variance_matched,1.149439689432996,"{""direction"": [1.0]}",-0.03618771909988405
sine,sin(x),0.5,20460582,9,fixed,0.05,512,fixed_density,4.0,1,1,1.1132519703331119,9,512,fixed_density,4.0,1,1,shuffled_target,-7.50888975809222e-05,{},1.1133270592306928
sine,sin(x),0.5,20460582,9,fixed,0.05,512,fixed_density,4.0,1,1,1.1132519703331119,9,512,fixed_density,4.0,1,1,analytic_volume,-0.6931471805599453,"{""source_dim"": 1}",1.806399150893057
sine,sin(x),1.0,20461429,0,fixed,0.05,1024,fixed_density,4.0,1,1,1.7956262193514336,0,1024,fixed_density,4.0,1,1,null,0.0013109349334137202,{},1.79431528441802
sine,sin(x),1.0,20461429,0,fixed,0.05,1024,fixed_density,4.0,1,1,1.7956262193514336,0,1024,fixed_density,4.0,1,1,identity,1.742259179395284,"{""projection"": [[1.0]]}",0.053367039956149664
sine,sin(x),1.0,20461429,0,fixed,0.05,1024,fixed_density,4.0,1,1,1.7956262193514336,0,1024,fixed_density,4.0,1,1,gain_matched,1.7357650698680998,"{""gain_matrix"": [[0.9753840737958862]]}",0.059861149483333875
sine,sin(x),1.0,20461429,0,fixed,0.05,1024,fixed_density,4.0,1,1,1.7956262193514336,0,1024,fixed_density,4.0,1,1,variance_matched,1.7462591904898337,"{""direction"": [1.0]}",0.04936702886159994
sine,sin(x),1.0,20461429,0,fixed,0.05,1024,fixed_density,4.0,1,1,1.7956262193514336,0,1024,fixed_density,4.0,1,1,shuffled_target,-0.0011507531690579862,{},1.7967769725204916
sine,sin(x),1.0,20461429,0,fixed,0.05,1024,fixed_density,4.0,1,1,1.7956262193514336,0,1024,fixed_density,4.0,1,1,analytic_volume,0.0,"{""source_dim"": 1}",1.7956262193514336
sine,sin(x),1.0,20461446,1,fixed,0.05,1024,fixed_density,4.0,1,1,1.7278748634442438,1,1024,fixed_density,4.0,1,1,null,-0.0008160036876143375,{},1.7286908671318582
sine,sin(x),1.0,20461446,1,fixed,0.05,1024,fixed_density,4.0,1,1,1.7278748634442438,1,1024,fixed_density,4.0,1,1,identity,1.7544142883971032,"{""projection"": [[1.0]]}",-0.026539424952859436
sine,sin(x),1.0,20461446,1,fixed,0.05,1024,fixed_density,4.0,1,1,1.7278748634442438,1,1024,fixed_density,4.0,1,1,gain_matched,1.736936831510908,"{""gain_matrix"": [[0.9753232063570019]]}",-0.00906196806666415
sine,sin(x),1.0,20461446,1,fixed,0.05,1024,fixed_density,4.0,1,1,1.7278748634442438,1,1024,fixed_density,4.0,1,1,variance_matched,1.7204549229292834,"{""direction"": [1.0]}",0.007419940514960421
sine,sin(x),1.0,20461446,1,fixed,0.05,1024,fixed_density,4.0,1,1,1.7278748634442438,1,1024,fixed_density,4.0,1,1,shuffled_target,-0.0013123942864473805,{},1.7291872577306913
sine,sin(x),1.0,20461446,1,fixed,0.05,1024,fixed_density,4.0,1,1,1.7278748634442438,1,1024,fixed_density,4.0,1,1,analytic_volume,0.0,"{""source_dim"": 1}",1.7278748634442438
sine,sin(x),1.0,20461463,2,fixed,0.05,1024,fixed_density,4.0,1,1,1.7587943114337654,2,1024,fixed_density,4.0,1,1,null,-0.0011461327687923664,{},1.7599404442025577
sine,sin(x),1.0,20461463,2,fixed,0.05,1024,fixed_density,4.0,1,1,1.7587943114337654,2,1024,fixed_density,4.0,1,1,identity,1.764093101309704,"{""projection"": [[1.0]]}",-0.005298789875938681
sine,sin(x),1.0,20461463,2,fixed,0.05,1024,fixed_density,4.0,1,1,1.7587943114337654,2,1024,fixed_density,4.0,1,1,gain_matched,1.7413997054063945,"{""gain_matrix"": [[0.9746690094826743]]}",0.017394606027370862
sine,sin(x),1.0,20461463,2,fixed,0.05,1024,fixed_density,4.0,1,1,1.7587943114337654,2,1024,fixed_density,4.0,1,1,variance_matched,1.7669111203591092,"{""direction"": [1.0]}",-0.008116808925343832
sine,sin(x),1.0,20461463,2,fixed,0.05,1024,fixed_density,4.0,1,1,1.7587943114337654,2,1024,fixed_density,4.0,1,1,shuffled_target,0.00033354955457986254,{},1.7584607618791857
sine,sin(x),1.0,20461463,2,fixed,0.05,1024,fixed_density,4.0,1,1,1.7587943114337654,2,1024,fixed_density,4.0,1,1,analytic_volume,0.0,"{""source_dim"": 1}",1.7587943114337654
sine,sin(x),1.0,20461480,3,fixed,0.05,1024,fixed_density,4.0,1,1,1.7393509237694038,3,1024,fixed_density,4.0,1,1,null,-0.001127882992630996,{},1.7404788067620347
sine,sin(x),1.0,20461480,3,fixed,0.05,1024,fixed_density,4.0,1,1,1.7393509237694038,3,1024,fixed_density,4.0,1,1,identity,1.7330325332159862,"{""projection"": [[1.0]]}",0.006318390553417652
sine,sin(x),1.0,20461480,3,fixed,0.05,1024,fixed_density,4.0,1,1,1.7393509237694038,3,1024,fixed_density,4.0,1,1,gain_matched,1.7331929887068793,"{""gain_matrix"": [[0.975122333585195]]}",0.006157935062524489
sine,sin(x),1.0,20461480,3,fixed,0.05,1024,fixed_density,4.0,1,1,1.7393509237694038,3,1024,fixed_density,4.0,1,1,variance_matched,1.7566791324551776,"{""direction"": [1.0]}",-0.017328208685773783
sine,sin(x),1.0,20461480,3,fixed,0.05,1024,fixed_density,4.0,1,1,1.7393509237694038,3,1024,fixed_density,4.0,1,1,shuffled_target,0.00018009378915901037,{},1.7391708299802449
sine,sin(x),1.0,20461480,3,fixed,0.05,1024,fixed_density,4.0,1,1,1.7393509237694038,3,1024,fixed_density,4.0,1,1,analytic_volume,0.0,"{""source_dim"": 1}",1.7393509237694038
sine,sin(x),1.0,20461497,4,fixed,0.05,1024,fixed_density,4.0,1,1,1.7560147868655362,4,1024,fixed_density,4.0,1,1,null,0.0015066670057519483,{},1.7545081198597843
sine,sin(x),1.0,20461497,4,fixed,0.05,1024,fixed_density,4.0,1,1,1.7560147868655362,4,1024,fixed_density,4.0,1,1,identity,1.7836845745865018,"{""projection"": [[1.0]]}",-0.02766978772096551
sine,sin(x),1.0,20461497,4,fixed,0.05,1024,fixed_density,4.0,1,1,1.7560147868655362,4,1024,fixed_density,4.0,1,1,gain_matched,1.74955003091186,"{""gain_matrix"": [[0.9748304033643599]]}",0.006464755953676349
sine,sin(x),1.0,20461497,4,fixed,0.05,1024,fixed_density,4.0,1,1,1.7560147868655362,4,1024,fixed_density,4.0,1,1,variance_matched,1.7755406774679523,"{""direction"": [1.0]}",-0.01952589060241605
sine,sin(x),1.0,20461497,4,fixed,0.05,1024,fixed_density,4.0,1,1,1.7560147868655362,4,1024,fixed_density,4.0,1,1,shuffled_target,0.0006556488999609731,{},1.7553591379655753
sine,sin(x),1.0,20461497,4,fixed,0.05,1024,fixed_density,4.0,1,1,1.7560147868655362,4,1024,fixed_density,4.0,1,1,analytic_volume,0.0,"{""source_dim"": 1}",1.7560147868655362
sine,sin(x),1.0,20461514,5,fixed,0.05,1024,fixed_density,4.0,1,1,1.7051808677596896,5,1024,fixed_density,4.0,1,1,null,0.0008364589577909258,{},1.7043444088018986
sine,sin(x),1.0,20461514,5,fixed,0.05,1024,fixed_density,4.0,1,1,1.7051808677596896,5,1024,fixed_density,4.0,1,1,identity,1.7601454984518792,"{""projection"": [[1.0]]}",-0.0549646306921896
sine,sin(x),1.0,20461514,5,fixed,0.05,1024,fixed_density,4.0,1,1,1.7051808677596896,5,1024,fixed_density,4.0,1,1,gain_matched,1.6839932102370536,"{""gain_matrix"": [[0.9757052195599207]]}",0.02118765752263596
sine,sin(x),1.0,20461514,5,fixed,0.05,1024,fixed_density,4.0,1,1,1.7051808677596896,5,1024,fixed_density,4.0,1,1,variance_matched,1.719274753222182,"{""direction"": [1.0]}",-0.01409388546249235
sine,sin(x),1.0,20461514,5,fixed,0.05,1024,fixed_density,4.0,1,1,1.7051808677596896,5,1024,fixed_density,4.0,1,1,shuffled_target,-0.0014383724263272546,{},1.7066192401860167
sine,sin(x),1.0,20461514,5,fixed,0.05,1024,fixed_density,4.0,1,1,1.7051808677596896,5,1024,fixed_density,4.0,1,1,analytic_volume,0.0,"{""source_dim"": 1}",1.7051808677596896
sine,sin(x),1.0,20461531,6,fixed,0.05,1024,fixed_density,4.0,1,1,1.70593685004848,6,1024,fixed_density,4.0,1,1,null,-0.001415913454218347,{},1.7073527635026984
sine,sin(x),1.0,20461531,6,fixed,0.05,1024,fixed_density,4.0,1,1,1.70593685004848,6,1024,fixed_density,4.0,1,1,identity,1.7818832091697003,"{""projection"": [[1.0]]}",-0.07594635912122039
sine,sin(x),1.0,20461531,6,fixed,0.05,1024,fixed_density,4.0,1,1,1.70593685004848,6,1024,fixed_density,4.0,1,1,gain_matched,1.7501638814728353,"{""gain_matrix"": [[0.975263052002859]]}",-0.044227031424355356
sine,sin(x),1.0,20461531,6,fixed,0.05,1024,fixed_density,4.0,1,1,1.70593685004848,6,1024,fixed_density,4.0,1,1,variance_matched,1.7819974281060653,"{""direction"": [1.0]}",-0.07606057805758537
sine,sin(x),1.0,20461531,6,fixed,0.05,1024,fixed_density,4.0,1,1,1.70593685004848,6,1024,fixed_density,4.0,1,1,shuffled_target,-9.055452355453573e-05,{},1.7060274045720345
sine,sin(x),1.0,20461531,6,fixed,0.05,1024,fixed_density,4.0,1,1,1.70593685004848,6,1024,fixed_density,4.0,1,1,analytic_volume,0.0,"{""source_dim"": 1}",1.70593685004848
sine,sin(x),1.0,20461548,7,fixed,0.05,1024,fixed_density,4.0,1,1,1.7521690536524266,7,1024,fixed_density,4.0,1,1,null,-0.0008781782792600941,{},1.7530472319316868
sine,sin(x),1.0,20461548,7,fixed,0.05,1024,fixed_density,4.0,1,1,1.7521690536524266,7,1024,fixed_density,4.0,1,1,identity,1.7726657736653162,"{""projection"": [[1.0]]}",-0.020496720012889602
sine,sin(x),1.0,20461548,7,fixed,0.05,1024,fixed_density,4.0,1,1,1.7521690536524266,7,1024,fixed_density,4.0,1,1,gain_matched,1.7136067945488147,"{""gain_matrix"": [[0.9757083354431106]]}",0.038562259103611884
sine,sin(x),1.0,20461548,7,fixed,0.05,1024,fixed_density,4.0,1,1,1.7521690536524266,7,1024,fixed_density,4.0,1,1,variance_matched,1.7370592909935425,"{""direction"": [1.0]}",0.015109762658884085
sine,sin(x),1.0,20461548,7,fixed,0.05,1024,fixed_density,4.0,1,1,1.7521690536524266,7,1024,fixed_density,4.0,1,1,shuffled_target,-0.0012794443035825565,{},1.7534484979560092
sine,sin(x),1.0,20461548,7,fixed,0.05,1024,fixed_density,4.0,1,1,1.7521690536524266,7,1024,fixed_density,4.0,1,1,analytic_volume,0.0,"{""source_dim"": 1}",1.7521690536524266
sine,sin(x),1.0,20461565,8,fixed,0.05,1024,fixed_density,4.0,1,1,1.732212482012189,8,1024,fixed_density,4.0,1,1,null,-0.001123559550203573,{},1.7333360415623924
sine,sin(x),1.0,20461565,8,fixed,0.05,1024,fixed_density,4.0,1,1,1.732212482012189,8,1024,fixed_density,4.0,1,1,identity,1.7704944104880012,"{""projection"": [[1.0]]}",-0.038281928475812244
sine,sin(x),1.0,20461565,8,fixed,0.05,1024,fixed_density,4.0,1,1,1.732212482012189,8,1024,fixed_density,4.0,1,1,gain_matched,1.7755425852013713,"{""gain_matrix"": [[0.9753515382910696]]}",-0.0433301031891824
sine,sin(x),1.0,20461565,8,fixed,0.05,1024,fixed_density,4.0,1,1,1.732212482012189,8,1024,fixed_density,4.0,1,1,variance_matched,1.7646448963470034,"{""direction"": [1.0]}",-0.032432414334814474
sine,sin(x),1.0,20461565,8,fixed,0.05,1024,fixed_density,4.0,1,1,1.732212482012189,8,1024,fixed_density,4.0,1,1,shuffled_target,0.00031270320342033776,{},1.7318997788087687
sine,sin(x),1.0,20461565,8,fixed,0.05,1024,fixed_density,4.0,1,1,1.732212482012189,8,1024,fixed_density,4.0,1,1,analytic_volume,0.0,"{""source_dim"": 1}",1.732212482012189
sine,sin(x),1.0,20461582,9,fixed,0.05,1024,fixed_density,4.0,1,1,1.7081515335593491,9,1024,fixed_density,4.0,1,1,null,-0.0005401070164255727,{},1.7086916405757746
sine,sin(x),1.0,20461582,9,fixed,0.05,1024,fixed_density,4.0,1,1,1.7081515335593491,9,1024,fixed_density,4.0,1,1,identity,1.7634712993745278,"{""projection"": [[1.0]]}",-0.05531976581517872
sine,sin(x),1.0,20461582,9,fixed,0.05,1024,fixed_density,4.0,1,1,1.7081515335593491,9,1024,fixed_density,4.0,1,1,gain_matched,1.7364585934390488,"{""gain_matrix"": [[0.9749077206803308]]}",-0.028307059879699725
sine,sin(x),1.0,20461582,9,fixed,0.05,1024,fixed_density,4.0,1,1,1.7081515335593491,9,1024,fixed_density,4.0,1,1,variance_matched,1.7404747301025656,"{""direction"": [1.0]}",-0.03232319654321647
sine,sin(x),1.0,20461582,9,fixed,0.05,1024,fixed_density,4.0,1,1,1.7081515335593491,9,1024,fixed_density,4.0,1,1,shuffled_target,-0.0007505914961247079,{},1.708902125055474
sine,sin(x),1.0,20461582,9,fixed,0.05,1024,fixed_density,4.0,1,1,1.7081515335593491,9,1024,fixed_density,4.0,1,1,analytic_volume,0.0,"{""source_dim"": 1}",1.7081515335593491
sine,sin(x),2.0,20462429,0,fixed,0.05,2048,fixed_density,4.0,1,1,2.3694255975574885,0,2048,fixed_density,4.0,1,1,null,-0.00022505442710451335,{},2.369650651984593
sine,sin(x),2.0,20462429,0,fixed,0.05,2048,fixed_density,4.0,1,1,2.3694255975574885,0,2048,fixed_density,4.0,1,1,identity,2.4517747652440063,"{""projection"": [[1.0]]}",-0.08234916768651779
sine,sin(x),2.0,20462429,0,fixed,0.05,2048,fixed_density,4.0,1,1,2.3694255975574885,0,2048,fixed_density,4.0,1,1,gain_matched,2.361170326821817,"{""gain_matrix"": [[0.9048275869483285]]}",0.008255270735671338
sine,sin(x),2.0,20462429,0,fixed,0.05,2048,fixed_density,4.0,1,1,2.3694255975574885,0,2048,fixed_density,4.0,1,1,variance_matched,2.3375094042261804,"{""direction"": [1.0]}",0.03191619333130813
sine,sin(x),2.0,20462429,0,fixed,0.05,2048,fixed_density,4.0,1,1,2.3694255975574885,0,2048,fixed_density,4.0,1,1,shuffled_target,-0.0003341623558815356,{},2.36975975991337
sine,sin(x),2.0,20462429,0,fixed,0.05,2048,fixed_density,4.0,1,1,2.3694255975574885,0,2048,fixed_density,4.0,1,1,analytic_volume,0.6931471805599453,"{""source_dim"": 1}",1.676278416997543
sine,sin(x),2.0,20462446,1,fixed,0.05,2048,fixed_density,4.0,1,1,2.3394753183426835,1,2048,fixed_density,4.0,1,1,null,0.00021916543938995726,{},2.3392561529032934
sine,sin(x),2.0,20462446,1,fixed,0.05,2048,fixed_density,4.0,1,1,2.3394753183426835,1,2048,fixed_density,4.0,1,1,identity,2.459555256116977,"{""projection"": [[1.0]]}",-0.12007993777429338
sine,sin(x),2.0,20462446,1,fixed,0.05,2048,fixed_density,4.0,1,1,2.3394753183426835,1,2048,fixed_density,4.0,1,1,gain_matched,2.3339796079742,"{""gain_matrix"": [[0.905029784702388]]}",0.0054957103684833974
sine,sin(x),2.0,20462446,1,fixed,0.05,2048,fixed_density,4.0,1,1,2.3394753183426835,1,2048,fixed_density,4.0,1,1,variance_matched,2.3555494197937863,"{""direction"": [1.0]}",-0.016074101451102774
sine,sin(x),2.0,20462446,1,fixed,0.05,2048,fixed_density,4.0,1,1,2.3394753183426835,1,2048,fixed_density,4.0,1,1,shuffled_target,-0.0006623237312928425,{},2.3401376420739766
sine,sin(x),2.0,20462446,1,fixed,0.05,2048,fixed_density,4.0,1,1,2.3394753183426835,1,2048,fixed_density,4.0,1,1,analytic_volume,0.6931471805599453,"{""source_dim"": 1}",1.6463281377827381
sine,sin(x),2.0,20462463,2,fixed,0.05,2048,fixed_density,4.0,1,1,2.367306167430489,2,2048,fixed_density,4.0,1,1,null,-0.0001389734492119616,{},2.3674451408797013
sine,sin(x),2.0,20462463,2,fixed,0.05,2048,fixed_density,4.0,1,1,2.367306167430489,2,2048,fixed_density,4.0,1,1,identity,2.4924071884379337,"{""projection"": [[1.0]]}",-0.12510102100744458
sine,sin(x),2.0,20462463,2,fixed,0.05,2048,fixed_density,4.0,1,1,2.367306167430489,2,2048,fixed_density,4.0,1,1,gain_matched,2.3935471082197255,"{""gain_matrix"": [[0.9029833077589227]]}",-0.026240940789236333
sine,sin(x),2.0,20462463,2,fixed,0.05,2048,fixed_density,4.0,1,1,2.367306167430489,2,2048,fixed_density,4.0,1,1,variance_matched,2.38318153650302,"{""direction"": [1.0]}",-0.01587536907253062
sine,sin(x),2.0,20462463,2,fixed,0.05,2048,fixed_density,4.0,1,1,2.367306167430489,2,2048,fixed_density,4.0,1,1,shuffled_target,-0.00026711079283293953,{},2.3675732782233223
sine,sin(x),2.0,20462463,2,fixed,0.05,2048,fixed_density,4.0,1,1,2.367306167430489,2,2048,fixed_density,4.0,1,1,analytic_volume,0.6931471805599453,"{""source_dim"": 1}",1.6741589868705438
sine,sin(x),2.0,20462480,3,fixed,0.05,2048,fixed_density,4.0,1,1,2.365135527224397,3,2048,fixed_density,4.0,1,1,null,-0.0002456851568644489,{},2.3653812123812616
sine,sin(x),2.0,20462480,3,fixed,0.05,2048,fixed_density,4.0,1,1,2.365135527224397,3,2048,fixed_density,4.0,1,1,identity,2.4346004751962926,"{""projection"": [[1.0]]}",-0.06946494797189562
sine,sin(x),2.0,20462480,3,fixed,0.05,2048,fixed_density,4.0,1,1,2.365135527224397,3,2048,fixed_density,4.0,1,1,gain_matched,2.3489426680560683,"{""gain_matrix"": [[0.9019307083834777]]}",0.016192859168328688
sine,sin(x),2.0,20462480,3,fixed,0.05,2048,fixed_density,4.0,1,1,2.365135527224397,3,2048,fixed_density,4.0,1,1,variance_matched,2.3972420464756947,"{""direction"": [1.0]}",-0.032106519251297705
sine,sin(x),2.0,20462480,3,fixed,0.05,2048,fixed_density,4.0,1,1,2.365135527224397,3,2048,fixed_density,4.0,1,1,shuffled_target,1.3235872528905685e-05,{},2.365122291351868
sine,sin(x),2.0,20462480,3,fixed,0.05,2048,fixed_density,4.0,1,1,2.365135527224397,3,2048,fixed_density,4.0,1,1,analytic_volume,0.6931471805599453,"{""source_dim"": 1}",1.6719883466644516
sine,sin(x),2.0,20462497,4,fixed,0.05,2048,fixed_density,4.0,1,1,2.3641101359129,4,2048,fixed_density,4.0,1,1,null,-0.0002963183475300494,{},2.3644064542604304
sine,sin(x),2.0,20462497,4,fixed,0.05,2048,fixed_density,4.0,1,1,2.3641101359129,4,2048,fixed_density,4.0,1,1,identity,2.4535078213896844,"{""projection"": [[1.0]]}",-0.08939768547678417
sine,sin(x),2.0,20462497,4,fixed,0.05,2048,fixed_density,4.0,1,1,2.3641101359129,4,2048,fixed_density,4.0,1,1,gain_matched,2.3448941486753236,"{""gain_matrix"": [[0.9039145940655998]]}",0.01921598723757656
sine,sin(x),2.0,20462497,4,fixed,0.05,2048,fixed_density,4.0,1,1,2.3641101359129,4,2048,fixed_density,4.0,1,1,variance_matched,2.3402077679841886,"{""direction"": [1.0]}",0.023902367928711588
sine,sin(x),2.0,20462497,4,fixed,0.05,2048,fixed_density,4.0,1,1,2.3641101359129,4,2048,fixed_density,4.0,1,1,shuffled_target,0.0011822086245644673,{},2.362927927288336
sine,sin(x),2.0,20462497,4,fixed,0.05,2048,fixed_density,4.0,1,1,2.3641101359129,4,2048,fixed_density,4.0,1,1,analytic_volume,0.6931471805599453,"{""source_dim"": 1}",1.6709629553529548
sine,sin(x),2.0,20462514,5,fixed,0.05,2048,fixed_density,4.0,1,1,2.328430592761638,5,2048,fixed_density,4.0,1,1,null,0.0014882917099331185,{},2.3269423010517047
sine,sin(x),2.0,20462514,5,fixed,0.05,2048,fixed_density,4.0,1,1,2.328430592761638,5,2048,fixed_density,4.0,1,1,identity,2.4361346257870293,"{""projection"": [[1.0]]}",-0.10770403302539133
sine,sin(x),2.0,20462514,5,fixed,0.05,2048,fixed_density,4.0,1,1,2.328430592761638,5,2048,fixed_density,4.0,1,1,gain_matched,2.342281630005991,"{""gain_matrix"": [[0.9050114684840214]]}",-0.013851037244353215
sine,sin(x),2.0,20462514,5,fixed,0.05,2048,fixed_density,4.0,1,1,2.328430592761638,5,2048,fixed_density,4.0,1,1,variance_matched,2.3419852314126253,"{""direction"": [1.0]}",-0.013554638650987272
sine,sin(x),2.0,20462514,5,fixed,0.05,2048,fixed_density,4.0,1,1,2.328430592761638,5,2048,fixed_density,4.0,1,1,shuffled_target,0.00030933388340804785,{},2.32812125887823
sine,sin(x),2.0,20462514,5,fixed,0.05,2048,fixed_density,4.0,1,1,2.328430592761638,5,2048,fixed_density,4.0,1,1,analytic_volume,0.6931471805599453,"{""source_dim"": 1}",1.6352834122016926
sine,sin(x),2.0,20462531,6,fixed,0.05,2048,fixed_density,4.0,1,1,2.3527790045205723,6,2048,fixed_density,4.0,1,1,null,-0.0006679051359502707,{},2.3534469096565225
sine,sin(x),2.0,20462531,6,fixed,0.05,2048,fixed_density,4.0,1,1,2.3527790045205723,6,2048,fixed_density,4.0,1,1,identity,2.4537130449942897,"{""projection"": [[1.0]]}",-0.10093404047371735
sine,sin(x),2.0,20462531,6,fixed,0.05,2048,fixed_density,4.0,1,1,2.3527790045205723,6,2048,fixed_density,4.0,1,1,gain_matched,2.3374339394782777,"{""gain_matrix"": [[0.9028000947635609]]}",0.015345065042294603
sine,sin(x),2.0,20462531,6,fixed,0.05,2048,fixed_density,4.0,1,1,2.3527790045205723,6,2048,fixed_density,4.0,1,1,variance_matched,2.3322270495271225,"{""direction"": [1.0]}",0.02055195499344986
sine,sin(x),2.0,20462531,6,fixed,0.05,2048,fixed_density,4.0,1,1,2.3527790045205723,6,2048,fixed_density,4.0,1,1,shuffled_target,0.00037350669472241665,{},2.35240549782585
sine,sin(x),2.0,20462531,6,fixed,0.05,2048,fixed_density,4.0,1,1,2.3527790045205723,6,2048,fixed_density,4.0,1,1,analytic_volume,0.6931471805599453,"{""source_dim"": 1}",1.659631823960627
sine,sin(x),2.0,20462548,7,fixed,0.05,2048,fixed_density,4.0,1,1,2.3266108726567056,7,2048,fixed_density,4.0,1,1,null,-0.00027374123908906005,{},2.326884613895795
sine,sin(x),2.0,20462548,7,fixed,0.05,2048,fixed_density,4.0,1,1,2.3266108726567056,7,2048,fixed_density,4.0,1,1,identity,2.4341593899445284,"{""projection"": [[1.0]]}",-0.10754851728782278
sine,sin(x),2.0,20462548,7,fixed,0.05,2048,fixed_density,4.0,1,1,2.3266108726567056,7,2048,fixed_density,4.0,1,1,gain_matched,2.366880716600651,"{""gain_matrix"": [[0.9050266597955978]]}",-0.04026984394394528
sine,sin(x),2.0,20462548,7,fixed,0.05,2048,fixed_density,4.0,1,1,2.3266108726567056,7,2048,fixed_density,4.0,1,1,variance_matched,2.32195429019401,"{""direction"": [1.0]}",0.004656582462695624
sine,sin(x),2.0,20462548,7,fixed,0.05,2048,fixed_density,4.0,1,1,2.3266108726567056,7,2048,fixed_density,4.0,1,1,shuffled_target,0.0007035566829062586,{},2.3259073159737995
sine,sin(x),2.0,20462548,7,fixed,0.05,2048,fixed_density,4.0,1,1,2.3266108726567056,7,2048,fixed_density,4.0,1,1,analytic_volume,0.6931471805599453,"{""source_dim"": 1}",1.6334636920967602
sine,sin(x),2.0,20462565,8,fixed,0.05,2048,fixed_density,4.0,1,1,2.3437160222195046,8,2048,fixed_density,4.0,1,1,null,-0.0005691286841070336,{},2.3442851509036116
sine,sin(x),2.0,20462565,8,fixed,0.05,2048,fixed_density,4.0,1,1,2.3437160222195046,8,2048,fixed_density,4.0,1,1,identity,2.4470713579586394,"{""projection"": [[1.0]]}",-0.1033553357391348
sine,sin(x),2.0,20462565,8,fixed,0.05,2048,fixed_density,4.0,1,1,2.3437160222195046,8,2048,fixed_density,4.0,1,1,gain_matched,2.346307398948773,"{""gain_matrix"": [[0.9043713840143717]]}",-0.0025913767292684575
sine,sin(x),2.0,20462565,8,fixed,0.05,2048,fixed_density,4.0,1,1,2.3437160222195046,8,2048,fixed_density,4.0,1,1,variance_matched,2.332829199898323,"{""direction"": [1.0]}",0.010886822321181544
sine,sin(x),2.0,20462565,8,fixed,0.05,2048,fixed_density,4.0,1,1,2.3437160222195046,8,2048,fixed_density,4.0,1,1,shuffled_target,-4.6688655786562014e-05,{},2.343762710875291
sine,sin(x),2.0,20462565,8,fixed,0.05,2048,fixed_density,4.0,1,1,2.3437160222195046,8,2048,fixed_density,4.0,1,1,analytic_volume,0.6931471805599453,"{""source_dim"": 1}",1.6505688416595592
sine,sin(x),2.0,20462582,9,fixed,0.05,2048,fixed_density,4.0,1,1,2.3420098822088034,9,2048,fixed_density,4.0,1,1,null,-0.0005602959432574915,{},2.342570178152061
sine,sin(x),2.0,20462582,9,fixed,0.05,2048,fixed_density,4.0,1,1,2.3420098822088034,9,2048,fixed_density,4.0,1,1,identity,2.4194877259260315,"{""projection"": [[1.0]]}",-0.0774778437172281
sine,sin(x),2.0,20462582,9,fixed,0.05,2048,fixed_density,4.0,1,1,2.3420098822088034,9,2048,fixed_density,4.0,1,1,gain_matched,2.323732973912006,"{""gain_matrix"": [[0.9040214062729771]]}",0.01827690829679751
sine,sin(x),2.0,20462582,9,fixed,0.05,2048,fixed_density,4.0,1,1,2.3420098822088034,9,2048,fixed_density,4.0,1,1,variance_matched,2.3468895740953695,"{""direction"": [1.0]}",-0.004879691886566118
sine,sin(x),2.0,20462582,9,fixed,0.05,2048,fixed_density,4.0,1,1,2.3420098822088034,9,2048,fixed_density,4.0,1,1,shuffled_target,-0.00031565169834580844,{},2.3423255339071494
sine,sin(x),2.0,20462582,9,fixed,0.05,2048,fixed_density,4.0,1,1,2.3420098822088034,9,2048,fixed_density,4.0,1,1,analytic_volume,0.6931471805599453,"{""source_dim"": 1}",1.648862701648858
sine,sin(x),4.0,20463429,0,fixed,0.05,4096,fixed_density,4.0,1,1,2.742603326734545,0,4096,fixed_density,4.0,1,1,null,-0.0003087196543859412,{},2.742912046388931
sine,sin(x),4.0,20463429,0,fixed,0.05,4096,fixed_density,4.0,1,1,2.742603326734545,0,4096,fixed_density,4.0,1,1,identity,3.1411645801795034,"{""projection"": [[1.0]]}",-0.3985612534449583
sine,sin(x),4.0,20463429,0,fixed,0.05,4096,fixed_density,4.0,1,1,2.742603326734545,0,4096,fixed_density,4.0,1,1,gain_matched,2.716471675278142,"{""gain_matrix"": [[0.6551381907965163]]}",0.02613165145640295
sine,sin(x),4.0,20463429,0,fixed,0.05,4096,fixed_density,4.0,1,1,2.742603326734545,0,4096,fixed_density,4.0,1,1,variance_matched,2.755153225139132,"{""direction"": [1.0]}",-0.01254989840458709
sine,sin(x),4.0,20463429,0,fixed,0.05,4096,fixed_density,4.0,1,1,2.742603326734545,0,4096,fixed_density,4.0,1,1,shuffled_target,-8.394788059035266e-05,{},2.7426872746151356
sine,sin(x),4.0,20463429,0,fixed,0.05,4096,fixed_density,4.0,1,1,2.742603326734545,0,4096,fixed_density,4.0,1,1,analytic_volume,1.3862943611198906,"{""source_dim"": 1}",1.3563089656146545
sine,sin(x),4.0,20463446,1,fixed,0.05,4096,fixed_density,4.0,1,1,2.722384839743518,1,4096,fixed_density,4.0,1,1,null,0.00018941469910540285,{},2.7221954250444127
sine,sin(x),4.0,20463446,1,fixed,0.05,4096,fixed_density,4.0,1,1,2.722384839743518,1,4096,fixed_density,4.0,1,1,identity,3.1184562003102707,"{""projection"": [[1.0]]}",-0.3960713605667525
sine,sin(x),4.0,20463446,1,fixed,0.05,4096,fixed_density,4.0,1,1,2.722384839743518,1,4096,fixed_density,4.0,1,1,gain_matched,2.7090124477193873,"{""gain_matrix"": [[0.6581176911992174]]}",0.013372392024130875
sine,sin(x),4.0,20463446,1,fixed,0.05,4096,fixed_density,4.0,1,1,2.722384839743518,1,4096,fixed_density,4.0,1,1,variance_matched,2.7323537235962227,"{""direction"": [1.0]}",-0.009968883852704558
sine,sin(x),4.0,20463446,1,fixed,0.05,4096,fixed_density,4.0,1,1,2.722384839743518,1,4096,fixed_density,4.0,1,1,shuffled_target,-2.562166631435675e-05,{},2.7224104614098326
sine,sin(x),4.0,20463446,1,fixed,0.05,4096,fixed_density,4.0,1,1,2.722384839743518,1,4096,fixed_density,4.0,1,1,analytic_volume,1.3862943611198906,"{""source_dim"": 1}",1.3360904786236276
sine,sin(x),4.0,20463463,2,fixed,0.05,4096,fixed_density,4.0,1,1,2.7310679279422954,2,4096,fixed_density,4.0,1,1,null,-0.00013938355388950938,{},2.731207311496185
sine,sin(x),4.0,20463463,2,fixed,0.05,4096,fixed_density,4.0,1,1,2.7310679279422954,2,4096,fixed_density,4.0,1,1,identity,3.1642579736600935,"{""projection"": [[1.0]]}",-0.4331900457177982
sine,sin(x),4.0,20463463,2,fixed,0.05,4096,fixed_density,4.0,1,1,2.7310679279422954,2,4096,fixed_density,4.0,1,1,gain_matched,2.727251194751036,"{""gain_matrix"": [[0.6536904076697236]]}",0.0038167331912593028
sine,sin(x),4.0,20463463,2,fixed,0.05,4096,fixed_density,4.0,1,1,2.7310679279422954,2,4096,fixed_density,4.0,1,1,variance_matched,2.746458373625783,"{""direction"": [1.0]}",-0.015390445683487464
sine,sin(x),4.0,20463463,2,fixed,0.05,4096,fixed_density,4.0,1,1,2.7310679279422954,2,4096,fixed_density,4.0,1,1,shuffled_target,-0.00015479203110830412,{},2.731222719973404
sine,sin(x),4.0,20463463,2,fixed,0.05,4096,fixed_density,4.0,1,1,2.7310679279422954,2,4096,fixed_density,4.0,1,1,analytic_volume,1.3862943611198906,"{""source_dim"": 1}",1.3447735668224048
sine,sin(x),4.0,20463480,3,fixed,0.05,4096,fixed_density,4.0,1,1,2.73544583111487,3,4096,fixed_density,4.0,1,1,null,5.4881232077797306e-05,{},2.735390949882792
sine,sin(x),4.0,20463480,3,fixed,0.05,4096,fixed_density,4.0,1,1,2.73544583111487,3,4096,fixed_density,4.0,1,1,identity,3.1361165031948404,"{""projection"": [[1.0]]}",-0.4006706720799702
sine,sin(x),4.0,20463480,3,fixed,0.05,4096,fixed_density,4.0,1,1,2.73544583111487,3,4096,fixed_density,4.0,1,1,gain_matched,2.7111620113377066,"{""gain_matrix"": [[0.651992036366801]]}",0.02428381977716354
sine,sin(x),4.0,20463480,3,fixed,0.05,4096,fixed_density,4.0,1,1,2.73544583111487,3,4096,fixed_density,4.0,1,1,variance_matched,2.725661455696775,"{""direction"": [1.0]}",0.00978437541809507
sine,sin(x),4.0,20463480,3,fixed,0.05,4096,fixed_density,4.0,1,1,2.73544583111487,3,4096,fixed_density,4.0,1,1,shuffled_target,-0.00025409007117174206,{},2.735699921186042
sine,sin(x),4.0,20463480,3,fixed,0.05,4096,fixed_density,4.0,1,1,2.73544583111487,3,4096,fixed_density,4.0,1,1,analytic_volume,1.3862943611198906,"{""source_dim"": 1}",1.3491514699949796
sine,sin(x),4.0,20463497,4,fixed,0.05,4096,fixed_density,4.0,1,1,2.7211942171885006,4,4096,fixed_density,4.0,1,1,null,-0.0001560692449865688,{},2.7213502864334873
sine,sin(x),4.0,20463497,4,fixed,0.05,4096,fixed_density,4.0,1,1,2.7211942171885006,4,4096,fixed_density,4.0,1,1,identity,3.1457969321133072,"{""projection"": [[1.0]]}",-0.4246027149248066
sine,sin(x),4.0,20463497,4,fixed,0.05,4096,fixed_density,4.0,1,1,2.7211942171885006,4,4096,fixed_density,4.0,1,1,gain_matched,2.689473131863202,"{""gain_matrix"": [[0.6517202195604611]]}",0.03172108532529849
sine,sin(x),4.0,20463497,4,fixed,0.05,4096,fixed_density,4.0,1,1,2.7211942171885006,4,4096,fixed_density,4.0,1,1,variance_matched,2.715318869184037,"{""direction"": [1.0]}",0.005875348004463543
sine,sin(x),4.0,20463497,4,fixed,0.05,4096,fixed_density,4.0,1,1,2.7211942171885006,4,4096,fixed_density,4.0,1,1,shuffled_target,5.990256756199455e-05,{},2.721134314620939
sine,sin(x),4.0,20463497,4,fixed,0.05,4096,fixed_density,4.0,1,1,2.7211942171885006,4,4096,fixed_density,4.0,1,1,analytic_volume,1.3862943611198906,"{""source_dim"": 1}",1.33489985606861
sine,sin(x),4.0,20463514,5,fixed,0.05,4096,fixed_density,4.0,1,1,2.7357416288322947,5,4096,fixed_density,4.0,1,1,null,6.162366922645438e-05,{},2.735680005163068
sine,sin(x),4.0,20463514,5,fixed,0.05,4096,fixed_density,4.0,1,1,2.7357416288322947,5,4096,fixed_density,4.0,1,1,identity,3.134291450961526,"{""projection"": [[1.0]]}",-0.3985498221292314
sine,sin(x),4.0,20463514,5,fixed,0.05,4096,fixed_density,4.0,1,1,2.7357416288322947,5,4096,fixed_density,4.0,1,1,gain_matched,2.744360605876916,"{""gain_matrix"": [[0.6550429209924973]]}",-0.008618977044621445
sine,sin(x),4.0,20463514,5,fixed,0.05,4096,fixed_density,4.0,1,1,2.7357416288322947,5,4096,fixed_density,4.0,1,1,variance_matched,2.7412350992201446,"{""direction"": [1.0]}",-0.005493470387849975
sine,sin(x),4.0,20463514,5,fixed,0.05,4096,fixed_density,4.0,1,1,2.7357416288322947,5,4096,fixed_density,4.0,1,1,shuffled_target,0.0005245126485177874,{},2.735217116183777
sine,sin(x),4.0,20463514,5,fixed,0.05,4096,fixed_density,4.0,1,1,2.7357416288322947,5,4096,fixed_density,4.0,1,1,analytic_volume,1.3862943611198906,"{""source_dim"": 1}",1.349447267712404
sine,sin(x),4.0,20463531,6,fixed,0.05,4096,fixed_density,4.0,1,1,2.725119332656646,6,4096,fixed_density,4.0,1,1,null,0.0005656790158894265,{},2.724553653640757
sine,sin(x),4.0,20463531,6,fixed,0.05,4096,fixed_density,4.0,1,1,2.725119332656646,6,4096,fixed_density,4.0,1,1,identity,3.1337228302637707,"{""projection"": [[1.0]]}",-0.40860349760712467
sine,sin(x),4.0,20463531,6,fixed,0.05,4096,fixed_density,4.0,1,1,2.725119332656646,6,4096,fixed_density,4.0,1,1,gain_matched,2.718137669751325,"{""gain_matrix"": [[0.6522056055975236]]}",0.0069816629053209844
sine,sin(x),4.0,20463531,6,fixed,0.05,4096,fixed_density,4.0,1,1,2.725119332656646,6,4096,fixed_density,4.0,1,1,variance_matched,2.7289635120728777,"{""direction"": [1.0]}",-0.003844179416231608
sine,sin(x),4.0,20463531,6,fixed,0.05,4096,fixed_density,4.0,1,1,2.725119332656646,6,4096,fixed_density,4.0,1,1,shuffled_target,9.973406950722374e-05,{},2.725019598587139
sine,sin(x),4.0,20463531,6,fixed,0.05,4096,fixed_density,4.0,1,1,2.725119332656646,6,4096,fixed_density,4.0,1,1,analytic_volume,1.3862943611198906,"{""source_dim"": 1}",1.3388249715367555
sine,sin(x),4.0,20463548,7,fixed,0.05,4096,fixed_density,4.0,1,1,2.7215692120712927,7,4096,fixed_density,4.0,1,1,null,0.0001370974554605848,{},2.721432114615832
sine,sin(x),4.0,20463548,7,fixed,0.05,4096,fixed_density,4.0,1,1,2.7215692120712927,7,4096,fixed_density,4.0,1,1,identity,3.1183259196715447,"{""projection"": [[1.0]]}",-0.39675670760025206
sine,sin(x),4.0,20463548,7,fixed,0.05,4096,fixed_density,4.0,1,1,2.7215692120712927,7,4096,fixed_density,4.0,1,1,gain_matched,2.713287091598863,"{""gain_matrix"": [[0.6558150295929259]]}",0.00828212047242971
sine,sin(x),4.0,20463548,7,fixed,0.05,4096,fixed_density,4.0,1,1,2.7215692120712927,7,4096,fixed_density,4.0,1,1,variance_matched,2.7446038013418823,"{""direction"": [1.0]}",-0.023034589270589656
sine,sin(x),4.0,20463548,7,fixed,0.05,4096,fixed_density,4.0,1,1,2.7215692120712927,7,4096,fixed_density,4.0,1,1,shuffled_target,-0.00022695171997492476,{},2.7217961637912675
sine,sin(x),4.0,20463548,7,fixed,0.05,4096,fixed_density,4.0,1,1,2.7215692120712927,7,4096,fixed_density,4.0,1,1,analytic_volume,1.3862943611198906,"{""source_dim"": 1}",1.335274850951402
sine,sin(x),4.0,20463565,8,fixed,0.05,4096,fixed_density,4.0,1,1,2.721915119810612,8,4096,fixed_density,4.0,1,1,null,-0.00018993785863543906,{},2.7221050576692476
sine,sin(x),4.0,20463565,8,fixed,0.05,4096,fixed_density,4.0,1,1,2.721915119810612,8,4096,fixed_density,4.0,1,1,identity,3.133653719215073,"{""projection"": [[1.0]]}",-0.4117385994044609
sine,sin(x),4.0,20463565,8,fixed,0.05,4096,fixed_density,4.0,1,1,2.721915119810612,8,4096,fixed_density,4.0,1,1,gain_matched,2.719967688229535,"{""gain_matrix"": [[0.6517560875196027]]}",0.0019474315810770193
sine,sin(x),4.0,20463565,8,fixed,0.05,4096,fixed_density,4.0,1,1,2.721915119810612,8,4096,fixed_density,4.0,1,1,variance_matched,2.7282930057667434,"{""direction"": [1.0]}",-0.006377885956131202
sine,sin(x),4.0,20463565,8,fixed,0.05,4096,fixed_density,4.0,1,1,2.721915119810612,8,4096,fixed_density,4.0,1,1,shuffled_target,3.327598574712708e-05,{},2.721881843824865
sine,sin(x),4.0,20463565,8,fixed,0.05,4096,fixed_density,4.0,1,1,2.721915119810612,8,4096,fixed_density,4.0,1,1,analytic_volume,1.3862943611198906,"{""source_dim"": 1}",1.3356207586907216
sine,sin(x),4.0,20463582,9,fixed,0.05,4096,fixed_density,4.0,1,1,2.721546857370259,9,4096,fixed_density,4.0,1,1,null,0.00016364481503080484,{},2.721383212555228
sine,sin(x),4.0,20463582,9,fixed,0.05,4096,fixed_density,4.0,1,1,2.721546857370259,9,4096,fixed_density,4.0,1,1,identity,3.1520009153947783,"{""projection"": [[1.0]]}",-0.4304540580245195
sine,sin(x),4.0,20463582,9,fixed,0.05,4096,fixed_density,4.0,1,1,2.721546857370259,9,4096,fixed_density,4.0,1,1,gain_matched,2.7247234689453137,"{""gain_matrix"": [[0.6490765336407357]]}",-0.0031766115750548884
sine,sin(x),4.0,20463582,9,fixed,0.05,4096,fixed_density,4.0,1,1,2.721546857370259,9,4096,fixed_density,4.0,1,1,variance_matched,2.7416577810602494,"{""direction"": [1.0]}",-0.020110923689990567
sine,sin(x),4.0,20463582,9,fixed,0.05,4096,fixed_density,4.0,1,1,2.721546857370259,9,4096,fixed_density,4.0,1,1,shuffled_target,-0.000253837614260205,{},2.721800694984519
sine,sin(x),4.0,20463582,9,fixed,0.05,4096,fixed_density,4.0,1,1,2.721546857370259,9,4096,fixed_density,4.0,1,1,analytic_volume,1.3862943611198906,"{""source_dim"": 1}",1.3352524962503682
sine,sin(x),8.0,20464429,0,fixed,0.05,8192,fixed_density,4.0,1,1,1.3041112347394281,0,8192,fixed_density,4.0,1,1,null,-3.874591999480058e-05,{},1.304149980659423
sine,sin(x),8.0,20464429,0,fixed,0.05,8192,fixed_density,4.0,1,1,1.3041112347394281,0,8192,fixed_density,4.0,1,1,identity,3.846570997491957,"{""projection"": [[1.0]]}",-2.5424597627525287
sine,sin(x),8.0,20464429,0,fixed,0.05,8192,fixed_density,4.0,1,1,1.3041112347394281,0,8192,fixed_density,4.0,1,1,gain_matched,1.4333694459484942,"{""gain_matrix"": [[0.08675702377030123]]}",-0.1292582112090661
sine,sin(x),8.0,20464429,0,fixed,0.05,8192,fixed_density,4.0,1,1,1.3041112347394281,0,8192,fixed_density,4.0,1,1,variance_matched,2.5786669625329157,"{""direction"": [1.0]}",-1.2745557277934876
sine,sin(x),8.0,20464429,0,fixed,0.05,8192,fixed_density,4.0,1,1,1.3041112347394281,0,8192,fixed_density,4.0,1,1,shuffled_target,9.932427667909809e-05,{},1.304011910462749
sine,sin(x),8.0,20464429,0,fixed,0.05,8192,fixed_density,4.0,1,1,1.3041112347394281,0,8192,fixed_density,4.0,1,1,analytic_volume,2.0794415416798357,"{""source_dim"": 1}",-0.7753303069404076
sine,sin(x),8.0,20464446,1,fixed,0.05,8192,fixed_density,4.0,1,1,1.317666207371893,1,8192,fixed_density,4.0,1,1,null,8.282358811857e-05,{},1.3175833837837745
sine,sin(x),8.0,20464446,1,fixed,0.05,8192,fixed_density,4.0,1,1,1.317666207371893,1,8192,fixed_density,4.0,1,1,identity,3.82402200835515,"{""projection"": [[1.0]]}",-2.506355800983257
sine,sin(x),8.0,20464446,1,fixed,0.05,8192,fixed_density,4.0,1,1,1.317666207371893,1,8192,fixed_density,4.0,1,1,gain_matched,1.4548237076324724,"{""gain_matrix"": [[0.08882201085111359]]}",-0.13715750026057938
sine,sin(x),8.0,20464446,1,fixed,0.05,8192,fixed_density,4.0,1,1,1.317666207371893,1,8192,fixed_density,4.0,1,1,variance_matched,2.6016937598901126,"{""direction"": [1.0]}",-1.2840275525182197
sine,sin(x),8.0,20464446,1,fixed,0.05,8192,fixed_density,4.0,1,1,1.317666207371893,1,8192,fixed_density,4.0,1,1,shuffled_target,2.277536287126976e-05,{},1.3176434320090218
sine,sin(x),8.0,20464446,1,fixed,0.05,8192,fixed_density,4.0,1,1,1.317666207371893,1,8192,fixed_density,4.0,1,1,analytic_volume,2.0794415416798357,"{""source_dim"": 1}",-0.7617753343079428
sine,sin(x),8.0,20464463,2,fixed,0.05,8192,fixed_density,4.0,1,1,1.3066540060290135,2,8192,fixed_density,4.0,1,1,null,0.00013697084659636383,{},1.3065170351824171
sine,sin(x),8.0,20464463,2,fixed,0.05,8192,fixed_density,4.0,1,1,1.3066540060290135,2,8192,fixed_density,4.0,1,1,identity,3.830951506899817,"{""projection"": [[1.0]]}",-2.5242975008708033
sine,sin(x),8.0,20464463,2,fixed,0.05,8192,fixed_density,4.0,1,1,1.3066540060290135,2,8192,fixed_density,4.0,1,1,gain_matched,1.442064931247335,"{""gain_matrix"": [[0.08918046593533055]]}",-0.13541092521832154
sine,sin(x),8.0,20464463,2,fixed,0.05,8192,fixed_density,4.0,1,1,1.3066540060290135,2,8192,fixed_density,4.0,1,1,variance_matched,2.577938756291717,"{""direction"": [1.0]}",-1.2712847502627034
sine,sin(x),8.0,20464463,2,fixed,0.05,8192,fixed_density,4.0,1,1,1.3066540060290135,2,8192,fixed_density,4.0,1,1,shuffled_target,8.658881319468302e-06,{},1.306645347147694
sine,sin(x),8.0,20464463,2,fixed,0.05,8192,fixed_density,4.0,1,1,1.3066540060290135,2,8192,fixed_density,4.0,1,1,analytic_volume,2.0794415416798357,"{""source_dim"": 1}",-0.7727875356508223
sine,sin(x),8.0,20464480,3,fixed,0.05,8192,fixed_density,4.0,1,1,1.3089925843169719,3,8192,fixed_density,4.0,1,1,null,4.494141185802471e-05,{},1.308947642905114
sine,sin(x),8.0,20464480,3,fixed,0.05,8192,fixed_density,4.0,1,1,1.3089925843169719,3,8192,fixed_density,4.0,1,1,identity,3.832496717504354,"{""projection"": [[1.0]]}",-2.523504133187382
sine,sin(x),8.0,20464480,3,fixed,0.05,8192,fixed_density,4.0,1,1,1.3089925843169719,3,8192,fixed_density,4.0,1,1,gain_matched,1.4433593404878016,"{""gain_matrix"": [[0.0901840823803211]]}",-0.13436675617082972
sine,sin(x),8.0,20464480,3,fixed,0.05,8192,fixed_density,4.0,1,1,1.3089925843169719,3,8192,fixed_density,4.0,1,1,variance_matched,2.5849283623633346,"{""direction"": [1.0]}",-1.2759357780463627
sine,sin(x),8.0,20464480,3,fixed,0.05,8192,fixed_density,4.0,1,1,1.3089925843169719,3,8192,fixed_density,4.0,1,1,shuffled_target,0.0003099367327370791,{},1.3086826475842348
sine,sin(x),8.0,20464480,3,fixed,0.05,8192,fixed_density,4.0,1,1,1.3089925843169719,3,8192,fixed_density,4.0,1,1,analytic_volume,2.0794415416798357,"{""source_dim"": 1}",-0.7704489573628639
sine,sin(x),8.0,20464497,4,fixed,0.05,8192,fixed_density,4.0,1,1,1.296386056547905,4,8192,fixed_density,4.0,1,1,null,0.00025768395572794945,{},1.296128372592177
sine,sin(x),8.0,20464497,4,fixed,0.05,8192,fixed_density,4.0,1,1,1.296386056547905,4,8192,fixed_density,4.0,1,1,identity,3.8390353723658377,"{""projection"": [[1.0]]}",-2.5426493158179326
sine,sin(x),8.0,20464497,4,fixed,0.05,8192,fixed_density,4.0,1,1,1.296386056547905,4,8192,fixed_density,4.0,1,1,gain_matched,1.4389511740852492,"{""gain_matrix"": [[0.08904001225887126]]}",-0.14256511753734413
sine,sin(x),8.0,20464497,4,fixed,0.05,8192,fixed_density,4.0,1,1,1.296386056547905,4,8192,fixed_density,4.0,1,1,variance_matched,2.572367963200378,"{""direction"": [1.0]}",-1.275981906652473
sine,sin(x),8.0,20464497,4,fixed,0.05,8192,fixed_density,4.0,1,1,1.296386056547905,4,8192,fixed_density,4.0,1,1,shuffled_target,2.6677221358024184e-05,{},1.296359379326547
sine,sin(x),8.0,20464497,4,fixed,0.05,8192,fixed_density,4.0,1,1,1.296386056547905,4,8192,fixed_density,4.0,1,1,analytic_volume,2.0794415416798357,"{""source_dim"": 1}",-0.7830554851319307
sine,sin(x),8.0,20464514,5,fixed,0.05,8192,fixed_density,4.0,1,1,1.3099216256393607,5,8192,fixed_density,4.0,1,1,null,1.3624114746072294e-05,{},1.3099080015246145
sine,sin(x),8.0,20464514,5,fixed,0.05,8192,fixed_density,4.0,1,1,1.3099216256393607,5,8192,fixed_density,4.0,1,1,identity,3.8301416235101557,"{""projection"": [[1.0]]}",-2.520219997870795
sine,sin(x),8.0,20464514,5,fixed,0.05,8192,fixed_density,4.0,1,1,1.3099216256393607,5,8192,fixed_density,4.0,1,1,gain_matched,1.4203514572786748,"{""gain_matrix"": [[0.0874510147382238]]}",-0.11042983163931419
sine,sin(x),8.0,20464514,5,fixed,0.05,8192,fixed_density,4.0,1,1,1.3099216256393607,5,8192,fixed_density,4.0,1,1,variance_matched,2.5931815687731725,"{""direction"": [1.0]}",-1.2832599431338119
sine,sin(x),8.0,20464514,5,fixed,0.05,8192,fixed_density,4.0,1,1,1.3099216256393607,5,8192,fixed_density,4.0,1,1,shuffled_target,9.799258161565834e-06,{},1.309911826381199
sine,sin(x),8.0,20464514,5,fixed,0.05,8192,fixed_density,4.0,1,1,1.3099216256393607,5,8192,fixed_density,4.0,1,1,analytic_volume,2.0794415416798357,"{""source_dim"": 1}",-0.7695199160404751
sine,sin(x),8.0,20464531,6,fixed,0.05,8192,fixed_density,4.0,1,1,1.3070885306348026,6,8192,fixed_density,4.0,1,1,null,-0.00014950220480896117,{},1.3072380328396116
sine,sin(x),8.0,20464531,6,fixed,0.05,8192,fixed_density,4.0,1,1,1.3070885306348026,6,8192,fixed_density,4.0,1,1,identity,3.8414657235436263,"{""projection"": [[1.0]]}",-2.5343771929088237
sine,sin(x),8.0,20464531,6,fixed,0.05,8192,fixed_density,4.0,1,1,1.3070885306348026,6,8192,fixed_density,4.0,1,1,gain_matched,1.3831921119777593,"{""gain_matrix"": [[0.08247475375572379]]}",-0.0761035813429567
sine,sin(x),8.0,20464531,6,fixed,0.05,8192,fixed_density,4.0,1,1,1.3070885306348026,6,8192,fixed_density,4.0,1,1,variance_matched,2.591438563974863,"{""direction"": [1.0]}",-1.2843500333400604
sine,sin(x),8.0,20464531,6,fixed,0.05,8192,fixed_density,4.0,1,1,1.3070885306348026,6,8192,fixed_density,4.0,1,1,shuffled_target,-0.00011945771427702989,{},1.3072079883490797
sine,sin(x),8.0,20464531,6,fixed,0.05,8192,fixed_density,4.0,1,1,1.3070885306348026,6,8192,fixed_density,4.0,1,1,analytic_volume,2.0794415416798357,"{""source_dim"": 1}",-0.7723530110450332
sine,sin(x),8.0,20464548,7,fixed,0.05,8192,fixed_density,4.0,1,1,1.3036704106897226,7,8192,fixed_density,4.0,1,1,null,-4.563418558228255e-05,{},1.303716044875305
sine,sin(x),8.0,20464548,7,fixed,0.05,8192,fixed_density,4.0,1,1,1.3036704106897226,7,8192,fixed_density,4.0,1,1,identity,3.8435916094430413,"{""projection"": [[1.0]]}",-2.539921198753319
sine,sin(x),8.0,20464548,7,fixed,0.05,8192,fixed_density,4.0,1,1,1.3036704106897226,7,8192,fixed_density,4.0,1,1,gain_matched,1.4281850106845293,"{""gain_matrix"": [[0.08705312788542036]]}",-0.12451459999480674
sine,sin(x),8.0,20464548,7,fixed,0.05,8192,fixed_density,4.0,1,1,1.3036704106897226,7,8192,fixed_density,4.0,1,1,variance_matched,2.5809743103874028,"{""direction"": [1.0]}",-1.2773038996976802
sine,sin(x),8.0,20464548,7,fixed,0.05,8192,fixed_density,4.0,1,1,1.3036704106897226,7,8192,fixed_density,4.0,1,1,shuffled_target,0.00011693878792660822,{},1.303553471901796
sine,sin(x),8.0,20464548,7,fixed,0.05,8192,fixed_density,4.0,1,1,1.3036704106897226,7,8192,fixed_density,4.0,1,1,analytic_volume,2.0794415416798357,"{""source_dim"": 1}",-0.7757711309901132
sine,sin(x),8.0,20464565,8,fixed,0.05,8192,fixed_density,4.0,1,1,1.2923822235458842,8,8192,fixed_density,4.0,1,1,null,0.0004903238104262047,{},1.291891899735458
sine,sin(x),8.0,20464565,8,fixed,0.05,8192,fixed_density,4.0,1,1,1.2923822235458842,8,8192,fixed_density,4.0,1,1,identity,3.8416214572692544,"{""projection"": [[1.0]]}",-2.5492392337233705
sine,sin(x),8.0,20464565,8,fixed,0.05,8192,fixed_density,4.0,1,1,1.2923822235458842,8,8192,fixed_density,4.0,1,1,gain_matched,1.3923407150526117,"{""gain_matrix"": [[0.08264499929219313]]}",-0.09995849150672753
sine,sin(x),8.0,20464565,8,fixed,0.05,8192,fixed_density,4.0,1,1,1.2923822235458842,8,8192,fixed_density,4.0,1,1,variance_matched,2.577326074930647,"{""direction"": [1.0]}",-1.2849438513847626
sine,sin(x),8.0,20464565,8,fixed,0.05,8192,fixed_density,4.0,1,1,1.2923822235458842,8,8192,fixed_density,4.0,1,1,shuffled_target,-0.00013838779405188405,{},1.2925206113399361
sine,sin(x),8.0,20464565,8,fixed,0.05,8192,fixed_density,4.0,1,1,1.2923822235458842,8,8192,fixed_density,4.0,1,1,analytic_volume,2.0794415416798357,"{""source_dim"": 1}",-0.7870593181339516
sine,sin(x),8.0,20464582,9,fixed,0.05,8192,fixed_density,4.0,1,1,1.317138809351417,9,8192,fixed_density,4.0,1,1,null,1.3713946470765527e-05,{},1.317125095404946
sine,sin(x),8.0,20464582,9,fixed,0.05,8192,fixed_density,4.0,1,1,1.317138809351417,9,8192,fixed_density,4.0,1,1,identity,3.827176400334793,"{""projection"": [[1.0]]}",-2.510037590983376
sine,sin(x),8.0,20464582,9,fixed,0.05,8192,fixed_density,4.0,1,1,1.317138809351417,9,8192,fixed_density,4.0,1,1,gain_matched,1.3887470703761318,"{""gain_matrix"": [[0.08314757166308297]]}",-0.07160826102471485
sine,sin(x),8.0,20464582,9,fixed,0.05,8192,fixed_density,4.0,1,1,1.317138809351417,9,8192,fixed_density,4.0,1,1,variance_matched,2.5825863055507203,"{""direction"": [1.0]}",-1.2654474961993034
sine,sin(x),8.0,20464582,9,fixed,0.05,8192,fixed_density,4.0,1,1,1.317138809351417,9,8192,fixed_density,4.0,1,1,shuffled_target,1.5834493560045615e-05,{},1.3171229748578568
sine,sin(x),8.0,20464582,9,fixed,0.05,8192,fixed_density,4.0,1,1,1.317138809351417,9,8192,fixed_density,4.0,1,1,analytic_volume,2.0794415416798357,"{""source_dim"": 1}",-0.7623027323284188
sine,sin(x),12.0,20465429,0,fixed,0.05,12288,fixed_density,4.0,1,1,0.26235574452328886,0,12288,fixed_density,4.0,1,1,null,-0.00010787311914466117,{},0.26246361764243353
sine,sin(x),12.0,20465429,0,fixed,0.05,12288,fixed_density,4.0,1,1,0.26235574452328886,0,12288,fixed_density,4.0,1,1,identity,4.238729662779421,"{""projection"": [[1.0]]}",-3.976373918256132
sine,sin(x),12.0,20465429,0,fixed,0.05,12288,fixed_density,4.0,1,1,0.26235574452328886,0,12288,fixed_density,4.0,1,1,gain_matched,1.7423262786262157,"{""gain_matrix"": [[-0.08256328384153366]]}",-1.4799705341029268
sine,sin(x),12.0,20465429,0,fixed,0.05,12288,fixed_density,4.0,1,1,0.26235574452328886,0,12288,fixed_density,4.0,1,1,variance_matched,2.6812091134652554,"{""direction"": [1.0]}",-2.4188533689419667
sine,sin(x),12.0,20465429,0,fixed,0.05,12288,fixed_density,4.0,1,1,0.26235574452328886,0,12288,fixed_density,4.0,1,1,shuffled_target,4.545467146526418e-06,{},0.26235119905614235
sine,sin(x),12.0,20465429,0,fixed,0.05,12288,fixed_density,4.0,1,1,0.26235574452328886,0,12288,fixed_density,4.0,1,1,analytic_volume,2.4849066497880004,"{""source_dim"": 1}",-2.2225509052647117
sine,sin(x),12.0,20465446,1,fixed,0.05,12288,fixed_density,4.0,1,1,0.26336849446094585,1,12288,fixed_density,4.0,1,1,null,-1.561586950957641e-05,{},0.26338411033045545
sine,sin(x),12.0,20465446,1,fixed,0.05,12288,fixed_density,4.0,1,1,0.26336849446094585,1,12288,fixed_density,4.0,1,1,identity,4.247029494621785,"{""projection"": [[1.0]]}",-3.983661000160839
sine,sin(x),12.0,20465446,1,fixed,0.05,12288,fixed_density,4.0,1,1,0.26336849446094585,1,12288,fixed_density,4.0,1,1,gain_matched,1.7549902920451206,"{""gain_matrix"": [[-0.08286344386085052]]}",-1.4916217975841748
sine,sin(x),12.0,20465446,1,fixed,0.05,12288,fixed_density,4.0,1,1,0.26336849446094585,1,12288,fixed_density,4.0,1,1,variance_matched,2.6847375642762294,"{""direction"": [1.0]}",-2.4213690698152837
sine,sin(x),12.0,20465446,1,fixed,0.05,12288,fixed_density,4.0,1,1,0.26336849446094585,1,12288,fixed_density,4.0,1,1,shuffled_target,0.00013394027696215558,{},0.26323455418398367
sine,sin(x),12.0,20465446,1,fixed,0.05,12288,fixed_density,4.0,1,1,0.26336849446094585,1,12288,fixed_density,4.0,1,1,analytic_volume,2.4849066497880004,"{""source_dim"": 1}",-2.2215381553270546
sine,sin(x),12.0,20465463,2,fixed,0.05,12288,fixed_density,4.0,1,1,0.26537779069207607,2,12288,fixed_density,4.0,1,1,null,1.8423446195097342e-05,{},0.265359367245881
sine,sin(x),12.0,20465463,2,fixed,0.05,12288,fixed_density,4.0,1,1,0.26537779069207607,2,12288,fixed_density,4.0,1,1,identity,4.242620804883921,"{""projection"": [[1.0]]}",-3.9772430141918447
sine,sin(x),12.0,20465463,2,fixed,0.05,12288,fixed_density,4.0,1,1,0.26537779069207607,2,12288,fixed_density,4.0,1,1,gain_matched,1.7888982768834112,"{""gain_matrix"": [[-0.08465259997048026]]}",-1.5235204861913352
sine,sin(x),12.0,20465463,2,fixed,0.05,12288,fixed_density,4.0,1,1,0.26537779069207607,2,12288,fixed_density,4.0,1,1,variance_matched,2.6805950135753185,"{""direction"": [1.0]}",-2.4152172228832423
sine,sin(x),12.0,20465463,2,fixed,0.05,12288,fixed_density,4.0,1,1,0.26537779069207607,2,12288,fixed_density,4.0,1,1,shuffled_target,0.00011181845631568555,{},0.26526597223576037
sine,sin(x),12.0,20465463,2,fixed,0.05,12288,fixed_density,4.0,1,1,0.26537779069207607,2,12288,fixed_density,4.0,1,1,analytic_volume,2.4849066497880004,"{""source_dim"": 1}",-2.219528859095924
sine,sin(x),12.0,20465480,3,fixed,0.05,12288,fixed_density,4.0,1,1,0.25895929892072234,3,12288,fixed_density,4.0,1,1,null,-2.953585581117869e-05,{},0.2589888347765335
sine,sin(x),12.0,20465480,3,fixed,0.05,12288,fixed_density,4.0,1,1,0.25895929892072234,3,12288,fixed_density,4.0,1,1,identity,4.242393494788901,"{""projection"": [[1.0]]}",-3.983434195868179
sine,sin(x),12.0,20465480,3,fixed,0.05,12288,fixed_density,4.0,1,1,0.25895929892072234,3,12288,fixed_density,4.0,1,1,gain_matched,1.7504444739530671,"{""gain_matrix"": [[-0.08197392171416912]]}",-1.4914851750323448
sine,sin(x),12.0,20465480,3,fixed,0.05,12288,fixed_density,4.0,1,1,0.25895929892072234,3,12288,fixed_density,4.0,1,1,variance_matched,2.6681453886092696,"{""direction"": [1.0]}",-2.4091860896885473
sine,sin(x),12.0,20465480,3,fixed,0.05,12288,fixed_density,4.0,1,1,0.25895929892072234,3,12288,fixed_density,4.0,1,1,shuffled_target,-3.6891243647679916e-05,{},0.25899619016437003
sine,sin(x),12.0,20465480,3,fixed,0.05,12288,fixed_density,4.0,1,1,0.25895929892072234,3,12288,fixed_density,4.0,1,1,analytic_volume,2.4849066497880004,"{""source_dim"": 1}",-2.225947350867278
sine,sin(x),12.0,20465497,4,fixed,0.05,12288,fixed_density,4.0,1,1,0.2652427304597295,4,12288,fixed_density,4.0,1,1,null,0.00016745834834314862,{},0.2650752721113864
sine,sin(x),12.0,20465497,4,fixed,0.05,12288,fixed_density,4.0,1,1,0.2652427304597295,4,12288,fixed_density,4.0,1,1,identity,4.225383119613707,"{""projection"": [[1.0]]}",-3.960140389153978
sine,sin(x),12.0,20465497,4,fixed,0.05,12288,fixed_density,4.0,1,1,0.2652427304597295,4,12288,fixed_density,4.0,1,1,gain_matched,1.7752378145946441,"{""gain_matrix"": [[-0.08437234340160507]]}",-1.5099950841349146
sine,sin(x),12.0,20465497,4,fixed,0.05,12288,fixed_density,4.0,1,1,0.2652427304597295,4,12288,fixed_density,4.0,1,1,variance_matched,2.6708527621276743,"{""direction"": [1.0]}",-2.405610031667945
sine,sin(x),12.0,20465497,4,fixed,0.05,12288,fixed_density,4.0,1,1,0.2652427304597295,4,12288,fixed_density,4.0,1,1,shuffled_target,-8.626223959106646e-05,{},0.2653289926993206
sine,sin(x),12.0,20465497,4,fixed,0.05,12288,fixed_density,4.0,1,1,0.2652427304597295,4,12288,fixed_density,4.0,1,1,analytic_volume,2.4849066497880004,"{""source_dim"": 1}",-2.219663919328271
sine,sin(x),12.0,20465514,5,fixed,0.05,12288,fixed_density,4.0,1,1,0.25561964341082466,5,12288,fixed_density,4.0,1,1,null,-7.510930901229064e-05,{},0.25569475271983694
sine,sin(x),12.0,20465514,5,fixed,0.05,12288,fixed_density,4.0,1,1,0.25561964341082466,5,12288,fixed_density,4.0,1,1,identity,4.236298477865778,"{""projection"": [[1.0]]}",-3.9806788344549533
sine,sin(x),12.0,20465514,5,fixed,0.05,12288,fixed_density,4.0,1,1,0.25561964341082466,5,12288,fixed_density,4.0,1,1,gain_matched,1.77886442843221,"{""gain_matrix"": [[-0.08291041062647403]]}",-1.5232447850213853
sine,sin(x),12.0,20465514,5,fixed,0.05,12288,fixed_density,4.0,1,1,0.25561964341082466,5,12288,fixed_density,4.0,1,1,variance_matched,2.669123071541621,"{""direction"": [1.0]}",-2.413503428130796
sine,sin(x),12.0,20465514,5,fixed,0.05,12288,fixed_density,4.0,1,1,0.25561964341082466,5,12288,fixed_density,4.0,1,1,shuffled_target,2.1681989924179947e-06,{},0.25561747521183226
sine,sin(x),12.0,20465514,5,fixed,0.05,12288,fixed_density,4.0,1,1,0.25561964341082466,5,12288,fixed_density,4.0,1,1,analytic_volume,2.4849066497880004,"{""source_dim"": 1}",-2.2292870063771755
sine,sin(x),12.0,20465531,6,fixed,0.05,12288,fixed_density,4.0,1,1,0.2601511555633835,6,12288,fixed_density,4.0,1,1,null,-5.748327113010673e-05,{},0.26020863883451356
sine,sin(x),12.0,20465531,6,fixed,0.05,12288,fixed_density,4.0,1,1,0.2601511555633835,6,12288,fixed_density,4.0,1,1,identity,4.238352213023647,"{""projection"": [[1.0]]}",-3.978201057460263
sine,sin(x),12.0,20465531,6,fixed,0.05,12288,fixed_density,4.0,1,1,0.2601511555633835,6,12288,fixed_density,4.0,1,1,gain_matched,1.7389733631427868,"{""gain_matrix"": [[-0.08131658612407162]]}",-1.4788222075794033
sine,sin(x),12.0,20465531,6,fixed,0.05,12288,fixed_density,4.0,1,1,0.2601511555633835,6,12288,fixed_density,4.0,1,1,variance_matched,2.6606804583603427,"{""direction"": [1.0]}",-2.400529302796959
sine,sin(x),12.0,20465531,6,fixed,0.05,12288,fixed_density,4.0,1,1,0.2601511555633835,6,12288,fixed_density,4.0,1,1,shuffled_target,-0.0001213030789149128,{},0.26027245864229837
sine,sin(x),12.0,20465531,6,fixed,0.05,12288,fixed_density,4.0,1,1,0.2601511555633835,6,12288,fixed_density,4.0,1,1,analytic_volume,2.4849066497880004,"{""source_dim"": 1}",-2.224755494224617
sine,sin(x),12.0,20465548,7,fixed,0.05,12288,fixed_density,4.0,1,1,0.2564420817782112,7,12288,fixed_density,4.0,1,1,null,4.0459048502833816e-05,{},0.25640162272970835
sine,sin(x),12.0,20465548,7,fixed,0.05,12288,fixed_density,4.0,1,1,0.2564420817782112,7,12288,fixed_density,4.0,1,1,identity,4.246755411530184,"{""projection"": [[1.0]]}",-3.9903133297519733
sine,sin(x),12.0,20465548,7,fixed,0.05,12288,fixed_density,4.0,1,1,0.2564420817782112,7,12288,fixed_density,4.0,1,1,gain_matched,1.7983639032339258,"{""gain_matrix"": [[-0.08539567604541885]]}",-1.5419218214557147
sine,sin(x),12.0,20465548,7,fixed,0.05,12288,fixed_density,4.0,1,1,0.2564420817782112,7,12288,fixed_density,4.0,1,1,variance_matched,2.6648286728028983,"{""direction"": [1.0]}",-2.408386591024687
sine,sin(x),12.0,20465548,7,fixed,0.05,12288,fixed_density,4.0,1,1,0.2564420817782112,7,12288,fixed_density,4.0,1,1,shuffled_target,2.0969141363926755e-05,{},0.2564211126368473
sine,sin(x),12.0,20465548,7,fixed,0.05,12288,fixed_density,4.0,1,1,0.2564420817782112,7,12288,fixed_density,4.0,1,1,analytic_volume,2.4849066497880004,"{""source_dim"": 1}",-2.228464568009789
sine,sin(x),12.0,20465565,8,fixed,0.05,12288,fixed_density,4.0,1,1,0.2611609343198755,8,12288,fixed_density,4.0,1,1,null,0.0001314075475399206,{},0.2610295267723356
sine,sin(x),12.0,20465565,8,fixed,0.05,12288,fixed_density,4.0,1,1,0.2611609343198755,8,12288,fixed_density,4.0,1,1,identity,4.240349165653687,"{""projection"": [[1.0]]}",-3.979188231333812
sine,sin(x),12.0,20465565,8,fixed,0.05,12288,fixed_density,4.0,1,1,0.2611609343198755,8,12288,fixed_density,4.0,1,1,gain_matched,1.788752609260581,"{""gain_matrix"": [[-0.08427660506882324]]}",-1.5275916749407055
sine,sin(x),12.0,20465565,8,fixed,0.05,12288,fixed_density,4.0,1,1,0.2611609343198755,8,12288,fixed_density,4.0,1,1,variance_matched,2.6688050537930317,"{""direction"": [1.0]}",-2.407644119473156
sine,sin(x),12.0,20465565,8,fixed,0.05,12288,fixed_density,4.0,1,1,0.2611609343198755,8,12288,fixed_density,4.0,1,1,shuffled_target,-5.322231831685826e-05,{},0.26121415663819236
sine,sin(x),12.0,20465565,8,fixed,0.05,12288,fixed_density,4.0,1,1,0.2611609343198755,8,12288,fixed_density,4.0,1,1,analytic_volume,2.4849066497880004,"{""source_dim"": 1}",-2.223745715468125
sine,sin(x),12.0,20465582,9,fixed,0.05,12288,fixed_density,4.0,1,1,0.2617370975211086,9,12288,fixed_density,4.0,1,1,null,0.00021587734901282518,{},0.2615212201720957
sine,sin(x),12.0,20465582,9,fixed,0.05,12288,fixed_density,4.0,1,1,0.2617370975211086,9,12288,fixed_density,4.0,1,1,identity,4.237243041872763,"{""projection"": [[1.0]]}",-3.9755059443516547
sine,sin(x),12.0,20465582,9,fixed,0.05,12288,fixed_density,4.0,1,1,0.2617370975211086,9,12288,fixed_density,4.0,1,1,gain_matched,1.788958346002209,"{""gain_matrix"": [[-0.08454768657922837]]}",-1.5272212484811003
sine,sin(x),12.0,20465582,9,fixed,0.05,12288,fixed_density,4.0,1,1,0.2617370975211086,9,12288,fixed_density,4.0,1,1,variance_matched,2.6629442307198947,"{""direction"": [1.0]}",-2.401207133198786
sine,sin(x),12.0,20465582,9,fixed,0.05,12288,fixed_density,4.0,1,1,0.2617370975211086,9,12288,fixed_density,4.0,1,1,shuffled_target,-9.562365442130636e-05,{},0.26183272117552986
sine,sin(x),12.0,20465582,9,fixed,0.05,12288,fixed_density,4.0,1,1,0.2617370975211086,9,12288,fixed_density,4.0,1,1,analytic_volume,2.4849066497880004,"{""source_dim"": 1}",-2.2231695522668917
sine,sin(x),16.0,20466429,0,fixed,0.05,16384,fixed_density,4.0,1,1,0.08448736144741108,0,16384,fixed_density,4.0,1,1,null,2.501900386330319e-05,{},0.08446234244354778
sine,sin(x),16.0,20466429,0,fixed,0.05,16384,fixed_density,4.0,1,1,0.08448736144741108,0,16384,fixed_density,4.0,1,1,identity,4.529890730079323,"{""projection"": [[1.0]]}",-4.445403368631912
sine,sin(x),16.0,20466429,0,fixed,0.05,16384,fixed_density,4.0,1,1,0.08448736144741108,0,16384,fixed_density,4.0,1,1,gain_matched,0.42036600615009173,"{""gain_matrix"": [[0.012457914909916028]]}",-0.33587864470268064
sine,sin(x),16.0,20466429,0,fixed,0.05,16384,fixed_density,4.0,1,1,0.08448736144741108,0,16384,fixed_density,4.0,1,1,variance_matched,2.6639056054680843,"{""direction"": [1.0]}",-2.5794182440206734
sine,sin(x),16.0,20466429,0,fixed,0.05,16384,fixed_density,4.0,1,1,0.08448736144741108,0,16384,fixed_density,4.0,1,1,shuffled_target,0.00014594810706506376,{},0.08434141334034602
sine,sin(x),16.0,20466429,0,fixed,0.05,16384,fixed_density,4.0,1,1,0.08448736144741108,0,16384,fixed_density,4.0,1,1,analytic_volume,2.772588722239781,"{""source_dim"": 1}",-2.6881013607923703
sine,sin(x),16.0,20466446,1,fixed,0.05,16384,fixed_density,4.0,1,1,0.08671821238297053,1,16384,fixed_density,4.0,1,1,null,5.06382697310963e-05,{},0.08666757411323944
sine,sin(x),16.0,20466446,1,fixed,0.05,16384,fixed_density,4.0,1,1,0.08671821238297053,1,16384,fixed_density,4.0,1,1,identity,4.541213078591943,"{""projection"": [[1.0]]}",-4.4544948662089725
sine,sin(x),16.0,20466446,1,fixed,0.05,16384,fixed_density,4.0,1,1,0.08671821238297053,1,16384,fixed_density,4.0,1,1,gain_matched,0.3514602804768098,"{""gain_matrix"": [[0.01096476648790566]]}",-0.26474206809383927
sine,sin(x),16.0,20466446,1,fixed,0.05,16384,fixed_density,4.0,1,1,0.08671821238297053,1,16384,fixed_density,4.0,1,1,variance_matched,2.6594692649766936,"{""direction"": [1.0]}",-2.572751052593723
sine,sin(x),16.0,20466446,1,fixed,0.05,16384,fixed_density,4.0,1,1,0.08671821238297053,1,16384,fixed_density,4.0,1,1,shuffled_target,7.670334624018793e-05,{},0.08664150903673035
sine,sin(x),16.0,20466446,1,fixed,0.05,16384,fixed_density,4.0,1,1,0.08671821238297053,1,16384,fixed_density,4.0,1,1,analytic_volume,2.772588722239781,"{""source_dim"": 1}",-2.6858705098568105
sine,sin(x),16.0,20466463,2,fixed,0.05,16384,fixed_density,4.0,1,1,0.08233479942107524,2,16384,fixed_density,4.0,1,1,null,-8.605233790548618e-05,{},0.08242085175898073
sine,sin(x),16.0,20466463,2,fixed,0.05,16384,fixed_density,4.0,1,1,0.08233479942107524,2,16384,fixed_density,4.0,1,1,identity,4.523126824467082,"{""projection"": [[1.0]]}",-4.440792025046006
sine,sin(x),16.0,20466463,2,fixed,0.05,16384,fixed_density,4.0,1,1,0.08233479942107524,2,16384,fixed_density,4.0,1,1,gain_matched,0.3798492688875688,"{""gain_matrix"": [[0.011699809054749025]]}",-0.29751446946649357
sine,sin(x),16.0,20466463,2,fixed,0.05,16384,fixed_density,4.0,1,1,0.08233479942107524,2,16384,fixed_density,4.0,1,1,variance_matched,2.6599213025707487,"{""direction"": [1.0]}",-2.577586503149673
sine,sin(x),16.0,20466463,2,fixed,0.05,16384,fixed_density,4.0,1,1,0.08233479942107524,2,16384,fixed_density,4.0,1,1,shuffled_target,-3.75404810387971e-05,{},0.08237233990211404
sine,sin(x),16.0,20466463,2,fixed,0.05,16384,fixed_density,4.0,1,1,0.08233479942107524,2,16384,fixed_density,4.0,1,1,analytic_volume,2.772588722239781,"{""source_dim"": 1}",-2.690253922818706
sine,sin(x),16.0,20466480,3,fixed,0.05,16384,fixed_density,4.0,1,1,0.08050676254461403,3,16384,fixed_density,4.0,1,1,null,-8.838287760037854e-05,{},0.08059514542221441
sine,sin(x),16.0,20466480,3,fixed,0.05,16384,fixed_density,4.0,1,1,0.08050676254461403,3,16384,fixed_density,4.0,1,1,identity,4.528463293556477,"{""projection"": [[1.0]]}",-4.447956531011863
sine,sin(x),16.0,20466480,3,fixed,0.05,16384,fixed_density,4.0,1,1,0.08050676254461403,3,16384,fixed_density,4.0,1,1,gain_matched,0.3668075512291999,"{""gain_matrix"": [[0.011397173055971252]]}",-0.28630078868458586
sine,sin(x),16.0,20466480,3,fixed,0.05,16384,fixed_density,4.0,1,1,0.08050676254461403,3,16384,fixed_density,4.0,1,1,variance_matched,2.660775710412693,"{""direction"": [1.0]}",-2.580268947868079
sine,sin(x),16.0,20466480,3,fixed,0.05,16384,fixed_density,4.0,1,1,0.08050676254461403,3,16384,fixed_density,4.0,1,1,shuffled_target,-7.224096759486403e-05,{},0.0805790035122089
sine,sin(x),16.0,20466480,3,fixed,0.05,16384,fixed_density,4.0,1,1,0.08050676254461403,3,16384,fixed_density,4.0,1,1,analytic_volume,2.772588722239781,"{""source_dim"": 1}",-2.6920819596951673
sine,sin(x),16.0,20466497,4,fixed,0.05,16384,fixed_density,4.0,1,1,0.0785866347702566,4,16384,fixed_density,4.0,1,1,null,1.5537704742054533e-05,{},0.07857109706551454
sine,sin(x),16.0,20466497,4,fixed,0.05,16384,fixed_density,4.0,1,1,0.0785866347702566,4,16384,fixed_density,4.0,1,1,identity,4.532927928600255,"{""projection"": [[1.0]]}",-4.454341293829999
sine,sin(x),16.0,20466497,4,fixed,0.05,16384,fixed_density,4.0,1,1,0.0785866347702566,4,16384,fixed_density,4.0,1,1,gain_matched,0.4465333428464699,"{""gain_matrix"": [[0.013159164404743713]]}",-0.3679467080762133
sine,sin(x),16.0,20466497,4,fixed,0.05,16384,fixed_density,4.0,1,1,0.0785866347702566,4,16384,fixed_density,4.0,1,1,variance_matched,2.659557470045134,"{""direction"": [1.0]}",-2.5809708352748775
sine,sin(x),16.0,20466497,4,fixed,0.05,16384,fixed_density,4.0,1,1,0.0785866347702566,4,16384,fixed_density,4.0,1,1,shuffled_target,0.00016488418539649616,{},0.0784217505848601
sine,sin(x),16.0,20466497,4,fixed,0.05,16384,fixed_density,4.0,1,1,0.0785866347702566,4,16384,fixed_density,4.0,1,1,analytic_volume,2.772588722239781,"{""source_dim"": 1}",-2.6940020874695247
sine,sin(x),16.0,20466514,5,fixed,0.05,16384,fixed_density,4.0,1,1,0.08965425325612483,5,16384,fixed_density,4.0,1,1,null,-5.0359898269895285e-05,{},0.08970461315439472
sine,sin(x),16.0,20466514,5,fixed,0.05,16384,fixed_density,4.0,1,1,0.08965425325612483,5,16384,fixed_density,4.0,1,1,identity,4.533102315217051,"{""projection"": [[1.0]]}",-4.443448061960926
sine,sin(x),16.0,20466514,5,fixed,0.05,16384,fixed_density,4.0,1,1,0.08965425325612483,5,16384,fixed_density,4.0,1,1,gain_matched,0.46957641530094724,"{""gain_matrix"": [[0.013217227410213212]]}",-0.37992216204482243
sine,sin(x),16.0,20466514,5,fixed,0.05,16384,fixed_density,4.0,1,1,0.08965425325612483,5,16384,fixed_density,4.0,1,1,variance_matched,2.657286203535983,"{""direction"": [1.0]}",-2.5676319502798584
sine,sin(x),16.0,20466514,5,fixed,0.05,16384,fixed_density,4.0,1,1,0.08965425325612483,5,16384,fixed_density,4.0,1,1,shuffled_target,-6.424565085867072e-05,{},0.08971849890698351
sine,sin(x),16.0,20466514,5,fixed,0.05,16384,fixed_density,4.0,1,1,0.08965425325612483,5,16384,fixed_density,4.0,1,1,analytic_volume,2.772588722239781,"{""source_dim"": 1}",-2.6829344689836563
sine,sin(x),16.0,20466531,6,fixed,0.05,16384,fixed_density,4.0,1,1,0.08177916756826484,6,16384,fixed_density,4.0,1,1,null,-2.619376137205145e-05,{},0.0818053613296369
sine,sin(x),16.0,20466531,6,fixed,0.05,16384,fixed_density,4.0,1,1,0.08177916756826484,6,16384,fixed_density,4.0,1,1,identity,4.523985098584493,"{""projection"": [[1.0]]}",-4.442205931016228
sine,sin(x),16.0,20466531,6,fixed,0.05,16384,fixed_density,4.0,1,1,0.08177916756826484,6,16384,fixed_density,4.0,1,1,gain_matched,0.37327086713764057,"{""gain_matrix"": [[0.011371783574725423]]}",-0.2914916995693757
sine,sin(x),16.0,20466531,6,fixed,0.05,16384,fixed_density,4.0,1,1,0.08177916756826484,6,16384,fixed_density,4.0,1,1,variance_matched,2.666355786014953,"{""direction"": [1.0]}",-2.5845766184466883
sine,sin(x),16.0,20466531,6,fixed,0.05,16384,fixed_density,4.0,1,1,0.08177916756826484,6,16384,fixed_density,4.0,1,1,shuffled_target,-1.8791075977930033e-05,{},0.08179795864424277
sine,sin(x),16.0,20466531,6,fixed,0.05,16384,fixed_density,4.0,1,1,0.08177916756826484,6,16384,fixed_density,4.0,1,1,analytic_volume,2.772588722239781,"{""source_dim"": 1}",-2.6908095546715165
sine,sin(x),16.0,20466548,7,fixed,0.05,16384,fixed_density,4.0,1,1,0.08385615618814912,7,16384,fixed_density,4.0,1,1,null,-2.5524235216560254e-05,{},0.08388168042336568
sine,sin(x),16.0,20466548,7,fixed,0.05,16384,fixed_density,4.0,1,1,0.08385615618814912,7,16384,fixed_density,4.0,1,1,identity,4.528986477372783,"{""projection"": [[1.0]]}",-4.445130321184633
sine,sin(x),16.0,20466548,7,fixed,0.05,16384,fixed_density,4.0,1,1,0.08385615618814912,7,16384,fixed_density,4.0,1,1,gain_matched,0.427633642826368,"{""gain_matrix"": [[0.0125575003407737]]}",-0.3437774866382189
sine,sin(x),16.0,20466548,7,fixed,0.05,16384,fixed_density,4.0,1,1,0.08385615618814912,7,16384,fixed_density,4.0,1,1,variance_matched,2.6658864005123166,"{""direction"": [1.0]}",-2.5820302443241676
sine,sin(x),16.0,20466548,7,fixed,0.05,16384,fixed_density,4.0,1,1,0.08385615618814912,7,16384,fixed_density,4.0,1,1,shuffled_target,2.909562263917033e-05,{},0.08382706056550995
sine,sin(x),16.0,20466548,7,fixed,0.05,16384,fixed_density,4.0,1,1,0.08385615618814912,7,16384,fixed_density,4.0,1,1,analytic_volume,2.772588722239781,"{""source_dim"": 1}",-2.688732566051632
sine,sin(x),16.0,20466565,8,fixed,0.05,16384,fixed_density,4.0,1,1,0.08025327248779802,8,16384,fixed_density,4.0,1,1,null,-7.419007735839442e-05,{},0.08032746256515642
sine,sin(x),16.0,20466565,8,fixed,0.05,16384,fixed_density,4.0,1,1,0.08025327248779802,8,16384,fixed_density,4.0,1,1,identity,4.526632224674739,"{""projection"": [[1.0]]}",-4.44637895218694
sine,sin(x),16.0,20466565,8,fixed,0.05,16384,fixed_density,4.0,1,1,0.08025327248779802,8,16384,fixed_density,4.0,1,1,gain_matched,0.48764801260082,"{""gain_matrix"": [[0.014024770940504777]]}",-0.407394740113022
sine,sin(x),16.0,20466565,8,fixed,0.05,16384,fixed_density,4.0,1,1,0.08025327248779802,8,16384,fixed_density,4.0,1,1,variance_matched,2.6510839339859142,"{""direction"": [1.0]}",-2.5708306614981162
sine,sin(x),16.0,20466565,8,fixed,0.05,16384,fixed_density,4.0,1,1,0.08025327248779802,8,16384,fixed_density,4.0,1,1,shuffled_target,4.932993838025486e-05,{},0.08020394254941778
sine,sin(x),16.0,20466565,8,fixed,0.05,16384,fixed_density,4.0,1,1,0.08025327248779802,8,16384,fixed_density,4.0,1,1,analytic_volume,2.772588722239781,"{""source_dim"": 1}",-2.692335449751983
sine,sin(x),16.0,20466582,9,fixed,0.05,16384,fixed_density,4.0,1,1,0.08065230631202532,9,16384,fixed_density,4.0,1,1,null,5.378286006841961e-05,{},0.0805985234519569
sine,sin(x),16.0,20466582,9,fixed,0.05,16384,fixed_density,4.0,1,1,0.08065230631202532,9,16384,fixed_density,4.0,1,1,identity,4.521463200538979,"{""projection"": [[1.0]]}",-4.440810894226954
sine,sin(x),16.0,20466582,9,fixed,0.05,16384,fixed_density,4.0,1,1,0.08065230631202532,9,16384,fixed_density,4.0,1,1,gain_matched,0.469359026991517,"{""gain_matrix"": [[0.013487456859540657]]}",-0.3887067206794917
sine,sin(x),16.0,20466582,9,fixed,0.05,16384,fixed_density,4.0,1,1,0.08065230631202532,9,16384,fixed_density,4.0,1,1,variance_matched,2.6628408423059,"{""direction"": [1.0]}",-2.5821885359938745
sine,sin(x),16.0,20466582,9,fixed,0.05,16384,fixed_density,4.0,1,1,0.08065230631202532,9,16384,fixed_density,4.0,1,1,shuffled_target,1.275222518734379e-05,{},0.08063955408683797
sine,sin(x),16.0,20466582,9,fixed,0.05,16384,fixed_density,4.0,1,1,0.08065230631202532,9,16384,fixed_density,4.0,1,1,analytic_volume,2.772588722239781,"{""source_dim"": 1}",-2.691936415927756
sine,sin(x),0.5,20460429,0,scaled_with_l,0.025,512,fixed_density,4.0,1,1,1.7014082125096017,0,512,fixed_density,4.0,1,1,null,-0.0021860222287425827,{},1.7035942347383444
sine,sin(x),0.5,20460429,0,scaled_with_l,0.025,512,fixed_density,4.0,1,1,1.7014082125096017,0,512,fixed_density,4.0,1,1,identity,1.7437431547393745,"{""projection"": [[1.0]]}",-0.04233494222977274
sine,sin(x),0.5,20460429,0,scaled_with_l,0.025,512,fixed_density,4.0,1,1,1.7014082125096017,0,512,fixed_density,4.0,1,1,gain_matched,1.7142777670134874,"{""gain_matrix"": [[0.9940131285324788]]}",-0.012869554503885716
sine,sin(x),0.5,20460429,0,scaled_with_l,0.025,512,fixed_density,4.0,1,1,1.7014082125096017,0,512,fixed_density,4.0,1,1,variance_matched,1.7597236210780602,"{""direction"": [1.0]}",-0.058315408568458516
sine,sin(x),0.5,20460429,0,scaled_with_l,0.025,512,fixed_density,4.0,1,1,1.7014082125096017,0,512,fixed_density,4.0,1,1,shuffled_target,-0.000724035831152702,{},1.7021322483407544
sine,sin(x),0.5,20460429,0,scaled_with_l,0.025,512,fixed_density,4.0,1,1,1.7014082125096017,0,512,fixed_density,4.0,1,1,analytic_volume,-0.6931471805599453,"{""source_dim"": 1}",2.394555393069547
sine,sin(x),0.5,20460446,1,scaled_with_l,0.025,512,fixed_density,4.0,1,1,1.8536347501489627,1,512,fixed_density,4.0,1,1,null,-0.001922676611530361,{},1.855557426760493
sine,sin(x),0.5,20460446,1,scaled_with_l,0.025,512,fixed_density,4.0,1,1,1.8536347501489627,1,512,fixed_density,4.0,1,1,identity,1.8335015638851562,"{""projection"": [[1.0]]}",0.020133186263806557
sine,sin(x),0.5,20460446,1,scaled_with_l,0.025,512,fixed_density,4.0,1,1,1.8536347501489627,1,512,fixed_density,4.0,1,1,gain_matched,1.8179494084889112,"{""gain_matrix"": [[0.9939118234616098]]}",0.03568534166005155
sine,sin(x),0.5,20460446,1,scaled_with_l,0.025,512,fixed_density,4.0,1,1,1.8536347501489627,1,512,fixed_density,4.0,1,1,variance_matched,1.756714882023266,"{""direction"": [1.0]}",0.09691986812569664
sine,sin(x),0.5,20460446,1,scaled_with_l,0.025,512,fixed_density,4.0,1,1,1.8536347501489627,1,512,fixed_density,4.0,1,1,shuffled_target,0.0034549045482049597,{},1.8501798456007579
sine,sin(x),0.5,20460446,1,scaled_with_l,0.025,512,fixed_density,4.0,1,1,1.8536347501489627,1,512,fixed_density,4.0,1,1,analytic_volume,-0.6931471805599453,"{""source_dim"": 1}",2.546781930708908
sine,sin(x),0.5,20460463,2,scaled_with_l,0.025,512,fixed_density,4.0,1,1,1.7483014694852628,2,512,fixed_density,4.0,1,1,null,0.001170225654466301,{},1.7471312438307964
sine,sin(x),0.5,20460463,2,scaled_with_l,0.025,512,fixed_density,4.0,1,1,1.7483014694852628,2,512,fixed_density,4.0,1,1,identity,1.7266597951967753,"{""projection"": [[1.0]]}",0.02164167428848751
sine,sin(x),0.5,20460463,2,scaled_with_l,0.025,512,fixed_density,4.0,1,1,1.7483014694852628,2,512,fixed_density,4.0,1,1,gain_matched,1.7380732686458225,"{""gain_matrix"": [[0.9937772895600906]]}",0.010228200839440316
sine,sin(x),0.5,20460463,2,scaled_with_l,0.025,512,fixed_density,4.0,1,1,1.7483014694852628,2,512,fixed_density,4.0,1,1,variance_matched,1.7888894192274596,"{""direction"": [1.0]}",-0.040587949742196816
sine,sin(x),0.5,20460463,2,scaled_with_l,0.025,512,fixed_density,4.0,1,1,1.7483014694852628,2,512,fixed_density,4.0,1,1,shuffled_target,0.0022232450317501923,{},1.7460782244535127
sine,sin(x),0.5,20460463,2,scaled_with_l,0.025,512,fixed_density,4.0,1,1,1.7483014694852628,2,512,fixed_density,4.0,1,1,analytic_volume,-0.6931471805599453,"{""source_dim"": 1}",2.441448650045208
sine,sin(x),0.5,20460480,3,scaled_with_l,0.025,512,fixed_density,4.0,1,1,1.7624280650877537,3,512,fixed_density,4.0,1,1,null,-0.00013339666257899474,{},1.7625614617503327
sine,sin(x),0.5,20460480,3,scaled_with_l,0.025,512,fixed_density,4.0,1,1,1.7624280650877537,3,512,fixed_density,4.0,1,1,identity,1.7620594680250545,"{""projection"": [[1.0]]}",0.0003685970626992052
sine,sin(x),0.5,20460480,3,scaled_with_l,0.025,512,fixed_density,4.0,1,1,1.7624280650877537,3,512,fixed_density,4.0,1,1,gain_matched,1.765549097405609,"{""gain_matrix"": [[0.9937987471210947]]}",-0.00312103231785521
sine,sin(x),0.5,20460480,3,scaled_with_l,0.025,512,fixed_density,4.0,1,1,1.7624280650877537,3,512,fixed_density,4.0,1,1,variance_matched,1.770301274399136,"{""direction"": [1.0]}",-0.007873209311382245
sine,sin(x),0.5,20460480,3,scaled_with_l,0.025,512,fixed_density,4.0,1,1,1.7624280650877537,3,512,fixed_density,4.0,1,1,shuffled_target,-0.0018520931337282544,{},1.764280158221482
sine,sin(x),0.5,20460480,3,scaled_with_l,0.025,512,fixed_density,4.0,1,1,1.7624280650877537,3,512,fixed_density,4.0,1,1,analytic_volume,-0.6931471805599453,"{""source_dim"": 1}",2.455575245647699
sine,sin(x),0.5,20460497,4,scaled_with_l,0.025,512,fixed_density,4.0,1,1,1.7843584661697793,4,512,fixed_density,4.0,1,1,null,-0.001957072517797586,{},1.7863155386875769
sine,sin(x),0.5,20460497,4,scaled_with_l,0.025,512,fixed_density,4.0,1,1,1.7843584661697793,4,512,fixed_density,4.0,1,1,identity,1.788507516892993,"{""projection"": [[1.0]]}",-0.004149050723213588
sine,sin(x),0.5,20460497,4,scaled_with_l,0.025,512,fixed_density,4.0,1,1,1.7843584661697793,4,512,fixed_density,4.0,1,1,gain_matched,1.7659042832404064,"{""gain_matrix"": [[0.9936821306578656]]}",0.018454182929372953
sine,sin(x),0.5,20460497,4,scaled_with_l,0.025,512,fixed_density,4.0,1,1,1.7843584661697793,4,512,fixed_density,4.0,1,1,variance_matched,1.7955719291059782,"{""direction"": [1.0]}",-0.011213462936198848
sine,sin(x),0.5,20460497,4,scaled_with_l,0.025,512,fixed_density,4.0,1,1,1.7843584661697793,4,512,fixed_density,4.0,1,1,shuffled_target,-0.0019744354540769116,{},1.7863329016238563
sine,sin(x),0.5,20460497,4,scaled_with_l,0.025,512,fixed_density,4.0,1,1,1.7843584661697793,4,512,fixed_density,4.0,1,1,analytic_volume,-0.6931471805599453,"{""source_dim"": 1}",2.4775056467297247
sine,sin(x),0.5,20460514,5,scaled_with_l,0.025,512,fixed_density,4.0,1,1,1.718318876992845,5,512,fixed_density,4.0,1,1,null,0.0004286335160978427,{},1.7178902434767471
sine,sin(x),0.5,20460514,5,scaled_with_l,0.025,512,fixed_density,4.0,1,1,1.718318876992845,5,512,fixed_density,4.0,1,1,identity,1.8008082281062248,"{""projection"": [[1.0]]}",-0.08248935111337974
sine,sin(x),0.5,20460514,5,scaled_with_l,0.025,512,fixed_density,4.0,1,1,1.718318876992845,5,512,fixed_density,4.0,1,1,gain_matched,1.7196756353500957,"{""gain_matrix"": [[0.9939899925607102]]}",-0.001356758357250687
sine,sin(x),0.5,20460514,5,scaled_with_l,0.025,512,fixed_density,4.0,1,1,1.718318876992845,5,512,fixed_density,4.0,1,1,variance_matched,1.7316733941295526,"{""direction"": [1.0]}",-0.013354517136707544
sine,sin(x),0.5,20460514,5,scaled_with_l,0.025,512,fixed_density,4.0,1,1,1.718318876992845,5,512,fixed_density,4.0,1,1,shuffled_target,0.0018521835047447864,{},1.7164666934881003
sine,sin(x),0.5,20460514,5,scaled_with_l,0.025,512,fixed_density,4.0,1,1,1.718318876992845,5,512,fixed_density,4.0,1,1,analytic_volume,-0.6931471805599453,"{""source_dim"": 1}",2.4114660575527904
sine,sin(x),0.5,20460531,6,scaled_with_l,0.025,512,fixed_density,4.0,1,1,1.7409735737129948,6,512,fixed_density,4.0,1,1,null,-0.001511656257623783,{},1.7424852299706186
sine,sin(x),0.5,20460531,6,scaled_with_l,0.025,512,fixed_density,4.0,1,1,1.7409735737129948,6,512,fixed_density,4.0,1,1,identity,1.7768927823353806,"{""projection"": [[1.0]]}",-0.035919208622385845
sine,sin(x),0.5,20460531,6,scaled_with_l,0.025,512,fixed_density,4.0,1,1,1.7409735737129948,6,512,fixed_density,4.0,1,1,gain_matched,1.7389100900536765,"{""gain_matrix"": [[0.9935720654304765]]}",0.0020634836593182992
sine,sin(x),0.5,20460531,6,scaled_with_l,0.025,512,fixed_density,4.0,1,1,1.7409735737129948,6,512,fixed_density,4.0,1,1,variance_matched,1.7809713103173075,"{""direction"": [1.0]}",-0.03999773660431272
sine,sin(x),0.5,20460531,6,scaled_with_l,0.025,512,fixed_density,4.0,1,1,1.7409735737129948,6,512,fixed_density,4.0,1,1,shuffled_target,0.0013521389414733094,{},1.7396214347715215
sine,sin(x),0.5,20460531,6,scaled_with_l,0.025,512,fixed_density,4.0,1,1,1.7409735737129948,6,512,fixed_density,4.0,1,1,analytic_volume,-0.6931471805599453,"{""source_dim"": 1}",2.43412075427294
sine,sin(x),0.5,20460548,7,scaled_with_l,0.025,512,fixed_density,4.0,1,1,1.7662623963993194,7,512,fixed_density,4.0,1,1,null,0.0012693162910306093,{},1.7649930801082887
sine,sin(x),0.5,20460548,7,scaled_with_l,0.025,512,fixed_density,4.0,1,1,1.7662623963993194,7,512,fixed_density,4.0,1,1,identity,1.7510518455878596,"{""projection"": [[1.0]]}",0.015210550811459722
sine,sin(x),0.5,20460548,7,scaled_with_l,0.025,512,fixed_density,4.0,1,1,1.7662623963993194,7,512,fixed_density,4.0,1,1,gain_matched,1.783968558931454,"{""gain_matrix"": [[0.9938458474714346]]}",-0.01770616253213464
sine,sin(x),0.5,20460548,7,scaled_with_l,0.025,512,fixed_density,4.0,1,1,1.7662623963993194,7,512,fixed_density,4.0,1,1,variance_matched,1.7322661868548952,"{""direction"": [1.0]}",0.03399620954442417
sine,sin(x),0.5,20460548,7,scaled_with_l,0.025,512,fixed_density,4.0,1,1,1.7662623963993194,7,512,fixed_density,4.0,1,1,shuffled_target,0.002910736279940023,{},1.7633516601193793
sine,sin(x),0.5,20460548,7,scaled_with_l,0.025,512,fixed_density,4.0,1,1,1.7662623963993194,7,512,fixed_density,4.0,1,1,analytic_volume,-0.6931471805599453,"{""source_dim"": 1}",2.4594095769592648
sine,sin(x),0.5,20460565,8,scaled_with_l,0.025,512,fixed_density,4.0,1,1,1.7874562907296307,8,512,fixed_density,4.0,1,1,null,0.0011256852338603425,{},1.7863306054957704
sine,sin(x),0.5,20460565,8,scaled_with_l,0.025,512,fixed_density,4.0,1,1,1.7874562907296307,8,512,fixed_density,4.0,1,1,identity,1.7309948008190927,"{""projection"": [[1.0]]}",0.05646148991053801
sine,sin(x),0.5,20460565,8,scaled_with_l,0.025,512,fixed_density,4.0,1,1,1.7874562907296307,8,512,fixed_density,4.0,1,1,gain_matched,1.7512557806406215,"{""gain_matrix"": [[0.9940091108181635]]}",0.036200510089009263
sine,sin(x),0.5,20460565,8,scaled_with_l,0.025,512,fixed_density,4.0,1,1,1.7874562907296307,8,512,fixed_density,4.0,1,1,variance_matched,1.767528105314708,"{""direction"": [1.0]}",0.019928185414922694
sine,sin(x),0.5,20460565,8,scaled_with_l,0.025,512,fixed_density,4.0,1,1,1.7874562907296307,8,512,fixed_density,4.0,1,1,shuffled_target,-0.0005569512357929038,{},1.7880132419654235
sine,sin(x),0.5,20460565,8,scaled_with_l,0.025,512,fixed_density,4.0,1,1,1.7874562907296307,8,512,fixed_density,4.0,1,1,analytic_volume,-0.6931471805599453,"{""source_dim"": 1}",2.480603471289576
sine,sin(x),0.5,20460582,9,scaled_with_l,0.025,512,fixed_density,4.0,1,1,1.7673335022841248,9,512,fixed_density,4.0,1,1,null,-0.0018670089597410634,{},1.7692005112438658
sine,sin(x),0.5,20460582,9,scaled_with_l,0.025,512,fixed_density,4.0,1,1,1.7673335022841248,9,512,fixed_density,4.0,1,1,identity,1.7862288644349298,"{""projection"": [[1.0]]}",-0.018895362150805006
sine,sin(x),0.5,20460582,9,scaled_with_l,0.025,512,fixed_density,4.0,1,1,1.7673335022841248,9,512,fixed_density,4.0,1,1,gain_matched,1.7719883299244592,"{""gain_matrix"": [[0.9934378932780954]]}",-0.004654827640334425
sine,sin(x),0.5,20460582,9,scaled_with_l,0.025,512,fixed_density,4.0,1,1,1.7673335022841248,9,512,fixed_density,4.0,1,1,variance_matched,1.803282263298935,"{""direction"": [1.0]}",-0.03594876101481015
sine,sin(x),0.5,20460582,9,scaled_with_l,0.025,512,fixed_density,4.0,1,1,1.7673335022841248,9,512,fixed_density,4.0,1,1,shuffled_target,-0.000299671686252392,{},1.7676331739703772
sine,sin(x),0.5,20460582,9,scaled_with_l,0.025,512,fixed_density,4.0,1,1,1.7673335022841248,9,512,fixed_density,4.0,1,1,analytic_volume,-0.6931471805599453,"{""source_dim"": 1}",2.46048068284407
sine,sin(x),1.0,20461429,0,scaled_with_l,0.05,1024,fixed_density,4.0,1,1,1.7956262193514336,0,1024,fixed_density,4.0,1,1,null,0.0013109349334137202,{},1.79431528441802
sine,sin(x),1.0,20461429,0,scaled_with_l,0.05,1024,fixed_density,4.0,1,1,1.7956262193514336,0,1024,fixed_density,4.0,1,1,identity,1.742259179395284,"{""projection"": [[1.0]]}",0.053367039956149664
sine,sin(x),1.0,20461429,0,scaled_with_l,0.05,1024,fixed_density,4.0,1,1,1.7956262193514336,0,1024,fixed_density,4.0,1,1,gain_matched,1.7357650698680998,"{""gain_matrix"": [[0.9753840737958862]]}",0.059861149483333875
sine,sin(x),1.0,20461429,0,scaled_with_l,0.05,1024,fixed_density,4.0,1,1,1.7956262193514336,0,1024,fixed_density,4.0,1,1,variance_matched,1.7462591904898337,"{""direction"": [1.0]}",0.04936702886159994
sine,sin(x),1.0,20461429,0,scaled_with_l,0.05,1024,fixed_density,4.0,1,1,1.7956262193514336,0,1024,fixed_density,4.0,1,1,shuffled_target,-0.0011507531690579862,{},1.7967769725204916
sine,sin(x),1.0,20461429,0,scaled_with_l,0.05,1024,fixed_density,4.0,1,1,1.7956262193514336,0,1024,fixed_density,4.0,1,1,analytic_volume,0.0,"{""source_dim"": 1}",1.7956262193514336
sine,sin(x),1.0,20461446,1,scaled_with_l,0.05,1024,fixed_density,4.0,1,1,1.7278748634442438,1,1024,fixed_density,4.0,1,1,null,-0.0008160036876143375,{},1.7286908671318582
sine,sin(x),1.0,20461446,1,scaled_with_l,0.05,1024,fixed_density,4.0,1,1,1.7278748634442438,1,1024,fixed_density,4.0,1,1,identity,1.7544142883971032,"{""projection"": [[1.0]]}",-0.026539424952859436
sine,sin(x),1.0,20461446,1,scaled_with_l,0.05,1024,fixed_density,4.0,1,1,1.7278748634442438,1,1024,fixed_density,4.0,1,1,gain_matched,1.736936831510908,"{""gain_matrix"": [[0.9753232063570019]]}",-0.00906196806666415
sine,sin(x),1.0,20461446,1,scaled_with_l,0.05,1024,fixed_density,4.0,1,1,1.7278748634442438,1,1024,fixed_density,4.0,1,1,variance_matched,1.7204549229292834,"{""direction"": [1.0]}",0.007419940514960421
sine,sin(x),1.0,20461446,1,scaled_with_l,0.05,1024,fixed_density,4.0,1,1,1.7278748634442438,1,1024,fixed_density,4.0,1,1,shuffled_target,-0.0013123942864473805,{},1.7291872577306913
sine,sin(x),1.0,20461446,1,scaled_with_l,0.05,1024,fixed_density,4.0,1,1,1.7278748634442438,1,1024,fixed_density,4.0,1,1,analytic_volume,0.0,"{""source_dim"": 1}",1.7278748634442438
sine,sin(x),1.0,20461463,2,scaled_with_l,0.05,1024,fixed_density,4.0,1,1,1.7587943114337654,2,1024,fixed_density,4.0,1,1,null,-0.0011461327687923664,{},1.7599404442025577
sine,sin(x),1.0,20461463,2,scaled_with_l,0.05,1024,fixed_density,4.0,1,1,1.7587943114337654,2,1024,fixed_density,4.0,1,1,identity,1.764093101309704,"{""projection"": [[1.0]]}",-0.005298789875938681
sine,sin(x),1.0,20461463,2,scaled_with_l,0.05,1024,fixed_density,4.0,1,1,1.7587943114337654,2,1024,fixed_density,4.0,1,1,gain_matched,1.7413997054063945,"{""gain_matrix"": [[0.9746690094826743]]}",0.017394606027370862
sine,sin(x),1.0,20461463,2,scaled_with_l,0.05,1024,fixed_density,4.0,1,1,1.7587943114337654,2,1024,fixed_density,4.0,1,1,variance_matched,1.7669111203591092,"{""direction"": [1.0]}",-0.008116808925343832
sine,sin(x),1.0,20461463,2,scaled_with_l,0.05,1024,fixed_density,4.0,1,1,1.7587943114337654,2,1024,fixed_density,4.0,1,1,shuffled_target,0.00033354955457986254,{},1.7584607618791857
sine,sin(x),1.0,20461463,2,scaled_with_l,0.05,1024,fixed_density,4.0,1,1,1.7587943114337654,2,1024,fixed_density,4.0,1,1,analytic_volume,0.0,"{""source_dim"": 1}",1.7587943114337654
sine,sin(x),1.0,20461480,3,scaled_with_l,0.05,1024,fixed_density,4.0,1,1,1.7393509237694038,3,1024,fixed_density,4.0,1,1,null,-0.001127882992630996,{},1.7404788067620347
sine,sin(x),1.0,20461480,3,scaled_with_l,0.05,1024,fixed_density,4.0,1,1,1.7393509237694038,3,1024,fixed_density,4.0,1,1,identity,1.7330325332159862,"{""projection"": [[1.0]]}",0.006318390553417652
sine,sin(x),1.0,20461480,3,scaled_with_l,0.05,1024,fixed_density,4.0,1,1,1.7393509237694038,3,1024,fixed_density,4.0,1,1,gain_matched,1.7331929887068793,"{""gain_matrix"": [[0.975122333585195]]}",0.006157935062524489
sine,sin(x),1.0,20461480,3,scaled_with_l,0.05,1024,fixed_density,4.0,1,1,1.7393509237694038,3,1024,fixed_density,4.0,1,1,variance_matched,1.7566791324551776,"{""direction"": [1.0]}",-0.017328208685773783
sine,sin(x),1.0,20461480,3,scaled_with_l,0.05,1024,fixed_density,4.0,1,1,1.7393509237694038,3,1024,fixed_density,4.0,1,1,shuffled_target,0.00018009378915901037,{},1.7391708299802449
sine,sin(x),1.0,20461480,3,scaled_with_l,0.05,1024,fixed_density,4.0,1,1,1.7393509237694038,3,1024,fixed_density,4.0,1,1,analytic_volume,0.0,"{""source_dim"": 1}",1.7393509237694038
sine,sin(x),1.0,20461497,4,scaled_with_l,0.05,1024,fixed_density,4.0,1,1,1.7560147868655362,4,1024,fixed_density,4.0,1,1,null,0.0015066670057519483,{},1.7545081198597843
sine,sin(x),1.0,20461497,4,scaled_with_l,0.05,1024,fixed_density,4.0,1,1,1.7560147868655362,4,1024,fixed_density,4.0,1,1,identity,1.7836845745865018,"{""projection"": [[1.0]]}",-0.02766978772096551
sine,sin(x),1.0,20461497,4,scaled_with_l,0.05,1024,fixed_density,4.0,1,1,1.7560147868655362,4,1024,fixed_density,4.0,1,1,gain_matched,1.74955003091186,"{""gain_matrix"": [[0.9748304033643599]]}",0.006464755953676349
sine,sin(x),1.0,20461497,4,scaled_with_l,0.05,1024,fixed_density,4.0,1,1,1.7560147868655362,4,1024,fixed_density,4.0,1,1,variance_matched,1.7755406774679523,"{""direction"": [1.0]}",-0.01952589060241605
sine,sin(x),1.0,20461497,4,scaled_with_l,0.05,1024,fixed_density,4.0,1,1,1.7560147868655362,4,1024,fixed_density,4.0,1,1,shuffled_target,0.0006556488999609731,{},1.7553591379655753
sine,sin(x),1.0,20461497,4,scaled_with_l,0.05,1024,fixed_density,4.0,1,1,1.7560147868655362,4,1024,fixed_density,4.0,1,1,analytic_volume,0.0,"{""source_dim"": 1}",1.7560147868655362
sine,sin(x),1.0,20461514,5,scaled_with_l,0.05,1024,fixed_density,4.0,1,1,1.7051808677596896,5,1024,fixed_density,4.0,1,1,null,0.0008364589577909258,{},1.7043444088018986
sine,sin(x),1.0,20461514,5,scaled_with_l,0.05,1024,fixed_density,4.0,1,1,1.7051808677596896,5,1024,fixed_density,4.0,1,1,identity,1.7601454984518792,"{""projection"": [[1.0]]}",-0.0549646306921896
sine,sin(x),1.0,20461514,5,scaled_with_l,0.05,1024,fixed_density,4.0,1,1,1.7051808677596896,5,1024,fixed_density,4.0,1,1,gain_matched,1.6839932102370536,"{""gain_matrix"": [[0.9757052195599207]]}",0.02118765752263596
sine,sin(x),1.0,20461514,5,scaled_with_l,0.05,1024,fixed_density,4.0,1,1,1.7051808677596896,5,1024,fixed_density,4.0,1,1,variance_matched,1.719274753222182,"{""direction"": [1.0]}",-0.01409388546249235
sine,sin(x),1.0,20461514,5,scaled_with_l,0.05,1024,fixed_density,4.0,1,1,1.7051808677596896,5,1024,fixed_density,4.0,1,1,shuffled_target,-0.0014383724263272546,{},1.7066192401860167
sine,sin(x),1.0,20461514,5,scaled_with_l,0.05,1024,fixed_density,4.0,1,1,1.7051808677596896,5,1024,fixed_density,4.0,1,1,analytic_volume,0.0,"{""source_dim"": 1}",1.7051808677596896
sine,sin(x),1.0,20461531,6,scaled_with_l,0.05,1024,fixed_density,4.0,1,1,1.70593685004848,6,1024,fixed_density,4.0,1,1,null,-0.001415913454218347,{},1.7073527635026984
sine,sin(x),1.0,20461531,6,scaled_with_l,0.05,1024,fixed_density,4.0,1,1,1.70593685004848,6,1024,fixed_density,4.0,1,1,identity,1.7818832091697003,"{""projection"": [[1.0]]}",-0.07594635912122039
sine,sin(x),1.0,20461531,6,scaled_with_l,0.05,1024,fixed_density,4.0,1,1,1.70593685004848,6,1024,fixed_density,4.0,1,1,gain_matched,1.7501638814728353,"{""gain_matrix"": [[0.975263052002859]]}",-0.044227031424355356
sine,sin(x),1.0,20461531,6,scaled_with_l,0.05,1024,fixed_density,4.0,1,1,1.70593685004848,6,1024,fixed_density,4.0,1,1,variance_matched,1.7819974281060653,"{""direction"": [1.0]}",-0.07606057805758537
sine,sin(x),1.0,20461531,6,scaled_with_l,0.05,1024,fixed_density,4.0,1,1,1.70593685004848,6,1024,fixed_density,4.0,1,1,shuffled_target,-9.055452355453573e-05,{},1.7060274045720345
sine,sin(x),1.0,20461531,6,scaled_with_l,0.05,1024,fixed_density,4.0,1,1,1.70593685004848,6,1024,fixed_density,4.0,1,1,analytic_volume,0.0,"{""source_dim"": 1}",1.70593685004848
sine,sin(x),1.0,20461548,7,scaled_with_l,0.05,1024,fixed_density,4.0,1,1,1.7521690536524266,7,1024,fixed_density,4.0,1,1,null,-0.0008781782792600941,{},1.7530472319316868
sine,sin(x),1.0,20461548,7,scaled_with_l,0.05,1024,fixed_density,4.0,1,1,1.7521690536524266,7,1024,fixed_density,4.0,1,1,identity,1.7726657736653162,"{""projection"": [[1.0]]}",-0.020496720012889602
sine,sin(x),1.0,20461548,7,scaled_with_l,0.05,1024,fixed_density,4.0,1,1,1.7521690536524266,7,1024,fixed_density,4.0,1,1,gain_matched,1.7136067945488147,"{""gain_matrix"": [[0.9757083354431106]]}",0.038562259103611884
sine,sin(x),1.0,20461548,7,scaled_with_l,0.05,1024,fixed_density,4.0,1,1,1.7521690536524266,7,1024,fixed_density,4.0,1,1,variance_matched,1.7370592909935425,"{""direction"": [1.0]}",0.015109762658884085
sine,sin(x),1.0,20461548,7,scaled_with_l,0.05,1024,fixed_density,4.0,1,1,1.7521690536524266,7,1024,fixed_density,4.0,1,1,shuffled_target,-0.0012794443035825565,{},1.7534484979560092
sine,sin(x),1.0,20461548,7,scaled_with_l,0.05,1024,fixed_density,4.0,1,1,1.7521690536524266,7,1024,fixed_density,4.0,1,1,analytic_volume,0.0,"{""source_dim"": 1}",1.7521690536524266
sine,sin(x),1.0,20461565,8,scaled_with_l,0.05,1024,fixed_density,4.0,1,1,1.732212482012189,8,1024,fixed_density,4.0,1,1,null,-0.001123559550203573,{},1.7333360415623924
sine,sin(x),1.0,20461565,8,scaled_with_l,0.05,1024,fixed_density,4.0,1,1,1.732212482012189,8,1024,fixed_density,4.0,1,1,identity,1.7704944104880012,"{""projection"": [[1.0]]}",-0.038281928475812244
sine,sin(x),1.0,20461565,8,scaled_with_l,0.05,1024,fixed_density,4.0,1,1,1.732212482012189,8,1024,fixed_density,4.0,1,1,gain_matched,1.7755425852013713,"{""gain_matrix"": [[0.9753515382910696]]}",-0.0433301031891824
sine,sin(x),1.0,20461565,8,scaled_with_l,0.05,1024,fixed_density,4.0,1,1,1.732212482012189,8,1024,fixed_density,4.0,1,1,variance_matched,1.7646448963470034,"{""direction"": [1.0]}",-0.032432414334814474
sine,sin(x),1.0,20461565,8,scaled_with_l,0.05,1024,fixed_density,4.0,1,1,1.732212482012189,8,1024,fixed_density,4.0,1,1,shuffled_target,0.00031270320342033776,{},1.7318997788087687
sine,sin(x),1.0,20461565,8,scaled_with_l,0.05,1024,fixed_density,4.0,1,1,1.732212482012189,8,1024,fixed_density,4.0,1,1,analytic_volume,0.0,"{""source_dim"": 1}",1.732212482012189
sine,sin(x),1.0,20461582,9,scaled_with_l,0.05,1024,fixed_density,4.0,1,1,1.7081515335593491,9,1024,fixed_density,4.0,1,1,null,-0.0005401070164255727,{},1.7086916405757746
sine,sin(x),1.0,20461582,9,scaled_with_l,0.05,1024,fixed_density,4.0,1,1,1.7081515335593491,9,1024,fixed_density,4.0,1,1,identity,1.7634712993745278,"{""projection"": [[1.0]]}",-0.05531976581517872
sine,sin(x),1.0,20461582,9,scaled_with_l,0.05,1024,fixed_density,4.0,1,1,1.7081515335593491,9,1024,fixed_density,4.0,1,1,gain_matched,1.7364585934390488,"{""gain_matrix"": [[0.9749077206803308]]}",-0.028307059879699725
sine,sin(x),1.0,20461582,9,scaled_with_l,0.05,1024,fixed_density,4.0,1,1,1.7081515335593491,9,1024,fixed_density,4.0,1,1,variance_matched,1.7404747301025656,"{""direction"": [1.0]}",-0.03232319654321647
sine,sin(x),1.0,20461582,9,scaled_with_l,0.05,1024,fixed_density,4.0,1,1,1.7081515335593491,9,1024,fixed_density,4.0,1,1,shuffled_target,-0.0007505914961247079,{},1.708902125055474
sine,sin(x),1.0,20461582,9,scaled_with_l,0.05,1024,fixed_density,4.0,1,1,1.7081515335593491,9,1024,fixed_density,4.0,1,1,analytic_volume,0.0,"{""source_dim"": 1}",1.7081515335593491
sine,sin(x),2.0,20462429,0,scaled_with_l,0.1,2048,fixed_density,4.0,1,1,1.6897355748242373,0,2048,fixed_density,4.0,1,1,null,-0.00022505428278421296,{},1.6899606291070215
sine,sin(x),2.0,20462429,0,scaled_with_l,0.1,2048,fixed_density,4.0,1,1,1.6897355748242373,0,2048,fixed_density,4.0,1,1,identity,1.7706989840216445,"{""projection"": [[1.0]]}",-0.08096340919740719
sine,sin(x),2.0,20462429,0,scaled_with_l,0.1,2048,fixed_density,4.0,1,1,1.6897355748242373,0,2048,fixed_density,4.0,1,1,gain_matched,1.682704107239105,"{""gain_matrix"": [[0.9048275869483285]]}",0.0070314675851324004
sine,sin(x),2.0,20462429,0,scaled_with_l,0.1,2048,fixed_density,4.0,1,1,1.6897355748242373,0,2048,fixed_density,4.0,1,1,variance_matched,1.6573580172647215,"{""direction"": [1.0]}",0.03237755755951577
sine,sin(x),2.0,20462429,0,scaled_with_l,0.1,2048,fixed_density,4.0,1,1,1.6897355748242373,0,2048,fixed_density,4.0,1,1,shuffled_target,-0.00026366283481275897,{},1.68999923765905
sine,sin(x),2.0,20462429,0,scaled_with_l,0.1,2048,fixed_density,4.0,1,1,1.6897355748242373,0,2048,fixed_density,4.0,1,1,analytic_volume,0.6931471805599453,"{""source_dim"": 1}",0.996588394264292
sine,sin(x),2.0,20462446,1,scaled_with_l,0.1,2048,fixed_density,4.0,1,1,1.6608123517128337,1,2048,fixed_density,4.0,1,1,null,0.00021916574280087323,{},1.660593185970033
sine,sin(x),2.0,20462446,1,scaled_with_l,0.1,2048,fixed_density,4.0,1,1,1.6608123517128337,1,2048,fixed_density,4.0,1,1,identity,1.7771606023709154,"{""projection"": [[1.0]]}",-0.11634825065808174
sine,sin(x),2.0,20462446,1,scaled_with_l,0.1,2048,fixed_density,4.0,1,1,1.6608123517128337,1,2048,fixed_density,4.0,1,1,gain_matched,1.6530005503905856,"{""gain_matrix"": [[0.905029784702388]]}",0.007811801322248124
sine,sin(x),2.0,20462446,1,scaled_with_l,0.1,2048,fixed_density,4.0,1,1,1.6608123517128337,1,2048,fixed_density,4.0,1,1,variance_matched,1.6785304538962644,"{""direction"": [1.0]}",-0.01771810218343073
sine,sin(x),2.0,20462446,1,scaled_with_l,0.1,2048,fixed_density,4.0,1,1,1.6608123517128337,1,2048,fixed_density,4.0,1,1,shuffled_target,-0.0006575612231355708,{},1.6614699129359694
sine,sin(x),2.0,20462446,1,scaled_with_l,0.1,2048,fixed_density,4.0,1,1,1.6608123517128337,1,2048,fixed_density,4.0,1,1,analytic_volume,0.6931471805599453,"{""source_dim"": 1}",0.9676651711528884
sine,sin(x),2.0,20462463,2,scaled_with_l,0.1,2048,fixed_density,4.0,1,1,1.687132694574809,2,2048,fixed_density,4.0,1,1,null,-0.00013897328056526072,{},1.6872716678553743
sine,sin(x),2.0,20462463,2,scaled_with_l,0.1,2048,fixed_density,4.0,1,1,1.687132694574809,2,2048,fixed_density,4.0,1,1,identity,1.810321283568217,"{""projection"": [[1.0]]}",-0.1231885889934079
sine,sin(x),2.0,20462463,2,scaled_with_l,0.1,2048,fixed_density,4.0,1,1,1.687132694574809,2,2048,fixed_density,4.0,1,1,gain_matched,1.7168982917464457,"{""gain_matrix"": [[0.9029833077589227]]}",-0.029765597171636626
sine,sin(x),2.0,20462463,2,scaled_with_l,0.1,2048,fixed_density,4.0,1,1,1.687132694574809,2,2048,fixed_density,4.0,1,1,variance_matched,1.7038705423388598,"{""direction"": [1.0]}",-0.01673784776405074
sine,sin(x),2.0,20462463,2,scaled_with_l,0.1,2048,fixed_density,4.0,1,1,1.687132694574809,2,2048,fixed_density,4.0,1,1,shuffled_target,-0.00030873260535541796,{},1.6874414271801645
sine,sin(x),2.0,20462463,2,scaled_with_l,0.1,2048,fixed_density,4.0,1,1,1.687132694574809,2,2048,fixed_density,4.0,1,1,analytic_volume,0.6931471805599453,"{""source_dim"": 1}",0.9939855140148638
sine,sin(x),2.0,20462480,3,scaled_with_l,0.1,2048,fixed_density,4.0,1,1,1.6835464170887078,3,2048,fixed_density,4.0,1,1,null,-0.0002456850068041261,{},1.683792102095512
sine,sin(x),2.0,20462480,3,scaled_with_l,0.1,2048,fixed_density,4.0,1,1,1.6835464170887078,3,2048,fixed_density,4.0,1,1,identity,1.7524929583257731,"{""projection"": [[1.0]]}",-0.06894654123706534
sine,sin(x),2.0,20462480,3,scaled_with_l,0.1,2048,fixed_density,4.0,1,1,1.6835464170887078,3,2048,fixed_density,4.0,1,1,gain_matched,1.668844604972917,"{""gain_matrix"": [[0.9019307083834777]]}",0.014701812115790691
sine,sin(x),2.0,20462480,3,scaled_with_l,0.1,2048,fixed_density,4.0,1,1,1.6835464170887078,3,2048,fixed_density,4.0,1,1,variance_matched,1.715711455583246,"{""direction"": [1.0]}",-0.03216503849453822
sine,sin(x),2.0,20462480,3,scaled_with_l,0.1,2048,fixed_density,4.0,1,1,1.6835464170887078,3,2048,fixed_density,4.0,1,1,shuffled_target,-4.4790403961566844e-05,{},1.6835912074926693
sine,sin(x),2.0,20462480,3,scaled_with_l,0.1,2048,fixed_density,4.0,1,1,1.6835464170887078,3,2048,fixed_density,4.0,1,1,analytic_volume,0.6931471805599453,"{""source_dim"": 1}",0.9903992365287625
sine,sin(x),2.0,20462497,4,scaled_with_l,0.1,2048,fixed_density,4.0,1,1,1.6851704778497405,4,2048,fixed_density,4.0,1,1,null,-0.00029631822140113663,{},1.6854667960711416
sine,sin(x),2.0,20462497,4,scaled_with_l,0.1,2048,fixed_density,4.0,1,1,1.6851704778497405,4,2048,fixed_density,4.0,1,1,identity,1.7750097872055708,"{""projection"": [[1.0]]}",-0.08983930935583029
sine,sin(x),2.0,20462497,4,scaled_with_l,0.1,2048,fixed_density,4.0,1,1,1.6851704778497405,4,2048,fixed_density,4.0,1,1,gain_matched,1.6669361533898042,"{""gain_matrix"": [[0.9039145940655998]]}",0.018234324459936335
sine,sin(x),2.0,20462497,4,scaled_with_l,0.1,2048,fixed_density,4.0,1,1,1.6851704778497405,4,2048,fixed_density,4.0,1,1,variance_matched,1.6586766689217676,"{""direction"": [1.0]}",0.02649380892797293
sine,sin(x),2.0,20462497,4,scaled_with_l,0.1,2048,fixed_density,4.0,1,1,1.6851704778497405,4,2048,fixed_density,4.0,1,1,shuffled_target,0.0014345957048248138,{},1.6837358821449158
sine,sin(x),2.0,20462497,4,scaled_with_l,0.1,2048,fixed_density,4.0,1,1,1.6851704778497405,4,2048,fixed_density,4.0,1,1,analytic_volume,0.6931471805599453,"{""source_dim"": 1}",0.9920232972897952
sine,sin(x),2.0,20462514,5,scaled_with_l,0.1,2048,fixed_density,4.0,1,1,1.6470829790874566,5,2048,fixed_density,4.0,1,1,null,0.0014882923663547282,{},1.6455946867211018
sine,sin(x),2.0,20462514,5,scaled_with_l,0.1,2048,fixed_density,4.0,1,1,1.6470829790874566,5,2048,fixed_density,4.0,1,1,identity,1.754643612127623,"{""projection"": [[1.0]]}",-0.10756063304016639
sine,sin(x),2.0,20462514,5,scaled_with_l,0.1,2048,fixed_density,4.0,1,1,1.6470829790874566,5,2048,fixed_density,4.0,1,1,gain_matched,1.6655335037473877,"{""gain_matrix"": [[0.9050114684840214]]}",-0.018450524659931133
sine,sin(x),2.0,20462514,5,scaled_with_l,0.1,2048,fixed_density,4.0,1,1,1.6470829790874566,5,2048,fixed_density,4.0,1,1,variance_matched,1.660943553147121,"{""direction"": [1.0]}",-0.013860574059664454
sine,sin(x),2.0,20462514,5,scaled_with_l,0.1,2048,fixed_density,4.0,1,1,1.6470829790874566,5,2048,fixed_density,4.0,1,1,shuffled_target,0.00019126857847090038,{},1.6468917105089858
sine,sin(x),2.0,20462514,5,scaled_with_l,0.1,2048,fixed_density,4.0,1,1,1.6470829790874566,5,2048,fixed_density,4.0,1,1,analytic_volume,0.6931471805599453,"{""source_dim"": 1}",0.9539357985275113
sine,sin(x),2.0,20462531,6,scaled_with_l,0.1,2048,fixed_density,4.0,1,1,1.6688250824924855,6,2048,fixed_density,4.0,1,1,null,-0.00066790511626882,{},1.6694929876087543
sine,sin(x),2.0,20462531,6,scaled_with_l,0.1,2048,fixed_density,4.0,1,1,1.6688250824924855,6,2048,fixed_density,4.0,1,1,identity,1.7706636357992451,"{""projection"": [[1.0]]}",-0.10183855330675962
sine,sin(x),2.0,20462531,6,scaled_with_l,0.1,2048,fixed_density,4.0,1,1,1.6688250824924855,6,2048,fixed_density,4.0,1,1,gain_matched,1.6594609395978643,"{""gain_matrix"": [[0.9028000947635609]]}",0.009364142894621175
sine,sin(x),2.0,20462531,6,scaled_with_l,0.1,2048,fixed_density,4.0,1,1,1.6688250824924855,6,2048,fixed_density,4.0,1,1,variance_matched,1.6495026149372736,"{""direction"": [1.0]}",0.019322467555211942
sine,sin(x),2.0,20462531,6,scaled_with_l,0.1,2048,fixed_density,4.0,1,1,1.6688250824924855,6,2048,fixed_density,4.0,1,1,shuffled_target,0.00035366243352297254,{},1.6684714200589625
sine,sin(x),2.0,20462531,6,scaled_with_l,0.1,2048,fixed_density,4.0,1,1,1.6688250824924855,6,2048,fixed_density,4.0,1,1,analytic_volume,0.6931471805599453,"{""source_dim"": 1}",0.9756779019325402
sine,sin(x),2.0,20462548,7,scaled_with_l,0.1,2048,fixed_density,4.0,1,1,1.6470796398857481,7,2048,fixed_density,4.0,1,1,null,-0.0002737411122277376,{},1.647353380997976
sine,sin(x),2.0,20462548,7,scaled_with_l,0.1,2048,fixed_density,4.0,1,1,1.6470796398857481,7,2048,fixed_density,4.0,1,1,identity,1.7538220842838426,"{""projection"": [[1.0]]}",-0.10674244439809444
sine,sin(x),2.0,20462548,7,scaled_with_l,0.1,2048,fixed_density,4.0,1,1,1.6470796398857481,7,2048,fixed_density,4.0,1,1,gain_matched,1.6900740759061872,"{""gain_matrix"": [[0.9050266597955978]]}",-0.042994436020439064
sine,sin(x),2.0,20462548,7,scaled_with_l,0.1,2048,fixed_density,4.0,1,1,1.6470796398857481,7,2048,fixed_density,4.0,1,1,variance_matched,1.6431227026239839,"{""direction"": [1.0]}",0.003956937261764271
sine,sin(x),2.0,20462548,7,scaled_with_l,0.1,2048,fixed_density,4.0,1,1,1.6470796398857481,7,2048,fixed_density,4.0,1,1,shuffled_target,0.000576727714427092,{},1.646502912171321
sine,sin(x),2.0,20462548,7,scaled_with_l,0.1,2048,fixed_density,4.0,1,1,1.6470796398857481,7,2048,fixed_density,4.0,1,1,analytic_volume,0.6931471805599453,"{""source_dim"": 1}",0.9539324593258028
sine,sin(x),2.0,20462565,8,scaled_with_l,0.1,2048,fixed_density,4.0,1,1,1.664130676764538,8,2048,fixed_density,4.0,1,1,null,-0.0005691286333527104,{},1.6646998053978908
sine,sin(x),2.0,20462565,8,scaled_with_l,0.1,2048,fixed_density,4.0,1,1,1.664130676764538,8,2048,fixed_density,4.0,1,1,identity,1.7646185649615616,"{""projection"": [[1.0]]}",-0.10048788819702348
sine,sin(x),2.0,20462565,8,scaled_with_l,0.1,2048,fixed_density,4.0,1,1,1.664130676764538,8,2048,fixed_density,4.0,1,1,gain_matched,1.6664492077898803,"{""gain_matrix"": [[0.9043713840143717]]}",-0.0023185310253421854
sine,sin(x),2.0,20462565,8,scaled_with_l,0.1,2048,fixed_density,4.0,1,1,1.664130676764538,8,2048,fixed_density,4.0,1,1,variance_matched,1.6549397993493153,"{""direction"": [1.0]}",0.009190877415222731
sine,sin(x),2.0,20462565,8,scaled_with_l,0.1,2048,fixed_density,4.0,1,1,1.664130676764538,8,2048,fixed_density,4.0,1,1,shuffled_target,-0.00010597834601912184,{},1.6642366551105572
sine,sin(x),2.0,20462565,8,scaled_with_l,0.1,2048,fixed_density,4.0,1,1,1.664130676764538,8,2048,fixed_density,4.0,1,1,analytic_volume,0.6931471805599453,"{""source_dim"": 1}",0.9709834962045928
sine,sin(x),2.0,20462582,9,scaled_with_l,0.1,2048,fixed_density,4.0,1,1,1.6587479233534563,9,2048,fixed_density,4.0,1,1,null,-0.0005602958899592659,{},1.6593082192434156
sine,sin(x),2.0,20462582,9,scaled_with_l,0.1,2048,fixed_density,4.0,1,1,1.6587479233534563,9,2048,fixed_density,4.0,1,1,identity,1.7396561572274902,"{""projection"": [[1.0]]}",-0.0809082338740339
sine,sin(x),2.0,20462582,9,scaled_with_l,0.1,2048,fixed_density,4.0,1,1,1.6587479233534563,9,2048,fixed_density,4.0,1,1,gain_matched,1.6438868980736707,"{""gain_matrix"": [[0.9040214062729771]]}",0.014861025279785611
sine,sin(x),2.0,20462582,9,scaled_with_l,0.1,2048,fixed_density,4.0,1,1,1.6587479233534563,9,2048,fixed_density,4.0,1,1,variance_matched,1.6701992907892909,"{""direction"": [1.0]}",-0.011451367435834525
sine,sin(x),2.0,20462582,9,scaled_with_l,0.1,2048,fixed_density,4.0,1,1,1.6587479233534563,9,2048,fixed_density,4.0,1,1,shuffled_target,-0.0003626171475941205,{},1.6591105405010504
sine,sin(x),2.0,20462582,9,scaled_with_l,0.1,2048,fixed_density,4.0,1,1,1.6587479233534563,9,2048,fixed_density,4.0,1,1,analytic_volume,0.6931471805599453,"{""source_dim"": 1}",0.965600742793511
sine,sin(x),4.0,20463429,0,scaled_with_l,0.2,4096,fixed_density,4.0,1,1,1.40200063824475,0,4096,fixed_density,4.0,1,1,null,-0.00030871963914215933,{},1.4023093578838923
sine,sin(x),4.0,20463429,0,scaled_with_l,0.2,4096,fixed_density,4.0,1,1,1.40200063824475,0,4096,fixed_density,4.0,1,1,identity,1.7671300870258122,"{""projection"": [[1.0]]}",-0.3651294487810621
sine,sin(x),4.0,20463429,0,scaled_with_l,0.2,4096,fixed_density,4.0,1,1,1.40200063824475,0,4096,fixed_density,4.0,1,1,gain_matched,1.3669096283292257,"{""gain_matrix"": [[0.6551381907965163]]}",0.035091009915524385
sine,sin(x),4.0,20463429,0,scaled_with_l,0.2,4096,fixed_density,4.0,1,1,1.40200063824475,0,4096,fixed_density,4.0,1,1,variance_matched,1.3980910932134791,"{""direction"": [1.0]}",0.0039095450312709445
sine,sin(x),4.0,20463429,0,scaled_with_l,0.2,4096,fixed_density,4.0,1,1,1.40200063824475,0,4096,fixed_density,4.0,1,1,shuffled_target,-8.38503877224292e-05,{},1.4020844886324726
sine,sin(x),4.0,20463429,0,scaled_with_l,0.2,4096,fixed_density,4.0,1,1,1.40200063824475,0,4096,fixed_density,4.0,1,1,analytic_volume,1.3862943611198906,"{""source_dim"": 1}",0.015706277124859502
sine,sin(x),4.0,20463446,1,scaled_with_l,0.2,4096,fixed_density,4.0,1,1,1.3813258729932185,1,4096,fixed_density,4.0,1,1,null,0.00018941482754895287,{},1.3811364581656695
sine,sin(x),4.0,20463446,1,scaled_with_l,0.2,4096,fixed_density,4.0,1,1,1.3813258729932185,1,4096,fixed_density,4.0,1,1,identity,1.7492667831579516,"{""projection"": [[1.0]]}",-0.36794091016473307
sine,sin(x),4.0,20463446,1,scaled_with_l,0.2,4096,fixed_density,4.0,1,1,1.3813258729932185,1,4096,fixed_density,4.0,1,1,gain_matched,1.3479060500362159,"{""gain_matrix"": [[0.6581176911992174]]}",0.03341982295700263
sine,sin(x),4.0,20463446,1,scaled_with_l,0.2,4096,fixed_density,4.0,1,1,1.3813258729932185,1,4096,fixed_density,4.0,1,1,variance_matched,1.3744754021383545,"{""direction"": [1.0]}",0.00685047085486401
sine,sin(x),4.0,20463446,1,scaled_with_l,0.2,4096,fixed_density,4.0,1,1,1.3813258729932185,1,4096,fixed_density,4.0,1,1,shuffled_target,0.00011664017555783823,{},1.3812092328176606
sine,sin(x),4.0,20463446,1,scaled_with_l,0.2,4096,fixed_density,4.0,1,1,1.3813258729932185,1,4096,fixed_density,4.0,1,1,analytic_volume,1.3862943611198906,"{""source_dim"": 1}",-0.004968488126672055
sine,sin(x),4.0,20463463,2,scaled_with_l,0.2,4096,fixed_density,4.0,1,1,1.3940532093970328,2,4096,fixed_density,4.0,1,1,null,-0.0001393834947057497,{},1.3941925928917385
sine,sin(x),4.0,20463463,2,scaled_with_l,0.2,4096,fixed_density,4.0,1,1,1.3940532093970328,2,4096,fixed_density,4.0,1,1,identity,1.7891267616482125,"{""projection"": [[1.0]]}",-0.3950735522511797
sine,sin(x),4.0,20463463,2,scaled_with_l,0.2,4096,fixed_density,4.0,1,1,1.3940532093970328,2,4096,fixed_density,4.0,1,1,gain_matched,1.3734501115319544,"{""gain_matrix"": [[0.6536904076697236]]}",0.020603097865078412
sine,sin(x),4.0,20463463,2,scaled_with_l,0.2,4096,fixed_density,4.0,1,1,1.3940532093970328,2,4096,fixed_density,4.0,1,1,variance_matched,1.3918171075681962,"{""direction"": [1.0]}",0.002236101828836601
sine,sin(x),4.0,20463463,2,scaled_with_l,0.2,4096,fixed_density,4.0,1,1,1.3940532093970328,2,4096,fixed_density,4.0,1,1,shuffled_target,-0.0001770186324468307,{},1.3942302280294796
sine,sin(x),4.0,20463463,2,scaled_with_l,0.2,4096,fixed_density,4.0,1,1,1.3940532093970328,2,4096,fixed_density,4.0,1,1,analytic_volume,1.3862943611198906,"{""source_dim"": 1}",0.0077588482771422385
sine,sin(x),4.0,20463480,3,scaled_with_l,0.2,4096,fixed_density,4.0,1,1,1.3912402807846191,3,4096,fixed_density,4.0,1,1,null,5.488133611341602e-05,{},1.3911853994485057
sine,sin(x),4.0,20463480,3,scaled_with_l,0.2,4096,fixed_density,4.0,1,1,1.3912402807846191,3,4096,fixed_density,4.0,1,1,identity,1.7639201952629162,"{""projection"": [[1.0]]}",-0.37267991447829707
sine,sin(x),4.0,20463480,3,scaled_with_l,0.2,4096,fixed_density,4.0,1,1,1.3912402807846191,3,4096,fixed_density,4.0,1,1,gain_matched,1.3594053726246735,"{""gain_matrix"": [[0.651992036366801]]}",0.03183490815994561
sine,sin(x),4.0,20463480,3,scaled_with_l,0.2,4096,fixed_density,4.0,1,1,1.3912402807846191,3,4096,fixed_density,4.0,1,1,variance_matched,1.3697642787740445,"{""direction"": [1.0]}",0.021476002010574646
sine,sin(x),4.0,20463480,3,scaled_with_l,0.2,4096,fixed_density,4.0,1,1,1.3912402807846191,3,4096,fixed_density,4.0,1,1,shuffled_target,-0.0002625588129413366,{},1.3915028395975604
sine,sin(x),4.0,20463480,3,scaled_with_l,0.2,4096,fixed_density,4.0,1,1,1.3912402807846191,3,4096,fixed_density,4.0,1,1,analytic_volume,1.3862943611198906,"{""source_dim"": 1}",0.004945919664728571
sine,sin(x),4.0,20463497,4,scaled_with_l,0.2,4096,fixed_density,4.0,1,1,1.375551487452919,4,4096,fixed_density,4.0,1,1,null,-0.00015606919220771196,{},1.375707556645127
sine,sin(x),4.0,20463497,4,scaled_with_l,0.2,4096,fixed_density,4.0,1,1,1.375551487452919,4,4096,fixed_density,4.0,1,1,identity,1.7737655674627133,"{""projection"": [[1.0]]}",-0.3982140800097942
sine,sin(x),4.0,20463497,4,scaled_with_l,0.2,4096,fixed_density,4.0,1,1,1.375551487452919,4,4096,fixed_density,4.0,1,1,gain_matched,1.332487261516134,"{""gain_matrix"": [[0.6517202195604611]]}",0.04306422593678505
sine,sin(x),4.0,20463497,4,scaled_with_l,0.2,4096,fixed_density,4.0,1,1,1.375551487452919,4,4096,fixed_density,4.0,1,1,variance_matched,1.3560268806317723,"{""direction"": [1.0]}",0.01952460682114676
sine,sin(x),4.0,20463497,4,scaled_with_l,0.2,4096,fixed_density,4.0,1,1,1.375551487452919,4,4096,fixed_density,4.0,1,1,shuffled_target,-8.434903151098648e-06,{},1.3755599223560702
sine,sin(x),4.0,20463497,4,scaled_with_l,0.2,4096,fixed_density,4.0,1,1,1.375551487452919,4,4096,fixed_density,4.0,1,1,analytic_volume,1.3862943611198906,"{""source_dim"": 1}",-0.010742873666971464
sine,sin(x),4.0,20463514,5,scaled_with_l,0.2,4096,fixed_density,4.0,1,1,1.399305136326273,5,4096,fixed_density,4.0,1,1,null,6.162378308052622e-05,{},1.3992435125431923
sine,sin(x),4.0,20463514,5,scaled_with_l,0.2,4096,fixed_density,4.0,1,1,1.399305136326273,5,4096,fixed_density,4.0,1,1,identity,1.762546136393195,"{""projection"": [[1.0]]}",-0.36324100006692195
sine,sin(x),4.0,20463514,5,scaled_with_l,0.2,4096,fixed_density,4.0,1,1,1.399305136326273,5,4096,fixed_density,4.0,1,1,gain_matched,1.387066240034351,"{""gain_matrix"": [[0.6550429209924973]]}",0.012238896291921986
sine,sin(x),4.0,20463514,5,scaled_with_l,0.2,4096,fixed_density,4.0,1,1,1.399305136326273,5,4096,fixed_density,4.0,1,1,variance_matched,1.3832730141147402,"{""direction"": [1.0]}",0.016032122211532718
sine,sin(x),4.0,20463514,5,scaled_with_l,0.2,4096,fixed_density,4.0,1,1,1.399305136326273,5,4096,fixed_density,4.0,1,1,shuffled_target,0.00045407729376105194,{},1.3988510590325118
sine,sin(x),4.0,20463514,5,scaled_with_l,0.2,4096,fixed_density,4.0,1,1,1.399305136326273,5,4096,fixed_density,4.0,1,1,analytic_volume,1.3862943611198906,"{""source_dim"": 1}",0.013010775206382386
sine,sin(x),4.0,20463531,6,scaled_with_l,0.2,4096,fixed_density,4.0,1,1,1.384152868442143,6,4096,fixed_density,4.0,1,1,null,0.0005656792541798018,{},1.3835871891879632
sine,sin(x),4.0,20463531,6,scaled_with_l,0.2,4096,fixed_density,4.0,1,1,1.384152868442143,6,4096,fixed_density,4.0,1,1,identity,1.759869055986507,"{""projection"": [[1.0]]}",-0.375716187544364
sine,sin(x),4.0,20463531,6,scaled_with_l,0.2,4096,fixed_density,4.0,1,1,1.384152868442143,6,4096,fixed_density,4.0,1,1,gain_matched,1.3659685802356958,"{""gain_matrix"": [[0.6522056055975236]]}",0.01818428820644713
sine,sin(x),4.0,20463531,6,scaled_with_l,0.2,4096,fixed_density,4.0,1,1,1.384152868442143,6,4096,fixed_density,4.0,1,1,variance_matched,1.3709243993598925,"{""direction"": [1.0]}",0.013228469082250394
sine,sin(x),4.0,20463531,6,scaled_with_l,0.2,4096,fixed_density,4.0,1,1,1.384152868442143,6,4096,fixed_density,4.0,1,1,shuffled_target,0.000174794963237211,{},1.3839780734789058
sine,sin(x),4.0,20463531,6,scaled_with_l,0.2,4096,fixed_density,4.0,1,1,1.384152868442143,6,4096,fixed_density,4.0,1,1,analytic_volume,1.3862943611198906,"{""source_dim"": 1}",-0.0021414926777476584
sine,sin(x),4.0,20463548,7,scaled_with_l,0.2,4096,fixed_density,4.0,1,1,1.3851758404446661,7,4096,fixed_density,4.0,1,1,null,0.00013709757294443737,{},1.3850387428717217
sine,sin(x),4.0,20463548,7,scaled_with_l,0.2,4096,fixed_density,4.0,1,1,1.3851758404446661,7,4096,fixed_density,4.0,1,1,identity,1.7500249256855613,"{""projection"": [[1.0]]}",-0.3648490852408952
sine,sin(x),4.0,20463548,7,scaled_with_l,0.2,4096,fixed_density,4.0,1,1,1.3851758404446661,7,4096,fixed_density,4.0,1,1,gain_matched,1.3648115081454684,"{""gain_matrix"": [[0.6558150295929259]]}",0.020364332299197763
sine,sin(x),4.0,20463548,7,scaled_with_l,0.2,4096,fixed_density,4.0,1,1,1.3851758404446661,7,4096,fixed_density,4.0,1,1,variance_matched,1.3915069265942153,"{""direction"": [1.0]}",-0.006331086149549137
sine,sin(x),4.0,20463548,7,scaled_with_l,0.2,4096,fixed_density,4.0,1,1,1.3851758404446661,7,4096,fixed_density,4.0,1,1,shuffled_target,-0.0002227998524144757,{},1.3853986402970806
sine,sin(x),4.0,20463548,7,scaled_with_l,0.2,4096,fixed_density,4.0,1,1,1.3851758404446661,7,4096,fixed_density,4.0,1,1,analytic_volume,1.3862943611198906,"{""source_dim"": 1}",-0.0011185206752244437
sine,sin(x),4.0,20463565,8,scaled_with_l,0.2,4096,fixed_density,4.0,1,1,1.3809802636300597,8,4096,fixed_density,4.0,1,1,null,-0.00018993781370159134,{},1.3811702014437612
sine,sin(x),4.0,20463565,8,scaled_with_l,0.2,4096,fixed_density,4.0,1,1,1.3809802636300597,8,4096,fixed_density,4.0,1,1,identity,1.7608883024259023,"{""projection"": [[1.0]]}",-0.3799080387958427
sine,sin(x),4.0,20463565,8,scaled_with_l,0.2,4096,fixed_density,4.0,1,1,1.3809802636300597,8,4096,fixed_density,4.0,1,1,gain_matched,1.365740514732693,"{""gain_matrix"": [[0.6517560875196027]]}",0.015239748897366567
sine,sin(x),4.0,20463565,8,scaled_with_l,0.2,4096,fixed_density,4.0,1,1,1.3809802636300597,8,4096,fixed_density,4.0,1,1,variance_matched,1.368386319969938,"{""direction"": [1.0]}",0.012593943660121676
sine,sin(x),4.0,20463565,8,scaled_with_l,0.2,4096,fixed_density,4.0,1,1,1.3809802636300597,8,4096,fixed_density,4.0,1,1,shuffled_target,7.79166307958278e-05,{},1.3809023469992638
sine,sin(x),4.0,20463565,8,scaled_with_l,0.2,4096,fixed_density,4.0,1,1,1.3809802636300597,8,4096,fixed_density,4.0,1,1,analytic_volume,1.3862943611198906,"{""source_dim"": 1}",-0.005314097489830916
sine,sin(x),4.0,20463582,9,scaled_with_l,0.2,4096,fixed_density,4.0,1,1,1.3776258948410451,9,4096,fixed_density,4.0,1,1,null,0.00016364494332349208,{},1.3774622498977216
sine,sin(x),4.0,20463582,9,scaled_with_l,0.2,4096,fixed_density,4.0,1,1,1.3776258948410451,9,4096,fixed_density,4.0,1,1,identity,1.7802614111170483,"{""projection"": [[1.0]]}",-0.40263551627600314
sine,sin(x),4.0,20463582,9,scaled_with_l,0.2,4096,fixed_density,4.0,1,1,1.3776258948410451,9,4096,fixed_density,4.0,1,1,gain_matched,1.3694698627369875,"{""gain_matrix"": [[0.6490765336407357]]}",0.008156032104057687
sine,sin(x),4.0,20463582,9,scaled_with_l,0.2,4096,fixed_density,4.0,1,1,1.3776258948410451,9,4096,fixed_density,4.0,1,1,variance_matched,1.3830883154165798,"{""direction"": [1.0]}",-0.005462420575534699
sine,sin(x),4.0,20463582,9,scaled_with_l,0.2,4096,fixed_density,4.0,1,1,1.3776258948410451,9,4096,fixed_density,4.0,1,1,shuffled_target,-0.00028288844784904216,{},1.377908783288894
sine,sin(x),4.0,20463582,9,scaled_with_l,0.2,4096,fixed_density,4.0,1,1,1.3776258948410451,9,4096,fixed_density,4.0,1,1,analytic_volume,1.3862943611198906,"{""source_dim"": 1}",-0.008668466278845433
sine,sin(x),8.0,20464429,0,scaled_with_l,0.4,8192,fixed_density,4.0,1,1,0.5653661149871716,0,8192,fixed_density,4.0,1,1,null,-3.874589004754555e-05,{},0.5654048608772192
sine,sin(x),8.0,20464429,0,scaled_with_l,0.4,8192,fixed_density,4.0,1,1,0.5653661149871716,0,8192,fixed_density,4.0,1,1,identity,1.783031377034785,"{""projection"": [[1.0]]}",-1.2176652620476134
sine,sin(x),8.0,20464429,0,scaled_with_l,0.4,8192,fixed_density,4.0,1,1,0.5653661149871716,0,8192,fixed_density,4.0,1,1,gain_matched,0.11550397302619322,"{""gain_matrix"": [[0.08675702377030123]]}",0.4498621419609784
sine,sin(x),8.0,20464429,0,scaled_with_l,0.4,8192,fixed_density,4.0,1,1,0.5653661149871716,0,8192,fixed_density,4.0,1,1,variance_matched,0.6568038224429416,"{""direction"": [1.0]}",-0.09143770745576996
sine,sin(x),8.0,20464429,0,scaled_with_l,0.4,8192,fixed_density,4.0,1,1,0.5653661149871716,0,8192,fixed_density,4.0,1,1,shuffled_target,5.355525175887633e-05,{},0.5653125597354127
sine,sin(x),8.0,20464429,0,scaled_with_l,0.4,8192,fixed_density,4.0,1,1,0.5653661149871716,0,8192,fixed_density,4.0,1,1,analytic_volume,2.0794415416798357,"{""source_dim"": 1}",-1.5140754266926642
sine,sin(x),8.0,20464446,1,scaled_with_l,0.4,8192,fixed_density,4.0,1,1,0.5831299357736687,1,8192,fixed_density,4.0,1,1,null,8.282364292461286e-05,{},0.583047112130744
sine,sin(x),8.0,20464446,1,scaled_with_l,0.4,8192,fixed_density,4.0,1,1,0.5831299357736687,1,8192,fixed_density,4.0,1,1,identity,1.7585851825331897,"{""projection"": [[1.0]]}",-1.1754552467595212
sine,sin(x),8.0,20464446,1,scaled_with_l,0.4,8192,fixed_density,4.0,1,1,0.5831299357736687,1,8192,fixed_density,4.0,1,1,gain_matched,0.12519143985824424,"{""gain_matrix"": [[0.08882201085111359]]}",0.45793849591542446
sine,sin(x),8.0,20464446,1,scaled_with_l,0.4,8192,fixed_density,4.0,1,1,0.5831299357736687,1,8192,fixed_density,4.0,1,1,variance_matched,0.6797145462607741,"{""direction"": [1.0]}",-0.09658461048710543
sine,sin(x),8.0,20464446,1,scaled_with_l,0.4,8192,fixed_density,4.0,1,1,0.5831299357736687,1,8192,fixed_density,4.0,1,1,shuffled_target,5.006336474655849e-06,{},0.583124929437194
sine,sin(x),8.0,20464446,1,scaled_with_l,0.4,8192,fixed_density,4.0,1,1,0.5831299357736687,1,8192,fixed_density,4.0,1,1,analytic_volume,2.0794415416798357,"{""source_dim"": 1}",-1.496311605906167
sine,sin(x),8.0,20464463,2,scaled_with_l,0.4,8192,fixed_density,4.0,1,1,0.5713111787501477,2,8192,fixed_density,4.0,1,1,null,0.00013697091508019053,{},0.5711742078350676
sine,sin(x),8.0,20464463,2,scaled_with_l,0.4,8192,fixed_density,4.0,1,1,0.5713111787501477,2,8192,fixed_density,4.0,1,1,identity,1.7643759192875645,"{""projection"": [[1.0]]}",-1.1930647405374168
sine,sin(x),8.0,20464463,2,scaled_with_l,0.4,8192,fixed_density,4.0,1,1,0.5713111787501477,2,8192,fixed_density,4.0,1,1,gain_matched,0.12166653298417995,"{""gain_matrix"": [[0.08918046593533055]]}",0.44964464576596774
sine,sin(x),8.0,20464463,2,scaled_with_l,0.4,8192,fixed_density,4.0,1,1,0.5713111787501477,2,8192,fixed_density,4.0,1,1,variance_matched,0.655942193231662,"{""direction"": [1.0]}",-0.08463101448151433
sine,sin(x),8.0,20464463,2,scaled_with_l,0.4,8192,fixed_density,4.0,1,1,0.5713111787501477,2,8192,fixed_density,4.0,1,1,shuffled_target,5.113962053527906e-05,{},0.5712600391296124
sine,sin(x),8.0,20464463,2,scaled_with_l,0.4,8192,fixed_density,4.0,1,1,0.5713111787501477,2,8192,fixed_density,4.0,1,1,analytic_volume,2.0794415416798357,"{""source_dim"": 1}",-1.508130362929688
sine,sin(x),8.0,20464480,3,scaled_with_l,0.4,8192,fixed_density,4.0,1,1,0.5790034924216356,3,8192,fixed_density,4.0,1,1,null,4.494145879335482e-05,{},0.5789585509628423
sine,sin(x),8.0,20464480,3,scaled_with_l,0.4,8192,fixed_density,4.0,1,1,0.5790034924216356,3,8192,fixed_density,4.0,1,1,identity,1.7688929251961,"{""projection"": [[1.0]]}",-1.1898894327744645
sine,sin(x),8.0,20464480,3,scaled_with_l,0.4,8192,fixed_density,4.0,1,1,0.5790034924216356,3,8192,fixed_density,4.0,1,1,gain_matched,0.11321392355080709,"{""gain_matrix"": [[0.0901840823803211]]}",0.46578956887082856
sine,sin(x),8.0,20464480,3,scaled_with_l,0.4,8192,fixed_density,4.0,1,1,0.5790034924216356,3,8192,fixed_density,4.0,1,1,variance_matched,0.659504284261309,"{""direction"": [1.0]}",-0.0805007918396734
sine,sin(x),8.0,20464480,3,scaled_with_l,0.4,8192,fixed_density,4.0,1,1,0.5790034924216356,3,8192,fixed_density,4.0,1,1,shuffled_target,0.00026011624352735254,{},0.5787433761781082
sine,sin(x),8.0,20464480,3,scaled_with_l,0.4,8192,fixed_density,4.0,1,1,0.5790034924216356,3,8192,fixed_density,4.0,1,1,analytic_volume,2.0794415416798357,"{""source_dim"": 1}",-1.5004380492582001
sine,sin(x),8.0,20464497,4,scaled_with_l,0.4,8192,fixed_density,4.0,1,1,0.5673234541671937,4,8192,fixed_density,4.0,1,1,null,0.00025768404640736666,{},0.5670657701207863
sine,sin(x),8.0,20464497,4,scaled_with_l,0.4,8192,fixed_density,4.0,1,1,0.5673234541671937,4,8192,fixed_density,4.0,1,1,identity,1.7715522566964688,"{""projection"": [[1.0]]}",-1.204228802529275
sine,sin(x),8.0,20464497,4,scaled_with_l,0.4,8192,fixed_density,4.0,1,1,0.5673234541671937,4,8192,fixed_density,4.0,1,1,gain_matched,0.11515993468121472,"{""gain_matrix"": [[0.08904001225887126]]}",0.45216351948597894
sine,sin(x),8.0,20464497,4,scaled_with_l,0.4,8192,fixed_density,4.0,1,1,0.5673234541671937,4,8192,fixed_density,4.0,1,1,variance_matched,0.6499965735218398,"{""direction"": [1.0]}",-0.08267311935464616
sine,sin(x),8.0,20464497,4,scaled_with_l,0.4,8192,fixed_density,4.0,1,1,0.5673234541671937,4,8192,fixed_density,4.0,1,1,shuffled_target,2.3466581877670323e-05,{},0.567299987585316
sine,sin(x),8.0,20464497,4,scaled_with_l,0.4,8192,fixed_density,4.0,1,1,0.5673234541671937,4,8192,fixed_density,4.0,1,1,analytic_volume,2.0794415416798357,"{""source_dim"": 1}",-1.512118087512642
sine,sin(x),8.0,20464514,5,scaled_with_l,0.4,8192,fixed_density,4.0,1,1,0.5814312084500288,5,8192,fixed_density,4.0,1,1,null,1.3624154939721633e-05,{},0.581417584295089
sine,sin(x),8.0,20464514,5,scaled_with_l,0.4,8192,fixed_density,4.0,1,1,0.5814312084500288,5,8192,fixed_density,4.0,1,1,identity,1.766794688521669,"{""projection"": [[1.0]]}",-1.1853634800716402
sine,sin(x),8.0,20464514,5,scaled_with_l,0.4,8192,fixed_density,4.0,1,1,0.5814312084500288,5,8192,fixed_density,4.0,1,1,gain_matched,0.10701745479904237,"{""gain_matrix"": [[0.0874510147382238]]}",0.4744137536509865
sine,sin(x),8.0,20464514,5,scaled_with_l,0.4,8192,fixed_density,4.0,1,1,0.5814312084500288,5,8192,fixed_density,4.0,1,1,variance_matched,0.66241291918594,"{""direction"": [1.0]}",-0.0809817107359112
sine,sin(x),8.0,20464514,5,scaled_with_l,0.4,8192,fixed_density,4.0,1,1,0.5814312084500288,5,8192,fixed_density,4.0,1,1,shuffled_target,3.701648136825053e-05,{},0.5813941919686606
sine,sin(x),8.0,20464514,5,scaled_with_l,0.4,8192,fixed_density,4.0,1,1,0.5814312084500288,5,8192,fixed_density,4.0,1,1,analytic_volume,2.0794415416798357,"{""source_dim"": 1}",-1.498010333229807
sine,sin(x),8.0,20464531,6,scaled_with_l,0.4,8192,fixed_density,4.0,1,1,0.5731192638624633,6,8192,fixed_density,4.0,1,1,null,-0.00014950219749962397,{},0.5732687660599629
sine,sin(x),8.0,20464531,6,scaled_with_l,0.4,8192,fixed_density,4.0,1,1,0.5731192638624633,6,8192,fixed_density,4.0,1,1,identity,1.7791476410754938,"{""projection"": [[1.0]]}",-1.2060283772130305
sine,sin(x),8.0,20464531,6,scaled_with_l,0.4,8192,fixed_density,4.0,1,1,0.5731192638624633,6,8192,fixed_density,4.0,1,1,gain_matched,0.1117501565971279,"{""gain_matrix"": [[0.08247475375572379]]}",0.46136910726533537
sine,sin(x),8.0,20464531,6,scaled_with_l,0.4,8192,fixed_density,4.0,1,1,0.5731192638624633,6,8192,fixed_density,4.0,1,1,variance_matched,0.6652217825011346,"{""direction"": [1.0]}",-0.09210251863867136
sine,sin(x),8.0,20464531,6,scaled_with_l,0.4,8192,fixed_density,4.0,1,1,0.5731192638624633,6,8192,fixed_density,4.0,1,1,shuffled_target,-1.7376403047528882e-05,{},0.5731366402655108
sine,sin(x),8.0,20464531,6,scaled_with_l,0.4,8192,fixed_density,4.0,1,1,0.5731192638624633,6,8192,fixed_density,4.0,1,1,analytic_volume,2.0794415416798357,"{""source_dim"": 1}",-1.5063222778173726
sine,sin(x),8.0,20464548,7,scaled_with_l,0.4,8192,fixed_density,4.0,1,1,0.5779000173285633,7,8192,fixed_density,4.0,1,1,null,-4.563415794474114e-05,{},0.5779456514865081
sine,sin(x),8.0,20464548,7,scaled_with_l,0.4,8192,fixed_density,4.0,1,1,0.5779000173285633,7,8192,fixed_density,4.0,1,1,identity,1.776865676216335,"{""projection"": [[1.0]]}",-1.1989656588877717
sine,sin(x),8.0,20464548,7,scaled_with_l,0.4,8192,fixed_density,4.0,1,1,0.5779000173285633,7,8192,fixed_density,4.0,1,1,gain_matched,0.11927556041455589,"{""gain_matrix"": [[0.08705312788542036]]}",0.45862445691400744
sine,sin(x),8.0,20464548,7,scaled_with_l,0.4,8192,fixed_density,4.0,1,1,0.5779000173285633,7,8192,fixed_density,4.0,1,1,variance_matched,0.6544881201356585,"{""direction"": [1.0]}",-0.07658810280709516
sine,sin(x),8.0,20464548,7,scaled_with_l,0.4,8192,fixed_density,4.0,1,1,0.5779000173285633,7,8192,fixed_density,4.0,1,1,shuffled_target,5.249454603934013e-05,{},0.5778475227825239
sine,sin(x),8.0,20464548,7,scaled_with_l,0.4,8192,fixed_density,4.0,1,1,0.5779000173285633,7,8192,fixed_density,4.0,1,1,analytic_volume,2.0794415416798357,"{""source_dim"": 1}",-1.5015415243512724
sine,sin(x),8.0,20464565,8,scaled_with_l,0.4,8192,fixed_density,4.0,1,1,0.5749689804836458,8,8192,fixed_density,4.0,1,1,null,0.000490323954444449,{},0.5744786565292013
sine,sin(x),8.0,20464565,8,scaled_with_l,0.4,8192,fixed_density,4.0,1,1,0.5749689804836458,8,8192,fixed_density,4.0,1,1,identity,1.778687845521676,"{""projection"": [[1.0]]}",-1.2037188650380302
sine,sin(x),8.0,20464565,8,scaled_with_l,0.4,8192,fixed_density,4.0,1,1,0.5749689804836458,8,8192,fixed_density,4.0,1,1,gain_matched,0.10950384148394801,"{""gain_matrix"": [[0.08264499929219313]]}",0.46546513899969777
sine,sin(x),8.0,20464565,8,scaled_with_l,0.4,8192,fixed_density,4.0,1,1,0.5749689804836458,8,8192,fixed_density,4.0,1,1,variance_matched,0.6537020305862351,"{""direction"": [1.0]}",-0.07873305010258935
sine,sin(x),8.0,20464565,8,scaled_with_l,0.4,8192,fixed_density,4.0,1,1,0.5749689804836458,8,8192,fixed_density,4.0,1,1,shuffled_target,-0.00015568483077343188,{},0.5751246653144192
sine,sin(x),8.0,20464565,8,scaled_with_l,0.4,8192,fixed_density,4.0,1,1,0.5749689804836458,8,8192,fixed_density,4.0,1,1,analytic_volume,2.0794415416798357,"{""source_dim"": 1}",-1.50447256119619
sine,sin(x),8.0,20464582,9,scaled_with_l,0.4,8192,fixed_density,4.0,1,1,0.5758129799299854,9,8192,fixed_density,4.0,1,1,null,1.3713987892785909e-05,{},0.5757992659420926
sine,sin(x),8.0,20464582,9,scaled_with_l,0.4,8192,fixed_density,4.0,1,1,0.5758129799299854,9,8192,fixed_density,4.0,1,1,identity,1.762627166470855,"{""projection"": [[1.0]]}",-1.1868141865408697
sine,sin(x),8.0,20464582,9,scaled_with_l,0.4,8192,fixed_density,4.0,1,1,0.5758129799299854,9,8192,fixed_density,4.0,1,1,gain_matched,0.10638632354303655,"{""gain_matrix"": [[0.08314757166308297]]}",0.4694266563869488
sine,sin(x),8.0,20464582,9,scaled_with_l,0.4,8192,fixed_density,4.0,1,1,0.5758129799299854,9,8192,fixed_density,4.0,1,1,variance_matched,0.6564564147592815,"{""direction"": [1.0]}",-0.08064343482929615
sine,sin(x),8.0,20464582,9,scaled_with_l,0.4,8192,fixed_density,4.0,1,1,0.5758129799299854,9,8192,fixed_density,4.0,1,1,shuffled_target,-9.319374751870643e-05,{},0.5759061736775041
sine,sin(x),8.0,20464582,9,scaled_with_l,0.4,8192,fixed_density,4.0,1,1,0.5758129799299854,9,8192,fixed_density,4.0,1,1,analytic_volume,2.0794415416798357,"{""source_dim"": 1}",-1.5036285617498504
sine,sin(x),12.0,20465429,0,scaled_with_l,0.6000000000000001,12288,fixed_density,4.0,1,1,0.13861755871650175,0,12288,fixed_density,4.0,1,1,null,-0.00010787311647299178,{},0.13872543183297473
sine,sin(x),12.0,20465429,0,scaled_with_l,0.6000000000000001,12288,fixed_density,4.0,1,1,0.13861755871650175,0,12288,fixed_density,4.0,1,1,identity,1.7664484682645734,"{""projection"": [[1.0]]}",-1.6278309095480716
sine,sin(x),12.0,20465429,0,scaled_with_l,0.6000000000000001,12288,fixed_density,4.0,1,1,0.13861755871650175,0,12288,fixed_density,4.0,1,1,gain_matched,0.09672257561650248,"{""gain_matrix"": [[-0.08256328384153366]]}",0.04189498309999927
sine,sin(x),12.0,20465429,0,scaled_with_l,0.6000000000000001,12288,fixed_density,4.0,1,1,0.13861755871650175,0,12288,fixed_density,4.0,1,1,variance_matched,0.45529006142459116,"{""direction"": [1.0]}",-0.31667250270808944
sine,sin(x),12.0,20465429,0,scaled_with_l,0.6000000000000001,12288,fixed_density,4.0,1,1,0.13861755871650175,0,12288,fixed_density,4.0,1,1,shuffled_target,-7.094537598654789e-05,{},0.13868850409248829
sine,sin(x),12.0,20465429,0,scaled_with_l,0.6000000000000001,12288,fixed_density,4.0,1,1,0.13861755871650175,0,12288,fixed_density,4.0,1,1,analytic_volume,2.4849066497880004,"{""source_dim"": 1}",-2.3462890910714984
sine,sin(x),12.0,20465446,1,scaled_with_l,0.6000000000000001,12288,fixed_density,4.0,1,1,0.13682129889251696,1,12288,fixed_density,4.0,1,1,null,-1.5615848614621057e-05,{},0.13683691474113158
sine,sin(x),12.0,20465446,1,scaled_with_l,0.6000000000000001,12288,fixed_density,4.0,1,1,0.13682129889251696,1,12288,fixed_density,4.0,1,1,identity,1.7758757824805622,"{""projection"": [[1.0]]}",-1.6390544835880452
sine,sin(x),12.0,20465446,1,scaled_with_l,0.6000000000000001,12288,fixed_density,4.0,1,1,0.13682129889251696,1,12288,fixed_density,4.0,1,1,gain_matched,0.09966426781867593,"{""gain_matrix"": [[-0.08286344386085052]]}",0.037157031073841024
sine,sin(x),12.0,20465446,1,scaled_with_l,0.6000000000000001,12288,fixed_density,4.0,1,1,0.13682129889251696,1,12288,fixed_density,4.0,1,1,variance_matched,0.45915725566513776,"{""direction"": [1.0]}",-0.32233595677262084
sine,sin(x),12.0,20465446,1,scaled_with_l,0.6000000000000001,12288,fixed_density,4.0,1,1,0.13682129889251696,1,12288,fixed_density,4.0,1,1,shuffled_target,0.00010139376162030926,{},0.13671990513089666
sine,sin(x),12.0,20465446,1,scaled_with_l,0.6000000000000001,12288,fixed_density,4.0,1,1,0.13682129889251696,1,12288,fixed_density,4.0,1,1,analytic_volume,2.4849066497880004,"{""source_dim"": 1}",-2.3480853508954835
sine,sin(x),12.0,20465463,2,scaled_with_l,0.6000000000000001,12288,fixed_density,4.0,1,1,0.13847383361631918,2,12288,fixed_density,4.0,1,1,null,1.8423472654936508e-05,{},0.13845541014366425
sine,sin(x),12.0,20465463,2,scaled_with_l,0.6000000000000001,12288,fixed_density,4.0,1,1,0.13847383361631918,2,12288,fixed_density,4.0,1,1,identity,1.7731826744869668,"{""projection"": [[1.0]]}",-1.6347088408706476
sine,sin(x),12.0,20465463,2,scaled_with_l,0.6000000000000001,12288,fixed_density,4.0,1,1,0.13847383361631918,2,12288,fixed_density,4.0,1,1,gain_matched,0.11219631491523437,"{""gain_matrix"": [[-0.08465259997048026]]}",0.026277518701084815
sine,sin(x),12.0,20465463,2,scaled_with_l,0.6000000000000001,12288,fixed_density,4.0,1,1,0.13847383361631918,2,12288,fixed_density,4.0,1,1,variance_matched,0.4614636709485406,"{""direction"": [1.0]}",-0.3229898373322214
sine,sin(x),12.0,20465463,2,scaled_with_l,0.6000000000000001,12288,fixed_density,4.0,1,1,0.13847383361631918,2,12288,fixed_density,4.0,1,1,shuffled_target,0.0001652017701942969,{},0.13830863184612488
sine,sin(x),12.0,20465463,2,scaled_with_l,0.6000000000000001,12288,fixed_density,4.0,1,1,0.13847383361631918,2,12288,fixed_density,4.0,1,1,analytic_volume,2.4849066497880004,"{""source_dim"": 1}",-2.346432816171681
sine,sin(x),12.0,20465480,3,scaled_with_l,0.6000000000000001,12288,fixed_density,4.0,1,1,0.1344978087581629,3,12288,fixed_density,4.0,1,1,null,-2.953583722098509e-05,{},0.13452734459538387
sine,sin(x),12.0,20465480,3,scaled_with_l,0.6000000000000001,12288,fixed_density,4.0,1,1,0.1344978087581629,3,12288,fixed_density,4.0,1,1,identity,1.7738115177099312,"{""projection"": [[1.0]]}",-1.6393137089517682
sine,sin(x),12.0,20465480,3,scaled_with_l,0.6000000000000001,12288,fixed_density,4.0,1,1,0.1344978087581629,3,12288,fixed_density,4.0,1,1,gain_matched,0.09995977404168738,"{""gain_matrix"": [[-0.08197392171416912]]}",0.03453803471647551
sine,sin(x),12.0,20465480,3,scaled_with_l,0.6000000000000001,12288,fixed_density,4.0,1,1,0.1344978087581629,3,12288,fixed_density,4.0,1,1,variance_matched,0.453332443467554,"{""direction"": [1.0]}",-0.3188346347093911
sine,sin(x),12.0,20465480,3,scaled_with_l,0.6000000000000001,12288,fixed_density,4.0,1,1,0.1344978087581629,3,12288,fixed_density,4.0,1,1,shuffled_target,-5.281255703478714e-05,{},0.13455062131519768
sine,sin(x),12.0,20465480,3,scaled_with_l,0.6000000000000001,12288,fixed_density,4.0,1,1,0.1344978087581629,3,12288,fixed_density,4.0,1,1,analytic_volume,2.4849066497880004,"{""source_dim"": 1}",-2.3504088410298376
sine,sin(x),12.0,20465497,4,scaled_with_l,0.6000000000000001,12288,fixed_density,4.0,1,1,0.13880418576649003,4,12288,fixed_density,4.0,1,1,null,0.00016745840644083668,{},0.1386367273600492
sine,sin(x),12.0,20465497,4,scaled_with_l,0.6000000000000001,12288,fixed_density,4.0,1,1,0.13880418576649003,4,12288,fixed_density,4.0,1,1,identity,1.7545266880042218,"{""projection"": [[1.0]]}",-1.6157225022377317
sine,sin(x),12.0,20465497,4,scaled_with_l,0.6000000000000001,12288,fixed_density,4.0,1,1,0.13880418576649003,4,12288,fixed_density,4.0,1,1,gain_matched,0.10614616610564419,"{""gain_matrix"": [[-0.08437234340160507]]}",0.03265801966084585
sine,sin(x),12.0,20465497,4,scaled_with_l,0.6000000000000001,12288,fixed_density,4.0,1,1,0.13880418576649003,4,12288,fixed_density,4.0,1,1,variance_matched,0.4426937391350894,"{""direction"": [1.0]}",-0.30388955336859935
sine,sin(x),12.0,20465497,4,scaled_with_l,0.6000000000000001,12288,fixed_density,4.0,1,1,0.13880418576649003,4,12288,fixed_density,4.0,1,1,shuffled_target,-4.2681399059766514e-05,{},0.1388468671655498
sine,sin(x),12.0,20465497,4,scaled_with_l,0.6000000000000001,12288,fixed_density,4.0,1,1,0.13880418576649003,4,12288,fixed_density,4.0,1,1,analytic_volume,2.4849066497880004,"{""source_dim"": 1}",-2.3461024640215102
sine,sin(x),12.0,20465514,5,scaled_with_l,0.6000000000000001,12288,fixed_density,4.0,1,1,0.13229797051366135,5,12288,fixed_density,4.0,1,1,null,-7.510929990766855e-05,{},0.13237307981356902
sine,sin(x),12.0,20465514,5,scaled_with_l,0.6000000000000001,12288,fixed_density,4.0,1,1,0.13229797051366135,5,12288,fixed_density,4.0,1,1,identity,1.7636712575786524,"{""projection"": [[1.0]]}",-1.631373287064991
sine,sin(x),12.0,20465514,5,scaled_with_l,0.6000000000000001,12288,fixed_density,4.0,1,1,0.13229797051366135,5,12288,fixed_density,4.0,1,1,gain_matched,0.10903910565776438,"{""gain_matrix"": [[-0.08291041062647403]]}",0.02325886485589697
sine,sin(x),12.0,20465514,5,scaled_with_l,0.6000000000000001,12288,fixed_density,4.0,1,1,0.13229797051366135,5,12288,fixed_density,4.0,1,1,variance_matched,0.4474125414968766,"{""direction"": [1.0]}",-0.31511457098321527
sine,sin(x),12.0,20465514,5,scaled_with_l,0.6000000000000001,12288,fixed_density,4.0,1,1,0.13229797051366135,5,12288,fixed_density,4.0,1,1,shuffled_target,9.183184481842878e-05,{},0.13220613866884293
sine,sin(x),12.0,20465514,5,scaled_with_l,0.6000000000000001,12288,fixed_density,4.0,1,1,0.13229797051366135,5,12288,fixed_density,4.0,1,1,analytic_volume,2.4849066497880004,"{""source_dim"": 1}",-2.352608679274339
sine,sin(x),12.0,20465531,6,scaled_with_l,0.6000000000000001,12288,fixed_density,4.0,1,1,0.14090710902747283,6,12288,fixed_density,4.0,1,1,null,-5.7483258728004046e-05,{},0.14096459228620084
sine,sin(x),12.0,20465531,6,scaled_with_l,0.6000000000000001,12288,fixed_density,4.0,1,1,0.14090710902747283,6,12288,fixed_density,4.0,1,1,identity,1.7674233552194174,"{""projection"": [[1.0]]}",-1.6265162461919447
sine,sin(x),12.0,20465531,6,scaled_with_l,0.6000000000000001,12288,fixed_density,4.0,1,1,0.14090710902747283,6,12288,fixed_density,4.0,1,1,gain_matched,0.0986804600412331,"{""gain_matrix"": [[-0.08131658612407162]]}",0.042226648986239734
sine,sin(x),12.0,20465531,6,scaled_with_l,0.6000000000000001,12288,fixed_density,4.0,1,1,0.14090710902747283,6,12288,fixed_density,4.0,1,1,variance_matched,0.4425833837513404,"{""direction"": [1.0]}",-0.30167627472386754
sine,sin(x),12.0,20465531,6,scaled_with_l,0.6000000000000001,12288,fixed_density,4.0,1,1,0.14090710902747283,6,12288,fixed_density,4.0,1,1,shuffled_target,-0.00010054332974084584,{},0.1410076523572137
sine,sin(x),12.0,20465531,6,scaled_with_l,0.6000000000000001,12288,fixed_density,4.0,1,1,0.14090710902747283,6,12288,fixed_density,4.0,1,1,analytic_volume,2.4849066497880004,"{""source_dim"": 1}",-2.3439995407605276
sine,sin(x),12.0,20465548,7,scaled_with_l,0.6000000000000001,12288,fixed_density,4.0,1,1,0.13689500807863988,7,12288,fixed_density,4.0,1,1,null,4.0459080250567645e-05,{},0.1368545489983893
sine,sin(x),12.0,20465548,7,scaled_with_l,0.6000000000000001,12288,fixed_density,4.0,1,1,0.13689500807863988,7,12288,fixed_density,4.0,1,1,identity,1.775585487711225,"{""projection"": [[1.0]]}",-1.638690479632585
sine,sin(x),12.0,20465548,7,scaled_with_l,0.6000000000000001,12288,fixed_density,4.0,1,1,0.13689500807863988,7,12288,fixed_density,4.0,1,1,gain_matched,0.112265482001839,"{""gain_matrix"": [[-0.08539567604541885]]}",0.024629526076800884
sine,sin(x),12.0,20465548,7,scaled_with_l,0.6000000000000001,12288,fixed_density,4.0,1,1,0.13689500807863988,7,12288,fixed_density,4.0,1,1,variance_matched,0.4467950113346257,"{""direction"": [1.0]}",-0.30990000325598577
sine,sin(x),12.0,20465548,7,scaled_with_l,0.6000000000000001,12288,fixed_density,4.0,1,1,0.13689500807863988,7,12288,fixed_density,4.0,1,1,shuffled_target,-2.7129115432273217e-05,{},0.13692213719407215
sine,sin(x),12.0,20465548,7,scaled_with_l,0.6000000000000001,12288,fixed_density,4.0,1,1,0.13689500807863988,7,12288,fixed_density,4.0,1,1,analytic_volume,2.4849066497880004,"{""source_dim"": 1}",-2.3480116417093604
sine,sin(x),12.0,20465565,8,scaled_with_l,0.6000000000000001,12288,fixed_density,4.0,1,1,0.13693885811384324,8,12288,fixed_density,4.0,1,1,null,0.00013140759601657436,{},0.13680745051782667
sine,sin(x),12.0,20465565,8,scaled_with_l,0.6000000000000001,12288,fixed_density,4.0,1,1,0.13693885811384324,8,12288,fixed_density,4.0,1,1,identity,1.7693880766883303,"{""projection"": [[1.0]]}",-1.632449218574487
sine,sin(x),12.0,20465565,8,scaled_with_l,0.6000000000000001,12288,fixed_density,4.0,1,1,0.13693885811384324,8,12288,fixed_density,4.0,1,1,gain_matched,0.109534467748575,"{""gain_matrix"": [[-0.08427660506882324]]}",0.027404390365268233
sine,sin(x),12.0,20465565,8,scaled_with_l,0.6000000000000001,12288,fixed_density,4.0,1,1,0.13693885811384324,8,12288,fixed_density,4.0,1,1,variance_matched,0.44974114045527785,"{""direction"": [1.0]}",-0.3128022823414346
sine,sin(x),12.0,20465565,8,scaled_with_l,0.6000000000000001,12288,fixed_density,4.0,1,1,0.13693885811384324,8,12288,fixed_density,4.0,1,1,shuffled_target,-0.0001012928614477479,{},0.137040150975291
sine,sin(x),12.0,20465565,8,scaled_with_l,0.6000000000000001,12288,fixed_density,4.0,1,1,0.13693885811384324,8,12288,fixed_density,4.0,1,1,analytic_volume,2.4849066497880004,"{""source_dim"": 1}",-2.347967791674157
sine,sin(x),12.0,20465582,9,scaled_with_l,0.6000000000000001,12288,fixed_density,4.0,1,1,0.14247718358525255,9,12288,fixed_density,4.0,1,1,null,0.00021587741435141015,{},0.14226130617090113
sine,sin(x),12.0,20465582,9,scaled_with_l,0.6000000000000001,12288,fixed_density,4.0,1,1,0.14247718358525255,9,12288,fixed_density,4.0,1,1,identity,1.766042297979478,"{""projection"": [[1.0]]}",-1.6235651143942256
sine,sin(x),12.0,20465582,9,scaled_with_l,0.6000000000000001,12288,fixed_density,4.0,1,1,0.14247718358525255,9,12288,fixed_density,4.0,1,1,gain_matched,0.1097719948978713,"{""gain_matrix"": [[-0.08454768657922837]]}",0.032705188687381245
sine,sin(x),12.0,20465582,9,scaled_with_l,0.6000000000000001,12288,fixed_density,4.0,1,1,0.14247718358525255,9,12288,fixed_density,4.0,1,1,variance_matched,0.4369380814089503,"{""direction"": [1.0]}",-0.2944608978236978
sine,sin(x),12.0,20465582,9,scaled_with_l,0.6000000000000001,12288,fixed_density,4.0,1,1,0.14247718358525255,9,12288,fixed_density,4.0,1,1,shuffled_target,-2.4662138251175575e-05,{},0.14250184572350372
sine,sin(x),12.0,20465582,9,scaled_with_l,0.6000000000000001,12288,fixed_density,4.0,1,1,0.14247718358525255,9,12288,fixed_density,4.0,1,1,analytic_volume,2.4849066497880004,"{""source_dim"": 1}",-2.3424294662027476
sine,sin(x),16.0,20466429,0,scaled_with_l,0.8,16384,fixed_density,4.0,1,1,0.03487193975178609,0,16384,fixed_density,4.0,1,1,null,2.5019026059588852e-05,{},0.0348469207257265
sine,sin(x),16.0,20466429,0,scaled_with_l,0.8,16384,fixed_density,4.0,1,1,0.03487193975178609,0,16384,fixed_density,4.0,1,1,identity,1.7725112545185484,"{""projection"": [[1.0]]}",-1.7376393147667624
sine,sin(x),16.0,20466429,0,scaled_with_l,0.8,16384,fixed_density,4.0,1,1,0.03487193975178609,0,16384,fixed_density,4.0,1,1,gain_matched,0.0021197579510731294,"{""gain_matrix"": [[0.012457914909916028]]}",0.03275218180071296
sine,sin(x),16.0,20466429,0,scaled_with_l,0.8,16384,fixed_density,4.0,1,1,0.03487193975178609,0,16384,fixed_density,4.0,1,1,variance_matched,0.2931999153371006,"{""direction"": [1.0]}",-0.2583279755853145
sine,sin(x),16.0,20466429,0,scaled_with_l,0.8,16384,fixed_density,4.0,1,1,0.03487193975178609,0,16384,fixed_density,4.0,1,1,shuffled_target,-6.345430702977287e-05,{},0.03493539405881586
sine,sin(x),16.0,20466429,0,scaled_with_l,0.8,16384,fixed_density,4.0,1,1,0.03487193975178609,0,16384,fixed_density,4.0,1,1,analytic_volume,2.772588722239781,"{""source_dim"": 1}",-2.737716782487995
sine,sin(x),16.0,20466446,1,scaled_with_l,0.8,16384,fixed_density,4.0,1,1,0.03591435142146164,1,16384,fixed_density,4.0,1,1,null,5.063829701758728e-05,{},0.03586371312444405
sine,sin(x),16.0,20466446,1,scaled_with_l,0.8,16384,fixed_density,4.0,1,1,0.03591435142146164,1,16384,fixed_density,4.0,1,1,identity,1.784539351991941,"{""projection"": [[1.0]]}",-1.7486250005704793
sine,sin(x),16.0,20466446,1,scaled_with_l,0.8,16384,fixed_density,4.0,1,1,0.03591435142146164,1,16384,fixed_density,4.0,1,1,gain_matched,0.001393628112353269,"{""gain_matrix"": [[0.01096476648790566]]}",0.034520723309108374
sine,sin(x),16.0,20466446,1,scaled_with_l,0.8,16384,fixed_density,4.0,1,1,0.03591435142146164,1,16384,fixed_density,4.0,1,1,variance_matched,0.28967333160400166,"{""direction"": [1.0]}",-0.25375898018254
sine,sin(x),16.0,20466446,1,scaled_with_l,0.8,16384,fixed_density,4.0,1,1,0.03591435142146164,1,16384,fixed_density,4.0,1,1,shuffled_target,-4.372863738243252e-05,{},0.03595808005884407
sine,sin(x),16.0,20466446,1,scaled_with_l,0.8,16384,fixed_density,4.0,1,1,0.03591435142146164,1,16384,fixed_density,4.0,1,1,analytic_volume,2.772588722239781,"{""source_dim"": 1}",-2.7366743708183194
sine,sin(x),16.0,20466463,2,scaled_with_l,0.8,16384,fixed_density,4.0,1,1,0.03457630770173183,2,16384,fixed_density,4.0,1,1,null,-8.605233693577661e-05,{},0.03466236003866761
sine,sin(x),16.0,20466463,2,scaled_with_l,0.8,16384,fixed_density,4.0,1,1,0.03457630770173183,2,16384,fixed_density,4.0,1,1,identity,1.765443221260982,"{""projection"": [[1.0]]}",-1.7308669135592503
sine,sin(x),16.0,20466463,2,scaled_with_l,0.8,16384,fixed_density,4.0,1,1,0.03457630770173183,2,16384,fixed_density,4.0,1,1,gain_matched,0.0018337736270673162,"{""gain_matrix"": [[0.011699809054749025]]}",0.032742534074664514
sine,sin(x),16.0,20466463,2,scaled_with_l,0.8,16384,fixed_density,4.0,1,1,0.03457630770173183,2,16384,fixed_density,4.0,1,1,variance_matched,0.29009268154610424,"{""direction"": [1.0]}",-0.2555163738443724
sine,sin(x),16.0,20466463,2,scaled_with_l,0.8,16384,fixed_density,4.0,1,1,0.03457630770173183,2,16384,fixed_density,4.0,1,1,shuffled_target,-8.25936258493607e-05,{},0.03465890132758119
sine,sin(x),16.0,20466463,2,scaled_with_l,0.8,16384,fixed_density,4.0,1,1,0.03457630770173183,2,16384,fixed_density,4.0,1,1,analytic_volume,2.772588722239781,"{""source_dim"": 1}",-2.738012414538049
sine,sin(x),16.0,20466480,3,scaled_with_l,0.8,16384,fixed_density,4.0,1,1,0.03415026149535747,3,16384,fixed_density,4.0,1,1,null,-8.838287701488995e-05,{},0.03423864437237236
sine,sin(x),16.0,20466480,3,scaled_with_l,0.8,16384,fixed_density,4.0,1,1,0.03415026149535747,3,16384,fixed_density,4.0,1,1,identity,1.7696770161134812,"{""projection"": [[1.0]]}",-1.7355267546181237
sine,sin(x),16.0,20466480,3,scaled_with_l,0.8,16384,fixed_density,4.0,1,1,0.03415026149535747,3,16384,fixed_density,4.0,1,1,gain_matched,0.0016514266832041383,"{""gain_matrix"": [[0.011397173055971252]]}",0.032498834812153335
sine,sin(x),16.0,20466480,3,scaled_with_l,0.8,16384,fixed_density,4.0,1,1,0.03415026149535747,3,16384,fixed_density,4.0,1,1,variance_matched,0.2887939739942723,"{""direction"": [1.0]}",-0.2546437124989148
sine,sin(x),16.0,20466480,3,scaled_with_l,0.8,16384,fixed_density,4.0,1,1,0.03415026149535747,3,16384,fixed_density,4.0,1,1,shuffled_target,-5.3710856042776737e-05,{},0.03420397235140025
sine,sin(x),16.0,20466480,3,scaled_with_l,0.8,16384,fixed_density,4.0,1,1,0.03415026149535747,3,16384,fixed_density,4.0,1,1,analytic_volume,2.772588722239781,"{""source_dim"": 1}",-2.738438460744424
sine,sin(x),16.0,20466497,4,scaled_with_l,0.8,16384,fixed_density,4.0,1,1,0.03462483371333064,4,16384,fixed_density,4.0,1,1,null,1.5537724352910603e-05,{},0.034609295988977724
sine,sin(x),16.0,20466497,4,scaled_with_l,0.8,16384,fixed_density,4.0,1,1,0.03462483371333064,4,16384,fixed_density,4.0,1,1,identity,1.7745663611400362,"{""projection"": [[1.0]]}",-1.7399415274267056
sine,sin(x),16.0,20466497,4,scaled_with_l,0.8,16384,fixed_density,4.0,1,1,0.03462483371333064,4,16384,fixed_density,4.0,1,1,gain_matched,0.002256227559374586,"{""gain_matrix"": [[0.013159164404743713]]}",0.03236860615395605
sine,sin(x),16.0,20466497,4,scaled_with_l,0.8,16384,fixed_density,4.0,1,1,0.03462483371333064,4,16384,fixed_density,4.0,1,1,variance_matched,0.2896116163904362,"{""direction"": [1.0]}",-0.25498678267710556
sine,sin(x),16.0,20466497,4,scaled_with_l,0.8,16384,fixed_density,4.0,1,1,0.03462483371333064,4,16384,fixed_density,4.0,1,1,shuffled_target,0.00012502135844885692,{},0.03449981235488178
sine,sin(x),16.0,20466497,4,scaled_with_l,0.8,16384,fixed_density,4.0,1,1,0.03462483371333064,4,16384,fixed_density,4.0,1,1,analytic_volume,2.772588722239781,"{""source_dim"": 1}",-2.7379638885264503
sine,sin(x),16.0,20466514,5,scaled_with_l,0.8,16384,fixed_density,4.0,1,1,0.03923757517838227,5,16384,fixed_density,4.0,1,1,null,-5.035989077217218e-05,{},0.03928793506915444
sine,sin(x),16.0,20466514,5,scaled_with_l,0.8,16384,fixed_density,4.0,1,1,0.03923757517838227,5,16384,fixed_density,4.0,1,1,identity,1.7758229315970218,"{""projection"": [[1.0]]}",-1.7365853564186395
sine,sin(x),16.0,20466514,5,scaled_with_l,0.8,16384,fixed_density,4.0,1,1,0.03923757517838227,5,16384,fixed_density,4.0,1,1,gain_matched,0.004588651615437153,"{""gain_matrix"": [[0.013217227410213212]]}",0.03464892356294512
sine,sin(x),16.0,20466514,5,scaled_with_l,0.8,16384,fixed_density,4.0,1,1,0.03923757517838227,5,16384,fixed_density,4.0,1,1,variance_matched,0.28940992793827836,"{""direction"": [1.0]}",-0.2501723527598961
sine,sin(x),16.0,20466514,5,scaled_with_l,0.8,16384,fixed_density,4.0,1,1,0.03923757517838227,5,16384,fixed_density,4.0,1,1,shuffled_target,3.20550283793979e-05,{},0.03920552015000287
sine,sin(x),16.0,20466514,5,scaled_with_l,0.8,16384,fixed_density,4.0,1,1,0.03923757517838227,5,16384,fixed_density,4.0,1,1,analytic_volume,2.772588722239781,"{""source_dim"": 1}",-2.733351147061399
sine,sin(x),16.0,20466531,6,scaled_with_l,0.8,16384,fixed_density,4.0,1,1,0.03614149660711791,6,16384,fixed_density,4.0,1,1,null,-2.619374954587972e-05,{},0.036167690356663784
sine,sin(x),16.0,20466531,6,scaled_with_l,0.8,16384,fixed_density,4.0,1,1,0.03614149660711791,6,16384,fixed_density,4.0,1,1,identity,1.7668935124518073,"{""projection"": [[1.0]]}",-1.7307520158446894
sine,sin(x),16.0,20466531,6,scaled_with_l,0.8,16384,fixed_density,4.0,1,1,0.03614149660711791,6,16384,fixed_density,4.0,1,1,gain_matched,0.0027187610415153967,"{""gain_matrix"": [[0.011371783574725423]]}",0.03342273556560251
sine,sin(x),16.0,20466531,6,scaled_with_l,0.8,16384,fixed_density,4.0,1,1,0.03614149660711791,6,16384,fixed_density,4.0,1,1,variance_matched,0.29399942198948503,"{""direction"": [1.0]}",-0.2578579253823671
sine,sin(x),16.0,20466531,6,scaled_with_l,0.8,16384,fixed_density,4.0,1,1,0.03614149660711791,6,16384,fixed_density,4.0,1,1,shuffled_target,0.0001257244477030498,{},0.03601577215941486
sine,sin(x),16.0,20466531,6,scaled_with_l,0.8,16384,fixed_density,4.0,1,1,0.03614149660711791,6,16384,fixed_density,4.0,1,1,analytic_volume,2.772588722239781,"{""source_dim"": 1}",-2.7364472256326633
sine,sin(x),16.0,20466548,7,scaled_with_l,0.8,16384,fixed_density,4.0,1,1,0.035907938256148283,7,16384,fixed_density,4.0,1,1,null,-2.5524222911401734e-05,{},0.03593346247905969
sine,sin(x),16.0,20466548,7,scaled_with_l,0.8,16384,fixed_density,4.0,1,1,0.035907938256148283,7,16384,fixed_density,4.0,1,1,identity,1.7699681852329885,"{""projection"": [[1.0]]}",-1.7340602469768402
sine,sin(x),16.0,20466548,7,scaled_with_l,0.8,16384,fixed_density,4.0,1,1,0.035907938256148283,7,16384,fixed_density,4.0,1,1,gain_matched,0.0027454572322509895,"{""gain_matrix"": [[0.0125575003407737]]}",0.033162481023897294
sine,sin(x),16.0,20466548,7,scaled_with_l,0.8,16384,fixed_density,4.0,1,1,0.035907938256148283,7,16384,fixed_density,4.0,1,1,variance_matched,0.299258071911534,"{""direction"": [1.0]}",-0.2633501336553857
sine,sin(x),16.0,20466548,7,scaled_with_l,0.8,16384,fixed_density,4.0,1,1,0.035907938256148283,7,16384,fixed_density,4.0,1,1,shuffled_target,-6.0118130145734504e-05,{},0.035968056386294016
sine,sin(x),16.0,20466548,7,scaled_with_l,0.8,16384,fixed_density,4.0,1,1,0.035907938256148283,7,16384,fixed_density,4.0,1,1,analytic_volume,2.772588722239781,"{""source_dim"": 1}",-2.736680783983633
sine,sin(x),16.0,20466565,8,scaled_with_l,0.8,16384,fixed_density,4.0,1,1,0.03269341056153793,8,16384,fixed_density,4.0,1,1,null,-7.419007419194452e-05,{},0.03276760063572988
sine,sin(x),16.0,20466565,8,scaled_with_l,0.8,16384,fixed_density,4.0,1,1,0.03269341056153793,8,16384,fixed_density,4.0,1,1,identity,1.7694761253208997,"{""projection"": [[1.0]]}",-1.7367827147593617
sine,sin(x),16.0,20466565,8,scaled_with_l,0.8,16384,fixed_density,4.0,1,1,0.03269341056153793,8,16384,fixed_density,4.0,1,1,gain_matched,0.002386695835499968,"{""gain_matrix"": [[0.014024770940504777]]}",0.030306714726037964
sine,sin(x),16.0,20466565,8,scaled_with_l,0.8,16384,fixed_density,4.0,1,1,0.03269341056153793,8,16384,fixed_density,4.0,1,1,variance_matched,0.29488730785320627,"{""direction"": [1.0]}",-0.2621938972916683
sine,sin(x),16.0,20466565,8,scaled_with_l,0.8,16384,fixed_density,4.0,1,1,0.03269341056153793,8,16384,fixed_density,4.0,1,1,shuffled_target,-4.2754431856868406e-05,{},0.0327361649933948
sine,sin(x),16.0,20466565,8,scaled_with_l,0.8,16384,fixed_density,4.0,1,1,0.03269341056153793,8,16384,fixed_density,4.0,1,1,analytic_volume,2.772588722239781,"{""source_dim"": 1}",-2.7398953116782434
sine,sin(x),16.0,20466582,9,scaled_with_l,0.8,16384,fixed_density,4.0,1,1,0.035660911902437566,9,16384,fixed_density,4.0,1,1,null,5.378288654521523e-05,{},0.03560712901589235
sine,sin(x),16.0,20466582,9,scaled_with_l,0.8,16384,fixed_density,4.0,1,1,0.035660911902437566,9,16384,fixed_density,4.0,1,1,identity,1.7659968189515474,"{""projection"": [[1.0]]}",-1.7303359070491098
sine,sin(x),16.0,20466582,9,scaled_with_l,0.8,16384,fixed_density,4.0,1,1,0.035660911902437566,9,16384,fixed_density,4.0,1,1,gain_matched,0.0031940800996512145,"{""gain_matrix"": [[0.013487456859540657]]}",0.03246683180278635
sine,sin(x),16.0,20466582,9,scaled_with_l,0.8,16384,fixed_density,4.0,1,1,0.035660911902437566,9,16384,fixed_density,4.0,1,1,variance_matched,0.29716463459487236,"{""direction"": [1.0]}",-0.26150372269243477
sine,sin(x),16.0,20466582,9,scaled_with_l,0.8,16384,fixed_density,4.0,1,1,0.035660911902437566,9,16384,fixed_density,4.0,1,1,shuffled_target,6.7152703124213716e-06,{},0.03565419663212514
sine,sin(x),16.0,20466582,9,scaled_with_l,0.8,16384,fixed_density,4.0,1,1,0.035660911902437566,9,16384,fixed_density,4.0,1,1,analytic_volume,2.772588722239781,"{""source_dim"": 1}",-2.7369278103373436
exponential,exp(x),0.5,20560429,0,fixed,0.05,512,fixed_density,4.0,1,1,1.141504443111661,0,512,fixed_density,4.0,1,1,null,-0.0014554219048364338,{},1.1429598650164974
exponential,exp(x),0.5,20560429,0,fixed,0.05,512,fixed_density,4.0,1,1,1.141504443111661,0,512,fixed_density,4.0,1,1,identity,1.1583143255089603,"{""projection"": [[1.0]]}",-0.016809882397299303
exponential,exp(x),0.5,20560429,0,fixed,0.05,512,fixed_density,4.0,1,1,1.141504443111661,0,512,fixed_density,4.0,1,1,gain_matched,1.1170858475500034,"{""gain_matrix"": [[1.0081934495290181]]}",0.024418595561657597
exponential,exp(x),0.5,20560429,0,fixed,0.05,512,fixed_density,4.0,1,1,1.141504443111661,0,512,fixed_density,4.0,1,1,variance_matched,1.1537201866410849,"{""direction"": [1.0]}",-0.012215743529423895
exponential,exp(x),0.5,20560429,0,fixed,0.05,512,fixed_density,4.0,1,1,1.141504443111661,0,512,fixed_density,4.0,1,1,shuffled_target,0.0009543178358401856,{},1.1405501252758208
exponential,exp(x),0.5,20560429,0,fixed,0.05,512,fixed_density,4.0,1,1,1.141504443111661,0,512,fixed_density,4.0,1,1,analytic_volume,-0.6931471805599453,"{""source_dim"": 1}",1.8346516236716064
exponential,exp(x),0.5,20560446,1,fixed,0.05,512,fixed_density,4.0,1,1,1.1125018351447606,1,512,fixed_density,4.0,1,1,null,0.012770268303863224,{},1.0997315668408973
exponential,exp(x),0.5,20560446,1,fixed,0.05,512,fixed_density,4.0,1,1,1.1125018351447606,1,512,fixed_density,4.0,1,1,identity,1.2035755995805668,"{""projection"": [[1.0]]}",-0.09107376443580617
exponential,exp(x),0.5,20560446,1,fixed,0.05,512,fixed_density,4.0,1,1,1.1125018351447606,1,512,fixed_density,4.0,1,1,gain_matched,1.1217374077131546,"{""gain_matrix"": [[1.0033084070608043]]}",-0.009235572568393913
exponential,exp(x),0.5,20560446,1,fixed,0.05,512,fixed_density,4.0,1,1,1.1125018351447606,1,512,fixed_density,4.0,1,1,variance_matched,1.0821414551203898,"{""direction"": [1.0]}",0.030360380024370803
exponential,exp(x),0.5,20560446,1,fixed,0.05,512,fixed_density,4.0,1,1,1.1125018351447606,1,512,fixed_density,4.0,1,1,shuffled_target,-0.0011732984730627683,{},1.1136751336178234
exponential,exp(x),0.5,20560446,1,fixed,0.05,512,fixed_density,4.0,1,1,1.1125018351447606,1,512,fixed_density,4.0,1,1,analytic_volume,-0.6931471805599453,"{""source_dim"": 1}",1.8056490157047058
exponential,exp(x),0.5,20560463,2,fixed,0.05,512,fixed_density,4.0,1,1,1.1585370364353418,2,512,fixed_density,4.0,1,1,null,-0.001102578923885478,{},1.1596396153592272
exponential,exp(x),0.5,20560463,2,fixed,0.05,512,fixed_density,4.0,1,1,1.1585370364353418,2,512,fixed_density,4.0,1,1,identity,1.1924512897494979,"{""projection"": [[1.0]]}",-0.033914253314156095
exponential,exp(x),0.5,20560463,2,fixed,0.05,512,fixed_density,4.0,1,1,1.1585370364353418,2,512,fixed_density,4.0,1,1,gain_matched,1.1245061163820922,"{""gain_matrix"": [[1.0051400773888899]]}",0.03403092005324959
exponential,exp(x),0.5,20560463,2,fixed,0.05,512,fixed_density,4.0,1,1,1.1585370364353418,2,512,fixed_density,4.0,1,1,variance_matched,1.1804446816678174,"{""direction"": [1.0]}",-0.02190764523247557
exponential,exp(x),0.5,20560463,2,fixed,0.05,512,fixed_density,4.0,1,1,1.1585370364353418,2,512,fixed_density,4.0,1,1,shuffled_target,0.0007255282434445506,{},1.1578115081918972
exponential,exp(x),0.5,20560463,2,fixed,0.05,512,fixed_density,4.0,1,1,1.1585370364353418,2,512,fixed_density,4.0,1,1,analytic_volume,-0.6931471805599453,"{""source_dim"": 1}",1.8516842169952872
exponential,exp(x),0.5,20560480,3,fixed,0.05,512,fixed_density,4.0,1,1,1.1509719847146918,3,512,fixed_density,4.0,1,1,null,-0.0026308136510177368,{},1.1536027983657096
exponential,exp(x),0.5,20560480,3,fixed,0.05,512,fixed_density,4.0,1,1,1.1509719847146918,3,512,fixed_density,4.0,1,1,identity,1.1423911220327088,"{""projection"": [[1.0]]}",0.008580862681982993
exponential,exp(x),0.5,20560480,3,fixed,0.05,512,fixed_density,4.0,1,1,1.1509719847146918,3,512,fixed_density,4.0,1,1,gain_matched,1.1705249615053912,"{""gain_matrix"": [[1.0006172994160771]]}",-0.01955297679069945
exponential,exp(x),0.5,20560480,3,fixed,0.05,512,fixed_density,4.0,1,1,1.1509719847146918,3,512,fixed_density,4.0,1,1,variance_matched,1.149477247082125,"{""direction"": [1.0]}",0.0014947376325666895
exponential,exp(x),0.5,20560480,3,fixed,0.05,512,fixed_density,4.0,1,1,1.1509719847146918,3,512,fixed_density,4.0,1,1,shuffled_target,0.0030275686056482603,{},1.1479444161090435
exponential,exp(x),0.5,20560480,3,fixed,0.05,512,fixed_density,4.0,1,1,1.1509719847146918,3,512,fixed_density,4.0,1,1,analytic_volume,-0.6931471805599453,"{""source_dim"": 1}",1.8441191652746372
exponential,exp(x),0.5,20560497,4,fixed,0.05,512,fixed_density,4.0,1,1,1.1083581241968055,4,512,fixed_density,4.0,1,1,null,0.004365900116777935,{},1.1039922240800275
exponential,exp(x),0.5,20560497,4,fixed,0.05,512,fixed_density,4.0,1,1,1.1083581241968055,4,512,fixed_density,4.0,1,1,identity,1.0866974190011882,"{""projection"": [[1.0]]}",0.021660705195617247
exponential,exp(x),0.5,20560497,4,fixed,0.05,512,fixed_density,4.0,1,1,1.1083581241968055,4,512,fixed_density,4.0,1,1,gain_matched,1.0839322785732215,"{""gain_matrix"": [[1.0004225993871203]]}",0.024425845623583964
exponential,exp(x),0.5,20560497,4,fixed,0.05,512,fixed_density,4.0,1,1,1.1083581241968055,4,512,fixed_density,4.0,1,1,variance_matched,1.0808675894826514,"{""direction"": [1.0]}",0.02749053471415408
exponential,exp(x),0.5,20560497,4,fixed,0.05,512,fixed_density,4.0,1,1,1.1083581241968055,4,512,fixed_density,4.0,1,1,shuffled_target,-0.0006380984954599861,{},1.1089962226922654
exponential,exp(x),0.5,20560497,4,fixed,0.05,512,fixed_density,4.0,1,1,1.1083581241968055,4,512,fixed_density,4.0,1,1,analytic_volume,-0.6931471805599453,"{""source_dim"": 1}",1.8015053047567506
exponential,exp(x),0.5,20560514,5,fixed,0.05,512,fixed_density,4.0,1,1,1.1910255287810831,5,512,fixed_density,4.0,1,1,null,-0.0022973585299167444,{},1.1933228873109998
exponential,exp(x),0.5,20560514,5,fixed,0.05,512,fixed_density,4.0,1,1,1.1910255287810831,5,512,fixed_density,4.0,1,1,identity,1.160995972785095,"{""projection"": [[1.0]]}",0.030029555995988222
exponential,exp(x),0.5,20560514,5,fixed,0.05,512,fixed_density,4.0,1,1,1.1910255287810831,5,512,fixed_density,4.0,1,1,gain_matched,1.1774429942576923,"{""gain_matrix"": [[1.010184796168104]]}",0.013582534523390866
exponential,exp(x),0.5,20560514,5,fixed,0.05,512,fixed_density,4.0,1,1,1.1910255287810831,5,512,fixed_density,4.0,1,1,variance_matched,1.1699145239874225,"{""direction"": [1.0]}",0.02111100479366068
exponential,exp(x),0.5,20560514,5,fixed,0.05,512,fixed_density,4.0,1,1,1.1910255287810831,5,512,fixed_density,4.0,1,1,shuffled_target,-0.0027377666379701155,{},1.1937632954190533
exponential,exp(x),0.5,20560514,5,fixed,0.05,512,fixed_density,4.0,1,1,1.1910255287810831,5,512,fixed_density,4.0,1,1,analytic_volume,-0.6931471805599453,"{""source_dim"": 1}",1.8841727093410285
exponential,exp(x),0.5,20560531,6,fixed,0.05,512,fixed_density,4.0,1,1,1.182438832489958,6,512,fixed_density,4.0,1,1,null,-0.001795912256466331,{},1.1842347447464243
exponential,exp(x),0.5,20560531,6,fixed,0.05,512,fixed_density,4.0,1,1,1.182438832489958,6,512,fixed_density,4.0,1,1,identity,1.1626924353082213,"{""projection"": [[1.0]]}",0.019746397181736652
exponential,exp(x),0.5,20560531,6,fixed,0.05,512,fixed_density,4.0,1,1,1.182438832489958,6,512,fixed_density,4.0,1,1,gain_matched,1.0948942872304908,"{""gain_matrix"": [[1.0042695348028756]]}",0.0875445452594672
exponential,exp(x),0.5,20560531,6,fixed,0.05,512,fixed_density,4.0,1,1,1.182438832489958,6,512,fixed_density,4.0,1,1,variance_matched,1.1774707972213359,"{""direction"": [1.0]}",0.004968035268622106
exponential,exp(x),0.5,20560531,6,fixed,0.05,512,fixed_density,4.0,1,1,1.182438832489958,6,512,fixed_density,4.0,1,1,shuffled_target,0.0006692486627219863,{},1.181769583827236
exponential,exp(x),0.5,20560531,6,fixed,0.05,512,fixed_density,4.0,1,1,1.182438832489958,6,512,fixed_density,4.0,1,1,analytic_volume,-0.6931471805599453,"{""source_dim"": 1}",1.8755860130499031
exponential,exp(x),0.5,20560548,7,fixed,0.05,512,fixed_density,4.0,1,1,1.1186500672135002,7,512,fixed_density,4.0,1,1,null,0.005800305514622727,{},1.1128497616988775
exponential,exp(x),0.5,20560548,7,fixed,0.05,512,fixed_density,4.0,1,1,1.1186500672135002,7,512,fixed_density,4.0,1,1,identity,1.1324394460080882,"{""projection"": [[1.0]]}",-0.01378937879458797
exponential,exp(x),0.5,20560548,7,fixed,0.05,512,fixed_density,4.0,1,1,1.1186500672135002,7,512,fixed_density,4.0,1,1,gain_matched,1.0735988378301295,"{""gain_matrix"": [[1.0120310379329047]]}",0.045051229383370694
exponential,exp(x),0.5,20560548,7,fixed,0.05,512,fixed_density,4.0,1,1,1.1186500672135002,7,512,fixed_density,4.0,1,1,variance_matched,1.1003082895287175,"{""direction"": [1.0]}",0.018341777684782734
exponential,exp(x),0.5,20560548,7,fixed,0.05,512,fixed_density,4.0,1,1,1.1186500672135002,7,512,fixed_density,4.0,1,1,shuffled_target,-0.001978752981493953,{},1.120628820194994
exponential,exp(x),0.5,20560548,7,fixed,0.05,512,fixed_density,4.0,1,1,1.1186500672135002,7,512,fixed_density,4.0,1,1,analytic_volume,-0.6931471805599453,"{""source_dim"": 1}",1.8117972477734456
exponential,exp(x),0.5,20560565,8,fixed,0.05,512,fixed_density,4.0,1,1,1.1002886055190806,8,512,fixed_density,4.0,1,1,null,-0.0028075676211713474,{},1.103096173140252
exponential,exp(x),0.5,20560565,8,fixed,0.05,512,fixed_density,4.0,1,1,1.1002886055190806,8,512,fixed_density,4.0,1,1,identity,1.0971157158292297,"{""projection"": [[1.0]]}",0.003172889689850855
exponential,exp(x),0.5,20560565,8,fixed,0.05,512,fixed_density,4.0,1,1,1.1002886055190806,8,512,fixed_density,4.0,1,1,gain_matched,1.0750854129128458,"{""gain_matrix"": [[1.008089859304136]]}",0.025203192606234825
exponential,exp(x),0.5,20560565,8,fixed,0.05,512,fixed_density,4.0,1,1,1.1002886055190806,8,512,fixed_density,4.0,1,1,variance_matched,1.1408893400545868,"{""direction"": [1.0]}",-0.04060073453550617
exponential,exp(x),0.5,20560565,8,fixed,0.05,512,fixed_density,4.0,1,1,1.1002886055190806,8,512,fixed_density,4.0,1,1,shuffled_target,-0.0006060854852940141,{},1.1008946910043746
exponential,exp(x),0.5,20560565,8,fixed,0.05,512,fixed_density,4.0,1,1,1.1002886055190806,8,512,fixed_density,4.0,1,1,analytic_volume,-0.6931471805599453,"{""source_dim"": 1}",1.793435786079026
exponential,exp(x),0.5,20560582,9,fixed,0.05,512,fixed_density,4.0,1,1,1.1637516334518478,9,512,fixed_density,4.0,1,1,null,0.003264983538924466,{},1.1604866499129234
exponential,exp(x),0.5,20560582,9,fixed,0.05,512,fixed_density,4.0,1,1,1.1637516334518478,9,512,fixed_density,4.0,1,1,identity,1.1431311363223822,"{""projection"": [[1.0]]}",0.020620497129465676
exponential,exp(x),0.5,20560582,9,fixed,0.05,512,fixed_density,4.0,1,1,1.1637516334518478,9,512,fixed_density,4.0,1,1,gain_matched,1.1478677188310824,"{""gain_matrix"": [[1.002395748853703]]}",0.015883914620765438
exponential,exp(x),0.5,20560582,9,fixed,0.05,512,fixed_density,4.0,1,1,1.1637516334518478,9,512,fixed_density,4.0,1,1,variance_matched,1.122864315917271,"{""direction"": [1.0]}",0.04088731753457675
exponential,exp(x),0.5,20560582,9,fixed,0.05,512,fixed_density,4.0,1,1,1.1637516334518478,9,512,fixed_density,4.0,1,1,shuffled_target,-0.0015408447888999683,{},1.1652924782407479
exponential,exp(x),0.5,20560582,9,fixed,0.05,512,fixed_density,4.0,1,1,1.1637516334518478,9,512,fixed_density,4.0,1,1,analytic_volume,-0.6931471805599453,"{""source_dim"": 1}",1.8568988140117932
exponential,exp(x),1.0,20561429,0,fixed,0.05,1024,fixed_density,4.0,1,1,1.7794057041871192,0,1024,fixed_density,4.0,1,1,null,-0.0007057023868220725,{},1.7801114065739412
exponential,exp(x),1.0,20561429,0,fixed,0.05,1024,fixed_density,4.0,1,1,1.7794057041871192,0,1024,fixed_density,4.0,1,1,identity,1.7671408023937092,"{""projection"": [[1.0]]}",0.012264901793409999
exponential,exp(x),1.0,20561429,0,fixed,0.05,1024,fixed_density,4.0,1,1,1.7794057041871192,0,1024,fixed_density,4.0,1,1,gain_matched,1.8126538433760104,"{""gain_matrix"": [[1.0308354855019732]]}",-0.033248139188891246
exponential,exp(x),1.0,20561429,0,fixed,0.05,1024,fixed_density,4.0,1,1,1.7794057041871192,0,1024,fixed_density,4.0,1,1,variance_matched,1.8102927299539677,"{""direction"": [1.0]}",-0.03088702576684854
exponential,exp(x),1.0,20561429,0,fixed,0.05,1024,fixed_density,4.0,1,1,1.7794057041871192,0,1024,fixed_density,4.0,1,1,shuffled_target,3.8923815792965034e-06,{},1.77940181180554
exponential,exp(x),1.0,20561429,0,fixed,0.05,1024,fixed_density,4.0,1,1,1.7794057041871192,0,1024,fixed_density,4.0,1,1,analytic_volume,0.0,"{""source_dim"": 1}",1.7794057041871192
exponential,exp(x),1.0,20561446,1,fixed,0.05,1024,fixed_density,4.0,1,1,1.7835029306939527,1,1024,fixed_density,4.0,1,1,null,-0.0005784513251324175,{},1.784081382019085
exponential,exp(x),1.0,20561446,1,fixed,0.05,1024,fixed_density,4.0,1,1,1.7835029306939527,1,1024,fixed_density,4.0,1,1,identity,1.7592868486958813,"{""projection"": [[1.0]]}",0.02421608199807146
exponential,exp(x),1.0,20561446,1,fixed,0.05,1024,fixed_density,4.0,1,1,1.7835029306939527,1,1024,fixed_density,4.0,1,1,gain_matched,1.7777456354785226,"{""gain_matrix"": [[1.0213346431692794]]}",0.005757295215430114
exponential,exp(x),1.0,20561446,1,fixed,0.05,1024,fixed_density,4.0,1,1,1.7835029306939527,1,1024,fixed_density,4.0,1,1,variance_matched,1.8190740143979023,"{""direction"": [1.0]}",-0.03557108370394957
exponential,exp(x),1.0,20561446,1,fixed,0.05,1024,fixed_density,4.0,1,1,1.7835029306939527,1,1024,fixed_density,4.0,1,1,shuffled_target,0.002037188713932887,{},1.7814657419800197
exponential,exp(x),1.0,20561446,1,fixed,0.05,1024,fixed_density,4.0,1,1,1.7835029306939527,1,1024,fixed_density,4.0,1,1,analytic_volume,0.0,"{""source_dim"": 1}",1.7835029306939527
exponential,exp(x),1.0,20561463,2,fixed,0.05,1024,fixed_density,4.0,1,1,1.8044745610167077,2,1024,fixed_density,4.0,1,1,null,-0.0014073669631289084,{},1.8058819279798366
exponential,exp(x),1.0,20561463,2,fixed,0.05,1024,fixed_density,4.0,1,1,1.8044745610167077,2,1024,fixed_density,4.0,1,1,identity,1.7512328771329435,"{""projection"": [[1.0]]}",0.05324168388376416
exponential,exp(x),1.0,20561463,2,fixed,0.05,1024,fixed_density,4.0,1,1,1.8044745610167077,2,1024,fixed_density,4.0,1,1,gain_matched,1.775402724685306,"{""gain_matrix"": [[1.0186835656629027]]}",0.029071836331401757
exponential,exp(x),1.0,20561463,2,fixed,0.05,1024,fixed_density,4.0,1,1,1.8044745610167077,2,1024,fixed_density,4.0,1,1,variance_matched,1.7870778972613808,"{""direction"": [1.0]}",0.01739666375532689
exponential,exp(x),1.0,20561463,2,fixed,0.05,1024,fixed_density,4.0,1,1,1.8044745610167077,2,1024,fixed_density,4.0,1,1,shuffled_target,-0.00044837295201567327,{},1.8049229339687234
exponential,exp(x),1.0,20561463,2,fixed,0.05,1024,fixed_density,4.0,1,1,1.8044745610167077,2,1024,fixed_density,4.0,1,1,analytic_volume,0.0,"{""source_dim"": 1}",1.8044745610167077
exponential,exp(x),1.0,20561480,3,fixed,0.05,1024,fixed_density,4.0,1,1,1.7669003574322164,3,1024,fixed_density,4.0,1,1,null,-0.0008606530214568863,{},1.7677610104536734
exponential,exp(x),1.0,20561480,3,fixed,0.05,1024,fixed_density,4.0,1,1,1.7669003574322164,3,1024,fixed_density,4.0,1,1,identity,1.8048032227430661,"{""projection"": [[1.0]]}",-0.03790286531084974
exponential,exp(x),1.0,20561480,3,fixed,0.05,1024,fixed_density,4.0,1,1,1.7669003574322164,3,1024,fixed_density,4.0,1,1,gain_matched,1.8149519556994078,"{""gain_matrix"": [[1.0197193004649825]]}",-0.04805159826719141
exponential,exp(x),1.0,20561480,3,fixed,0.05,1024,fixed_density,4.0,1,1,1.7669003574322164,3,1024,fixed_density,4.0,1,1,variance_matched,1.7908465202809123,"{""direction"": [1.0]}",-0.023946162848695884
exponential,exp(x),1.0,20561480,3,fixed,0.05,1024,fixed_density,4.0,1,1,1.7669003574322164,3,1024,fixed_density,4.0,1,1,shuffled_target,0.0009458192851743499,{},1.765954538147042
exponential,exp(x),1.0,20561480,3,fixed,0.05,1024,fixed_density,4.0,1,1,1.7669003574322164,3,1024,fixed_density,4.0,1,1,analytic_volume,0.0,"{""source_dim"": 1}",1.7669003574322164
exponential,exp(x),1.0,20561497,4,fixed,0.05,1024,fixed_density,4.0,1,1,1.8146597046029176,4,1024,fixed_density,4.0,1,1,null,-0.0005953978497581698,{},1.8152551024526757
exponential,exp(x),1.0,20561497,4,fixed,0.05,1024,fixed_density,4.0,1,1,1.8146597046029176,4,1024,fixed_density,4.0,1,1,identity,1.7459647794088071,"{""projection"": [[1.0]]}",0.06869492519411047
exponential,exp(x),1.0,20561497,4,fixed,0.05,1024,fixed_density,4.0,1,1,1.8146597046029176,4,1024,fixed_density,4.0,1,1,gain_matched,1.8044043119032342,"{""gain_matrix"": [[1.0272179782319995]]}",0.010255392699683341
exponential,exp(x),1.0,20561497,4,fixed,0.05,1024,fixed_density,4.0,1,1,1.8146597046029176,4,1024,fixed_density,4.0,1,1,variance_matched,1.7997983738216834,"{""direction"": [1.0]}",0.014861330781234194
exponential,exp(x),1.0,20561497,4,fixed,0.05,1024,fixed_density,4.0,1,1,1.8146597046029176,4,1024,fixed_density,4.0,1,1,shuffled_target,7.479726225494067e-05,{},1.8145849073406626
exponential,exp(x),1.0,20561497,4,fixed,0.05,1024,fixed_density,4.0,1,1,1.8146597046029176,4,1024,fixed_density,4.0,1,1,analytic_volume,0.0,"{""source_dim"": 1}",1.8146597046029176
exponential,exp(x),1.0,20561514,5,fixed,0.05,1024,fixed_density,4.0,1,1,1.7728968112077048,5,1024,fixed_density,4.0,1,1,null,-0.0013005183638367139,{},1.7741973295715416
exponential,exp(x),1.0,20561514,5,fixed,0.05,1024,fixed_density,4.0,1,1,1.7728968112077048,5,1024,fixed_density,4.0,1,1,identity,1.7744940446432866,"{""projection"": [[1.0]]}",-0.001597233435581824
exponential,exp(x),1.0,20561514,5,fixed,0.05,1024,fixed_density,4.0,1,1,1.7728968112077048,5,1024,fixed_density,4.0,1,1,gain_matched,1.7931479894246025,"{""gain_matrix"": [[1.032170498579112]]}",-0.020251178216897703
exponential,exp(x),1.0,20561514,5,fixed,0.05,1024,fixed_density,4.0,1,1,1.7728968112077048,5,1024,fixed_density,4.0,1,1,variance_matched,1.7974160389416263,"{""direction"": [1.0]}",-0.024519227733921456
exponential,exp(x),1.0,20561514,5,fixed,0.05,1024,fixed_density,4.0,1,1,1.7728968112077048,5,1024,fixed_density,4.0,1,1,shuffled_target,0.0004971958298723394,{},1.7723996153778325
exponential,exp(x),1.0,20561514,5,fixed,0.05,1024,fixed_density,4.0,1,1,1.7728968112077048,5,1024,fixed_density,4.0,1,1,analytic_volume,0.0,"{""source_dim"": 1}",1.7728968112077048
exponential,exp(x),1.0,20561531,6,fixed,0.05,1024,fixed_density,4.0,1,1,1.7954369862535002,6,1024,fixed_density,4.0,1,1,null,0.0030782812550349224,{},1.7923587049984653
exponential,exp(x),1.0,20561531,6,fixed,0.05,1024,fixed_density,4.0,1,1,1.7954369862535002,6,1024,fixed_density,4.0,1,1,identity,1.7636370854142354,"{""projection"": [[1.0]]}",0.03179990083926487
exponential,exp(x),1.0,20561531,6,fixed,0.05,1024,fixed_density,4.0,1,1,1.7954369862535002,6,1024,fixed_density,4.0,1,1,gain_matched,1.8205726886888085,"{""gain_matrix"": [[1.028352045398461]]}",-0.02513570243530827
exponential,exp(x),1.0,20561531,6,fixed,0.05,1024,fixed_density,4.0,1,1,1.7954369862535002,6,1024,fixed_density,4.0,1,1,variance_matched,1.8088335373668925,"{""direction"": [1.0]}",-0.013396551113392219
exponential,exp(x),1.0,20561531,6,fixed,0.05,1024,fixed_density,4.0,1,1,1.7954369862535002,6,1024,fixed_density,4.0,1,1,shuffled_target,0.0006282162298632152,{},1.794808770023637
exponential,exp(x),1.0,20561531,6,fixed,0.05,1024,fixed_density,4.0,1,1,1.7954369862535002,6,1024,fixed_density,4.0,1,1,analytic_volume,0.0,"{""source_dim"": 1}",1.7954369862535002
exponential,exp(x),1.0,20561548,7,fixed,0.05,1024,fixed_density,4.0,1,1,1.8365881558161372,7,1024,fixed_density,4.0,1,1,null,0.001224025567200606,{},1.8353641302489365
exponential,exp(x),1.0,20561548,7,fixed,0.05,1024,fixed_density,4.0,1,1,1.8365881558161372,7,1024,fixed_density,4.0,1,1,identity,1.7727994958386688,"{""projection"": [[1.0]]}",0.06378865997746841
exponential,exp(x),1.0,20561548,7,fixed,0.05,1024,fixed_density,4.0,1,1,1.8365881558161372,7,1024,fixed_density,4.0,1,1,gain_matched,1.8065783954347494,"{""gain_matrix"": [[1.0260134832894097]]}",0.030009760381387807
exponential,exp(x),1.0,20561548,7,fixed,0.05,1024,fixed_density,4.0,1,1,1.8365881558161372,7,1024,fixed_density,4.0,1,1,variance_matched,1.8086200757856732,"{""direction"": [1.0]}",0.027968080030464026
exponential,exp(x),1.0,20561548,7,fixed,0.05,1024,fixed_density,4.0,1,1,1.8365881558161372,7,1024,fixed_density,4.0,1,1,shuffled_target,-0.0007956490551130415,{},1.8373838048712503
exponential,exp(x),1.0,20561548,7,fixed,0.05,1024,fixed_density,4.0,1,1,1.8365881558161372,7,1024,fixed_density,4.0,1,1,analytic_volume,0.0,"{""source_dim"": 1}",1.8365881558161372
exponential,exp(x),1.0,20561565,8,fixed,0.05,1024,fixed_density,4.0,1,1,1.776982044705115,8,1024,fixed_density,4.0,1,1,null,-0.0008401914281066299,{},1.7778222361332217
exponential,exp(x),1.0,20561565,8,fixed,0.05,1024,fixed_density,4.0,1,1,1.776982044705115,8,1024,fixed_density,4.0,1,1,identity,1.7646414902131533,"{""projection"": [[1.0]]}",0.012340554491961697
exponential,exp(x),1.0,20561565,8,fixed,0.05,1024,fixed_density,4.0,1,1,1.776982044705115,8,1024,fixed_density,4.0,1,1,gain_matched,1.7828060645424735,"{""gain_matrix"": [[1.0239070545006062]]}",-0.005824019837358474
exponential,exp(x),1.0,20561565,8,fixed,0.05,1024,fixed_density,4.0,1,1,1.776982044705115,8,1024,fixed_density,4.0,1,1,variance_matched,1.7889409636145968,"{""direction"": [1.0]}",-0.011958918909481753
exponential,exp(x),1.0,20561565,8,fixed,0.05,1024,fixed_density,4.0,1,1,1.776982044705115,8,1024,fixed_density,4.0,1,1,shuffled_target,-0.0013266001848949755,{},1.77830864489001
exponential,exp(x),1.0,20561565,8,fixed,0.05,1024,fixed_density,4.0,1,1,1.776982044705115,8,1024,fixed_density,4.0,1,1,analytic_volume,0.0,"{""source_dim"": 1}",1.776982044705115
exponential,exp(x),1.0,20561582,9,fixed,0.05,1024,fixed_density,4.0,1,1,1.787916293854134,9,1024,fixed_density,4.0,1,1,null,-0.00078425785047309,{},1.788700551704607
exponential,exp(x),1.0,20561582,9,fixed,0.05,1024,fixed_density,4.0,1,1,1.787916293854134,9,1024,fixed_density,4.0,1,1,identity,1.7608598355206782,"{""projection"": [[1.0]]}",0.027056458333455824
exponential,exp(x),1.0,20561582,9,fixed,0.05,1024,fixed_density,4.0,1,1,1.787916293854134,9,1024,fixed_density,4.0,1,1,gain_matched,1.7435142591941752,"{""gain_matrix"": [[1.02718261128682]]}",0.04440203465995873
exponential,exp(x),1.0,20561582,9,fixed,0.05,1024,fixed_density,4.0,1,1,1.787916293854134,9,1024,fixed_density,4.0,1,1,variance_matched,1.8380236944013513,"{""direction"": [1.0]}",-0.050107400547217296
exponential,exp(x),1.0,20561582,9,fixed,0.05,1024,fixed_density,4.0,1,1,1.787916293854134,9,1024,fixed_density,4.0,1,1,shuffled_target,0.0017030448363411896,{},1.7862132490177929
exponential,exp(x),1.0,20561582,9,fixed,0.05,1024,fixed_density,4.0,1,1,1.787916293854134,9,1024,fixed_density,4.0,1,1,analytic_volume,0.0,"{""source_dim"": 1}",1.787916293854134
exponential,exp(x),2.0,20562429,0,fixed,0.05,2048,fixed_density,4.0,1,1,2.6127202595891594,0,2048,fixed_density,4.0,1,1,null,-0.0005576124435797316,{},2.613277872032739
exponential,exp(x),2.0,20562429,0,fixed,0.05,2048,fixed_density,4.0,1,1,2.6127202595891594,0,2048,fixed_density,4.0,1,1,identity,2.4276058189002208,"{""projection"": [[1.0]]}",0.18511444068893868
exponential,exp(x),2.0,20562429,0,fixed,0.05,2048,fixed_density,4.0,1,1,2.6127202595891594,0,2048,fixed_density,4.0,1,1,gain_matched,2.5297600306004675,"{""gain_matrix"": [[1.1004165346018995]]}",0.08296022898869193
exponential,exp(x),2.0,20562429,0,fixed,0.05,2048,fixed_density,4.0,1,1,2.6127202595891594,0,2048,fixed_density,4.0,1,1,variance_matched,2.5547711323407754,"{""direction"": [1.0]}",0.05794912724838408
exponential,exp(x),2.0,20562429,0,fixed,0.05,2048,fixed_density,4.0,1,1,2.6127202595891594,0,2048,fixed_density,4.0,1,1,shuffled_target,0.00029259380123833204,{},2.612427665787921
exponential,exp(x),2.0,20562429,0,fixed,0.05,2048,fixed_density,4.0,1,1,2.6127202595891594,0,2048,fixed_density,4.0,1,1,analytic_volume,0.6931471805599453,"{""source_dim"": 1}",1.919573079029214
exponential,exp(x),2.0,20562446,1,fixed,0.05,2048,fixed_density,4.0,1,1,2.571099686185129,1,2048,fixed_density,4.0,1,1,null,-0.00020688694075738333,{},2.571306573125886
exponential,exp(x),2.0,20562446,1,fixed,0.05,2048,fixed_density,4.0,1,1,2.571099686185129,1,2048,fixed_density,4.0,1,1,identity,2.4402522069060453,"{""projection"": [[1.0]]}",0.1308474792790837
exponential,exp(x),2.0,20562446,1,fixed,0.05,2048,fixed_density,4.0,1,1,2.571099686185129,1,2048,fixed_density,4.0,1,1,gain_matched,2.5492295189320187,"{""gain_matrix"": [[1.1028002296746027]]}",0.021870167253110306
exponential,exp(x),2.0,20562446,1,fixed,0.05,2048,fixed_density,4.0,1,1,2.571099686185129,1,2048,fixed_density,4.0,1,1,variance_matched,2.576242500542521,"{""direction"": [1.0]}",-0.005142814357391945
exponential,exp(x),2.0,20562446,1,fixed,0.05,2048,fixed_density,4.0,1,1,2.571099686185129,1,2048,fixed_density,4.0,1,1,shuffled_target,9.565452757974511e-05,{},2.5710040316575493
exponential,exp(x),2.0,20562446,1,fixed,0.05,2048,fixed_density,4.0,1,1,2.571099686185129,1,2048,fixed_density,4.0,1,1,analytic_volume,0.6931471805599453,"{""source_dim"": 1}",1.8779525056251836
exponential,exp(x),2.0,20562463,2,fixed,0.05,2048,fixed_density,4.0,1,1,2.529301177270958,2,2048,fixed_density,4.0,1,1,null,0.00018237269847357573,{},2.5291188045724846
exponential,exp(x),2.0,20562463,2,fixed,0.05,2048,fixed_density,4.0,1,1,2.529301177270958,2,2048,fixed_density,4.0,1,1,identity,2.426654505800207,"{""projection"": [[1.0]]}",0.10264667147075102
exponential,exp(x),2.0,20562463,2,fixed,0.05,2048,fixed_density,4.0,1,1,2.529301177270958,2,2048,fixed_density,4.0,1,1,gain_matched,2.4952466496924255,"{""gain_matrix"": [[1.090470711583302]]}",0.03405452757853267
exponential,exp(x),2.0,20562463,2,fixed,0.05,2048,fixed_density,4.0,1,1,2.529301177270958,2,2048,fixed_density,4.0,1,1,variance_matched,2.5578765030321513,"{""direction"": [1.0]}",-0.02857532576119315
exponential,exp(x),2.0,20562463,2,fixed,0.05,2048,fixed_density,4.0,1,1,2.529301177270958,2,2048,fixed_density,4.0,1,1,shuffled_target,0.00029459851633370645,{},2.5290065787546245
exponential,exp(x),2.0,20562463,2,fixed,0.05,2048,fixed_density,4.0,1,1,2.529301177270958,2,2048,fixed_density,4.0,1,1,analytic_volume,0.6931471805599453,"{""source_dim"": 1}",1.8361539967110128
exponential,exp(x),2.0,20562480,3,fixed,0.05,2048,fixed_density,4.0,1,1,2.583688123229752,3,2048,fixed_density,4.0,1,1,null,0.0012447215839051645,{},2.582443401645847
exponential,exp(x),2.0,20562480,3,fixed,0.05,2048,fixed_density,4.0,1,1,2.583688123229752,3,2048,fixed_density,4.0,1,1,identity,2.454007338600956,"{""projection"": [[1.0]]}",0.12968078462879618
exponential,exp(x),2.0,20562480,3,fixed,0.05,2048,fixed_density,4.0,1,1,2.583688123229752,3,2048,fixed_density,4.0,1,1,gain_matched,2.58701635301954,"{""gain_matrix"": [[1.1080355461809497]]}",-0.003328229789787862
exponential,exp(x),2.0,20562480,3,fixed,0.05,2048,fixed_density,4.0,1,1,2.583688123229752,3,2048,fixed_density,4.0,1,1,variance_matched,2.6219513042382347,"{""direction"": [1.0]}",-0.03826318100848258
exponential,exp(x),2.0,20562480,3,fixed,0.05,2048,fixed_density,4.0,1,1,2.583688123229752,3,2048,fixed_density,4.0,1,1,shuffled_target,0.0016866748776803219,{},2.582001448352072
exponential,exp(x),2.0,20562480,3,fixed,0.05,2048,fixed_density,4.0,1,1,2.583688123229752,3,2048,fixed_density,4.0,1,1,analytic_volume,0.6931471805599453,"{""source_dim"": 1}",1.8905409426698068
exponential,exp(x),2.0,20562497,4,fixed,0.05,2048,fixed_density,4.0,1,1,2.5882066845890055,4,2048,fixed_density,4.0,1,1,null,0.0005827560920031137,{},2.587623928497002
exponential,exp(x),2.0,20562497,4,fixed,0.05,2048,fixed_density,4.0,1,1,2.5882066845890055,4,2048,fixed_density,4.0,1,1,identity,2.449255064353073,"{""projection"": [[1.0]]}",0.13895162023593244
exponential,exp(x),2.0,20562497,4,fixed,0.05,2048,fixed_density,4.0,1,1,2.5882066845890055,4,2048,fixed_density,4.0,1,1,gain_matched,2.5564587322355248,"{""gain_matrix"": [[1.1149944723440477]]}",0.03174795235348071
exponential,exp(x),2.0,20562497,4,fixed,0.05,2048,fixed_density,4.0,1,1,2.5882066845890055,4,2048,fixed_density,4.0,1,1,variance_matched,2.596286607635362,"{""direction"": [1.0]}",-0.00807992304635663
exponential,exp(x),2.0,20562497,4,fixed,0.05,2048,fixed_density,4.0,1,1,2.5882066845890055,4,2048,fixed_density,4.0,1,1,shuffled_target,-0.00014380496455869006,{},2.588350489553564
exponential,exp(x),2.0,20562497,4,fixed,0.05,2048,fixed_density,4.0,1,1,2.5882066845890055,4,2048,fixed_density,4.0,1,1,analytic_volume,0.6931471805599453,"{""source_dim"": 1}",1.89505950402906
exponential,exp(x),2.0,20562514,5,fixed,0.05,2048,fixed_density,4.0,1,1,2.623336685388452,5,2048,fixed_density,4.0,1,1,null,-0.0005841619800084902,{},2.6239208473684603
exponential,exp(x),2.0,20562514,5,fixed,0.05,2048,fixed_density,4.0,1,1,2.623336685388452,5,2048,fixed_density,4.0,1,1,identity,2.4654208359035983,"{""projection"": [[1.0]]}",0.1579158494848536
exponential,exp(x),2.0,20562514,5,fixed,0.05,2048,fixed_density,4.0,1,1,2.623336685388452,5,2048,fixed_density,4.0,1,1,gain_matched,2.56065683964248,"{""gain_matrix"": [[1.1056773792206023]]}",0.06267984574597207
exponential,exp(x),2.0,20562514,5,fixed,0.05,2048,fixed_density,4.0,1,1,2.623336685388452,5,2048,fixed_density,4.0,1,1,variance_matched,2.582269909936314,"{""direction"": [1.0]}",0.04106677545213788
exponential,exp(x),2.0,20562514,5,fixed,0.05,2048,fixed_density,4.0,1,1,2.623336685388452,5,2048,fixed_density,4.0,1,1,shuffled_target,-0.0003701868316324391,{},2.6237068722200845
exponential,exp(x),2.0,20562514,5,fixed,0.05,2048,fixed_density,4.0,1,1,2.623336685388452,5,2048,fixed_density,4.0,1,1,analytic_volume,0.6931471805599453,"{""source_dim"": 1}",1.9301895048285065
exponential,exp(x),2.0,20562531,6,fixed,0.05,2048,fixed_density,4.0,1,1,2.5754626573569235,6,2048,fixed_density,4.0,1,1,null,-0.00020388924407003,{},2.5756665466009934
exponential,exp(x),2.0,20562531,6,fixed,0.05,2048,fixed_density,4.0,1,1,2.5754626573569235,6,2048,fixed_density,4.0,1,1,identity,2.4562156133496886,"{""projection"": [[1.0]]}",0.11924704400723485
exponential,exp(x),2.0,20562531,6,fixed,0.05,2048,fixed_density,4.0,1,1,2.5754626573569235,6,2048,fixed_density,4.0,1,1,gain_matched,2.566985935411418,"{""gain_matrix"": [[1.1042368415090407]]}",0.008476721945505528
exponential,exp(x),2.0,20562531,6,fixed,0.05,2048,fixed_density,4.0,1,1,2.5754626573569235,6,2048,fixed_density,4.0,1,1,variance_matched,2.5690560094891866,"{""direction"": [1.0]}",0.006406647867736925
exponential,exp(x),2.0,20562531,6,fixed,0.05,2048,fixed_density,4.0,1,1,2.5754626573569235,6,2048,fixed_density,4.0,1,1,shuffled_target,-0.00010326506248507458,{},2.5755659224194085
exponential,exp(x),2.0,20562531,6,fixed,0.05,2048,fixed_density,4.0,1,1,2.5754626573569235,6,2048,fixed_density,4.0,1,1,analytic_volume,0.6931471805599453,"{""source_dim"": 1}",1.882315476796978
exponential,exp(x),2.0,20562548,7,fixed,0.05,2048,fixed_density,4.0,1,1,2.561523455008497,7,2048,fixed_density,4.0,1,1,null,-0.00030981568782327887,{},2.56183327069632
exponential,exp(x),2.0,20562548,7,fixed,0.05,2048,fixed_density,4.0,1,1,2.561523455008497,7,2048,fixed_density,4.0,1,1,identity,2.46873926827576,"{""projection"": [[1.0]]}",0.0927841867327368
exponential,exp(x),2.0,20562548,7,fixed,0.05,2048,fixed_density,4.0,1,1,2.561523455008497,7,2048,fixed_density,4.0,1,1,gain_matched,2.5608500868769806,"{""gain_matrix"": [[1.0985814446544147]]}",0.0006733681315163054
exponential,exp(x),2.0,20562548,7,fixed,0.05,2048,fixed_density,4.0,1,1,2.561523455008497,7,2048,fixed_density,4.0,1,1,variance_matched,2.6063409819062677,"{""direction"": [1.0]}",-0.044817526897770854
exponential,exp(x),2.0,20562548,7,fixed,0.05,2048,fixed_density,4.0,1,1,2.561523455008497,7,2048,fixed_density,4.0,1,1,shuffled_target,-0.00015910452187298024,{},2.56168255953037
exponential,exp(x),2.0,20562548,7,fixed,0.05,2048,fixed_density,4.0,1,1,2.561523455008497,7,2048,fixed_density,4.0,1,1,analytic_volume,0.6931471805599453,"{""source_dim"": 1}",1.8683762744485515
exponential,exp(x),2.0,20562565,8,fixed,0.05,2048,fixed_density,4.0,1,1,2.5448682770229034,8,2048,fixed_density,4.0,1,1,null,0.0006301109675970373,{},2.5442381660553064
exponential,exp(x),2.0,20562565,8,fixed,0.05,2048,fixed_density,4.0,1,1,2.5448682770229034,8,2048,fixed_density,4.0,1,1,identity,2.4373616997093617,"{""projection"": [[1.0]]}",0.10750657731354174
exponential,exp(x),2.0,20562565,8,fixed,0.05,2048,fixed_density,4.0,1,1,2.5448682770229034,8,2048,fixed_density,4.0,1,1,gain_matched,2.5254006566127734,"{""gain_matrix"": [[1.0956413317445224]]}",0.01946762041013006
exponential,exp(x),2.0,20562565,8,fixed,0.05,2048,fixed_density,4.0,1,1,2.5448682770229034,8,2048,fixed_density,4.0,1,1,variance_matched,2.570705076134235,"{""direction"": [1.0]}",-0.025836799111331743
exponential,exp(x),2.0,20562565,8,fixed,0.05,2048,fixed_density,4.0,1,1,2.5448682770229034,8,2048,fixed_density,4.0,1,1,shuffled_target,-4.7506812406081076e-05,{},2.5449157838353096
exponential,exp(x),2.0,20562565,8,fixed,0.05,2048,fixed_density,4.0,1,1,2.5448682770229034,8,2048,fixed_density,4.0,1,1,analytic_volume,0.6931471805599453,"{""source_dim"": 1}",1.851721096462958
exponential,exp(x),2.0,20562582,9,fixed,0.05,2048,fixed_density,4.0,1,1,2.5796784294550634,9,2048,fixed_density,4.0,1,1,null,-0.00013429027607857723,{},2.579812719731142
exponential,exp(x),2.0,20562582,9,fixed,0.05,2048,fixed_density,4.0,1,1,2.5796784294550634,9,2048,fixed_density,4.0,1,1,identity,2.4454674838034878,"{""projection"": [[1.0]]}",0.13421094565157565
exponential,exp(x),2.0,20562582,9,fixed,0.05,2048,fixed_density,4.0,1,1,2.5796784294550634,9,2048,fixed_density,4.0,1,1,gain_matched,2.5659977523043414,"{""gain_matrix"": [[1.1001198858344947]]}",0.013680677150722076
exponential,exp(x),2.0,20562582,9,fixed,0.05,2048,fixed_density,4.0,1,1,2.5796784294550634,9,2048,fixed_density,4.0,1,1,variance_matched,2.5887022880970822,"{""direction"": [1.0]}",-0.009023858642018823
exponential,exp(x),2.0,20562582,9,fixed,0.05,2048,fixed_density,4.0,1,1,2.5796784294550634,9,2048,fixed_density,4.0,1,1,shuffled_target,-3.81041117964849e-05,{},2.57971653356686
exponential,exp(x),2.0,20562582,9,fixed,0.05,2048,fixed_density,4.0,1,1,2.5796784294550634,9,2048,fixed_density,4.0,1,1,analytic_volume,0.6931471805599453,"{""source_dim"": 1}",1.886531248895118
exponential,exp(x),4.0,20563429,0,fixed,0.05,4096,fixed_density,4.0,1,1,3.142405187654979,0,4096,fixed_density,4.0,1,1,null,-0.00018769941404671634,{},3.1425928870690254
exponential,exp(x),4.0,20563429,0,fixed,0.05,4096,fixed_density,4.0,1,1,3.142405187654979,0,4096,fixed_density,4.0,1,1,identity,3.1447380384087618,"{""projection"": [[1.0]]}",-0.002332850753782978
exponential,exp(x),4.0,20563429,0,fixed,0.05,4096,fixed_density,4.0,1,1,3.142405187654979,0,4096,fixed_density,4.0,1,1,gain_matched,3.532007112670898,"{""gain_matrix"": [[1.45154406878873]]}",-0.3896019250159193
exponential,exp(x),4.0,20563429,0,fixed,0.05,4096,fixed_density,4.0,1,1,3.142405187654979,0,4096,fixed_density,4.0,1,1,variance_matched,3.628271929173869,"{""direction"": [1.0]}",-0.4858667415188904
exponential,exp(x),4.0,20563429,0,fixed,0.05,4096,fixed_density,4.0,1,1,3.142405187654979,0,4096,fixed_density,4.0,1,1,shuffled_target,-0.00020584732099406618,{},3.142611034975973
exponential,exp(x),4.0,20563429,0,fixed,0.05,4096,fixed_density,4.0,1,1,3.142405187654979,0,4096,fixed_density,4.0,1,1,analytic_volume,1.3862943611198906,"{""source_dim"": 1}",1.7561108265350882
exponential,exp(x),4.0,20563446,1,fixed,0.05,4096,fixed_density,4.0,1,1,3.1575192956073277,1,4096,fixed_density,4.0,1,1,null,2.454071424534568e-06,{},3.157516841535903
exponential,exp(x),4.0,20563446,1,fixed,0.05,4096,fixed_density,4.0,1,1,3.1575192956073277,1,4096,fixed_density,4.0,1,1,identity,3.114038411770659,"{""projection"": [[1.0]]}",0.04348088383666848
exponential,exp(x),4.0,20563446,1,fixed,0.05,4096,fixed_density,4.0,1,1,3.1575192956073277,1,4096,fixed_density,4.0,1,1,gain_matched,3.540133133369872,"{""gain_matrix"": [[1.4676293399923137]]}",-0.3826138377625443
exponential,exp(x),4.0,20563446,1,fixed,0.05,4096,fixed_density,4.0,1,1,3.1575192956073277,1,4096,fixed_density,4.0,1,1,variance_matched,3.6169821406211105,"{""direction"": [1.0]}",-0.45946284501378276
exponential,exp(x),4.0,20563446,1,fixed,0.05,4096,fixed_density,4.0,1,1,3.1575192956073277,1,4096,fixed_density,4.0,1,1,shuffled_target,-0.00023228326833847293,{},3.1577515788756663
exponential,exp(x),4.0,20563446,1,fixed,0.05,4096,fixed_density,4.0,1,1,3.1575192956073277,1,4096,fixed_density,4.0,1,1,analytic_volume,1.3862943611198906,"{""source_dim"": 1}",1.7712249344874371
exponential,exp(x),4.0,20563463,2,fixed,0.05,4096,fixed_density,4.0,1,1,3.14850052311275,2,4096,fixed_density,4.0,1,1,null,-0.00035780848191128924,{},3.148858331594661
exponential,exp(x),4.0,20563463,2,fixed,0.05,4096,fixed_density,4.0,1,1,3.14850052311275,2,4096,fixed_density,4.0,1,1,identity,3.1448887202102176,"{""projection"": [[1.0]]}",0.0036118029025322684
exponential,exp(x),4.0,20563463,2,fixed,0.05,4096,fixed_density,4.0,1,1,3.14850052311275,2,4096,fixed_density,4.0,1,1,gain_matched,3.525443185081153,"{""gain_matrix"": [[1.4544052003734602]]}",-0.3769426619684033
exponential,exp(x),4.0,20563463,2,fixed,0.05,4096,fixed_density,4.0,1,1,3.14850052311275,2,4096,fixed_density,4.0,1,1,variance_matched,3.640633280842687,"{""direction"": [1.0]}",-0.49213275772993725
exponential,exp(x),4.0,20563463,2,fixed,0.05,4096,fixed_density,4.0,1,1,3.14850052311275,2,4096,fixed_density,4.0,1,1,shuffled_target,-0.00024048049048068938,{},3.1487410036032304
exponential,exp(x),4.0,20563463,2,fixed,0.05,4096,fixed_density,4.0,1,1,3.14850052311275,2,4096,fixed_density,4.0,1,1,analytic_volume,1.3862943611198906,"{""source_dim"": 1}",1.7622061619928593
exponential,exp(x),4.0,20563480,3,fixed,0.05,4096,fixed_density,4.0,1,1,3.163117124773738,3,4096,fixed_density,4.0,1,1,null,0.0008384224715441926,{},3.162278702302194
exponential,exp(x),4.0,20563480,3,fixed,0.05,4096,fixed_density,4.0,1,1,3.163117124773738,3,4096,fixed_density,4.0,1,1,identity,3.134545046406835,"{""projection"": [[1.0]]}",0.02857207836690323
exponential,exp(x),4.0,20563480,3,fixed,0.05,4096,fixed_density,4.0,1,1,3.163117124773738,3,4096,fixed_density,4.0,1,1,gain_matched,3.499651623391276,"{""gain_matrix"": [[1.464505974343177]]}",-0.3365344986175378
exponential,exp(x),4.0,20563480,3,fixed,0.05,4096,fixed_density,4.0,1,1,3.163117124773738,3,4096,fixed_density,4.0,1,1,variance_matched,3.6372732725128403,"{""direction"": [1.0]}",-0.4741561477391021
exponential,exp(x),4.0,20563480,3,fixed,0.05,4096,fixed_density,4.0,1,1,3.163117124773738,3,4096,fixed_density,4.0,1,1,shuffled_target,0.0006419660265010089,{},3.1624751587472373
exponential,exp(x),4.0,20563480,3,fixed,0.05,4096,fixed_density,4.0,1,1,3.163117124773738,3,4096,fixed_density,4.0,1,1,analytic_volume,1.3862943611198906,"{""source_dim"": 1}",1.7768227636538476
exponential,exp(x),4.0,20563497,4,fixed,0.05,4096,fixed_density,4.0,1,1,3.167525471546927,4,4096,fixed_density,4.0,1,1,null,-0.00021110322839537816,{},3.1677365747753226
exponential,exp(x),4.0,20563497,4,fixed,0.05,4096,fixed_density,4.0,1,1,3.167525471546927,4,4096,fixed_density,4.0,1,1,identity,3.163270356069713,"{""projection"": [[1.0]]}",0.004255115477214133
exponential,exp(x),4.0,20563497,4,fixed,0.05,4096,fixed_density,4.0,1,1,3.167525471546927,4,4096,fixed_density,4.0,1,1,gain_matched,3.5286528009006286,"{""gain_matrix"": [[1.4694395293769276]]}",-0.3611273293537014
exponential,exp(x),4.0,20563497,4,fixed,0.05,4096,fixed_density,4.0,1,1,3.167525471546927,4,4096,fixed_density,4.0,1,1,variance_matched,3.649846869213828,"{""direction"": [1.0]}",-0.48232139766690096
exponential,exp(x),4.0,20563497,4,fixed,0.05,4096,fixed_density,4.0,1,1,3.167525471546927,4,4096,fixed_density,4.0,1,1,shuffled_target,0.000185889746381503,{},3.1673395818005456
exponential,exp(x),4.0,20563497,4,fixed,0.05,4096,fixed_density,4.0,1,1,3.167525471546927,4,4096,fixed_density,4.0,1,1,analytic_volume,1.3862943611198906,"{""source_dim"": 1}",1.7812311104270366
exponential,exp(x),4.0,20563514,5,fixed,0.05,4096,fixed_density,4.0,1,1,3.141074165785246,5,4096,fixed_density,4.0,1,1,null,-7.37518763884483e-05,{},3.1411479176616344
exponential,exp(x),4.0,20563514,5,fixed,0.05,4096,fixed_density,4.0,1,1,3.141074165785246,5,4096,fixed_density,4.0,1,1,identity,3.131878459424418,"{""projection"": [[1.0]]}",0.009195706360828115
exponential,exp(x),4.0,20563514,5,fixed,0.05,4096,fixed_density,4.0,1,1,3.141074165785246,5,4096,fixed_density,4.0,1,1,gain_matched,3.505815561542981,"{""gain_matrix"": [[1.444574949805195]]}",-0.364741395757735
exponential,exp(x),4.0,20563514,5,fixed,0.05,4096,fixed_density,4.0,1,1,3.141074165785246,5,4096,fixed_density,4.0,1,1,variance_matched,3.6305322899523382,"{""direction"": [1.0]}",-0.4894581241670921
exponential,exp(x),4.0,20563514,5,fixed,0.05,4096,fixed_density,4.0,1,1,3.141074165785246,5,4096,fixed_density,4.0,1,1,shuffled_target,-0.00021838104123886532,{},3.141292546826485
exponential,exp(x),4.0,20563514,5,fixed,0.05,4096,fixed_density,4.0,1,1,3.141074165785246,5,4096,fixed_density,4.0,1,1,analytic_volume,1.3862943611198906,"{""source_dim"": 1}",1.7547798046653555
exponential,exp(x),4.0,20563531,6,fixed,0.05,4096,fixed_density,4.0,1,1,3.1568875206804137,6,4096,fixed_density,4.0,1,1,null,-0.00030049639588875177,{},3.1571880170763023
exponential,exp(x),4.0,20563531,6,fixed,0.05,4096,fixed_density,4.0,1,1,3.1568875206804137,6,4096,fixed_density,4.0,1,1,identity,3.152485056716044,"{""projection"": [[1.0]]}",0.004402463964369829
exponential,exp(x),4.0,20563531,6,fixed,0.05,4096,fixed_density,4.0,1,1,3.1568875206804137,6,4096,fixed_density,4.0,1,1,gain_matched,3.5206893881833543,"{""gain_matrix"": [[1.4653282012824191]]}",-0.36380186750294063
exponential,exp(x),4.0,20563531,6,fixed,0.05,4096,fixed_density,4.0,1,1,3.1568875206804137,6,4096,fixed_density,4.0,1,1,variance_matched,3.637244303919304,"{""direction"": [1.0]}",-0.4803567832388902
exponential,exp(x),4.0,20563531,6,fixed,0.05,4096,fixed_density,4.0,1,1,3.1568875206804137,6,4096,fixed_density,4.0,1,1,shuffled_target,0.0006566009610380543,{},3.1562309197193756
exponential,exp(x),4.0,20563531,6,fixed,0.05,4096,fixed_density,4.0,1,1,3.1568875206804137,6,4096,fixed_density,4.0,1,1,analytic_volume,1.3862943611198906,"{""source_dim"": 1}",1.770593159560523
exponential,exp(x),4.0,20563548,7,fixed,0.05,4096,fixed_density,4.0,1,1,3.148524430334878,7,4096,fixed_density,4.0,1,1,null,-0.00031536919444717946,{},3.148839799529325
exponential,exp(x),4.0,20563548,7,fixed,0.05,4096,fixed_density,4.0,1,1,3.148524430334878,7,4096,fixed_density,4.0,1,1,identity,3.1525764086208032,"{""projection"": [[1.0]]}",-0.004051978285925184
exponential,exp(x),4.0,20563548,7,fixed,0.05,4096,fixed_density,4.0,1,1,3.148524430334878,7,4096,fixed_density,4.0,1,1,gain_matched,3.5127279984537814,"{""gain_matrix"": [[1.4565697416465462]]}",-0.3642035681189033
exponential,exp(x),4.0,20563548,7,fixed,0.05,4096,fixed_density,4.0,1,1,3.148524430334878,7,4096,fixed_density,4.0,1,1,variance_matched,3.6356456821396765,"{""direction"": [1.0]}",-0.4871212518047985
exponential,exp(x),4.0,20563548,7,fixed,0.05,4096,fixed_density,4.0,1,1,3.148524430334878,7,4096,fixed_density,4.0,1,1,shuffled_target,-0.00015998974824642687,{},3.1486844200831245
exponential,exp(x),4.0,20563548,7,fixed,0.05,4096,fixed_density,4.0,1,1,3.148524430334878,7,4096,fixed_density,4.0,1,1,analytic_volume,1.3862943611198906,"{""source_dim"": 1}",1.7622300692149875
exponential,exp(x),4.0,20563565,8,fixed,0.05,4096,fixed_density,4.0,1,1,3.1678384091338616,8,4096,fixed_density,4.0,1,1,null,-0.00030682187596118784,{},3.168145231009823
exponential,exp(x),4.0,20563565,8,fixed,0.05,4096,fixed_density,4.0,1,1,3.1678384091338616,8,4096,fixed_density,4.0,1,1,identity,3.153218945963201,"{""projection"": [[1.0]]}",0.014619463170660651
exponential,exp(x),4.0,20563565,8,fixed,0.05,4096,fixed_density,4.0,1,1,3.1678384091338616,8,4096,fixed_density,4.0,1,1,gain_matched,3.533345342398486,"{""gain_matrix"": [[1.4608386380201508]]}",-0.3655069332646246
exponential,exp(x),4.0,20563565,8,fixed,0.05,4096,fixed_density,4.0,1,1,3.1678384091338616,8,4096,fixed_density,4.0,1,1,variance_matched,3.6607918367202075,"{""direction"": [1.0]}",-0.49295342758634586
exponential,exp(x),4.0,20563565,8,fixed,0.05,4096,fixed_density,4.0,1,1,3.1678384091338616,8,4096,fixed_density,4.0,1,1,shuffled_target,0.0005764562772060293,{},3.1672619528566557
exponential,exp(x),4.0,20563565,8,fixed,0.05,4096,fixed_density,4.0,1,1,3.1678384091338616,8,4096,fixed_density,4.0,1,1,analytic_volume,1.3862943611198906,"{""source_dim"": 1}",1.781544048013971
exponential,exp(x),4.0,20563582,9,fixed,0.05,4096,fixed_density,4.0,1,1,3.1820469460324574,9,4096,fixed_density,4.0,1,1,null,-0.0003587992436766128,{},3.182405745276134
exponential,exp(x),4.0,20563582,9,fixed,0.05,4096,fixed_density,4.0,1,1,3.1820469460324574,9,4096,fixed_density,4.0,1,1,identity,3.1302093208454846,"{""projection"": [[1.0]]}",0.05183762518697277
exponential,exp(x),4.0,20563582,9,fixed,0.05,4096,fixed_density,4.0,1,1,3.1820469460324574,9,4096,fixed_density,4.0,1,1,gain_matched,3.523853763337271,"{""gain_matrix"": [[1.4656066589413235]]}",-0.34180681730481366
exponential,exp(x),4.0,20563582,9,fixed,0.05,4096,fixed_density,4.0,1,1,3.1820469460324574,9,4096,fixed_density,4.0,1,1,variance_matched,3.625741279975058,"{""direction"": [1.0]}",-0.4436943339426005
exponential,exp(x),4.0,20563582,9,fixed,0.05,4096,fixed_density,4.0,1,1,3.1820469460324574,9,4096,fixed_density,4.0,1,1,shuffled_target,-7.32226933208401e-05,{},3.182120168725778
exponential,exp(x),4.0,20563582,9,fixed,0.05,4096,fixed_density,4.0,1,1,3.1820469460324574,9,4096,fixed_density,4.0,1,1,analytic_volume,1.3862943611198906,"{""source_dim"": 1}",1.7957525849125668
exponential,exp(x),8.0,20564429,0,fixed,0.05,8192,fixed_density,4.0,1,1,1.9155571510171785,0,8192,fixed_density,4.0,1,1,null,-5.7036849954627975e-05,{},1.9156141878671331
exponential,exp(x),8.0,20564429,0,fixed,0.05,8192,fixed_density,4.0,1,1,1.9155571510171785,0,8192,fixed_density,4.0,1,1,identity,3.8402509658859625,"{""projection"": [[1.0]]}",-1.924693814868784
exponential,exp(x),8.0,20564429,0,fixed,0.05,8192,fixed_density,4.0,1,1,1.9155571510171785,0,8192,fixed_density,4.0,1,1,gain_matched,5.180720791666399,"{""gain_matrix"": [[3.831216545564356]]}",-3.2651636406492206
exponential,exp(x),8.0,20564429,0,fixed,0.05,8192,fixed_density,4.0,1,1,1.9155571510171785,0,8192,fixed_density,4.0,1,1,variance_matched,5.454914023501564,"{""direction"": [1.0]}",-3.5393568724843854
exponential,exp(x),8.0,20564429,0,fixed,0.05,8192,fixed_density,4.0,1,1,1.9155571510171785,0,8192,fixed_density,4.0,1,1,shuffled_target,-0.00012373694324809882,{},1.9156808879604266
exponential,exp(x),8.0,20564429,0,fixed,0.05,8192,fixed_density,4.0,1,1,1.9155571510171785,0,8192,fixed_density,4.0,1,1,analytic_volume,2.0794415416798357,"{""source_dim"": 1}",-0.16388439066265725
exponential,exp(x),8.0,20564446,1,fixed,0.05,8192,fixed_density,4.0,1,1,1.9130384225709767,1,8192,fixed_density,4.0,1,1,null,-0.00013735224804696316,{},1.9131757748190237
exponential,exp(x),8.0,20564446,1,fixed,0.05,8192,fixed_density,4.0,1,1,1.9130384225709767,1,8192,fixed_density,4.0,1,1,identity,3.8372486937941304,"{""projection"": [[1.0]]}",-1.9242102712231537
exponential,exp(x),8.0,20564446,1,fixed,0.05,8192,fixed_density,4.0,1,1,1.9130384225709767,1,8192,fixed_density,4.0,1,1,gain_matched,5.184251011183612,"{""gain_matrix"": [[3.819186414328514]]}",-3.2712125886126353
exponential,exp(x),8.0,20564446,1,fixed,0.05,8192,fixed_density,4.0,1,1,1.9130384225709767,1,8192,fixed_density,4.0,1,1,variance_matched,5.465275733240084,"{""direction"": [1.0]}",-3.552237310669107
exponential,exp(x),8.0,20564446,1,fixed,0.05,8192,fixed_density,4.0,1,1,1.9130384225709767,1,8192,fixed_density,4.0,1,1,shuffled_target,-0.00014751661139893808,{},1.9131859391823756
exponential,exp(x),8.0,20564446,1,fixed,0.05,8192,fixed_density,4.0,1,1,1.9130384225709767,1,8192,fixed_density,4.0,1,1,analytic_volume,2.0794415416798357,"{""source_dim"": 1}",-0.16640311910885908
exponential,exp(x),8.0,20564463,2,fixed,0.05,8192,fixed_density,4.0,1,1,1.9190594019917762,2,8192,fixed_density,4.0,1,1,null,-9.729512529856014e-05,{},1.9191566971170748
exponential,exp(x),8.0,20564463,2,fixed,0.05,8192,fixed_density,4.0,1,1,1.9190594019917762,2,8192,fixed_density,4.0,1,1,identity,3.8309868444742676,"{""projection"": [[1.0]]}",-1.9119274424824915
exponential,exp(x),8.0,20564463,2,fixed,0.05,8192,fixed_density,4.0,1,1,1.9190594019917762,2,8192,fixed_density,4.0,1,1,gain_matched,5.179867763088063,"{""gain_matrix"": [[3.835894403125332]]}",-3.2608083610962866
exponential,exp(x),8.0,20564463,2,fixed,0.05,8192,fixed_density,4.0,1,1,1.9190594019917762,2,8192,fixed_density,4.0,1,1,variance_matched,5.454998082425465,"{""direction"": [1.0]}",-3.535938680433689
exponential,exp(x),8.0,20564463,2,fixed,0.05,8192,fixed_density,4.0,1,1,1.9190594019917762,2,8192,fixed_density,4.0,1,1,shuffled_target,-6.178369497397771e-05,{},1.91912118568675
exponential,exp(x),8.0,20564463,2,fixed,0.05,8192,fixed_density,4.0,1,1,1.9190594019917762,2,8192,fixed_density,4.0,1,1,analytic_volume,2.0794415416798357,"{""source_dim"": 1}",-0.1603821396880596
exponential,exp(x),8.0,20564480,3,fixed,0.05,8192,fixed_density,4.0,1,1,1.9201917115463847,3,8192,fixed_density,4.0,1,1,null,7.203569540895779e-05,{},1.9201196758509758
exponential,exp(x),8.0,20564480,3,fixed,0.05,8192,fixed_density,4.0,1,1,1.9201917115463847,3,8192,fixed_density,4.0,1,1,identity,3.8343260485830553,"{""projection"": [[1.0]]}",-1.9141343370366706
exponential,exp(x),8.0,20564480,3,fixed,0.05,8192,fixed_density,4.0,1,1,1.9201917115463847,3,8192,fixed_density,4.0,1,1,gain_matched,5.195056723595195,"{""gain_matrix"": [[3.8354713294953444]]}",-3.274865012048811
exponential,exp(x),8.0,20564480,3,fixed,0.05,8192,fixed_density,4.0,1,1,1.9201917115463847,3,8192,fixed_density,4.0,1,1,variance_matched,5.462725801679749,"{""direction"": [1.0]}",-3.5425340901333646
exponential,exp(x),8.0,20564480,3,fixed,0.05,8192,fixed_density,4.0,1,1,1.9201917115463847,3,8192,fixed_density,4.0,1,1,shuffled_target,-6.280292196685701e-05,{},1.9202545144683516
exponential,exp(x),8.0,20564480,3,fixed,0.05,8192,fixed_density,4.0,1,1,1.9201917115463847,3,8192,fixed_density,4.0,1,1,analytic_volume,2.0794415416798357,"{""source_dim"": 1}",-0.15924983013345106
exponential,exp(x),8.0,20564497,4,fixed,0.05,8192,fixed_density,4.0,1,1,1.917758283087161,4,8192,fixed_density,4.0,1,1,null,-0.00011866846737934033,{},1.9178769515545402
exponential,exp(x),8.0,20564497,4,fixed,0.05,8192,fixed_density,4.0,1,1,1.917758283087161,4,8192,fixed_density,4.0,1,1,identity,3.839983263255138,"{""projection"": [[1.0]]}",-1.922224980167977
exponential,exp(x),8.0,20564497,4,fixed,0.05,8192,fixed_density,4.0,1,1,1.917758283087161,4,8192,fixed_density,4.0,1,1,gain_matched,5.181642258337572,"{""gain_matrix"": [[3.8021504102930694]]}",-3.263883975250411
exponential,exp(x),8.0,20564497,4,fixed,0.05,8192,fixed_density,4.0,1,1,1.917758283087161,4,8192,fixed_density,4.0,1,1,variance_matched,5.455549016329101,"{""direction"": [1.0]}",-3.5377907332419403
exponential,exp(x),8.0,20564497,4,fixed,0.05,8192,fixed_density,4.0,1,1,1.917758283087161,4,8192,fixed_density,4.0,1,1,shuffled_target,3.460336758555159e-05,{},1.9177236797195754
exponential,exp(x),8.0,20564497,4,fixed,0.05,8192,fixed_density,4.0,1,1,1.917758283087161,4,8192,fixed_density,4.0,1,1,analytic_volume,2.0794415416798357,"{""source_dim"": 1}",-0.16168325859267485
exponential,exp(x),8.0,20564514,5,fixed,0.05,8192,fixed_density,4.0,1,1,1.9166571105599814,5,8192,fixed_density,4.0,1,1,null,-0.00014542391517122127,{},1.9168025344751527
exponential,exp(x),8.0,20564514,5,fixed,0.05,8192,fixed_density,4.0,1,1,1.9166571105599814,5,8192,fixed_density,4.0,1,1,identity,3.820817559198507,"{""projection"": [[1.0]]}",-1.9041604486385255
exponential,exp(x),8.0,20564514,5,fixed,0.05,8192,fixed_density,4.0,1,1,1.9166571105599814,5,8192,fixed_density,4.0,1,1,gain_matched,5.189904950505563,"{""gain_matrix"": [[3.8590112352905943]]}",-3.273247839945582
exponential,exp(x),8.0,20564514,5,fixed,0.05,8192,fixed_density,4.0,1,1,1.9166571105599814,5,8192,fixed_density,4.0,1,1,variance_matched,5.449605626802855,"{""direction"": [1.0]}",-3.5329485162428735
exponential,exp(x),8.0,20564514,5,fixed,0.05,8192,fixed_density,4.0,1,1,1.9166571105599814,5,8192,fixed_density,4.0,1,1,shuffled_target,0.00025411541907023095,{},1.9164029951409112
exponential,exp(x),8.0,20564514,5,fixed,0.05,8192,fixed_density,4.0,1,1,1.9166571105599814,5,8192,fixed_density,4.0,1,1,analytic_volume,2.0794415416798357,"{""source_dim"": 1}",-0.1627844311198543
exponential,exp(x),8.0,20564531,6,fixed,0.05,8192,fixed_density,4.0,1,1,1.9083179312814567,6,8192,fixed_density,4.0,1,1,null,-9.29892981315272e-05,{},1.9084109205795883
exponential,exp(x),8.0,20564531,6,fixed,0.05,8192,fixed_density,4.0,1,1,1.9083179312814567,6,8192,fixed_density,4.0,1,1,identity,3.837929979496275,"{""projection"": [[1.0]]}",-1.9296120482148185
exponential,exp(x),8.0,20564531,6,fixed,0.05,8192,fixed_density,4.0,1,1,1.9083179312814567,6,8192,fixed_density,4.0,1,1,gain_matched,5.1679089385794,"{""gain_matrix"": [[3.7812119114719818]]}",-3.259591007297943
exponential,exp(x),8.0,20564531,6,fixed,0.05,8192,fixed_density,4.0,1,1,1.9083179312814567,6,8192,fixed_density,4.0,1,1,variance_matched,5.469068267715155,"{""direction"": [1.0]}",-3.5607503364336983
exponential,exp(x),8.0,20564531,6,fixed,0.05,8192,fixed_density,4.0,1,1,1.9083179312814567,6,8192,fixed_density,4.0,1,1,shuffled_target,-1.5865050215143565e-05,{},1.9083337963316718
exponential,exp(x),8.0,20564531,6,fixed,0.05,8192,fixed_density,4.0,1,1,1.9083179312814567,6,8192,fixed_density,4.0,1,1,analytic_volume,2.0794415416798357,"{""source_dim"": 1}",-0.1711236103983791
exponential,exp(x),8.0,20564548,7,fixed,0.05,8192,fixed_density,4.0,1,1,1.9108489914227444,7,8192,fixed_density,4.0,1,1,null,-0.00015568084544767828,{},1.9110046722681922
exponential,exp(x),8.0,20564548,7,fixed,0.05,8192,fixed_density,4.0,1,1,1.9108489914227444,7,8192,fixed_density,4.0,1,1,identity,3.8299660195259877,"{""projection"": [[1.0]]}",-1.9191170281032432
exponential,exp(x),8.0,20564548,7,fixed,0.05,8192,fixed_density,4.0,1,1,1.9108489914227444,7,8192,fixed_density,4.0,1,1,gain_matched,5.172620043715195,"{""gain_matrix"": [[3.8496248164751474]]}",-3.261771052292451
exponential,exp(x),8.0,20564548,7,fixed,0.05,8192,fixed_density,4.0,1,1,1.9108489914227444,7,8192,fixed_density,4.0,1,1,variance_matched,5.457736291278341,"{""direction"": [1.0]}",-3.5468872998555963
exponential,exp(x),8.0,20564548,7,fixed,0.05,8192,fixed_density,4.0,1,1,1.9108489914227444,7,8192,fixed_density,4.0,1,1,shuffled_target,0.00015295580603980747,{},1.9106960356167046
exponential,exp(x),8.0,20564548,7,fixed,0.05,8192,fixed_density,4.0,1,1,1.9108489914227444,7,8192,fixed_density,4.0,1,1,analytic_volume,2.0794415416798357,"{""source_dim"": 1}",-0.1685925502570913
exponential,exp(x),8.0,20564565,8,fixed,0.05,8192,fixed_density,4.0,1,1,1.920451989907158,8,8192,fixed_density,4.0,1,1,null,5.3869549394337514e-05,{},1.9203981203577636
exponential,exp(x),8.0,20564565,8,fixed,0.05,8192,fixed_density,4.0,1,1,1.920451989907158,8,8192,fixed_density,4.0,1,1,identity,3.832002143617295,"{""projection"": [[1.0]]}",-1.9115501537101371
exponential,exp(x),8.0,20564565,8,fixed,0.05,8192,fixed_density,4.0,1,1,1.920451989907158,8,8192,fixed_density,4.0,1,1,gain_matched,5.182843763875414,"{""gain_matrix"": [[3.8064330175520356]]}",-3.2623917739682557
exponential,exp(x),8.0,20564565,8,fixed,0.05,8192,fixed_density,4.0,1,1,1.920451989907158,8,8192,fixed_density,4.0,1,1,variance_matched,5.469580907225461,"{""direction"": [1.0]}",-3.5491289173183027
exponential,exp(x),8.0,20564565,8,fixed,0.05,8192,fixed_density,4.0,1,1,1.920451989907158,8,8192,fixed_density,4.0,1,1,shuffled_target,0.00033684092294660985,{},1.9201151489842114
exponential,exp(x),8.0,20564565,8,fixed,0.05,8192,fixed_density,4.0,1,1,1.920451989907158,8,8192,fixed_density,4.0,1,1,analytic_volume,2.0794415416798357,"{""source_dim"": 1}",-0.15898955177267782
exponential,exp(x),8.0,20564582,9,fixed,0.05,8192,fixed_density,4.0,1,1,1.935716506311228,9,8192,fixed_density,4.0,1,1,null,5.313961536723046e-05,{},1.935663366695861
exponential,exp(x),8.0,20564582,9,fixed,0.05,8192,fixed_density,4.0,1,1,1.935716506311228,9,8192,fixed_density,4.0,1,1,identity,3.825073037281145,"{""projection"": [[1.0]]}",-1.889356530969917
exponential,exp(x),8.0,20564582,9,fixed,0.05,8192,fixed_density,4.0,1,1,1.935716506311228,9,8192,fixed_density,4.0,1,1,gain_matched,5.193241018840235,"{""gain_matrix"": [[3.9113444090197973]]}",-3.257524512529007
exponential,exp(x),8.0,20564582,9,fixed,0.05,8192,fixed_density,4.0,1,1,1.935716506311228,9,8192,fixed_density,4.0,1,1,variance_matched,5.500977726549167,"{""direction"": [1.0]}",-3.5652612202379395
exponential,exp(x),8.0,20564582,9,fixed,0.05,8192,fixed_density,4.0,1,1,1.935716506311228,9,8192,fixed_density,4.0,1,1,shuffled_target,9.735759193267563e-05,{},1.9356191487192953
exponential,exp(x),8.0,20564582,9,fixed,0.05,8192,fixed_density,4.0,1,1,1.935716506311228,9,8192,fixed_density,4.0,1,1,analytic_volume,2.0794415416798357,"{""source_dim"": 1}",-0.1437250353686077
exponential,exp(x),12.0,20565429,0,fixed,0.05,12288,fixed_density,4.0,1,1,1.3028543744096968,0,12288,fixed_density,4.0,1,1,null,8.74910634985764e-05,{},1.3027668833461983
exponential,exp(x),12.0,20565429,0,fixed,0.05,12288,fixed_density,4.0,1,1,1.3028543744096968,0,12288,fixed_density,4.0,1,1,identity,4.227818830217434,"{""projection"": [[1.0]]}",-2.9249644558077375
exponential,exp(x),12.0,20565429,0,fixed,0.05,12288,fixed_density,4.0,1,1,1.3028543744096968,0,12288,fixed_density,4.0,1,1,gain_matched,6.887309642914279,"{""gain_matrix"": [[14.116736468942797]]}",-5.584455268504582
exponential,exp(x),12.0,20565429,0,fixed,0.05,12288,fixed_density,4.0,1,1,1.3028543744096968,0,12288,fixed_density,4.0,1,1,variance_matched,7.309652529343904,"{""direction"": [1.0]}",-6.006798154934207
exponential,exp(x),12.0,20565429,0,fixed,0.05,12288,fixed_density,4.0,1,1,1.3028543744096968,0,12288,fixed_density,4.0,1,1,shuffled_target,-0.00010605342288836702,{},1.302960427832585
exponential,exp(x),12.0,20565429,0,fixed,0.05,12288,fixed_density,4.0,1,1,1.3028543744096968,0,12288,fixed_density,4.0,1,1,analytic_volume,2.4849066497880004,"{""source_dim"": 1}",-1.1820522753783036
exponential,exp(x),12.0,20565446,1,fixed,0.05,12288,fixed_density,4.0,1,1,1.3085030982619577,1,12288,fixed_density,4.0,1,1,null,-6.772425873120884e-05,{},1.308570822520689
exponential,exp(x),12.0,20565446,1,fixed,0.05,12288,fixed_density,4.0,1,1,1.3085030982619577,1,12288,fixed_density,4.0,1,1,identity,4.24627282808773,"{""projection"": [[1.0]]}",-2.9377697298257726
exponential,exp(x),12.0,20565446,1,fixed,0.05,12288,fixed_density,4.0,1,1,1.3085030982619577,1,12288,fixed_density,4.0,1,1,gain_matched,6.919271725052752,"{""gain_matrix"": [[14.261043066673572]]}",-5.610768626790795
exponential,exp(x),12.0,20565446,1,fixed,0.05,12288,fixed_density,4.0,1,1,1.3085030982619577,1,12288,fixed_density,4.0,1,1,variance_matched,7.337794561758668,"{""direction"": [1.0]}",-6.02929146349671
exponential,exp(x),12.0,20565446,1,fixed,0.05,12288,fixed_density,4.0,1,1,1.3085030982619577,1,12288,fixed_density,4.0,1,1,shuffled_target,7.54070743792951e-05,{},1.3084276911875783
exponential,exp(x),12.0,20565446,1,fixed,0.05,12288,fixed_density,4.0,1,1,1.3085030982619577,1,12288,fixed_density,4.0,1,1,analytic_volume,2.4849066497880004,"{""source_dim"": 1}",-1.1764035515260427
exponential,exp(x),12.0,20565463,2,fixed,0.05,12288,fixed_density,4.0,1,1,1.3148777266792397,2,12288,fixed_density,4.0,1,1,null,-9.742396553601525e-05,{},1.3149751506447758
exponential,exp(x),12.0,20565463,2,fixed,0.05,12288,fixed_density,4.0,1,1,1.3148777266792397,2,12288,fixed_density,4.0,1,1,identity,4.2479916289366555,"{""projection"": [[1.0]]}",-2.933113902257416
exponential,exp(x),12.0,20565463,2,fixed,0.05,12288,fixed_density,4.0,1,1,1.3148777266792397,2,12288,fixed_density,4.0,1,1,gain_matched,6.905323527270784,"{""gain_matrix"": [[14.4348104059349]]}",-5.590445800591544
exponential,exp(x),12.0,20565463,2,fixed,0.05,12288,fixed_density,4.0,1,1,1.3148777266792397,2,12288,fixed_density,4.0,1,1,variance_matched,7.327377761292944,"{""direction"": [1.0]}",-6.012500034613704
exponential,exp(x),12.0,20565463,2,fixed,0.05,12288,fixed_density,4.0,1,1,1.3148777266792397,2,12288,fixed_density,4.0,1,1,shuffled_target,-4.9037358340540514e-05,{},1.3149267640375804
exponential,exp(x),12.0,20565463,2,fixed,0.05,12288,fixed_density,4.0,1,1,1.3148777266792397,2,12288,fixed_density,4.0,1,1,analytic_volume,2.4849066497880004,"{""source_dim"": 1}",-1.1700289231087606
exponential,exp(x),12.0,20565480,3,fixed,0.05,12288,fixed_density,4.0,1,1,1.3043291958045675,3,12288,fixed_density,4.0,1,1,null,-9.892664498524702e-05,{},1.3044281224495529
exponential,exp(x),12.0,20565480,3,fixed,0.05,12288,fixed_density,4.0,1,1,1.3043291958045675,3,12288,fixed_density,4.0,1,1,identity,4.240182452542421,"{""projection"": [[1.0]]}",-2.935853256737854
exponential,exp(x),12.0,20565480,3,fixed,0.05,12288,fixed_density,4.0,1,1,1.3043291958045675,3,12288,fixed_density,4.0,1,1,gain_matched,6.889088208027856,"{""gain_matrix"": [[14.119984656745943]]}",-5.584759012223289
exponential,exp(x),12.0,20565480,3,fixed,0.05,12288,fixed_density,4.0,1,1,1.3043291958045675,3,12288,fixed_density,4.0,1,1,variance_matched,7.333706410760151,"{""direction"": [1.0]}",-6.029377214955583
exponential,exp(x),12.0,20565480,3,fixed,0.05,12288,fixed_density,4.0,1,1,1.3043291958045675,3,12288,fixed_density,4.0,1,1,shuffled_target,-6.652572554558629e-05,{},1.3043957215301132
exponential,exp(x),12.0,20565480,3,fixed,0.05,12288,fixed_density,4.0,1,1,1.3043291958045675,3,12288,fixed_density,4.0,1,1,analytic_volume,2.4849066497880004,"{""source_dim"": 1}",-1.1805774539834328
exponential,exp(x),12.0,20565497,4,fixed,0.05,12288,fixed_density,4.0,1,1,1.311128333688291,4,12288,fixed_density,4.0,1,1,null,-5.806209910107043e-05,{},1.3111863957873922
exponential,exp(x),12.0,20565497,4,fixed,0.05,12288,fixed_density,4.0,1,1,1.311128333688291,4,12288,fixed_density,4.0,1,1,identity,4.244260916347268,"{""projection"": [[1.0]]}",-2.9331325826589767
exponential,exp(x),12.0,20565497,4,fixed,0.05,12288,fixed_density,4.0,1,1,1.311128333688291,4,12288,fixed_density,4.0,1,1,gain_matched,6.89312901480015,"{""gain_matrix"": [[14.241648078560349]]}",-5.582000681111858
exponential,exp(x),12.0,20565497,4,fixed,0.05,12288,fixed_density,4.0,1,1,1.311128333688291,4,12288,fixed_density,4.0,1,1,variance_matched,7.325576905576124,"{""direction"": [1.0]}",-6.014448571887833
exponential,exp(x),12.0,20565497,4,fixed,0.05,12288,fixed_density,4.0,1,1,1.311128333688291,4,12288,fixed_density,4.0,1,1,shuffled_target,-5.108234322342137e-05,{},1.3111794160315144
exponential,exp(x),12.0,20565497,4,fixed,0.05,12288,fixed_density,4.0,1,1,1.311128333688291,4,12288,fixed_density,4.0,1,1,analytic_volume,2.4849066497880004,"{""source_dim"": 1}",-1.1737783160997093
exponential,exp(x),12.0,20565514,5,fixed,0.05,12288,fixed_density,4.0,1,1,1.2920941832174135,5,12288,fixed_density,4.0,1,1,null,-1.3816453947986849e-05,{},1.2921079996713616
exponential,exp(x),12.0,20565514,5,fixed,0.05,12288,fixed_density,4.0,1,1,1.2920941832174135,5,12288,fixed_density,4.0,1,1,identity,4.233402082138421,"{""projection"": [[1.0]]}",-2.941307898921008
exponential,exp(x),12.0,20565514,5,fixed,0.05,12288,fixed_density,4.0,1,1,1.2920941832174135,5,12288,fixed_density,4.0,1,1,gain_matched,6.850173763138625,"{""gain_matrix"": [[13.752998658262719]]}",-5.558079579921212
exponential,exp(x),12.0,20565514,5,fixed,0.05,12288,fixed_density,4.0,1,1,1.2920941832174135,5,12288,fixed_density,4.0,1,1,variance_matched,7.297411163883402,"{""direction"": [1.0]}",-6.005316980665989
exponential,exp(x),12.0,20565514,5,fixed,0.05,12288,fixed_density,4.0,1,1,1.2920941832174135,5,12288,fixed_density,4.0,1,1,shuffled_target,4.675086463523001e-05,{},1.2920474323527784
exponential,exp(x),12.0,20565514,5,fixed,0.05,12288,fixed_density,4.0,1,1,1.2920941832174135,5,12288,fixed_density,4.0,1,1,analytic_volume,2.4849066497880004,"{""source_dim"": 1}",-1.1928124665705868
exponential,exp(x),12.0,20565531,6,fixed,0.05,12288,fixed_density,4.0,1,1,1.3130118576559073,6,12288,fixed_density,4.0,1,1,null,-2.4769000140054912e-05,{},1.3130366266560474
exponential,exp(x),12.0,20565531,6,fixed,0.05,12288,fixed_density,4.0,1,1,1.3130118576559073,6,12288,fixed_density,4.0,1,1,identity,4.233725455621133,"{""projection"": [[1.0]]}",-2.920713597965225
exponential,exp(x),12.0,20565531,6,fixed,0.05,12288,fixed_density,4.0,1,1,1.3130118576559073,6,12288,fixed_density,4.0,1,1,gain_matched,6.896148742571218,"{""gain_matrix"": [[14.34499972738409]]}",-5.5831368849153105
exponential,exp(x),12.0,20565531,6,fixed,0.05,12288,fixed_density,4.0,1,1,1.3130118576559073,6,12288,fixed_density,4.0,1,1,variance_matched,7.332638672398581,"{""direction"": [1.0]}",-6.019626814742673
exponential,exp(x),12.0,20565531,6,fixed,0.05,12288,fixed_density,4.0,1,1,1.3130118576559073,6,12288,fixed_density,4.0,1,1,shuffled_target,-0.00010620678125718073,{},1.3131180644371645
exponential,exp(x),12.0,20565531,6,fixed,0.05,12288,fixed_density,4.0,1,1,1.3130118576559073,6,12288,fixed_density,4.0,1,1,analytic_volume,2.4849066497880004,"{""source_dim"": 1}",-1.171894792132093
exponential,exp(x),12.0,20565548,7,fixed,0.05,12288,fixed_density,4.0,1,1,1.2939381893676705,7,12288,fixed_density,4.0,1,1,null,-6.13796433079897e-05,{},1.2939995690109785
exponential,exp(x),12.0,20565548,7,fixed,0.05,12288,fixed_density,4.0,1,1,1.2939381893676705,7,12288,fixed_density,4.0,1,1,identity,4.232883823645021,"{""projection"": [[1.0]]}",-2.93894563427735
exponential,exp(x),12.0,20565548,7,fixed,0.05,12288,fixed_density,4.0,1,1,1.2939381893676705,7,12288,fixed_density,4.0,1,1,gain_matched,6.866979382523792,"{""gain_matrix"": [[13.950237400234954]]}",-5.573041193156121
exponential,exp(x),12.0,20565548,7,fixed,0.05,12288,fixed_density,4.0,1,1,1.2939381893676705,7,12288,fixed_density,4.0,1,1,variance_matched,7.302868524224654,"{""direction"": [1.0]}",-6.008930334856983
exponential,exp(x),12.0,20565548,7,fixed,0.05,12288,fixed_density,4.0,1,1,1.2939381893676705,7,12288,fixed_density,4.0,1,1,shuffled_target,-0.00010907127413580543,{},1.2940472606418063
exponential,exp(x),12.0,20565548,7,fixed,0.05,12288,fixed_density,4.0,1,1,1.2939381893676705,7,12288,fixed_density,4.0,1,1,analytic_volume,2.4849066497880004,"{""source_dim"": 1}",-1.1909684604203299
exponential,exp(x),12.0,20565565,8,fixed,0.05,12288,fixed_density,4.0,1,1,1.2920724715764564,8,12288,fixed_density,4.0,1,1,null,5.772941579395497e-05,{},1.2920147421606625
exponential,exp(x),12.0,20565565,8,fixed,0.05,12288,fixed_density,4.0,1,1,1.2920724715764564,8,12288,fixed_density,4.0,1,1,identity,4.2498140496589745,"{""projection"": [[1.0]]}",-2.9577415780825183
exponential,exp(x),12.0,20565565,8,fixed,0.05,12288,fixed_density,4.0,1,1,1.2920724715764564,8,12288,fixed_density,4.0,1,1,gain_matched,6.865910649675897,"{""gain_matrix"": [[13.88405062261831]]}",-5.57383817809944
exponential,exp(x),12.0,20565565,8,fixed,0.05,12288,fixed_density,4.0,1,1,1.2920724715764564,8,12288,fixed_density,4.0,1,1,variance_matched,7.30715642014959,"{""direction"": [1.0]}",-6.0150839485731336
exponential,exp(x),12.0,20565565,8,fixed,0.05,12288,fixed_density,4.0,1,1,1.2920724715764564,8,12288,fixed_density,4.0,1,1,shuffled_target,-0.00011142192232493663,{},1.2921838934987813
exponential,exp(x),12.0,20565565,8,fixed,0.05,12288,fixed_density,4.0,1,1,1.2920724715764564,8,12288,fixed_density,4.0,1,1,analytic_volume,2.4849066497880004,"{""source_dim"": 1}",-1.192834178211544
exponential,exp(x),12.0,20565582,9,fixed,0.05,12288,fixed_density,4.0,1,1,1.293906519063033,9,12288,fixed_density,4.0,1,1,null,-6.066942473122958e-05,{},1.2939671884877642
exponential,exp(x),12.0,20565582,9,fixed,0.05,12288,fixed_density,4.0,1,1,1.293906519063033,9,12288,fixed_density,4.0,1,1,identity,4.241725315905515,"{""projection"": [[1.0]]}",-2.9478187968424816
exponential,exp(x),12.0,20565582,9,fixed,0.05,12288,fixed_density,4.0,1,1,1.293906519063033,9,12288,fixed_density,4.0,1,1,gain_matched,6.86683495436391,"{""gain_matrix"": [[13.84730756355327]]}",-5.572928435300876
exponential,exp(x),12.0,20565582,9,fixed,0.05,12288,fixed_density,4.0,1,1,1.293906519063033,9,12288,fixed_density,4.0,1,1,variance_matched,7.295944796136627,"{""direction"": [1.0]}",-6.002038277073594
exponential,exp(x),12.0,20565582,9,fixed,0.05,12288,fixed_density,4.0,1,1,1.293906519063033,9,12288,fixed_density,4.0,1,1,shuffled_target,0.00011356846133139498,{},1.2937929506017016
exponential,exp(x),12.0,20565582,9,fixed,0.05,12288,fixed_density,4.0,1,1,1.293906519063033,9,12288,fixed_density,4.0,1,1,analytic_volume,2.4849066497880004,"{""source_dim"": 1}",-1.1910001307249674
exponential,exp(x),16.0,20566429,0,fixed,0.05,16384,fixed_density,4.0,1,1,0.9815686295241419,0,16384,fixed_density,4.0,1,1,null,3.904049745138703e-05,{},0.9815295890266905
exponential,exp(x),16.0,20566429,0,fixed,0.05,16384,fixed_density,4.0,1,1,0.9815686295241419,0,16384,fixed_density,4.0,1,1,identity,4.5249684343627,"{""projection"": [[1.0]]}",-3.543399804838558
exponential,exp(x),16.0,20566429,0,fixed,0.05,16384,fixed_density,4.0,1,1,0.9815686295241419,0,16384,fixed_density,4.0,1,1,gain_matched,8.491422939350745,"{""gain_matrix"": [[62.12825470736742]]}",-7.509854309826602
exponential,exp(x),16.0,20566429,0,fixed,0.05,16384,fixed_density,4.0,1,1,0.9815686295241419,0,16384,fixed_density,4.0,1,1,variance_matched,8.75717666811459,"{""direction"": [1.0]}",-7.775608038590448
exponential,exp(x),16.0,20566429,0,fixed,0.05,16384,fixed_density,4.0,1,1,0.9815686295241419,0,16384,fixed_density,4.0,1,1,shuffled_target,-1.2380880275231871e-05,{},0.9815810104044171
exponential,exp(x),16.0,20566429,0,fixed,0.05,16384,fixed_density,4.0,1,1,0.9815686295241419,0,16384,fixed_density,4.0,1,1,analytic_volume,2.772588722239781,"{""source_dim"": 1}",-1.7910200927156392
exponential,exp(x),16.0,20566446,1,fixed,0.05,16384,fixed_density,4.0,1,1,0.9784394933913192,1,16384,fixed_density,4.0,1,1,null,3.492227007923204e-05,{},0.9784045711212399
exponential,exp(x),16.0,20566446,1,fixed,0.05,16384,fixed_density,4.0,1,1,0.9784394933913192,1,16384,fixed_density,4.0,1,1,identity,4.536195908495129,"{""projection"": [[1.0]]}",-3.55775641510381
exponential,exp(x),16.0,20566446,1,fixed,0.05,16384,fixed_density,4.0,1,1,0.9784394933913192,1,16384,fixed_density,4.0,1,1,gain_matched,8.48870234936431,"{""gain_matrix"": [[61.581302202459355]]}",-7.510262855972991
exponential,exp(x),16.0,20566446,1,fixed,0.05,16384,fixed_density,4.0,1,1,0.9784394933913192,1,16384,fixed_density,4.0,1,1,variance_matched,8.752867447879218,"{""direction"": [1.0]}",-7.7744279544879
exponential,exp(x),16.0,20566446,1,fixed,0.05,16384,fixed_density,4.0,1,1,0.9784394933913192,1,16384,fixed_density,4.0,1,1,shuffled_target,8.155957056577804e-05,{},0.9783579338207534
exponential,exp(x),16.0,20566446,1,fixed,0.05,16384,fixed_density,4.0,1,1,0.9784394933913192,1,16384,fixed_density,4.0,1,1,analytic_volume,2.772588722239781,"{""source_dim"": 1}",-1.794149228848462
exponential,exp(x),16.0,20566463,2,fixed,0.05,16384,fixed_density,4.0,1,1,0.9714912865683182,2,16384,fixed_density,4.0,1,1,null,1.023924408539741e-05,{},0.9714810473242328
exponential,exp(x),16.0,20566463,2,fixed,0.05,16384,fixed_density,4.0,1,1,0.9714912865683182,2,16384,fixed_density,4.0,1,1,identity,4.51257696590618,"{""projection"": [[1.0]]}",-3.541085679337862
exponential,exp(x),16.0,20566463,2,fixed,0.05,16384,fixed_density,4.0,1,1,0.9714912865683182,2,16384,fixed_density,4.0,1,1,gain_matched,8.46664566460666,"{""gain_matrix"": [[60.24335857923212]]}",-7.495154378038341
exponential,exp(x),16.0,20566463,2,fixed,0.05,16384,fixed_density,4.0,1,1,0.9714912865683182,2,16384,fixed_density,4.0,1,1,variance_matched,8.743196875295588,"{""direction"": [1.0]}",-7.77170558872727
exponential,exp(x),16.0,20566463,2,fixed,0.05,16384,fixed_density,4.0,1,1,0.9714912865683182,2,16384,fixed_density,4.0,1,1,shuffled_target,6.0547977612294165e-05,{},0.9714307385907058
exponential,exp(x),16.0,20566463,2,fixed,0.05,16384,fixed_density,4.0,1,1,0.9714912865683182,2,16384,fixed_density,4.0,1,1,analytic_volume,2.772588722239781,"{""source_dim"": 1}",-1.8010974356714629
exponential,exp(x),16.0,20566480,3,fixed,0.05,16384,fixed_density,4.0,1,1,0.9792501268320362,3,16384,fixed_density,4.0,1,1,null,-5.660616020537267e-05,{},0.9793067329922416
exponential,exp(x),16.0,20566480,3,fixed,0.05,16384,fixed_density,4.0,1,1,0.9792501268320362,3,16384,fixed_density,4.0,1,1,identity,4.527992953847896,"{""projection"": [[1.0]]}",-3.54874282701586
exponential,exp(x),16.0,20566480,3,fixed,0.05,16384,fixed_density,4.0,1,1,0.9792501268320362,3,16384,fixed_density,4.0,1,1,gain_matched,8.494137262474268,"{""gain_matrix"": [[62.1677382362006]]}",-7.514887135642232
exponential,exp(x),16.0,20566480,3,fixed,0.05,16384,fixed_density,4.0,1,1,0.9792501268320362,3,16384,fixed_density,4.0,1,1,variance_matched,8.755950978525288,"{""direction"": [1.0]}",-7.776700851693252
exponential,exp(x),16.0,20566480,3,fixed,0.05,16384,fixed_density,4.0,1,1,0.9792501268320362,3,16384,fixed_density,4.0,1,1,shuffled_target,0.00017814800999275688,{},0.9790719788220434
exponential,exp(x),16.0,20566480,3,fixed,0.05,16384,fixed_density,4.0,1,1,0.9792501268320362,3,16384,fixed_density,4.0,1,1,analytic_volume,2.772588722239781,"{""source_dim"": 1}",-1.793338595407745
exponential,exp(x),16.0,20566497,4,fixed,0.05,16384,fixed_density,4.0,1,1,0.9790552499634002,4,16384,fixed_density,4.0,1,1,null,-4.430077826093792e-06,{},0.9790596800412263
exponential,exp(x),16.0,20566497,4,fixed,0.05,16384,fixed_density,4.0,1,1,0.9790552499634002,4,16384,fixed_density,4.0,1,1,identity,4.527680493347262,"{""projection"": [[1.0]]}",-3.548625243383862
exponential,exp(x),16.0,20566497,4,fixed,0.05,16384,fixed_density,4.0,1,1,0.9790552499634002,4,16384,fixed_density,4.0,1,1,gain_matched,8.46990083131301,"{""gain_matrix"": [[60.198203595432126]]}",-7.49084558134961
exponential,exp(x),16.0,20566497,4,fixed,0.05,16384,fixed_density,4.0,1,1,0.9790552499634002,4,16384,fixed_density,4.0,1,1,variance_matched,8.74221802682656,"{""direction"": [1.0]}",-7.76316277686316
exponential,exp(x),16.0,20566497,4,fixed,0.05,16384,fixed_density,4.0,1,1,0.9790552499634002,4,16384,fixed_density,4.0,1,1,shuffled_target,-5.106937662161833e-05,{},0.9791063193400218
exponential,exp(x),16.0,20566497,4,fixed,0.05,16384,fixed_density,4.0,1,1,0.9790552499634002,4,16384,fixed_density,4.0,1,1,analytic_volume,2.772588722239781,"{""source_dim"": 1}",-1.793533472276381
exponential,exp(x),16.0,20566514,5,fixed,0.05,16384,fixed_density,4.0,1,1,0.9693891681170668,5,16384,fixed_density,4.0,1,1,null,-1.3930250135095793e-06,{},0.9693905611420803
exponential,exp(x),16.0,20566514,5,fixed,0.05,16384,fixed_density,4.0,1,1,0.9693891681170668,5,16384,fixed_density,4.0,1,1,identity,4.514269170406977,"{""projection"": [[1.0]]}",-3.5448800022899105
exponential,exp(x),16.0,20566514,5,fixed,0.05,16384,fixed_density,4.0,1,1,0.9693891681170668,5,16384,fixed_density,4.0,1,1,gain_matched,8.466442031192505,"{""gain_matrix"": [[60.31090807820839]]}",-7.497052863075439
exponential,exp(x),16.0,20566514,5,fixed,0.05,16384,fixed_density,4.0,1,1,0.9693891681170668,5,16384,fixed_density,4.0,1,1,variance_matched,8.744585946198413,"{""direction"": [1.0]}",-7.775196778081346
exponential,exp(x),16.0,20566514,5,fixed,0.05,16384,fixed_density,4.0,1,1,0.9693891681170668,5,16384,fixed_density,4.0,1,1,shuffled_target,-7.932307639862708e-05,{},0.9694684911934653
exponential,exp(x),16.0,20566514,5,fixed,0.05,16384,fixed_density,4.0,1,1,0.9693891681170668,5,16384,fixed_density,4.0,1,1,analytic_volume,2.772588722239781,"{""source_dim"": 1}",-1.8031995541227144
exponential,exp(x),16.0,20566531,6,fixed,0.05,16384,fixed_density,4.0,1,1,0.9859544275464536,6,16384,fixed_density,4.0,1,1,null,-2.2093273810782743e-05,{},0.9859765208202643
exponential,exp(x),16.0,20566531,6,fixed,0.05,16384,fixed_density,4.0,1,1,0.9859544275464536,6,16384,fixed_density,4.0,1,1,identity,4.5269190306017615,"{""projection"": [[1.0]]}",-3.5409646030553077
exponential,exp(x),16.0,20566531,6,fixed,0.05,16384,fixed_density,4.0,1,1,0.9859544275464536,6,16384,fixed_density,4.0,1,1,gain_matched,8.492309067494471,"{""gain_matrix"": [[62.070033453550394]]}",-7.506354639948017
exponential,exp(x),16.0,20566531,6,fixed,0.05,16384,fixed_density,4.0,1,1,0.9859544275464536,6,16384,fixed_density,4.0,1,1,variance_matched,8.753218005035336,"{""direction"": [1.0]}",-7.767263577488882
exponential,exp(x),16.0,20566531,6,fixed,0.05,16384,fixed_density,4.0,1,1,0.9859544275464536,6,16384,fixed_density,4.0,1,1,shuffled_target,-7.437161545966581e-05,{},0.9860287991619132
exponential,exp(x),16.0,20566531,6,fixed,0.05,16384,fixed_density,4.0,1,1,0.9859544275464536,6,16384,fixed_density,4.0,1,1,analytic_volume,2.772588722239781,"{""source_dim"": 1}",-1.7866342946933276
exponential,exp(x),16.0,20566548,7,fixed,0.05,16384,fixed_density,4.0,1,1,0.9803243366232122,7,16384,fixed_density,4.0,1,1,null,-5.713979552682505e-05,{},0.980381476418739
exponential,exp(x),16.0,20566548,7,fixed,0.05,16384,fixed_density,4.0,1,1,0.9803243366232122,7,16384,fixed_density,4.0,1,1,identity,4.529244742611214,"{""projection"": [[1.0]]}",-3.5489204059880013
exponential,exp(x),16.0,20566548,7,fixed,0.05,16384,fixed_density,4.0,1,1,0.9803243366232122,7,16384,fixed_density,4.0,1,1,gain_matched,8.485146498898448,"{""gain_matrix"": [[61.24261148358949]]}",-7.504822162275236
exponential,exp(x),16.0,20566548,7,fixed,0.05,16384,fixed_density,4.0,1,1,0.9803243366232122,7,16384,fixed_density,4.0,1,1,variance_matched,8.75744569252868,"{""direction"": [1.0]}",-7.777121355905468
exponential,exp(x),16.0,20566548,7,fixed,0.05,16384,fixed_density,4.0,1,1,0.9803243366232122,7,16384,fixed_density,4.0,1,1,shuffled_target,5.730151787976072e-05,{},0.9802670351053324
exponential,exp(x),16.0,20566548,7,fixed,0.05,16384,fixed_density,4.0,1,1,0.9803243366232122,7,16384,fixed_density,4.0,1,1,analytic_volume,2.772588722239781,"{""source_dim"": 1}",-1.792264385616569
exponential,exp(x),16.0,20566565,8,fixed,0.05,16384,fixed_density,4.0,1,1,0.9740777810962966,8,16384,fixed_density,4.0,1,1,null,-4.3845177773485383e-05,{},0.9741216262740701
exponential,exp(x),16.0,20566565,8,fixed,0.05,16384,fixed_density,4.0,1,1,0.9740777810962966,8,16384,fixed_density,4.0,1,1,identity,4.5320949407974975,"{""projection"": [[1.0]]}",-3.558017159701201
exponential,exp(x),16.0,20566565,8,fixed,0.05,16384,fixed_density,4.0,1,1,0.9740777810962966,8,16384,fixed_density,4.0,1,1,gain_matched,8.479640333360656,"{""gain_matrix"": [[60.7141687039373]]}",-7.50556255226436
exponential,exp(x),16.0,20566565,8,fixed,0.05,16384,fixed_density,4.0,1,1,0.9740777810962966,8,16384,fixed_density,4.0,1,1,variance_matched,8.745830784769112,"{""direction"": [1.0]}",-7.771753003672815
exponential,exp(x),16.0,20566565,8,fixed,0.05,16384,fixed_density,4.0,1,1,0.9740777810962966,8,16384,fixed_density,4.0,1,1,shuffled_target,-3.879841948593708e-05,{},0.9741165795157826
exponential,exp(x),16.0,20566565,8,fixed,0.05,16384,fixed_density,4.0,1,1,0.9740777810962966,8,16384,fixed_density,4.0,1,1,analytic_volume,2.772588722239781,"{""source_dim"": 1}",-1.7985109411434845
exponential,exp(x),16.0,20566582,9,fixed,0.05,16384,fixed_density,4.0,1,1,0.9781912137131479,9,16384,fixed_density,4.0,1,1,null,-7.934613696362048e-05,{},0.9782705598501115
exponential,exp(x),16.0,20566582,9,fixed,0.05,16384,fixed_density,4.0,1,1,0.9781912137131479,9,16384,fixed_density,4.0,1,1,identity,4.519934886051889,"{""projection"": [[1.0]]}",-3.541743672338741
exponential,exp(x),16.0,20566582,9,fixed,0.05,16384,fixed_density,4.0,1,1,0.9781912137131479,9,16384,fixed_density,4.0,1,1,gain_matched,8.509903550164564,"{""gain_matrix"": [[63.07197688262978]]}",-7.531712336451417
exponential,exp(x),16.0,20566582,9,fixed,0.05,16384,fixed_density,4.0,1,1,0.9781912137131479,9,16384,fixed_density,4.0,1,1,variance_matched,8.760747058413845,"{""direction"": [1.0]}",-7.782555844700697
exponential,exp(x),16.0,20566582,9,fixed,0.05,16384,fixed_density,4.0,1,1,0.9781912137131479,9,16384,fixed_density,4.0,1,1,shuffled_target,-3.052419065473634e-05,{},0.9782217379038026
exponential,exp(x),16.0,20566582,9,fixed,0.05,16384,fixed_density,4.0,1,1,0.9781912137131479,9,16384,fixed_density,4.0,1,1,analytic_volume,2.772588722239781,"{""source_dim"": 1}",-1.7943975085266333
exponential,exp(x),0.5,20560429,0,scaled_with_l,0.025,512,fixed_density,4.0,1,1,1.7856654055606178,0,512,fixed_density,4.0,1,1,null,-0.0014555539879654426,{},1.7871209595485833
exponential,exp(x),0.5,20560429,0,scaled_with_l,0.025,512,fixed_density,4.0,1,1,1.7856654055606178,0,512,fixed_density,4.0,1,1,identity,1.8079483815113029,"{""projection"": [[1.0]]}",-0.02228297595068507
exponential,exp(x),0.5,20560429,0,scaled_with_l,0.025,512,fixed_density,4.0,1,1,1.7856654055606178,0,512,fixed_density,4.0,1,1,gain_matched,1.7706862664899359,"{""gain_matrix"": [[1.0081934495290181]]}",0.014979139070681935
exponential,exp(x),0.5,20560429,0,scaled_with_l,0.025,512,fixed_density,4.0,1,1,1.7856654055606178,0,512,fixed_density,4.0,1,1,variance_matched,1.7994225114932962,"{""direction"": [1.0]}",-0.013757105932678426
exponential,exp(x),0.5,20560429,0,scaled_with_l,0.025,512,fixed_density,4.0,1,1,1.7856654055606178,0,512,fixed_density,4.0,1,1,shuffled_target,0.0014416960860378623,{},1.7842237094745799
exponential,exp(x),0.5,20560429,0,scaled_with_l,0.025,512,fixed_density,4.0,1,1,1.7856654055606178,0,512,fixed_density,4.0,1,1,analytic_volume,-0.6931471805599453,"{""source_dim"": 1}",2.478812586120563
exponential,exp(x),0.5,20560446,1,scaled_with_l,0.025,512,fixed_density,4.0,1,1,1.7648090415317048,1,512,fixed_density,4.0,1,1,null,0.012768908604734468,{},1.7520401329269704
exponential,exp(x),0.5,20560446,1,scaled_with_l,0.025,512,fixed_density,4.0,1,1,1.7648090415317048,1,512,fixed_density,4.0,1,1,identity,1.850294755494687,"{""projection"": [[1.0]]}",-0.0854857139629821
exponential,exp(x),0.5,20560446,1,scaled_with_l,0.025,512,fixed_density,4.0,1,1,1.7648090415317048,1,512,fixed_density,4.0,1,1,gain_matched,1.7659498889326977,"{""gain_matrix"": [[1.0033084070608043]]}",-0.0011408474009928504
exponential,exp(x),0.5,20560446,1,scaled_with_l,0.025,512,fixed_density,4.0,1,1,1.7648090415317048,1,512,fixed_density,4.0,1,1,variance_matched,1.729617694339601,"{""direction"": [1.0]}",0.035191347192103706
exponential,exp(x),0.5,20560446,1,scaled_with_l,0.025,512,fixed_density,4.0,1,1,1.7648090415317048,1,512,fixed_density,4.0,1,1,shuffled_target,-0.0010286657761573793,{},1.7658377073078622
exponential,exp(x),0.5,20560446,1,scaled_with_l,0.025,512,fixed_density,4.0,1,1,1.7648090415317048,1,512,fixed_density,4.0,1,1,analytic_volume,-0.6931471805599453,"{""source_dim"": 1}",2.45795622209165
exponential,exp(x),0.5,20560463,2,scaled_with_l,0.025,512,fixed_density,4.0,1,1,1.8094887042829253,2,512,fixed_density,4.0,1,1,null,-0.0011027560567726169,{},1.810591460339698
exponential,exp(x),0.5,20560463,2,scaled_with_l,0.025,512,fixed_density,4.0,1,1,1.8094887042829253,2,512,fixed_density,4.0,1,1,identity,1.8501838478094281,"{""projection"": [[1.0]]}",-0.04069514352650283
exponential,exp(x),0.5,20560463,2,scaled_with_l,0.025,512,fixed_density,4.0,1,1,1.8094887042829253,2,512,fixed_density,4.0,1,1,gain_matched,1.7938513710373645,"{""gain_matrix"": [[1.0051400773888899]]}",0.015637333245560825
exponential,exp(x),0.5,20560463,2,scaled_with_l,0.025,512,fixed_density,4.0,1,1,1.8094887042829253,2,512,fixed_density,4.0,1,1,variance_matched,1.831214763559889,"{""direction"": [1.0]}",-0.021726059276963694
exponential,exp(x),0.5,20560463,2,scaled_with_l,0.025,512,fixed_density,4.0,1,1,1.8094887042829253,2,512,fixed_density,4.0,1,1,shuffled_target,0.00046391210576225694,{},1.809024792177163
exponential,exp(x),0.5,20560463,2,scaled_with_l,0.025,512,fixed_density,4.0,1,1,1.8094887042829253,2,512,fixed_density,4.0,1,1,analytic_volume,-0.6931471805599453,"{""source_dim"": 1}",2.5026358848428707
exponential,exp(x),0.5,20560480,3,scaled_with_l,0.025,512,fixed_density,4.0,1,1,1.8070958415492575,3,512,fixed_density,4.0,1,1,null,-0.0026308249041082812,{},1.8097266664533658
exponential,exp(x),0.5,20560480,3,scaled_with_l,0.025,512,fixed_density,4.0,1,1,1.8070958415492575,3,512,fixed_density,4.0,1,1,identity,1.7888268670669834,"{""projection"": [[1.0]]}",0.01826897448227416
exponential,exp(x),0.5,20560480,3,scaled_with_l,0.025,512,fixed_density,4.0,1,1,1.8070958415492575,3,512,fixed_density,4.0,1,1,gain_matched,1.8279221906454919,"{""gain_matrix"": [[1.0006172994160771]]}",-0.020826349096234376
exponential,exp(x),0.5,20560480,3,scaled_with_l,0.025,512,fixed_density,4.0,1,1,1.8070958415492575,3,512,fixed_density,4.0,1,1,variance_matched,1.7973013768020247,"{""direction"": [1.0]}",0.009794464747232778
exponential,exp(x),0.5,20560480,3,scaled_with_l,0.025,512,fixed_density,4.0,1,1,1.8070958415492575,3,512,fixed_density,4.0,1,1,shuffled_target,0.0029640837616001815,{},1.8041317577876572
exponential,exp(x),0.5,20560480,3,scaled_with_l,0.025,512,fixed_density,4.0,1,1,1.8070958415492575,3,512,fixed_density,4.0,1,1,analytic_volume,-0.6931471805599453,"{""source_dim"": 1}",2.5002430221092027
exponential,exp(x),0.5,20560497,4,scaled_with_l,0.025,512,fixed_density,4.0,1,1,1.7681080576184112,4,512,fixed_density,4.0,1,1,null,0.004365841838493383,{},1.7637422157799179
exponential,exp(x),0.5,20560497,4,scaled_with_l,0.025,512,fixed_density,4.0,1,1,1.7681080576184112,4,512,fixed_density,4.0,1,1,identity,1.725756808204351,"{""projection"": [[1.0]]}",0.0423512494140601
exponential,exp(x),0.5,20560497,4,scaled_with_l,0.025,512,fixed_density,4.0,1,1,1.7681080576184112,4,512,fixed_density,4.0,1,1,gain_matched,1.724976808176108,"{""gain_matrix"": [[1.0004225993871203]]}",0.043131249442303066
exponential,exp(x),0.5,20560497,4,scaled_with_l,0.025,512,fixed_density,4.0,1,1,1.7681080576184112,4,512,fixed_density,4.0,1,1,variance_matched,1.7244840151011576,"{""direction"": [1.0]}",0.0436240425172536
exponential,exp(x),0.5,20560497,4,scaled_with_l,0.025,512,fixed_density,4.0,1,1,1.7681080576184112,4,512,fixed_density,4.0,1,1,shuffled_target,-0.00034366228110193297,{},1.768451719899513
exponential,exp(x),0.5,20560497,4,scaled_with_l,0.025,512,fixed_density,4.0,1,1,1.7681080576184112,4,512,fixed_density,4.0,1,1,analytic_volume,-0.6931471805599453,"{""source_dim"": 1}",2.4612552381783566
exponential,exp(x),0.5,20560514,5,scaled_with_l,0.025,512,fixed_density,4.0,1,1,1.8456561515250414,5,512,fixed_density,4.0,1,1,null,-0.002297371564927033,{},1.8479535230899684
exponential,exp(x),0.5,20560514,5,scaled_with_l,0.025,512,fixed_density,4.0,1,1,1.8456561515250414,5,512,fixed_density,4.0,1,1,identity,1.8190771163202943,"{""projection"": [[1.0]]}",0.026579035204747026
exponential,exp(x),0.5,20560514,5,scaled_with_l,0.025,512,fixed_density,4.0,1,1,1.8456561515250414,5,512,fixed_density,4.0,1,1,gain_matched,1.84850863392993,"{""gain_matrix"": [[1.010184796168104]]}",-0.0028524824048885566
exponential,exp(x),0.5,20560514,5,scaled_with_l,0.025,512,fixed_density,4.0,1,1,1.8456561515250414,5,512,fixed_density,4.0,1,1,variance_matched,1.8243339485657193,"{""direction"": [1.0]}",0.02132220295932208
exponential,exp(x),0.5,20560514,5,scaled_with_l,0.025,512,fixed_density,4.0,1,1,1.8456561515250414,5,512,fixed_density,4.0,1,1,shuffled_target,-0.0027758628913526393,{},1.848432014416394
exponential,exp(x),0.5,20560514,5,scaled_with_l,0.025,512,fixed_density,4.0,1,1,1.8456561515250414,5,512,fixed_density,4.0,1,1,analytic_volume,-0.6931471805599453,"{""source_dim"": 1}",2.5388033320849868
exponential,exp(x),0.5,20560531,6,scaled_with_l,0.025,512,fixed_density,4.0,1,1,1.821324359262992,6,512,fixed_density,4.0,1,1,null,-0.0017960081073646137,{},1.8231203673703567
exponential,exp(x),0.5,20560531,6,scaled_with_l,0.025,512,fixed_density,4.0,1,1,1.821324359262992,6,512,fixed_density,4.0,1,1,identity,1.8223548519215922,"{""projection"": [[1.0]]}",-0.0010304926586002239
exponential,exp(x),0.5,20560531,6,scaled_with_l,0.025,512,fixed_density,4.0,1,1,1.821324359262992,6,512,fixed_density,4.0,1,1,gain_matched,1.7440858403076183,"{""gain_matrix"": [[1.0042695348028756]]}",0.0772385189553737
exponential,exp(x),0.5,20560531,6,scaled_with_l,0.025,512,fixed_density,4.0,1,1,1.821324359262992,6,512,fixed_density,4.0,1,1,variance_matched,1.8209688273512685,"{""direction"": [1.0]}",0.000355531911723439
exponential,exp(x),0.5,20560531,6,scaled_with_l,0.025,512,fixed_density,4.0,1,1,1.821324359262992,6,512,fixed_density,4.0,1,1,shuffled_target,0.0009306937273605063,{},1.8203936655356314
exponential,exp(x),0.5,20560531,6,scaled_with_l,0.025,512,fixed_density,4.0,1,1,1.821324359262992,6,512,fixed_density,4.0,1,1,analytic_volume,-0.6931471805599453,"{""source_dim"": 1}",2.5144715398229374
exponential,exp(x),0.5,20560548,7,scaled_with_l,0.025,512,fixed_density,4.0,1,1,1.7751143860100351,7,512,fixed_density,4.0,1,1,null,0.005800011174344404,{},1.7693143748356908
exponential,exp(x),0.5,20560548,7,scaled_with_l,0.025,512,fixed_density,4.0,1,1,1.7751143860100351,7,512,fixed_density,4.0,1,1,identity,1.7824685589466003,"{""projection"": [[1.0]]}",-0.007354172936565151
exponential,exp(x),0.5,20560548,7,scaled_with_l,0.025,512,fixed_density,4.0,1,1,1.7751143860100351,7,512,fixed_density,4.0,1,1,gain_matched,1.720528820238131,"{""gain_matrix"": [[1.0120310379329047]]}",0.0545855657719041
exponential,exp(x),0.5,20560548,7,scaled_with_l,0.025,512,fixed_density,4.0,1,1,1.7751143860100351,7,512,fixed_density,4.0,1,1,variance_matched,1.7340427705040646,"{""direction"": [1.0]}",0.041071615505970493
exponential,exp(x),0.5,20560548,7,scaled_with_l,0.025,512,fixed_density,4.0,1,1,1.7751143860100351,7,512,fixed_density,4.0,1,1,shuffled_target,-0.001009246988346698,{},1.7761236329983818
exponential,exp(x),0.5,20560548,7,scaled_with_l,0.025,512,fixed_density,4.0,1,1,1.7751143860100351,7,512,fixed_density,4.0,1,1,analytic_volume,-0.6931471805599453,"{""source_dim"": 1}",2.4682615665699803
exponential,exp(x),0.5,20560565,8,scaled_with_l,0.025,512,fixed_density,4.0,1,1,1.7422131124624547,8,512,fixed_density,4.0,1,1,null,-0.002807570592668243,{},1.745020683055123
exponential,exp(x),0.5,20560565,8,scaled_with_l,0.025,512,fixed_density,4.0,1,1,1.7422131124624547,8,512,fixed_density,4.0,1,1,identity,1.7381490529931174,"{""projection"": [[1.0]]}",0.0040640594693373
exponential,exp(x),0.5,20560565,8,scaled_with_l,0.025,512,fixed_density,4.0,1,1,1.7422131124624547,8,512,fixed_density,4.0,1,1,gain_matched,1.7251053250489892,"{""gain_matrix"": [[1.008089859304136]]}",0.017107787413465525
exponential,exp(x),0.5,20560565,8,scaled_with_l,0.025,512,fixed_density,4.0,1,1,1.7422131124624547,8,512,fixed_density,4.0,1,1,variance_matched,1.795216328217957,"{""direction"": [1.0]}",-0.053003215755502264
exponential,exp(x),0.5,20560565,8,scaled_with_l,0.025,512,fixed_density,4.0,1,1,1.7422131124624547,8,512,fixed_density,4.0,1,1,shuffled_target,-0.0007299099310510242,{},1.7429430223935056
exponential,exp(x),0.5,20560565,8,scaled_with_l,0.025,512,fixed_density,4.0,1,1,1.7422131124624547,8,512,fixed_density,4.0,1,1,analytic_volume,-0.6931471805599453,"{""source_dim"": 1}",2.4353602930224
exponential,exp(x),0.5,20560582,9,scaled_with_l,0.025,512,fixed_density,4.0,1,1,1.8168697284913637,9,512,fixed_density,4.0,1,1,null,0.0032644540387239017,{},1.8136052744526399
exponential,exp(x),0.5,20560582,9,scaled_with_l,0.025,512,fixed_density,4.0,1,1,1.8168697284913637,9,512,fixed_density,4.0,1,1,identity,1.7967764359162222,"{""projection"": [[1.0]]}",0.020093292575141586
exponential,exp(x),0.5,20560582,9,scaled_with_l,0.025,512,fixed_density,4.0,1,1,1.8168697284913637,9,512,fixed_density,4.0,1,1,gain_matched,1.811222789463899,"{""gain_matrix"": [[1.002395748853703]]}",0.005646939027464715
exponential,exp(x),0.5,20560582,9,scaled_with_l,0.025,512,fixed_density,4.0,1,1,1.8168697284913637,9,512,fixed_density,4.0,1,1,variance_matched,1.7827256544323569,"{""direction"": [1.0]}",0.03414407405900688
exponential,exp(x),0.5,20560582,9,scaled_with_l,0.025,512,fixed_density,4.0,1,1,1.8168697284913637,9,512,fixed_density,4.0,1,1,shuffled_target,-0.0015213109294182172,{},1.818391039420782
exponential,exp(x),0.5,20560582,9,scaled_with_l,0.025,512,fixed_density,4.0,1,1,1.8168697284913637,9,512,fixed_density,4.0,1,1,analytic_volume,-0.6931471805599453,"{""source_dim"": 1}",2.510016909051309
exponential,exp(x),1.0,20561429,0,scaled_with_l,0.05,1024,fixed_density,4.0,1,1,1.7794057041871192,0,1024,fixed_density,4.0,1,1,null,-0.0007057023868220725,{},1.7801114065739412
exponential,exp(x),1.0,20561429,0,scaled_with_l,0.05,1024,fixed_density,4.0,1,1,1.7794057041871192,0,1024,fixed_density,4.0,1,1,identity,1.7671408023937092,"{""projection"": [[1.0]]}",0.012264901793409999
exponential,exp(x),1.0,20561429,0,scaled_with_l,0.05,1024,fixed_density,4.0,1,1,1.7794057041871192,0,1024,fixed_density,4.0,1,1,gain_matched,1.8126538433760104,"{""gain_matrix"": [[1.0308354855019732]]}",-0.033248139188891246
exponential,exp(x),1.0,20561429,0,scaled_with_l,0.05,1024,fixed_density,4.0,1,1,1.7794057041871192,0,1024,fixed_density,4.0,1,1,variance_matched,1.8102927299539677,"{""direction"": [1.0]}",-0.03088702576684854
exponential,exp(x),1.0,20561429,0,scaled_with_l,0.05,1024,fixed_density,4.0,1,1,1.7794057041871192,0,1024,fixed_density,4.0,1,1,shuffled_target,3.8923815792965034e-06,{},1.77940181180554
exponential,exp(x),1.0,20561429,0,scaled_with_l,0.05,1024,fixed_density,4.0,1,1,1.7794057041871192,0,1024,fixed_density,4.0,1,1,analytic_volume,0.0,"{""source_dim"": 1}",1.7794057041871192
exponential,exp(x),1.0,20561446,1,scaled_with_l,0.05,1024,fixed_density,4.0,1,1,1.7835029306939527,1,1024,fixed_density,4.0,1,1,null,-0.0005784513251324175,{},1.784081382019085
exponential,exp(x),1.0,20561446,1,scaled_with_l,0.05,1024,fixed_density,4.0,1,1,1.7835029306939527,1,1024,fixed_density,4.0,1,1,identity,1.7592868486958813,"{""projection"": [[1.0]]}",0.02421608199807146
exponential,exp(x),1.0,20561446,1,scaled_with_l,0.05,1024,fixed_density,4.0,1,1,1.7835029306939527,1,1024,fixed_density,4.0,1,1,gain_matched,1.7777456354785226,"{""gain_matrix"": [[1.0213346431692794]]}",0.005757295215430114
exponential,exp(x),1.0,20561446,1,scaled_with_l,0.05,1024,fixed_density,4.0,1,1,1.7835029306939527,1,1024,fixed_density,4.0,1,1,variance_matched,1.8190740143979023,"{""direction"": [1.0]}",-0.03557108370394957
exponential,exp(x),1.0,20561446,1,scaled_with_l,0.05,1024,fixed_density,4.0,1,1,1.7835029306939527,1,1024,fixed_density,4.0,1,1,shuffled_target,0.002037188713932887,{},1.7814657419800197
exponential,exp(x),1.0,20561446,1,scaled_with_l,0.05,1024,fixed_density,4.0,1,1,1.7835029306939527,1,1024,fixed_density,4.0,1,1,analytic_volume,0.0,"{""source_dim"": 1}",1.7835029306939527
exponential,exp(x),1.0,20561463,2,scaled_with_l,0.05,1024,fixed_density,4.0,1,1,1.8044745610167077,2,1024,fixed_density,4.0,1,1,null,-0.0014073669631289084,{},1.8058819279798366
exponential,exp(x),1.0,20561463,2,scaled_with_l,0.05,1024,fixed_density,4.0,1,1,1.8044745610167077,2,1024,fixed_density,4.0,1,1,identity,1.7512328771329435,"{""projection"": [[1.0]]}",0.05324168388376416
exponential,exp(x),1.0,20561463,2,scaled_with_l,0.05,1024,fixed_density,4.0,1,1,1.8044745610167077,2,1024,fixed_density,4.0,1,1,gain_matched,1.775402724685306,"{""gain_matrix"": [[1.0186835656629027]]}",0.029071836331401757
exponential,exp(x),1.0,20561463,2,scaled_with_l,0.05,1024,fixed_density,4.0,1,1,1.8044745610167077,2,1024,fixed_density,4.0,1,1,variance_matched,1.7870778972613808,"{""direction"": [1.0]}",0.01739666375532689
exponential,exp(x),1.0,20561463,2,scaled_with_l,0.05,1024,fixed_density,4.0,1,1,1.8044745610167077,2,1024,fixed_density,4.0,1,1,shuffled_target,-0.00044837295201567327,{},1.8049229339687234
exponential,exp(x),1.0,20561463,2,scaled_with_l,0.05,1024,fixed_density,4.0,1,1,1.8044745610167077,2,1024,fixed_density,4.0,1,1,analytic_volume,0.0,"{""source_dim"": 1}",1.8044745610167077
exponential,exp(x),1.0,20561480,3,scaled_with_l,0.05,1024,fixed_density,4.0,1,1,1.7669003574322164,3,1024,fixed_density,4.0,1,1,null,-0.0008606530214568863,{},1.7677610104536734
exponential,exp(x),1.0,20561480,3,scaled_with_l,0.05,1024,fixed_density,4.0,1,1,1.7669003574322164,3,1024,fixed_density,4.0,1,1,identity,1.8048032227430661,"{""projection"": [[1.0]]}",-0.03790286531084974
exponential,exp(x),1.0,20561480,3,scaled_with_l,0.05,1024,fixed_density,4.0,1,1,1.7669003574322164,3,1024,fixed_density,4.0,1,1,gain_matched,1.8149519556994078,"{""gain_matrix"": [[1.0197193004649825]]}",-0.04805159826719141
exponential,exp(x),1.0,20561480,3,scaled_with_l,0.05,1024,fixed_density,4.0,1,1,1.7669003574322164,3,1024,fixed_density,4.0,1,1,variance_matched,1.7908465202809123,"{""direction"": [1.0]}",-0.023946162848695884
exponential,exp(x),1.0,20561480,3,scaled_with_l,0.05,1024,fixed_density,4.0,1,1,1.7669003574322164,3,1024,fixed_density,4.0,1,1,shuffled_target,0.0009458192851743499,{},1.765954538147042
exponential,exp(x),1.0,20561480,3,scaled_with_l,0.05,1024,fixed_density,4.0,1,1,1.7669003574322164,3,1024,fixed_density,4.0,1,1,analytic_volume,0.0,"{""source_dim"": 1}",1.7669003574322164
exponential,exp(x),1.0,20561497,4,scaled_with_l,0.05,1024,fixed_density,4.0,1,1,1.8146597046029176,4,1024,fixed_density,4.0,1,1,null,-0.0005953978497581698,{},1.8152551024526757
exponential,exp(x),1.0,20561497,4,scaled_with_l,0.05,1024,fixed_density,4.0,1,1,1.8146597046029176,4,1024,fixed_density,4.0,1,1,identity,1.7459647794088071,"{""projection"": [[1.0]]}",0.06869492519411047
exponential,exp(x),1.0,20561497,4,scaled_with_l,0.05,1024,fixed_density,4.0,1,1,1.8146597046029176,4,1024,fixed_density,4.0,1,1,gain_matched,1.8044043119032342,"{""gain_matrix"": [[1.0272179782319995]]}",0.010255392699683341
exponential,exp(x),1.0,20561497,4,scaled_with_l,0.05,1024,fixed_density,4.0,1,1,1.8146597046029176,4,1024,fixed_density,4.0,1,1,variance_matched,1.7997983738216834,"{""direction"": [1.0]}",0.014861330781234194
exponential,exp(x),1.0,20561497,4,scaled_with_l,0.05,1024,fixed_density,4.0,1,1,1.8146597046029176,4,1024,fixed_density,4.0,1,1,shuffled_target,7.479726225494067e-05,{},1.8145849073406626
exponential,exp(x),1.0,20561497,4,scaled_with_l,0.05,1024,fixed_density,4.0,1,1,1.8146597046029176,4,1024,fixed_density,4.0,1,1,analytic_volume,0.0,"{""source_dim"": 1}",1.8146597046029176
exponential,exp(x),1.0,20561514,5,scaled_with_l,0.05,1024,fixed_density,4.0,1,1,1.7728968112077048,5,1024,fixed_density,4.0,1,1,null,-0.0013005183638367139,{},1.7741973295715416
exponential,exp(x),1.0,20561514,5,scaled_with_l,0.05,1024,fixed_density,4.0,1,1,1.7728968112077048,5,1024,fixed_density,4.0,1,1,identity,1.7744940446432866,"{""projection"": [[1.0]]}",-0.001597233435581824
exponential,exp(x),1.0,20561514,5,scaled_with_l,0.05,1024,fixed_density,4.0,1,1,1.7728968112077048,5,1024,fixed_density,4.0,1,1,gain_matched,1.7931479894246025,"{""gain_matrix"": [[1.032170498579112]]}",-0.020251178216897703
exponential,exp(x),1.0,20561514,5,scaled_with_l,0.05,1024,fixed_density,4.0,1,1,1.7728968112077048,5,1024,fixed_density,4.0,1,1,variance_matched,1.7974160389416263,"{""direction"": [1.0]}",-0.024519227733921456
exponential,exp(x),1.0,20561514,5,scaled_with_l,0.05,1024,fixed_density,4.0,1,1,1.7728968112077048,5,1024,fixed_density,4.0,1,1,shuffled_target,0.0004971958298723394,{},1.7723996153778325
exponential,exp(x),1.0,20561514,5,scaled_with_l,0.05,1024,fixed_density,4.0,1,1,1.7728968112077048,5,1024,fixed_density,4.0,1,1,analytic_volume,0.0,"{""source_dim"": 1}",1.7728968112077048
exponential,exp(x),1.0,20561531,6,scaled_with_l,0.05,1024,fixed_density,4.0,1,1,1.7954369862535002,6,1024,fixed_density,4.0,1,1,null,0.0030782812550349224,{},1.7923587049984653
exponential,exp(x),1.0,20561531,6,scaled_with_l,0.05,1024,fixed_density,4.0,1,1,1.7954369862535002,6,1024,fixed_density,4.0,1,1,identity,1.7636370854142354,"{""projection"": [[1.0]]}",0.03179990083926487
exponential,exp(x),1.0,20561531,6,scaled_with_l,0.05,1024,fixed_density,4.0,1,1,1.7954369862535002,6,1024,fixed_density,4.0,1,1,gain_matched,1.8205726886888085,"{""gain_matrix"": [[1.028352045398461]]}",-0.02513570243530827
exponential,exp(x),1.0,20561531,6,scaled_with_l,0.05,1024,fixed_density,4.0,1,1,1.7954369862535002,6,1024,fixed_density,4.0,1,1,variance_matched,1.8088335373668925,"{""direction"": [1.0]}",-0.013396551113392219
exponential,exp(x),1.0,20561531,6,scaled_with_l,0.05,1024,fixed_density,4.0,1,1,1.7954369862535002,6,1024,fixed_density,4.0,1,1,shuffled_target,0.0006282162298632152,{},1.794808770023637
exponential,exp(x),1.0,20561531,6,scaled_with_l,0.05,1024,fixed_density,4.0,1,1,1.7954369862535002,6,1024,fixed_density,4.0,1,1,analytic_volume,0.0,"{""source_dim"": 1}",1.7954369862535002
exponential,exp(x),1.0,20561548,7,scaled_with_l,0.05,1024,fixed_density,4.0,1,1,1.8365881558161372,7,1024,fixed_density,4.0,1,1,null,0.001224025567200606,{},1.8353641302489365
exponential,exp(x),1.0,20561548,7,scaled_with_l,0.05,1024,fixed_density,4.0,1,1,1.8365881558161372,7,1024,fixed_density,4.0,1,1,identity,1.7727994958386688,"{""projection"": [[1.0]]}",0.06378865997746841
exponential,exp(x),1.0,20561548,7,scaled_with_l,0.05,1024,fixed_density,4.0,1,1,1.8365881558161372,7,1024,fixed_density,4.0,1,1,gain_matched,1.8065783954347494,"{""gain_matrix"": [[1.0260134832894097]]}",0.030009760381387807
exponential,exp(x),1.0,20561548,7,scaled_with_l,0.05,1024,fixed_density,4.0,1,1,1.8365881558161372,7,1024,fixed_density,4.0,1,1,variance_matched,1.8086200757856732,"{""direction"": [1.0]}",0.027968080030464026
exponential,exp(x),1.0,20561548,7,scaled_with_l,0.05,1024,fixed_density,4.0,1,1,1.8365881558161372,7,1024,fixed_density,4.0,1,1,shuffled_target,-0.0007956490551130415,{},1.8373838048712503
exponential,exp(x),1.0,20561548,7,scaled_with_l,0.05,1024,fixed_density,4.0,1,1,1.8365881558161372,7,1024,fixed_density,4.0,1,1,analytic_volume,0.0,"{""source_dim"": 1}",1.8365881558161372
exponential,exp(x),1.0,20561565,8,scaled_with_l,0.05,1024,fixed_density,4.0,1,1,1.776982044705115,8,1024,fixed_density,4.0,1,1,null,-0.0008401914281066299,{},1.7778222361332217
exponential,exp(x),1.0,20561565,8,scaled_with_l,0.05,1024,fixed_density,4.0,1,1,1.776982044705115,8,1024,fixed_density,4.0,1,1,identity,1.7646414902131533,"{""projection"": [[1.0]]}",0.012340554491961697
exponential,exp(x),1.0,20561565,8,scaled_with_l,0.05,1024,fixed_density,4.0,1,1,1.776982044705115,8,1024,fixed_density,4.0,1,1,gain_matched,1.7828060645424735,"{""gain_matrix"": [[1.0239070545006062]]}",-0.005824019837358474
exponential,exp(x),1.0,20561565,8,scaled_with_l,0.05,1024,fixed_density,4.0,1,1,1.776982044705115,8,1024,fixed_density,4.0,1,1,variance_matched,1.7889409636145968,"{""direction"": [1.0]}",-0.011958918909481753
exponential,exp(x),1.0,20561565,8,scaled_with_l,0.05,1024,fixed_density,4.0,1,1,1.776982044705115,8,1024,fixed_density,4.0,1,1,shuffled_target,-0.0013266001848949755,{},1.77830864489001
exponential,exp(x),1.0,20561565,8,scaled_with_l,0.05,1024,fixed_density,4.0,1,1,1.776982044705115,8,1024,fixed_density,4.0,1,1,analytic_volume,0.0,"{""source_dim"": 1}",1.776982044705115
exponential,exp(x),1.0,20561582,9,scaled_with_l,0.05,1024,fixed_density,4.0,1,1,1.787916293854134,9,1024,fixed_density,4.0,1,1,null,-0.00078425785047309,{},1.788700551704607
exponential,exp(x),1.0,20561582,9,scaled_with_l,0.05,1024,fixed_density,4.0,1,1,1.787916293854134,9,1024,fixed_density,4.0,1,1,identity,1.7608598355206782,"{""projection"": [[1.0]]}",0.027056458333455824
exponential,exp(x),1.0,20561582,9,scaled_with_l,0.05,1024,fixed_density,4.0,1,1,1.787916293854134,9,1024,fixed_density,4.0,1,1,gain_matched,1.7435142591941752,"{""gain_matrix"": [[1.02718261128682]]}",0.04440203465995873
exponential,exp(x),1.0,20561582,9,scaled_with_l,0.05,1024,fixed_density,4.0,1,1,1.787916293854134,9,1024,fixed_density,4.0,1,1,variance_matched,1.8380236944013513,"{""direction"": [1.0]}",-0.050107400547217296
exponential,exp(x),1.0,20561582,9,scaled_with_l,0.05,1024,fixed_density,4.0,1,1,1.787916293854134,9,1024,fixed_density,4.0,1,1,shuffled_target,0.0017030448363411896,{},1.7862132490177929
exponential,exp(x),1.0,20561582,9,scaled_with_l,0.05,1024,fixed_density,4.0,1,1,1.787916293854134,9,1024,fixed_density,4.0,1,1,analytic_volume,0.0,"{""source_dim"": 1}",1.787916293854134
exponential,exp(x),2.0,20562429,0,scaled_with_l,0.1,2048,fixed_density,4.0,1,1,1.9272110432989091,0,2048,fixed_density,4.0,1,1,null,-0.0005576123896515609,{},1.9277686556885607
exponential,exp(x),2.0,20562429,0,scaled_with_l,0.1,2048,fixed_density,4.0,1,1,1.9272110432989091,0,2048,fixed_density,4.0,1,1,identity,1.745913055653149,"{""projection"": [[1.0]]}",0.1812979876457601
exponential,exp(x),2.0,20562429,0,scaled_with_l,0.1,2048,fixed_density,4.0,1,1,1.9272110432989091,0,2048,fixed_density,4.0,1,1,gain_matched,1.846602030797818,"{""gain_matrix"": [[1.1004165346018995]]}",0.0806090125010912
exponential,exp(x),2.0,20562429,0,scaled_with_l,0.1,2048,fixed_density,4.0,1,1,1.9272110432989091,0,2048,fixed_density,4.0,1,1,variance_matched,1.8706568682536777,"{""direction"": [1.0]}",0.056554175045231414
exponential,exp(x),2.0,20562429,0,scaled_with_l,0.1,2048,fixed_density,4.0,1,1,1.9272110432989091,0,2048,fixed_density,4.0,1,1,shuffled_target,0.00036023309758936194,{},1.9268508102013198
exponential,exp(x),2.0,20562429,0,scaled_with_l,0.1,2048,fixed_density,4.0,1,1,1.9272110432989091,0,2048,fixed_density,4.0,1,1,analytic_volume,0.6931471805599453,"{""source_dim"": 1}",1.2340638627389637
exponential,exp(x),2.0,20562446,1,scaled_with_l,0.1,2048,fixed_density,4.0,1,1,1.8860382174506432,1,2048,fixed_density,4.0,1,1,null,-0.0002068867893920811,{},1.8862451042400352
exponential,exp(x),2.0,20562446,1,scaled_with_l,0.1,2048,fixed_density,4.0,1,1,1.8860382174506432,1,2048,fixed_density,4.0,1,1,identity,1.7574455285199924,"{""projection"": [[1.0]]}",0.1285926889306508
exponential,exp(x),2.0,20562446,1,scaled_with_l,0.1,2048,fixed_density,4.0,1,1,1.8860382174506432,1,2048,fixed_density,4.0,1,1,gain_matched,1.8665117868494523,"{""gain_matrix"": [[1.1028002296746027]]}",0.01952643060119086
exponential,exp(x),2.0,20562446,1,scaled_with_l,0.1,2048,fixed_density,4.0,1,1,1.8860382174506432,1,2048,fixed_density,4.0,1,1,variance_matched,1.8906582463461667,"{""direction"": [1.0]}",-0.004620028895523598
exponential,exp(x),2.0,20562446,1,scaled_with_l,0.1,2048,fixed_density,4.0,1,1,1.8860382174506432,1,2048,fixed_density,4.0,1,1,shuffled_target,0.0001360117803749449,{},1.8859022056702681
exponential,exp(x),2.0,20562446,1,scaled_with_l,0.1,2048,fixed_density,4.0,1,1,1.8860382174506432,1,2048,fixed_density,4.0,1,1,analytic_volume,0.6931471805599453,"{""source_dim"": 1}",1.192891036890698
exponential,exp(x),2.0,20562463,2,scaled_with_l,0.1,2048,fixed_density,4.0,1,1,1.8465934895013811,2,2048,fixed_density,4.0,1,1,null,0.00018237296066267136,{},1.8464111165407184
exponential,exp(x),2.0,20562463,2,scaled_with_l,0.1,2048,fixed_density,4.0,1,1,1.8465934895013811,2,2048,fixed_density,4.0,1,1,identity,1.7455465103072916,"{""projection"": [[1.0]]}",0.10104697919408956
exponential,exp(x),2.0,20562463,2,scaled_with_l,0.1,2048,fixed_density,4.0,1,1,1.8465934895013811,2,2048,fixed_density,4.0,1,1,gain_matched,1.8110715681315526,"{""gain_matrix"": [[1.090470711583302]]}",0.03552192136982857
exponential,exp(x),2.0,20562463,2,scaled_with_l,0.1,2048,fixed_density,4.0,1,1,1.8465934895013811,2,2048,fixed_density,4.0,1,1,variance_matched,1.8752403251666925,"{""direction"": [1.0]}",-0.028646835665311343
exponential,exp(x),2.0,20562463,2,scaled_with_l,0.1,2048,fixed_density,4.0,1,1,1.8465934895013811,2,2048,fixed_density,4.0,1,1,shuffled_target,0.00031800078591040336,{},1.8462754887154706
exponential,exp(x),2.0,20562463,2,scaled_with_l,0.1,2048,fixed_density,4.0,1,1,1.8465934895013811,2,2048,fixed_density,4.0,1,1,analytic_volume,0.6931471805599453,"{""source_dim"": 1}",1.1534463089414357
exponential,exp(x),2.0,20562480,3,scaled_with_l,0.1,2048,fixed_density,4.0,1,1,1.8994372523193874,3,2048,fixed_density,4.0,1,1,null,0.0012447222371279967,{},1.8981925300822595
exponential,exp(x),2.0,20562480,3,scaled_with_l,0.1,2048,fixed_density,4.0,1,1,1.8994372523193874,3,2048,fixed_density,4.0,1,1,identity,1.769986097516976,"{""projection"": [[1.0]]}",0.12945115480241132
exponential,exp(x),2.0,20562480,3,scaled_with_l,0.1,2048,fixed_density,4.0,1,1,1.8994372523193874,3,2048,fixed_density,4.0,1,1,gain_matched,1.9047109923801937,"{""gain_matrix"": [[1.1080355461809497]]}",-0.005273740060806276
exponential,exp(x),2.0,20562480,3,scaled_with_l,0.1,2048,fixed_density,4.0,1,1,1.8994372523193874,3,2048,fixed_density,4.0,1,1,variance_matched,1.9363569629664497,"{""direction"": [1.0]}",-0.03691971064706223
exponential,exp(x),2.0,20562480,3,scaled_with_l,0.1,2048,fixed_density,4.0,1,1,1.8994372523193874,3,2048,fixed_density,4.0,1,1,shuffled_target,0.0014942079997301047,{},1.8979430443196572
exponential,exp(x),2.0,20562480,3,scaled_with_l,0.1,2048,fixed_density,4.0,1,1,1.8994372523193874,3,2048,fixed_density,4.0,1,1,analytic_volume,0.6931471805599453,"{""source_dim"": 1}",1.206290071759442
exponential,exp(x),2.0,20562497,4,scaled_with_l,0.1,2048,fixed_density,4.0,1,1,1.9033788764860295,4,2048,fixed_density,4.0,1,1,null,0.0005827565210827894,{},1.9027961199649468
exponential,exp(x),2.0,20562497,4,scaled_with_l,0.1,2048,fixed_density,4.0,1,1,1.9033788764860295,4,2048,fixed_density,4.0,1,1,identity,1.7663856830504598,"{""projection"": [[1.0]]}",0.1369931934355697
exponential,exp(x),2.0,20562497,4,scaled_with_l,0.1,2048,fixed_density,4.0,1,1,1.9033788764860295,4,2048,fixed_density,4.0,1,1,gain_matched,1.869235762589128,"{""gain_matrix"": [[1.1149944723440477]]}",0.0341431138969015
exponential,exp(x),2.0,20562497,4,scaled_with_l,0.1,2048,fixed_density,4.0,1,1,1.9033788764860295,4,2048,fixed_density,4.0,1,1,variance_matched,1.9105333174613817,"{""direction"": [1.0]}",-0.0071544409753521165
exponential,exp(x),2.0,20562497,4,scaled_with_l,0.1,2048,fixed_density,4.0,1,1,1.9033788764860295,4,2048,fixed_density,4.0,1,1,shuffled_target,-0.00018387556784584907,{},1.9035627520538754
exponential,exp(x),2.0,20562497,4,scaled_with_l,0.1,2048,fixed_density,4.0,1,1,1.9033788764860295,4,2048,fixed_density,4.0,1,1,analytic_volume,0.6931471805599453,"{""source_dim"": 1}",1.2102316959260842
exponential,exp(x),2.0,20562514,5,scaled_with_l,0.1,2048,fixed_density,4.0,1,1,1.9426684610977478,5,2048,fixed_density,4.0,1,1,null,-0.0005841619380927711,{},1.9432526230358407
exponential,exp(x),2.0,20562514,5,scaled_with_l,0.1,2048,fixed_density,4.0,1,1,1.9426684610977478,5,2048,fixed_density,4.0,1,1,identity,1.7867293950123306,"{""projection"": [[1.0]]}",0.1559390660854172
exponential,exp(x),2.0,20562514,5,scaled_with_l,0.1,2048,fixed_density,4.0,1,1,1.9426684610977478,5,2048,fixed_density,4.0,1,1,gain_matched,1.878577478798334,"{""gain_matrix"": [[1.1056773792206023]]}",0.06409098229941379
exponential,exp(x),2.0,20562514,5,scaled_with_l,0.1,2048,fixed_density,4.0,1,1,1.9426684610977478,5,2048,fixed_density,4.0,1,1,variance_matched,1.8979018047160232,"{""direction"": [1.0]}",0.04476665638172461
exponential,exp(x),2.0,20562514,5,scaled_with_l,0.1,2048,fixed_density,4.0,1,1,1.9426684610977478,5,2048,fixed_density,4.0,1,1,shuffled_target,-0.0003496660211381202,{},1.943018127118886
exponential,exp(x),2.0,20562514,5,scaled_with_l,0.1,2048,fixed_density,4.0,1,1,1.9426684610977478,5,2048,fixed_density,4.0,1,1,analytic_volume,0.6931471805599453,"{""source_dim"": 1}",1.2495212805378024
exponential,exp(x),2.0,20562531,6,scaled_with_l,0.1,2048,fixed_density,4.0,1,1,1.8926478821746282,6,2048,fixed_density,4.0,1,1,null,-0.0002038890920320356,{},1.8928517712666602
exponential,exp(x),2.0,20562531,6,scaled_with_l,0.1,2048,fixed_density,4.0,1,1,1.8926478821746282,6,2048,fixed_density,4.0,1,1,identity,1.7750306913824194,"{""projection"": [[1.0]]}",0.11761719079220878
exponential,exp(x),2.0,20562531,6,scaled_with_l,0.1,2048,fixed_density,4.0,1,1,1.8926478821746282,6,2048,fixed_density,4.0,1,1,gain_matched,1.883088192394979,"{""gain_matrix"": [[1.1042368415090407]]}",0.009559689779649272
exponential,exp(x),2.0,20562531,6,scaled_with_l,0.1,2048,fixed_density,4.0,1,1,1.8926478821746282,6,2048,fixed_density,4.0,1,1,variance_matched,1.8835868880846665,"{""direction"": [1.0]}",0.00906099408996175
exponential,exp(x),2.0,20562531,6,scaled_with_l,0.1,2048,fixed_density,4.0,1,1,1.8926478821746282,6,2048,fixed_density,4.0,1,1,shuffled_target,-0.00013422666868380265,{},1.892782108843312
exponential,exp(x),2.0,20562531,6,scaled_with_l,0.1,2048,fixed_density,4.0,1,1,1.8926478821746282,6,2048,fixed_density,4.0,1,1,analytic_volume,0.6931471805599453,"{""source_dim"": 1}",1.1995007016146828
exponential,exp(x),2.0,20562548,7,scaled_with_l,0.1,2048,fixed_density,4.0,1,1,1.879478663144775,7,2048,fixed_density,4.0,1,1,null,-0.0003098155678532645,{},1.8797884787126284
exponential,exp(x),2.0,20562548,7,scaled_with_l,0.1,2048,fixed_density,4.0,1,1,1.879478663144775,7,2048,fixed_density,4.0,1,1,identity,1.786087588649203,"{""projection"": [[1.0]]}",0.09339107449557216
exponential,exp(x),2.0,20562548,7,scaled_with_l,0.1,2048,fixed_density,4.0,1,1,1.879478663144775,7,2048,fixed_density,4.0,1,1,gain_matched,1.8768987189873259,"{""gain_matrix"": [[1.0985814446544147]]}",0.002579944157449221
exponential,exp(x),2.0,20562548,7,scaled_with_l,0.1,2048,fixed_density,4.0,1,1,1.879478663144775,7,2048,fixed_density,4.0,1,1,variance_matched,1.9240612752887516,"{""direction"": [1.0]}",-0.04458261214397652
exponential,exp(x),2.0,20562548,7,scaled_with_l,0.1,2048,fixed_density,4.0,1,1,1.879478663144775,7,2048,fixed_density,4.0,1,1,shuffled_target,-0.0001679504814560708,{},1.879646613626231
exponential,exp(x),2.0,20562548,7,scaled_with_l,0.1,2048,fixed_density,4.0,1,1,1.879478663144775,7,2048,fixed_density,4.0,1,1,analytic_volume,0.6931471805599453,"{""source_dim"": 1}",1.18633148258483
exponential,exp(x),2.0,20562565,8,scaled_with_l,0.1,2048,fixed_density,4.0,1,1,1.8650607115719653,8,2048,fixed_density,4.0,1,1,null,0.0006301113572661003,{},1.864430600214699
exponential,exp(x),2.0,20562565,8,scaled_with_l,0.1,2048,fixed_density,4.0,1,1,1.8650607115719653,8,2048,fixed_density,4.0,1,1,identity,1.7570217948703424,"{""projection"": [[1.0]]}",0.10803891670162291
exponential,exp(x),2.0,20562565,8,scaled_with_l,0.1,2048,fixed_density,4.0,1,1,1.8650607115719653,8,2048,fixed_density,4.0,1,1,gain_matched,1.8428889354724385,"{""gain_matrix"": [[1.0956413317445224]]}",0.022171776099526808
exponential,exp(x),2.0,20562565,8,scaled_with_l,0.1,2048,fixed_density,4.0,1,1,1.8650607115719653,8,2048,fixed_density,4.0,1,1,variance_matched,1.8889589170061853,"{""direction"": [1.0]}",-0.023898205434220054
exponential,exp(x),2.0,20562565,8,scaled_with_l,0.1,2048,fixed_density,4.0,1,1,1.8650607115719653,8,2048,fixed_density,4.0,1,1,shuffled_target,-6.81411247068869e-05,{},1.8651288526966723
exponential,exp(x),2.0,20562565,8,scaled_with_l,0.1,2048,fixed_density,4.0,1,1,1.8650607115719653,8,2048,fixed_density,4.0,1,1,analytic_volume,0.6931471805599453,"{""source_dim"": 1}",1.1719135310120201
exponential,exp(x),2.0,20562582,9,scaled_with_l,0.1,2048,fixed_density,4.0,1,1,1.8992243354904061,9,2048,fixed_density,4.0,1,1,null,-0.00013429009643170975,{},1.8993586255868378
exponential,exp(x),2.0,20562582,9,scaled_with_l,0.1,2048,fixed_density,4.0,1,1,1.8992243354904061,9,2048,fixed_density,4.0,1,1,identity,1.764238882833197,"{""projection"": [[1.0]]}",0.13498545265720918
exponential,exp(x),2.0,20562582,9,scaled_with_l,0.1,2048,fixed_density,4.0,1,1,1.8992243354904061,9,2048,fixed_density,4.0,1,1,gain_matched,1.8821904258674294,"{""gain_matrix"": [[1.1001198858344947]]}",0.017033909622976795
exponential,exp(x),2.0,20562582,9,scaled_with_l,0.1,2048,fixed_density,4.0,1,1,1.8992243354904061,9,2048,fixed_density,4.0,1,1,variance_matched,1.9027580805522906,"{""direction"": [1.0]}",-0.003533745061884419
exponential,exp(x),2.0,20562582,9,scaled_with_l,0.1,2048,fixed_density,4.0,1,1,1.8992243354904061,9,2048,fixed_density,4.0,1,1,shuffled_target,-5.802802935068736e-05,{},1.8992823635197569
exponential,exp(x),2.0,20562582,9,scaled_with_l,0.1,2048,fixed_density,4.0,1,1,1.8992243354904061,9,2048,fixed_density,4.0,1,1,analytic_volume,0.6931471805599453,"{""source_dim"": 1}",1.206077154930461
exponential,exp(x),4.0,20563429,0,scaled_with_l,0.2,4096,fixed_density,4.0,1,1,2.179742779899869,0,4096,fixed_density,4.0,1,1,null,-0.00018769936968822252,{},2.1799304792695575
exponential,exp(x),4.0,20563429,0,scaled_with_l,0.2,4096,fixed_density,4.0,1,1,2.179742779899869,0,4096,fixed_density,4.0,1,1,identity,1.7731223508440423,"{""projection"": [[1.0]]}",0.40662042905582685
exponential,exp(x),4.0,20563429,0,scaled_with_l,0.2,4096,fixed_density,4.0,1,1,2.179742779899869,0,4096,fixed_density,4.0,1,1,gain_matched,2.1532232484454576,"{""gain_matrix"": [[1.45154406878873]]}",0.02651953145441155
exponential,exp(x),4.0,20563429,0,scaled_with_l,0.2,4096,fixed_density,4.0,1,1,2.179742779899869,0,4096,fixed_density,4.0,1,1,variance_matched,2.2479730070508426,"{""direction"": [1.0]}",-0.06823022715097338
exponential,exp(x),4.0,20563429,0,scaled_with_l,0.2,4096,fixed_density,4.0,1,1,2.179742779899869,0,4096,fixed_density,4.0,1,1,shuffled_target,-0.0002067852974424463,{},2.1799495651973118
exponential,exp(x),4.0,20563429,0,scaled_with_l,0.2,4096,fixed_density,4.0,1,1,2.179742779899869,0,4096,fixed_density,4.0,1,1,analytic_volume,1.3862943611198906,"{""source_dim"": 1}",0.7934484187799786
exponential,exp(x),4.0,20563446,1,scaled_with_l,0.2,4096,fixed_density,4.0,1,1,2.178166692454191,1,4096,fixed_density,4.0,1,1,null,2.4541647620335662e-06,{},2.178164238289429
exponential,exp(x),4.0,20563446,1,scaled_with_l,0.2,4096,fixed_density,4.0,1,1,2.178166692454191,1,4096,fixed_density,4.0,1,1,identity,1.741300447798496,"{""projection"": [[1.0]]}",0.436866244655695
exponential,exp(x),4.0,20563446,1,scaled_with_l,0.2,4096,fixed_density,4.0,1,1,2.178166692454191,1,4096,fixed_density,4.0,1,1,gain_matched,2.160976372526314,"{""gain_matrix"": [[1.4676293399923137]]}",0.017190319927876896
exponential,exp(x),4.0,20563446,1,scaled_with_l,0.2,4096,fixed_density,4.0,1,1,2.178166692454191,1,4096,fixed_density,4.0,1,1,variance_matched,2.2359612125696335,"{""direction"": [1.0]}",-0.057794520115442616
exponential,exp(x),4.0,20563446,1,scaled_with_l,0.2,4096,fixed_density,4.0,1,1,2.178166692454191,1,4096,fixed_density,4.0,1,1,shuffled_target,-0.0002323563249184769,{},2.1783990487791094
exponential,exp(x),4.0,20563446,1,scaled_with_l,0.2,4096,fixed_density,4.0,1,1,2.178166692454191,1,4096,fixed_density,4.0,1,1,analytic_volume,1.3862943611198906,"{""source_dim"": 1}",0.7918723313343004
exponential,exp(x),4.0,20563463,2,scaled_with_l,0.2,4096,fixed_density,4.0,1,1,2.1916897714106796,2,4096,fixed_density,4.0,1,1,null,-0.00035780847976937043,{},2.192047579890449
exponential,exp(x),4.0,20563463,2,scaled_with_l,0.2,4096,fixed_density,4.0,1,1,2.1916897714106796,2,4096,fixed_density,4.0,1,1,identity,1.7715778375716456,"{""projection"": [[1.0]]}",0.420111933839034
exponential,exp(x),4.0,20563463,2,scaled_with_l,0.2,4096,fixed_density,4.0,1,1,2.1916897714106796,2,4096,fixed_density,4.0,1,1,gain_matched,2.147137539077889,"{""gain_matrix"": [[1.4544052003734602]]}",0.04455223233279071
exponential,exp(x),4.0,20563463,2,scaled_with_l,0.2,4096,fixed_density,4.0,1,1,2.1916897714106796,2,4096,fixed_density,4.0,1,1,variance_matched,2.2600511002312933,"{""direction"": [1.0]}",-0.06836132882061374
exponential,exp(x),4.0,20563463,2,scaled_with_l,0.2,4096,fixed_density,4.0,1,1,2.1916897714106796,2,4096,fixed_density,4.0,1,1,shuffled_target,-0.00023955669808535301,{},2.191929328108765
exponential,exp(x),4.0,20563463,2,scaled_with_l,0.2,4096,fixed_density,4.0,1,1,2.1916897714106796,2,4096,fixed_density,4.0,1,1,analytic_volume,1.3862943611198906,"{""source_dim"": 1}",0.805395410290789
exponential,exp(x),4.0,20563480,3,scaled_with_l,0.2,4096,fixed_density,4.0,1,1,2.209869768963265,3,4096,fixed_density,4.0,1,1,null,0.0008384227889277308,{},2.209031346174337
exponential,exp(x),4.0,20563480,3,scaled_with_l,0.2,4096,fixed_density,4.0,1,1,2.209869768963265,3,4096,fixed_density,4.0,1,1,identity,1.7674357355140056,"{""projection"": [[1.0]]}",0.44243403344925936
exponential,exp(x),4.0,20563480,3,scaled_with_l,0.2,4096,fixed_density,4.0,1,1,2.209869768963265,3,4096,fixed_density,4.0,1,1,gain_matched,2.118518667288567,"{""gain_matrix"": [[1.464505974343177]]}",0.09135110167469795
exponential,exp(x),4.0,20563480,3,scaled_with_l,0.2,4096,fixed_density,4.0,1,1,2.209869768963265,3,4096,fixed_density,4.0,1,1,variance_matched,2.2580384870488466,"{""direction"": [1.0]}",-0.04816871808558165
exponential,exp(x),4.0,20563480,3,scaled_with_l,0.2,4096,fixed_density,4.0,1,1,2.209869768963265,3,4096,fixed_density,4.0,1,1,shuffled_target,0.0006425743488210217,{},2.209227194614444
exponential,exp(x),4.0,20563480,3,scaled_with_l,0.2,4096,fixed_density,4.0,1,1,2.209869768963265,3,4096,fixed_density,4.0,1,1,analytic_volume,1.3862943611198906,"{""source_dim"": 1}",0.8235754078433744
exponential,exp(x),4.0,20563497,4,scaled_with_l,0.2,4096,fixed_density,4.0,1,1,2.212961975789289,4,4096,fixed_density,4.0,1,1,null,-0.00021110319129434357,{},2.2131730789805832
exponential,exp(x),4.0,20563497,4,scaled_with_l,0.2,4096,fixed_density,4.0,1,1,2.212961975789289,4,4096,fixed_density,4.0,1,1,identity,1.790997992304251,"{""projection"": [[1.0]]}",0.42196398348503794
exponential,exp(x),4.0,20563497,4,scaled_with_l,0.2,4096,fixed_density,4.0,1,1,2.212961975789289,4,4096,fixed_density,4.0,1,1,gain_matched,2.1479814740554115,"{""gain_matrix"": [[1.4694395293769276]]}",0.06498050173387737
exponential,exp(x),4.0,20563497,4,scaled_with_l,0.2,4096,fixed_density,4.0,1,1,2.212961975789289,4,4096,fixed_density,4.0,1,1,variance_matched,2.268783161266165,"{""direction"": [1.0]}",-0.05582118547687598
exponential,exp(x),4.0,20563497,4,scaled_with_l,0.2,4096,fixed_density,4.0,1,1,2.212961975789289,4,4096,fixed_density,4.0,1,1,shuffled_target,0.00016082276024018084,{},2.212801153029049
exponential,exp(x),4.0,20563497,4,scaled_with_l,0.2,4096,fixed_density,4.0,1,1,2.212961975789289,4,4096,fixed_density,4.0,1,1,analytic_volume,1.3862943611198906,"{""source_dim"": 1}",0.8266676146693983
exponential,exp(x),4.0,20563514,5,scaled_with_l,0.2,4096,fixed_density,4.0,1,1,2.1840297899384415,5,4096,fixed_density,4.0,1,1,null,-7.375180100644403e-05,{},2.184103541739448
exponential,exp(x),4.0,20563514,5,scaled_with_l,0.2,4096,fixed_density,4.0,1,1,2.1840297899384415,5,4096,fixed_density,4.0,1,1,identity,1.7581680186833313,"{""projection"": [[1.0]]}",0.42586177125511027
exponential,exp(x),4.0,20563514,5,scaled_with_l,0.2,4096,fixed_density,4.0,1,1,2.1840297899384415,5,4096,fixed_density,4.0,1,1,gain_matched,2.126074133355349,"{""gain_matrix"": [[1.444574949805195]]}",0.05795565658309254
exponential,exp(x),4.0,20563514,5,scaled_with_l,0.2,4096,fixed_density,4.0,1,1,2.1840297899384415,5,4096,fixed_density,4.0,1,1,variance_matched,2.2517435773822516,"{""direction"": [1.0]}",-0.06771378744381007
exponential,exp(x),4.0,20563514,5,scaled_with_l,0.2,4096,fixed_density,4.0,1,1,2.1840297899384415,5,4096,fixed_density,4.0,1,1,shuffled_target,-0.00024740373409758273,{},2.184277193672539
exponential,exp(x),4.0,20563514,5,scaled_with_l,0.2,4096,fixed_density,4.0,1,1,2.1840297899384415,5,4096,fixed_density,4.0,1,1,analytic_volume,1.3862943611198906,"{""source_dim"": 1}",0.797735428818551
exponential,exp(x),4.0,20563531,6,scaled_with_l,0.2,4096,fixed_density,4.0,1,1,2.2112299305184564,6,4096,fixed_density,4.0,1,1,null,-0.00030049637972150915,{},2.211530426898178
exponential,exp(x),4.0,20563531,6,scaled_with_l,0.2,4096,fixed_density,4.0,1,1,2.2112299305184564,6,4096,fixed_density,4.0,1,1,identity,1.7794591371295463,"{""projection"": [[1.0]]}",0.4317707933889101
exponential,exp(x),4.0,20563531,6,scaled_with_l,0.2,4096,fixed_density,4.0,1,1,2.2112299305184564,6,4096,fixed_density,4.0,1,1,gain_matched,2.1405164383498674,"{""gain_matrix"": [[1.4653282012824191]]}",0.07071349216858902
exponential,exp(x),4.0,20563531,6,scaled_with_l,0.2,4096,fixed_density,4.0,1,1,2.2112299305184564,6,4096,fixed_density,4.0,1,1,variance_matched,2.2568708306668874,"{""direction"": [1.0]}",-0.04564090014843103
exponential,exp(x),4.0,20563531,6,scaled_with_l,0.2,4096,fixed_density,4.0,1,1,2.2112299305184564,6,4096,fixed_density,4.0,1,1,shuffled_target,0.0007188579996224436,{},2.210511072518834
exponential,exp(x),4.0,20563531,6,scaled_with_l,0.2,4096,fixed_density,4.0,1,1,2.2112299305184564,6,4096,fixed_density,4.0,1,1,analytic_volume,1.3862943611198906,"{""source_dim"": 1}",0.8249355693985658
exponential,exp(x),4.0,20563548,7,scaled_with_l,0.2,4096,fixed_density,4.0,1,1,2.1777890360129417,7,4096,fixed_density,4.0,1,1,null,-0.0003153691818393822,{},2.178104405194781
exponential,exp(x),4.0,20563548,7,scaled_with_l,0.2,4096,fixed_density,4.0,1,1,2.1777890360129417,7,4096,fixed_density,4.0,1,1,identity,1.7798433132252423,"{""projection"": [[1.0]]}",0.39794572278769946
exponential,exp(x),4.0,20563548,7,scaled_with_l,0.2,4096,fixed_density,4.0,1,1,2.1777890360129417,7,4096,fixed_density,4.0,1,1,gain_matched,2.1322380059994233,"{""gain_matrix"": [[1.4565697416465462]]}",0.045551030013518456
exponential,exp(x),4.0,20563548,7,scaled_with_l,0.2,4096,fixed_density,4.0,1,1,2.1777890360129417,7,4096,fixed_density,4.0,1,1,variance_matched,2.255639684749589,"{""direction"": [1.0]}",-0.07785064873664727
exponential,exp(x),4.0,20563548,7,scaled_with_l,0.2,4096,fixed_density,4.0,1,1,2.1777890360129417,7,4096,fixed_density,4.0,1,1,shuffled_target,-0.00012764115185319788,{},2.177916677164795
exponential,exp(x),4.0,20563548,7,scaled_with_l,0.2,4096,fixed_density,4.0,1,1,2.1777890360129417,7,4096,fixed_density,4.0,1,1,analytic_volume,1.3862943611198906,"{""source_dim"": 1}",0.7914946748930511
exponential,exp(x),4.0,20563565,8,scaled_with_l,0.2,4096,fixed_density,4.0,1,1,2.2000829479783413,8,4096,fixed_density,4.0,1,1,null,-0.0003068218608242841,{},2.2003897698391657
exponential,exp(x),4.0,20563565,8,scaled_with_l,0.2,4096,fixed_density,4.0,1,1,2.2000829479783413,8,4096,fixed_density,4.0,1,1,identity,1.781592583052043,"{""projection"": [[1.0]]}",0.4184903649262983
exponential,exp(x),4.0,20563565,8,scaled_with_l,0.2,4096,fixed_density,4.0,1,1,2.2000829479783413,8,4096,fixed_density,4.0,1,1,gain_matched,2.152111462455173,"{""gain_matrix"": [[1.4608386380201508]]}",0.04797148552316832
exponential,exp(x),4.0,20563565,8,scaled_with_l,0.2,4096,fixed_density,4.0,1,1,2.2000829479783413,8,4096,fixed_density,4.0,1,1,variance_matched,2.280759754357324,"{""direction"": [1.0]}",-0.08067680637898267
exponential,exp(x),4.0,20563565,8,scaled_with_l,0.2,4096,fixed_density,4.0,1,1,2.2000829479783413,8,4096,fixed_density,4.0,1,1,shuffled_target,0.0006013738444902025,{},2.199481574133851
exponential,exp(x),4.0,20563565,8,scaled_with_l,0.2,4096,fixed_density,4.0,1,1,2.2000829479783413,8,4096,fixed_density,4.0,1,1,analytic_volume,1.3862943611198906,"{""source_dim"": 1}",0.8137885868584507
exponential,exp(x),4.0,20563582,9,scaled_with_l,0.2,4096,fixed_density,4.0,1,1,2.2257066810635093,9,4096,fixed_density,4.0,1,1,null,-0.0003587992416371555,{},2.2260654803051465
exponential,exp(x),4.0,20563582,9,scaled_with_l,0.2,4096,fixed_density,4.0,1,1,2.2257066810635093,9,4096,fixed_density,4.0,1,1,identity,1.7569654525048173,"{""projection"": [[1.0]]}",0.46874122855869205
exponential,exp(x),4.0,20563582,9,scaled_with_l,0.2,4096,fixed_density,4.0,1,1,2.2257066810635093,9,4096,fixed_density,4.0,1,1,gain_matched,2.1462263352379107,"{""gain_matrix"": [[1.4656066589413235]]}",0.0794803458255986
exponential,exp(x),4.0,20563582,9,scaled_with_l,0.2,4096,fixed_density,4.0,1,1,2.2257066810635093,9,4096,fixed_density,4.0,1,1,variance_matched,2.245029828249184,"{""direction"": [1.0]}",-0.01932314718567474
exponential,exp(x),4.0,20563582,9,scaled_with_l,0.2,4096,fixed_density,4.0,1,1,2.2257066810635093,9,4096,fixed_density,4.0,1,1,shuffled_target,-3.746400993077302e-05,{},2.22574414507344
exponential,exp(x),4.0,20563582,9,scaled_with_l,0.2,4096,fixed_density,4.0,1,1,2.2257066810635093,9,4096,fixed_density,4.0,1,1,analytic_volume,1.3862943611198906,"{""source_dim"": 1}",0.8394123199436188
exponential,exp(x),8.0,20564429,0,scaled_with_l,0.4,8192,fixed_density,4.0,1,1,1.892660509825772,0,8192,fixed_density,4.0,1,1,null,-5.703682341503081e-05,{},1.892717546649187
exponential,exp(x),8.0,20564429,0,scaled_with_l,0.4,8192,fixed_density,4.0,1,1,1.892660509825772,0,8192,fixed_density,4.0,1,1,identity,1.7760932572114525,"{""projection"": [[1.0]]}",0.11656725261431955
exponential,exp(x),8.0,20564429,0,scaled_with_l,0.4,8192,fixed_density,4.0,1,1,1.892660509825772,0,8192,fixed_density,4.0,1,1,gain_matched,3.102410105322364,"{""gain_matrix"": [[3.831216545564356]]}",-1.209749595496592
exponential,exp(x),8.0,20564429,0,scaled_with_l,0.4,8192,fixed_density,4.0,1,1,1.892660509825772,0,8192,fixed_density,4.0,1,1,variance_matched,3.376371047280001,"{""direction"": [1.0]}",-1.483710537454229
exponential,exp(x),8.0,20564429,0,scaled_with_l,0.4,8192,fixed_density,4.0,1,1,1.892660509825772,0,8192,fixed_density,4.0,1,1,shuffled_target,-0.0001255169059237833,{},1.8927860267316958
exponential,exp(x),8.0,20564429,0,scaled_with_l,0.4,8192,fixed_density,4.0,1,1,1.892660509825772,0,8192,fixed_density,4.0,1,1,analytic_volume,2.0794415416798357,"{""source_dim"": 1}",-0.1867810318540637
exponential,exp(x),8.0,20564446,1,scaled_with_l,0.4,8192,fixed_density,4.0,1,1,1.8883999938907865,1,8192,fixed_density,4.0,1,1,null,-0.00013735223873444005,{},1.888537346129521
exponential,exp(x),8.0,20564446,1,scaled_with_l,0.4,8192,fixed_density,4.0,1,1,1.8883999938907865,1,8192,fixed_density,4.0,1,1,identity,1.7724957937011037,"{""projection"": [[1.0]]}",0.11590420018968284
exponential,exp(x),8.0,20564446,1,scaled_with_l,0.4,8192,fixed_density,4.0,1,1,1.8883999938907865,1,8192,fixed_density,4.0,1,1,gain_matched,3.106331856796549,"{""gain_matrix"": [[3.819186414328514]]}",-1.2179318629057627
exponential,exp(x),8.0,20564446,1,scaled_with_l,0.4,8192,fixed_density,4.0,1,1,1.8883999938907865,1,8192,fixed_density,4.0,1,1,variance_matched,3.3863239688969022,"{""direction"": [1.0]}",-1.4979239750061157
exponential,exp(x),8.0,20564446,1,scaled_with_l,0.4,8192,fixed_density,4.0,1,1,1.8883999938907865,1,8192,fixed_density,4.0,1,1,shuffled_target,-0.00015067147152005494,{},1.8885506653623065
exponential,exp(x),8.0,20564446,1,scaled_with_l,0.4,8192,fixed_density,4.0,1,1,1.8883999938907865,1,8192,fixed_density,4.0,1,1,analytic_volume,2.0794415416798357,"{""source_dim"": 1}",-0.19104154778904925
exponential,exp(x),8.0,20564463,2,scaled_with_l,0.4,8192,fixed_density,4.0,1,1,1.8922978908326704,2,8192,fixed_density,4.0,1,1,null,-9.72951072226209e-05,{},1.892395185939893
exponential,exp(x),8.0,20564463,2,scaled_with_l,0.4,8192,fixed_density,4.0,1,1,1.8922978908326704,2,8192,fixed_density,4.0,1,1,identity,1.7630107591554967,"{""projection"": [[1.0]]}",0.12928713167717376
exponential,exp(x),8.0,20564463,2,scaled_with_l,0.4,8192,fixed_density,4.0,1,1,1.8922978908326704,2,8192,fixed_density,4.0,1,1,gain_matched,3.101329645433231,"{""gain_matrix"": [[3.835894403125332]]}",-1.2090317546005607
exponential,exp(x),8.0,20564463,2,scaled_with_l,0.4,8192,fixed_density,4.0,1,1,1.8922978908326704,2,8192,fixed_density,4.0,1,1,variance_matched,3.376648495799479,"{""direction"": [1.0]}",-1.4843506049668087
exponential,exp(x),8.0,20564463,2,scaled_with_l,0.4,8192,fixed_density,4.0,1,1,1.8922978908326704,2,8192,fixed_density,4.0,1,1,shuffled_target,-5.3564674182440374e-05,{},1.8923514555068528
exponential,exp(x),8.0,20564463,2,scaled_with_l,0.4,8192,fixed_density,4.0,1,1,1.8922978908326704,2,8192,fixed_density,4.0,1,1,analytic_volume,2.0794415416798357,"{""source_dim"": 1}",-0.18714365084716533
exponential,exp(x),8.0,20564480,3,scaled_with_l,0.4,8192,fixed_density,4.0,1,1,1.8973905340482735,3,8192,fixed_density,4.0,1,1,null,7.203574995966057e-05,{},1.8973184982983138
exponential,exp(x),8.0,20564480,3,scaled_with_l,0.4,8192,fixed_density,4.0,1,1,1.8973905340482735,3,8192,fixed_density,4.0,1,1,identity,1.7675159046707407,"{""projection"": [[1.0]]}",0.1298746293775328
exponential,exp(x),8.0,20564480,3,scaled_with_l,0.4,8192,fixed_density,4.0,1,1,1.8973905340482735,3,8192,fixed_density,4.0,1,1,gain_matched,3.116989071640316,"{""gain_matrix"": [[3.8354713294953444]]}",-1.2195985375920426
exponential,exp(x),8.0,20564480,3,scaled_with_l,0.4,8192,fixed_density,4.0,1,1,1.8973905340482735,3,8192,fixed_density,4.0,1,1,variance_matched,3.384197503050133,"{""direction"": [1.0]}",-1.4868069690018595
exponential,exp(x),8.0,20564480,3,scaled_with_l,0.4,8192,fixed_density,4.0,1,1,1.8973905340482735,3,8192,fixed_density,4.0,1,1,shuffled_target,-6.675978387502067e-05,{},1.8974572938321486
exponential,exp(x),8.0,20564480,3,scaled_with_l,0.4,8192,fixed_density,4.0,1,1,1.8973905340482735,3,8192,fixed_density,4.0,1,1,analytic_volume,2.0794415416798357,"{""source_dim"": 1}",-0.18205100763156223
exponential,exp(x),8.0,20564497,4,scaled_with_l,0.4,8192,fixed_density,4.0,1,1,1.8925189987184199,4,8192,fixed_density,4.0,1,1,null,-0.00011866845405806987,{},1.892637667172478
exponential,exp(x),8.0,20564497,4,scaled_with_l,0.4,8192,fixed_density,4.0,1,1,1.8925189987184199,4,8192,fixed_density,4.0,1,1,identity,1.7744721987881333,"{""projection"": [[1.0]]}",0.11804679993028655
exponential,exp(x),8.0,20564497,4,scaled_with_l,0.4,8192,fixed_density,4.0,1,1,1.8925189987184199,4,8192,fixed_density,4.0,1,1,gain_matched,3.1031573795492244,"{""gain_matrix"": [[3.8021504102930694]]}",-1.2106383808308046
exponential,exp(x),8.0,20564497,4,scaled_with_l,0.4,8192,fixed_density,4.0,1,1,1.8925189987184199,4,8192,fixed_density,4.0,1,1,variance_matched,3.3767320359469255,"{""direction"": [1.0]}",-1.4842130372285056
exponential,exp(x),8.0,20564497,4,scaled_with_l,0.4,8192,fixed_density,4.0,1,1,1.8925189987184199,4,8192,fixed_density,4.0,1,1,shuffled_target,3.324007453477318e-05,{},1.892485758643885
exponential,exp(x),8.0,20564497,4,scaled_with_l,0.4,8192,fixed_density,4.0,1,1,1.8925189987184199,4,8192,fixed_density,4.0,1,1,analytic_volume,2.0794415416798357,"{""source_dim"": 1}",-0.18692254296141586
exponential,exp(x),8.0,20564514,5,scaled_with_l,0.4,8192,fixed_density,4.0,1,1,1.8936375770219427,5,8192,fixed_density,4.0,1,1,null,-0.0001454239072901568,{},1.893783000929233
exponential,exp(x),8.0,20564514,5,scaled_with_l,0.4,8192,fixed_density,4.0,1,1,1.8936375770219427,5,8192,fixed_density,4.0,1,1,identity,1.7530283278687693,"{""projection"": [[1.0]]}",0.1406092491531734
exponential,exp(x),8.0,20564514,5,scaled_with_l,0.4,8192,fixed_density,4.0,1,1,1.8936375770219427,5,8192,fixed_density,4.0,1,1,gain_matched,3.1118636243339934,"{""gain_matrix"": [[3.8590112352905943]]}",-1.2182260473120508
exponential,exp(x),8.0,20564514,5,scaled_with_l,0.4,8192,fixed_density,4.0,1,1,1.8936375770219427,5,8192,fixed_density,4.0,1,1,variance_matched,3.37046079741597,"{""direction"": [1.0]}",-1.4768232203940275
exponential,exp(x),8.0,20564514,5,scaled_with_l,0.4,8192,fixed_density,4.0,1,1,1.8936375770219427,5,8192,fixed_density,4.0,1,1,shuffled_target,0.0002614835734790518,{},1.8933760934484636
exponential,exp(x),8.0,20564514,5,scaled_with_l,0.4,8192,fixed_density,4.0,1,1,1.8936375770219427,5,8192,fixed_density,4.0,1,1,analytic_volume,2.0794415416798357,"{""source_dim"": 1}",-0.18580396465789306
exponential,exp(x),8.0,20564531,6,scaled_with_l,0.4,8192,fixed_density,4.0,1,1,1.8845300942630947,6,8192,fixed_density,4.0,1,1,null,-9.298927950361695e-05,{},1.8846230835425983
exponential,exp(x),8.0,20564531,6,scaled_with_l,0.4,8192,fixed_density,4.0,1,1,1.8845300942630947,6,8192,fixed_density,4.0,1,1,identity,1.7719099570731216,"{""projection"": [[1.0]]}",0.1126201371899731
exponential,exp(x),8.0,20564531,6,scaled_with_l,0.4,8192,fixed_density,4.0,1,1,1.8845300942630947,6,8192,fixed_density,4.0,1,1,gain_matched,3.0893545828106843,"{""gain_matrix"": [[3.7812119114719818]]}",-1.2048244885475896
exponential,exp(x),8.0,20564531,6,scaled_with_l,0.4,8192,fixed_density,4.0,1,1,1.8845300942630947,6,8192,fixed_density,4.0,1,1,variance_matched,3.3897164045408177,"{""direction"": [1.0]}",-1.505186310277723
exponential,exp(x),8.0,20564531,6,scaled_with_l,0.4,8192,fixed_density,4.0,1,1,1.8845300942630947,6,8192,fixed_density,4.0,1,1,shuffled_target,-1.1550327935048457e-05,{},1.8845416445910297
exponential,exp(x),8.0,20564531,6,scaled_with_l,0.4,8192,fixed_density,4.0,1,1,1.8845300942630947,6,8192,fixed_density,4.0,1,1,analytic_volume,2.0794415416798357,"{""source_dim"": 1}",-0.19491144741674105
exponential,exp(x),8.0,20564548,7,scaled_with_l,0.4,8192,fixed_density,4.0,1,1,1.8878251399343435,7,8192,fixed_density,4.0,1,1,null,-0.00015568083968865593,{},1.8879808207740323
exponential,exp(x),8.0,20564548,7,scaled_with_l,0.4,8192,fixed_density,4.0,1,1,1.8878251399343435,7,8192,fixed_density,4.0,1,1,identity,1.7660327562743423,"{""projection"": [[1.0]]}",0.12179238366000122
exponential,exp(x),8.0,20564548,7,scaled_with_l,0.4,8192,fixed_density,4.0,1,1,1.8878251399343435,7,8192,fixed_density,4.0,1,1,gain_matched,3.0940347675894264,"{""gain_matrix"": [[3.8496248164751474]]}",-1.2062096276550829
exponential,exp(x),8.0,20564548,7,scaled_with_l,0.4,8192,fixed_density,4.0,1,1,1.8878251399343435,7,8192,fixed_density,4.0,1,1,variance_matched,3.3793460963290474,"{""direction"": [1.0]}",-1.4915209563947038
exponential,exp(x),8.0,20564548,7,scaled_with_l,0.4,8192,fixed_density,4.0,1,1,1.8878251399343435,7,8192,fixed_density,4.0,1,1,shuffled_target,0.00014502117665599035,{},1.8876801187576875
exponential,exp(x),8.0,20564548,7,scaled_with_l,0.4,8192,fixed_density,4.0,1,1,1.8878251399343435,7,8192,fixed_density,4.0,1,1,analytic_volume,2.0794415416798357,"{""source_dim"": 1}",-0.19161640174549222
exponential,exp(x),8.0,20564565,8,scaled_with_l,0.4,8192,fixed_density,4.0,1,1,1.8965127741064194,8,8192,fixed_density,4.0,1,1,null,5.386959911696639e-05,{},1.8964589045073024
exponential,exp(x),8.0,20564565,8,scaled_with_l,0.4,8192,fixed_density,4.0,1,1,1.8965127741064194,8,8192,fixed_density,4.0,1,1,identity,1.7629523590718015,"{""projection"": [[1.0]]}",0.1335604150346179
exponential,exp(x),8.0,20564565,8,scaled_with_l,0.4,8192,fixed_density,4.0,1,1,1.8965127741064194,8,8192,fixed_density,4.0,1,1,gain_matched,3.104155881570933,"{""gain_matrix"": [[3.8064330175520356]]}",-1.2076431074645138
exponential,exp(x),8.0,20564565,8,scaled_with_l,0.4,8192,fixed_density,4.0,1,1,1.8965127741064194,8,8192,fixed_density,4.0,1,1,variance_matched,3.3908877576334855,"{""direction"": [1.0]}",-1.494374983527066
exponential,exp(x),8.0,20564565,8,scaled_with_l,0.4,8192,fixed_density,4.0,1,1,1.8965127741064194,8,8192,fixed_density,4.0,1,1,shuffled_target,0.0003340137172323825,{},1.896178760389187
exponential,exp(x),8.0,20564565,8,scaled_with_l,0.4,8192,fixed_density,4.0,1,1,1.8965127741064194,8,8192,fixed_density,4.0,1,1,analytic_volume,2.0794415416798357,"{""source_dim"": 1}",-0.18292876757341636
exponential,exp(x),8.0,20564582,9,scaled_with_l,0.4,8192,fixed_density,4.0,1,1,1.9083348807425784,9,8192,fixed_density,4.0,1,1,null,5.313966588519999e-05,{},1.9082817410766932
exponential,exp(x),8.0,20564582,9,scaled_with_l,0.4,8192,fixed_density,4.0,1,1,1.9083348807425784,9,8192,fixed_density,4.0,1,1,identity,1.7571142578048824,"{""projection"": [[1.0]]}",0.151220622937696
exponential,exp(x),8.0,20564582,9,scaled_with_l,0.4,8192,fixed_density,4.0,1,1,1.9083348807425784,9,8192,fixed_density,4.0,1,1,gain_matched,3.115143791435904,"{""gain_matrix"": [[3.9113444090197973]]}",-1.2068089106933257
exponential,exp(x),8.0,20564582,9,scaled_with_l,0.4,8192,fixed_density,4.0,1,1,1.9083348807425784,9,8192,fixed_density,4.0,1,1,variance_matched,3.4222853407519964,"{""direction"": [1.0]}",-1.513950460009418
exponential,exp(x),8.0,20564582,9,scaled_with_l,0.4,8192,fixed_density,4.0,1,1,1.9083348807425784,9,8192,fixed_density,4.0,1,1,shuffled_target,9.61711507983639e-05,{},1.90823870959178
exponential,exp(x),8.0,20564582,9,scaled_with_l,0.4,8192,fixed_density,4.0,1,1,1.9083348807425784,9,8192,fixed_density,4.0,1,1,analytic_volume,2.0794415416798357,"{""source_dim"": 1}",-0.17110666093725735
exponential,exp(x),12.0,20565429,0,scaled_with_l,0.6000000000000001,12288,fixed_density,4.0,1,1,1.302434292979586,0,12288,fixed_density,4.0,1,1,null,8.749110268988616e-05,{},1.3023468018768962
exponential,exp(x),12.0,20565429,0,scaled_with_l,0.6000000000000001,12288,fixed_density,4.0,1,1,1.302434292979586,0,12288,fixed_density,4.0,1,1,identity,1.7589230167529484,"{""projection"": [[1.0]]}",-0.45648872377336236
exponential,exp(x),12.0,20565429,0,scaled_with_l,0.6000000000000001,12288,fixed_density,4.0,1,1,1.302434292979586,0,12288,fixed_density,4.0,1,1,gain_matched,4.403790327692783,"{""gain_matrix"": [[14.116736468942797]]}",-3.1013560347131968
exponential,exp(x),12.0,20565429,0,scaled_with_l,0.6000000000000001,12288,fixed_density,4.0,1,1,1.302434292979586,0,12288,fixed_density,4.0,1,1,variance_matched,4.832010881413719,"{""direction"": [1.0]}",-3.529576588434133
exponential,exp(x),12.0,20565429,0,scaled_with_l,0.6000000000000001,12288,fixed_density,4.0,1,1,1.302434292979586,0,12288,fixed_density,4.0,1,1,shuffled_target,-0.00010656502668841437,{},1.3025408580062745
exponential,exp(x),12.0,20565429,0,scaled_with_l,0.6000000000000001,12288,fixed_density,4.0,1,1,1.302434292979586,0,12288,fixed_density,4.0,1,1,analytic_volume,2.4849066497880004,"{""source_dim"": 1}",-1.1824723568084143
exponential,exp(x),12.0,20565446,1,scaled_with_l,0.6000000000000001,12288,fixed_density,4.0,1,1,1.308257283789081,1,12288,fixed_density,4.0,1,1,null,-6.772424775928605e-05,{},1.3083250080368403
exponential,exp(x),12.0,20565446,1,scaled_with_l,0.6000000000000001,12288,fixed_density,4.0,1,1,1.308257283789081,1,12288,fixed_density,4.0,1,1,identity,1.7779781699986597,"{""projection"": [[1.0]]}",-0.46972088620957875
exponential,exp(x),12.0,20565446,1,scaled_with_l,0.6000000000000001,12288,fixed_density,4.0,1,1,1.308257283789081,1,12288,fixed_density,4.0,1,1,gain_matched,4.436123381943463,"{""gain_matrix"": [[14.261043066673572]]}",-3.127866098154382
exponential,exp(x),12.0,20565446,1,scaled_with_l,0.6000000000000001,12288,fixed_density,4.0,1,1,1.308257283789081,1,12288,fixed_density,4.0,1,1,variance_matched,4.860424587292925,"{""direction"": [1.0]}",-3.5521673035038437
exponential,exp(x),12.0,20565446,1,scaled_with_l,0.6000000000000001,12288,fixed_density,4.0,1,1,1.308257283789081,1,12288,fixed_density,4.0,1,1,shuffled_target,7.684281727332778e-05,{},1.3081804409718076
exponential,exp(x),12.0,20565446,1,scaled_with_l,0.6000000000000001,12288,fixed_density,4.0,1,1,1.308257283789081,1,12288,fixed_density,4.0,1,1,analytic_volume,2.4849066497880004,"{""source_dim"": 1}",-1.1766493659989194
exponential,exp(x),12.0,20565463,2,scaled_with_l,0.6000000000000001,12288,fixed_density,4.0,1,1,1.3142513162927154,2,12288,fixed_density,4.0,1,1,null,-9.742396092694701e-05,{},1.3143487402536425
exponential,exp(x),12.0,20565463,2,scaled_with_l,0.6000000000000001,12288,fixed_density,4.0,1,1,1.3142513162927154,2,12288,fixed_density,4.0,1,1,identity,1.7771175603978886,"{""projection"": [[1.0]]}",-0.4628662441051732
exponential,exp(x),12.0,20565463,2,scaled_with_l,0.6000000000000001,12288,fixed_density,4.0,1,1,1.3142513162927154,2,12288,fixed_density,4.0,1,1,gain_matched,4.421942813603816,"{""gain_matrix"": [[14.4348104059349]]}",-3.1076914973111007
exponential,exp(x),12.0,20565463,2,scaled_with_l,0.6000000000000001,12288,fixed_density,4.0,1,1,1.3142513162927154,2,12288,fixed_density,4.0,1,1,variance_matched,4.850087361934796,"{""direction"": [1.0]}",-3.535836045642081
exponential,exp(x),12.0,20565463,2,scaled_with_l,0.6000000000000001,12288,fixed_density,4.0,1,1,1.3142513162927154,2,12288,fixed_density,4.0,1,1,shuffled_target,-4.973441299791978e-05,{},1.3143010507057133
exponential,exp(x),12.0,20565463,2,scaled_with_l,0.6000000000000001,12288,fixed_density,4.0,1,1,1.3142513162927154,2,12288,fixed_density,4.0,1,1,analytic_volume,2.4849066497880004,"{""source_dim"": 1}",-1.170655333495285
exponential,exp(x),12.0,20565480,3,scaled_with_l,0.6000000000000001,12288,fixed_density,4.0,1,1,1.3040407514089967,3,12288,fixed_density,4.0,1,1,null,-9.892664052397364e-05,{},1.3041396780495207
exponential,exp(x),12.0,20565480,3,scaled_with_l,0.6000000000000001,12288,fixed_density,4.0,1,1,1.3040407514089967,3,12288,fixed_density,4.0,1,1,identity,1.7713805566160499,"{""projection"": [[1.0]]}",-0.4673398052070532
exponential,exp(x),12.0,20565480,3,scaled_with_l,0.6000000000000001,12288,fixed_density,4.0,1,1,1.3040407514089967,3,12288,fixed_density,4.0,1,1,gain_matched,4.405722204813413,"{""gain_matrix"": [[14.119984656745943]]}",-3.1016814534044164
exponential,exp(x),12.0,20565480,3,scaled_with_l,0.6000000000000001,12288,fixed_density,4.0,1,1,1.3040407514089967,3,12288,fixed_density,4.0,1,1,variance_matched,4.856544840782607,"{""direction"": [1.0]}",-3.5525040893736097
exponential,exp(x),12.0,20565480,3,scaled_with_l,0.6000000000000001,12288,fixed_density,4.0,1,1,1.3040407514089967,3,12288,fixed_density,4.0,1,1,shuffled_target,-6.472800882047828e-05,{},1.304105479417817
exponential,exp(x),12.0,20565480,3,scaled_with_l,0.6000000000000001,12288,fixed_density,4.0,1,1,1.3040407514089967,3,12288,fixed_density,4.0,1,1,analytic_volume,2.4849066497880004,"{""source_dim"": 1}",-1.1808658983790037
exponential,exp(x),12.0,20565497,4,scaled_with_l,0.6000000000000001,12288,fixed_density,4.0,1,1,1.3111561315661524,4,12288,fixed_density,4.0,1,1,null,-5.806208653540972e-05,{},1.3112141936526878
exponential,exp(x),12.0,20565497,4,scaled_with_l,0.6000000000000001,12288,fixed_density,4.0,1,1,1.3111561315661524,4,12288,fixed_density,4.0,1,1,identity,1.7742317515681505,"{""projection"": [[1.0]]}",-0.4630756200019981
exponential,exp(x),12.0,20565497,4,scaled_with_l,0.6000000000000001,12288,fixed_density,4.0,1,1,1.3111561315661524,4,12288,fixed_density,4.0,1,1,gain_matched,4.409990369022038,"{""gain_matrix"": [[14.241648078560349]]}",-3.098834237455886
exponential,exp(x),12.0,20565497,4,scaled_with_l,0.6000000000000001,12288,fixed_density,4.0,1,1,1.3111561315661524,4,12288,fixed_density,4.0,1,1,variance_matched,4.84809711178699,"{""direction"": [1.0]}",-3.5369409802208382
exponential,exp(x),12.0,20565497,4,scaled_with_l,0.6000000000000001,12288,fixed_density,4.0,1,1,1.3111561315661524,4,12288,fixed_density,4.0,1,1,shuffled_target,-5.155869420239617e-05,{},1.3112076902603549
exponential,exp(x),12.0,20565497,4,scaled_with_l,0.6000000000000001,12288,fixed_density,4.0,1,1,1.3111561315661524,4,12288,fixed_density,4.0,1,1,analytic_volume,2.4849066497880004,"{""source_dim"": 1}",-1.173750518221848
exponential,exp(x),12.0,20565514,5,scaled_with_l,0.6000000000000001,12288,fixed_density,4.0,1,1,1.2914884949990284,5,12288,fixed_density,4.0,1,1,null,-1.3816433684874579e-05,{},1.2915023114327133
exponential,exp(x),12.0,20565514,5,scaled_with_l,0.6000000000000001,12288,fixed_density,4.0,1,1,1.2914884949990284,5,12288,fixed_density,4.0,1,1,identity,1.7636536734065842,"{""projection"": [[1.0]]}",-0.4721651784075558
exponential,exp(x),12.0,20565514,5,scaled_with_l,0.6000000000000001,12288,fixed_density,4.0,1,1,1.2914884949990284,5,12288,fixed_density,4.0,1,1,gain_matched,4.366640785794957,"{""gain_matrix"": [[13.752998658262719]]}",-3.0751522907959288
exponential,exp(x),12.0,20565514,5,scaled_with_l,0.6000000000000001,12288,fixed_density,4.0,1,1,1.2914884949990284,5,12288,fixed_density,4.0,1,1,variance_matched,4.8195691100784765,"{""direction"": [1.0]}",-3.528080615079448
exponential,exp(x),12.0,20565514,5,scaled_with_l,0.6000000000000001,12288,fixed_density,4.0,1,1,1.2914884949990284,5,12288,fixed_density,4.0,1,1,shuffled_target,4.541093265198349e-05,{},1.2914430840663764
exponential,exp(x),12.0,20565514,5,scaled_with_l,0.6000000000000001,12288,fixed_density,4.0,1,1,1.2914884949990284,5,12288,fixed_density,4.0,1,1,analytic_volume,2.4849066497880004,"{""source_dim"": 1}",-1.193418154788972
exponential,exp(x),12.0,20565531,6,scaled_with_l,0.6000000000000001,12288,fixed_density,4.0,1,1,1.3127446539242804,6,12288,fixed_density,4.0,1,1,null,-2.4768981283932746e-05,{},1.3127694229055644
exponential,exp(x),12.0,20565531,6,scaled_with_l,0.6000000000000001,12288,fixed_density,4.0,1,1,1.3127446539242804,6,12288,fixed_density,4.0,1,1,identity,1.7622070420597877,"{""projection"": [[1.0]]}",-0.4494623881355073
exponential,exp(x),12.0,20565531,6,scaled_with_l,0.6000000000000001,12288,fixed_density,4.0,1,1,1.3127446539242804,6,12288,fixed_density,4.0,1,1,gain_matched,4.412948358565191,"{""gain_matrix"": [[14.34499972738409]]}",-3.1002037046409106
exponential,exp(x),12.0,20565531,6,scaled_with_l,0.6000000000000001,12288,fixed_density,4.0,1,1,1.3127446539242804,6,12288,fixed_density,4.0,1,1,variance_matched,4.855687303314149,"{""direction"": [1.0]}",-3.542942649389869
exponential,exp(x),12.0,20565531,6,scaled_with_l,0.6000000000000001,12288,fixed_density,4.0,1,1,1.3127446539242804,6,12288,fixed_density,4.0,1,1,shuffled_target,-0.00010584090775436429,{},1.3128504948320348
exponential,exp(x),12.0,20565531,6,scaled_with_l,0.6000000000000001,12288,fixed_density,4.0,1,1,1.3127446539242804,6,12288,fixed_density,4.0,1,1,analytic_volume,2.4849066497880004,"{""source_dim"": 1}",-1.17216199586372
exponential,exp(x),12.0,20565548,7,scaled_with_l,0.6000000000000001,12288,fixed_density,4.0,1,1,1.2934034453923762,7,12288,fixed_density,4.0,1,1,null,-6.137963135813841e-05,{},1.2934648250237344
exponential,exp(x),12.0,20565548,7,scaled_with_l,0.6000000000000001,12288,fixed_density,4.0,1,1,1.2934034453923762,7,12288,fixed_density,4.0,1,1,identity,1.762476889880279,"{""projection"": [[1.0]]}",-0.4690734444879028
exponential,exp(x),12.0,20565548,7,scaled_with_l,0.6000000000000001,12288,fixed_density,4.0,1,1,1.2934034453923762,7,12288,fixed_density,4.0,1,1,gain_matched,4.3835837521744265,"{""gain_matrix"": [[13.950237400234954]]}",-3.0901803067820506
exponential,exp(x),12.0,20565548,7,scaled_with_l,0.6000000000000001,12288,fixed_density,4.0,1,1,1.2934034453923762,7,12288,fixed_density,4.0,1,1,variance_matched,4.824983739131297,"{""direction"": [1.0]}",-3.531580293738921
exponential,exp(x),12.0,20565548,7,scaled_with_l,0.6000000000000001,12288,fixed_density,4.0,1,1,1.2934034453923762,7,12288,fixed_density,4.0,1,1,shuffled_target,-0.00010883147235361404,{},1.2935122768647298
exponential,exp(x),12.0,20565548,7,scaled_with_l,0.6000000000000001,12288,fixed_density,4.0,1,1,1.2934034453923762,7,12288,fixed_density,4.0,1,1,analytic_volume,2.4849066497880004,"{""source_dim"": 1}",-1.1915032043956242
exponential,exp(x),12.0,20565565,8,scaled_with_l,0.6000000000000001,12288,fixed_density,4.0,1,1,1.2915734934476906,8,12288,fixed_density,4.0,1,1,null,5.772945039120382e-05,{},1.2915157639972994
exponential,exp(x),12.0,20565565,8,scaled_with_l,0.6000000000000001,12288,fixed_density,4.0,1,1,1.2915734934476906,8,12288,fixed_density,4.0,1,1,identity,1.779490828251678,"{""projection"": [[1.0]]}",-0.48791733480398736
exponential,exp(x),12.0,20565565,8,scaled_with_l,0.6000000000000001,12288,fixed_density,4.0,1,1,1.2915734934476906,8,12288,fixed_density,4.0,1,1,gain_matched,4.382712685221113,"{""gain_matrix"": [[13.88405062261831]]}",-3.091139191773423
exponential,exp(x),12.0,20565565,8,scaled_with_l,0.6000000000000001,12288,fixed_density,4.0,1,1,1.2915734934476906,8,12288,fixed_density,4.0,1,1,variance_matched,4.829386310898378,"{""direction"": [1.0]}",-3.5378128174506873
exponential,exp(x),12.0,20565565,8,scaled_with_l,0.6000000000000001,12288,fixed_density,4.0,1,1,1.2915734934476906,8,12288,fixed_density,4.0,1,1,shuffled_target,-0.00011118845568496066,{},1.2916846819033756
exponential,exp(x),12.0,20565565,8,scaled_with_l,0.6000000000000001,12288,fixed_density,4.0,1,1,1.2915734934476906,8,12288,fixed_density,4.0,1,1,analytic_volume,2.4849066497880004,"{""source_dim"": 1}",-1.1933331563403098
exponential,exp(x),12.0,20565582,9,scaled_with_l,0.6000000000000001,12288,fixed_density,4.0,1,1,1.2931638560003773,9,12288,fixed_density,4.0,1,1,null,-6.066941303673707e-05,{},1.293224525413414
exponential,exp(x),12.0,20565582,9,scaled_with_l,0.6000000000000001,12288,fixed_density,4.0,1,1,1.2931638560003773,9,12288,fixed_density,4.0,1,1,identity,1.7731216749403245,"{""projection"": [[1.0]]}",-0.47995781893994716
exponential,exp(x),12.0,20565582,9,scaled_with_l,0.6000000000000001,12288,fixed_density,4.0,1,1,1.2931638560003773,9,12288,fixed_density,4.0,1,1,gain_matched,4.383380158455043,"{""gain_matrix"": [[13.84730756355327]]}",-3.0902163024546656
exponential,exp(x),12.0,20565582,9,scaled_with_l,0.6000000000000001,12288,fixed_density,4.0,1,1,1.2931638560003773,9,12288,fixed_density,4.0,1,1,variance_matched,4.817829959489006,"{""direction"": [1.0]}",-3.524666103488629
exponential,exp(x),12.0,20565582,9,scaled_with_l,0.6000000000000001,12288,fixed_density,4.0,1,1,1.2931638560003773,9,12288,fixed_density,4.0,1,1,shuffled_target,0.00011433020737369353,{},1.2930495257930037
exponential,exp(x),12.0,20565582,9,scaled_with_l,0.6000000000000001,12288,fixed_density,4.0,1,1,1.2931638560003773,9,12288,fixed_density,4.0,1,1,analytic_volume,2.4849066497880004,"{""source_dim"": 1}",-1.191742793787623
exponential,exp(x),16.0,20566429,0,scaled_with_l,0.8,16384,fixed_density,4.0,1,1,0.9815471624684315,0,16384,fixed_density,4.0,1,1,null,3.9040522457253905e-05,{},0.9815081219459743
exponential,exp(x),16.0,20566429,0,scaled_with_l,0.8,16384,fixed_density,4.0,1,1,0.9815471624684315,0,16384,fixed_density,4.0,1,1,identity,1.7690962915146118,"{""projection"": [[1.0]]}",-0.7875491290461802
exponential,exp(x),16.0,20566429,0,scaled_with_l,0.8,16384,fixed_density,4.0,1,1,0.9815471624684315,0,16384,fixed_density,4.0,1,1,gain_matched,5.8822749848881655,"{""gain_matrix"": [[62.12825470736742]]}",-4.900727822419734
exponential,exp(x),16.0,20566429,0,scaled_with_l,0.8,16384,fixed_density,4.0,1,1,0.9815471624684315,0,16384,fixed_density,4.0,1,1,variance_matched,6.450245864079718,"{""direction"": [1.0]}",-5.468698701611286
exponential,exp(x),16.0,20566429,0,scaled_with_l,0.8,16384,fixed_density,4.0,1,1,0.9815471624684315,0,16384,fixed_density,4.0,1,1,shuffled_target,-1.2265435767803696e-05,{},0.9815594279041994
exponential,exp(x),16.0,20566429,0,scaled_with_l,0.8,16384,fixed_density,4.0,1,1,0.9815471624684315,0,16384,fixed_density,4.0,1,1,analytic_volume,2.772588722239781,"{""source_dim"": 1}",-1.7910415597713496
exponential,exp(x),16.0,20566446,1,scaled_with_l,0.8,16384,fixed_density,4.0,1,1,0.978454170714542,1,16384,fixed_density,4.0,1,1,null,3.4922293540783906e-05,{},0.9784192484210013
exponential,exp(x),16.0,20566446,1,scaled_with_l,0.8,16384,fixed_density,4.0,1,1,0.978454170714542,1,16384,fixed_density,4.0,1,1,identity,1.7772617427001522,"{""projection"": [[1.0]]}",-0.7988075719856103
exponential,exp(x),16.0,20566446,1,scaled_with_l,0.8,16384,fixed_density,4.0,1,1,0.978454170714542,1,16384,fixed_density,4.0,1,1,gain_matched,5.875622538408382,"{""gain_matrix"": [[61.581302202459355]]}",-4.89716836769384
exponential,exp(x),16.0,20566446,1,scaled_with_l,0.8,16384,fixed_density,4.0,1,1,0.978454170714542,1,16384,fixed_density,4.0,1,1,variance_matched,6.428147208391831,"{""direction"": [1.0]}",-5.449693037677289
exponential,exp(x),16.0,20566446,1,scaled_with_l,0.8,16384,fixed_density,4.0,1,1,0.978454170714542,1,16384,fixed_density,4.0,1,1,shuffled_target,8.145274383981985e-05,{},0.9783727179707021
exponential,exp(x),16.0,20566446,1,scaled_with_l,0.8,16384,fixed_density,4.0,1,1,0.978454170714542,1,16384,fixed_density,4.0,1,1,analytic_volume,2.772588722239781,"{""source_dim"": 1}",-1.7941345515252392
exponential,exp(x),16.0,20566463,2,scaled_with_l,0.8,16384,fixed_density,4.0,1,1,0.9715049317425432,2,16384,fixed_density,4.0,1,1,null,1.0239263041408873e-05,{},0.9714946924795017
exponential,exp(x),16.0,20566463,2,scaled_with_l,0.8,16384,fixed_density,4.0,1,1,0.9715049317425432,2,16384,fixed_density,4.0,1,1,identity,1.7543516403469814,"{""projection"": [[1.0]]}",-0.7828467086044383
exponential,exp(x),16.0,20566463,2,scaled_with_l,0.8,16384,fixed_density,4.0,1,1,0.9715049317425432,2,16384,fixed_density,4.0,1,1,gain_matched,5.846144918270127,"{""gain_matrix"": [[60.24335857923212]]}",-4.874639986527584
exponential,exp(x),16.0,20566463,2,scaled_with_l,0.8,16384,fixed_density,4.0,1,1,0.9715049317425432,2,16384,fixed_density,4.0,1,1,variance_matched,6.416570387692715,"{""direction"": [1.0]}",-5.445065455950172
exponential,exp(x),16.0,20566463,2,scaled_with_l,0.8,16384,fixed_density,4.0,1,1,0.9715049317425432,2,16384,fixed_density,4.0,1,1,shuffled_target,6.0034229147739996e-05,{},0.9714448975133955
exponential,exp(x),16.0,20566463,2,scaled_with_l,0.8,16384,fixed_density,4.0,1,1,0.9715049317425432,2,16384,fixed_density,4.0,1,1,analytic_volume,2.772588722239781,"{""source_dim"": 1}",-1.801083790497238
exponential,exp(x),16.0,20566480,3,scaled_with_l,0.8,16384,fixed_density,4.0,1,1,0.9792554553219619,3,16384,fixed_density,4.0,1,1,null,-5.660615376318616e-05,{},0.9793120614757251
exponential,exp(x),16.0,20566480,3,scaled_with_l,0.8,16384,fixed_density,4.0,1,1,0.9792554553219619,3,16384,fixed_density,4.0,1,1,identity,1.769412125597224,"{""projection"": [[1.0]]}",-0.790156670275262
exponential,exp(x),16.0,20566480,3,scaled_with_l,0.8,16384,fixed_density,4.0,1,1,0.9792554553219619,3,16384,fixed_density,4.0,1,1,gain_matched,5.886331715519802,"{""gain_matrix"": [[62.1677382362006]]}",-4.90707626019784
exponential,exp(x),16.0,20566480,3,scaled_with_l,0.8,16384,fixed_density,4.0,1,1,0.9792554553219619,3,16384,fixed_density,4.0,1,1,variance_matched,6.445597835611345,"{""direction"": [1.0]}",-5.466342380289383
exponential,exp(x),16.0,20566480,3,scaled_with_l,0.8,16384,fixed_density,4.0,1,1,0.9792554553219619,3,16384,fixed_density,4.0,1,1,shuffled_target,0.00017787630203008707,{},0.9790775790199319
exponential,exp(x),16.0,20566480,3,scaled_with_l,0.8,16384,fixed_density,4.0,1,1,0.9792554553219619,3,16384,fixed_density,4.0,1,1,analytic_volume,2.772588722239781,"{""source_dim"": 1}",-1.7933332669178192
exponential,exp(x),16.0,20566497,4,scaled_with_l,0.8,16384,fixed_density,4.0,1,1,0.9790151332860009,4,16384,fixed_density,4.0,1,1,null,-4.430061882169002e-06,{},0.9790195633478831
exponential,exp(x),16.0,20566497,4,scaled_with_l,0.8,16384,fixed_density,4.0,1,1,0.9790151332860009,4,16384,fixed_density,4.0,1,1,identity,1.7700466828694899,"{""projection"": [[1.0]]}",-0.791031549583489
exponential,exp(x),16.0,20566497,4,scaled_with_l,0.8,16384,fixed_density,4.0,1,1,0.9790151332860009,4,16384,fixed_density,4.0,1,1,gain_matched,5.8487381871855195,"{""gain_matrix"": [[60.198203595432126]]}",-4.869723053899518
exponential,exp(x),16.0,20566497,4,scaled_with_l,0.8,16384,fixed_density,4.0,1,1,0.9790151332860009,4,16384,fixed_density,4.0,1,1,variance_matched,6.404445241285554,"{""direction"": [1.0]}",-5.425430107999553
exponential,exp(x),16.0,20566497,4,scaled_with_l,0.8,16384,fixed_density,4.0,1,1,0.9790151332860009,4,16384,fixed_density,4.0,1,1,shuffled_target,-5.102416386033724e-05,{},0.9790661574498613
exponential,exp(x),16.0,20566497,4,scaled_with_l,0.8,16384,fixed_density,4.0,1,1,0.9790151332860009,4,16384,fixed_density,4.0,1,1,analytic_volume,2.772588722239781,"{""source_dim"": 1}",-1.7935735889537803
exponential,exp(x),16.0,20566514,5,scaled_with_l,0.8,16384,fixed_density,4.0,1,1,0.96932320066851,5,16384,fixed_density,4.0,1,1,null,-1.3930086297048321e-06,{},0.9693245936771396
exponential,exp(x),16.0,20566514,5,scaled_with_l,0.8,16384,fixed_density,4.0,1,1,0.96932320066851,5,16384,fixed_density,4.0,1,1,identity,1.758050891355632,"{""projection"": [[1.0]]}",-0.7887276906871221
exponential,exp(x),16.0,20566514,5,scaled_with_l,0.8,16384,fixed_density,4.0,1,1,0.96932320066851,5,16384,fixed_density,4.0,1,1,gain_matched,5.844867293350013,"{""gain_matrix"": [[60.31090807820839]]}",-4.875544092681503
exponential,exp(x),16.0,20566514,5,scaled_with_l,0.8,16384,fixed_density,4.0,1,1,0.96932320066851,5,16384,fixed_density,4.0,1,1,variance_matched,6.417089976725483,"{""direction"": [1.0]}",-5.447766776056973
exponential,exp(x),16.0,20566514,5,scaled_with_l,0.8,16384,fixed_density,4.0,1,1,0.96932320066851,5,16384,fixed_density,4.0,1,1,shuffled_target,-7.923571564597568e-05,{},0.9694024363841559
exponential,exp(x),16.0,20566514,5,scaled_with_l,0.8,16384,fixed_density,4.0,1,1,0.96932320066851,5,16384,fixed_density,4.0,1,1,analytic_volume,2.772588722239781,"{""source_dim"": 1}",-1.8032655215712712
exponential,exp(x),16.0,20566531,6,scaled_with_l,0.8,16384,fixed_density,4.0,1,1,0.9859455672514189,6,16384,fixed_density,4.0,1,1,null,-2.20932609852121e-05,{},0.9859676605124041
exponential,exp(x),16.0,20566531,6,scaled_with_l,0.8,16384,fixed_density,4.0,1,1,0.9859455672514189,6,16384,fixed_density,4.0,1,1,identity,1.767631791302762,"{""projection"": [[1.0]]}",-0.781686224051343
exponential,exp(x),16.0,20566531,6,scaled_with_l,0.8,16384,fixed_density,4.0,1,1,0.9859455672514189,6,16384,fixed_density,4.0,1,1,gain_matched,5.8814515712255515,"{""gain_matrix"": [[62.070033453550394]]}",-4.895506003974132
exponential,exp(x),16.0,20566531,6,scaled_with_l,0.8,16384,fixed_density,4.0,1,1,0.9859455672514189,6,16384,fixed_density,4.0,1,1,variance_matched,6.429794260700035,"{""direction"": [1.0]}",-5.443848693448616
exponential,exp(x),16.0,20566531,6,scaled_with_l,0.8,16384,fixed_density,4.0,1,1,0.9859455672514189,6,16384,fixed_density,4.0,1,1,shuffled_target,-7.435663424478346e-05,{},0.9860199238856637
exponential,exp(x),16.0,20566531,6,scaled_with_l,0.8,16384,fixed_density,4.0,1,1,0.9859455672514189,6,16384,fixed_density,4.0,1,1,analytic_volume,2.772588722239781,"{""source_dim"": 1}",-1.7866431549883623
exponential,exp(x),16.0,20566548,7,scaled_with_l,0.8,16384,fixed_density,4.0,1,1,0.9802676136180772,7,16384,fixed_density,4.0,1,1,null,-5.7139789333488175e-05,{},0.9803247534074108
exponential,exp(x),16.0,20566548,7,scaled_with_l,0.8,16384,fixed_density,4.0,1,1,0.9802676136180772,7,16384,fixed_density,4.0,1,1,identity,1.77203546928918,"{""projection"": [[1.0]]}",-0.7917678556711027
exponential,exp(x),16.0,20566548,7,scaled_with_l,0.8,16384,fixed_density,4.0,1,1,0.9802676136180772,7,16384,fixed_density,4.0,1,1,gain_matched,5.869465147780145,"{""gain_matrix"": [[61.24261148358949]]}",-4.889197534162069
exponential,exp(x),16.0,20566548,7,scaled_with_l,0.8,16384,fixed_density,4.0,1,1,0.9802676136180772,7,16384,fixed_density,4.0,1,1,variance_matched,6.440023707420768,"{""direction"": [1.0]}",-5.459756093802691
exponential,exp(x),16.0,20566548,7,scaled_with_l,0.8,16384,fixed_density,4.0,1,1,0.9802676136180772,7,16384,fixed_density,4.0,1,1,shuffled_target,5.67356627875922e-05,{},0.9802108779552896
exponential,exp(x),16.0,20566548,7,scaled_with_l,0.8,16384,fixed_density,4.0,1,1,0.9802676136180772,7,16384,fixed_density,4.0,1,1,analytic_volume,2.772588722239781,"{""source_dim"": 1}",-1.792321108621704
exponential,exp(x),16.0,20566565,8,scaled_with_l,0.8,16384,fixed_density,4.0,1,1,0.9740613191431297,8,16384,fixed_density,4.0,1,1,null,-4.3845169076289906e-05,{},0.974105164312206
exponential,exp(x),16.0,20566565,8,scaled_with_l,0.8,16384,fixed_density,4.0,1,1,0.9740613191431297,8,16384,fixed_density,4.0,1,1,identity,1.7737586273723045,"{""projection"": [[1.0]]}",-0.7996973082291748
exponential,exp(x),16.0,20566565,8,scaled_with_l,0.8,16384,fixed_density,4.0,1,1,0.9740613191431297,8,16384,fixed_density,4.0,1,1,gain_matched,5.863615513032883,"{""gain_matrix"": [[60.7141687039373]]}",-4.8895541938897535
exponential,exp(x),16.0,20566565,8,scaled_with_l,0.8,16384,fixed_density,4.0,1,1,0.9740613191431297,8,16384,fixed_density,4.0,1,1,variance_matched,6.414676053941258,"{""direction"": [1.0]}",-5.440614734798128
exponential,exp(x),16.0,20566565,8,scaled_with_l,0.8,16384,fixed_density,4.0,1,1,0.9740613191431297,8,16384,fixed_density,4.0,1,1,shuffled_target,-3.89395166306541e-05,{},0.9741002586597604
exponential,exp(x),16.0,20566565,8,scaled_with_l,0.8,16384,fixed_density,4.0,1,1,0.9740613191431297,8,16384,fixed_density,4.0,1,1,analytic_volume,2.772588722239781,"{""source_dim"": 1}",-1.7985274030966516
exponential,exp(x),16.0,20566582,9,scaled_with_l,0.8,16384,fixed_density,4.0,1,1,0.9781663610525466,9,16384,fixed_density,4.0,1,1,null,-7.934613471676454e-05,{},0.9782457071872633
exponential,exp(x),16.0,20566582,9,scaled_with_l,0.8,16384,fixed_density,4.0,1,1,0.9781663610525466,9,16384,fixed_density,4.0,1,1,identity,1.7618429123420407,"{""projection"": [[1.0]]}",-0.7836765512894941
exponential,exp(x),16.0,20566582,9,scaled_with_l,0.8,16384,fixed_density,4.0,1,1,0.9781663610525466,9,16384,fixed_density,4.0,1,1,gain_matched,5.909832216320314,"{""gain_matrix"": [[63.07197688262978]]}",-4.9316658552677675
exponential,exp(x),16.0,20566582,9,scaled_with_l,0.8,16384,fixed_density,4.0,1,1,0.9781663610525466,9,16384,fixed_density,4.0,1,1,variance_matched,6.454353775947293,"{""direction"": [1.0]}",-5.4761874148947465
exponential,exp(x),16.0,20566582,9,scaled_with_l,0.8,16384,fixed_density,4.0,1,1,0.9781663610525466,9,16384,fixed_density,4.0,1,1,shuffled_target,-3.053696868942951e-05,{},0.978196898021236
exponential,exp(x),16.0,20566582,9,scaled_with_l,0.8,16384,fixed_density,4.0,1,1,0.9781663610525466,9,16384,fixed_density,4.0,1,1,analytic_volume,2.772588722239781,"{""source_dim"": 1}",-1.7944223611872345
