dynamics,label,L,seed,repeat,noise_mode,noise_std,n_samples,sample_count_mode,reference_l,source_dim,target_dim,baseline,baseline_ei_tm,baseline_metadata
identity,identity,0.5,20260429,0,fixed,0.05,512,fixed_density,4.0,1,1,null,0.001298510542483949,{}
identity,identity,0.5,20260429,0,fixed,0.05,512,fixed_density,4.0,1,1,identity,1.1600977467274416,"{""projection"": [[1.0]]}"
identity,identity,0.5,20260429,0,fixed,0.05,512,fixed_density,4.0,1,1,gain_matched,1.1358508930285036,"{""gain_matrix"": [[0.9999999999999994]]}"
identity,identity,0.5,20260429,0,fixed,0.05,512,fixed_density,4.0,1,1,variance_matched,1.1229848688855864,"{""direction"": [1.0]}"
identity,identity,0.5,20260429,0,fixed,0.05,512,fixed_density,4.0,1,1,shuffled_target,0.001938056786257304,{}
identity,identity,0.5,20260429,0,fixed,0.05,512,fixed_density,4.0,1,1,analytic_volume,-0.6931471805599453,"{""source_dim"": 1}"
identity,identity,0.5,20260446,1,fixed,0.05,512,fixed_density,4.0,1,1,null,-0.0007886591294281719,{}
identity,identity,0.5,20260446,1,fixed,0.05,512,fixed_density,4.0,1,1,identity,1.1227145975945996,"{""projection"": [[1.0]]}"
identity,identity,0.5,20260446,1,fixed,0.05,512,fixed_density,4.0,1,1,gain_matched,1.1606077009494493,"{""gain_matrix"": [[1.0000000000000013]]}"
identity,identity,0.5,20260446,1,fixed,0.05,512,fixed_density,4.0,1,1,variance_matched,1.131169455056023,"{""direction"": [1.0]}"
identity,identity,0.5,20260446,1,fixed,0.05,512,fixed_density,4.0,1,1,shuffled_target,-0.0020377231155526343,{}
identity,identity,0.5,20260446,1,fixed,0.05,512,fixed_density,4.0,1,1,analytic_volume,-0.6931471805599453,"{""source_dim"": 1}"
identity,identity,0.5,20260463,2,fixed,0.05,512,fixed_density,4.0,1,1,null,-0.0005463669984826069,{}
identity,identity,0.5,20260463,2,fixed,0.05,512,fixed_density,4.0,1,1,identity,1.1143247771708737,"{""projection"": [[1.0]]}"
identity,identity,0.5,20260463,2,fixed,0.05,512,fixed_density,4.0,1,1,gain_matched,1.1105681030067536,"{""gain_matrix"": [[1.0000000000000016]]}"
identity,identity,0.5,20260463,2,fixed,0.05,512,fixed_density,4.0,1,1,variance_matched,1.1616496003024315,"{""direction"": [1.0]}"
identity,identity,0.5,20260463,2,fixed,0.05,512,fixed_density,4.0,1,1,shuffled_target,-0.0010945606151912992,{}
identity,identity,0.5,20260463,2,fixed,0.05,512,fixed_density,4.0,1,1,analytic_volume,-0.6931471805599453,"{""source_dim"": 1}"
identity,identity,0.5,20260480,3,fixed,0.05,512,fixed_density,4.0,1,1,null,-0.00032589869742232977,{}
identity,identity,0.5,20260480,3,fixed,0.05,512,fixed_density,4.0,1,1,identity,1.0293798587765886,"{""projection"": [[1.0]]}"
identity,identity,0.5,20260480,3,fixed,0.05,512,fixed_density,4.0,1,1,gain_matched,1.1105918922157045,"{""gain_matrix"": [[1.0000000000000002]]}"
identity,identity,0.5,20260480,3,fixed,0.05,512,fixed_density,4.0,1,1,variance_matched,1.0846375801333745,"{""direction"": [1.0]}"
identity,identity,0.5,20260480,3,fixed,0.05,512,fixed_density,4.0,1,1,shuffled_target,0.004722604138659255,{}
identity,identity,0.5,20260480,3,fixed,0.05,512,fixed_density,4.0,1,1,analytic_volume,-0.6931471805599453,"{""source_dim"": 1}"
identity,identity,0.5,20260497,4,fixed,0.05,512,fixed_density,4.0,1,1,null,-0.0008385448286026263,{}
identity,identity,0.5,20260497,4,fixed,0.05,512,fixed_density,4.0,1,1,identity,1.1551929597256971,"{""projection"": [[1.0]]}"
identity,identity,0.5,20260497,4,fixed,0.05,512,fixed_density,4.0,1,1,gain_matched,1.12615574816345,"{""gain_matrix"": [[0.9999999999999998]]}"
identity,identity,0.5,20260497,4,fixed,0.05,512,fixed_density,4.0,1,1,variance_matched,1.1129927664382389,"{""direction"": [1.0]}"
identity,identity,0.5,20260497,4,fixed,0.05,512,fixed_density,4.0,1,1,shuffled_target,0.0018130837109022841,{}
identity,identity,0.5,20260497,4,fixed,0.05,512,fixed_density,4.0,1,1,analytic_volume,-0.6931471805599453,"{""source_dim"": 1}"
identity,identity,0.5,20260514,5,fixed,0.05,512,fixed_density,4.0,1,1,null,0.00042151538875537155,{}
identity,identity,0.5,20260514,5,fixed,0.05,512,fixed_density,4.0,1,1,identity,1.062492949542357,"{""projection"": [[1.0]]}"
identity,identity,0.5,20260514,5,fixed,0.05,512,fixed_density,4.0,1,1,gain_matched,1.1195690922774735,"{""gain_matrix"": [[1.0000000000000007]]}"
identity,identity,0.5,20260514,5,fixed,0.05,512,fixed_density,4.0,1,1,variance_matched,1.0760126577628273,"{""direction"": [1.0]}"
identity,identity,0.5,20260514,5,fixed,0.05,512,fixed_density,4.0,1,1,shuffled_target,-0.0005602617589301666,{}
identity,identity,0.5,20260514,5,fixed,0.05,512,fixed_density,4.0,1,1,analytic_volume,-0.6931471805599453,"{""source_dim"": 1}"
identity,identity,0.5,20260531,6,fixed,0.05,512,fixed_density,4.0,1,1,null,0.0009285436443129819,{}
identity,identity,0.5,20260531,6,fixed,0.05,512,fixed_density,4.0,1,1,identity,1.1656090469917957,"{""projection"": [[1.0]]}"
identity,identity,0.5,20260531,6,fixed,0.05,512,fixed_density,4.0,1,1,gain_matched,1.12793418398266,"{""gain_matrix"": [[1.0000000000000007]]}"
identity,identity,0.5,20260531,6,fixed,0.05,512,fixed_density,4.0,1,1,variance_matched,1.0994490137259973,"{""direction"": [1.0]}"
identity,identity,0.5,20260531,6,fixed,0.05,512,fixed_density,4.0,1,1,shuffled_target,-0.0020545612876094084,{}
identity,identity,0.5,20260531,6,fixed,0.05,512,fixed_density,4.0,1,1,analytic_volume,-0.6931471805599453,"{""source_dim"": 1}"
identity,identity,0.5,20260548,7,fixed,0.05,512,fixed_density,4.0,1,1,null,-0.0007263528503020024,{}
identity,identity,0.5,20260548,7,fixed,0.05,512,fixed_density,4.0,1,1,identity,1.0950788517038703,"{""projection"": [[1.0]]}"
identity,identity,0.5,20260548,7,fixed,0.05,512,fixed_density,4.0,1,1,gain_matched,1.1522160518451967,"{""gain_matrix"": [[1.0000000000000002]]}"
identity,identity,0.5,20260548,7,fixed,0.05,512,fixed_density,4.0,1,1,variance_matched,1.1111889029633277,"{""direction"": [1.0]}"
identity,identity,0.5,20260548,7,fixed,0.05,512,fixed_density,4.0,1,1,shuffled_target,0.0031817657444829658,{}
identity,identity,0.5,20260548,7,fixed,0.05,512,fixed_density,4.0,1,1,analytic_volume,-0.6931471805599453,"{""source_dim"": 1}"
identity,identity,0.5,20260565,8,fixed,0.05,512,fixed_density,4.0,1,1,null,-0.0026123325525405122,{}
identity,identity,0.5,20260565,8,fixed,0.05,512,fixed_density,4.0,1,1,identity,1.0697387672024896,"{""projection"": [[1.0]]}"
identity,identity,0.5,20260565,8,fixed,0.05,512,fixed_density,4.0,1,1,gain_matched,1.1142744846943744,"{""gain_matrix"": [[0.9999999999999993]]}"
identity,identity,0.5,20260565,8,fixed,0.05,512,fixed_density,4.0,1,1,variance_matched,1.149550775512234,"{""direction"": [1.0]}"
identity,identity,0.5,20260565,8,fixed,0.05,512,fixed_density,4.0,1,1,shuffled_target,-0.002150708845447654,{}
identity,identity,0.5,20260565,8,fixed,0.05,512,fixed_density,4.0,1,1,analytic_volume,-0.6931471805599453,"{""source_dim"": 1}"
identity,identity,0.5,20260582,9,fixed,0.05,512,fixed_density,4.0,1,1,null,-0.0028527092845452647,{}
identity,identity,0.5,20260582,9,fixed,0.05,512,fixed_density,4.0,1,1,identity,1.0800149830431454,"{""projection"": [[1.0]]}"
identity,identity,0.5,20260582,9,fixed,0.05,512,fixed_density,4.0,1,1,gain_matched,1.130206577869651,"{""gain_matrix"": [[1.0000000000000009]]}"
identity,identity,0.5,20260582,9,fixed,0.05,512,fixed_density,4.0,1,1,variance_matched,1.145680870576315,"{""direction"": [1.0]}"
identity,identity,0.5,20260582,9,fixed,0.05,512,fixed_density,4.0,1,1,shuffled_target,0.0028863258758611435,{}
identity,identity,0.5,20260582,9,fixed,0.05,512,fixed_density,4.0,1,1,analytic_volume,-0.6931471805599453,"{""source_dim"": 1}"
identity,identity,1.0,20261429,0,fixed,0.05,1024,fixed_density,4.0,1,1,null,0.0021402358009857915,{}
identity,identity,1.0,20261429,0,fixed,0.05,1024,fixed_density,4.0,1,1,identity,1.7639106516984857,"{""projection"": [[1.0]]}"
identity,identity,1.0,20261429,0,fixed,0.05,1024,fixed_density,4.0,1,1,gain_matched,1.7695389684151857,"{""gain_matrix"": [[0.9999999999999999]]}"
identity,identity,1.0,20261429,0,fixed,0.05,1024,fixed_density,4.0,1,1,variance_matched,1.7527614055137128,"{""direction"": [1.0]}"
identity,identity,1.0,20261429,0,fixed,0.05,1024,fixed_density,4.0,1,1,shuffled_target,0.0010379724180156374,{}
identity,identity,1.0,20261429,0,fixed,0.05,1024,fixed_density,4.0,1,1,analytic_volume,0.0,"{""source_dim"": 1}"
identity,identity,1.0,20261446,1,fixed,0.05,1024,fixed_density,4.0,1,1,null,0.0005945480794564127,{}
identity,identity,1.0,20261446,1,fixed,0.05,1024,fixed_density,4.0,1,1,identity,1.7930947565545852,"{""projection"": [[1.0]]}"
identity,identity,1.0,20261446,1,fixed,0.05,1024,fixed_density,4.0,1,1,gain_matched,1.7592391081728274,"{""gain_matrix"": [[1.000000000000002]]}"
identity,identity,1.0,20261446,1,fixed,0.05,1024,fixed_density,4.0,1,1,variance_matched,1.778342072657772,"{""direction"": [1.0]}"
identity,identity,1.0,20261446,1,fixed,0.05,1024,fixed_density,4.0,1,1,shuffled_target,-0.001279323660500029,{}
identity,identity,1.0,20261446,1,fixed,0.05,1024,fixed_density,4.0,1,1,analytic_volume,0.0,"{""source_dim"": 1}"
identity,identity,1.0,20261463,2,fixed,0.05,1024,fixed_density,4.0,1,1,null,-0.0013640470231256246,{}
identity,identity,1.0,20261463,2,fixed,0.05,1024,fixed_density,4.0,1,1,identity,1.7788595774556002,"{""projection"": [[1.0]]}"
identity,identity,1.0,20261463,2,fixed,0.05,1024,fixed_density,4.0,1,1,gain_matched,1.7508203774566182,"{""gain_matrix"": [[0.9999999999999984]]}"
identity,identity,1.0,20261463,2,fixed,0.05,1024,fixed_density,4.0,1,1,variance_matched,1.7477585694786644,"{""direction"": [1.0]}"
identity,identity,1.0,20261463,2,fixed,0.05,1024,fixed_density,4.0,1,1,shuffled_target,0.000623691133633766,{}
identity,identity,1.0,20261463,2,fixed,0.05,1024,fixed_density,4.0,1,1,analytic_volume,0.0,"{""source_dim"": 1}"
identity,identity,1.0,20261480,3,fixed,0.05,1024,fixed_density,4.0,1,1,null,0.004143700184758955,{}
identity,identity,1.0,20261480,3,fixed,0.05,1024,fixed_density,4.0,1,1,identity,1.8191250988502172,"{""projection"": [[1.0]]}"
identity,identity,1.0,20261480,3,fixed,0.05,1024,fixed_density,4.0,1,1,gain_matched,1.8053412948432643,"{""gain_matrix"": [[1.0000000000000016]]}"
identity,identity,1.0,20261480,3,fixed,0.05,1024,fixed_density,4.0,1,1,variance_matched,1.7615839085320362,"{""direction"": [1.0]}"
identity,identity,1.0,20261480,3,fixed,0.05,1024,fixed_density,4.0,1,1,shuffled_target,-0.001342971023941956,{}
identity,identity,1.0,20261480,3,fixed,0.05,1024,fixed_density,4.0,1,1,analytic_volume,0.0,"{""source_dim"": 1}"
identity,identity,1.0,20261497,4,fixed,0.05,1024,fixed_density,4.0,1,1,null,-0.00022706374942020602,{}
identity,identity,1.0,20261497,4,fixed,0.05,1024,fixed_density,4.0,1,1,identity,1.7471514749658028,"{""projection"": [[1.0]]}"
identity,identity,1.0,20261497,4,fixed,0.05,1024,fixed_density,4.0,1,1,gain_matched,1.7569801571867267,"{""gain_matrix"": [[0.9999999999999997]]}"
identity,identity,1.0,20261497,4,fixed,0.05,1024,fixed_density,4.0,1,1,variance_matched,1.7543974747499966,"{""direction"": [1.0]}"
identity,identity,1.0,20261497,4,fixed,0.05,1024,fixed_density,4.0,1,1,shuffled_target,0.0028625592122471983,{}
identity,identity,1.0,20261497,4,fixed,0.05,1024,fixed_density,4.0,1,1,analytic_volume,0.0,"{""source_dim"": 1}"
identity,identity,1.0,20261514,5,fixed,0.05,1024,fixed_density,4.0,1,1,null,-0.0012608923307084153,{}
identity,identity,1.0,20261514,5,fixed,0.05,1024,fixed_density,4.0,1,1,identity,1.7270014345864142,"{""projection"": [[1.0]]}"
identity,identity,1.0,20261514,5,fixed,0.05,1024,fixed_density,4.0,1,1,gain_matched,1.8022617994584493,"{""gain_matrix"": [[1.0]]}"
identity,identity,1.0,20261514,5,fixed,0.05,1024,fixed_density,4.0,1,1,variance_matched,1.7717352966040183,"{""direction"": [1.0]}"
identity,identity,1.0,20261514,5,fixed,0.05,1024,fixed_density,4.0,1,1,shuffled_target,-0.0010943920541597414,{}
identity,identity,1.0,20261514,5,fixed,0.05,1024,fixed_density,4.0,1,1,analytic_volume,0.0,"{""source_dim"": 1}"
identity,identity,1.0,20261531,6,fixed,0.05,1024,fixed_density,4.0,1,1,null,0.003052291719399556,{}
identity,identity,1.0,20261531,6,fixed,0.05,1024,fixed_density,4.0,1,1,identity,1.7540394847064924,"{""projection"": [[1.0]]}"
identity,identity,1.0,20261531,6,fixed,0.05,1024,fixed_density,4.0,1,1,gain_matched,1.7337307260215313,"{""gain_matrix"": [[0.9999999999999996]]}"
identity,identity,1.0,20261531,6,fixed,0.05,1024,fixed_density,4.0,1,1,variance_matched,1.7676255280155582,"{""direction"": [1.0]}"
identity,identity,1.0,20261531,6,fixed,0.05,1024,fixed_density,4.0,1,1,shuffled_target,0.000209963893985745,{}
identity,identity,1.0,20261531,6,fixed,0.05,1024,fixed_density,4.0,1,1,analytic_volume,0.0,"{""source_dim"": 1}"
identity,identity,1.0,20261548,7,fixed,0.05,1024,fixed_density,4.0,1,1,null,-0.0002000727599571839,{}
identity,identity,1.0,20261548,7,fixed,0.05,1024,fixed_density,4.0,1,1,identity,1.7347510320232244,"{""projection"": [[1.0]]}"
identity,identity,1.0,20261548,7,fixed,0.05,1024,fixed_density,4.0,1,1,gain_matched,1.7772863309994964,"{""gain_matrix"": [[0.9999999999999989]]}"
identity,identity,1.0,20261548,7,fixed,0.05,1024,fixed_density,4.0,1,1,variance_matched,1.8058761702562987,"{""direction"": [1.0]}"
identity,identity,1.0,20261548,7,fixed,0.05,1024,fixed_density,4.0,1,1,shuffled_target,-0.0007489798639894006,{}
identity,identity,1.0,20261548,7,fixed,0.05,1024,fixed_density,4.0,1,1,analytic_volume,0.0,"{""source_dim"": 1}"
identity,identity,1.0,20261565,8,fixed,0.05,1024,fixed_density,4.0,1,1,null,-0.0014409232123975611,{}
identity,identity,1.0,20261565,8,fixed,0.05,1024,fixed_density,4.0,1,1,identity,1.7542516818393188,"{""projection"": [[1.0]]}"
identity,identity,1.0,20261565,8,fixed,0.05,1024,fixed_density,4.0,1,1,gain_matched,1.8142241434050272,"{""gain_matrix"": [[1.0000000000000009]]}"
identity,identity,1.0,20261565,8,fixed,0.05,1024,fixed_density,4.0,1,1,variance_matched,1.800862392757245,"{""direction"": [1.0]}"
identity,identity,1.0,20261565,8,fixed,0.05,1024,fixed_density,4.0,1,1,shuffled_target,0.0008043651041532345,{}
identity,identity,1.0,20261565,8,fixed,0.05,1024,fixed_density,4.0,1,1,analytic_volume,0.0,"{""source_dim"": 1}"
identity,identity,1.0,20261582,9,fixed,0.05,1024,fixed_density,4.0,1,1,null,-0.0005433492492272164,{}
identity,identity,1.0,20261582,9,fixed,0.05,1024,fixed_density,4.0,1,1,identity,1.7913386337425947,"{""projection"": [[1.0]]}"
identity,identity,1.0,20261582,9,fixed,0.05,1024,fixed_density,4.0,1,1,gain_matched,1.8034281772744205,"{""gain_matrix"": [[0.9999999999999978]]}"
identity,identity,1.0,20261582,9,fixed,0.05,1024,fixed_density,4.0,1,1,variance_matched,1.7483375112566166,"{""direction"": [1.0]}"
identity,identity,1.0,20261582,9,fixed,0.05,1024,fixed_density,4.0,1,1,shuffled_target,8.86836368499237e-05,{}
identity,identity,1.0,20261582,9,fixed,0.05,1024,fixed_density,4.0,1,1,analytic_volume,0.0,"{""source_dim"": 1}"
identity,identity,2.0,20262429,0,fixed,0.05,2048,fixed_density,4.0,1,1,null,-0.00048203369117630476,{}
identity,identity,2.0,20262429,0,fixed,0.05,2048,fixed_density,4.0,1,1,identity,2.418402014202109,"{""projection"": [[1.0]]}"
identity,identity,2.0,20262429,0,fixed,0.05,2048,fixed_density,4.0,1,1,gain_matched,2.441876134887309,"{""gain_matrix"": [[1.0000000000000004]]}"
identity,identity,2.0,20262429,0,fixed,0.05,2048,fixed_density,4.0,1,1,variance_matched,2.4410548510117414,"{""direction"": [1.0]}"
identity,identity,2.0,20262429,0,fixed,0.05,2048,fixed_density,4.0,1,1,shuffled_target,0.0007090042233493573,{}
identity,identity,2.0,20262429,0,fixed,0.05,2048,fixed_density,4.0,1,1,analytic_volume,0.6931471805599453,"{""source_dim"": 1}"
identity,identity,2.0,20262446,1,fixed,0.05,2048,fixed_density,4.0,1,1,null,-0.0005499443235365456,{}
identity,identity,2.0,20262446,1,fixed,0.05,2048,fixed_density,4.0,1,1,identity,2.4529810836783406,"{""projection"": [[1.0]]}"
identity,identity,2.0,20262446,1,fixed,0.05,2048,fixed_density,4.0,1,1,gain_matched,2.45284842861626,"{""gain_matrix"": [[0.9999999999999998]]}"
identity,identity,2.0,20262446,1,fixed,0.05,2048,fixed_density,4.0,1,1,variance_matched,2.444810332526126,"{""direction"": [1.0]}"
identity,identity,2.0,20262446,1,fixed,0.05,2048,fixed_density,4.0,1,1,shuffled_target,0.00045283736776876,{}
identity,identity,2.0,20262446,1,fixed,0.05,2048,fixed_density,4.0,1,1,analytic_volume,0.6931471805599453,"{""source_dim"": 1}"
identity,identity,2.0,20262463,2,fixed,0.05,2048,fixed_density,4.0,1,1,null,-0.0003091494764566904,{}
identity,identity,2.0,20262463,2,fixed,0.05,2048,fixed_density,4.0,1,1,identity,2.4493706257433656,"{""projection"": [[1.0]]}"
identity,identity,2.0,20262463,2,fixed,0.05,2048,fixed_density,4.0,1,1,gain_matched,2.444113177920174,"{""gain_matrix"": [[0.9999999999999978]]}"
identity,identity,2.0,20262463,2,fixed,0.05,2048,fixed_density,4.0,1,1,variance_matched,2.4619349660100784,"{""direction"": [1.0]}"
identity,identity,2.0,20262463,2,fixed,0.05,2048,fixed_density,4.0,1,1,shuffled_target,0.0005904430364263895,{}
identity,identity,2.0,20262463,2,fixed,0.05,2048,fixed_density,4.0,1,1,analytic_volume,0.6931471805599453,"{""source_dim"": 1}"
identity,identity,2.0,20262480,3,fixed,0.05,2048,fixed_density,4.0,1,1,null,0.0017231250428624057,{}
identity,identity,2.0,20262480,3,fixed,0.05,2048,fixed_density,4.0,1,1,identity,2.442777414733275,"{""projection"": [[1.0]]}"
identity,identity,2.0,20262480,3,fixed,0.05,2048,fixed_density,4.0,1,1,gain_matched,2.4674898439929898,"{""gain_matrix"": [[1.0000000000000009]]}"
identity,identity,2.0,20262480,3,fixed,0.05,2048,fixed_density,4.0,1,1,variance_matched,2.45155173126388,"{""direction"": [1.0]}"
identity,identity,2.0,20262480,3,fixed,0.05,2048,fixed_density,4.0,1,1,shuffled_target,-0.00019918608226567297,{}
identity,identity,2.0,20262480,3,fixed,0.05,2048,fixed_density,4.0,1,1,analytic_volume,0.6931471805599453,"{""source_dim"": 1}"
identity,identity,2.0,20262497,4,fixed,0.05,2048,fixed_density,4.0,1,1,null,0.0015604526712684925,{}
identity,identity,2.0,20262497,4,fixed,0.05,2048,fixed_density,4.0,1,1,identity,2.453100127450271,"{""projection"": [[1.0]]}"
identity,identity,2.0,20262497,4,fixed,0.05,2048,fixed_density,4.0,1,1,gain_matched,2.4306703904983893,"{""gain_matrix"": [[0.9999999999999996]]}"
identity,identity,2.0,20262497,4,fixed,0.05,2048,fixed_density,4.0,1,1,variance_matched,2.4578936376618454,"{""direction"": [1.0]}"
identity,identity,2.0,20262497,4,fixed,0.05,2048,fixed_density,4.0,1,1,shuffled_target,0.00020398077395440153,{}
identity,identity,2.0,20262497,4,fixed,0.05,2048,fixed_density,4.0,1,1,analytic_volume,0.6931471805599453,"{""source_dim"": 1}"
identity,identity,2.0,20262514,5,fixed,0.05,2048,fixed_density,4.0,1,1,null,0.0011470048025145221,{}
identity,identity,2.0,20262514,5,fixed,0.05,2048,fixed_density,4.0,1,1,identity,2.464896284797234,"{""projection"": [[1.0]]}"
identity,identity,2.0,20262514,5,fixed,0.05,2048,fixed_density,4.0,1,1,gain_matched,2.491619796602323,"{""gain_matrix"": [[0.9999999999999993]]}"
identity,identity,2.0,20262514,5,fixed,0.05,2048,fixed_density,4.0,1,1,variance_matched,2.477635838459909,"{""direction"": [1.0]}"
identity,identity,2.0,20262514,5,fixed,0.05,2048,fixed_density,4.0,1,1,shuffled_target,-0.00038428057391503754,{}
identity,identity,2.0,20262514,5,fixed,0.05,2048,fixed_density,4.0,1,1,analytic_volume,0.6931471805599453,"{""source_dim"": 1}"
identity,identity,2.0,20262531,6,fixed,0.05,2048,fixed_density,4.0,1,1,null,-0.00042548367265958476,{}
identity,identity,2.0,20262531,6,fixed,0.05,2048,fixed_density,4.0,1,1,identity,2.480503061685921,"{""projection"": [[1.0]]}"
identity,identity,2.0,20262531,6,fixed,0.05,2048,fixed_density,4.0,1,1,gain_matched,2.4648267776444586,"{""gain_matrix"": [[0.9999999999999998]]}"
identity,identity,2.0,20262531,6,fixed,0.05,2048,fixed_density,4.0,1,1,variance_matched,2.461240099245705,"{""direction"": [1.0]}"
identity,identity,2.0,20262531,6,fixed,0.05,2048,fixed_density,4.0,1,1,shuffled_target,0.00028160876934074414,{}
identity,identity,2.0,20262531,6,fixed,0.05,2048,fixed_density,4.0,1,1,analytic_volume,0.6931471805599453,"{""source_dim"": 1}"
identity,identity,2.0,20262548,7,fixed,0.05,2048,fixed_density,4.0,1,1,null,-0.0003472551568907804,{}
identity,identity,2.0,20262548,7,fixed,0.05,2048,fixed_density,4.0,1,1,identity,2.4392411539616896,"{""projection"": [[1.0]]}"
identity,identity,2.0,20262548,7,fixed,0.05,2048,fixed_density,4.0,1,1,gain_matched,2.453400129278945,"{""gain_matrix"": [[1.000000000000001]]}"
identity,identity,2.0,20262548,7,fixed,0.05,2048,fixed_density,4.0,1,1,variance_matched,2.420499035981777,"{""direction"": [1.0]}"
identity,identity,2.0,20262548,7,fixed,0.05,2048,fixed_density,4.0,1,1,shuffled_target,0.0007830841934445255,{}
identity,identity,2.0,20262548,7,fixed,0.05,2048,fixed_density,4.0,1,1,analytic_volume,0.6931471805599453,"{""source_dim"": 1}"
identity,identity,2.0,20262565,8,fixed,0.05,2048,fixed_density,4.0,1,1,null,-2.1486616817635194e-05,{}
identity,identity,2.0,20262565,8,fixed,0.05,2048,fixed_density,4.0,1,1,identity,2.4466029980783706,"{""projection"": [[1.0]]}"
identity,identity,2.0,20262565,8,fixed,0.05,2048,fixed_density,4.0,1,1,gain_matched,2.4454116473474206,"{""gain_matrix"": [[1.0000000000000004]]}"
identity,identity,2.0,20262565,8,fixed,0.05,2048,fixed_density,4.0,1,1,variance_matched,2.455633090494662,"{""direction"": [1.0]}"
identity,identity,2.0,20262565,8,fixed,0.05,2048,fixed_density,4.0,1,1,shuffled_target,-7.651245127918052e-05,{}
identity,identity,2.0,20262565,8,fixed,0.05,2048,fixed_density,4.0,1,1,analytic_volume,0.6931471805599453,"{""source_dim"": 1}"
identity,identity,2.0,20262582,9,fixed,0.05,2048,fixed_density,4.0,1,1,null,-0.0006295677186607827,{}
identity,identity,2.0,20262582,9,fixed,0.05,2048,fixed_density,4.0,1,1,identity,2.4406711274309725,"{""projection"": [[1.0]]}"
identity,identity,2.0,20262582,9,fixed,0.05,2048,fixed_density,4.0,1,1,gain_matched,2.43543767629961,"{""gain_matrix"": [[0.9999999999999998]]}"
identity,identity,2.0,20262582,9,fixed,0.05,2048,fixed_density,4.0,1,1,variance_matched,2.4438706695631978,"{""direction"": [1.0]}"
identity,identity,2.0,20262582,9,fixed,0.05,2048,fixed_density,4.0,1,1,shuffled_target,0.0012020277954131113,{}
identity,identity,2.0,20262582,9,fixed,0.05,2048,fixed_density,4.0,1,1,analytic_volume,0.6931471805599453,"{""source_dim"": 1}"
identity,identity,4.0,20263429,0,fixed,0.05,4096,fixed_density,4.0,1,1,null,-0.00032868318319982415,{}
identity,identity,4.0,20263429,0,fixed,0.05,4096,fixed_density,4.0,1,1,identity,3.152113151966162,"{""projection"": [[1.0]]}"
identity,identity,4.0,20263429,0,fixed,0.05,4096,fixed_density,4.0,1,1,gain_matched,3.142766544093644,"{""gain_matrix"": [[0.9999999999999997]]}"
identity,identity,4.0,20263429,0,fixed,0.05,4096,fixed_density,4.0,1,1,variance_matched,3.1521373369092522,"{""direction"": [1.0]}"
identity,identity,4.0,20263429,0,fixed,0.05,4096,fixed_density,4.0,1,1,shuffled_target,0.0001155830914818483,{}
identity,identity,4.0,20263429,0,fixed,0.05,4096,fixed_density,4.0,1,1,analytic_volume,1.3862943611198906,"{""source_dim"": 1}"
identity,identity,4.0,20263446,1,fixed,0.05,4096,fixed_density,4.0,1,1,null,-0.00021677618642055576,{}
identity,identity,4.0,20263446,1,fixed,0.05,4096,fixed_density,4.0,1,1,identity,3.152345719102678,"{""projection"": [[1.0]]}"
identity,identity,4.0,20263446,1,fixed,0.05,4096,fixed_density,4.0,1,1,gain_matched,3.1390451025702504,"{""gain_matrix"": [[0.9999999999999994]]}"
identity,identity,4.0,20263446,1,fixed,0.05,4096,fixed_density,4.0,1,1,variance_matched,3.144905927589318,"{""direction"": [1.0]}"
identity,identity,4.0,20263446,1,fixed,0.05,4096,fixed_density,4.0,1,1,shuffled_target,-0.00010029797324811747,{}
identity,identity,4.0,20263446,1,fixed,0.05,4096,fixed_density,4.0,1,1,analytic_volume,1.3862943611198906,"{""source_dim"": 1}"
identity,identity,4.0,20263463,2,fixed,0.05,4096,fixed_density,4.0,1,1,null,0.0007305142073783982,{}
identity,identity,4.0,20263463,2,fixed,0.05,4096,fixed_density,4.0,1,1,identity,3.1333099819128223,"{""projection"": [[1.0]]}"
identity,identity,4.0,20263463,2,fixed,0.05,4096,fixed_density,4.0,1,1,gain_matched,3.117608210937725,"{""gain_matrix"": [[1.0000000000000033]]}"
identity,identity,4.0,20263463,2,fixed,0.05,4096,fixed_density,4.0,1,1,variance_matched,3.136367185552209,"{""direction"": [1.0]}"
identity,identity,4.0,20263463,2,fixed,0.05,4096,fixed_density,4.0,1,1,shuffled_target,-3.1327927106954406e-05,{}
identity,identity,4.0,20263463,2,fixed,0.05,4096,fixed_density,4.0,1,1,analytic_volume,1.3862943611198906,"{""source_dim"": 1}"
identity,identity,4.0,20263480,3,fixed,0.05,4096,fixed_density,4.0,1,1,null,4.20164896779601e-05,{}
identity,identity,4.0,20263480,3,fixed,0.05,4096,fixed_density,4.0,1,1,identity,3.140000686770758,"{""projection"": [[1.0]]}"
identity,identity,4.0,20263480,3,fixed,0.05,4096,fixed_density,4.0,1,1,gain_matched,3.1509248622644175,"{""gain_matrix"": [[0.9999999999999991]]}"
identity,identity,4.0,20263480,3,fixed,0.05,4096,fixed_density,4.0,1,1,variance_matched,3.1577757879113055,"{""direction"": [1.0]}"
identity,identity,4.0,20263480,3,fixed,0.05,4096,fixed_density,4.0,1,1,shuffled_target,0.00026609821912003823,{}
identity,identity,4.0,20263480,3,fixed,0.05,4096,fixed_density,4.0,1,1,analytic_volume,1.3862943611198906,"{""source_dim"": 1}"
identity,identity,4.0,20263497,4,fixed,0.05,4096,fixed_density,4.0,1,1,null,9.375105074036351e-05,{}
identity,identity,4.0,20263497,4,fixed,0.05,4096,fixed_density,4.0,1,1,identity,3.124020343560434,"{""projection"": [[1.0]]}"
identity,identity,4.0,20263497,4,fixed,0.05,4096,fixed_density,4.0,1,1,gain_matched,3.144042124459177,"{""gain_matrix"": [[1.0000000000000018]]}"
identity,identity,4.0,20263497,4,fixed,0.05,4096,fixed_density,4.0,1,1,variance_matched,3.15448731505834,"{""direction"": [1.0]}"
identity,identity,4.0,20263497,4,fixed,0.05,4096,fixed_density,4.0,1,1,shuffled_target,-0.00021823276705292737,{}
identity,identity,4.0,20263497,4,fixed,0.05,4096,fixed_density,4.0,1,1,analytic_volume,1.3862943611198906,"{""source_dim"": 1}"
identity,identity,4.0,20263514,5,fixed,0.05,4096,fixed_density,4.0,1,1,null,0.00029957685862822746,{}
identity,identity,4.0,20263514,5,fixed,0.05,4096,fixed_density,4.0,1,1,identity,3.135269953545837,"{""projection"": [[1.0]]}"
identity,identity,4.0,20263514,5,fixed,0.05,4096,fixed_density,4.0,1,1,gain_matched,3.122012925391979,"{""gain_matrix"": [[1.0000000000000002]]}"
identity,identity,4.0,20263514,5,fixed,0.05,4096,fixed_density,4.0,1,1,variance_matched,3.115611422297744,"{""direction"": [1.0]}"
identity,identity,4.0,20263514,5,fixed,0.05,4096,fixed_density,4.0,1,1,shuffled_target,-0.00016361228717350112,{}
identity,identity,4.0,20263514,5,fixed,0.05,4096,fixed_density,4.0,1,1,analytic_volume,1.3862943611198906,"{""source_dim"": 1}"
identity,identity,4.0,20263531,6,fixed,0.05,4096,fixed_density,4.0,1,1,null,-3.431668761894475e-05,{}
identity,identity,4.0,20263531,6,fixed,0.05,4096,fixed_density,4.0,1,1,identity,3.1567959540081754,"{""projection"": [[1.0]]}"
identity,identity,4.0,20263531,6,fixed,0.05,4096,fixed_density,4.0,1,1,gain_matched,3.1582701319022024,"{""gain_matrix"": [[1.0000000000000022]]}"
identity,identity,4.0,20263531,6,fixed,0.05,4096,fixed_density,4.0,1,1,variance_matched,3.149932318090687,"{""direction"": [1.0]}"
identity,identity,4.0,20263531,6,fixed,0.05,4096,fixed_density,4.0,1,1,shuffled_target,0.0006821275032916664,{}
identity,identity,4.0,20263531,6,fixed,0.05,4096,fixed_density,4.0,1,1,analytic_volume,1.3862943611198906,"{""source_dim"": 1}"
identity,identity,4.0,20263548,7,fixed,0.05,4096,fixed_density,4.0,1,1,null,-0.00022362846916671337,{}
identity,identity,4.0,20263548,7,fixed,0.05,4096,fixed_density,4.0,1,1,identity,3.138929049045898,"{""projection"": [[1.0]]}"
identity,identity,4.0,20263548,7,fixed,0.05,4096,fixed_density,4.0,1,1,gain_matched,3.1330549666798344,"{""gain_matrix"": [[1.0]]}"
identity,identity,4.0,20263548,7,fixed,0.05,4096,fixed_density,4.0,1,1,variance_matched,3.156060003698548,"{""direction"": [1.0]}"
identity,identity,4.0,20263548,7,fixed,0.05,4096,fixed_density,4.0,1,1,shuffled_target,-0.0002712089071217626,{}
identity,identity,4.0,20263548,7,fixed,0.05,4096,fixed_density,4.0,1,1,analytic_volume,1.3862943611198906,"{""source_dim"": 1}"
identity,identity,4.0,20263565,8,fixed,0.05,4096,fixed_density,4.0,1,1,null,0.00018627993751530695,{}
identity,identity,4.0,20263565,8,fixed,0.05,4096,fixed_density,4.0,1,1,identity,3.1549536845145156,"{""projection"": [[1.0]]}"
identity,identity,4.0,20263565,8,fixed,0.05,4096,fixed_density,4.0,1,1,gain_matched,3.164117215772637,"{""gain_matrix"": [[0.9999999999999979]]}"
identity,identity,4.0,20263565,8,fixed,0.05,4096,fixed_density,4.0,1,1,variance_matched,3.1385453176348466,"{""direction"": [1.0]}"
identity,identity,4.0,20263565,8,fixed,0.05,4096,fixed_density,4.0,1,1,shuffled_target,0.00036425175662838555,{}
identity,identity,4.0,20263565,8,fixed,0.05,4096,fixed_density,4.0,1,1,analytic_volume,1.3862943611198906,"{""source_dim"": 1}"
identity,identity,4.0,20263582,9,fixed,0.05,4096,fixed_density,4.0,1,1,null,-0.00024730515170076595,{}
identity,identity,4.0,20263582,9,fixed,0.05,4096,fixed_density,4.0,1,1,identity,3.1463046757606774,"{""projection"": [[1.0]]}"
identity,identity,4.0,20263582,9,fixed,0.05,4096,fixed_density,4.0,1,1,gain_matched,3.1349525201225266,"{""gain_matrix"": [[1.0000000000000007]]}"
identity,identity,4.0,20263582,9,fixed,0.05,4096,fixed_density,4.0,1,1,variance_matched,3.1339300982568656,"{""direction"": [1.0]}"
identity,identity,4.0,20263582,9,fixed,0.05,4096,fixed_density,4.0,1,1,shuffled_target,0.0002843093844964973,{}
identity,identity,4.0,20263582,9,fixed,0.05,4096,fixed_density,4.0,1,1,analytic_volume,1.3862943611198906,"{""source_dim"": 1}"
identity,identity,8.0,20264429,0,fixed,0.05,8192,fixed_density,4.0,1,1,null,4.957146723374837e-06,{}
identity,identity,8.0,20264429,0,fixed,0.05,8192,fixed_density,4.0,1,1,identity,3.8301268827401023,"{""projection"": [[1.0]]}"
identity,identity,8.0,20264429,0,fixed,0.05,8192,fixed_density,4.0,1,1,gain_matched,3.8161546421276675,"{""gain_matrix"": [[0.9999999999999994]]}"
identity,identity,8.0,20264429,0,fixed,0.05,8192,fixed_density,4.0,1,1,variance_matched,3.8373250639793905,"{""direction"": [1.0]}"
identity,identity,8.0,20264429,0,fixed,0.05,8192,fixed_density,4.0,1,1,shuffled_target,-0.00012975380771667051,{}
identity,identity,8.0,20264429,0,fixed,0.05,8192,fixed_density,4.0,1,1,analytic_volume,2.0794415416798357,"{""source_dim"": 1}"
identity,identity,8.0,20264446,1,fixed,0.05,8192,fixed_density,4.0,1,1,null,-0.00010127345286074516,{}
identity,identity,8.0,20264446,1,fixed,0.05,8192,fixed_density,4.0,1,1,identity,3.842916940939146,"{""projection"": [[1.0]]}"
identity,identity,8.0,20264446,1,fixed,0.05,8192,fixed_density,4.0,1,1,gain_matched,3.843176105146511,"{""gain_matrix"": [[1.0000000000000038]]}"
identity,identity,8.0,20264446,1,fixed,0.05,8192,fixed_density,4.0,1,1,variance_matched,3.8318782347474443,"{""direction"": [1.0]}"
identity,identity,8.0,20264446,1,fixed,0.05,8192,fixed_density,4.0,1,1,shuffled_target,-5.766205818345121e-05,{}
identity,identity,8.0,20264446,1,fixed,0.05,8192,fixed_density,4.0,1,1,analytic_volume,2.0794415416798357,"{""source_dim"": 1}"
identity,identity,8.0,20264463,2,fixed,0.05,8192,fixed_density,4.0,1,1,null,-0.00017514858813706699,{}
identity,identity,8.0,20264463,2,fixed,0.05,8192,fixed_density,4.0,1,1,identity,3.8297572346229236,"{""projection"": [[1.0]]}"
identity,identity,8.0,20264463,2,fixed,0.05,8192,fixed_density,4.0,1,1,gain_matched,3.8220542489508467,"{""gain_matrix"": [[1.0000000000000024]]}"
identity,identity,8.0,20264463,2,fixed,0.05,8192,fixed_density,4.0,1,1,variance_matched,3.8209627611991097,"{""direction"": [1.0]}"
identity,identity,8.0,20264463,2,fixed,0.05,8192,fixed_density,4.0,1,1,shuffled_target,-9.327446315264762e-05,{}
identity,identity,8.0,20264463,2,fixed,0.05,8192,fixed_density,4.0,1,1,analytic_volume,2.0794415416798357,"{""source_dim"": 1}"
identity,identity,8.0,20264480,3,fixed,0.05,8192,fixed_density,4.0,1,1,null,-3.0924919237895754e-07,{}
identity,identity,8.0,20264480,3,fixed,0.05,8192,fixed_density,4.0,1,1,identity,3.831563248277053,"{""projection"": [[1.0]]}"
identity,identity,8.0,20264480,3,fixed,0.05,8192,fixed_density,4.0,1,1,gain_matched,3.832015511488261,"{""gain_matrix"": [[1.000000000000001]]}"
identity,identity,8.0,20264480,3,fixed,0.05,8192,fixed_density,4.0,1,1,variance_matched,3.8437717482933245,"{""direction"": [1.0]}"
identity,identity,8.0,20264480,3,fixed,0.05,8192,fixed_density,4.0,1,1,shuffled_target,0.0001582947353341034,{}
identity,identity,8.0,20264480,3,fixed,0.05,8192,fixed_density,4.0,1,1,analytic_volume,2.0794415416798357,"{""source_dim"": 1}"
identity,identity,8.0,20264497,4,fixed,0.05,8192,fixed_density,4.0,1,1,null,-2.3285905629563967e-05,{}
identity,identity,8.0,20264497,4,fixed,0.05,8192,fixed_density,4.0,1,1,identity,3.808806679606328,"{""projection"": [[1.0]]}"
identity,identity,8.0,20264497,4,fixed,0.05,8192,fixed_density,4.0,1,1,gain_matched,3.820285221319236,"{""gain_matrix"": [[1.0]]}"
identity,identity,8.0,20264497,4,fixed,0.05,8192,fixed_density,4.0,1,1,variance_matched,3.813664961500697,"{""direction"": [1.0]}"
identity,identity,8.0,20264497,4,fixed,0.05,8192,fixed_density,4.0,1,1,shuffled_target,-9.386539884282335e-05,{}
identity,identity,8.0,20264497,4,fixed,0.05,8192,fixed_density,4.0,1,1,analytic_volume,2.0794415416798357,"{""source_dim"": 1}"
identity,identity,8.0,20264514,5,fixed,0.05,8192,fixed_density,4.0,1,1,null,-4.1532357611040764e-05,{}
identity,identity,8.0,20264514,5,fixed,0.05,8192,fixed_density,4.0,1,1,identity,3.8342892653298355,"{""projection"": [[1.0]]}"
identity,identity,8.0,20264514,5,fixed,0.05,8192,fixed_density,4.0,1,1,gain_matched,3.837297875679047,"{""gain_matrix"": [[0.9999999999999993]]}"
identity,identity,8.0,20264514,5,fixed,0.05,8192,fixed_density,4.0,1,1,variance_matched,3.81653723528624,"{""direction"": [1.0]}"
identity,identity,8.0,20264514,5,fixed,0.05,8192,fixed_density,4.0,1,1,shuffled_target,-0.00012894359376344123,{}
identity,identity,8.0,20264514,5,fixed,0.05,8192,fixed_density,4.0,1,1,analytic_volume,2.0794415416798357,"{""source_dim"": 1}"
identity,identity,8.0,20264531,6,fixed,0.05,8192,fixed_density,4.0,1,1,null,-0.0001321376325601964,{}
identity,identity,8.0,20264531,6,fixed,0.05,8192,fixed_density,4.0,1,1,identity,3.8360189887139624,"{""projection"": [[1.0]]}"
identity,identity,8.0,20264531,6,fixed,0.05,8192,fixed_density,4.0,1,1,gain_matched,3.8419542818431074,"{""gain_matrix"": [[1.000000000000001]]}"
identity,identity,8.0,20264531,6,fixed,0.05,8192,fixed_density,4.0,1,1,variance_matched,3.835284799239503,"{""direction"": [1.0]}"
identity,identity,8.0,20264531,6,fixed,0.05,8192,fixed_density,4.0,1,1,shuffled_target,0.00016724289629048536,{}
identity,identity,8.0,20264531,6,fixed,0.05,8192,fixed_density,4.0,1,1,analytic_volume,2.0794415416798357,"{""source_dim"": 1}"
identity,identity,8.0,20264548,7,fixed,0.05,8192,fixed_density,4.0,1,1,null,0.0002168375538699278,{}
identity,identity,8.0,20264548,7,fixed,0.05,8192,fixed_density,4.0,1,1,identity,3.8341788580725313,"{""projection"": [[1.0]]}"
identity,identity,8.0,20264548,7,fixed,0.05,8192,fixed_density,4.0,1,1,gain_matched,3.851978435793669,"{""gain_matrix"": [[0.9999999999999984]]}"
identity,identity,8.0,20264548,7,fixed,0.05,8192,fixed_density,4.0,1,1,variance_matched,3.8495554467220057,"{""direction"": [1.0]}"
identity,identity,8.0,20264548,7,fixed,0.05,8192,fixed_density,4.0,1,1,shuffled_target,-0.00013335203213848856,{}
identity,identity,8.0,20264548,7,fixed,0.05,8192,fixed_density,4.0,1,1,analytic_volume,2.0794415416798357,"{""source_dim"": 1}"
identity,identity,8.0,20264565,8,fixed,0.05,8192,fixed_density,4.0,1,1,null,-3.461571447816597e-05,{}
identity,identity,8.0,20264565,8,fixed,0.05,8192,fixed_density,4.0,1,1,identity,3.829695389185734,"{""projection"": [[1.0]]}"
identity,identity,8.0,20264565,8,fixed,0.05,8192,fixed_density,4.0,1,1,gain_matched,3.8498666135409287,"{""gain_matrix"": [[1.0000000000000042]]}"
identity,identity,8.0,20264565,8,fixed,0.05,8192,fixed_density,4.0,1,1,variance_matched,3.828966659209601,"{""direction"": [1.0]}"
identity,identity,8.0,20264565,8,fixed,0.05,8192,fixed_density,4.0,1,1,shuffled_target,2.7345091893680372e-05,{}
identity,identity,8.0,20264565,8,fixed,0.05,8192,fixed_density,4.0,1,1,analytic_volume,2.0794415416798357,"{""source_dim"": 1}"
identity,identity,8.0,20264582,9,fixed,0.05,8192,fixed_density,4.0,1,1,null,-7.87920374250302e-05,{}
identity,identity,8.0,20264582,9,fixed,0.05,8192,fixed_density,4.0,1,1,identity,3.8427015490313616,"{""projection"": [[1.0]]}"
identity,identity,8.0,20264582,9,fixed,0.05,8192,fixed_density,4.0,1,1,gain_matched,3.817802237337329,"{""gain_matrix"": [[0.9999999999999984]]}"
identity,identity,8.0,20264582,9,fixed,0.05,8192,fixed_density,4.0,1,1,variance_matched,3.840760367482835,"{""direction"": [1.0]}"
identity,identity,8.0,20264582,9,fixed,0.05,8192,fixed_density,4.0,1,1,shuffled_target,-0.00013747343621083489,{}
identity,identity,8.0,20264582,9,fixed,0.05,8192,fixed_density,4.0,1,1,analytic_volume,2.0794415416798357,"{""source_dim"": 1}"
identity,identity,12.0,20265429,0,fixed,0.05,12288,fixed_density,4.0,1,1,null,-3.4845593369309705e-06,{}
identity,identity,12.0,20265429,0,fixed,0.05,12288,fixed_density,4.0,1,1,identity,4.242217541207389,"{""projection"": [[1.0]]}"
identity,identity,12.0,20265429,0,fixed,0.05,12288,fixed_density,4.0,1,1,gain_matched,4.234423723663579,"{""gain_matrix"": [[1.0000000000000013]]}"
identity,identity,12.0,20265429,0,fixed,0.05,12288,fixed_density,4.0,1,1,variance_matched,4.227622926842449,"{""direction"": [1.0]}"
identity,identity,12.0,20265429,0,fixed,0.05,12288,fixed_density,4.0,1,1,shuffled_target,2.374966324585775e-05,{}
identity,identity,12.0,20265429,0,fixed,0.05,12288,fixed_density,4.0,1,1,analytic_volume,2.4849066497880004,"{""source_dim"": 1}"
identity,identity,12.0,20265446,1,fixed,0.05,12288,fixed_density,4.0,1,1,null,-0.00010425511365394664,{}
identity,identity,12.0,20265446,1,fixed,0.05,12288,fixed_density,4.0,1,1,identity,4.245578907927267,"{""projection"": [[1.0]]}"
identity,identity,12.0,20265446,1,fixed,0.05,12288,fixed_density,4.0,1,1,gain_matched,4.242040638926826,"{""gain_matrix"": [[0.9999999999999987]]}"
identity,identity,12.0,20265446,1,fixed,0.05,12288,fixed_density,4.0,1,1,variance_matched,4.241513561485124,"{""direction"": [1.0]}"
identity,identity,12.0,20265446,1,fixed,0.05,12288,fixed_density,4.0,1,1,shuffled_target,0.0001384267170984242,{}
identity,identity,12.0,20265446,1,fixed,0.05,12288,fixed_density,4.0,1,1,analytic_volume,2.4849066497880004,"{""source_dim"": 1}"
identity,identity,12.0,20265463,2,fixed,0.05,12288,fixed_density,4.0,1,1,null,-0.00010422620064204775,{}
identity,identity,12.0,20265463,2,fixed,0.05,12288,fixed_density,4.0,1,1,identity,4.244042454081434,"{""projection"": [[1.0]]}"
identity,identity,12.0,20265463,2,fixed,0.05,12288,fixed_density,4.0,1,1,gain_matched,4.234450207822396,"{""gain_matrix"": [[0.9999999999999959]]}"
identity,identity,12.0,20265463,2,fixed,0.05,12288,fixed_density,4.0,1,1,variance_matched,4.239256385749521,"{""direction"": [1.0]}"
identity,identity,12.0,20265463,2,fixed,0.05,12288,fixed_density,4.0,1,1,shuffled_target,0.00012940664867979712,{}
identity,identity,12.0,20265463,2,fixed,0.05,12288,fixed_density,4.0,1,1,analytic_volume,2.4849066497880004,"{""source_dim"": 1}"
identity,identity,12.0,20265480,3,fixed,0.05,12288,fixed_density,4.0,1,1,null,0.00015390241870251174,{}
identity,identity,12.0,20265480,3,fixed,0.05,12288,fixed_density,4.0,1,1,identity,4.24202025046868,"{""projection"": [[1.0]]}"
identity,identity,12.0,20265480,3,fixed,0.05,12288,fixed_density,4.0,1,1,gain_matched,4.2404355969541525,"{""gain_matrix"": [[0.9999999999999982]]}"
identity,identity,12.0,20265480,3,fixed,0.05,12288,fixed_density,4.0,1,1,variance_matched,4.237443219987529,"{""direction"": [1.0]}"
identity,identity,12.0,20265480,3,fixed,0.05,12288,fixed_density,4.0,1,1,shuffled_target,-8.935719947642501e-05,{}
identity,identity,12.0,20265480,3,fixed,0.05,12288,fixed_density,4.0,1,1,analytic_volume,2.4849066497880004,"{""source_dim"": 1}"
identity,identity,12.0,20265497,4,fixed,0.05,12288,fixed_density,4.0,1,1,null,0.0001073326422913018,{}
identity,identity,12.0,20265497,4,fixed,0.05,12288,fixed_density,4.0,1,1,identity,4.227172163930002,"{""projection"": [[1.0]]}"
identity,identity,12.0,20265497,4,fixed,0.05,12288,fixed_density,4.0,1,1,gain_matched,4.2331876224345635,"{""gain_matrix"": [[1.0000000000000029]]}"
identity,identity,12.0,20265497,4,fixed,0.05,12288,fixed_density,4.0,1,1,variance_matched,4.23322271288369,"{""direction"": [1.0]}"
identity,identity,12.0,20265497,4,fixed,0.05,12288,fixed_density,4.0,1,1,shuffled_target,-7.541677439673788e-05,{}
identity,identity,12.0,20265497,4,fixed,0.05,12288,fixed_density,4.0,1,1,analytic_volume,2.4849066497880004,"{""source_dim"": 1}"
identity,identity,12.0,20265514,5,fixed,0.05,12288,fixed_density,4.0,1,1,null,-9.683693901485188e-05,{}
identity,identity,12.0,20265514,5,fixed,0.05,12288,fixed_density,4.0,1,1,identity,4.235668449228322,"{""projection"": [[1.0]]}"
identity,identity,12.0,20265514,5,fixed,0.05,12288,fixed_density,4.0,1,1,gain_matched,4.245020645344164,"{""gain_matrix"": [[1.000000000000002]]}"
identity,identity,12.0,20265514,5,fixed,0.05,12288,fixed_density,4.0,1,1,variance_matched,4.239215576915907,"{""direction"": [1.0]}"
identity,identity,12.0,20265514,5,fixed,0.05,12288,fixed_density,4.0,1,1,shuffled_target,-4.682138199192871e-05,{}
identity,identity,12.0,20265514,5,fixed,0.05,12288,fixed_density,4.0,1,1,analytic_volume,2.4849066497880004,"{""source_dim"": 1}"
identity,identity,12.0,20265531,6,fixed,0.05,12288,fixed_density,4.0,1,1,null,0.00017915998730687232,{}
identity,identity,12.0,20265531,6,fixed,0.05,12288,fixed_density,4.0,1,1,identity,4.243565683611068,"{""projection"": [[1.0]]}"
identity,identity,12.0,20265531,6,fixed,0.05,12288,fixed_density,4.0,1,1,gain_matched,4.254562981637192,"{""gain_matrix"": [[1.0000000000000024]]}"
identity,identity,12.0,20265531,6,fixed,0.05,12288,fixed_density,4.0,1,1,variance_matched,4.237113591588492,"{""direction"": [1.0]}"
identity,identity,12.0,20265531,6,fixed,0.05,12288,fixed_density,4.0,1,1,shuffled_target,-0.00010345917969256846,{}
identity,identity,12.0,20265531,6,fixed,0.05,12288,fixed_density,4.0,1,1,analytic_volume,2.4849066497880004,"{""source_dim"": 1}"
identity,identity,12.0,20265548,7,fixed,0.05,12288,fixed_density,4.0,1,1,null,5.011570215595432e-06,{}
identity,identity,12.0,20265548,7,fixed,0.05,12288,fixed_density,4.0,1,1,identity,4.228830896578981,"{""projection"": [[1.0]]}"
identity,identity,12.0,20265548,7,fixed,0.05,12288,fixed_density,4.0,1,1,gain_matched,4.238721511045093,"{""gain_matrix"": [[1.0000000000000053]]}"
identity,identity,12.0,20265548,7,fixed,0.05,12288,fixed_density,4.0,1,1,variance_matched,4.242028856073595,"{""direction"": [1.0]}"
identity,identity,12.0,20265548,7,fixed,0.05,12288,fixed_density,4.0,1,1,shuffled_target,2.817174838472161e-05,{}
identity,identity,12.0,20265548,7,fixed,0.05,12288,fixed_density,4.0,1,1,analytic_volume,2.4849066497880004,"{""source_dim"": 1}"
identity,identity,12.0,20265565,8,fixed,0.05,12288,fixed_density,4.0,1,1,null,-2.352549959300259e-05,{}
identity,identity,12.0,20265565,8,fixed,0.05,12288,fixed_density,4.0,1,1,identity,4.237635097857825,"{""projection"": [[1.0]]}"
identity,identity,12.0,20265565,8,fixed,0.05,12288,fixed_density,4.0,1,1,gain_matched,4.236608803250023,"{""gain_matrix"": [[0.999999999999999]]}"
identity,identity,12.0,20265565,8,fixed,0.05,12288,fixed_density,4.0,1,1,variance_matched,4.2481290463069685,"{""direction"": [1.0]}"
identity,identity,12.0,20265565,8,fixed,0.05,12288,fixed_density,4.0,1,1,shuffled_target,-8.097501520694661e-05,{}
identity,identity,12.0,20265565,8,fixed,0.05,12288,fixed_density,4.0,1,1,analytic_volume,2.4849066497880004,"{""source_dim"": 1}"
identity,identity,12.0,20265582,9,fixed,0.05,12288,fixed_density,4.0,1,1,null,-4.479590181642539e-06,{}
identity,identity,12.0,20265582,9,fixed,0.05,12288,fixed_density,4.0,1,1,identity,4.2387336831522475,"{""projection"": [[1.0]]}"
identity,identity,12.0,20265582,9,fixed,0.05,12288,fixed_density,4.0,1,1,gain_matched,4.245715987695927,"{""gain_matrix"": [[0.9999999999999991]]}"
identity,identity,12.0,20265582,9,fixed,0.05,12288,fixed_density,4.0,1,1,variance_matched,4.235501323413973,"{""direction"": [1.0]}"
identity,identity,12.0,20265582,9,fixed,0.05,12288,fixed_density,4.0,1,1,shuffled_target,0.00013254500375673502,{}
identity,identity,12.0,20265582,9,fixed,0.05,12288,fixed_density,4.0,1,1,analytic_volume,2.4849066497880004,"{""source_dim"": 1}"
identity,identity,16.0,20266429,0,fixed,0.05,16384,fixed_density,4.0,1,1,null,-8.269271232910999e-05,{}
identity,identity,16.0,20266429,0,fixed,0.05,16384,fixed_density,4.0,1,1,identity,4.522785958621228,"{""projection"": [[1.0]]}"
identity,identity,16.0,20266429,0,fixed,0.05,16384,fixed_density,4.0,1,1,gain_matched,4.520679008359854,"{""gain_matrix"": [[1.000000000000004]]}"
identity,identity,16.0,20266429,0,fixed,0.05,16384,fixed_density,4.0,1,1,variance_matched,4.5293833172302955,"{""direction"": [1.0]}"
identity,identity,16.0,20266429,0,fixed,0.05,16384,fixed_density,4.0,1,1,shuffled_target,2.021101305663329e-05,{}
identity,identity,16.0,20266429,0,fixed,0.05,16384,fixed_density,4.0,1,1,analytic_volume,2.772588722239781,"{""source_dim"": 1}"
identity,identity,16.0,20266446,1,fixed,0.05,16384,fixed_density,4.0,1,1,null,2.5318910960940393e-05,{}
identity,identity,16.0,20266446,1,fixed,0.05,16384,fixed_density,4.0,1,1,identity,4.529024834225726,"{""projection"": [[1.0]]}"
identity,identity,16.0,20266446,1,fixed,0.05,16384,fixed_density,4.0,1,1,gain_matched,4.5318698459052245,"{""gain_matrix"": [[0.9999999999999928]]}"
identity,identity,16.0,20266446,1,fixed,0.05,16384,fixed_density,4.0,1,1,variance_matched,4.529467845750555,"{""direction"": [1.0]}"
identity,identity,16.0,20266446,1,fixed,0.05,16384,fixed_density,4.0,1,1,shuffled_target,-2.2087911504135632e-05,{}
identity,identity,16.0,20266446,1,fixed,0.05,16384,fixed_density,4.0,1,1,analytic_volume,2.772588722239781,"{""source_dim"": 1}"
identity,identity,16.0,20266463,2,fixed,0.05,16384,fixed_density,4.0,1,1,null,-3.598286928304494e-05,{}
identity,identity,16.0,20266463,2,fixed,0.05,16384,fixed_density,4.0,1,1,identity,4.517496584057042,"{""projection"": [[1.0]]}"
identity,identity,16.0,20266463,2,fixed,0.05,16384,fixed_density,4.0,1,1,gain_matched,4.533886119584718,"{""gain_matrix"": [[1.0000000000000022]]}"
identity,identity,16.0,20266463,2,fixed,0.05,16384,fixed_density,4.0,1,1,variance_matched,4.519272312782958,"{""direction"": [1.0]}"
identity,identity,16.0,20266463,2,fixed,0.05,16384,fixed_density,4.0,1,1,shuffled_target,-8.911392674665301e-05,{}
identity,identity,16.0,20266463,2,fixed,0.05,16384,fixed_density,4.0,1,1,analytic_volume,2.772588722239781,"{""source_dim"": 1}"
identity,identity,16.0,20266480,3,fixed,0.05,16384,fixed_density,4.0,1,1,null,-1.5504285392135521e-06,{}
identity,identity,16.0,20266480,3,fixed,0.05,16384,fixed_density,4.0,1,1,identity,4.514491335719982,"{""projection"": [[1.0]]}"
identity,identity,16.0,20266480,3,fixed,0.05,16384,fixed_density,4.0,1,1,gain_matched,4.529606408257287,"{""gain_matrix"": [[1.000000000000001]]}"
identity,identity,16.0,20266480,3,fixed,0.05,16384,fixed_density,4.0,1,1,variance_matched,4.518255902626125,"{""direction"": [1.0]}"
identity,identity,16.0,20266480,3,fixed,0.05,16384,fixed_density,4.0,1,1,shuffled_target,-5.129613962765703e-06,{}
identity,identity,16.0,20266480,3,fixed,0.05,16384,fixed_density,4.0,1,1,analytic_volume,2.772588722239781,"{""source_dim"": 1}"
identity,identity,16.0,20266497,4,fixed,0.05,16384,fixed_density,4.0,1,1,null,5.4049736790145656e-05,{}
identity,identity,16.0,20266497,4,fixed,0.05,16384,fixed_density,4.0,1,1,identity,4.523920928418214,"{""projection"": [[1.0]]}"
identity,identity,16.0,20266497,4,fixed,0.05,16384,fixed_density,4.0,1,1,gain_matched,4.522290683506871,"{""gain_matrix"": [[0.9999999999999986]]}"
identity,identity,16.0,20266497,4,fixed,0.05,16384,fixed_density,4.0,1,1,variance_matched,4.526968975567112,"{""direction"": [1.0]}"
identity,identity,16.0,20266497,4,fixed,0.05,16384,fixed_density,4.0,1,1,shuffled_target,-6.747935648826898e-05,{}
identity,identity,16.0,20266497,4,fixed,0.05,16384,fixed_density,4.0,1,1,analytic_volume,2.772588722239781,"{""source_dim"": 1}"
identity,identity,16.0,20266514,5,fixed,0.05,16384,fixed_density,4.0,1,1,null,-4.4795056283047606e-05,{}
identity,identity,16.0,20266514,5,fixed,0.05,16384,fixed_density,4.0,1,1,identity,4.526045681461843,"{""projection"": [[1.0]]}"
identity,identity,16.0,20266514,5,fixed,0.05,16384,fixed_density,4.0,1,1,gain_matched,4.520257045667432,"{""gain_matrix"": [[0.9999999999999929]]}"
identity,identity,16.0,20266514,5,fixed,0.05,16384,fixed_density,4.0,1,1,variance_matched,4.51228261982385,"{""direction"": [1.0]}"
identity,identity,16.0,20266514,5,fixed,0.05,16384,fixed_density,4.0,1,1,shuffled_target,-3.842654994958629e-06,{}
identity,identity,16.0,20266514,5,fixed,0.05,16384,fixed_density,4.0,1,1,analytic_volume,2.772588722239781,"{""source_dim"": 1}"
identity,identity,16.0,20266531,6,fixed,0.05,16384,fixed_density,4.0,1,1,null,-4.211247784954786e-05,{}
identity,identity,16.0,20266531,6,fixed,0.05,16384,fixed_density,4.0,1,1,identity,4.530329134382157,"{""projection"": [[1.0]]}"
identity,identity,16.0,20266531,6,fixed,0.05,16384,fixed_density,4.0,1,1,gain_matched,4.521896291807753,"{""gain_matrix"": [[0.9999999999999961]]}"
identity,identity,16.0,20266531,6,fixed,0.05,16384,fixed_density,4.0,1,1,variance_matched,4.5291253470184545,"{""direction"": [1.0]}"
identity,identity,16.0,20266531,6,fixed,0.05,16384,fixed_density,4.0,1,1,shuffled_target,9.918770539870108e-05,{}
identity,identity,16.0,20266531,6,fixed,0.05,16384,fixed_density,4.0,1,1,analytic_volume,2.772588722239781,"{""source_dim"": 1}"
identity,identity,16.0,20266548,7,fixed,0.05,16384,fixed_density,4.0,1,1,null,-7.243095418772715e-05,{}
identity,identity,16.0,20266548,7,fixed,0.05,16384,fixed_density,4.0,1,1,identity,4.533035864220006,"{""projection"": [[1.0]]}"
identity,identity,16.0,20266548,7,fixed,0.05,16384,fixed_density,4.0,1,1,gain_matched,4.521516593998323,"{""gain_matrix"": [[0.999999999999999]]}"
identity,identity,16.0,20266548,7,fixed,0.05,16384,fixed_density,4.0,1,1,variance_matched,4.5258613032304345,"{""direction"": [1.0]}"
identity,identity,16.0,20266548,7,fixed,0.05,16384,fixed_density,4.0,1,1,shuffled_target,2.491120659968974e-05,{}
identity,identity,16.0,20266548,7,fixed,0.05,16384,fixed_density,4.0,1,1,analytic_volume,2.772588722239781,"{""source_dim"": 1}"
identity,identity,16.0,20266565,8,fixed,0.05,16384,fixed_density,4.0,1,1,null,-2.1377903274637618e-05,{}
identity,identity,16.0,20266565,8,fixed,0.05,16384,fixed_density,4.0,1,1,identity,4.533983346250287,"{""projection"": [[1.0]]}"
identity,identity,16.0,20266565,8,fixed,0.05,16384,fixed_density,4.0,1,1,gain_matched,4.514886912068636,"{""gain_matrix"": [[0.9999999999999927]]}"
identity,identity,16.0,20266565,8,fixed,0.05,16384,fixed_density,4.0,1,1,variance_matched,4.53383798898769,"{""direction"": [1.0]}"
identity,identity,16.0,20266565,8,fixed,0.05,16384,fixed_density,4.0,1,1,shuffled_target,3.7287105513323716e-05,{}
identity,identity,16.0,20266565,8,fixed,0.05,16384,fixed_density,4.0,1,1,analytic_volume,2.772588722239781,"{""source_dim"": 1}"
identity,identity,16.0,20266582,9,fixed,0.05,16384,fixed_density,4.0,1,1,null,-3.466691300487225e-05,{}
identity,identity,16.0,20266582,9,fixed,0.05,16384,fixed_density,4.0,1,1,identity,4.521874980598257,"{""projection"": [[1.0]]}"
identity,identity,16.0,20266582,9,fixed,0.05,16384,fixed_density,4.0,1,1,gain_matched,4.525440721516653,"{""gain_matrix"": [[0.9999999999999984]]}"
identity,identity,16.0,20266582,9,fixed,0.05,16384,fixed_density,4.0,1,1,variance_matched,4.530338649105117,"{""direction"": [1.0]}"
identity,identity,16.0,20266582,9,fixed,0.05,16384,fixed_density,4.0,1,1,shuffled_target,2.696344415892537e-05,{}
identity,identity,16.0,20266582,9,fixed,0.05,16384,fixed_density,4.0,1,1,analytic_volume,2.772588722239781,"{""source_dim"": 1}"
identity,identity,0.5,20260429,0,scaled_with_l,0.025,512,fixed_density,4.0,1,1,null,0.0012983707562777198,{}
identity,identity,0.5,20260429,0,scaled_with_l,0.025,512,fixed_density,4.0,1,1,identity,1.8104099024268425,"{""projection"": [[1.0]]}"
identity,identity,0.5,20260429,0,scaled_with_l,0.025,512,fixed_density,4.0,1,1,gain_matched,1.7827716588913933,"{""gain_matrix"": [[0.9999999999999994]]}"
identity,identity,0.5,20260429,0,scaled_with_l,0.025,512,fixed_density,4.0,1,1,variance_matched,1.7820592032758973,"{""direction"": [1.0]}"
identity,identity,0.5,20260429,0,scaled_with_l,0.025,512,fixed_density,4.0,1,1,shuffled_target,0.004041756346418627,{}
identity,identity,0.5,20260429,0,scaled_with_l,0.025,512,fixed_density,4.0,1,1,analytic_volume,-0.6931471805599453,"{""source_dim"": 1}"
identity,identity,0.5,20260446,1,scaled_with_l,0.025,512,fixed_density,4.0,1,1,null,-0.0007889156090308391,{}
identity,identity,0.5,20260446,1,scaled_with_l,0.025,512,fixed_density,4.0,1,1,identity,1.7945154152317042,"{""projection"": [[1.0]]}"
identity,identity,0.5,20260446,1,scaled_with_l,0.025,512,fixed_density,4.0,1,1,gain_matched,1.8006636806260805,"{""gain_matrix"": [[1.0000000000000013]]}"
identity,identity,0.5,20260446,1,scaled_with_l,0.025,512,fixed_density,4.0,1,1,variance_matched,1.7973504151649815,"{""direction"": [1.0]}"
identity,identity,0.5,20260446,1,scaled_with_l,0.025,512,fixed_density,4.0,1,1,shuffled_target,-0.002104085419069925,{}
identity,identity,0.5,20260446,1,scaled_with_l,0.025,512,fixed_density,4.0,1,1,analytic_volume,-0.6931471805599453,"{""source_dim"": 1}"
identity,identity,0.5,20260463,2,scaled_with_l,0.025,512,fixed_density,4.0,1,1,null,-0.000546493163206404,{}
identity,identity,0.5,20260463,2,scaled_with_l,0.025,512,fixed_density,4.0,1,1,identity,1.7594635733056843,"{""projection"": [[1.0]]}"
identity,identity,0.5,20260463,2,scaled_with_l,0.025,512,fixed_density,4.0,1,1,gain_matched,1.762429501562069,"{""gain_matrix"": [[1.0000000000000016]]}"
identity,identity,0.5,20260463,2,scaled_with_l,0.025,512,fixed_density,4.0,1,1,variance_matched,1.8038486998709977,"{""direction"": [1.0]}"
identity,identity,0.5,20260463,2,scaled_with_l,0.025,512,fixed_density,4.0,1,1,shuffled_target,-0.0011592039263720374,{}
identity,identity,0.5,20260463,2,scaled_with_l,0.025,512,fixed_density,4.0,1,1,analytic_volume,-0.6931471805599453,"{""source_dim"": 1}"
identity,identity,0.5,20260480,3,scaled_with_l,0.025,512,fixed_density,4.0,1,1,null,-0.000325938639046302,{}
identity,identity,0.5,20260480,3,scaled_with_l,0.025,512,fixed_density,4.0,1,1,identity,1.6697347683416743,"{""projection"": [[1.0]]}"
identity,identity,0.5,20260480,3,scaled_with_l,0.025,512,fixed_density,4.0,1,1,gain_matched,1.7499827441141744,"{""gain_matrix"": [[1.0000000000000002]]}"
identity,identity,0.5,20260480,3,scaled_with_l,0.025,512,fixed_density,4.0,1,1,variance_matched,1.7234493378195712,"{""direction"": [1.0]}"
identity,identity,0.5,20260480,3,scaled_with_l,0.025,512,fixed_density,4.0,1,1,shuffled_target,0.004905593140572979,{}
identity,identity,0.5,20260480,3,scaled_with_l,0.025,512,fixed_density,4.0,1,1,analytic_volume,-0.6931471805599453,"{""source_dim"": 1}"
identity,identity,0.5,20260497,4,scaled_with_l,0.025,512,fixed_density,4.0,1,1,null,-0.0008385647589122624,{}
identity,identity,0.5,20260497,4,scaled_with_l,0.025,512,fixed_density,4.0,1,1,identity,1.8044982575713728,"{""projection"": [[1.0]]}"
identity,identity,0.5,20260497,4,scaled_with_l,0.025,512,fixed_density,4.0,1,1,gain_matched,1.7832045002240562,"{""gain_matrix"": [[0.9999999999999998]]}"
identity,identity,0.5,20260497,4,scaled_with_l,0.025,512,fixed_density,4.0,1,1,variance_matched,1.7607253297028094,"{""direction"": [1.0]}"
identity,identity,0.5,20260497,4,scaled_with_l,0.025,512,fixed_density,4.0,1,1,shuffled_target,0.0014517864977902192,{}
identity,identity,0.5,20260497,4,scaled_with_l,0.025,512,fixed_density,4.0,1,1,analytic_volume,-0.6931471805599453,"{""source_dim"": 1}"
identity,identity,0.5,20260514,5,scaled_with_l,0.025,512,fixed_density,4.0,1,1,null,0.00042110813896062025,{}
identity,identity,0.5,20260514,5,scaled_with_l,0.025,512,fixed_density,4.0,1,1,identity,1.7128916932517617,"{""projection"": [[1.0]]}"
identity,identity,0.5,20260514,5,scaled_with_l,0.025,512,fixed_density,4.0,1,1,gain_matched,1.7681456695614157,"{""gain_matrix"": [[1.0000000000000007]]}"
identity,identity,0.5,20260514,5,scaled_with_l,0.025,512,fixed_density,4.0,1,1,variance_matched,1.7236882981760222,"{""direction"": [1.0]}"
identity,identity,0.5,20260514,5,scaled_with_l,0.025,512,fixed_density,4.0,1,1,shuffled_target,-0.0006677374183174409,{}
identity,identity,0.5,20260514,5,scaled_with_l,0.025,512,fixed_density,4.0,1,1,analytic_volume,-0.6931471805599453,"{""source_dim"": 1}"
identity,identity,0.5,20260531,6,scaled_with_l,0.025,512,fixed_density,4.0,1,1,null,0.0009285205550015069,{}
identity,identity,0.5,20260531,6,scaled_with_l,0.025,512,fixed_density,4.0,1,1,identity,1.8209084363623358,"{""projection"": [[1.0]]}"
identity,identity,0.5,20260531,6,scaled_with_l,0.025,512,fixed_density,4.0,1,1,gain_matched,1.7855806153884126,"{""gain_matrix"": [[1.0000000000000007]]}"
identity,identity,0.5,20260531,6,scaled_with_l,0.025,512,fixed_density,4.0,1,1,variance_matched,1.7640310029263262,"{""direction"": [1.0]}"
identity,identity,0.5,20260531,6,scaled_with_l,0.025,512,fixed_density,4.0,1,1,shuffled_target,-0.0021911107313606635,{}
identity,identity,0.5,20260531,6,scaled_with_l,0.025,512,fixed_density,4.0,1,1,analytic_volume,-0.6931471805599453,"{""source_dim"": 1}"
identity,identity,0.5,20260548,7,scaled_with_l,0.025,512,fixed_density,4.0,1,1,null,-0.0007263683147502161,{}
identity,identity,0.5,20260548,7,scaled_with_l,0.025,512,fixed_density,4.0,1,1,identity,1.745757415618974,"{""projection"": [[1.0]]}"
identity,identity,0.5,20260548,7,scaled_with_l,0.025,512,fixed_density,4.0,1,1,gain_matched,1.7958748748823359,"{""gain_matrix"": [[1.0000000000000002]]}"
identity,identity,0.5,20260548,7,scaled_with_l,0.025,512,fixed_density,4.0,1,1,variance_matched,1.7644547743250936,"{""direction"": [1.0]}"
identity,identity,0.5,20260548,7,scaled_with_l,0.025,512,fixed_density,4.0,1,1,shuffled_target,0.0033261391361403265,{}
identity,identity,0.5,20260548,7,scaled_with_l,0.025,512,fixed_density,4.0,1,1,analytic_volume,-0.6931471805599453,"{""source_dim"": 1}"
identity,identity,0.5,20260565,8,scaled_with_l,0.025,512,fixed_density,4.0,1,1,null,-0.00261236051659102,{}
identity,identity,0.5,20260565,8,scaled_with_l,0.025,512,fixed_density,4.0,1,1,identity,1.7179523717610807,"{""projection"": [[1.0]]}"
identity,identity,0.5,20260565,8,scaled_with_l,0.025,512,fixed_density,4.0,1,1,gain_matched,1.761267273362434,"{""gain_matrix"": [[0.9999999999999993]]}"
identity,identity,0.5,20260565,8,scaled_with_l,0.025,512,fixed_density,4.0,1,1,variance_matched,1.8090998028392749,"{""direction"": [1.0]}"
identity,identity,0.5,20260565,8,scaled_with_l,0.025,512,fixed_density,4.0,1,1,shuffled_target,-0.0021601256353392757,{}
identity,identity,0.5,20260565,8,scaled_with_l,0.025,512,fixed_density,4.0,1,1,analytic_volume,-0.6931471805599453,"{""source_dim"": 1}"
identity,identity,0.5,20260582,9,scaled_with_l,0.025,512,fixed_density,4.0,1,1,null,-0.0028527200232321614,{}
identity,identity,0.5,20260582,9,scaled_with_l,0.025,512,fixed_density,4.0,1,1,identity,1.726722974394355,"{""projection"": [[1.0]]}"
identity,identity,0.5,20260582,9,scaled_with_l,0.025,512,fixed_density,4.0,1,1,gain_matched,1.784578922696879,"{""gain_matrix"": [[1.0000000000000009]]}"
identity,identity,0.5,20260582,9,scaled_with_l,0.025,512,fixed_density,4.0,1,1,variance_matched,1.794068701918646,"{""direction"": [1.0]}"
identity,identity,0.5,20260582,9,scaled_with_l,0.025,512,fixed_density,4.0,1,1,shuffled_target,0.003611791018440687,{}
identity,identity,0.5,20260582,9,scaled_with_l,0.025,512,fixed_density,4.0,1,1,analytic_volume,-0.6931471805599453,"{""source_dim"": 1}"
identity,identity,1.0,20261429,0,scaled_with_l,0.05,1024,fixed_density,4.0,1,1,null,0.0021402358009857915,{}
identity,identity,1.0,20261429,0,scaled_with_l,0.05,1024,fixed_density,4.0,1,1,identity,1.7639106516984857,"{""projection"": [[1.0]]}"
identity,identity,1.0,20261429,0,scaled_with_l,0.05,1024,fixed_density,4.0,1,1,gain_matched,1.7695389684151857,"{""gain_matrix"": [[0.9999999999999999]]}"
identity,identity,1.0,20261429,0,scaled_with_l,0.05,1024,fixed_density,4.0,1,1,variance_matched,1.7527614055137128,"{""direction"": [1.0]}"
identity,identity,1.0,20261429,0,scaled_with_l,0.05,1024,fixed_density,4.0,1,1,shuffled_target,0.0010379724180156374,{}
identity,identity,1.0,20261429,0,scaled_with_l,0.05,1024,fixed_density,4.0,1,1,analytic_volume,0.0,"{""source_dim"": 1}"
identity,identity,1.0,20261446,1,scaled_with_l,0.05,1024,fixed_density,4.0,1,1,null,0.0005945480794564127,{}
identity,identity,1.0,20261446,1,scaled_with_l,0.05,1024,fixed_density,4.0,1,1,identity,1.7930947565545852,"{""projection"": [[1.0]]}"
identity,identity,1.0,20261446,1,scaled_with_l,0.05,1024,fixed_density,4.0,1,1,gain_matched,1.7592391081728274,"{""gain_matrix"": [[1.000000000000002]]}"
identity,identity,1.0,20261446,1,scaled_with_l,0.05,1024,fixed_density,4.0,1,1,variance_matched,1.778342072657772,"{""direction"": [1.0]}"
identity,identity,1.0,20261446,1,scaled_with_l,0.05,1024,fixed_density,4.0,1,1,shuffled_target,-0.001279323660500029,{}
identity,identity,1.0,20261446,1,scaled_with_l,0.05,1024,fixed_density,4.0,1,1,analytic_volume,0.0,"{""source_dim"": 1}"
identity,identity,1.0,20261463,2,scaled_with_l,0.05,1024,fixed_density,4.0,1,1,null,-0.0013640470231256246,{}
identity,identity,1.0,20261463,2,scaled_with_l,0.05,1024,fixed_density,4.0,1,1,identity,1.7788595774556002,"{""projection"": [[1.0]]}"
identity,identity,1.0,20261463,2,scaled_with_l,0.05,1024,fixed_density,4.0,1,1,gain_matched,1.7508203774566182,"{""gain_matrix"": [[0.9999999999999984]]}"
identity,identity,1.0,20261463,2,scaled_with_l,0.05,1024,fixed_density,4.0,1,1,variance_matched,1.7477585694786644,"{""direction"": [1.0]}"
identity,identity,1.0,20261463,2,scaled_with_l,0.05,1024,fixed_density,4.0,1,1,shuffled_target,0.000623691133633766,{}
identity,identity,1.0,20261463,2,scaled_with_l,0.05,1024,fixed_density,4.0,1,1,analytic_volume,0.0,"{""source_dim"": 1}"
identity,identity,1.0,20261480,3,scaled_with_l,0.05,1024,fixed_density,4.0,1,1,null,0.004143700184758955,{}
identity,identity,1.0,20261480,3,scaled_with_l,0.05,1024,fixed_density,4.0,1,1,identity,1.8191250988502172,"{""projection"": [[1.0]]}"
identity,identity,1.0,20261480,3,scaled_with_l,0.05,1024,fixed_density,4.0,1,1,gain_matched,1.8053412948432643,"{""gain_matrix"": [[1.0000000000000016]]}"
identity,identity,1.0,20261480,3,scaled_with_l,0.05,1024,fixed_density,4.0,1,1,variance_matched,1.7615839085320362,"{""direction"": [1.0]}"
identity,identity,1.0,20261480,3,scaled_with_l,0.05,1024,fixed_density,4.0,1,1,shuffled_target,-0.001342971023941956,{}
identity,identity,1.0,20261480,3,scaled_with_l,0.05,1024,fixed_density,4.0,1,1,analytic_volume,0.0,"{""source_dim"": 1}"
identity,identity,1.0,20261497,4,scaled_with_l,0.05,1024,fixed_density,4.0,1,1,null,-0.00022706374942020602,{}
identity,identity,1.0,20261497,4,scaled_with_l,0.05,1024,fixed_density,4.0,1,1,identity,1.7471514749658028,"{""projection"": [[1.0]]}"
identity,identity,1.0,20261497,4,scaled_with_l,0.05,1024,fixed_density,4.0,1,1,gain_matched,1.7569801571867267,"{""gain_matrix"": [[0.9999999999999997]]}"
identity,identity,1.0,20261497,4,scaled_with_l,0.05,1024,fixed_density,4.0,1,1,variance_matched,1.7543974747499966,"{""direction"": [1.0]}"
identity,identity,1.0,20261497,4,scaled_with_l,0.05,1024,fixed_density,4.0,1,1,shuffled_target,0.0028625592122471983,{}
identity,identity,1.0,20261497,4,scaled_with_l,0.05,1024,fixed_density,4.0,1,1,analytic_volume,0.0,"{""source_dim"": 1}"
identity,identity,1.0,20261514,5,scaled_with_l,0.05,1024,fixed_density,4.0,1,1,null,-0.0012608923307084153,{}
identity,identity,1.0,20261514,5,scaled_with_l,0.05,1024,fixed_density,4.0,1,1,identity,1.7270014345864142,"{""projection"": [[1.0]]}"
identity,identity,1.0,20261514,5,scaled_with_l,0.05,1024,fixed_density,4.0,1,1,gain_matched,1.8022617994584493,"{""gain_matrix"": [[1.0]]}"
identity,identity,1.0,20261514,5,scaled_with_l,0.05,1024,fixed_density,4.0,1,1,variance_matched,1.7717352966040183,"{""direction"": [1.0]}"
identity,identity,1.0,20261514,5,scaled_with_l,0.05,1024,fixed_density,4.0,1,1,shuffled_target,-0.0010943920541597414,{}
identity,identity,1.0,20261514,5,scaled_with_l,0.05,1024,fixed_density,4.0,1,1,analytic_volume,0.0,"{""source_dim"": 1}"
identity,identity,1.0,20261531,6,scaled_with_l,0.05,1024,fixed_density,4.0,1,1,null,0.003052291719399556,{}
identity,identity,1.0,20261531,6,scaled_with_l,0.05,1024,fixed_density,4.0,1,1,identity,1.7540394847064924,"{""projection"": [[1.0]]}"
identity,identity,1.0,20261531,6,scaled_with_l,0.05,1024,fixed_density,4.0,1,1,gain_matched,1.7337307260215313,"{""gain_matrix"": [[0.9999999999999996]]}"
identity,identity,1.0,20261531,6,scaled_with_l,0.05,1024,fixed_density,4.0,1,1,variance_matched,1.7676255280155582,"{""direction"": [1.0]}"
identity,identity,1.0,20261531,6,scaled_with_l,0.05,1024,fixed_density,4.0,1,1,shuffled_target,0.000209963893985745,{}
identity,identity,1.0,20261531,6,scaled_with_l,0.05,1024,fixed_density,4.0,1,1,analytic_volume,0.0,"{""source_dim"": 1}"
identity,identity,1.0,20261548,7,scaled_with_l,0.05,1024,fixed_density,4.0,1,1,null,-0.0002000727599571839,{}
identity,identity,1.0,20261548,7,scaled_with_l,0.05,1024,fixed_density,4.0,1,1,identity,1.7347510320232244,"{""projection"": [[1.0]]}"
identity,identity,1.0,20261548,7,scaled_with_l,0.05,1024,fixed_density,4.0,1,1,gain_matched,1.7772863309994964,"{""gain_matrix"": [[0.9999999999999989]]}"
identity,identity,1.0,20261548,7,scaled_with_l,0.05,1024,fixed_density,4.0,1,1,variance_matched,1.8058761702562987,"{""direction"": [1.0]}"
identity,identity,1.0,20261548,7,scaled_with_l,0.05,1024,fixed_density,4.0,1,1,shuffled_target,-0.0007489798639894006,{}
identity,identity,1.0,20261548,7,scaled_with_l,0.05,1024,fixed_density,4.0,1,1,analytic_volume,0.0,"{""source_dim"": 1}"
identity,identity,1.0,20261565,8,scaled_with_l,0.05,1024,fixed_density,4.0,1,1,null,-0.0014409232123975611,{}
identity,identity,1.0,20261565,8,scaled_with_l,0.05,1024,fixed_density,4.0,1,1,identity,1.7542516818393188,"{""projection"": [[1.0]]}"
identity,identity,1.0,20261565,8,scaled_with_l,0.05,1024,fixed_density,4.0,1,1,gain_matched,1.8142241434050272,"{""gain_matrix"": [[1.0000000000000009]]}"
identity,identity,1.0,20261565,8,scaled_with_l,0.05,1024,fixed_density,4.0,1,1,variance_matched,1.800862392757245,"{""direction"": [1.0]}"
identity,identity,1.0,20261565,8,scaled_with_l,0.05,1024,fixed_density,4.0,1,1,shuffled_target,0.0008043651041532345,{}
identity,identity,1.0,20261565,8,scaled_with_l,0.05,1024,fixed_density,4.0,1,1,analytic_volume,0.0,"{""source_dim"": 1}"
identity,identity,1.0,20261582,9,scaled_with_l,0.05,1024,fixed_density,4.0,1,1,null,-0.0005433492492272164,{}
identity,identity,1.0,20261582,9,scaled_with_l,0.05,1024,fixed_density,4.0,1,1,identity,1.7913386337425947,"{""projection"": [[1.0]]}"
identity,identity,1.0,20261582,9,scaled_with_l,0.05,1024,fixed_density,4.0,1,1,gain_matched,1.8034281772744205,"{""gain_matrix"": [[0.9999999999999978]]}"
identity,identity,1.0,20261582,9,scaled_with_l,0.05,1024,fixed_density,4.0,1,1,variance_matched,1.7483375112566166,"{""direction"": [1.0]}"
identity,identity,1.0,20261582,9,scaled_with_l,0.05,1024,fixed_density,4.0,1,1,shuffled_target,8.86836368499237e-05,{}
identity,identity,1.0,20261582,9,scaled_with_l,0.05,1024,fixed_density,4.0,1,1,analytic_volume,0.0,"{""source_dim"": 1}"
identity,identity,2.0,20262429,0,scaled_with_l,0.1,2048,fixed_density,4.0,1,1,null,-0.0004820336192006157,{}
identity,identity,2.0,20262429,0,scaled_with_l,0.1,2048,fixed_density,4.0,1,1,identity,1.7387566490460427,"{""projection"": [[1.0]]}"
identity,identity,2.0,20262429,0,scaled_with_l,0.1,2048,fixed_density,4.0,1,1,gain_matched,1.7568683973547885,"{""gain_matrix"": [[1.0000000000000004]]}"
identity,identity,2.0,20262429,0,scaled_with_l,0.1,2048,fixed_density,4.0,1,1,variance_matched,1.7587452080518855,"{""direction"": [1.0]}"
identity,identity,2.0,20262429,0,scaled_with_l,0.1,2048,fixed_density,4.0,1,1,shuffled_target,0.0006065525673198888,{}
identity,identity,2.0,20262429,0,scaled_with_l,0.1,2048,fixed_density,4.0,1,1,analytic_volume,0.6931471805599453,"{""source_dim"": 1}"
identity,identity,2.0,20262446,1,scaled_with_l,0.1,2048,fixed_density,4.0,1,1,null,-0.0005499442675124771,{}
identity,identity,2.0,20262446,1,scaled_with_l,0.1,2048,fixed_density,4.0,1,1,identity,1.775118693749632,"{""projection"": [[1.0]]}"
identity,identity,2.0,20262446,1,scaled_with_l,0.1,2048,fixed_density,4.0,1,1,gain_matched,1.7706257747140035,"{""gain_matrix"": [[0.9999999999999998]]}"
identity,identity,2.0,20262446,1,scaled_with_l,0.1,2048,fixed_density,4.0,1,1,variance_matched,1.762847046148635,"{""direction"": [1.0]}"
identity,identity,2.0,20262446,1,scaled_with_l,0.1,2048,fixed_density,4.0,1,1,shuffled_target,0.0003265341473897135,{}
identity,identity,2.0,20262446,1,scaled_with_l,0.1,2048,fixed_density,4.0,1,1,analytic_volume,0.6931471805599453,"{""source_dim"": 1}"
identity,identity,2.0,20262463,2,scaled_with_l,0.1,2048,fixed_density,4.0,1,1,null,-0.0003091493546449485,{}
identity,identity,2.0,20262463,2,scaled_with_l,0.1,2048,fixed_density,4.0,1,1,identity,1.771542413043913,"{""projection"": [[1.0]]}"
identity,identity,2.0,20262463,2,scaled_with_l,0.1,2048,fixed_density,4.0,1,1,gain_matched,1.7605628279899705,"{""gain_matrix"": [[0.9999999999999978]]}"
identity,identity,2.0,20262463,2,scaled_with_l,0.1,2048,fixed_density,4.0,1,1,variance_matched,1.7813908684896687,"{""direction"": [1.0]}"
identity,identity,2.0,20262463,2,scaled_with_l,0.1,2048,fixed_density,4.0,1,1,shuffled_target,0.0006453794151947522,{}
identity,identity,2.0,20262463,2,scaled_with_l,0.1,2048,fixed_density,4.0,1,1,analytic_volume,0.6931471805599453,"{""source_dim"": 1}"
identity,identity,2.0,20262480,3,scaled_with_l,0.1,2048,fixed_density,4.0,1,1,null,0.0017231258072967956,{}
identity,identity,2.0,20262480,3,scaled_with_l,0.1,2048,fixed_density,4.0,1,1,identity,1.7601462672183419,"{""projection"": [[1.0]]}"
identity,identity,2.0,20262480,3,scaled_with_l,0.1,2048,fixed_density,4.0,1,1,gain_matched,1.7858144770159718,"{""gain_matrix"": [[1.0000000000000009]]}"
identity,identity,2.0,20262480,3,scaled_with_l,0.1,2048,fixed_density,4.0,1,1,variance_matched,1.768031613627293,"{""direction"": [1.0]}"
identity,identity,2.0,20262480,3,scaled_with_l,0.1,2048,fixed_density,4.0,1,1,shuffled_target,-0.0002295856419509179,{}
identity,identity,2.0,20262480,3,scaled_with_l,0.1,2048,fixed_density,4.0,1,1,analytic_volume,0.6931471805599453,"{""source_dim"": 1}"
identity,identity,2.0,20262497,4,scaled_with_l,0.1,2048,fixed_density,4.0,1,1,null,0.0015604533023126043,{}
identity,identity,2.0,20262497,4,scaled_with_l,0.1,2048,fixed_density,4.0,1,1,identity,1.7678166534869773,"{""projection"": [[1.0]]}"
identity,identity,2.0,20262497,4,scaled_with_l,0.1,2048,fixed_density,4.0,1,1,gain_matched,1.750425803063612,"{""gain_matrix"": [[0.9999999999999996]]}"
identity,identity,2.0,20262497,4,scaled_with_l,0.1,2048,fixed_density,4.0,1,1,variance_matched,1.7772425515831054,"{""direction"": [1.0]}"
identity,identity,2.0,20262497,4,scaled_with_l,0.1,2048,fixed_density,4.0,1,1,shuffled_target,0.00019633220831955254,{}
identity,identity,2.0,20262497,4,scaled_with_l,0.1,2048,fixed_density,4.0,1,1,analytic_volume,0.6931471805599453,"{""source_dim"": 1}"
identity,identity,2.0,20262514,5,scaled_with_l,0.1,2048,fixed_density,4.0,1,1,null,0.0011470054504104199,{}
identity,identity,2.0,20262514,5,scaled_with_l,0.1,2048,fixed_density,4.0,1,1,identity,1.7838983782851754,"{""projection"": [[1.0]]}"
identity,identity,2.0,20262514,5,scaled_with_l,0.1,2048,fixed_density,4.0,1,1,gain_matched,1.8092726834845194,"{""gain_matrix"": [[0.9999999999999993]]}"
identity,identity,2.0,20262514,5,scaled_with_l,0.1,2048,fixed_density,4.0,1,1,variance_matched,1.7966257957033305,"{""direction"": [1.0]}"
identity,identity,2.0,20262514,5,scaled_with_l,0.1,2048,fixed_density,4.0,1,1,shuffled_target,-0.0003828430598561454,{}
identity,identity,2.0,20262514,5,scaled_with_l,0.1,2048,fixed_density,4.0,1,1,analytic_volume,0.6931471805599453,"{""source_dim"": 1}"
identity,identity,2.0,20262531,6,scaled_with_l,0.1,2048,fixed_density,4.0,1,1,null,-0.0004254835751119066,{}
identity,identity,2.0,20262531,6,scaled_with_l,0.1,2048,fixed_density,4.0,1,1,identity,1.7973142997349245,"{""projection"": [[1.0]]}"
identity,identity,2.0,20262531,6,scaled_with_l,0.1,2048,fixed_density,4.0,1,1,gain_matched,1.7806280359083653,"{""gain_matrix"": [[0.9999999999999998]]}"
identity,identity,2.0,20262531,6,scaled_with_l,0.1,2048,fixed_density,4.0,1,1,variance_matched,1.7780012671305503,"{""direction"": [1.0]}"
identity,identity,2.0,20262531,6,scaled_with_l,0.1,2048,fixed_density,4.0,1,1,shuffled_target,0.00028092353383344027,{}
identity,identity,2.0,20262531,6,scaled_with_l,0.1,2048,fixed_density,4.0,1,1,analytic_volume,0.6931471805599453,"{""source_dim"": 1}"
identity,identity,2.0,20262548,7,scaled_with_l,0.1,2048,fixed_density,4.0,1,1,null,-0.000347255034379402,{}
identity,identity,2.0,20262548,7,scaled_with_l,0.1,2048,fixed_density,4.0,1,1,identity,1.7600812278135791,"{""projection"": [[1.0]]}"
identity,identity,2.0,20262548,7,scaled_with_l,0.1,2048,fixed_density,4.0,1,1,gain_matched,1.7720141573217965,"{""gain_matrix"": [[1.000000000000001]]}"
identity,identity,2.0,20262548,7,scaled_with_l,0.1,2048,fixed_density,4.0,1,1,variance_matched,1.7388499693608284,"{""direction"": [1.0]}"
identity,identity,2.0,20262548,7,scaled_with_l,0.1,2048,fixed_density,4.0,1,1,shuffled_target,0.0007146590130382939,{}
identity,identity,2.0,20262548,7,scaled_with_l,0.1,2048,fixed_density,4.0,1,1,analytic_volume,0.6931471805599453,"{""source_dim"": 1}"
identity,identity,2.0,20262565,8,scaled_with_l,0.1,2048,fixed_density,4.0,1,1,null,-2.148638209421871e-05,{}
identity,identity,2.0,20262565,8,scaled_with_l,0.1,2048,fixed_density,4.0,1,1,identity,1.7670263632091057,"{""projection"": [[1.0]]}"
identity,identity,2.0,20262565,8,scaled_with_l,0.1,2048,fixed_density,4.0,1,1,gain_matched,1.7621221832567355,"{""gain_matrix"": [[1.0000000000000004]]}"
identity,identity,2.0,20262565,8,scaled_with_l,0.1,2048,fixed_density,4.0,1,1,variance_matched,1.7748385727776728,"{""direction"": [1.0]}"
identity,identity,2.0,20262565,8,scaled_with_l,0.1,2048,fixed_density,4.0,1,1,shuffled_target,-0.00018179043684884755,{}
identity,identity,2.0,20262565,8,scaled_with_l,0.1,2048,fixed_density,4.0,1,1,analytic_volume,0.6931471805599453,"{""source_dim"": 1}"
identity,identity,2.0,20262582,9,scaled_with_l,0.1,2048,fixed_density,4.0,1,1,null,-0.0006295676861575851,{}
identity,identity,2.0,20262582,9,scaled_with_l,0.1,2048,fixed_density,4.0,1,1,identity,1.759307050171434,"{""projection"": [[1.0]]}"
identity,identity,2.0,20262582,9,scaled_with_l,0.1,2048,fixed_density,4.0,1,1,gain_matched,1.7533256625883897,"{""gain_matrix"": [[0.9999999999999998]]}"
identity,identity,2.0,20262582,9,scaled_with_l,0.1,2048,fixed_density,4.0,1,1,variance_matched,1.763796595225561,"{""direction"": [1.0]}"
identity,identity,2.0,20262582,9,scaled_with_l,0.1,2048,fixed_density,4.0,1,1,shuffled_target,0.0012457947617836303,{}
identity,identity,2.0,20262582,9,scaled_with_l,0.1,2048,fixed_density,4.0,1,1,analytic_volume,0.6931471805599453,"{""source_dim"": 1}"
identity,identity,4.0,20263429,0,scaled_with_l,0.2,4096,fixed_density,4.0,1,1,null,-0.0003286831745007642,{}
identity,identity,4.0,20263429,0,scaled_with_l,0.2,4096,fixed_density,4.0,1,1,identity,1.780294761089675,"{""projection"": [[1.0]]}"
identity,identity,4.0,20263429,0,scaled_with_l,0.2,4096,fixed_density,4.0,1,1,gain_matched,1.771141495482504,"{""gain_matrix"": [[0.9999999999999997]]}"
identity,identity,4.0,20263429,0,scaled_with_l,0.2,4096,fixed_density,4.0,1,1,variance_matched,1.7805048879768086,"{""direction"": [1.0]}"
identity,identity,4.0,20263429,0,scaled_with_l,0.2,4096,fixed_density,4.0,1,1,shuffled_target,8.089091231410173e-05,{}
identity,identity,4.0,20263429,0,scaled_with_l,0.2,4096,fixed_density,4.0,1,1,analytic_volume,1.3862943611198906,"{""source_dim"": 1}"
identity,identity,4.0,20263446,1,scaled_with_l,0.2,4096,fixed_density,4.0,1,1,null,-0.00021677614672033536,{}
identity,identity,4.0,20263446,1,scaled_with_l,0.2,4096,fixed_density,4.0,1,1,identity,1.7758873083770272,"{""projection"": [[1.0]]}"
identity,identity,4.0,20263446,1,scaled_with_l,0.2,4096,fixed_density,4.0,1,1,gain_matched,1.768434501730209,"{""gain_matrix"": [[0.9999999999999994]]}"
identity,identity,4.0,20263446,1,scaled_with_l,0.2,4096,fixed_density,4.0,1,1,variance_matched,1.7697904958965478,"{""direction"": [1.0]}"
identity,identity,4.0,20263446,1,scaled_with_l,0.2,4096,fixed_density,4.0,1,1,shuffled_target,-0.0001660343925018887,{}
identity,identity,4.0,20263446,1,scaled_with_l,0.2,4096,fixed_density,4.0,1,1,analytic_volume,1.3862943611198906,"{""source_dim"": 1}"
identity,identity,4.0,20263463,2,scaled_with_l,0.2,4096,fixed_density,4.0,1,1,null,0.0007305144633439072,{}
identity,identity,4.0,20263463,2,scaled_with_l,0.2,4096,fixed_density,4.0,1,1,identity,1.7604173056675056,"{""projection"": [[1.0]]}"
identity,identity,4.0,20263463,2,scaled_with_l,0.2,4096,fixed_density,4.0,1,1,gain_matched,1.7472902039861173,"{""gain_matrix"": [[1.0000000000000033]]}"
identity,identity,4.0,20263463,2,scaled_with_l,0.2,4096,fixed_density,4.0,1,1,variance_matched,1.7649128541620767,"{""direction"": [1.0]}"
identity,identity,4.0,20263463,2,scaled_with_l,0.2,4096,fixed_density,4.0,1,1,shuffled_target,-7.40354970185406e-05,{}
identity,identity,4.0,20263463,2,scaled_with_l,0.2,4096,fixed_density,4.0,1,1,analytic_volume,1.3862943611198906,"{""source_dim"": 1}"
identity,identity,4.0,20263480,3,scaled_with_l,0.2,4096,fixed_density,4.0,1,1,null,4.201658796496499e-05,{}
identity,identity,4.0,20263480,3,scaled_with_l,0.2,4096,fixed_density,4.0,1,1,identity,1.7711551580702873,"{""projection"": [[1.0]]}"
identity,identity,4.0,20263480,3,scaled_with_l,0.2,4096,fixed_density,4.0,1,1,gain_matched,1.7799092980221305,"{""gain_matrix"": [[0.9999999999999991]]}"
identity,identity,4.0,20263480,3,scaled_with_l,0.2,4096,fixed_density,4.0,1,1,variance_matched,1.7837919271347087,"{""direction"": [1.0]}"
identity,identity,4.0,20263480,3,scaled_with_l,0.2,4096,fixed_density,4.0,1,1,shuffled_target,0.00021179785985044362,{}
identity,identity,4.0,20263480,3,scaled_with_l,0.2,4096,fixed_density,4.0,1,1,analytic_volume,1.3862943611198906,"{""source_dim"": 1}"
identity,identity,4.0,20263497,4,scaled_with_l,0.2,4096,fixed_density,4.0,1,1,null,9.375116600954811e-05,{}
identity,identity,4.0,20263497,4,scaled_with_l,0.2,4096,fixed_density,4.0,1,1,identity,1.7510703605617879,"{""projection"": [[1.0]]}"
identity,identity,4.0,20263497,4,scaled_with_l,0.2,4096,fixed_density,4.0,1,1,gain_matched,1.7698046475010494,"{""gain_matrix"": [[1.0000000000000018]]}"
identity,identity,4.0,20263497,4,scaled_with_l,0.2,4096,fixed_density,4.0,1,1,variance_matched,1.7820112691905148,"{""direction"": [1.0]}"
identity,identity,4.0,20263497,4,scaled_with_l,0.2,4096,fixed_density,4.0,1,1,shuffled_target,-0.0002344020749694126,{}
identity,identity,4.0,20263497,4,scaled_with_l,0.2,4096,fixed_density,4.0,1,1,analytic_volume,1.3862943611198906,"{""source_dim"": 1}"
identity,identity,4.0,20263514,5,scaled_with_l,0.2,4096,fixed_density,4.0,1,1,null,0.00029957701877438047,{}
identity,identity,4.0,20263514,5,scaled_with_l,0.2,4096,fixed_density,4.0,1,1,identity,1.7641661525511934,"{""projection"": [[1.0]]}"
identity,identity,4.0,20263514,5,scaled_with_l,0.2,4096,fixed_density,4.0,1,1,gain_matched,1.751040278171012,"{""gain_matrix"": [[1.0000000000000002]]}"
identity,identity,4.0,20263514,5,scaled_with_l,0.2,4096,fixed_density,4.0,1,1,variance_matched,1.742251629663567,"{""direction"": [1.0]}"
identity,identity,4.0,20263514,5,scaled_with_l,0.2,4096,fixed_density,4.0,1,1,shuffled_target,-0.00013248666496025994,{}
identity,identity,4.0,20263514,5,scaled_with_l,0.2,4096,fixed_density,4.0,1,1,analytic_volume,1.3862943611198906,"{""source_dim"": 1}"
identity,identity,4.0,20263531,6,scaled_with_l,0.2,4096,fixed_density,4.0,1,1,null,-3.4316606967657045e-05,{}
identity,identity,4.0,20263531,6,scaled_with_l,0.2,4096,fixed_density,4.0,1,1,identity,1.785123393056061,"{""projection"": [[1.0]]}"
identity,identity,4.0,20263531,6,scaled_with_l,0.2,4096,fixed_density,4.0,1,1,gain_matched,1.7868321689797395,"{""gain_matrix"": [[1.0000000000000022]]}"
identity,identity,4.0,20263531,6,scaled_with_l,0.2,4096,fixed_density,4.0,1,1,variance_matched,1.7777717436937963,"{""direction"": [1.0]}"
identity,identity,4.0,20263531,6,scaled_with_l,0.2,4096,fixed_density,4.0,1,1,shuffled_target,0.0005218526767495843,{}
identity,identity,4.0,20263531,6,scaled_with_l,0.2,4096,fixed_density,4.0,1,1,analytic_volume,1.3862943611198906,"{""source_dim"": 1}"
identity,identity,4.0,20263548,7,scaled_with_l,0.2,4096,fixed_density,4.0,1,1,null,-0.00022362843390816018,{}
identity,identity,4.0,20263548,7,scaled_with_l,0.2,4096,fixed_density,4.0,1,1,identity,1.7654460707229171,"{""projection"": [[1.0]]}"
identity,identity,4.0,20263548,7,scaled_with_l,0.2,4096,fixed_density,4.0,1,1,gain_matched,1.7592580781467653,"{""gain_matrix"": [[1.0]]}"
identity,identity,4.0,20263548,7,scaled_with_l,0.2,4096,fixed_density,4.0,1,1,variance_matched,1.7841682580243403,"{""direction"": [1.0]}"
identity,identity,4.0,20263548,7,scaled_with_l,0.2,4096,fixed_density,4.0,1,1,shuffled_target,-0.000264523819700412,{}
identity,identity,4.0,20263548,7,scaled_with_l,0.2,4096,fixed_density,4.0,1,1,analytic_volume,1.3862943611198906,"{""source_dim"": 1}"
identity,identity,4.0,20263565,8,scaled_with_l,0.2,4096,fixed_density,4.0,1,1,null,0.0001862800722139686,{}
identity,identity,4.0,20263565,8,scaled_with_l,0.2,4096,fixed_density,4.0,1,1,identity,1.7799527495133858,"{""projection"": [[1.0]]}"
identity,identity,4.0,20263565,8,scaled_with_l,0.2,4096,fixed_density,4.0,1,1,gain_matched,1.7909428855505074,"{""gain_matrix"": [[0.9999999999999979]]}"
identity,identity,4.0,20263565,8,scaled_with_l,0.2,4096,fixed_density,4.0,1,1,variance_matched,1.7681055660402258,"{""direction"": [1.0]}"
identity,identity,4.0,20263565,8,scaled_with_l,0.2,4096,fixed_density,4.0,1,1,shuffled_target,0.00038667314447235013,{}
identity,identity,4.0,20263565,8,scaled_with_l,0.2,4096,fixed_density,4.0,1,1,analytic_volume,1.3862943611198906,"{""source_dim"": 1}"
identity,identity,4.0,20263582,9,scaled_with_l,0.2,4096,fixed_density,4.0,1,1,null,-0.00024730512211122816,{}
identity,identity,4.0,20263582,9,scaled_with_l,0.2,4096,fixed_density,4.0,1,1,identity,1.7729089850608415,"{""projection"": [[1.0]]}"
identity,identity,4.0,20263582,9,scaled_with_l,0.2,4096,fixed_density,4.0,1,1,gain_matched,1.7618583426915617,"{""gain_matrix"": [[1.0000000000000007]]}"
identity,identity,4.0,20263582,9,scaled_with_l,0.2,4096,fixed_density,4.0,1,1,variance_matched,1.7575484970032835,"{""direction"": [1.0]}"
identity,identity,4.0,20263582,9,scaled_with_l,0.2,4096,fixed_density,4.0,1,1,shuffled_target,0.00023297499005399126,{}
identity,identity,4.0,20263582,9,scaled_with_l,0.2,4096,fixed_density,4.0,1,1,analytic_volume,1.3862943611198906,"{""source_dim"": 1}"
identity,identity,8.0,20264429,0,scaled_with_l,0.4,8192,fixed_density,4.0,1,1,null,4.957188601911608e-06,{}
identity,identity,8.0,20264429,0,scaled_with_l,0.4,8192,fixed_density,4.0,1,1,identity,1.76590559366934,"{""projection"": [[1.0]]}"
identity,identity,8.0,20264429,0,scaled_with_l,0.4,8192,fixed_density,4.0,1,1,gain_matched,1.7496815521633606,"{""gain_matrix"": [[0.9999999999999994]]}"
identity,identity,8.0,20264429,0,scaled_with_l,0.4,8192,fixed_density,4.0,1,1,variance_matched,1.7705994910612353,"{""direction"": [1.0]}"
identity,identity,8.0,20264429,0,scaled_with_l,0.4,8192,fixed_density,4.0,1,1,shuffled_target,-0.00015408732622180604,{}
identity,identity,8.0,20264429,0,scaled_with_l,0.4,8192,fixed_density,4.0,1,1,analytic_volume,2.0794415416798357,"{""source_dim"": 1}"
identity,identity,8.0,20264446,1,scaled_with_l,0.4,8192,fixed_density,4.0,1,1,null,-0.0001012734358134712,{}
identity,identity,8.0,20264446,1,scaled_with_l,0.4,8192,fixed_density,4.0,1,1,identity,1.7779654268038247,"{""projection"": [[1.0]]}"
identity,identity,8.0,20264446,1,scaled_with_l,0.4,8192,fixed_density,4.0,1,1,gain_matched,1.77828674414231,"{""gain_matrix"": [[1.0000000000000038]]}"
identity,identity,8.0,20264446,1,scaled_with_l,0.4,8192,fixed_density,4.0,1,1,variance_matched,1.7669151422235574,"{""direction"": [1.0]}"
identity,identity,8.0,20264446,1,scaled_with_l,0.4,8192,fixed_density,4.0,1,1,shuffled_target,-5.271138143971054e-05,{}
identity,identity,8.0,20264446,1,scaled_with_l,0.4,8192,fixed_density,4.0,1,1,analytic_volume,2.0794415416798357,"{""source_dim"": 1}"
identity,identity,8.0,20264463,2,scaled_with_l,0.4,8192,fixed_density,4.0,1,1,null,-0.00017514858647698305,{}
identity,identity,8.0,20264463,2,scaled_with_l,0.4,8192,fixed_density,4.0,1,1,identity,1.761976290299583,"{""projection"": [[1.0]]}"
identity,identity,8.0,20264463,2,scaled_with_l,0.4,8192,fixed_density,4.0,1,1,gain_matched,1.7582908852344747,"{""gain_matrix"": [[1.0000000000000024]]}"
identity,identity,8.0,20264463,2,scaled_with_l,0.4,8192,fixed_density,4.0,1,1,variance_matched,1.755458478153546,"{""direction"": [1.0]}"
identity,identity,8.0,20264463,2,scaled_with_l,0.4,8192,fixed_density,4.0,1,1,shuffled_target,-0.00011869970153604467,{}
identity,identity,8.0,20264463,2,scaled_with_l,0.4,8192,fixed_density,4.0,1,1,analytic_volume,2.0794415416798357,"{""source_dim"": 1}"
identity,identity,8.0,20264480,3,scaled_with_l,0.4,8192,fixed_density,4.0,1,1,null,-3.09212289414468e-07,{}
identity,identity,8.0,20264480,3,scaled_with_l,0.4,8192,fixed_density,4.0,1,1,identity,1.764971624309101,"{""projection"": [[1.0]]}"
identity,identity,8.0,20264480,3,scaled_with_l,0.4,8192,fixed_density,4.0,1,1,gain_matched,1.766664674201874,"{""gain_matrix"": [[1.000000000000001]]}"
identity,identity,8.0,20264480,3,scaled_with_l,0.4,8192,fixed_density,4.0,1,1,variance_matched,1.7785333713262794,"{""direction"": [1.0]}"
identity,identity,8.0,20264480,3,scaled_with_l,0.4,8192,fixed_density,4.0,1,1,shuffled_target,0.00016267095713707474,{}
identity,identity,8.0,20264480,3,scaled_with_l,0.4,8192,fixed_density,4.0,1,1,analytic_volume,2.0794415416798357,"{""source_dim"": 1}"
identity,identity,8.0,20264497,4,scaled_with_l,0.4,8192,fixed_density,4.0,1,1,null,-2.3285872411407335e-05,{}
identity,identity,8.0,20264497,4,scaled_with_l,0.4,8192,fixed_density,4.0,1,1,identity,1.748342021091286,"{""projection"": [[1.0]]}"
identity,identity,8.0,20264497,4,scaled_with_l,0.4,8192,fixed_density,4.0,1,1,gain_matched,1.7553323037820836,"{""gain_matrix"": [[1.0]]}"
identity,identity,8.0,20264497,4,scaled_with_l,0.4,8192,fixed_density,4.0,1,1,variance_matched,1.7499227317702486,"{""direction"": [1.0]}"
identity,identity,8.0,20264497,4,scaled_with_l,0.4,8192,fixed_density,4.0,1,1,shuffled_target,-0.00010739548566926423,{}
identity,identity,8.0,20264497,4,scaled_with_l,0.4,8192,fixed_density,4.0,1,1,analytic_volume,2.0794415416798357,"{""source_dim"": 1}"
identity,identity,8.0,20264514,5,scaled_with_l,0.4,8192,fixed_density,4.0,1,1,null,-4.153232701140128e-05,{}
identity,identity,8.0,20264514,5,scaled_with_l,0.4,8192,fixed_density,4.0,1,1,identity,1.7686823195278212,"{""projection"": [[1.0]]}"
identity,identity,8.0,20264514,5,scaled_with_l,0.4,8192,fixed_density,4.0,1,1,gain_matched,1.7747145118760788,"{""gain_matrix"": [[0.9999999999999993]]}"
identity,identity,8.0,20264514,5,scaled_with_l,0.4,8192,fixed_density,4.0,1,1,variance_matched,1.752125955882606,"{""direction"": [1.0]}"
identity,identity,8.0,20264514,5,scaled_with_l,0.4,8192,fixed_density,4.0,1,1,shuffled_target,-0.00013466057799978967,{}
identity,identity,8.0,20264514,5,scaled_with_l,0.4,8192,fixed_density,4.0,1,1,analytic_volume,2.0794415416798357,"{""source_dim"": 1}"
identity,identity,8.0,20264531,6,scaled_with_l,0.4,8192,fixed_density,4.0,1,1,null,-0.0001321376218369076,{}
identity,identity,8.0,20264531,6,scaled_with_l,0.4,8192,fixed_density,4.0,1,1,identity,1.7729349382095991,"{""projection"": [[1.0]]}"
identity,identity,8.0,20264531,6,scaled_with_l,0.4,8192,fixed_density,4.0,1,1,gain_matched,1.774357412497677,"{""gain_matrix"": [[1.000000000000001]]}"
identity,identity,8.0,20264531,6,scaled_with_l,0.4,8192,fixed_density,4.0,1,1,variance_matched,1.7728696247565692,"{""direction"": [1.0]}"
identity,identity,8.0,20264531,6,scaled_with_l,0.4,8192,fixed_density,4.0,1,1,shuffled_target,0.00019982194280823015,{}
identity,identity,8.0,20264531,6,scaled_with_l,0.4,8192,fixed_density,4.0,1,1,analytic_volume,2.0794415416798357,"{""source_dim"": 1}"
identity,identity,8.0,20264548,7,scaled_with_l,0.4,8192,fixed_density,4.0,1,1,null,0.00021683763573206573,{}
identity,identity,8.0,20264548,7,scaled_with_l,0.4,8192,fixed_density,4.0,1,1,identity,1.769786590021478,"{""projection"": [[1.0]]}"
identity,identity,8.0,20264548,7,scaled_with_l,0.4,8192,fixed_density,4.0,1,1,gain_matched,1.7859083687109008,"{""gain_matrix"": [[0.9999999999999984]]}"
identity,identity,8.0,20264548,7,scaled_with_l,0.4,8192,fixed_density,4.0,1,1,variance_matched,1.7839982328075712,"{""direction"": [1.0]}"
identity,identity,8.0,20264548,7,scaled_with_l,0.4,8192,fixed_density,4.0,1,1,shuffled_target,-0.00014626147976540128,{}
identity,identity,8.0,20264548,7,scaled_with_l,0.4,8192,fixed_density,4.0,1,1,analytic_volume,2.0794415416798357,"{""source_dim"": 1}"
identity,identity,8.0,20264565,8,scaled_with_l,0.4,8192,fixed_density,4.0,1,1,null,-3.461568486275493e-05,{}
identity,identity,8.0,20264565,8,scaled_with_l,0.4,8192,fixed_density,4.0,1,1,identity,1.7666626934919782,"{""projection"": [[1.0]]}"
identity,identity,8.0,20264565,8,scaled_with_l,0.4,8192,fixed_density,4.0,1,1,gain_matched,1.7838076501442992,"{""gain_matrix"": [[1.0000000000000042]]}"
identity,identity,8.0,20264565,8,scaled_with_l,0.4,8192,fixed_density,4.0,1,1,variance_matched,1.7641899091942976,"{""direction"": [1.0]}"
identity,identity,8.0,20264565,8,scaled_with_l,0.4,8192,fixed_density,4.0,1,1,shuffled_target,3.882020077027845e-05,{}
identity,identity,8.0,20264565,8,scaled_with_l,0.4,8192,fixed_density,4.0,1,1,analytic_volume,2.0794415416798357,"{""source_dim"": 1}"
identity,identity,8.0,20264582,9,scaled_with_l,0.4,8192,fixed_density,4.0,1,1,null,-7.879201632590658e-05,{}
identity,identity,8.0,20264582,9,scaled_with_l,0.4,8192,fixed_density,4.0,1,1,identity,1.7755106788587676,"{""projection"": [[1.0]]}"
identity,identity,8.0,20264582,9,scaled_with_l,0.4,8192,fixed_density,4.0,1,1,gain_matched,1.75330760183295,"{""gain_matrix"": [[0.9999999999999984]]}"
identity,identity,8.0,20264582,9,scaled_with_l,0.4,8192,fixed_density,4.0,1,1,variance_matched,1.7791747146526826,"{""direction"": [1.0]}"
identity,identity,8.0,20264582,9,scaled_with_l,0.4,8192,fixed_density,4.0,1,1,shuffled_target,-0.00013391941119723303,{}
identity,identity,8.0,20264582,9,scaled_with_l,0.4,8192,fixed_density,4.0,1,1,analytic_volume,2.0794415416798357,"{""source_dim"": 1}"
identity,identity,12.0,20265429,0,scaled_with_l,0.6000000000000001,12288,fixed_density,4.0,1,1,null,-3.484535740447904e-06,{}
identity,identity,12.0,20265429,0,scaled_with_l,0.6000000000000001,12288,fixed_density,4.0,1,1,identity,1.7726411873511883,"{""projection"": [[1.0]]}"
identity,identity,12.0,20265429,0,scaled_with_l,0.6000000000000001,12288,fixed_density,4.0,1,1,gain_matched,1.7650533714526613,"{""gain_matrix"": [[1.0000000000000013]]}"
identity,identity,12.0,20265429,0,scaled_with_l,0.6000000000000001,12288,fixed_density,4.0,1,1,variance_matched,1.758513248370959,"{""direction"": [1.0]}"
identity,identity,12.0,20265429,0,scaled_with_l,0.6000000000000001,12288,fixed_density,4.0,1,1,shuffled_target,4.354798282875759e-05,{}
identity,identity,12.0,20265429,0,scaled_with_l,0.6000000000000001,12288,fixed_density,4.0,1,1,analytic_volume,2.4849066497880004,"{""source_dim"": 1}"
identity,identity,12.0,20265446,1,scaled_with_l,0.6000000000000001,12288,fixed_density,4.0,1,1,null,-0.00010425511012160946,{}
identity,identity,12.0,20265446,1,scaled_with_l,0.6000000000000001,12288,fixed_density,4.0,1,1,identity,1.7738495781964938,"{""projection"": [[1.0]]}"
identity,identity,12.0,20265446,1,scaled_with_l,0.6000000000000001,12288,fixed_density,4.0,1,1,gain_matched,1.773070592199203,"{""gain_matrix"": [[0.9999999999999987]]}"
identity,identity,12.0,20265446,1,scaled_with_l,0.6000000000000001,12288,fixed_density,4.0,1,1,variance_matched,1.7718729073145474,"{""direction"": [1.0]}"
identity,identity,12.0,20265446,1,scaled_with_l,0.6000000000000001,12288,fixed_density,4.0,1,1,shuffled_target,0.00011442224268168307,{}
identity,identity,12.0,20265446,1,scaled_with_l,0.6000000000000001,12288,fixed_density,4.0,1,1,analytic_volume,2.4849066497880004,"{""source_dim"": 1}"
identity,identity,12.0,20265463,2,scaled_with_l,0.6000000000000001,12288,fixed_density,4.0,1,1,null,-0.00010422619728100714,{}
identity,identity,12.0,20265463,2,scaled_with_l,0.6000000000000001,12288,fixed_density,4.0,1,1,identity,1.7743437989817512,"{""projection"": [[1.0]]}"
identity,identity,12.0,20265463,2,scaled_with_l,0.6000000000000001,12288,fixed_density,4.0,1,1,gain_matched,1.766610308347329,"{""gain_matrix"": [[0.9999999999999959]]}"
identity,identity,12.0,20265463,2,scaled_with_l,0.6000000000000001,12288,fixed_density,4.0,1,1,variance_matched,1.7679279670493073,"{""direction"": [1.0]}"
identity,identity,12.0,20265463,2,scaled_with_l,0.6000000000000001,12288,fixed_density,4.0,1,1,shuffled_target,0.000119367568233315,{}
identity,identity,12.0,20265463,2,scaled_with_l,0.6000000000000001,12288,fixed_density,4.0,1,1,analytic_volume,2.4849066497880004,"{""source_dim"": 1}"
identity,identity,12.0,20265480,3,scaled_with_l,0.6000000000000001,12288,fixed_density,4.0,1,1,null,0.00015390247180770126,{}
identity,identity,12.0,20265480,3,scaled_with_l,0.6000000000000001,12288,fixed_density,4.0,1,1,identity,1.7718911693233093,"{""projection"": [[1.0]]}"
identity,identity,12.0,20265480,3,scaled_with_l,0.6000000000000001,12288,fixed_density,4.0,1,1,gain_matched,1.7684093562884398,"{""gain_matrix"": [[0.9999999999999982]]}"
identity,identity,12.0,20265480,3,scaled_with_l,0.6000000000000001,12288,fixed_density,4.0,1,1,variance_matched,1.7675609891444317,"{""direction"": [1.0]}"
identity,identity,12.0,20265480,3,scaled_with_l,0.6000000000000001,12288,fixed_density,4.0,1,1,shuffled_target,-0.00010746957338219991,{}
identity,identity,12.0,20265480,3,scaled_with_l,0.6000000000000001,12288,fixed_density,4.0,1,1,analytic_volume,2.4849066497880004,"{""source_dim"": 1}"
identity,identity,12.0,20265497,4,scaled_with_l,0.6000000000000001,12288,fixed_density,4.0,1,1,null,0.0001073326839342267,{}
identity,identity,12.0,20265497,4,scaled_with_l,0.6000000000000001,12288,fixed_density,4.0,1,1,identity,1.7582448307055352,"{""projection"": [[1.0]]}"
identity,identity,12.0,20265497,4,scaled_with_l,0.6000000000000001,12288,fixed_density,4.0,1,1,gain_matched,1.7652991756824257,"{""gain_matrix"": [[1.0000000000000029]]}"
identity,identity,12.0,20265497,4,scaled_with_l,0.6000000000000001,12288,fixed_density,4.0,1,1,variance_matched,1.7631653048161613,"{""direction"": [1.0]}"
identity,identity,12.0,20265497,4,scaled_with_l,0.6000000000000001,12288,fixed_density,4.0,1,1,shuffled_target,-7.282736005801399e-05,{}
identity,identity,12.0,20265497,4,scaled_with_l,0.6000000000000001,12288,fixed_density,4.0,1,1,analytic_volume,2.4849066497880004,"{""source_dim"": 1}"
identity,identity,12.0,20265514,5,scaled_with_l,0.6000000000000001,12288,fixed_density,4.0,1,1,null,-9.683693450214139e-05,{}
identity,identity,12.0,20265514,5,scaled_with_l,0.6000000000000001,12288,fixed_density,4.0,1,1,identity,1.7667076741807195,"{""projection"": [[1.0]]}"
identity,identity,12.0,20265514,5,scaled_with_l,0.6000000000000001,12288,fixed_density,4.0,1,1,gain_matched,1.775098205926238,"{""gain_matrix"": [[1.000000000000002]]}"
identity,identity,12.0,20265514,5,scaled_with_l,0.6000000000000001,12288,fixed_density,4.0,1,1,variance_matched,1.7668083835142767,"{""direction"": [1.0]}"
identity,identity,12.0,20265514,5,scaled_with_l,0.6000000000000001,12288,fixed_density,4.0,1,1,shuffled_target,-3.042274014164177e-05,{}
identity,identity,12.0,20265514,5,scaled_with_l,0.6000000000000001,12288,fixed_density,4.0,1,1,analytic_volume,2.4849066497880004,"{""source_dim"": 1}"
identity,identity,12.0,20265531,6,scaled_with_l,0.6000000000000001,12288,fixed_density,4.0,1,1,null,0.00017916004614641897,{}
identity,identity,12.0,20265531,6,scaled_with_l,0.6000000000000001,12288,fixed_density,4.0,1,1,identity,1.7726289449903396,"{""projection"": [[1.0]]}"
identity,identity,12.0,20265531,6,scaled_with_l,0.6000000000000001,12288,fixed_density,4.0,1,1,gain_matched,1.7863669264774573,"{""gain_matrix"": [[1.0000000000000024]]}"
identity,identity,12.0,20265531,6,scaled_with_l,0.6000000000000001,12288,fixed_density,4.0,1,1,variance_matched,1.7681266838883671,"{""direction"": [1.0]}"
identity,identity,12.0,20265531,6,scaled_with_l,0.6000000000000001,12288,fixed_density,4.0,1,1,shuffled_target,-0.00010285019850509644,{}
identity,identity,12.0,20265531,6,scaled_with_l,0.6000000000000001,12288,fixed_density,4.0,1,1,analytic_volume,2.4849066497880004,"{""source_dim"": 1}"
identity,identity,12.0,20265548,7,scaled_with_l,0.6000000000000001,12288,fixed_density,4.0,1,1,null,5.01159494980176e-06,{}
identity,identity,12.0,20265548,7,scaled_with_l,0.6000000000000001,12288,fixed_density,4.0,1,1,identity,1.7590829236734018,"{""projection"": [[1.0]]}"
identity,identity,12.0,20265548,7,scaled_with_l,0.6000000000000001,12288,fixed_density,4.0,1,1,gain_matched,1.768066924340695,"{""gain_matrix"": [[1.0000000000000053]]}"
identity,identity,12.0,20265548,7,scaled_with_l,0.6000000000000001,12288,fixed_density,4.0,1,1,variance_matched,1.7737742938352465,"{""direction"": [1.0]}"
identity,identity,12.0,20265548,7,scaled_with_l,0.6000000000000001,12288,fixed_density,4.0,1,1,shuffled_target,1.2839962513387554e-05,{}
identity,identity,12.0,20265548,7,scaled_with_l,0.6000000000000001,12288,fixed_density,4.0,1,1,analytic_volume,2.4849066497880004,"{""source_dim"": 1}"
identity,identity,12.0,20265565,8,scaled_with_l,0.6000000000000001,12288,fixed_density,4.0,1,1,null,-2.352548020972724e-05,{}
identity,identity,12.0,20265565,8,scaled_with_l,0.6000000000000001,12288,fixed_density,4.0,1,1,identity,1.7671942268463017,"{""projection"": [[1.0]]}"
identity,identity,12.0,20265565,8,scaled_with_l,0.6000000000000001,12288,fixed_density,4.0,1,1,gain_matched,1.766101067466769,"{""gain_matrix"": [[0.999999999999999]]}"
identity,identity,12.0,20265565,8,scaled_with_l,0.6000000000000001,12288,fixed_density,4.0,1,1,variance_matched,1.774580246625178,"{""direction"": [1.0]}"
identity,identity,12.0,20265565,8,scaled_with_l,0.6000000000000001,12288,fixed_density,4.0,1,1,shuffled_target,-7.81578277756463e-05,{}
identity,identity,12.0,20265565,8,scaled_with_l,0.6000000000000001,12288,fixed_density,4.0,1,1,analytic_volume,2.4849066497880004,"{""source_dim"": 1}"
identity,identity,12.0,20265582,9,scaled_with_l,0.6000000000000001,12288,fixed_density,4.0,1,1,null,-4.479567765333279e-06,{}
identity,identity,12.0,20265582,9,scaled_with_l,0.6000000000000001,12288,fixed_density,4.0,1,1,identity,1.765661608983799,"{""projection"": [[1.0]]}"
identity,identity,12.0,20265582,9,scaled_with_l,0.6000000000000001,12288,fixed_density,4.0,1,1,gain_matched,1.7761647565005105,"{""gain_matrix"": [[0.9999999999999991]]}"
identity,identity,12.0,20265582,9,scaled_with_l,0.6000000000000001,12288,fixed_density,4.0,1,1,variance_matched,1.7670303578152102,"{""direction"": [1.0]}"
identity,identity,12.0,20265582,9,scaled_with_l,0.6000000000000001,12288,fixed_density,4.0,1,1,shuffled_target,0.0001047998271475298,{}
identity,identity,12.0,20265582,9,scaled_with_l,0.6000000000000001,12288,fixed_density,4.0,1,1,analytic_volume,2.4849066497880004,"{""source_dim"": 1}"
identity,identity,16.0,20266429,0,scaled_with_l,0.8,16384,fixed_density,4.0,1,1,null,-8.269271066889267e-05,{}
identity,identity,16.0,20266429,0,scaled_with_l,0.8,16384,fixed_density,4.0,1,1,identity,1.7635452395994233,"{""projection"": [[1.0]]}"
identity,identity,16.0,20266429,0,scaled_with_l,0.8,16384,fixed_density,4.0,1,1,gain_matched,1.7627213353681541,"{""gain_matrix"": [[1.000000000000004]]}"
identity,identity,16.0,20266429,0,scaled_with_l,0.8,16384,fixed_density,4.0,1,1,variance_matched,1.771442638167951,"{""direction"": [1.0]}"
identity,identity,16.0,20266429,0,scaled_with_l,0.8,16384,fixed_density,4.0,1,1,shuffled_target,2.041503597894476e-05,{}
identity,identity,16.0,20266429,0,scaled_with_l,0.8,16384,fixed_density,4.0,1,1,analytic_volume,2.772588722239781,"{""source_dim"": 1}"
identity,identity,16.0,20266446,1,scaled_with_l,0.8,16384,fixed_density,4.0,1,1,null,2.531893165384682e-05,{}
identity,identity,16.0,20266446,1,scaled_with_l,0.8,16384,fixed_density,4.0,1,1,identity,1.7725947038023113,"{""projection"": [[1.0]]}"
identity,identity,16.0,20266446,1,scaled_with_l,0.8,16384,fixed_density,4.0,1,1,gain_matched,1.776283297054964,"{""gain_matrix"": [[0.9999999999999928]]}"
identity,identity,16.0,20266446,1,scaled_with_l,0.8,16384,fixed_density,4.0,1,1,variance_matched,1.7700750850702116,"{""direction"": [1.0]}"
identity,identity,16.0,20266446,1,scaled_with_l,0.8,16384,fixed_density,4.0,1,1,shuffled_target,-1.547715401750799e-05,{}
identity,identity,16.0,20266446,1,scaled_with_l,0.8,16384,fixed_density,4.0,1,1,analytic_volume,2.772588722239781,"{""source_dim"": 1}"
identity,identity,16.0,20266463,2,scaled_with_l,0.8,16384,fixed_density,4.0,1,1,null,-3.5982858835040535e-05,{}
identity,identity,16.0,20266463,2,scaled_with_l,0.8,16384,fixed_density,4.0,1,1,identity,1.7600881432978752,"{""projection"": [[1.0]]}"
identity,identity,16.0,20266463,2,scaled_with_l,0.8,16384,fixed_density,4.0,1,1,gain_matched,1.7765352205407456,"{""gain_matrix"": [[1.0000000000000022]]}"
identity,identity,16.0,20266463,2,scaled_with_l,0.8,16384,fixed_density,4.0,1,1,variance_matched,1.7605801419785716,"{""direction"": [1.0]}"
identity,identity,16.0,20266463,2,scaled_with_l,0.8,16384,fixed_density,4.0,1,1,shuffled_target,-9.078627365813007e-05,{}
identity,identity,16.0,20266463,2,scaled_with_l,0.8,16384,fixed_density,4.0,1,1,analytic_volume,2.772588722239781,"{""source_dim"": 1}"
identity,identity,16.0,20266480,3,scaled_with_l,0.8,16384,fixed_density,4.0,1,1,null,-1.5504118888850566e-06,{}
identity,identity,16.0,20266480,3,scaled_with_l,0.8,16384,fixed_density,4.0,1,1,identity,1.7565702403536378,"{""projection"": [[1.0]]}"
identity,identity,16.0,20266480,3,scaled_with_l,0.8,16384,fixed_density,4.0,1,1,gain_matched,1.7707714573712203,"{""gain_matrix"": [[1.000000000000001]]}"
identity,identity,16.0,20266480,3,scaled_with_l,0.8,16384,fixed_density,4.0,1,1,variance_matched,1.7614133695762668,"{""direction"": [1.0]}"
identity,identity,16.0,20266480,3,scaled_with_l,0.8,16384,fixed_density,4.0,1,1,shuffled_target,-7.500202370358961e-06,{}
identity,identity,16.0,20266480,3,scaled_with_l,0.8,16384,fixed_density,4.0,1,1,analytic_volume,2.772588722239781,"{""source_dim"": 1}"
identity,identity,16.0,20266497,4,scaled_with_l,0.8,16384,fixed_density,4.0,1,1,null,5.4049764513742586e-05,{}
identity,identity,16.0,20266497,4,scaled_with_l,0.8,16384,fixed_density,4.0,1,1,identity,1.7666096544224312,"{""projection"": [[1.0]]}"
identity,identity,16.0,20266497,4,scaled_with_l,0.8,16384,fixed_density,4.0,1,1,gain_matched,1.7650079688408997,"{""gain_matrix"": [[0.9999999999999986]]}"
identity,identity,16.0,20266497,4,scaled_with_l,0.8,16384,fixed_density,4.0,1,1,variance_matched,1.7697916619072425,"{""direction"": [1.0]}"
identity,identity,16.0,20266497,4,scaled_with_l,0.8,16384,fixed_density,4.0,1,1,shuffled_target,-6.757673623551178e-05,{}
identity,identity,16.0,20266497,4,scaled_with_l,0.8,16384,fixed_density,4.0,1,1,analytic_volume,2.772588722239781,"{""source_dim"": 1}"
identity,identity,16.0,20266514,5,scaled_with_l,0.8,16384,fixed_density,4.0,1,1,null,-4.479504750700212e-05,{}
identity,identity,16.0,20266514,5,scaled_with_l,0.8,16384,fixed_density,4.0,1,1,identity,1.7686036979262292,"{""projection"": [[1.0]]}"
identity,identity,16.0,20266514,5,scaled_with_l,0.8,16384,fixed_density,4.0,1,1,gain_matched,1.7613305430172717,"{""gain_matrix"": [[0.9999999999999929]]}"
identity,identity,16.0,20266514,5,scaled_with_l,0.8,16384,fixed_density,4.0,1,1,variance_matched,1.754716978628008,"{""direction"": [1.0]}"
identity,identity,16.0,20266514,5,scaled_with_l,0.8,16384,fixed_density,4.0,1,1,shuffled_target,3.0794460702160506e-05,{}
identity,identity,16.0,20266514,5,scaled_with_l,0.8,16384,fixed_density,4.0,1,1,analytic_volume,2.772588722239781,"{""source_dim"": 1}"
identity,identity,16.0,20266531,6,scaled_with_l,0.8,16384,fixed_density,4.0,1,1,null,-4.211246855682455e-05,{}
identity,identity,16.0,20266531,6,scaled_with_l,0.8,16384,fixed_density,4.0,1,1,identity,1.7712166045356588,"{""projection"": [[1.0]]}"
identity,identity,16.0,20266531,6,scaled_with_l,0.8,16384,fixed_density,4.0,1,1,gain_matched,1.7644818872468297,"{""gain_matrix"": [[0.9999999999999961]]}"
identity,identity,16.0,20266531,6,scaled_with_l,0.8,16384,fixed_density,4.0,1,1,variance_matched,1.7722392258371547,"{""direction"": [1.0]}"
identity,identity,16.0,20266531,6,scaled_with_l,0.8,16384,fixed_density,4.0,1,1,shuffled_target,8.796135758207705e-05,{}
identity,identity,16.0,20266531,6,scaled_with_l,0.8,16384,fixed_density,4.0,1,1,analytic_volume,2.772588722239781,"{""source_dim"": 1}"
identity,identity,16.0,20266548,7,scaled_with_l,0.8,16384,fixed_density,4.0,1,1,null,-7.243095070463727e-05,{}
identity,identity,16.0,20266548,7,scaled_with_l,0.8,16384,fixed_density,4.0,1,1,identity,1.7749998193519294,"{""projection"": [[1.0]]}"
identity,identity,16.0,20266548,7,scaled_with_l,0.8,16384,fixed_density,4.0,1,1,gain_matched,1.7619178962097533,"{""gain_matrix"": [[0.999999999999999]]}"
identity,identity,16.0,20266548,7,scaled_with_l,0.8,16384,fixed_density,4.0,1,1,variance_matched,1.7665078571825634,"{""direction"": [1.0]}"
identity,identity,16.0,20266548,7,scaled_with_l,0.8,16384,fixed_density,4.0,1,1,shuffled_target,3.9381529211505735e-05,{}
identity,identity,16.0,20266548,7,scaled_with_l,0.8,16384,fixed_density,4.0,1,1,analytic_volume,2.772588722239781,"{""source_dim"": 1}"
identity,identity,16.0,20266565,8,scaled_with_l,0.8,16384,fixed_density,4.0,1,1,null,-2.1377890476369537e-05,{}
identity,identity,16.0,20266565,8,scaled_with_l,0.8,16384,fixed_density,4.0,1,1,identity,1.7776034139831152,"{""projection"": [[1.0]]}"
identity,identity,16.0,20266565,8,scaled_with_l,0.8,16384,fixed_density,4.0,1,1,gain_matched,1.7547692155457844,"{""gain_matrix"": [[0.9999999999999927]]}"
identity,identity,16.0,20266565,8,scaled_with_l,0.8,16384,fixed_density,4.0,1,1,variance_matched,1.774121211562044,"{""direction"": [1.0]}"
identity,identity,16.0,20266565,8,scaled_with_l,0.8,16384,fixed_density,4.0,1,1,shuffled_target,1.6941914241799073e-05,{}
identity,identity,16.0,20266565,8,scaled_with_l,0.8,16384,fixed_density,4.0,1,1,analytic_volume,2.772588722239781,"{""source_dim"": 1}"
identity,identity,16.0,20266582,9,scaled_with_l,0.8,16384,fixed_density,4.0,1,1,null,-3.46669026871225e-05,{}
identity,identity,16.0,20266582,9,scaled_with_l,0.8,16384,fixed_density,4.0,1,1,identity,1.763845368807608,"{""projection"": [[1.0]]}"
identity,identity,16.0,20266582,9,scaled_with_l,0.8,16384,fixed_density,4.0,1,1,gain_matched,1.7689780578252339,"{""gain_matrix"": [[0.9999999999999984]]}"
identity,identity,16.0,20266582,9,scaled_with_l,0.8,16384,fixed_density,4.0,1,1,variance_matched,1.772703821175055,"{""direction"": [1.0]}"
identity,identity,16.0,20266582,9,scaled_with_l,0.8,16384,fixed_density,4.0,1,1,shuffled_target,3.140355208239149e-05,{}
identity,identity,16.0,20266582,9,scaled_with_l,0.8,16384,fixed_density,4.0,1,1,analytic_volume,2.772588722239781,"{""source_dim"": 1}"
linear_gain,gain=0.5,0.5,20360429,0,fixed,0.05,512,fixed_density,4.0,1,1,null,0.004853319545993453,{}
linear_gain,gain=0.5,0.5,20360429,0,fixed,0.05,512,fixed_density,4.0,1,1,identity,1.1199342921251583,"{""projection"": [[1.0]]}"
linear_gain,gain=0.5,0.5,20360429,0,fixed,0.05,512,fixed_density,4.0,1,1,gain_matched,0.5420080745413993,"{""gain_matrix"": [[0.5000000000000001]]}"
linear_gain,gain=0.5,0.5,20360429,0,fixed,0.05,512,fixed_density,4.0,1,1,variance_matched,0.5296251261563779,"{""direction"": [1.0]}"
linear_gain,gain=0.5,0.5,20360429,0,fixed,0.05,512,fixed_density,4.0,1,1,shuffled_target,0.002468706104639974,{}
linear_gain,gain=0.5,0.5,20360429,0,fixed,0.05,512,fixed_density,4.0,1,1,analytic_volume,-0.6931471805599453,"{""source_dim"": 1}"
linear_gain,gain=0.5,0.5,20360446,1,fixed,0.05,512,fixed_density,4.0,1,1,null,-0.0009445059919240056,{}
linear_gain,gain=0.5,0.5,20360446,1,fixed,0.05,512,fixed_density,4.0,1,1,identity,1.0647026137487647,"{""projection"": [[1.0]]}"
linear_gain,gain=0.5,0.5,20360446,1,fixed,0.05,512,fixed_density,4.0,1,1,gain_matched,0.5129848267744361,"{""gain_matrix"": [[0.5000000000000003]]}"
linear_gain,gain=0.5,0.5,20360446,1,fixed,0.05,512,fixed_density,4.0,1,1,variance_matched,0.6052117171330549,"{""direction"": [1.0]}"
linear_gain,gain=0.5,0.5,20360446,1,fixed,0.05,512,fixed_density,4.0,1,1,shuffled_target,0.00029108757837615316,{}
linear_gain,gain=0.5,0.5,20360446,1,fixed,0.05,512,fixed_density,4.0,1,1,analytic_volume,-0.6931471805599453,"{""source_dim"": 1}"
linear_gain,gain=0.5,0.5,20360463,2,fixed,0.05,512,fixed_density,4.0,1,1,null,-0.00020754600825305175,{}
linear_gain,gain=0.5,0.5,20360463,2,fixed,0.05,512,fixed_density,4.0,1,1,identity,1.148694683689061,"{""projection"": [[1.0]]}"
linear_gain,gain=0.5,0.5,20360463,2,fixed,0.05,512,fixed_density,4.0,1,1,gain_matched,0.5818767872783828,"{""gain_matrix"": [[0.5000000000000001]]}"
linear_gain,gain=0.5,0.5,20360463,2,fixed,0.05,512,fixed_density,4.0,1,1,variance_matched,0.5659627541217698,"{""direction"": [1.0]}"
linear_gain,gain=0.5,0.5,20360463,2,fixed,0.05,512,fixed_density,4.0,1,1,shuffled_target,-0.0005264808413391032,{}
linear_gain,gain=0.5,0.5,20360463,2,fixed,0.05,512,fixed_density,4.0,1,1,analytic_volume,-0.6931471805599453,"{""source_dim"": 1}"
linear_gain,gain=0.5,0.5,20360480,3,fixed,0.05,512,fixed_density,4.0,1,1,null,-5.829025239186122e-05,{}
linear_gain,gain=0.5,0.5,20360480,3,fixed,0.05,512,fixed_density,4.0,1,1,identity,1.1488727574556126,"{""projection"": [[1.0]]}"
linear_gain,gain=0.5,0.5,20360480,3,fixed,0.05,512,fixed_density,4.0,1,1,gain_matched,0.5409573239790881,"{""gain_matrix"": [[0.5000000000000001]]}"
linear_gain,gain=0.5,0.5,20360480,3,fixed,0.05,512,fixed_density,4.0,1,1,variance_matched,0.5851236857790996,"{""direction"": [1.0]}"
linear_gain,gain=0.5,0.5,20360480,3,fixed,0.05,512,fixed_density,4.0,1,1,shuffled_target,-0.0015603776550690866,{}
linear_gain,gain=0.5,0.5,20360480,3,fixed,0.05,512,fixed_density,4.0,1,1,analytic_volume,-0.6931471805599453,"{""source_dim"": 1}"
linear_gain,gain=0.5,0.5,20360497,4,fixed,0.05,512,fixed_density,4.0,1,1,null,0.00940480496896213,{}
linear_gain,gain=0.5,0.5,20360497,4,fixed,0.05,512,fixed_density,4.0,1,1,identity,1.1395157018264421,"{""projection"": [[1.0]]}"
linear_gain,gain=0.5,0.5,20360497,4,fixed,0.05,512,fixed_density,4.0,1,1,gain_matched,0.6265754088904333,"{""gain_matrix"": [[0.4999999999999997]]}"
linear_gain,gain=0.5,0.5,20360497,4,fixed,0.05,512,fixed_density,4.0,1,1,variance_matched,0.562473342151288,"{""direction"": [1.0]}"
linear_gain,gain=0.5,0.5,20360497,4,fixed,0.05,512,fixed_density,4.0,1,1,shuffled_target,-0.0012382390552952917,{}
linear_gain,gain=0.5,0.5,20360497,4,fixed,0.05,512,fixed_density,4.0,1,1,analytic_volume,-0.6931471805599453,"{""source_dim"": 1}"
linear_gain,gain=0.5,0.5,20360514,5,fixed,0.05,512,fixed_density,4.0,1,1,null,-0.0016058459333847409,{}
linear_gain,gain=0.5,0.5,20360514,5,fixed,0.05,512,fixed_density,4.0,1,1,identity,1.1212781239315306,"{""projection"": [[1.0]]}"
linear_gain,gain=0.5,0.5,20360514,5,fixed,0.05,512,fixed_density,4.0,1,1,gain_matched,0.495355519916223,"{""gain_matrix"": [[0.5]]}"
linear_gain,gain=0.5,0.5,20360514,5,fixed,0.05,512,fixed_density,4.0,1,1,variance_matched,0.5269656384708196,"{""direction"": [1.0]}"
linear_gain,gain=0.5,0.5,20360514,5,fixed,0.05,512,fixed_density,4.0,1,1,shuffled_target,-0.0019576185396936647,{}
linear_gain,gain=0.5,0.5,20360514,5,fixed,0.05,512,fixed_density,4.0,1,1,analytic_volume,-0.6931471805599453,"{""source_dim"": 1}"
linear_gain,gain=0.5,0.5,20360531,6,fixed,0.05,512,fixed_density,4.0,1,1,null,0.0016589322089519709,{}
linear_gain,gain=0.5,0.5,20360531,6,fixed,0.05,512,fixed_density,4.0,1,1,identity,1.1836926691485923,"{""projection"": [[1.0]]}"
linear_gain,gain=0.5,0.5,20360531,6,fixed,0.05,512,fixed_density,4.0,1,1,gain_matched,0.546501349972833,"{""gain_matrix"": [[0.5000000000000006]]}"
linear_gain,gain=0.5,0.5,20360531,6,fixed,0.05,512,fixed_density,4.0,1,1,variance_matched,0.5838248720070364,"{""direction"": [1.0]}"
linear_gain,gain=0.5,0.5,20360531,6,fixed,0.05,512,fixed_density,4.0,1,1,shuffled_target,0.00248265416382728,{}
linear_gain,gain=0.5,0.5,20360531,6,fixed,0.05,512,fixed_density,4.0,1,1,analytic_volume,-0.6931471805599453,"{""source_dim"": 1}"
linear_gain,gain=0.5,0.5,20360548,7,fixed,0.05,512,fixed_density,4.0,1,1,null,0.004626102497740852,{}
linear_gain,gain=0.5,0.5,20360548,7,fixed,0.05,512,fixed_density,4.0,1,1,identity,1.1656004345097744,"{""projection"": [[1.0]]}"
linear_gain,gain=0.5,0.5,20360548,7,fixed,0.05,512,fixed_density,4.0,1,1,gain_matched,0.542995252187867,"{""gain_matrix"": [[0.49999999999999983]]}"
linear_gain,gain=0.5,0.5,20360548,7,fixed,0.05,512,fixed_density,4.0,1,1,variance_matched,0.5737412702266942,"{""direction"": [1.0]}"
linear_gain,gain=0.5,0.5,20360548,7,fixed,0.05,512,fixed_density,4.0,1,1,shuffled_target,-0.000700708973192589,{}
linear_gain,gain=0.5,0.5,20360548,7,fixed,0.05,512,fixed_density,4.0,1,1,analytic_volume,-0.6931471805599453,"{""source_dim"": 1}"
linear_gain,gain=0.5,0.5,20360565,8,fixed,0.05,512,fixed_density,4.0,1,1,null,0.000537575377962896,{}
linear_gain,gain=0.5,0.5,20360565,8,fixed,0.05,512,fixed_density,4.0,1,1,identity,1.0985128709698668,"{""projection"": [[1.0]]}"
linear_gain,gain=0.5,0.5,20360565,8,fixed,0.05,512,fixed_density,4.0,1,1,gain_matched,0.54156950768941,"{""gain_matrix"": [[0.49999999999999956]]}"
linear_gain,gain=0.5,0.5,20360565,8,fixed,0.05,512,fixed_density,4.0,1,1,variance_matched,0.5794112124104687,"{""direction"": [1.0]}"
linear_gain,gain=0.5,0.5,20360565,8,fixed,0.05,512,fixed_density,4.0,1,1,shuffled_target,-0.001146923087505689,{}
linear_gain,gain=0.5,0.5,20360565,8,fixed,0.05,512,fixed_density,4.0,1,1,analytic_volume,-0.6931471805599453,"{""source_dim"": 1}"
linear_gain,gain=0.5,0.5,20360582,9,fixed,0.05,512,fixed_density,4.0,1,1,null,-0.0017372266969881336,{}
linear_gain,gain=0.5,0.5,20360582,9,fixed,0.05,512,fixed_density,4.0,1,1,identity,1.1061343867044935,"{""projection"": [[1.0]]}"
linear_gain,gain=0.5,0.5,20360582,9,fixed,0.05,512,fixed_density,4.0,1,1,gain_matched,0.5502092734066584,"{""gain_matrix"": [[0.5000000000000009]]}"
linear_gain,gain=0.5,0.5,20360582,9,fixed,0.05,512,fixed_density,4.0,1,1,variance_matched,0.5795478572045349,"{""direction"": [1.0]}"
linear_gain,gain=0.5,0.5,20360582,9,fixed,0.05,512,fixed_density,4.0,1,1,shuffled_target,0.0038292540120483214,{}
linear_gain,gain=0.5,0.5,20360582,9,fixed,0.05,512,fixed_density,4.0,1,1,analytic_volume,-0.6931471805599453,"{""source_dim"": 1}"
linear_gain,gain=0.5,1.0,20361429,0,fixed,0.05,1024,fixed_density,4.0,1,1,null,0.0027964103833050405,{}
linear_gain,gain=0.5,1.0,20361429,0,fixed,0.05,1024,fixed_density,4.0,1,1,identity,1.7368609427227977,"{""projection"": [[1.0]]}"
linear_gain,gain=0.5,1.0,20361429,0,fixed,0.05,1024,fixed_density,4.0,1,1,gain_matched,1.0921393936181536,"{""gain_matrix"": [[0.5000000000000004]]}"
linear_gain,gain=0.5,1.0,20361429,0,fixed,0.05,1024,fixed_density,4.0,1,1,variance_matched,1.1046889400463153,"{""direction"": [1.0]}"
linear_gain,gain=0.5,1.0,20361429,0,fixed,0.05,1024,fixed_density,4.0,1,1,shuffled_target,0.003834953428703108,{}
linear_gain,gain=0.5,1.0,20361429,0,fixed,0.05,1024,fixed_density,4.0,1,1,analytic_volume,0.0,"{""source_dim"": 1}"
linear_gain,gain=0.5,1.0,20361446,1,fixed,0.05,1024,fixed_density,4.0,1,1,null,0.0010875544390344981,{}
linear_gain,gain=0.5,1.0,20361446,1,fixed,0.05,1024,fixed_density,4.0,1,1,identity,1.758371531966783,"{""projection"": [[1.0]]}"
linear_gain,gain=0.5,1.0,20361446,1,fixed,0.05,1024,fixed_density,4.0,1,1,gain_matched,1.1257098918219042,"{""gain_matrix"": [[0.5000000000000002]]}"
linear_gain,gain=0.5,1.0,20361446,1,fixed,0.05,1024,fixed_density,4.0,1,1,variance_matched,1.107177065146162,"{""direction"": [1.0]}"
linear_gain,gain=0.5,1.0,20361446,1,fixed,0.05,1024,fixed_density,4.0,1,1,shuffled_target,-0.0013584827200248584,{}
linear_gain,gain=0.5,1.0,20361446,1,fixed,0.05,1024,fixed_density,4.0,1,1,analytic_volume,0.0,"{""source_dim"": 1}"
linear_gain,gain=0.5,1.0,20361463,2,fixed,0.05,1024,fixed_density,4.0,1,1,null,-7.553507133126929e-05,{}
linear_gain,gain=0.5,1.0,20361463,2,fixed,0.05,1024,fixed_density,4.0,1,1,identity,1.8376689582625356,"{""projection"": [[1.0]]}"
linear_gain,gain=0.5,1.0,20361463,2,fixed,0.05,1024,fixed_density,4.0,1,1,gain_matched,1.0940328809789701,"{""gain_matrix"": [[0.4999999999999996]]}"
linear_gain,gain=0.5,1.0,20361463,2,fixed,0.05,1024,fixed_density,4.0,1,1,variance_matched,1.131950913785369,"{""direction"": [1.0]}"
linear_gain,gain=0.5,1.0,20361463,2,fixed,0.05,1024,fixed_density,4.0,1,1,shuffled_target,-0.0007699902254584049,{}
linear_gain,gain=0.5,1.0,20361463,2,fixed,0.05,1024,fixed_density,4.0,1,1,analytic_volume,0.0,"{""source_dim"": 1}"
linear_gain,gain=0.5,1.0,20361480,3,fixed,0.05,1024,fixed_density,4.0,1,1,null,-0.00026217496335718916,{}
linear_gain,gain=0.5,1.0,20361480,3,fixed,0.05,1024,fixed_density,4.0,1,1,identity,1.7602903675709034,"{""projection"": [[1.0]]}"
linear_gain,gain=0.5,1.0,20361480,3,fixed,0.05,1024,fixed_density,4.0,1,1,gain_matched,1.1487442087540862,"{""gain_matrix"": [[0.5]]}"
linear_gain,gain=0.5,1.0,20361480,3,fixed,0.05,1024,fixed_density,4.0,1,1,variance_matched,1.1283390113668226,"{""direction"": [1.0]}"
linear_gain,gain=0.5,1.0,20361480,3,fixed,0.05,1024,fixed_density,4.0,1,1,shuffled_target,-0.0006867767146455674,{}
linear_gain,gain=0.5,1.0,20361480,3,fixed,0.05,1024,fixed_density,4.0,1,1,analytic_volume,0.0,"{""source_dim"": 1}"
linear_gain,gain=0.5,1.0,20361497,4,fixed,0.05,1024,fixed_density,4.0,1,1,null,-0.001026960859589156,{}
linear_gain,gain=0.5,1.0,20361497,4,fixed,0.05,1024,fixed_density,4.0,1,1,identity,1.7252195301698432,"{""projection"": [[1.0]]}"
linear_gain,gain=0.5,1.0,20361497,4,fixed,0.05,1024,fixed_density,4.0,1,1,gain_matched,1.0833799800766144,"{""gain_matrix"": [[0.5000000000000002]]}"
linear_gain,gain=0.5,1.0,20361497,4,fixed,0.05,1024,fixed_density,4.0,1,1,variance_matched,1.1249082703786633,"{""direction"": [1.0]}"
linear_gain,gain=0.5,1.0,20361497,4,fixed,0.05,1024,fixed_density,4.0,1,1,shuffled_target,-0.0003456751783609121,{}
linear_gain,gain=0.5,1.0,20361497,4,fixed,0.05,1024,fixed_density,4.0,1,1,analytic_volume,0.0,"{""source_dim"": 1}"
linear_gain,gain=0.5,1.0,20361514,5,fixed,0.05,1024,fixed_density,4.0,1,1,null,-0.0004529956977076862,{}
linear_gain,gain=0.5,1.0,20361514,5,fixed,0.05,1024,fixed_density,4.0,1,1,identity,1.7931513267506172,"{""projection"": [[1.0]]}"
linear_gain,gain=0.5,1.0,20361514,5,fixed,0.05,1024,fixed_density,4.0,1,1,gain_matched,1.1077474394631466,"{""gain_matrix"": [[0.5000000000000002]]}"
linear_gain,gain=0.5,1.0,20361514,5,fixed,0.05,1024,fixed_density,4.0,1,1,variance_matched,1.1065346849795377,"{""direction"": [1.0]}"
linear_gain,gain=0.5,1.0,20361514,5,fixed,0.05,1024,fixed_density,4.0,1,1,shuffled_target,-0.0008484950510826688,{}
linear_gain,gain=0.5,1.0,20361514,5,fixed,0.05,1024,fixed_density,4.0,1,1,analytic_volume,0.0,"{""source_dim"": 1}"
linear_gain,gain=0.5,1.0,20361531,6,fixed,0.05,1024,fixed_density,4.0,1,1,null,-0.000559647138461415,{}
linear_gain,gain=0.5,1.0,20361531,6,fixed,0.05,1024,fixed_density,4.0,1,1,identity,1.746501868714653,"{""projection"": [[1.0]]}"
linear_gain,gain=0.5,1.0,20361531,6,fixed,0.05,1024,fixed_density,4.0,1,1,gain_matched,1.0970775592818875,"{""gain_matrix"": [[0.4999999999999997]]}"
linear_gain,gain=0.5,1.0,20361531,6,fixed,0.05,1024,fixed_density,4.0,1,1,variance_matched,1.110806409167442,"{""direction"": [1.0]}"
linear_gain,gain=0.5,1.0,20361531,6,fixed,0.05,1024,fixed_density,4.0,1,1,shuffled_target,0.0018451851124561681,{}
linear_gain,gain=0.5,1.0,20361531,6,fixed,0.05,1024,fixed_density,4.0,1,1,analytic_volume,0.0,"{""source_dim"": 1}"
linear_gain,gain=0.5,1.0,20361548,7,fixed,0.05,1024,fixed_density,4.0,1,1,null,-0.0011330243575467312,{}
linear_gain,gain=0.5,1.0,20361548,7,fixed,0.05,1024,fixed_density,4.0,1,1,identity,1.7350911982894623,"{""projection"": [[1.0]]}"
linear_gain,gain=0.5,1.0,20361548,7,fixed,0.05,1024,fixed_density,4.0,1,1,gain_matched,1.072555632630897,"{""gain_matrix"": [[0.4999999999999997]]}"
linear_gain,gain=0.5,1.0,20361548,7,fixed,0.05,1024,fixed_density,4.0,1,1,variance_matched,1.085186059864134,"{""direction"": [1.0]}"
linear_gain,gain=0.5,1.0,20361548,7,fixed,0.05,1024,fixed_density,4.0,1,1,shuffled_target,0.003666106574313416,{}
linear_gain,gain=0.5,1.0,20361548,7,fixed,0.05,1024,fixed_density,4.0,1,1,analytic_volume,0.0,"{""source_dim"": 1}"
linear_gain,gain=0.5,1.0,20361565,8,fixed,0.05,1024,fixed_density,4.0,1,1,null,-0.0010283770744413865,{}
linear_gain,gain=0.5,1.0,20361565,8,fixed,0.05,1024,fixed_density,4.0,1,1,identity,1.8102457278506394,"{""projection"": [[1.0]]}"
linear_gain,gain=0.5,1.0,20361565,8,fixed,0.05,1024,fixed_density,4.0,1,1,gain_matched,1.142362518163547,"{""gain_matrix"": [[0.5000000000000001]]}"
linear_gain,gain=0.5,1.0,20361565,8,fixed,0.05,1024,fixed_density,4.0,1,1,variance_matched,1.1563659842482281,"{""direction"": [1.0]}"
linear_gain,gain=0.5,1.0,20361565,8,fixed,0.05,1024,fixed_density,4.0,1,1,shuffled_target,0.0005685305448140551,{}
linear_gain,gain=0.5,1.0,20361565,8,fixed,0.05,1024,fixed_density,4.0,1,1,analytic_volume,0.0,"{""source_dim"": 1}"
linear_gain,gain=0.5,1.0,20361582,9,fixed,0.05,1024,fixed_density,4.0,1,1,null,-0.0008867757169623664,{}
linear_gain,gain=0.5,1.0,20361582,9,fixed,0.05,1024,fixed_density,4.0,1,1,identity,1.788355449637098,"{""projection"": [[1.0]]}"
linear_gain,gain=0.5,1.0,20361582,9,fixed,0.05,1024,fixed_density,4.0,1,1,gain_matched,1.124143167387129,"{""gain_matrix"": [[0.4999999999999997]]}"
linear_gain,gain=0.5,1.0,20361582,9,fixed,0.05,1024,fixed_density,4.0,1,1,variance_matched,1.0912474619453356,"{""direction"": [1.0]}"
linear_gain,gain=0.5,1.0,20361582,9,fixed,0.05,1024,fixed_density,4.0,1,1,shuffled_target,-0.00044350255604112875,{}
linear_gain,gain=0.5,1.0,20361582,9,fixed,0.05,1024,fixed_density,4.0,1,1,analytic_volume,0.0,"{""source_dim"": 1}"
linear_gain,gain=0.5,2.0,20362429,0,fixed,0.05,2048,fixed_density,4.0,1,1,null,0.00046263042293403665,{}
linear_gain,gain=0.5,2.0,20362429,0,fixed,0.05,2048,fixed_density,4.0,1,1,identity,2.482763326031556,"{""projection"": [[1.0]]}"
linear_gain,gain=0.5,2.0,20362429,0,fixed,0.05,2048,fixed_density,4.0,1,1,gain_matched,1.781824211523623,"{""gain_matrix"": [[0.5000000000000003]]}"
linear_gain,gain=0.5,2.0,20362429,0,fixed,0.05,2048,fixed_density,4.0,1,1,variance_matched,1.7963944816286488,"{""direction"": [1.0]}"
linear_gain,gain=0.5,2.0,20362429,0,fixed,0.05,2048,fixed_density,4.0,1,1,shuffled_target,-0.00038983575967508347,{}
linear_gain,gain=0.5,2.0,20362429,0,fixed,0.05,2048,fixed_density,4.0,1,1,analytic_volume,0.6931471805599453,"{""source_dim"": 1}"
linear_gain,gain=0.5,2.0,20362446,1,fixed,0.05,2048,fixed_density,4.0,1,1,null,-0.0003734799362893576,{}
linear_gain,gain=0.5,2.0,20362446,1,fixed,0.05,2048,fixed_density,4.0,1,1,identity,2.4832566672979897,"{""projection"": [[1.0]]}"
linear_gain,gain=0.5,2.0,20362446,1,fixed,0.05,2048,fixed_density,4.0,1,1,gain_matched,1.7427390795307613,"{""gain_matrix"": [[0.5000000000000006]]}"
linear_gain,gain=0.5,2.0,20362446,1,fixed,0.05,2048,fixed_density,4.0,1,1,variance_matched,1.7825610305472197,"{""direction"": [1.0]}"
linear_gain,gain=0.5,2.0,20362446,1,fixed,0.05,2048,fixed_density,4.0,1,1,shuffled_target,-0.0002786215763699462,{}
linear_gain,gain=0.5,2.0,20362446,1,fixed,0.05,2048,fixed_density,4.0,1,1,analytic_volume,0.6931471805599453,"{""source_dim"": 1}"
linear_gain,gain=0.5,2.0,20362463,2,fixed,0.05,2048,fixed_density,4.0,1,1,null,0.00020791801243165496,{}
linear_gain,gain=0.5,2.0,20362463,2,fixed,0.05,2048,fixed_density,4.0,1,1,identity,2.475543366444922,"{""projection"": [[1.0]]}"
linear_gain,gain=0.5,2.0,20362463,2,fixed,0.05,2048,fixed_density,4.0,1,1,gain_matched,1.7869839610692329,"{""gain_matrix"": [[0.5000000000000007]]}"
linear_gain,gain=0.5,2.0,20362463,2,fixed,0.05,2048,fixed_density,4.0,1,1,variance_matched,1.760031468262129,"{""direction"": [1.0]}"
linear_gain,gain=0.5,2.0,20362463,2,fixed,0.05,2048,fixed_density,4.0,1,1,shuffled_target,-0.00010212623962307585,{}
linear_gain,gain=0.5,2.0,20362463,2,fixed,0.05,2048,fixed_density,4.0,1,1,analytic_volume,0.6931471805599453,"{""source_dim"": 1}"
linear_gain,gain=0.5,2.0,20362480,3,fixed,0.05,2048,fixed_density,4.0,1,1,null,0.0007484247822942394,{}
linear_gain,gain=0.5,2.0,20362480,3,fixed,0.05,2048,fixed_density,4.0,1,1,identity,2.4250447954663015,"{""projection"": [[1.0]]}"
linear_gain,gain=0.5,2.0,20362480,3,fixed,0.05,2048,fixed_density,4.0,1,1,gain_matched,1.7648749953839644,"{""gain_matrix"": [[0.5000000000000009]]}"
linear_gain,gain=0.5,2.0,20362480,3,fixed,0.05,2048,fixed_density,4.0,1,1,variance_matched,1.7553267411429074,"{""direction"": [1.0]}"
linear_gain,gain=0.5,2.0,20362480,3,fixed,0.05,2048,fixed_density,4.0,1,1,shuffled_target,-0.00045160478093614364,{}
linear_gain,gain=0.5,2.0,20362480,3,fixed,0.05,2048,fixed_density,4.0,1,1,analytic_volume,0.6931471805599453,"{""source_dim"": 1}"
linear_gain,gain=0.5,2.0,20362497,4,fixed,0.05,2048,fixed_density,4.0,1,1,null,0.0007043148702790912,{}
linear_gain,gain=0.5,2.0,20362497,4,fixed,0.05,2048,fixed_density,4.0,1,1,identity,2.4508110957737372,"{""projection"": [[1.0]]}"
linear_gain,gain=0.5,2.0,20362497,4,fixed,0.05,2048,fixed_density,4.0,1,1,gain_matched,1.7598561452578259,"{""gain_matrix"": [[0.49999999999999944]]}"
linear_gain,gain=0.5,2.0,20362497,4,fixed,0.05,2048,fixed_density,4.0,1,1,variance_matched,1.7612038437102897,"{""direction"": [1.0]}"
linear_gain,gain=0.5,2.0,20362497,4,fixed,0.05,2048,fixed_density,4.0,1,1,shuffled_target,-0.00039000739488235565,{}
linear_gain,gain=0.5,2.0,20362497,4,fixed,0.05,2048,fixed_density,4.0,1,1,analytic_volume,0.6931471805599453,"{""source_dim"": 1}"
linear_gain,gain=0.5,2.0,20362514,5,fixed,0.05,2048,fixed_density,4.0,1,1,null,-0.0004922367850189289,{}
linear_gain,gain=0.5,2.0,20362514,5,fixed,0.05,2048,fixed_density,4.0,1,1,identity,2.4442484998431304,"{""projection"": [[1.0]]}"
linear_gain,gain=0.5,2.0,20362514,5,fixed,0.05,2048,fixed_density,4.0,1,1,gain_matched,1.760291027132812,"{""gain_matrix"": [[0.5000000000000002]]}"
linear_gain,gain=0.5,2.0,20362514,5,fixed,0.05,2048,fixed_density,4.0,1,1,variance_matched,1.7493684557978266,"{""direction"": [1.0]}"
linear_gain,gain=0.5,2.0,20362514,5,fixed,0.05,2048,fixed_density,4.0,1,1,shuffled_target,0.0012889520833775587,{}
linear_gain,gain=0.5,2.0,20362514,5,fixed,0.05,2048,fixed_density,4.0,1,1,analytic_volume,0.6931471805599453,"{""source_dim"": 1}"
linear_gain,gain=0.5,2.0,20362531,6,fixed,0.05,2048,fixed_density,4.0,1,1,null,0.0009450474397065327,{}
linear_gain,gain=0.5,2.0,20362531,6,fixed,0.05,2048,fixed_density,4.0,1,1,identity,2.428438510784018,"{""projection"": [[1.0]]}"
linear_gain,gain=0.5,2.0,20362531,6,fixed,0.05,2048,fixed_density,4.0,1,1,gain_matched,1.7773662689040672,"{""gain_matrix"": [[0.5000000000000002]]}"
linear_gain,gain=0.5,2.0,20362531,6,fixed,0.05,2048,fixed_density,4.0,1,1,variance_matched,1.762537401952473,"{""direction"": [1.0]}"
linear_gain,gain=0.5,2.0,20362531,6,fixed,0.05,2048,fixed_density,4.0,1,1,shuffled_target,0.00047248059469911087,{}
linear_gain,gain=0.5,2.0,20362531,6,fixed,0.05,2048,fixed_density,4.0,1,1,analytic_volume,0.6931471805599453,"{""source_dim"": 1}"
linear_gain,gain=0.5,2.0,20362548,7,fixed,0.05,2048,fixed_density,4.0,1,1,null,-0.00028507153580623046,{}
linear_gain,gain=0.5,2.0,20362548,7,fixed,0.05,2048,fixed_density,4.0,1,1,identity,2.478695122589155,"{""projection"": [[1.0]]}"
linear_gain,gain=0.5,2.0,20362548,7,fixed,0.05,2048,fixed_density,4.0,1,1,gain_matched,1.7619852148523738,"{""gain_matrix"": [[0.5000000000000008]]}"
linear_gain,gain=0.5,2.0,20362548,7,fixed,0.05,2048,fixed_density,4.0,1,1,variance_matched,1.7370912570337445,"{""direction"": [1.0]}"
linear_gain,gain=0.5,2.0,20362548,7,fixed,0.05,2048,fixed_density,4.0,1,1,shuffled_target,0.0008137181391066532,{}
linear_gain,gain=0.5,2.0,20362548,7,fixed,0.05,2048,fixed_density,4.0,1,1,analytic_volume,0.6931471805599453,"{""source_dim"": 1}"
linear_gain,gain=0.5,2.0,20362565,8,fixed,0.05,2048,fixed_density,4.0,1,1,null,3.103148078618522e-05,{}
linear_gain,gain=0.5,2.0,20362565,8,fixed,0.05,2048,fixed_density,4.0,1,1,identity,2.47743162659311,"{""projection"": [[1.0]]}"
linear_gain,gain=0.5,2.0,20362565,8,fixed,0.05,2048,fixed_density,4.0,1,1,gain_matched,1.8067613861380067,"{""gain_matrix"": [[0.49999999999999933]]}"
linear_gain,gain=0.5,2.0,20362565,8,fixed,0.05,2048,fixed_density,4.0,1,1,variance_matched,1.7825001642697678,"{""direction"": [1.0]}"
linear_gain,gain=0.5,2.0,20362565,8,fixed,0.05,2048,fixed_density,4.0,1,1,shuffled_target,0.00030663091903061264,{}
linear_gain,gain=0.5,2.0,20362565,8,fixed,0.05,2048,fixed_density,4.0,1,1,analytic_volume,0.6931471805599453,"{""source_dim"": 1}"
linear_gain,gain=0.5,2.0,20362582,9,fixed,0.05,2048,fixed_density,4.0,1,1,null,-0.0005812257446123283,{}
linear_gain,gain=0.5,2.0,20362582,9,fixed,0.05,2048,fixed_density,4.0,1,1,identity,2.4301207607684243,"{""projection"": [[1.0]]}"
linear_gain,gain=0.5,2.0,20362582,9,fixed,0.05,2048,fixed_density,4.0,1,1,gain_matched,1.744380425335,"{""gain_matrix"": [[0.5000000000000013]]}"
linear_gain,gain=0.5,2.0,20362582,9,fixed,0.05,2048,fixed_density,4.0,1,1,variance_matched,1.7772088338304801,"{""direction"": [1.0]}"
linear_gain,gain=0.5,2.0,20362582,9,fixed,0.05,2048,fixed_density,4.0,1,1,shuffled_target,0.0004104792270334965,{}
linear_gain,gain=0.5,2.0,20362582,9,fixed,0.05,2048,fixed_density,4.0,1,1,analytic_volume,0.6931471805599453,"{""source_dim"": 1}"
linear_gain,gain=0.5,4.0,20363429,0,fixed,0.05,4096,fixed_density,4.0,1,1,null,0.0005624075229367331,{}
linear_gain,gain=0.5,4.0,20363429,0,fixed,0.05,4096,fixed_density,4.0,1,1,identity,3.1372606901407005,"{""projection"": [[1.0]]}"
linear_gain,gain=0.5,4.0,20363429,0,fixed,0.05,4096,fixed_density,4.0,1,1,gain_matched,2.4530425570841667,"{""gain_matrix"": [[0.4999999999999997]]}"
linear_gain,gain=0.5,4.0,20363429,0,fixed,0.05,4096,fixed_density,4.0,1,1,variance_matched,2.4635152642143523,"{""direction"": [1.0]}"
linear_gain,gain=0.5,4.0,20363429,0,fixed,0.05,4096,fixed_density,4.0,1,1,shuffled_target,0.00010157891170710197,{}
linear_gain,gain=0.5,4.0,20363429,0,fixed,0.05,4096,fixed_density,4.0,1,1,analytic_volume,1.3862943611198906,"{""source_dim"": 1}"
linear_gain,gain=0.5,4.0,20363446,1,fixed,0.05,4096,fixed_density,4.0,1,1,null,4.974697535753024e-05,{}
linear_gain,gain=0.5,4.0,20363446,1,fixed,0.05,4096,fixed_density,4.0,1,1,identity,3.153651877787363,"{""projection"": [[1.0]]}"
linear_gain,gain=0.5,4.0,20363446,1,fixed,0.05,4096,fixed_density,4.0,1,1,gain_matched,2.4499409524464077,"{""gain_matrix"": [[0.5000000000000018]]}"
linear_gain,gain=0.5,4.0,20363446,1,fixed,0.05,4096,fixed_density,4.0,1,1,variance_matched,2.4499108589223972,"{""direction"": [1.0]}"
linear_gain,gain=0.5,4.0,20363446,1,fixed,0.05,4096,fixed_density,4.0,1,1,shuffled_target,-0.0002756586539695695,{}
linear_gain,gain=0.5,4.0,20363446,1,fixed,0.05,4096,fixed_density,4.0,1,1,analytic_volume,1.3862943611198906,"{""source_dim"": 1}"
linear_gain,gain=0.5,4.0,20363463,2,fixed,0.05,4096,fixed_density,4.0,1,1,null,-0.00029704432388164817,{}
linear_gain,gain=0.5,4.0,20363463,2,fixed,0.05,4096,fixed_density,4.0,1,1,identity,3.1454819826280804,"{""projection"": [[1.0]]}"
linear_gain,gain=0.5,4.0,20363463,2,fixed,0.05,4096,fixed_density,4.0,1,1,gain_matched,2.451818900886775,"{""gain_matrix"": [[0.4999999999999996]]}"
linear_gain,gain=0.5,4.0,20363463,2,fixed,0.05,4096,fixed_density,4.0,1,1,variance_matched,2.436561356116315,"{""direction"": [1.0]}"
linear_gain,gain=0.5,4.0,20363463,2,fixed,0.05,4096,fixed_density,4.0,1,1,shuffled_target,-0.00013230083934638446,{}
linear_gain,gain=0.5,4.0,20363463,2,fixed,0.05,4096,fixed_density,4.0,1,1,analytic_volume,1.3862943611198906,"{""source_dim"": 1}"
linear_gain,gain=0.5,4.0,20363480,3,fixed,0.05,4096,fixed_density,4.0,1,1,null,-0.00011569457305232533,{}
linear_gain,gain=0.5,4.0,20363480,3,fixed,0.05,4096,fixed_density,4.0,1,1,identity,3.148200731320326,"{""projection"": [[1.0]]}"
linear_gain,gain=0.5,4.0,20363480,3,fixed,0.05,4096,fixed_density,4.0,1,1,gain_matched,2.466423610484374,"{""gain_matrix"": [[0.5000000000000021]]}"
linear_gain,gain=0.5,4.0,20363480,3,fixed,0.05,4096,fixed_density,4.0,1,1,variance_matched,2.472594791098949,"{""direction"": [1.0]}"
linear_gain,gain=0.5,4.0,20363480,3,fixed,0.05,4096,fixed_density,4.0,1,1,shuffled_target,0.0005193624040252048,{}
linear_gain,gain=0.5,4.0,20363480,3,fixed,0.05,4096,fixed_density,4.0,1,1,analytic_volume,1.3862943611198906,"{""source_dim"": 1}"
linear_gain,gain=0.5,4.0,20363497,4,fixed,0.05,4096,fixed_density,4.0,1,1,null,0.00010432216267269222,{}
linear_gain,gain=0.5,4.0,20363497,4,fixed,0.05,4096,fixed_density,4.0,1,1,identity,3.134879066271737,"{""projection"": [[1.0]]}"
linear_gain,gain=0.5,4.0,20363497,4,fixed,0.05,4096,fixed_density,4.0,1,1,gain_matched,2.4525957569597505,"{""gain_matrix"": [[0.5000000000000012]]}"
linear_gain,gain=0.5,4.0,20363497,4,fixed,0.05,4096,fixed_density,4.0,1,1,variance_matched,2.471364466161101,"{""direction"": [1.0]}"
linear_gain,gain=0.5,4.0,20363497,4,fixed,0.05,4096,fixed_density,4.0,1,1,shuffled_target,4.241951440019486e-05,{}
linear_gain,gain=0.5,4.0,20363497,4,fixed,0.05,4096,fixed_density,4.0,1,1,analytic_volume,1.3862943611198906,"{""source_dim"": 1}"
linear_gain,gain=0.5,4.0,20363514,5,fixed,0.05,4096,fixed_density,4.0,1,1,null,-0.000303077473355914,{}
linear_gain,gain=0.5,4.0,20363514,5,fixed,0.05,4096,fixed_density,4.0,1,1,identity,3.1506709670703197,"{""projection"": [[1.0]]}"
linear_gain,gain=0.5,4.0,20363514,5,fixed,0.05,4096,fixed_density,4.0,1,1,gain_matched,2.454085505010445,"{""gain_matrix"": [[0.49999999999999994]]}"
linear_gain,gain=0.5,4.0,20363514,5,fixed,0.05,4096,fixed_density,4.0,1,1,variance_matched,2.4558216542187026,"{""direction"": [1.0]}"
linear_gain,gain=0.5,4.0,20363514,5,fixed,0.05,4096,fixed_density,4.0,1,1,shuffled_target,-0.000297682633621421,{}
linear_gain,gain=0.5,4.0,20363514,5,fixed,0.05,4096,fixed_density,4.0,1,1,analytic_volume,1.3862943611198906,"{""source_dim"": 1}"
linear_gain,gain=0.5,4.0,20363531,6,fixed,0.05,4096,fixed_density,4.0,1,1,null,-0.00033582954629875173,{}
linear_gain,gain=0.5,4.0,20363531,6,fixed,0.05,4096,fixed_density,4.0,1,1,identity,3.1484745038927704,"{""projection"": [[1.0]]}"
linear_gain,gain=0.5,4.0,20363531,6,fixed,0.05,4096,fixed_density,4.0,1,1,gain_matched,2.4443526140297065,"{""gain_matrix"": [[0.4999999999999997]]}"
linear_gain,gain=0.5,4.0,20363531,6,fixed,0.05,4096,fixed_density,4.0,1,1,variance_matched,2.4432502800521445,"{""direction"": [1.0]}"
linear_gain,gain=0.5,4.0,20363531,6,fixed,0.05,4096,fixed_density,4.0,1,1,shuffled_target,-0.0001867377807398315,{}
linear_gain,gain=0.5,4.0,20363531,6,fixed,0.05,4096,fixed_density,4.0,1,1,analytic_volume,1.3862943611198906,"{""source_dim"": 1}"
linear_gain,gain=0.5,4.0,20363548,7,fixed,0.05,4096,fixed_density,4.0,1,1,null,-0.0003077547911003292,{}
linear_gain,gain=0.5,4.0,20363548,7,fixed,0.05,4096,fixed_density,4.0,1,1,identity,3.131401347665654,"{""projection"": [[1.0]]}"
linear_gain,gain=0.5,4.0,20363548,7,fixed,0.05,4096,fixed_density,4.0,1,1,gain_matched,2.4300340640591145,"{""gain_matrix"": [[0.4999999999999996]]}"
linear_gain,gain=0.5,4.0,20363548,7,fixed,0.05,4096,fixed_density,4.0,1,1,variance_matched,2.4462342711905576,"{""direction"": [1.0]}"
linear_gain,gain=0.5,4.0,20363548,7,fixed,0.05,4096,fixed_density,4.0,1,1,shuffled_target,2.215764849069262e-05,{}
linear_gain,gain=0.5,4.0,20363548,7,fixed,0.05,4096,fixed_density,4.0,1,1,analytic_volume,1.3862943611198906,"{""source_dim"": 1}"
linear_gain,gain=0.5,4.0,20363565,8,fixed,0.05,4096,fixed_density,4.0,1,1,null,-0.00029117655692509483,{}
linear_gain,gain=0.5,4.0,20363565,8,fixed,0.05,4096,fixed_density,4.0,1,1,identity,3.143981099880133,"{""projection"": [[1.0]]}"
linear_gain,gain=0.5,4.0,20363565,8,fixed,0.05,4096,fixed_density,4.0,1,1,gain_matched,2.443860202377805,"{""gain_matrix"": [[0.4999999999999999]]}"
linear_gain,gain=0.5,4.0,20363565,8,fixed,0.05,4096,fixed_density,4.0,1,1,variance_matched,2.4386291613014643,"{""direction"": [1.0]}"
linear_gain,gain=0.5,4.0,20363565,8,fixed,0.05,4096,fixed_density,4.0,1,1,shuffled_target,0.0001306038531746448,{}
linear_gain,gain=0.5,4.0,20363565,8,fixed,0.05,4096,fixed_density,4.0,1,1,analytic_volume,1.3862943611198906,"{""source_dim"": 1}"
linear_gain,gain=0.5,4.0,20363582,9,fixed,0.05,4096,fixed_density,4.0,1,1,null,0.0005351823679289069,{}
linear_gain,gain=0.5,4.0,20363582,9,fixed,0.05,4096,fixed_density,4.0,1,1,identity,3.1596537027359757,"{""projection"": [[1.0]]}"
linear_gain,gain=0.5,4.0,20363582,9,fixed,0.05,4096,fixed_density,4.0,1,1,gain_matched,2.4373311714610266,"{""gain_matrix"": [[0.500000000000001]]}"
linear_gain,gain=0.5,4.0,20363582,9,fixed,0.05,4096,fixed_density,4.0,1,1,variance_matched,2.4661656702117023,"{""direction"": [1.0]}"
linear_gain,gain=0.5,4.0,20363582,9,fixed,0.05,4096,fixed_density,4.0,1,1,shuffled_target,8.80453249075383e-05,{}
linear_gain,gain=0.5,4.0,20363582,9,fixed,0.05,4096,fixed_density,4.0,1,1,analytic_volume,1.3862943611198906,"{""source_dim"": 1}"
linear_gain,gain=0.5,8.0,20364429,0,fixed,0.05,8192,fixed_density,4.0,1,1,null,-0.00011366109124930483,{}
linear_gain,gain=0.5,8.0,20364429,0,fixed,0.05,8192,fixed_density,4.0,1,1,identity,3.8196704910187744,"{""projection"": [[1.0]]}"
linear_gain,gain=0.5,8.0,20364429,0,fixed,0.05,8192,fixed_density,4.0,1,1,gain_matched,3.138932660878342,"{""gain_matrix"": [[0.5000000000000002]]}"
linear_gain,gain=0.5,8.0,20364429,0,fixed,0.05,8192,fixed_density,4.0,1,1,variance_matched,3.128592237324522,"{""direction"": [1.0]}"
linear_gain,gain=0.5,8.0,20364429,0,fixed,0.05,8192,fixed_density,4.0,1,1,shuffled_target,-4.674686334019099e-05,{}
linear_gain,gain=0.5,8.0,20364429,0,fixed,0.05,8192,fixed_density,4.0,1,1,analytic_volume,2.0794415416798357,"{""source_dim"": 1}"
linear_gain,gain=0.5,8.0,20364446,1,fixed,0.05,8192,fixed_density,4.0,1,1,null,-0.00016021299717539008,{}
linear_gain,gain=0.5,8.0,20364446,1,fixed,0.05,8192,fixed_density,4.0,1,1,identity,3.8309289235072495,"{""projection"": [[1.0]]}"
linear_gain,gain=0.5,8.0,20364446,1,fixed,0.05,8192,fixed_density,4.0,1,1,gain_matched,3.125511230585408,"{""gain_matrix"": [[0.49999999999999806]]}"
linear_gain,gain=0.5,8.0,20364446,1,fixed,0.05,8192,fixed_density,4.0,1,1,variance_matched,3.1240413052897966,"{""direction"": [1.0]}"
linear_gain,gain=0.5,8.0,20364446,1,fixed,0.05,8192,fixed_density,4.0,1,1,shuffled_target,5.830050347800384e-05,{}
linear_gain,gain=0.5,8.0,20364446,1,fixed,0.05,8192,fixed_density,4.0,1,1,analytic_volume,2.0794415416798357,"{""source_dim"": 1}"
linear_gain,gain=0.5,8.0,20364463,2,fixed,0.05,8192,fixed_density,4.0,1,1,null,-0.00017876313696554779,{}
linear_gain,gain=0.5,8.0,20364463,2,fixed,0.05,8192,fixed_density,4.0,1,1,identity,3.838616770759088,"{""projection"": [[1.0]]}"
linear_gain,gain=0.5,8.0,20364463,2,fixed,0.05,8192,fixed_density,4.0,1,1,gain_matched,3.148013283013389,"{""gain_matrix"": [[0.5000000000000011]]}"
linear_gain,gain=0.5,8.0,20364463,2,fixed,0.05,8192,fixed_density,4.0,1,1,variance_matched,3.1515301364076667,"{""direction"": [1.0]}"
linear_gain,gain=0.5,8.0,20364463,2,fixed,0.05,8192,fixed_density,4.0,1,1,shuffled_target,-0.00013323332121480358,{}
linear_gain,gain=0.5,8.0,20364463,2,fixed,0.05,8192,fixed_density,4.0,1,1,analytic_volume,2.0794415416798357,"{""source_dim"": 1}"
linear_gain,gain=0.5,8.0,20364480,3,fixed,0.05,8192,fixed_density,4.0,1,1,null,-9.087096637753662e-05,{}
linear_gain,gain=0.5,8.0,20364480,3,fixed,0.05,8192,fixed_density,4.0,1,1,identity,3.8408753476540474,"{""projection"": [[1.0]]}"
linear_gain,gain=0.5,8.0,20364480,3,fixed,0.05,8192,fixed_density,4.0,1,1,gain_matched,3.1235208875829623,"{""gain_matrix"": [[0.5000000000000008]]}"
linear_gain,gain=0.5,8.0,20364480,3,fixed,0.05,8192,fixed_density,4.0,1,1,variance_matched,3.141539961582538,"{""direction"": [1.0]}"
linear_gain,gain=0.5,8.0,20364480,3,fixed,0.05,8192,fixed_density,4.0,1,1,shuffled_target,-0.00012893433570929246,{}
linear_gain,gain=0.5,8.0,20364480,3,fixed,0.05,8192,fixed_density,4.0,1,1,analytic_volume,2.0794415416798357,"{""source_dim"": 1}"
linear_gain,gain=0.5,8.0,20364497,4,fixed,0.05,8192,fixed_density,4.0,1,1,null,0.0001592542218334787,{}
linear_gain,gain=0.5,8.0,20364497,4,fixed,0.05,8192,fixed_density,4.0,1,1,identity,3.839000214633601,"{""projection"": [[1.0]]}"
linear_gain,gain=0.5,8.0,20364497,4,fixed,0.05,8192,fixed_density,4.0,1,1,gain_matched,3.152368667481385,"{""gain_matrix"": [[0.5000000000000006]]}"
linear_gain,gain=0.5,8.0,20364497,4,fixed,0.05,8192,fixed_density,4.0,1,1,variance_matched,3.1457895600438563,"{""direction"": [1.0]}"
linear_gain,gain=0.5,8.0,20364497,4,fixed,0.05,8192,fixed_density,4.0,1,1,shuffled_target,-7.1606917838632e-05,{}
linear_gain,gain=0.5,8.0,20364497,4,fixed,0.05,8192,fixed_density,4.0,1,1,analytic_volume,2.0794415416798357,"{""source_dim"": 1}"
linear_gain,gain=0.5,8.0,20364514,5,fixed,0.05,8192,fixed_density,4.0,1,1,null,0.00018050404315373447,{}
linear_gain,gain=0.5,8.0,20364514,5,fixed,0.05,8192,fixed_density,4.0,1,1,identity,3.832908325337147,"{""projection"": [[1.0]]}"
linear_gain,gain=0.5,8.0,20364514,5,fixed,0.05,8192,fixed_density,4.0,1,1,gain_matched,3.1465175481169396,"{""gain_matrix"": [[0.49999999999999867]]}"
linear_gain,gain=0.5,8.0,20364514,5,fixed,0.05,8192,fixed_density,4.0,1,1,variance_matched,3.1348915429593065,"{""direction"": [1.0]}"
linear_gain,gain=0.5,8.0,20364514,5,fixed,0.05,8192,fixed_density,4.0,1,1,shuffled_target,-0.00011974473220326709,{}
linear_gain,gain=0.5,8.0,20364514,5,fixed,0.05,8192,fixed_density,4.0,1,1,analytic_volume,2.0794415416798357,"{""source_dim"": 1}"
linear_gain,gain=0.5,8.0,20364531,6,fixed,0.05,8192,fixed_density,4.0,1,1,null,1.6632554010488024e-05,{}
linear_gain,gain=0.5,8.0,20364531,6,fixed,0.05,8192,fixed_density,4.0,1,1,identity,3.830451432568363,"{""projection"": [[1.0]]}"
linear_gain,gain=0.5,8.0,20364531,6,fixed,0.05,8192,fixed_density,4.0,1,1,gain_matched,3.1407955693326617,"{""gain_matrix"": [[0.5000000000000019]]}"
linear_gain,gain=0.5,8.0,20364531,6,fixed,0.05,8192,fixed_density,4.0,1,1,variance_matched,3.1377029175038906,"{""direction"": [1.0]}"
linear_gain,gain=0.5,8.0,20364531,6,fixed,0.05,8192,fixed_density,4.0,1,1,shuffled_target,0.00017927285071455104,{}
linear_gain,gain=0.5,8.0,20364531,6,fixed,0.05,8192,fixed_density,4.0,1,1,analytic_volume,2.0794415416798357,"{""source_dim"": 1}"
linear_gain,gain=0.5,8.0,20364548,7,fixed,0.05,8192,fixed_density,4.0,1,1,null,0.00013890545862728265,{}
linear_gain,gain=0.5,8.0,20364548,7,fixed,0.05,8192,fixed_density,4.0,1,1,identity,3.8294761122431433,"{""projection"": [[1.0]]}"
linear_gain,gain=0.5,8.0,20364548,7,fixed,0.05,8192,fixed_density,4.0,1,1,gain_matched,3.1275917348666544,"{""gain_matrix"": [[0.49999999999999867]]}"
linear_gain,gain=0.5,8.0,20364548,7,fixed,0.05,8192,fixed_density,4.0,1,1,variance_matched,3.1361880198953607,"{""direction"": [1.0]}"
linear_gain,gain=0.5,8.0,20364548,7,fixed,0.05,8192,fixed_density,4.0,1,1,shuffled_target,0.00026296673464174533,{}
linear_gain,gain=0.5,8.0,20364548,7,fixed,0.05,8192,fixed_density,4.0,1,1,analytic_volume,2.0794415416798357,"{""source_dim"": 1}"
linear_gain,gain=0.5,8.0,20364565,8,fixed,0.05,8192,fixed_density,4.0,1,1,null,0.000999888051759787,{}
linear_gain,gain=0.5,8.0,20364565,8,fixed,0.05,8192,fixed_density,4.0,1,1,identity,3.8388191171273904,"{""projection"": [[1.0]]}"
linear_gain,gain=0.5,8.0,20364565,8,fixed,0.05,8192,fixed_density,4.0,1,1,gain_matched,3.1472108472741462,"{""gain_matrix"": [[0.4999999999999991]]}"
linear_gain,gain=0.5,8.0,20364565,8,fixed,0.05,8192,fixed_density,4.0,1,1,variance_matched,3.1261811284186587,"{""direction"": [1.0]}"
linear_gain,gain=0.5,8.0,20364565,8,fixed,0.05,8192,fixed_density,4.0,1,1,shuffled_target,0.000150253834137326,{}
linear_gain,gain=0.5,8.0,20364565,8,fixed,0.05,8192,fixed_density,4.0,1,1,analytic_volume,2.0794415416798357,"{""source_dim"": 1}"
linear_gain,gain=0.5,8.0,20364582,9,fixed,0.05,8192,fixed_density,4.0,1,1,null,0.00013037679027935349,{}
linear_gain,gain=0.5,8.0,20364582,9,fixed,0.05,8192,fixed_density,4.0,1,1,identity,3.8372018463636914,"{""projection"": [[1.0]]}"
linear_gain,gain=0.5,8.0,20364582,9,fixed,0.05,8192,fixed_density,4.0,1,1,gain_matched,3.1310188910258687,"{""gain_matrix"": [[0.4999999999999981]]}"
linear_gain,gain=0.5,8.0,20364582,9,fixed,0.05,8192,fixed_density,4.0,1,1,variance_matched,3.139348232165139,"{""direction"": [1.0]}"
linear_gain,gain=0.5,8.0,20364582,9,fixed,0.05,8192,fixed_density,4.0,1,1,shuffled_target,0.0003186407694625228,{}
linear_gain,gain=0.5,8.0,20364582,9,fixed,0.05,8192,fixed_density,4.0,1,1,analytic_volume,2.0794415416798357,"{""source_dim"": 1}"
linear_gain,gain=0.5,12.0,20365429,0,fixed,0.05,12288,fixed_density,4.0,1,1,null,-3.602576350660618e-05,{}
linear_gain,gain=0.5,12.0,20365429,0,fixed,0.05,12288,fixed_density,4.0,1,1,identity,4.244519142838406,"{""projection"": [[1.0]]}"
linear_gain,gain=0.5,12.0,20365429,0,fixed,0.05,12288,fixed_density,4.0,1,1,gain_matched,3.5420593109275256,"{""gain_matrix"": [[0.5000000000000007]]}"
linear_gain,gain=0.5,12.0,20365429,0,fixed,0.05,12288,fixed_density,4.0,1,1,variance_matched,3.5446933943714054,"{""direction"": [1.0]}"
linear_gain,gain=0.5,12.0,20365429,0,fixed,0.05,12288,fixed_density,4.0,1,1,shuffled_target,9.071980903312766e-06,{}
linear_gain,gain=0.5,12.0,20365429,0,fixed,0.05,12288,fixed_density,4.0,1,1,analytic_volume,2.4849066497880004,"{""source_dim"": 1}"
linear_gain,gain=0.5,12.0,20365446,1,fixed,0.05,12288,fixed_density,4.0,1,1,null,-0.00010015165344686882,{}
linear_gain,gain=0.5,12.0,20365446,1,fixed,0.05,12288,fixed_density,4.0,1,1,identity,4.242252861871915,"{""projection"": [[1.0]]}"
linear_gain,gain=0.5,12.0,20365446,1,fixed,0.05,12288,fixed_density,4.0,1,1,gain_matched,3.5428273808908592,"{""gain_matrix"": [[0.4999999999999997]]}"
linear_gain,gain=0.5,12.0,20365446,1,fixed,0.05,12288,fixed_density,4.0,1,1,variance_matched,3.5528068340870096,"{""direction"": [1.0]}"
linear_gain,gain=0.5,12.0,20365446,1,fixed,0.05,12288,fixed_density,4.0,1,1,shuffled_target,-5.4462714045267434e-05,{}
linear_gain,gain=0.5,12.0,20365446,1,fixed,0.05,12288,fixed_density,4.0,1,1,analytic_volume,2.4849066497880004,"{""source_dim"": 1}"
linear_gain,gain=0.5,12.0,20365463,2,fixed,0.05,12288,fixed_density,4.0,1,1,null,9.501177278098806e-05,{}
linear_gain,gain=0.5,12.0,20365463,2,fixed,0.05,12288,fixed_density,4.0,1,1,identity,4.232009652279349,"{""projection"": [[1.0]]}"
linear_gain,gain=0.5,12.0,20365463,2,fixed,0.05,12288,fixed_density,4.0,1,1,gain_matched,3.539353863388284,"{""gain_matrix"": [[0.5000000000000018]]}"
linear_gain,gain=0.5,12.0,20365463,2,fixed,0.05,12288,fixed_density,4.0,1,1,variance_matched,3.536769081244721,"{""direction"": [1.0]}"
linear_gain,gain=0.5,12.0,20365463,2,fixed,0.05,12288,fixed_density,4.0,1,1,shuffled_target,-0.0001060247508155639,{}
linear_gain,gain=0.5,12.0,20365463,2,fixed,0.05,12288,fixed_density,4.0,1,1,analytic_volume,2.4849066497880004,"{""source_dim"": 1}"
linear_gain,gain=0.5,12.0,20365480,3,fixed,0.05,12288,fixed_density,4.0,1,1,null,2.0518619079430304e-05,{}
linear_gain,gain=0.5,12.0,20365480,3,fixed,0.05,12288,fixed_density,4.0,1,1,identity,4.237512572966821,"{""projection"": [[1.0]]}"
linear_gain,gain=0.5,12.0,20365480,3,fixed,0.05,12288,fixed_density,4.0,1,1,gain_matched,3.550435283388625,"{""gain_matrix"": [[0.49999999999999933]]}"
linear_gain,gain=0.5,12.0,20365480,3,fixed,0.05,12288,fixed_density,4.0,1,1,variance_matched,3.547298026170136,"{""direction"": [1.0]}"
linear_gain,gain=0.5,12.0,20365480,3,fixed,0.05,12288,fixed_density,4.0,1,1,shuffled_target,-4.0961075263696395e-05,{}
linear_gain,gain=0.5,12.0,20365480,3,fixed,0.05,12288,fixed_density,4.0,1,1,analytic_volume,2.4849066497880004,"{""source_dim"": 1}"
linear_gain,gain=0.5,12.0,20365497,4,fixed,0.05,12288,fixed_density,4.0,1,1,null,-6.867210778795185e-05,{}
linear_gain,gain=0.5,12.0,20365497,4,fixed,0.05,12288,fixed_density,4.0,1,1,identity,4.235401989517851,"{""projection"": [[1.0]]}"
linear_gain,gain=0.5,12.0,20365497,4,fixed,0.05,12288,fixed_density,4.0,1,1,gain_matched,3.555116926188623,"{""gain_matrix"": [[0.5000000000000002]]}"
linear_gain,gain=0.5,12.0,20365497,4,fixed,0.05,12288,fixed_density,4.0,1,1,variance_matched,3.5470760653602174,"{""direction"": [1.0]}"
linear_gain,gain=0.5,12.0,20365497,4,fixed,0.05,12288,fixed_density,4.0,1,1,shuffled_target,3.9116886272079695e-05,{}
linear_gain,gain=0.5,12.0,20365497,4,fixed,0.05,12288,fixed_density,4.0,1,1,analytic_volume,2.4849066497880004,"{""source_dim"": 1}"
linear_gain,gain=0.5,12.0,20365514,5,fixed,0.05,12288,fixed_density,4.0,1,1,null,0.00024096889649274176,{}
linear_gain,gain=0.5,12.0,20365514,5,fixed,0.05,12288,fixed_density,4.0,1,1,identity,4.249308917769906,"{""projection"": [[1.0]]}"
linear_gain,gain=0.5,12.0,20365514,5,fixed,0.05,12288,fixed_density,4.0,1,1,gain_matched,3.545377450152019,"{""gain_matrix"": [[0.49999999999999906]]}"
linear_gain,gain=0.5,12.0,20365514,5,fixed,0.05,12288,fixed_density,4.0,1,1,variance_matched,3.546477238412344,"{""direction"": [1.0]}"
linear_gain,gain=0.5,12.0,20365514,5,fixed,0.05,12288,fixed_density,4.0,1,1,shuffled_target,1.4168998406211152e-05,{}
linear_gain,gain=0.5,12.0,20365514,5,fixed,0.05,12288,fixed_density,4.0,1,1,analytic_volume,2.4849066497880004,"{""source_dim"": 1}"
linear_gain,gain=0.5,12.0,20365531,6,fixed,0.05,12288,fixed_density,4.0,1,1,null,0.0003380631354285523,{}
linear_gain,gain=0.5,12.0,20365531,6,fixed,0.05,12288,fixed_density,4.0,1,1,identity,4.232876510919384,"{""projection"": [[1.0]]}"
linear_gain,gain=0.5,12.0,20365531,6,fixed,0.05,12288,fixed_density,4.0,1,1,gain_matched,3.5363755228869826,"{""gain_matrix"": [[0.5000000000000014]]}"
linear_gain,gain=0.5,12.0,20365531,6,fixed,0.05,12288,fixed_density,4.0,1,1,variance_matched,3.5513758963310855,"{""direction"": [1.0]}"
linear_gain,gain=0.5,12.0,20365531,6,fixed,0.05,12288,fixed_density,4.0,1,1,shuffled_target,-4.0032773284093e-05,{}
linear_gain,gain=0.5,12.0,20365531,6,fixed,0.05,12288,fixed_density,4.0,1,1,analytic_volume,2.4849066497880004,"{""source_dim"": 1}"
linear_gain,gain=0.5,12.0,20365548,7,fixed,0.05,12288,fixed_density,4.0,1,1,null,0.00010485619009097759,{}
linear_gain,gain=0.5,12.0,20365548,7,fixed,0.05,12288,fixed_density,4.0,1,1,identity,4.232279108073814,"{""projection"": [[1.0]]}"
linear_gain,gain=0.5,12.0,20365548,7,fixed,0.05,12288,fixed_density,4.0,1,1,gain_matched,3.549037262352232,"{""gain_matrix"": [[0.5000000000000016]]}"
linear_gain,gain=0.5,12.0,20365548,7,fixed,0.05,12288,fixed_density,4.0,1,1,variance_matched,3.544832038696004,"{""direction"": [1.0]}"
linear_gain,gain=0.5,12.0,20365548,7,fixed,0.05,12288,fixed_density,4.0,1,1,shuffled_target,0.000546927354494128,{}
linear_gain,gain=0.5,12.0,20365548,7,fixed,0.05,12288,fixed_density,4.0,1,1,analytic_volume,2.4849066497880004,"{""source_dim"": 1}"
linear_gain,gain=0.5,12.0,20365565,8,fixed,0.05,12288,fixed_density,4.0,1,1,null,-3.763724697258187e-05,{}
linear_gain,gain=0.5,12.0,20365565,8,fixed,0.05,12288,fixed_density,4.0,1,1,identity,4.244996515917741,"{""projection"": [[1.0]]}"
linear_gain,gain=0.5,12.0,20365565,8,fixed,0.05,12288,fixed_density,4.0,1,1,gain_matched,3.5450123733403878,"{""gain_matrix"": [[0.5000000000000001]]}"
linear_gain,gain=0.5,12.0,20365565,8,fixed,0.05,12288,fixed_density,4.0,1,1,variance_matched,3.54115007572441,"{""direction"": [1.0]}"
linear_gain,gain=0.5,12.0,20365565,8,fixed,0.05,12288,fixed_density,4.0,1,1,shuffled_target,-2.6580192712866142e-05,{}
linear_gain,gain=0.5,12.0,20365565,8,fixed,0.05,12288,fixed_density,4.0,1,1,analytic_volume,2.4849066497880004,"{""source_dim"": 1}"
linear_gain,gain=0.5,12.0,20365582,9,fixed,0.05,12288,fixed_density,4.0,1,1,null,-8.861274309168481e-05,{}
linear_gain,gain=0.5,12.0,20365582,9,fixed,0.05,12288,fixed_density,4.0,1,1,identity,4.241037684849304,"{""projection"": [[1.0]]}"
linear_gain,gain=0.5,12.0,20365582,9,fixed,0.05,12288,fixed_density,4.0,1,1,gain_matched,3.5485430459502516,"{""gain_matrix"": [[0.49999999999999983]]}"
linear_gain,gain=0.5,12.0,20365582,9,fixed,0.05,12288,fixed_density,4.0,1,1,variance_matched,3.5571286035293084,"{""direction"": [1.0]}"
linear_gain,gain=0.5,12.0,20365582,9,fixed,0.05,12288,fixed_density,4.0,1,1,shuffled_target,-1.8992839517066986e-05,{}
linear_gain,gain=0.5,12.0,20365582,9,fixed,0.05,12288,fixed_density,4.0,1,1,analytic_volume,2.4849066497880004,"{""source_dim"": 1}"
linear_gain,gain=0.5,16.0,20366429,0,fixed,0.05,16384,fixed_density,4.0,1,1,null,2.7039469728410516e-05,{}
linear_gain,gain=0.5,16.0,20366429,0,fixed,0.05,16384,fixed_density,4.0,1,1,identity,4.518375499900636,"{""projection"": [[1.0]]}"
linear_gain,gain=0.5,16.0,20366429,0,fixed,0.05,16384,fixed_density,4.0,1,1,gain_matched,3.8322666280534863,"{""gain_matrix"": [[0.49999999999999883]]}"
linear_gain,gain=0.5,16.0,20366429,0,fixed,0.05,16384,fixed_density,4.0,1,1,variance_matched,3.829474195801261,"{""direction"": [1.0]}"
linear_gain,gain=0.5,16.0,20366429,0,fixed,0.05,16384,fixed_density,4.0,1,1,shuffled_target,3.4208292424990955e-05,{}
linear_gain,gain=0.5,16.0,20366429,0,fixed,0.05,16384,fixed_density,4.0,1,1,analytic_volume,2.772588722239781,"{""source_dim"": 1}"
linear_gain,gain=0.5,16.0,20366446,1,fixed,0.05,16384,fixed_density,4.0,1,1,null,-6.608028184572906e-05,{}
linear_gain,gain=0.5,16.0,20366446,1,fixed,0.05,16384,fixed_density,4.0,1,1,identity,4.522972001306572,"{""projection"": [[1.0]]}"
linear_gain,gain=0.5,16.0,20366446,1,fixed,0.05,16384,fixed_density,4.0,1,1,gain_matched,3.8382439697700272,"{""gain_matrix"": [[0.5000000000000014]]}"
linear_gain,gain=0.5,16.0,20366446,1,fixed,0.05,16384,fixed_density,4.0,1,1,variance_matched,3.838924139959823,"{""direction"": [1.0]}"
linear_gain,gain=0.5,16.0,20366446,1,fixed,0.05,16384,fixed_density,4.0,1,1,shuffled_target,0.0001083348996781456,{}
linear_gain,gain=0.5,16.0,20366446,1,fixed,0.05,16384,fixed_density,4.0,1,1,analytic_volume,2.772588722239781,"{""source_dim"": 1}"
linear_gain,gain=0.5,16.0,20366463,2,fixed,0.05,16384,fixed_density,4.0,1,1,null,0.00013769817093460646,{}
linear_gain,gain=0.5,16.0,20366463,2,fixed,0.05,16384,fixed_density,4.0,1,1,identity,4.515338201115554,"{""projection"": [[1.0]]}"
linear_gain,gain=0.5,16.0,20366463,2,fixed,0.05,16384,fixed_density,4.0,1,1,gain_matched,3.8341297561442,"{""gain_matrix"": [[0.5000000000000017]]}"
linear_gain,gain=0.5,16.0,20366463,2,fixed,0.05,16384,fixed_density,4.0,1,1,variance_matched,3.8386095156782565,"{""direction"": [1.0]}"
linear_gain,gain=0.5,16.0,20366463,2,fixed,0.05,16384,fixed_density,4.0,1,1,shuffled_target,8.018365587458679e-07,{}
linear_gain,gain=0.5,16.0,20366463,2,fixed,0.05,16384,fixed_density,4.0,1,1,analytic_volume,2.772588722239781,"{""source_dim"": 1}"
linear_gain,gain=0.5,16.0,20366480,3,fixed,0.05,16384,fixed_density,4.0,1,1,null,4.118100365186673e-05,{}
linear_gain,gain=0.5,16.0,20366480,3,fixed,0.05,16384,fixed_density,4.0,1,1,identity,4.536404530041562,"{""projection"": [[1.0]]}"
linear_gain,gain=0.5,16.0,20366480,3,fixed,0.05,16384,fixed_density,4.0,1,1,gain_matched,3.8324942027421134,"{""gain_matrix"": [[0.500000000000001]]}"
linear_gain,gain=0.5,16.0,20366480,3,fixed,0.05,16384,fixed_density,4.0,1,1,variance_matched,3.81928402151902,"{""direction"": [1.0]}"
linear_gain,gain=0.5,16.0,20366480,3,fixed,0.05,16384,fixed_density,4.0,1,1,shuffled_target,-4.564842566070565e-05,{}
linear_gain,gain=0.5,16.0,20366480,3,fixed,0.05,16384,fixed_density,4.0,1,1,analytic_volume,2.772588722239781,"{""source_dim"": 1}"
linear_gain,gain=0.5,16.0,20366497,4,fixed,0.05,16384,fixed_density,4.0,1,1,null,-1.9428398787347523e-05,{}
linear_gain,gain=0.5,16.0,20366497,4,fixed,0.05,16384,fixed_density,4.0,1,1,identity,4.518625939283595,"{""projection"": [[1.0]]}"
linear_gain,gain=0.5,16.0,20366497,4,fixed,0.05,16384,fixed_density,4.0,1,1,gain_matched,3.8336435797981974,"{""gain_matrix"": [[0.49999999999999917]]}"
linear_gain,gain=0.5,16.0,20366497,4,fixed,0.05,16384,fixed_density,4.0,1,1,variance_matched,3.8329051226747612,"{""direction"": [1.0]}"
linear_gain,gain=0.5,16.0,20366497,4,fixed,0.05,16384,fixed_density,4.0,1,1,shuffled_target,3.5173450819064395e-05,{}
linear_gain,gain=0.5,16.0,20366497,4,fixed,0.05,16384,fixed_density,4.0,1,1,analytic_volume,2.772588722239781,"{""source_dim"": 1}"
linear_gain,gain=0.5,16.0,20366514,5,fixed,0.05,16384,fixed_density,4.0,1,1,null,6.224160513612879e-05,{}
linear_gain,gain=0.5,16.0,20366514,5,fixed,0.05,16384,fixed_density,4.0,1,1,identity,4.530290733832444,"{""projection"": [[1.0]]}"
linear_gain,gain=0.5,16.0,20366514,5,fixed,0.05,16384,fixed_density,4.0,1,1,gain_matched,3.844131540233114,"{""gain_matrix"": [[0.5000000000000018]]}"
linear_gain,gain=0.5,16.0,20366514,5,fixed,0.05,16384,fixed_density,4.0,1,1,variance_matched,3.8253475771261165,"{""direction"": [1.0]}"
linear_gain,gain=0.5,16.0,20366514,5,fixed,0.05,16384,fixed_density,4.0,1,1,shuffled_target,8.66433428983612e-05,{}
linear_gain,gain=0.5,16.0,20366514,5,fixed,0.05,16384,fixed_density,4.0,1,1,analytic_volume,2.772588722239781,"{""source_dim"": 1}"
linear_gain,gain=0.5,16.0,20366531,6,fixed,0.05,16384,fixed_density,4.0,1,1,null,-3.739859642193912e-05,{}
linear_gain,gain=0.5,16.0,20366531,6,fixed,0.05,16384,fixed_density,4.0,1,1,identity,4.522503950206547,"{""projection"": [[1.0]]}"
linear_gain,gain=0.5,16.0,20366531,6,fixed,0.05,16384,fixed_density,4.0,1,1,gain_matched,3.8180218587923997,"{""gain_matrix"": [[0.4999999999999954]]}"
linear_gain,gain=0.5,16.0,20366531,6,fixed,0.05,16384,fixed_density,4.0,1,1,variance_matched,3.8292171382372144,"{""direction"": [1.0]}"
linear_gain,gain=0.5,16.0,20366531,6,fixed,0.05,16384,fixed_density,4.0,1,1,shuffled_target,-8.453226134564113e-06,{}
linear_gain,gain=0.5,16.0,20366531,6,fixed,0.05,16384,fixed_density,4.0,1,1,analytic_volume,2.772588722239781,"{""source_dim"": 1}"
linear_gain,gain=0.5,16.0,20366548,7,fixed,0.05,16384,fixed_density,4.0,1,1,null,5.4330762279269535e-05,{}
linear_gain,gain=0.5,16.0,20366548,7,fixed,0.05,16384,fixed_density,4.0,1,1,identity,4.524267086448375,"{""projection"": [[1.0]]}"
linear_gain,gain=0.5,16.0,20366548,7,fixed,0.05,16384,fixed_density,4.0,1,1,gain_matched,3.8223093252012843,"{""gain_matrix"": [[0.49999999999999933]]}"
linear_gain,gain=0.5,16.0,20366548,7,fixed,0.05,16384,fixed_density,4.0,1,1,variance_matched,3.8286086791099825,"{""direction"": [1.0]}"
linear_gain,gain=0.5,16.0,20366548,7,fixed,0.05,16384,fixed_density,4.0,1,1,shuffled_target,4.396264773916783e-05,{}
linear_gain,gain=0.5,16.0,20366548,7,fixed,0.05,16384,fixed_density,4.0,1,1,analytic_volume,2.772588722239781,"{""source_dim"": 1}"
linear_gain,gain=0.5,16.0,20366565,8,fixed,0.05,16384,fixed_density,4.0,1,1,null,0.00018109707996478167,{}
linear_gain,gain=0.5,16.0,20366565,8,fixed,0.05,16384,fixed_density,4.0,1,1,identity,4.51988061257697,"{""projection"": [[1.0]]}"
linear_gain,gain=0.5,16.0,20366565,8,fixed,0.05,16384,fixed_density,4.0,1,1,gain_matched,3.8413720897187185,"{""gain_matrix"": [[0.49999999999999567]]}"
linear_gain,gain=0.5,16.0,20366565,8,fixed,0.05,16384,fixed_density,4.0,1,1,variance_matched,3.8253050877799186,"{""direction"": [1.0]}"
linear_gain,gain=0.5,16.0,20366565,8,fixed,0.05,16384,fixed_density,4.0,1,1,shuffled_target,3.1265867432344235e-05,{}
linear_gain,gain=0.5,16.0,20366565,8,fixed,0.05,16384,fixed_density,4.0,1,1,analytic_volume,2.772588722239781,"{""source_dim"": 1}"
linear_gain,gain=0.5,16.0,20366582,9,fixed,0.05,16384,fixed_density,4.0,1,1,null,-4.520610150488181e-05,{}
linear_gain,gain=0.5,16.0,20366582,9,fixed,0.05,16384,fixed_density,4.0,1,1,identity,4.5215951407521295,"{""projection"": [[1.0]]}"
linear_gain,gain=0.5,16.0,20366582,9,fixed,0.05,16384,fixed_density,4.0,1,1,gain_matched,3.8314339521665666,"{""gain_matrix"": [[0.5000000000000029]]}"
linear_gain,gain=0.5,16.0,20366582,9,fixed,0.05,16384,fixed_density,4.0,1,1,variance_matched,3.8244489112962925,"{""direction"": [1.0]}"
linear_gain,gain=0.5,16.0,20366582,9,fixed,0.05,16384,fixed_density,4.0,1,1,shuffled_target,0.0001006934863039181,{}
linear_gain,gain=0.5,16.0,20366582,9,fixed,0.05,16384,fixed_density,4.0,1,1,analytic_volume,2.772588722239781,"{""source_dim"": 1}"
linear_gain,gain=0.5,0.5,20360429,0,scaled_with_l,0.025,512,fixed_density,4.0,1,1,null,0.004853252249558467,{}
linear_gain,gain=0.5,0.5,20360429,0,scaled_with_l,0.025,512,fixed_density,4.0,1,1,identity,1.7719225999079922,"{""projection"": [[1.0]]}"
linear_gain,gain=0.5,0.5,20360429,0,scaled_with_l,0.025,512,fixed_density,4.0,1,1,gain_matched,1.1025815242180852,"{""gain_matrix"": [[0.5000000000000001]]}"
linear_gain,gain=0.5,0.5,20360429,0,scaled_with_l,0.025,512,fixed_density,4.0,1,1,variance_matched,1.075671120466438,"{""direction"": [1.0]}"
linear_gain,gain=0.5,0.5,20360429,0,scaled_with_l,0.025,512,fixed_density,4.0,1,1,shuffled_target,0.001600687188613743,{}
linear_gain,gain=0.5,0.5,20360429,0,scaled_with_l,0.025,512,fixed_density,4.0,1,1,analytic_volume,-0.6931471805599453,"{""source_dim"": 1}"
linear_gain,gain=0.5,0.5,20360446,1,scaled_with_l,0.025,512,fixed_density,4.0,1,1,null,-0.0009445369154032967,{}
linear_gain,gain=0.5,0.5,20360446,1,scaled_with_l,0.025,512,fixed_density,4.0,1,1,identity,1.7159371459262527,"{""projection"": [[1.0]]}"
linear_gain,gain=0.5,0.5,20360446,1,scaled_with_l,0.025,512,fixed_density,4.0,1,1,gain_matched,1.0529455251820417,"{""gain_matrix"": [[0.5000000000000003]]}"
linear_gain,gain=0.5,0.5,20360446,1,scaled_with_l,0.025,512,fixed_density,4.0,1,1,variance_matched,1.1406883924083395,"{""direction"": [1.0]}"
linear_gain,gain=0.5,0.5,20360446,1,scaled_with_l,0.025,512,fixed_density,4.0,1,1,shuffled_target,-0.0011900697958952206,{}
linear_gain,gain=0.5,0.5,20360446,1,scaled_with_l,0.025,512,fixed_density,4.0,1,1,analytic_volume,-0.6931471805599453,"{""source_dim"": 1}"
linear_gain,gain=0.5,0.5,20360463,2,scaled_with_l,0.025,512,fixed_density,4.0,1,1,null,-0.00020778594667524193,{}
linear_gain,gain=0.5,0.5,20360463,2,scaled_with_l,0.025,512,fixed_density,4.0,1,1,identity,1.8094382680358074,"{""projection"": [[1.0]]}"
linear_gain,gain=0.5,0.5,20360463,2,scaled_with_l,0.025,512,fixed_density,4.0,1,1,gain_matched,1.1526236058078194,"{""gain_matrix"": [[0.5000000000000001]]}"
linear_gain,gain=0.5,0.5,20360463,2,scaled_with_l,0.025,512,fixed_density,4.0,1,1,variance_matched,1.1346434268426013,"{""direction"": [1.0]}"
linear_gain,gain=0.5,0.5,20360463,2,scaled_with_l,0.025,512,fixed_density,4.0,1,1,shuffled_target,-0.0004564500655675559,{}
linear_gain,gain=0.5,0.5,20360463,2,scaled_with_l,0.025,512,fixed_density,4.0,1,1,analytic_volume,-0.6931471805599453,"{""source_dim"": 1}"
linear_gain,gain=0.5,0.5,20360480,3,scaled_with_l,0.025,512,fixed_density,4.0,1,1,null,-5.855360346658208e-05,{}
linear_gain,gain=0.5,0.5,20360480,3,scaled_with_l,0.025,512,fixed_density,4.0,1,1,identity,1.8004680174327425,"{""projection"": [[1.0]]}"
linear_gain,gain=0.5,0.5,20360480,3,scaled_with_l,0.025,512,fixed_density,4.0,1,1,gain_matched,1.0913325810757293,"{""gain_matrix"": [[0.5000000000000001]]}"
linear_gain,gain=0.5,0.5,20360480,3,scaled_with_l,0.025,512,fixed_density,4.0,1,1,variance_matched,1.1412468493685708,"{""direction"": [1.0]}"
linear_gain,gain=0.5,0.5,20360480,3,scaled_with_l,0.025,512,fixed_density,4.0,1,1,shuffled_target,-0.0019144833317938912,{}
linear_gain,gain=0.5,0.5,20360480,3,scaled_with_l,0.025,512,fixed_density,4.0,1,1,analytic_volume,-0.6931471805599453,"{""source_dim"": 1}"
linear_gain,gain=0.5,0.5,20360497,4,scaled_with_l,0.025,512,fixed_density,4.0,1,1,null,0.009403595588722651,{}
linear_gain,gain=0.5,0.5,20360497,4,scaled_with_l,0.025,512,fixed_density,4.0,1,1,identity,1.7882231182724655,"{""projection"": [[1.0]]}"
linear_gain,gain=0.5,0.5,20360497,4,scaled_with_l,0.025,512,fixed_density,4.0,1,1,gain_matched,1.1685867722025538,"{""gain_matrix"": [[0.4999999999999997]]}"
linear_gain,gain=0.5,0.5,20360497,4,scaled_with_l,0.025,512,fixed_density,4.0,1,1,variance_matched,1.1227274113886185,"{""direction"": [1.0]}"
linear_gain,gain=0.5,0.5,20360497,4,scaled_with_l,0.025,512,fixed_density,4.0,1,1,shuffled_target,-0.0008284341252257814,{}
linear_gain,gain=0.5,0.5,20360497,4,scaled_with_l,0.025,512,fixed_density,4.0,1,1,analytic_volume,-0.6931471805599453,"{""source_dim"": 1}"
linear_gain,gain=0.5,0.5,20360514,5,scaled_with_l,0.025,512,fixed_density,4.0,1,1,null,-0.0016060196921299777,{}
linear_gain,gain=0.5,0.5,20360514,5,scaled_with_l,0.025,512,fixed_density,4.0,1,1,identity,1.7633578662932874,"{""projection"": [[1.0]]}"
linear_gain,gain=0.5,0.5,20360514,5,scaled_with_l,0.025,512,fixed_density,4.0,1,1,gain_matched,1.0430228519495657,"{""gain_matrix"": [[0.5]]}"
linear_gain,gain=0.5,0.5,20360514,5,scaled_with_l,0.025,512,fixed_density,4.0,1,1,variance_matched,1.0940243966651002,"{""direction"": [1.0]}"
linear_gain,gain=0.5,0.5,20360514,5,scaled_with_l,0.025,512,fixed_density,4.0,1,1,shuffled_target,-0.0023390864460773055,{}
linear_gain,gain=0.5,0.5,20360514,5,scaled_with_l,0.025,512,fixed_density,4.0,1,1,analytic_volume,-0.6931471805599453,"{""source_dim"": 1}"
linear_gain,gain=0.5,0.5,20360531,6,scaled_with_l,0.025,512,fixed_density,4.0,1,1,null,0.0016585561699217453,{}
linear_gain,gain=0.5,0.5,20360531,6,scaled_with_l,0.025,512,fixed_density,4.0,1,1,identity,1.8190154683345576,"{""projection"": [[1.0]]}"
linear_gain,gain=0.5,0.5,20360531,6,scaled_with_l,0.025,512,fixed_density,4.0,1,1,gain_matched,1.1138564632041552,"{""gain_matrix"": [[0.5000000000000006]]}"
linear_gain,gain=0.5,0.5,20360531,6,scaled_with_l,0.025,512,fixed_density,4.0,1,1,variance_matched,1.1227661308623949,"{""direction"": [1.0]}"
linear_gain,gain=0.5,0.5,20360531,6,scaled_with_l,0.025,512,fixed_density,4.0,1,1,shuffled_target,0.0031639309618669595,{}
linear_gain,gain=0.5,0.5,20360531,6,scaled_with_l,0.025,512,fixed_density,4.0,1,1,analytic_volume,-0.6931471805599453,"{""source_dim"": 1}"
linear_gain,gain=0.5,0.5,20360548,7,scaled_with_l,0.025,512,fixed_density,4.0,1,1,null,0.004625919173910235,{}
linear_gain,gain=0.5,0.5,20360548,7,scaled_with_l,0.025,512,fixed_density,4.0,1,1,identity,1.8208559286327994,"{""projection"": [[1.0]]}"
linear_gain,gain=0.5,0.5,20360548,7,scaled_with_l,0.025,512,fixed_density,4.0,1,1,gain_matched,1.076002522339782,"{""gain_matrix"": [[0.49999999999999983]]}"
linear_gain,gain=0.5,0.5,20360548,7,scaled_with_l,0.025,512,fixed_density,4.0,1,1,variance_matched,1.146851244138561,"{""direction"": [1.0]}"
linear_gain,gain=0.5,0.5,20360548,7,scaled_with_l,0.025,512,fixed_density,4.0,1,1,shuffled_target,-0.001057305561389151,{}
linear_gain,gain=0.5,0.5,20360548,7,scaled_with_l,0.025,512,fixed_density,4.0,1,1,analytic_volume,-0.6931471805599453,"{""source_dim"": 1}"
linear_gain,gain=0.5,0.5,20360565,8,scaled_with_l,0.025,512,fixed_density,4.0,1,1,null,0.00053751697191221,{}
linear_gain,gain=0.5,0.5,20360565,8,scaled_with_l,0.025,512,fixed_density,4.0,1,1,identity,1.7508515148867398,"{""projection"": [[1.0]]}"
linear_gain,gain=0.5,0.5,20360565,8,scaled_with_l,0.025,512,fixed_density,4.0,1,1,gain_matched,1.0777119904306491,"{""gain_matrix"": [[0.49999999999999956]]}"
linear_gain,gain=0.5,0.5,20360565,8,scaled_with_l,0.025,512,fixed_density,4.0,1,1,variance_matched,1.1346755947315676,"{""direction"": [1.0]}"
linear_gain,gain=0.5,0.5,20360565,8,scaled_with_l,0.025,512,fixed_density,4.0,1,1,shuffled_target,-0.000772863163352872,{}
linear_gain,gain=0.5,0.5,20360565,8,scaled_with_l,0.025,512,fixed_density,4.0,1,1,analytic_volume,-0.6931471805599453,"{""source_dim"": 1}"
linear_gain,gain=0.5,0.5,20360582,9,scaled_with_l,0.025,512,fixed_density,4.0,1,1,null,-0.001737236731545529,{}
linear_gain,gain=0.5,0.5,20360582,9,scaled_with_l,0.025,512,fixed_density,4.0,1,1,identity,1.7672348995529443,"{""projection"": [[1.0]]}"
linear_gain,gain=0.5,0.5,20360582,9,scaled_with_l,0.025,512,fixed_density,4.0,1,1,gain_matched,1.0904571047120268,"{""gain_matrix"": [[0.5000000000000009]]}"
linear_gain,gain=0.5,0.5,20360582,9,scaled_with_l,0.025,512,fixed_density,4.0,1,1,variance_matched,1.1226733164428173,"{""direction"": [1.0]}"
linear_gain,gain=0.5,0.5,20360582,9,scaled_with_l,0.025,512,fixed_density,4.0,1,1,shuffled_target,0.004111900637922326,{}
linear_gain,gain=0.5,0.5,20360582,9,scaled_with_l,0.025,512,fixed_density,4.0,1,1,analytic_volume,-0.6931471805599453,"{""source_dim"": 1}"
linear_gain,gain=0.5,1.0,20361429,0,scaled_with_l,0.05,1024,fixed_density,4.0,1,1,null,0.0027964103833050405,{}
linear_gain,gain=0.5,1.0,20361429,0,scaled_with_l,0.05,1024,fixed_density,4.0,1,1,identity,1.7368609427227977,"{""projection"": [[1.0]]}"
linear_gain,gain=0.5,1.0,20361429,0,scaled_with_l,0.05,1024,fixed_density,4.0,1,1,gain_matched,1.0921393936181536,"{""gain_matrix"": [[0.5000000000000004]]}"
linear_gain,gain=0.5,1.0,20361429,0,scaled_with_l,0.05,1024,fixed_density,4.0,1,1,variance_matched,1.1046889400463153,"{""direction"": [1.0]}"
linear_gain,gain=0.5,1.0,20361429,0,scaled_with_l,0.05,1024,fixed_density,4.0,1,1,shuffled_target,0.003834953428703108,{}
linear_gain,gain=0.5,1.0,20361429,0,scaled_with_l,0.05,1024,fixed_density,4.0,1,1,analytic_volume,0.0,"{""source_dim"": 1}"
linear_gain,gain=0.5,1.0,20361446,1,scaled_with_l,0.05,1024,fixed_density,4.0,1,1,null,0.0010875544390344981,{}
linear_gain,gain=0.5,1.0,20361446,1,scaled_with_l,0.05,1024,fixed_density,4.0,1,1,identity,1.758371531966783,"{""projection"": [[1.0]]}"
linear_gain,gain=0.5,1.0,20361446,1,scaled_with_l,0.05,1024,fixed_density,4.0,1,1,gain_matched,1.1257098918219042,"{""gain_matrix"": [[0.5000000000000002]]}"
linear_gain,gain=0.5,1.0,20361446,1,scaled_with_l,0.05,1024,fixed_density,4.0,1,1,variance_matched,1.107177065146162,"{""direction"": [1.0]}"
linear_gain,gain=0.5,1.0,20361446,1,scaled_with_l,0.05,1024,fixed_density,4.0,1,1,shuffled_target,-0.0013584827200248584,{}
linear_gain,gain=0.5,1.0,20361446,1,scaled_with_l,0.05,1024,fixed_density,4.0,1,1,analytic_volume,0.0,"{""source_dim"": 1}"
linear_gain,gain=0.5,1.0,20361463,2,scaled_with_l,0.05,1024,fixed_density,4.0,1,1,null,-7.553507133126929e-05,{}
linear_gain,gain=0.5,1.0,20361463,2,scaled_with_l,0.05,1024,fixed_density,4.0,1,1,identity,1.8376689582625356,"{""projection"": [[1.0]]}"
linear_gain,gain=0.5,1.0,20361463,2,scaled_with_l,0.05,1024,fixed_density,4.0,1,1,gain_matched,1.0940328809789701,"{""gain_matrix"": [[0.4999999999999996]]}"
linear_gain,gain=0.5,1.0,20361463,2,scaled_with_l,0.05,1024,fixed_density,4.0,1,1,variance_matched,1.131950913785369,"{""direction"": [1.0]}"
linear_gain,gain=0.5,1.0,20361463,2,scaled_with_l,0.05,1024,fixed_density,4.0,1,1,shuffled_target,-0.0007699902254584049,{}
linear_gain,gain=0.5,1.0,20361463,2,scaled_with_l,0.05,1024,fixed_density,4.0,1,1,analytic_volume,0.0,"{""source_dim"": 1}"
linear_gain,gain=0.5,1.0,20361480,3,scaled_with_l,0.05,1024,fixed_density,4.0,1,1,null,-0.00026217496335718916,{}
linear_gain,gain=0.5,1.0,20361480,3,scaled_with_l,0.05,1024,fixed_density,4.0,1,1,identity,1.7602903675709034,"{""projection"": [[1.0]]}"
linear_gain,gain=0.5,1.0,20361480,3,scaled_with_l,0.05,1024,fixed_density,4.0,1,1,gain_matched,1.1487442087540862,"{""gain_matrix"": [[0.5]]}"
linear_gain,gain=0.5,1.0,20361480,3,scaled_with_l,0.05,1024,fixed_density,4.0,1,1,variance_matched,1.1283390113668226,"{""direction"": [1.0]}"
linear_gain,gain=0.5,1.0,20361480,3,scaled_with_l,0.05,1024,fixed_density,4.0,1,1,shuffled_target,-0.0006867767146455674,{}
linear_gain,gain=0.5,1.0,20361480,3,scaled_with_l,0.05,1024,fixed_density,4.0,1,1,analytic_volume,0.0,"{""source_dim"": 1}"
linear_gain,gain=0.5,1.0,20361497,4,scaled_with_l,0.05,1024,fixed_density,4.0,1,1,null,-0.001026960859589156,{}
linear_gain,gain=0.5,1.0,20361497,4,scaled_with_l,0.05,1024,fixed_density,4.0,1,1,identity,1.7252195301698432,"{""projection"": [[1.0]]}"
linear_gain,gain=0.5,1.0,20361497,4,scaled_with_l,0.05,1024,fixed_density,4.0,1,1,gain_matched,1.0833799800766144,"{""gain_matrix"": [[0.5000000000000002]]}"
linear_gain,gain=0.5,1.0,20361497,4,scaled_with_l,0.05,1024,fixed_density,4.0,1,1,variance_matched,1.1249082703786633,"{""direction"": [1.0]}"
linear_gain,gain=0.5,1.0,20361497,4,scaled_with_l,0.05,1024,fixed_density,4.0,1,1,shuffled_target,-0.0003456751783609121,{}
linear_gain,gain=0.5,1.0,20361497,4,scaled_with_l,0.05,1024,fixed_density,4.0,1,1,analytic_volume,0.0,"{""source_dim"": 1}"
linear_gain,gain=0.5,1.0,20361514,5,scaled_with_l,0.05,1024,fixed_density,4.0,1,1,null,-0.0004529956977076862,{}
linear_gain,gain=0.5,1.0,20361514,5,scaled_with_l,0.05,1024,fixed_density,4.0,1,1,identity,1.7931513267506172,"{""projection"": [[1.0]]}"
linear_gain,gain=0.5,1.0,20361514,5,scaled_with_l,0.05,1024,fixed_density,4.0,1,1,gain_matched,1.1077474394631466,"{""gain_matrix"": [[0.5000000000000002]]}"
linear_gain,gain=0.5,1.0,20361514,5,scaled_with_l,0.05,1024,fixed_density,4.0,1,1,variance_matched,1.1065346849795377,"{""direction"": [1.0]}"
linear_gain,gain=0.5,1.0,20361514,5,scaled_with_l,0.05,1024,fixed_density,4.0,1,1,shuffled_target,-0.0008484950510826688,{}
linear_gain,gain=0.5,1.0,20361514,5,scaled_with_l,0.05,1024,fixed_density,4.0,1,1,analytic_volume,0.0,"{""source_dim"": 1}"
linear_gain,gain=0.5,1.0,20361531,6,scaled_with_l,0.05,1024,fixed_density,4.0,1,1,null,-0.000559647138461415,{}
linear_gain,gain=0.5,1.0,20361531,6,scaled_with_l,0.05,1024,fixed_density,4.0,1,1,identity,1.746501868714653,"{""projection"": [[1.0]]}"
linear_gain,gain=0.5,1.0,20361531,6,scaled_with_l,0.05,1024,fixed_density,4.0,1,1,gain_matched,1.0970775592818875,"{""gain_matrix"": [[0.4999999999999997]]}"
linear_gain,gain=0.5,1.0,20361531,6,scaled_with_l,0.05,1024,fixed_density,4.0,1,1,variance_matched,1.110806409167442,"{""direction"": [1.0]}"
linear_gain,gain=0.5,1.0,20361531,6,scaled_with_l,0.05,1024,fixed_density,4.0,1,1,shuffled_target,0.0018451851124561681,{}
linear_gain,gain=0.5,1.0,20361531,6,scaled_with_l,0.05,1024,fixed_density,4.0,1,1,analytic_volume,0.0,"{""source_dim"": 1}"
linear_gain,gain=0.5,1.0,20361548,7,scaled_with_l,0.05,1024,fixed_density,4.0,1,1,null,-0.0011330243575467312,{}
linear_gain,gain=0.5,1.0,20361548,7,scaled_with_l,0.05,1024,fixed_density,4.0,1,1,identity,1.7350911982894623,"{""projection"": [[1.0]]}"
linear_gain,gain=0.5,1.0,20361548,7,scaled_with_l,0.05,1024,fixed_density,4.0,1,1,gain_matched,1.072555632630897,"{""gain_matrix"": [[0.4999999999999997]]}"
linear_gain,gain=0.5,1.0,20361548,7,scaled_with_l,0.05,1024,fixed_density,4.0,1,1,variance_matched,1.085186059864134,"{""direction"": [1.0]}"
linear_gain,gain=0.5,1.0,20361548,7,scaled_with_l,0.05,1024,fixed_density,4.0,1,1,shuffled_target,0.003666106574313416,{}
linear_gain,gain=0.5,1.0,20361548,7,scaled_with_l,0.05,1024,fixed_density,4.0,1,1,analytic_volume,0.0,"{""source_dim"": 1}"
linear_gain,gain=0.5,1.0,20361565,8,scaled_with_l,0.05,1024,fixed_density,4.0,1,1,null,-0.0010283770744413865,{}
linear_gain,gain=0.5,1.0,20361565,8,scaled_with_l,0.05,1024,fixed_density,4.0,1,1,identity,1.8102457278506394,"{""projection"": [[1.0]]}"
linear_gain,gain=0.5,1.0,20361565,8,scaled_with_l,0.05,1024,fixed_density,4.0,1,1,gain_matched,1.142362518163547,"{""gain_matrix"": [[0.5000000000000001]]}"
linear_gain,gain=0.5,1.0,20361565,8,scaled_with_l,0.05,1024,fixed_density,4.0,1,1,variance_matched,1.1563659842482281,"{""direction"": [1.0]}"
linear_gain,gain=0.5,1.0,20361565,8,scaled_with_l,0.05,1024,fixed_density,4.0,1,1,shuffled_target,0.0005685305448140551,{}
linear_gain,gain=0.5,1.0,20361565,8,scaled_with_l,0.05,1024,fixed_density,4.0,1,1,analytic_volume,0.0,"{""source_dim"": 1}"
linear_gain,gain=0.5,1.0,20361582,9,scaled_with_l,0.05,1024,fixed_density,4.0,1,1,null,-0.0008867757169623664,{}
linear_gain,gain=0.5,1.0,20361582,9,scaled_with_l,0.05,1024,fixed_density,4.0,1,1,identity,1.788355449637098,"{""projection"": [[1.0]]}"
linear_gain,gain=0.5,1.0,20361582,9,scaled_with_l,0.05,1024,fixed_density,4.0,1,1,gain_matched,1.124143167387129,"{""gain_matrix"": [[0.4999999999999997]]}"
linear_gain,gain=0.5,1.0,20361582,9,scaled_with_l,0.05,1024,fixed_density,4.0,1,1,variance_matched,1.0912474619453356,"{""direction"": [1.0]}"
linear_gain,gain=0.5,1.0,20361582,9,scaled_with_l,0.05,1024,fixed_density,4.0,1,1,shuffled_target,-0.00044350255604112875,{}
linear_gain,gain=0.5,1.0,20361582,9,scaled_with_l,0.05,1024,fixed_density,4.0,1,1,analytic_volume,0.0,"{""source_dim"": 1}"
linear_gain,gain=0.5,2.0,20362429,0,scaled_with_l,0.1,2048,fixed_density,4.0,1,1,null,0.00046263078056967683,{}
linear_gain,gain=0.5,2.0,20362429,0,scaled_with_l,0.1,2048,fixed_density,4.0,1,1,identity,1.7998684114192112,"{""projection"": [[1.0]]}"
linear_gain,gain=0.5,2.0,20362429,0,scaled_with_l,0.1,2048,fixed_density,4.0,1,1,gain_matched,1.1285043508839192,"{""gain_matrix"": [[0.5000000000000003]]}"
linear_gain,gain=0.5,2.0,20362429,0,scaled_with_l,0.1,2048,fixed_density,4.0,1,1,variance_matched,1.1423452304796782,"{""direction"": [1.0]}"
linear_gain,gain=0.5,2.0,20362429,0,scaled_with_l,0.1,2048,fixed_density,4.0,1,1,shuffled_target,-0.0002381289655719831,{}
linear_gain,gain=0.5,2.0,20362429,0,scaled_with_l,0.1,2048,fixed_density,4.0,1,1,analytic_volume,0.6931471805599453,"{""source_dim"": 1}"
linear_gain,gain=0.5,2.0,20362446,1,scaled_with_l,0.1,2048,fixed_density,4.0,1,1,null,-0.0003734798273748295,{}
linear_gain,gain=0.5,2.0,20362446,1,scaled_with_l,0.1,2048,fixed_density,4.0,1,1,identity,1.8016180038086265,"{""projection"": [[1.0]]}"
linear_gain,gain=0.5,2.0,20362446,1,scaled_with_l,0.1,2048,fixed_density,4.0,1,1,gain_matched,1.091572512756347,"{""gain_matrix"": [[0.5000000000000006]]}"
linear_gain,gain=0.5,2.0,20362446,1,scaled_with_l,0.1,2048,fixed_density,4.0,1,1,variance_matched,1.1285509333802,"{""direction"": [1.0]}"
linear_gain,gain=0.5,2.0,20362446,1,scaled_with_l,0.1,2048,fixed_density,4.0,1,1,shuffled_target,-0.00014783976034202055,{}
linear_gain,gain=0.5,2.0,20362446,1,scaled_with_l,0.1,2048,fixed_density,4.0,1,1,analytic_volume,0.6931471805599453,"{""source_dim"": 1}"
linear_gain,gain=0.5,2.0,20362463,2,scaled_with_l,0.1,2048,fixed_density,4.0,1,1,null,0.00020791829000488336,{}
linear_gain,gain=0.5,2.0,20362463,2,scaled_with_l,0.1,2048,fixed_density,4.0,1,1,identity,1.79456390489039,"{""projection"": [[1.0]]}"
linear_gain,gain=0.5,2.0,20362463,2,scaled_with_l,0.1,2048,fixed_density,4.0,1,1,gain_matched,1.1390473763611224,"{""gain_matrix"": [[0.5000000000000007]]}"
linear_gain,gain=0.5,2.0,20362463,2,scaled_with_l,0.1,2048,fixed_density,4.0,1,1,variance_matched,1.107367775121916,"{""direction"": [1.0]}"
linear_gain,gain=0.5,2.0,20362463,2,scaled_with_l,0.1,2048,fixed_density,4.0,1,1,shuffled_target,-0.00029927574242741197,{}
linear_gain,gain=0.5,2.0,20362463,2,scaled_with_l,0.1,2048,fixed_density,4.0,1,1,analytic_volume,0.6931471805599453,"{""source_dim"": 1}"
linear_gain,gain=0.5,2.0,20362480,3,scaled_with_l,0.1,2048,fixed_density,4.0,1,1,null,0.0007484252376708339,{}
linear_gain,gain=0.5,2.0,20362480,3,scaled_with_l,0.1,2048,fixed_density,4.0,1,1,identity,1.7444355411295032,"{""projection"": [[1.0]]}"
linear_gain,gain=0.5,2.0,20362480,3,scaled_with_l,0.1,2048,fixed_density,4.0,1,1,gain_matched,1.1109539884951376,"{""gain_matrix"": [[0.5000000000000009]]}"
linear_gain,gain=0.5,2.0,20362480,3,scaled_with_l,0.1,2048,fixed_density,4.0,1,1,variance_matched,1.1051207916839207,"{""direction"": [1.0]}"
linear_gain,gain=0.5,2.0,20362480,3,scaled_with_l,0.1,2048,fixed_density,4.0,1,1,shuffled_target,-0.0006258961273207676,{}
linear_gain,gain=0.5,2.0,20362480,3,scaled_with_l,0.1,2048,fixed_density,4.0,1,1,analytic_volume,0.6931471805599453,"{""source_dim"": 1}"
linear_gain,gain=0.5,2.0,20362497,4,scaled_with_l,0.1,2048,fixed_density,4.0,1,1,null,0.0007043153163492066,{}
linear_gain,gain=0.5,2.0,20362497,4,scaled_with_l,0.1,2048,fixed_density,4.0,1,1,identity,1.7685322367117697,"{""projection"": [[1.0]]}"
linear_gain,gain=0.5,2.0,20362497,4,scaled_with_l,0.1,2048,fixed_density,4.0,1,1,gain_matched,1.1094336132734244,"{""gain_matrix"": [[0.49999999999999944]]}"
linear_gain,gain=0.5,2.0,20362497,4,scaled_with_l,0.1,2048,fixed_density,4.0,1,1,variance_matched,1.1071972782819075,"{""direction"": [1.0]}"
linear_gain,gain=0.5,2.0,20362497,4,scaled_with_l,0.1,2048,fixed_density,4.0,1,1,shuffled_target,-0.0002632250084946077,{}
linear_gain,gain=0.5,2.0,20362497,4,scaled_with_l,0.1,2048,fixed_density,4.0,1,1,analytic_volume,0.6931471805599453,"{""source_dim"": 1}"
linear_gain,gain=0.5,2.0,20362514,5,scaled_with_l,0.1,2048,fixed_density,4.0,1,1,null,-0.0004922367063277625,{}
linear_gain,gain=0.5,2.0,20362514,5,scaled_with_l,0.1,2048,fixed_density,4.0,1,1,identity,1.7626823241238494,"{""projection"": [[1.0]]}"
linear_gain,gain=0.5,2.0,20362514,5,scaled_with_l,0.1,2048,fixed_density,4.0,1,1,gain_matched,1.1108883639662017,"{""gain_matrix"": [[0.5000000000000002]]}"
linear_gain,gain=0.5,2.0,20362514,5,scaled_with_l,0.1,2048,fixed_density,4.0,1,1,variance_matched,1.0956484332444147,"{""direction"": [1.0]}"
linear_gain,gain=0.5,2.0,20362514,5,scaled_with_l,0.1,2048,fixed_density,4.0,1,1,shuffled_target,0.0008966842736413698,{}
linear_gain,gain=0.5,2.0,20362514,5,scaled_with_l,0.1,2048,fixed_density,4.0,1,1,analytic_volume,0.6931471805599453,"{""source_dim"": 1}"
linear_gain,gain=0.5,2.0,20362531,6,scaled_with_l,0.1,2048,fixed_density,4.0,1,1,null,0.0009450479533950042,{}
linear_gain,gain=0.5,2.0,20362531,6,scaled_with_l,0.1,2048,fixed_density,4.0,1,1,identity,1.7462071942034747,"{""projection"": [[1.0]]}"
linear_gain,gain=0.5,2.0,20362531,6,scaled_with_l,0.1,2048,fixed_density,4.0,1,1,gain_matched,1.1281493463259036,"{""gain_matrix"": [[0.5000000000000002]]}"
linear_gain,gain=0.5,2.0,20362531,6,scaled_with_l,0.1,2048,fixed_density,4.0,1,1,variance_matched,1.1048280115960312,"{""direction"": [1.0]}"
linear_gain,gain=0.5,2.0,20362531,6,scaled_with_l,0.1,2048,fixed_density,4.0,1,1,shuffled_target,0.00039476233881840535,{}
linear_gain,gain=0.5,2.0,20362531,6,scaled_with_l,0.1,2048,fixed_density,4.0,1,1,analytic_volume,0.6931471805599453,"{""source_dim"": 1}"
linear_gain,gain=0.5,2.0,20362548,7,scaled_with_l,0.1,2048,fixed_density,4.0,1,1,null,-0.00028507140327941704,{}
linear_gain,gain=0.5,2.0,20362548,7,scaled_with_l,0.1,2048,fixed_density,4.0,1,1,identity,1.7948817479223633,"{""projection"": [[1.0]]}"
linear_gain,gain=0.5,2.0,20362548,7,scaled_with_l,0.1,2048,fixed_density,4.0,1,1,gain_matched,1.1098555036271838,"{""gain_matrix"": [[0.5000000000000008]]}"
linear_gain,gain=0.5,2.0,20362548,7,scaled_with_l,0.1,2048,fixed_density,4.0,1,1,variance_matched,1.0876623916024535,"{""direction"": [1.0]}"
linear_gain,gain=0.5,2.0,20362548,7,scaled_with_l,0.1,2048,fixed_density,4.0,1,1,shuffled_target,0.0009765884683195938,{}
linear_gain,gain=0.5,2.0,20362548,7,scaled_with_l,0.1,2048,fixed_density,4.0,1,1,analytic_volume,0.6931471805599453,"{""source_dim"": 1}"
linear_gain,gain=0.5,2.0,20362565,8,scaled_with_l,0.1,2048,fixed_density,4.0,1,1,null,3.103171239869564e-05,{}
linear_gain,gain=0.5,2.0,20362565,8,scaled_with_l,0.1,2048,fixed_density,4.0,1,1,identity,1.797137114816786,"{""projection"": [[1.0]]}"
linear_gain,gain=0.5,2.0,20362565,8,scaled_with_l,0.1,2048,fixed_density,4.0,1,1,gain_matched,1.1514534133715086,"{""gain_matrix"": [[0.49999999999999933]]}"
linear_gain,gain=0.5,2.0,20362565,8,scaled_with_l,0.1,2048,fixed_density,4.0,1,1,variance_matched,1.1268113127655444,"{""direction"": [1.0]}"
linear_gain,gain=0.5,2.0,20362565,8,scaled_with_l,0.1,2048,fixed_density,4.0,1,1,shuffled_target,0.00028400171464870277,{}
linear_gain,gain=0.5,2.0,20362565,8,scaled_with_l,0.1,2048,fixed_density,4.0,1,1,analytic_volume,0.6931471805599453,"{""source_dim"": 1}"
linear_gain,gain=0.5,2.0,20362582,9,scaled_with_l,0.1,2048,fixed_density,4.0,1,1,null,-0.0005812257003491148,{}
linear_gain,gain=0.5,2.0,20362582,9,scaled_with_l,0.1,2048,fixed_density,4.0,1,1,identity,1.7472196772326134,"{""projection"": [[1.0]]}"
linear_gain,gain=0.5,2.0,20362582,9,scaled_with_l,0.1,2048,fixed_density,4.0,1,1,gain_matched,1.0948984837488505,"{""gain_matrix"": [[0.5000000000000013]]}"
linear_gain,gain=0.5,2.0,20362582,9,scaled_with_l,0.1,2048,fixed_density,4.0,1,1,variance_matched,1.1236121596789315,"{""direction"": [1.0]}"
linear_gain,gain=0.5,2.0,20362582,9,scaled_with_l,0.1,2048,fixed_density,4.0,1,1,shuffled_target,0.00018845064932946346,{}
linear_gain,gain=0.5,2.0,20362582,9,scaled_with_l,0.1,2048,fixed_density,4.0,1,1,analytic_volume,0.6931471805599453,"{""source_dim"": 1}"
linear_gain,gain=0.5,4.0,20363429,0,scaled_with_l,0.2,4096,fixed_density,4.0,1,1,null,0.000562407751681806,{}
linear_gain,gain=0.5,4.0,20363429,0,scaled_with_l,0.2,4096,fixed_density,4.0,1,1,identity,1.763934870220799,"{""projection"": [[1.0]]}"
linear_gain,gain=0.5,4.0,20363429,0,scaled_with_l,0.2,4096,fixed_density,4.0,1,1,gain_matched,1.1178126866138025,"{""gain_matrix"": [[0.4999999999999997]]}"
linear_gain,gain=0.5,4.0,20363429,0,scaled_with_l,0.2,4096,fixed_density,4.0,1,1,variance_matched,1.1288776888559686,"{""direction"": [1.0]}"
linear_gain,gain=0.5,4.0,20363429,0,scaled_with_l,0.2,4096,fixed_density,4.0,1,1,shuffled_target,7.584723878232357e-05,{}
linear_gain,gain=0.5,4.0,20363429,0,scaled_with_l,0.2,4096,fixed_density,4.0,1,1,analytic_volume,1.3862943611198906,"{""source_dim"": 1}"
linear_gain,gain=0.5,4.0,20363446,1,scaled_with_l,0.2,4096,fixed_density,4.0,1,1,null,4.974707230864201e-05,{}
linear_gain,gain=0.5,4.0,20363446,1,scaled_with_l,0.2,4096,fixed_density,4.0,1,1,identity,1.7808891627371146,"{""projection"": [[1.0]]}"
linear_gain,gain=0.5,4.0,20363446,1,scaled_with_l,0.2,4096,fixed_density,4.0,1,1,gain_matched,1.117844580555296,"{""gain_matrix"": [[0.5000000000000018]]}"
linear_gain,gain=0.5,4.0,20363446,1,scaled_with_l,0.2,4096,fixed_density,4.0,1,1,variance_matched,1.1213232064193162,"{""direction"": [1.0]}"
linear_gain,gain=0.5,4.0,20363446,1,scaled_with_l,0.2,4096,fixed_density,4.0,1,1,shuffled_target,-0.00027015752525084914,{}
linear_gain,gain=0.5,4.0,20363446,1,scaled_with_l,0.2,4096,fixed_density,4.0,1,1,analytic_volume,1.3862943611198906,"{""source_dim"": 1}"
linear_gain,gain=0.5,4.0,20363463,2,scaled_with_l,0.2,4096,fixed_density,4.0,1,1,null,-0.00029704430635136767,{}
linear_gain,gain=0.5,4.0,20363463,2,scaled_with_l,0.2,4096,fixed_density,4.0,1,1,identity,1.773501314086722,"{""projection"": [[1.0]]}"
linear_gain,gain=0.5,4.0,20363463,2,scaled_with_l,0.2,4096,fixed_density,4.0,1,1,gain_matched,1.1229935977381458,"{""gain_matrix"": [[0.4999999999999996]]}"
linear_gain,gain=0.5,4.0,20363463,2,scaled_with_l,0.2,4096,fixed_density,4.0,1,1,variance_matched,1.1009733340413799,"{""direction"": [1.0]}"
linear_gain,gain=0.5,4.0,20363463,2,scaled_with_l,0.2,4096,fixed_density,4.0,1,1,shuffled_target,-0.0001523846369452933,{}
linear_gain,gain=0.5,4.0,20363463,2,scaled_with_l,0.2,4096,fixed_density,4.0,1,1,analytic_volume,1.3862943611198906,"{""source_dim"": 1}"
linear_gain,gain=0.5,4.0,20363480,3,scaled_with_l,0.2,4096,fixed_density,4.0,1,1,null,-0.00011569451382425239,{}
linear_gain,gain=0.5,4.0,20363480,3,scaled_with_l,0.2,4096,fixed_density,4.0,1,1,identity,1.775295418519391,"{""projection"": [[1.0]]}"
linear_gain,gain=0.5,4.0,20363480,3,scaled_with_l,0.2,4096,fixed_density,4.0,1,1,gain_matched,1.1281023281184968,"{""gain_matrix"": [[0.5000000000000021]]}"
linear_gain,gain=0.5,4.0,20363480,3,scaled_with_l,0.2,4096,fixed_density,4.0,1,1,variance_matched,1.143375728521146,"{""direction"": [1.0]}"
linear_gain,gain=0.5,4.0,20363480,3,scaled_with_l,0.2,4096,fixed_density,4.0,1,1,shuffled_target,0.00021238185467638846,{}
linear_gain,gain=0.5,4.0,20363480,3,scaled_with_l,0.2,4096,fixed_density,4.0,1,1,analytic_volume,1.3862943611198906,"{""source_dim"": 1}"
linear_gain,gain=0.5,4.0,20363497,4,scaled_with_l,0.2,4096,fixed_density,4.0,1,1,null,0.00010432227189774323,{}
linear_gain,gain=0.5,4.0,20363497,4,scaled_with_l,0.2,4096,fixed_density,4.0,1,1,identity,1.7622898663268147,"{""projection"": [[1.0]]}"
linear_gain,gain=0.5,4.0,20363497,4,scaled_with_l,0.2,4096,fixed_density,4.0,1,1,gain_matched,1.1256362005614515,"{""gain_matrix"": [[0.5000000000000012]]}"
linear_gain,gain=0.5,4.0,20363497,4,scaled_with_l,0.2,4096,fixed_density,4.0,1,1,variance_matched,1.1357540287995989,"{""direction"": [1.0]}"
linear_gain,gain=0.5,4.0,20363497,4,scaled_with_l,0.2,4096,fixed_density,4.0,1,1,shuffled_target,4.5534151137309226e-05,{}
linear_gain,gain=0.5,4.0,20363497,4,scaled_with_l,0.2,4096,fixed_density,4.0,1,1,analytic_volume,1.3862943611198906,"{""source_dim"": 1}"
linear_gain,gain=0.5,4.0,20363514,5,scaled_with_l,0.2,4096,fixed_density,4.0,1,1,null,-0.00030307745702707174,{}
linear_gain,gain=0.5,4.0,20363514,5,scaled_with_l,0.2,4096,fixed_density,4.0,1,1,identity,1.7750680584305716,"{""projection"": [[1.0]]}"
linear_gain,gain=0.5,4.0,20363514,5,scaled_with_l,0.2,4096,fixed_density,4.0,1,1,gain_matched,1.1211491954615957,"{""gain_matrix"": [[0.49999999999999994]]}"
linear_gain,gain=0.5,4.0,20363514,5,scaled_with_l,0.2,4096,fixed_density,4.0,1,1,variance_matched,1.1196682949147576,"{""direction"": [1.0]}"
linear_gain,gain=0.5,4.0,20363514,5,scaled_with_l,0.2,4096,fixed_density,4.0,1,1,shuffled_target,-0.0002365397320751268,{}
linear_gain,gain=0.5,4.0,20363514,5,scaled_with_l,0.2,4096,fixed_density,4.0,1,1,analytic_volume,1.3862943611198906,"{""source_dim"": 1}"
linear_gain,gain=0.5,4.0,20363531,6,scaled_with_l,0.2,4096,fixed_density,4.0,1,1,null,-0.00033582953866223184,{}
linear_gain,gain=0.5,4.0,20363531,6,scaled_with_l,0.2,4096,fixed_density,4.0,1,1,identity,1.7742720324419627,"{""projection"": [[1.0]]}"
linear_gain,gain=0.5,4.0,20363531,6,scaled_with_l,0.2,4096,fixed_density,4.0,1,1,gain_matched,1.116499114531328,"{""gain_matrix"": [[0.4999999999999997]]}"
linear_gain,gain=0.5,4.0,20363531,6,scaled_with_l,0.2,4096,fixed_density,4.0,1,1,variance_matched,1.113616225446724,"{""direction"": [1.0]}"
linear_gain,gain=0.5,4.0,20363531,6,scaled_with_l,0.2,4096,fixed_density,4.0,1,1,shuffled_target,-0.0001528725821633313,{}
linear_gain,gain=0.5,4.0,20363531,6,scaled_with_l,0.2,4096,fixed_density,4.0,1,1,analytic_volume,1.3862943611198906,"{""source_dim"": 1}"
linear_gain,gain=0.5,4.0,20363548,7,scaled_with_l,0.2,4096,fixed_density,4.0,1,1,null,-0.00030775477656090497,{}
linear_gain,gain=0.5,4.0,20363548,7,scaled_with_l,0.2,4096,fixed_density,4.0,1,1,identity,1.762360646502069,"{""projection"": [[1.0]]}"
linear_gain,gain=0.5,4.0,20363548,7,scaled_with_l,0.2,4096,fixed_density,4.0,1,1,gain_matched,1.0989017188282597,"{""gain_matrix"": [[0.4999999999999996]]}"
linear_gain,gain=0.5,4.0,20363548,7,scaled_with_l,0.2,4096,fixed_density,4.0,1,1,variance_matched,1.1179670037065628,"{""direction"": [1.0]}"
linear_gain,gain=0.5,4.0,20363548,7,scaled_with_l,0.2,4096,fixed_density,4.0,1,1,shuffled_target,0.00018224454123211997,{}
linear_gain,gain=0.5,4.0,20363548,7,scaled_with_l,0.2,4096,fixed_density,4.0,1,1,analytic_volume,1.3862943611198906,"{""source_dim"": 1}"
linear_gain,gain=0.5,4.0,20363565,8,scaled_with_l,0.2,4096,fixed_density,4.0,1,1,null,-0.00029117653774138514,{}
linear_gain,gain=0.5,4.0,20363565,8,scaled_with_l,0.2,4096,fixed_density,4.0,1,1,identity,1.7676144059373602,"{""projection"": [[1.0]]}"
linear_gain,gain=0.5,4.0,20363565,8,scaled_with_l,0.2,4096,fixed_density,4.0,1,1,gain_matched,1.1181287268218645,"{""gain_matrix"": [[0.4999999999999999]]}"
linear_gain,gain=0.5,4.0,20363565,8,scaled_with_l,0.2,4096,fixed_density,4.0,1,1,variance_matched,1.107054259594294,"{""direction"": [1.0]}"
linear_gain,gain=0.5,4.0,20363565,8,scaled_with_l,0.2,4096,fixed_density,4.0,1,1,shuffled_target,7.879878355210602e-05,{}
linear_gain,gain=0.5,4.0,20363565,8,scaled_with_l,0.2,4096,fixed_density,4.0,1,1,analytic_volume,1.3862943611198906,"{""source_dim"": 1}"
linear_gain,gain=0.5,4.0,20363582,9,scaled_with_l,0.2,4096,fixed_density,4.0,1,1,null,0.0005351825943019998,{}
linear_gain,gain=0.5,4.0,20363582,9,scaled_with_l,0.2,4096,fixed_density,4.0,1,1,identity,1.7884196006301838,"{""projection"": [[1.0]]}"
linear_gain,gain=0.5,4.0,20363582,9,scaled_with_l,0.2,4096,fixed_density,4.0,1,1,gain_matched,1.104319354432209,"{""gain_matrix"": [[0.500000000000001]]}"
linear_gain,gain=0.5,4.0,20363582,9,scaled_with_l,0.2,4096,fixed_density,4.0,1,1,variance_matched,1.1296051917343368,"{""direction"": [1.0]}"
linear_gain,gain=0.5,4.0,20363582,9,scaled_with_l,0.2,4096,fixed_density,4.0,1,1,shuffled_target,9.10020996221283e-05,{}
linear_gain,gain=0.5,4.0,20363582,9,scaled_with_l,0.2,4096,fixed_density,4.0,1,1,analytic_volume,1.3862943611198906,"{""source_dim"": 1}"
linear_gain,gain=0.5,8.0,20364429,0,scaled_with_l,0.4,8192,fixed_density,4.0,1,1,null,-0.00011366107726037659,{}
linear_gain,gain=0.5,8.0,20364429,0,scaled_with_l,0.4,8192,fixed_density,4.0,1,1,identity,1.7557570704013876,"{""projection"": [[1.0]]}"
linear_gain,gain=0.5,8.0,20364429,0,scaled_with_l,0.4,8192,fixed_density,4.0,1,1,gain_matched,1.1054516538360946,"{""gain_matrix"": [[0.5000000000000002]]}"
linear_gain,gain=0.5,8.0,20364429,0,scaled_with_l,0.4,8192,fixed_density,4.0,1,1,variance_matched,1.1087153389502533,"{""direction"": [1.0]}"
linear_gain,gain=0.5,8.0,20364429,0,scaled_with_l,0.4,8192,fixed_density,4.0,1,1,shuffled_target,-4.061992005460657e-05,{}
linear_gain,gain=0.5,8.0,20364429,0,scaled_with_l,0.4,8192,fixed_density,4.0,1,1,analytic_volume,2.0794415416798357,"{""source_dim"": 1}"
linear_gain,gain=0.5,8.0,20364446,1,scaled_with_l,0.4,8192,fixed_density,4.0,1,1,null,-0.00016021299229233572,{}
linear_gain,gain=0.5,8.0,20364446,1,scaled_with_l,0.4,8192,fixed_density,4.0,1,1,identity,1.7655314271204274,"{""projection"": [[1.0]]}"
linear_gain,gain=0.5,8.0,20364446,1,scaled_with_l,0.4,8192,fixed_density,4.0,1,1,gain_matched,1.104261822983371,"{""gain_matrix"": [[0.49999999999999806]]}"
linear_gain,gain=0.5,8.0,20364446,1,scaled_with_l,0.4,8192,fixed_density,4.0,1,1,variance_matched,1.0995770231050261,"{""direction"": [1.0]}"
linear_gain,gain=0.5,8.0,20364446,1,scaled_with_l,0.4,8192,fixed_density,4.0,1,1,shuffled_target,8.46737259970845e-06,{}
linear_gain,gain=0.5,8.0,20364446,1,scaled_with_l,0.4,8192,fixed_density,4.0,1,1,analytic_volume,2.0794415416798357,"{""source_dim"": 1}"
linear_gain,gain=0.5,8.0,20364463,2,scaled_with_l,0.4,8192,fixed_density,4.0,1,1,null,-0.00017876313605201739,{}
linear_gain,gain=0.5,8.0,20364463,2,scaled_with_l,0.4,8192,fixed_density,4.0,1,1,identity,1.7734683131530524,"{""projection"": [[1.0]]}"
linear_gain,gain=0.5,8.0,20364463,2,scaled_with_l,0.4,8192,fixed_density,4.0,1,1,gain_matched,1.1241505883390637,"{""gain_matrix"": [[0.5000000000000011]]}"
linear_gain,gain=0.5,8.0,20364463,2,scaled_with_l,0.4,8192,fixed_density,4.0,1,1,variance_matched,1.1297402401036325,"{""direction"": [1.0]}"
linear_gain,gain=0.5,8.0,20364463,2,scaled_with_l,0.4,8192,fixed_density,4.0,1,1,shuffled_target,-0.0001318803503566467,{}
linear_gain,gain=0.5,8.0,20364463,2,scaled_with_l,0.4,8192,fixed_density,4.0,1,1,analytic_volume,2.0794415416798357,"{""source_dim"": 1}"
linear_gain,gain=0.5,8.0,20364480,3,scaled_with_l,0.4,8192,fixed_density,4.0,1,1,null,-9.087094730645348e-05,{}
linear_gain,gain=0.5,8.0,20364480,3,scaled_with_l,0.4,8192,fixed_density,4.0,1,1,identity,1.7750619732874413,"{""projection"": [[1.0]]}"
linear_gain,gain=0.5,8.0,20364480,3,scaled_with_l,0.4,8192,fixed_density,4.0,1,1,gain_matched,1.1060341257327049,"{""gain_matrix"": [[0.5000000000000008]]}"
linear_gain,gain=0.5,8.0,20364480,3,scaled_with_l,0.4,8192,fixed_density,4.0,1,1,variance_matched,1.1158156727336999,"{""direction"": [1.0]}"
linear_gain,gain=0.5,8.0,20364480,3,scaled_with_l,0.4,8192,fixed_density,4.0,1,1,shuffled_target,-0.0001421399335347438,{}
linear_gain,gain=0.5,8.0,20364480,3,scaled_with_l,0.4,8192,fixed_density,4.0,1,1,analytic_volume,2.0794415416798357,"{""source_dim"": 1}"
linear_gain,gain=0.5,8.0,20364497,4,scaled_with_l,0.4,8192,fixed_density,4.0,1,1,null,0.00015925429383182378,{}
linear_gain,gain=0.5,8.0,20364497,4,scaled_with_l,0.4,8192,fixed_density,4.0,1,1,identity,1.7723255420112176,"{""projection"": [[1.0]]}"
linear_gain,gain=0.5,8.0,20364497,4,scaled_with_l,0.4,8192,fixed_density,4.0,1,1,gain_matched,1.1286140397001652,"{""gain_matrix"": [[0.5000000000000006]]}"
linear_gain,gain=0.5,8.0,20364497,4,scaled_with_l,0.4,8192,fixed_density,4.0,1,1,variance_matched,1.122004376103188,"{""direction"": [1.0]}"
linear_gain,gain=0.5,8.0,20364497,4,scaled_with_l,0.4,8192,fixed_density,4.0,1,1,shuffled_target,-0.00010090584810389957,{}
linear_gain,gain=0.5,8.0,20364497,4,scaled_with_l,0.4,8192,fixed_density,4.0,1,1,analytic_volume,2.0794415416798357,"{""source_dim"": 1}"
linear_gain,gain=0.5,8.0,20364514,5,scaled_with_l,0.4,8192,fixed_density,4.0,1,1,null,0.00018050411881289545,{}
linear_gain,gain=0.5,8.0,20364514,5,scaled_with_l,0.4,8192,fixed_density,4.0,1,1,identity,1.763258801260728,"{""projection"": [[1.0]]}"
linear_gain,gain=0.5,8.0,20364514,5,scaled_with_l,0.4,8192,fixed_density,4.0,1,1,gain_matched,1.1238730320375248,"{""gain_matrix"": [[0.49999999999999867]]}"
linear_gain,gain=0.5,8.0,20364514,5,scaled_with_l,0.4,8192,fixed_density,4.0,1,1,variance_matched,1.1118480507633908,"{""direction"": [1.0]}"
linear_gain,gain=0.5,8.0,20364514,5,scaled_with_l,0.4,8192,fixed_density,4.0,1,1,shuffled_target,-0.00013527081651179386,{}
linear_gain,gain=0.5,8.0,20364514,5,scaled_with_l,0.4,8192,fixed_density,4.0,1,1,analytic_volume,2.0794415416798357,"{""source_dim"": 1}"
linear_gain,gain=0.5,8.0,20364531,6,scaled_with_l,0.4,8192,fixed_density,4.0,1,1,null,1.6632594917144938e-05,{}
linear_gain,gain=0.5,8.0,20364531,6,scaled_with_l,0.4,8192,fixed_density,4.0,1,1,identity,1.7665152423349686,"{""projection"": [[1.0]]}"
linear_gain,gain=0.5,8.0,20364531,6,scaled_with_l,0.4,8192,fixed_density,4.0,1,1,gain_matched,1.123827598669482,"{""gain_matrix"": [[0.5000000000000019]]}"
linear_gain,gain=0.5,8.0,20364531,6,scaled_with_l,0.4,8192,fixed_density,4.0,1,1,variance_matched,1.1141224439565,"{""direction"": [1.0]}"
linear_gain,gain=0.5,8.0,20364531,6,scaled_with_l,0.4,8192,fixed_density,4.0,1,1,shuffled_target,0.0002777746163601983,{}
linear_gain,gain=0.5,8.0,20364531,6,scaled_with_l,0.4,8192,fixed_density,4.0,1,1,analytic_volume,2.0794415416798357,"{""source_dim"": 1}"
linear_gain,gain=0.5,8.0,20364548,7,scaled_with_l,0.4,8192,fixed_density,4.0,1,1,null,0.00013890552356571236,{}
linear_gain,gain=0.5,8.0,20364548,7,scaled_with_l,0.4,8192,fixed_density,4.0,1,1,identity,1.7645819495058885,"{""projection"": [[1.0]]}"
linear_gain,gain=0.5,8.0,20364548,7,scaled_with_l,0.4,8192,fixed_density,4.0,1,1,gain_matched,1.1070139082802064,"{""gain_matrix"": [[0.49999999999999867]]}"
linear_gain,gain=0.5,8.0,20364548,7,scaled_with_l,0.4,8192,fixed_density,4.0,1,1,variance_matched,1.1095552905682844,"{""direction"": [1.0]}"
linear_gain,gain=0.5,8.0,20364548,7,scaled_with_l,0.4,8192,fixed_density,4.0,1,1,shuffled_target,0.00019872399987683287,{}
linear_gain,gain=0.5,8.0,20364548,7,scaled_with_l,0.4,8192,fixed_density,4.0,1,1,analytic_volume,2.0794415416798357,"{""source_dim"": 1}"
linear_gain,gain=0.5,8.0,20364565,8,scaled_with_l,0.4,8192,fixed_density,4.0,1,1,null,0.00099988830221483,{}
linear_gain,gain=0.5,8.0,20364565,8,scaled_with_l,0.4,8192,fixed_density,4.0,1,1,identity,1.7736292450556665,"{""projection"": [[1.0]]}"
linear_gain,gain=0.5,8.0,20364565,8,scaled_with_l,0.4,8192,fixed_density,4.0,1,1,gain_matched,1.1203749823229465,"{""gain_matrix"": [[0.4999999999999991]]}"
linear_gain,gain=0.5,8.0,20364565,8,scaled_with_l,0.4,8192,fixed_density,4.0,1,1,variance_matched,1.1010973319319552,"{""direction"": [1.0]}"
linear_gain,gain=0.5,8.0,20364565,8,scaled_with_l,0.4,8192,fixed_density,4.0,1,1,shuffled_target,0.00019231919701259625,{}
linear_gain,gain=0.5,8.0,20364565,8,scaled_with_l,0.4,8192,fixed_density,4.0,1,1,analytic_volume,2.0794415416798357,"{""source_dim"": 1}"
linear_gain,gain=0.5,8.0,20364582,9,scaled_with_l,0.4,8192,fixed_density,4.0,1,1,null,0.0001303768523233508,{}
linear_gain,gain=0.5,8.0,20364582,9,scaled_with_l,0.4,8192,fixed_density,4.0,1,1,identity,1.7736180434352997,"{""projection"": [[1.0]]}"
linear_gain,gain=0.5,8.0,20364582,9,scaled_with_l,0.4,8192,fixed_density,4.0,1,1,gain_matched,1.108457301406438,"{""gain_matrix"": [[0.4999999999999981]]}"
linear_gain,gain=0.5,8.0,20364582,9,scaled_with_l,0.4,8192,fixed_density,4.0,1,1,variance_matched,1.1137803099810732,"{""direction"": [1.0]}"
linear_gain,gain=0.5,8.0,20364582,9,scaled_with_l,0.4,8192,fixed_density,4.0,1,1,shuffled_target,0.0002516430450058474,{}
linear_gain,gain=0.5,8.0,20364582,9,scaled_with_l,0.4,8192,fixed_density,4.0,1,1,analytic_volume,2.0794415416798357,"{""source_dim"": 1}"
linear_gain,gain=0.5,12.0,20365429,0,scaled_with_l,0.6000000000000001,12288,fixed_density,4.0,1,1,null,-3.6025746727623706e-05,{}
linear_gain,gain=0.5,12.0,20365429,0,scaled_with_l,0.6000000000000001,12288,fixed_density,4.0,1,1,identity,1.7739405133761874,"{""projection"": [[1.0]]}"
linear_gain,gain=0.5,12.0,20365429,0,scaled_with_l,0.6000000000000001,12288,fixed_density,4.0,1,1,gain_matched,1.1105635925695365,"{""gain_matrix"": [[0.5000000000000007]]}"
linear_gain,gain=0.5,12.0,20365429,0,scaled_with_l,0.6000000000000001,12288,fixed_density,4.0,1,1,variance_matched,1.1152117985621286,"{""direction"": [1.0]}"
linear_gain,gain=0.5,12.0,20365429,0,scaled_with_l,0.6000000000000001,12288,fixed_density,4.0,1,1,shuffled_target,2.927454940059218e-05,{}
linear_gain,gain=0.5,12.0,20365429,0,scaled_with_l,0.6000000000000001,12288,fixed_density,4.0,1,1,analytic_volume,2.4849066497880004,"{""source_dim"": 1}"
linear_gain,gain=0.5,12.0,20365446,1,scaled_with_l,0.6000000000000001,12288,fixed_density,4.0,1,1,null,-0.00010015164929144085,{}
linear_gain,gain=0.5,12.0,20365446,1,scaled_with_l,0.6000000000000001,12288,fixed_density,4.0,1,1,identity,1.7706183265608688,"{""projection"": [[1.0]]}"
linear_gain,gain=0.5,12.0,20365446,1,scaled_with_l,0.6000000000000001,12288,fixed_density,4.0,1,1,gain_matched,1.1133267634541146,"{""gain_matrix"": [[0.4999999999999997]]}"
linear_gain,gain=0.5,12.0,20365446,1,scaled_with_l,0.6000000000000001,12288,fixed_density,4.0,1,1,variance_matched,1.1240097492857144,"{""direction"": [1.0]}"
linear_gain,gain=0.5,12.0,20365446,1,scaled_with_l,0.6000000000000001,12288,fixed_density,4.0,1,1,shuffled_target,-2.6230801823179475e-05,{}
linear_gain,gain=0.5,12.0,20365446,1,scaled_with_l,0.6000000000000001,12288,fixed_density,4.0,1,1,analytic_volume,2.4849066497880004,"{""source_dim"": 1}"
linear_gain,gain=0.5,12.0,20365463,2,scaled_with_l,0.6000000000000001,12288,fixed_density,4.0,1,1,null,9.501181557812676e-05,{}
linear_gain,gain=0.5,12.0,20365463,2,scaled_with_l,0.6000000000000001,12288,fixed_density,4.0,1,1,identity,1.7618543327130727,"{""projection"": [[1.0]]}"
linear_gain,gain=0.5,12.0,20365463,2,scaled_with_l,0.6000000000000001,12288,fixed_density,4.0,1,1,gain_matched,1.1105008985232445,"{""gain_matrix"": [[0.5000000000000018]]}"
linear_gain,gain=0.5,12.0,20365463,2,scaled_with_l,0.6000000000000001,12288,fixed_density,4.0,1,1,variance_matched,1.107471872470674,"{""direction"": [1.0]}"
linear_gain,gain=0.5,12.0,20365463,2,scaled_with_l,0.6000000000000001,12288,fixed_density,4.0,1,1,shuffled_target,-0.00011511060984261984,{}
linear_gain,gain=0.5,12.0,20365463,2,scaled_with_l,0.6000000000000001,12288,fixed_density,4.0,1,1,analytic_volume,2.4849066497880004,"{""source_dim"": 1}"
linear_gain,gain=0.5,12.0,20365480,3,scaled_with_l,0.6000000000000001,12288,fixed_density,4.0,1,1,null,2.0518646329246168e-05,{}
linear_gain,gain=0.5,12.0,20365480,3,scaled_with_l,0.6000000000000001,12288,fixed_density,4.0,1,1,identity,1.7687190124173497,"{""projection"": [[1.0]]}"
linear_gain,gain=0.5,12.0,20365480,3,scaled_with_l,0.6000000000000001,12288,fixed_density,4.0,1,1,gain_matched,1.1229098562733792,"{""gain_matrix"": [[0.49999999999999933]]}"
linear_gain,gain=0.5,12.0,20365480,3,scaled_with_l,0.6000000000000001,12288,fixed_density,4.0,1,1,variance_matched,1.120482118563291,"{""direction"": [1.0]}"
linear_gain,gain=0.5,12.0,20365480,3,scaled_with_l,0.6000000000000001,12288,fixed_density,4.0,1,1,shuffled_target,-3.570782583263246e-05,{}
linear_gain,gain=0.5,12.0,20365480,3,scaled_with_l,0.6000000000000001,12288,fixed_density,4.0,1,1,analytic_volume,2.4849066497880004,"{""source_dim"": 1}"
linear_gain,gain=0.5,12.0,20365497,4,scaled_with_l,0.6000000000000001,12288,fixed_density,4.0,1,1,null,-6.867209746052207e-05,{}
linear_gain,gain=0.5,12.0,20365497,4,scaled_with_l,0.6000000000000001,12288,fixed_density,4.0,1,1,identity,1.7653971695039068,"{""projection"": [[1.0]]}"
linear_gain,gain=0.5,12.0,20365497,4,scaled_with_l,0.6000000000000001,12288,fixed_density,4.0,1,1,gain_matched,1.1259013165816532,"{""gain_matrix"": [[0.5000000000000002]]}"
linear_gain,gain=0.5,12.0,20365497,4,scaled_with_l,0.6000000000000001,12288,fixed_density,4.0,1,1,variance_matched,1.1175902104880862,"{""direction"": [1.0]}"
linear_gain,gain=0.5,12.0,20365497,4,scaled_with_l,0.6000000000000001,12288,fixed_density,4.0,1,1,shuffled_target,6.863828775968842e-06,{}
linear_gain,gain=0.5,12.0,20365497,4,scaled_with_l,0.6000000000000001,12288,fixed_density,4.0,1,1,analytic_volume,2.4849066497880004,"{""source_dim"": 1}"
linear_gain,gain=0.5,12.0,20365514,5,scaled_with_l,0.6000000000000001,12288,fixed_density,4.0,1,1,null,0.0002409689662123468,{}
linear_gain,gain=0.5,12.0,20365514,5,scaled_with_l,0.6000000000000001,12288,fixed_density,4.0,1,1,identity,1.7766311596654738,"{""projection"": [[1.0]]}"
linear_gain,gain=0.5,12.0,20365514,5,scaled_with_l,0.6000000000000001,12288,fixed_density,4.0,1,1,gain_matched,1.1157488293634723,"{""gain_matrix"": [[0.49999999999999906]]}"
linear_gain,gain=0.5,12.0,20365514,5,scaled_with_l,0.6000000000000001,12288,fixed_density,4.0,1,1,variance_matched,1.1236564292831384,"{""direction"": [1.0]}"
linear_gain,gain=0.5,12.0,20365514,5,scaled_with_l,0.6000000000000001,12288,fixed_density,4.0,1,1,shuffled_target,6.885933506234598e-05,{}
linear_gain,gain=0.5,12.0,20365514,5,scaled_with_l,0.6000000000000001,12288,fixed_density,4.0,1,1,analytic_volume,2.4849066497880004,"{""source_dim"": 1}"
linear_gain,gain=0.5,12.0,20365531,6,scaled_with_l,0.6000000000000001,12288,fixed_density,4.0,1,1,null,0.0003380632222107401,{}
linear_gain,gain=0.5,12.0,20365531,6,scaled_with_l,0.6000000000000001,12288,fixed_density,4.0,1,1,identity,1.7630640043335626,"{""projection"": [[1.0]]}"
linear_gain,gain=0.5,12.0,20365531,6,scaled_with_l,0.6000000000000001,12288,fixed_density,4.0,1,1,gain_matched,1.1104711671438403,"{""gain_matrix"": [[0.5000000000000014]]}"
linear_gain,gain=0.5,12.0,20365531,6,scaled_with_l,0.6000000000000001,12288,fixed_density,4.0,1,1,variance_matched,1.1285655699946353,"{""direction"": [1.0]}"
linear_gain,gain=0.5,12.0,20365531,6,scaled_with_l,0.6000000000000001,12288,fixed_density,4.0,1,1,shuffled_target,-4.103007713308427e-05,{}
linear_gain,gain=0.5,12.0,20365531,6,scaled_with_l,0.6000000000000001,12288,fixed_density,4.0,1,1,analytic_volume,2.4849066497880004,"{""source_dim"": 1}"
linear_gain,gain=0.5,12.0,20365548,7,scaled_with_l,0.6000000000000001,12288,fixed_density,4.0,1,1,null,0.00010485623308405527,{}
linear_gain,gain=0.5,12.0,20365548,7,scaled_with_l,0.6000000000000001,12288,fixed_density,4.0,1,1,identity,1.7610282347580135,"{""projection"": [[1.0]]}"
linear_gain,gain=0.5,12.0,20365548,7,scaled_with_l,0.6000000000000001,12288,fixed_density,4.0,1,1,gain_matched,1.1206525380446701,"{""gain_matrix"": [[0.5000000000000016]]}"
linear_gain,gain=0.5,12.0,20365548,7,scaled_with_l,0.6000000000000001,12288,fixed_density,4.0,1,1,variance_matched,1.114937374959711,"{""direction"": [1.0]}"
linear_gain,gain=0.5,12.0,20365548,7,scaled_with_l,0.6000000000000001,12288,fixed_density,4.0,1,1,shuffled_target,0.0006816818421639903,{}
linear_gain,gain=0.5,12.0,20365548,7,scaled_with_l,0.6000000000000001,12288,fixed_density,4.0,1,1,analytic_volume,2.4849066497880004,"{""source_dim"": 1}"
linear_gain,gain=0.5,12.0,20365565,8,scaled_with_l,0.6000000000000001,12288,fixed_density,4.0,1,1,null,-3.7637230420519036e-05,{}
linear_gain,gain=0.5,12.0,20365565,8,scaled_with_l,0.6000000000000001,12288,fixed_density,4.0,1,1,identity,1.7725551082514013,"{""projection"": [[1.0]]}"
linear_gain,gain=0.5,12.0,20365565,8,scaled_with_l,0.6000000000000001,12288,fixed_density,4.0,1,1,gain_matched,1.112370161678575,"{""gain_matrix"": [[0.5000000000000001]]}"
linear_gain,gain=0.5,12.0,20365565,8,scaled_with_l,0.6000000000000001,12288,fixed_density,4.0,1,1,variance_matched,1.11170170262339,"{""direction"": [1.0]}"
linear_gain,gain=0.5,12.0,20365565,8,scaled_with_l,0.6000000000000001,12288,fixed_density,4.0,1,1,shuffled_target,-2.5508924672805236e-06,{}
linear_gain,gain=0.5,12.0,20365565,8,scaled_with_l,0.6000000000000001,12288,fixed_density,4.0,1,1,analytic_volume,2.4849066497880004,"{""source_dim"": 1}"
linear_gain,gain=0.5,12.0,20365582,9,scaled_with_l,0.6000000000000001,12288,fixed_density,4.0,1,1,null,-8.861273649245021e-05,{}
linear_gain,gain=0.5,12.0,20365582,9,scaled_with_l,0.6000000000000001,12288,fixed_density,4.0,1,1,identity,1.7723195872539266,"{""projection"": [[1.0]]}"
linear_gain,gain=0.5,12.0,20365582,9,scaled_with_l,0.6000000000000001,12288,fixed_density,4.0,1,1,gain_matched,1.1179773417446592,"{""gain_matrix"": [[0.49999999999999983]]}"
linear_gain,gain=0.5,12.0,20365582,9,scaled_with_l,0.6000000000000001,12288,fixed_density,4.0,1,1,variance_matched,1.1267917880398215,"{""direction"": [1.0]}"
linear_gain,gain=0.5,12.0,20365582,9,scaled_with_l,0.6000000000000001,12288,fixed_density,4.0,1,1,shuffled_target,-4.330396784885988e-05,{}
linear_gain,gain=0.5,12.0,20365582,9,scaled_with_l,0.6000000000000001,12288,fixed_density,4.0,1,1,analytic_volume,2.4849066497880004,"{""source_dim"": 1}"
linear_gain,gain=0.5,16.0,20366429,0,scaled_with_l,0.8,16384,fixed_density,4.0,1,1,null,2.703949134483393e-05,{}
linear_gain,gain=0.5,16.0,20366429,0,scaled_with_l,0.8,16384,fixed_density,4.0,1,1,identity,1.7598621110992763,"{""projection"": [[1.0]]}"
linear_gain,gain=0.5,16.0,20366429,0,scaled_with_l,0.8,16384,fixed_density,4.0,1,1,gain_matched,1.1170876428873997,"{""gain_matrix"": [[0.49999999999999883]]}"
linear_gain,gain=0.5,16.0,20366429,0,scaled_with_l,0.8,16384,fixed_density,4.0,1,1,variance_matched,1.1118923741287214,"{""direction"": [1.0]}"
linear_gain,gain=0.5,16.0,20366429,0,scaled_with_l,0.8,16384,fixed_density,4.0,1,1,shuffled_target,3.445034146836038e-05,{}
linear_gain,gain=0.5,16.0,20366429,0,scaled_with_l,0.8,16384,fixed_density,4.0,1,1,analytic_volume,2.772588722239781,"{""source_dim"": 1}"
linear_gain,gain=0.5,16.0,20366446,1,scaled_with_l,0.8,16384,fixed_density,4.0,1,1,null,-6.6080277311723e-05,{}
linear_gain,gain=0.5,16.0,20366446,1,scaled_with_l,0.8,16384,fixed_density,4.0,1,1,identity,1.7653115499422651,"{""projection"": [[1.0]]}"
linear_gain,gain=0.5,16.0,20366446,1,scaled_with_l,0.8,16384,fixed_density,4.0,1,1,gain_matched,1.1240494531522427,"{""gain_matrix"": [[0.5000000000000014]]}"
linear_gain,gain=0.5,16.0,20366446,1,scaled_with_l,0.8,16384,fixed_density,4.0,1,1,variance_matched,1.1229795986842963,"{""direction"": [1.0]}"
linear_gain,gain=0.5,16.0,20366446,1,scaled_with_l,0.8,16384,fixed_density,4.0,1,1,shuffled_target,6.0416542503544866e-05,{}
linear_gain,gain=0.5,16.0,20366446,1,scaled_with_l,0.8,16384,fixed_density,4.0,1,1,analytic_volume,2.772588722239781,"{""source_dim"": 1}"
linear_gain,gain=0.5,16.0,20366463,2,scaled_with_l,0.8,16384,fixed_density,4.0,1,1,null,0.000137698212614574,{}
linear_gain,gain=0.5,16.0,20366463,2,scaled_with_l,0.8,16384,fixed_density,4.0,1,1,identity,1.759515585866088,"{""projection"": [[1.0]]}"
linear_gain,gain=0.5,16.0,20366463,2,scaled_with_l,0.8,16384,fixed_density,4.0,1,1,gain_matched,1.1163306280174257,"{""gain_matrix"": [[0.5000000000000017]]}"
linear_gain,gain=0.5,16.0,20366463,2,scaled_with_l,0.8,16384,fixed_density,4.0,1,1,variance_matched,1.1195561138730623,"{""direction"": [1.0]}"
linear_gain,gain=0.5,16.0,20366463,2,scaled_with_l,0.8,16384,fixed_density,4.0,1,1,shuffled_target,3.3320707024773634e-05,{}
linear_gain,gain=0.5,16.0,20366463,2,scaled_with_l,0.8,16384,fixed_density,4.0,1,1,analytic_volume,2.772588722239781,"{""source_dim"": 1}"
linear_gain,gain=0.5,16.0,20366480,3,scaled_with_l,0.8,16384,fixed_density,4.0,1,1,null,4.11810284128242e-05,{}
linear_gain,gain=0.5,16.0,20366480,3,scaled_with_l,0.8,16384,fixed_density,4.0,1,1,identity,1.7782912388407672,"{""projection"": [[1.0]]}"
linear_gain,gain=0.5,16.0,20366480,3,scaled_with_l,0.8,16384,fixed_density,4.0,1,1,gain_matched,1.1180374399233983,"{""gain_matrix"": [[0.500000000000001]]}"
linear_gain,gain=0.5,16.0,20366480,3,scaled_with_l,0.8,16384,fixed_density,4.0,1,1,variance_matched,1.106216635374059,"{""direction"": [1.0]}"
linear_gain,gain=0.5,16.0,20366480,3,scaled_with_l,0.8,16384,fixed_density,4.0,1,1,shuffled_target,7.109789955114332e-08,{}
linear_gain,gain=0.5,16.0,20366480,3,scaled_with_l,0.8,16384,fixed_density,4.0,1,1,analytic_volume,2.772588722239781,"{""source_dim"": 1}"
linear_gain,gain=0.5,16.0,20366497,4,scaled_with_l,0.8,16384,fixed_density,4.0,1,1,null,-1.9428385242996416e-05,{}
linear_gain,gain=0.5,16.0,20366497,4,scaled_with_l,0.8,16384,fixed_density,4.0,1,1,identity,1.7610260098330486,"{""projection"": [[1.0]]}"
linear_gain,gain=0.5,16.0,20366497,4,scaled_with_l,0.8,16384,fixed_density,4.0,1,1,gain_matched,1.1221591362861292,"{""gain_matrix"": [[0.49999999999999917]]}"
linear_gain,gain=0.5,16.0,20366497,4,scaled_with_l,0.8,16384,fixed_density,4.0,1,1,variance_matched,1.1193461914563727,"{""direction"": [1.0]}"
linear_gain,gain=0.5,16.0,20366497,4,scaled_with_l,0.8,16384,fixed_density,4.0,1,1,shuffled_target,5.1896589385447286e-05,{}
linear_gain,gain=0.5,16.0,20366497,4,scaled_with_l,0.8,16384,fixed_density,4.0,1,1,analytic_volume,2.772588722239781,"{""source_dim"": 1}"
linear_gain,gain=0.5,16.0,20366514,5,scaled_with_l,0.8,16384,fixed_density,4.0,1,1,null,6.224163305697543e-05,{}
linear_gain,gain=0.5,16.0,20366514,5,scaled_with_l,0.8,16384,fixed_density,4.0,1,1,identity,1.7734289012619586,"{""projection"": [[1.0]]}"
linear_gain,gain=0.5,16.0,20366514,5,scaled_with_l,0.8,16384,fixed_density,4.0,1,1,gain_matched,1.1253641495521713,"{""gain_matrix"": [[0.5000000000000018]]}"
linear_gain,gain=0.5,16.0,20366514,5,scaled_with_l,0.8,16384,fixed_density,4.0,1,1,variance_matched,1.1071857531731957,"{""direction"": [1.0]}"
linear_gain,gain=0.5,16.0,20366514,5,scaled_with_l,0.8,16384,fixed_density,4.0,1,1,shuffled_target,0.00019053946064245532,{}
linear_gain,gain=0.5,16.0,20366514,5,scaled_with_l,0.8,16384,fixed_density,4.0,1,1,analytic_volume,2.772588722239781,"{""source_dim"": 1}"
linear_gain,gain=0.5,16.0,20366531,6,scaled_with_l,0.8,16384,fixed_density,4.0,1,1,null,-3.7398586656862226e-05,{}
linear_gain,gain=0.5,16.0,20366531,6,scaled_with_l,0.8,16384,fixed_density,4.0,1,1,identity,1.7620846859425685,"{""projection"": [[1.0]]}"
linear_gain,gain=0.5,16.0,20366531,6,scaled_with_l,0.8,16384,fixed_density,4.0,1,1,gain_matched,1.1038575984999817,"{""gain_matrix"": [[0.4999999999999954]]}"
linear_gain,gain=0.5,16.0,20366531,6,scaled_with_l,0.8,16384,fixed_density,4.0,1,1,variance_matched,1.1143960763146916,"{""direction"": [1.0]}"
linear_gain,gain=0.5,16.0,20366531,6,scaled_with_l,0.8,16384,fixed_density,4.0,1,1,shuffled_target,3.851805975621853e-05,{}
linear_gain,gain=0.5,16.0,20366531,6,scaled_with_l,0.8,16384,fixed_density,4.0,1,1,analytic_volume,2.772588722239781,"{""source_dim"": 1}"
linear_gain,gain=0.5,16.0,20366548,7,scaled_with_l,0.8,16384,fixed_density,4.0,1,1,null,5.4330789352214726e-05,{}
linear_gain,gain=0.5,16.0,20366548,7,scaled_with_l,0.8,16384,fixed_density,4.0,1,1,identity,1.7664101381905877,"{""projection"": [[1.0]]}"
linear_gain,gain=0.5,16.0,20366548,7,scaled_with_l,0.8,16384,fixed_density,4.0,1,1,gain_matched,1.1038802185042131,"{""gain_matrix"": [[0.49999999999999933]]}"
linear_gain,gain=0.5,16.0,20366548,7,scaled_with_l,0.8,16384,fixed_density,4.0,1,1,variance_matched,1.1117858612765805,"{""direction"": [1.0]}"
linear_gain,gain=0.5,16.0,20366548,7,scaled_with_l,0.8,16384,fixed_density,4.0,1,1,shuffled_target,1.6281492826768058e-05,{}
linear_gain,gain=0.5,16.0,20366548,7,scaled_with_l,0.8,16384,fixed_density,4.0,1,1,analytic_volume,2.772588722239781,"{""source_dim"": 1}"
linear_gain,gain=0.5,16.0,20366565,8,scaled_with_l,0.8,16384,fixed_density,4.0,1,1,null,0.00018109713233076952,{}
linear_gain,gain=0.5,16.0,20366565,8,scaled_with_l,0.8,16384,fixed_density,4.0,1,1,identity,1.762265902763093,"{""projection"": [[1.0]]}"
linear_gain,gain=0.5,16.0,20366565,8,scaled_with_l,0.8,16384,fixed_density,4.0,1,1,gain_matched,1.1290888238014696,"{""gain_matrix"": [[0.49999999999999567]]}"
linear_gain,gain=0.5,16.0,20366565,8,scaled_with_l,0.8,16384,fixed_density,4.0,1,1,variance_matched,1.1089376981399868,"{""direction"": [1.0]}"
linear_gain,gain=0.5,16.0,20366565,8,scaled_with_l,0.8,16384,fixed_density,4.0,1,1,shuffled_target,2.090933470091801e-05,{}
linear_gain,gain=0.5,16.0,20366565,8,scaled_with_l,0.8,16384,fixed_density,4.0,1,1,analytic_volume,2.772588722239781,"{""source_dim"": 1}"
linear_gain,gain=0.5,16.0,20366582,9,scaled_with_l,0.8,16384,fixed_density,4.0,1,1,null,-4.520609290488994e-05,{}
linear_gain,gain=0.5,16.0,20366582,9,scaled_with_l,0.8,16384,fixed_density,4.0,1,1,identity,1.7626931750393924,"{""projection"": [[1.0]]}"
linear_gain,gain=0.5,16.0,20366582,9,scaled_with_l,0.8,16384,fixed_density,4.0,1,1,gain_matched,1.116589145298215,"{""gain_matrix"": [[0.5000000000000029]]}"
linear_gain,gain=0.5,16.0,20366582,9,scaled_with_l,0.8,16384,fixed_density,4.0,1,1,variance_matched,1.1079945290477302,"{""direction"": [1.0]}"
linear_gain,gain=0.5,16.0,20366582,9,scaled_with_l,0.8,16384,fixed_density,4.0,1,1,shuffled_target,0.0001357714918201956,{}
linear_gain,gain=0.5,16.0,20366582,9,scaled_with_l,0.8,16384,fixed_density,4.0,1,1,analytic_volume,2.772588722239781,"{""source_dim"": 1}"
linear_gain,gain=2.0,0.5,20460429,0,fixed,0.05,512,fixed_density,4.0,1,1,null,-0.002185948330934369,{}
linear_gain,gain=2.0,0.5,20460429,0,fixed,0.05,512,fixed_density,4.0,1,1,identity,1.0867919458721653,"{""projection"": [[1.0]]}"
linear_gain,gain=2.0,0.5,20460429,0,fixed,0.05,512,fixed_density,4.0,1,1,gain_matched,1.7200819935287122,"{""gain_matrix"": [[1.9999999999999993]]}"
linear_gain,gain=2.0,0.5,20460429,0,fixed,0.05,512,fixed_density,4.0,1,1,variance_matched,1.7655530816860465,"{""direction"": [1.0]}"
linear_gain,gain=2.0,0.5,20460429,0,fixed,0.05,512,fixed_density,4.0,1,1,shuffled_target,-0.0007412652570696658,{}
linear_gain,gain=2.0,0.5,20460429,0,fixed,0.05,512,fixed_density,4.0,1,1,analytic_volume,-0.6931471805599453,"{""source_dim"": 1}"
linear_gain,gain=2.0,0.5,20460446,1,fixed,0.05,512,fixed_density,4.0,1,1,null,-0.0019226585335713475,{}
linear_gain,gain=2.0,0.5,20460446,1,fixed,0.05,512,fixed_density,4.0,1,1,identity,1.185455209609661,"{""projection"": [[1.0]]}"
linear_gain,gain=2.0,0.5,20460446,1,fixed,0.05,512,fixed_density,4.0,1,1,gain_matched,1.823890396265351,"{""gain_matrix"": [[1.9999999999999993]]}"
linear_gain,gain=2.0,0.5,20460446,1,fixed,0.05,512,fixed_density,4.0,1,1,variance_matched,1.762614927297853,"{""direction"": [1.0]}"
linear_gain,gain=2.0,0.5,20460446,1,fixed,0.05,512,fixed_density,4.0,1,1,shuffled_target,0.0034618651365132163,{}
linear_gain,gain=2.0,0.5,20460446,1,fixed,0.05,512,fixed_density,4.0,1,1,analytic_volume,-0.6931471805599453,"{""source_dim"": 1}"
linear_gain,gain=2.0,0.5,20460463,2,fixed,0.05,512,fixed_density,4.0,1,1,null,0.0011703588295024782,{}
linear_gain,gain=2.0,0.5,20460463,2,fixed,0.05,512,fixed_density,4.0,1,1,identity,1.0724798046849047,"{""projection"": [[1.0]]}"
linear_gain,gain=2.0,0.5,20460463,2,fixed,0.05,512,fixed_density,4.0,1,1,gain_matched,1.7441200157785937,"{""gain_matrix"": [[2.0]]}"
linear_gain,gain=2.0,0.5,20460463,2,fixed,0.05,512,fixed_density,4.0,1,1,variance_matched,1.794970707618671,"{""direction"": [1.0]}"
linear_gain,gain=2.0,0.5,20460463,2,fixed,0.05,512,fixed_density,4.0,1,1,shuffled_target,0.002193027418778299,{}
linear_gain,gain=2.0,0.5,20460463,2,fixed,0.05,512,fixed_density,4.0,1,1,analytic_volume,-0.6931471805599453,"{""source_dim"": 1}"
linear_gain,gain=2.0,0.5,20460480,3,fixed,0.05,512,fixed_density,4.0,1,1,null,-0.00013327853341611523,{}
linear_gain,gain=2.0,0.5,20460480,3,fixed,0.05,512,fixed_density,4.0,1,1,identity,1.1112635947186416,"{""projection"": [[1.0]]}"
linear_gain,gain=2.0,0.5,20460480,3,fixed,0.05,512,fixed_density,4.0,1,1,gain_matched,1.7716295762304488,"{""gain_matrix"": [[1.9999999999999982]]}"
linear_gain,gain=2.0,0.5,20460480,3,fixed,0.05,512,fixed_density,4.0,1,1,variance_matched,1.776312394663484,"{""direction"": [1.0]}"
linear_gain,gain=2.0,0.5,20460480,3,fixed,0.05,512,fixed_density,4.0,1,1,shuffled_target,-0.0018512591783716374,{}
linear_gain,gain=2.0,0.5,20460480,3,fixed,0.05,512,fixed_density,4.0,1,1,analytic_volume,-0.6931471805599453,"{""source_dim"": 1}"
linear_gain,gain=2.0,0.5,20460497,4,fixed,0.05,512,fixed_density,4.0,1,1,null,-0.0019569531056326263,{}
linear_gain,gain=2.0,0.5,20460497,4,fixed,0.05,512,fixed_density,4.0,1,1,identity,1.1451299513902786,"{""projection"": [[1.0]]}"
linear_gain,gain=2.0,0.5,20460497,4,fixed,0.05,512,fixed_density,4.0,1,1,gain_matched,1.7720694608044472,"{""gain_matrix"": [[2.0]]}"
linear_gain,gain=2.0,0.5,20460497,4,fixed,0.05,512,fixed_density,4.0,1,1,variance_matched,1.80177661836554,"{""direction"": [1.0]}"
linear_gain,gain=2.0,0.5,20460497,4,fixed,0.05,512,fixed_density,4.0,1,1,shuffled_target,-0.0019671644092659132,{}
linear_gain,gain=2.0,0.5,20460497,4,fixed,0.05,512,fixed_density,4.0,1,1,analytic_volume,-0.6931471805599453,"{""source_dim"": 1}"
linear_gain,gain=2.0,0.5,20460514,5,fixed,0.05,512,fixed_density,4.0,1,1,null,0.0004286615491744107,{}
linear_gain,gain=2.0,0.5,20460514,5,fixed,0.05,512,fixed_density,4.0,1,1,identity,1.1582967325014781,"{""projection"": [[1.0]]}"
linear_gain,gain=2.0,0.5,20460514,5,fixed,0.05,512,fixed_density,4.0,1,1,gain_matched,1.7254925402378665,"{""gain_matrix"": [[2.0]]}"
linear_gain,gain=2.0,0.5,20460514,5,fixed,0.05,512,fixed_density,4.0,1,1,variance_matched,1.7374853348357462,"{""direction"": [1.0]}"
linear_gain,gain=2.0,0.5,20460514,5,fixed,0.05,512,fixed_density,4.0,1,1,shuffled_target,0.001834979439840684,{}
linear_gain,gain=2.0,0.5,20460514,5,fixed,0.05,512,fixed_density,4.0,1,1,analytic_volume,-0.6931471805599453,"{""source_dim"": 1}"
linear_gain,gain=2.0,0.5,20460531,6,fixed,0.05,512,fixed_density,4.0,1,1,null,-0.0015115002298064077,{}
linear_gain,gain=2.0,0.5,20460531,6,fixed,0.05,512,fixed_density,4.0,1,1,identity,1.1302969349800787,"{""projection"": [[1.0]]}"
linear_gain,gain=2.0,0.5,20460531,6,fixed,0.05,512,fixed_density,4.0,1,1,gain_matched,1.7451436003347576,"{""gain_matrix"": [[1.9999999999999998]]}"
linear_gain,gain=2.0,0.5,20460531,6,fixed,0.05,512,fixed_density,4.0,1,1,variance_matched,1.7871869888367677,"{""direction"": [1.0]}"
linear_gain,gain=2.0,0.5,20460531,6,fixed,0.05,512,fixed_density,4.0,1,1,shuffled_target,0.0013733922434176998,{}
linear_gain,gain=2.0,0.5,20460531,6,fixed,0.05,512,fixed_density,4.0,1,1,analytic_volume,-0.6931471805599453,"{""source_dim"": 1}"
linear_gain,gain=2.0,0.5,20460548,7,fixed,0.05,512,fixed_density,4.0,1,1,null,0.0012693925142153828,{}
linear_gain,gain=2.0,0.5,20460548,7,fixed,0.05,512,fixed_density,4.0,1,1,identity,1.0986085022605332,"{""projection"": [[1.0]]}"
linear_gain,gain=2.0,0.5,20460548,7,fixed,0.05,512,fixed_density,4.0,1,1,gain_matched,1.7900215528699737,"{""gain_matrix"": [[2.0000000000000013]]}"
linear_gain,gain=2.0,0.5,20460548,7,fixed,0.05,512,fixed_density,4.0,1,1,variance_matched,1.738173167965026,"{""direction"": [1.0]}"
linear_gain,gain=2.0,0.5,20460548,7,fixed,0.05,512,fixed_density,4.0,1,1,shuffled_target,0.0028802822065852945,{}
linear_gain,gain=2.0,0.5,20460548,7,fixed,0.05,512,fixed_density,4.0,1,1,analytic_volume,-0.6931471805599453,"{""source_dim"": 1}"
linear_gain,gain=2.0,0.5,20460565,8,fixed,0.05,512,fixed_density,4.0,1,1,null,0.0011257342578932174,{}
linear_gain,gain=2.0,0.5,20460565,8,fixed,0.05,512,fixed_density,4.0,1,1,identity,1.0865760294262499,"{""projection"": [[1.0]]}"
linear_gain,gain=2.0,0.5,20460565,8,fixed,0.05,512,fixed_density,4.0,1,1,gain_matched,1.757050078651135,"{""gain_matrix"": [[2.0000000000000018]]}"
linear_gain,gain=2.0,0.5,20460565,8,fixed,0.05,512,fixed_density,4.0,1,1,variance_matched,1.7734204460184444,"{""direction"": [1.0]}"
linear_gain,gain=2.0,0.5,20460565,8,fixed,0.05,512,fixed_density,4.0,1,1,shuffled_target,-0.0005450971898576641,{}
linear_gain,gain=2.0,0.5,20460565,8,fixed,0.05,512,fixed_density,4.0,1,1,analytic_volume,-0.6931471805599453,"{""source_dim"": 1}"
linear_gain,gain=2.0,0.5,20460582,9,fixed,0.05,512,fixed_density,4.0,1,1,null,-0.001866917526398758,{}
linear_gain,gain=2.0,0.5,20460582,9,fixed,0.05,512,fixed_density,4.0,1,1,identity,1.1344705996551316,"{""projection"": [[1.0]]}"
linear_gain,gain=2.0,0.5,20460582,9,fixed,0.05,512,fixed_density,4.0,1,1,gain_matched,1.7783432797857472,"{""gain_matrix"": [[1.9999999999999973]]}"
linear_gain,gain=2.0,0.5,20460582,9,fixed,0.05,512,fixed_density,4.0,1,1,variance_matched,1.809686829217176,"{""direction"": [1.0]}"
linear_gain,gain=2.0,0.5,20460582,9,fixed,0.05,512,fixed_density,4.0,1,1,shuffled_target,-0.0003164607341779998,{}
linear_gain,gain=2.0,0.5,20460582,9,fixed,0.05,512,fixed_density,4.0,1,1,analytic_volume,-0.6931471805599453,"{""source_dim"": 1}"
linear_gain,gain=2.0,1.0,20461429,0,fixed,0.05,1024,fixed_density,4.0,1,1,null,0.0013109349334137202,{}
linear_gain,gain=2.0,1.0,20461429,0,fixed,0.05,1024,fixed_density,4.0,1,1,identity,1.742259179395284,"{""projection"": [[1.0]]}"
linear_gain,gain=2.0,1.0,20461429,0,fixed,0.05,1024,fixed_density,4.0,1,1,gain_matched,2.437663131175538,"{""gain_matrix"": [[1.9999999999999984]]}"
linear_gain,gain=2.0,1.0,20461429,0,fixed,0.05,1024,fixed_density,4.0,1,1,variance_matched,2.4466691500370548,"{""direction"": [1.0]}"
linear_gain,gain=2.0,1.0,20461429,0,fixed,0.05,1024,fixed_density,4.0,1,1,shuffled_target,-0.0012634687381609861,{}
linear_gain,gain=2.0,1.0,20461429,0,fixed,0.05,1024,fixed_density,4.0,1,1,analytic_volume,0.0,"{""source_dim"": 1}"
linear_gain,gain=2.0,1.0,20461446,1,fixed,0.05,1024,fixed_density,4.0,1,1,null,-0.0008160036876143375,{}
linear_gain,gain=2.0,1.0,20461446,1,fixed,0.05,1024,fixed_density,4.0,1,1,identity,1.7544142883971032,"{""projection"": [[1.0]]}"
linear_gain,gain=2.0,1.0,20461446,1,fixed,0.05,1024,fixed_density,4.0,1,1,gain_matched,2.4426828808188676,"{""gain_matrix"": [[1.9999999999999991]]}"
linear_gain,gain=2.0,1.0,20461446,1,fixed,0.05,1024,fixed_density,4.0,1,1,variance_matched,2.4230998075481285,"{""direction"": [1.0]}"
linear_gain,gain=2.0,1.0,20461446,1,fixed,0.05,1024,fixed_density,4.0,1,1,shuffled_target,-0.001240845956147739,{}
linear_gain,gain=2.0,1.0,20461446,1,fixed,0.05,1024,fixed_density,4.0,1,1,analytic_volume,0.0,"{""source_dim"": 1}"
linear_gain,gain=2.0,1.0,20461463,2,fixed,0.05,1024,fixed_density,4.0,1,1,null,-0.0011461327687923664,{}
linear_gain,gain=2.0,1.0,20461463,2,fixed,0.05,1024,fixed_density,4.0,1,1,identity,1.764093101309704,"{""projection"": [[1.0]]}"
linear_gain,gain=2.0,1.0,20461463,2,fixed,0.05,1024,fixed_density,4.0,1,1,gain_matched,2.44870267682821,"{""gain_matrix"": [[1.9999999999999964]]}"
linear_gain,gain=2.0,1.0,20461463,2,fixed,0.05,1024,fixed_density,4.0,1,1,variance_matched,2.475408248471748,"{""direction"": [1.0]}"
linear_gain,gain=2.0,1.0,20461463,2,fixed,0.05,1024,fixed_density,4.0,1,1,shuffled_target,6.413817813579175e-05,{}
linear_gain,gain=2.0,1.0,20461463,2,fixed,0.05,1024,fixed_density,4.0,1,1,analytic_volume,0.0,"{""source_dim"": 1}"
linear_gain,gain=2.0,1.0,20461480,3,fixed,0.05,1024,fixed_density,4.0,1,1,null,-0.001127882992630996,{}
linear_gain,gain=2.0,1.0,20461480,3,fixed,0.05,1024,fixed_density,4.0,1,1,identity,1.7330325332159862,"{""projection"": [[1.0]]}"
linear_gain,gain=2.0,1.0,20461480,3,fixed,0.05,1024,fixed_density,4.0,1,1,gain_matched,2.4393096261678053,"{""gain_matrix"": [[2.0000000000000004]]}"
linear_gain,gain=2.0,1.0,20461480,3,fixed,0.05,1024,fixed_density,4.0,1,1,variance_matched,2.4640535861669797,"{""direction"": [1.0]}"
linear_gain,gain=2.0,1.0,20461480,3,fixed,0.05,1024,fixed_density,4.0,1,1,shuffled_target,0.0003221753238831144,{}
linear_gain,gain=2.0,1.0,20461480,3,fixed,0.05,1024,fixed_density,4.0,1,1,analytic_volume,0.0,"{""source_dim"": 1}"
linear_gain,gain=2.0,1.0,20461497,4,fixed,0.05,1024,fixed_density,4.0,1,1,null,0.0015066670057519483,{}
linear_gain,gain=2.0,1.0,20461497,4,fixed,0.05,1024,fixed_density,4.0,1,1,identity,1.7836845745865018,"{""projection"": [[1.0]]}"
linear_gain,gain=2.0,1.0,20461497,4,fixed,0.05,1024,fixed_density,4.0,1,1,gain_matched,2.460593281258956,"{""gain_matrix"": [[2.0000000000000004]]}"
linear_gain,gain=2.0,1.0,20461497,4,fixed,0.05,1024,fixed_density,4.0,1,1,variance_matched,2.480663044844512,"{""direction"": [1.0]}"
linear_gain,gain=2.0,1.0,20461497,4,fixed,0.05,1024,fixed_density,4.0,1,1,shuffled_target,0.00043207737349352485,{}
linear_gain,gain=2.0,1.0,20461497,4,fixed,0.05,1024,fixed_density,4.0,1,1,analytic_volume,0.0,"{""source_dim"": 1}"
linear_gain,gain=2.0,1.0,20461514,5,fixed,0.05,1024,fixed_density,4.0,1,1,null,0.0008364589577909258,{}
linear_gain,gain=2.0,1.0,20461514,5,fixed,0.05,1024,fixed_density,4.0,1,1,identity,1.7601454984518792,"{""projection"": [[1.0]]}"
linear_gain,gain=2.0,1.0,20461514,5,fixed,0.05,1024,fixed_density,4.0,1,1,gain_matched,2.389040169455657,"{""gain_matrix"": [[2.0000000000000004]]}"
linear_gain,gain=2.0,1.0,20461514,5,fixed,0.05,1024,fixed_density,4.0,1,1,variance_matched,2.419856995570775,"{""direction"": [1.0]}"
linear_gain,gain=2.0,1.0,20461514,5,fixed,0.05,1024,fixed_density,4.0,1,1,shuffled_target,-0.0014560843796364992,{}
linear_gain,gain=2.0,1.0,20461514,5,fixed,0.05,1024,fixed_density,4.0,1,1,analytic_volume,0.0,"{""source_dim"": 1}"
linear_gain,gain=2.0,1.0,20461531,6,fixed,0.05,1024,fixed_density,4.0,1,1,null,-0.001415913454218347,{}
linear_gain,gain=2.0,1.0,20461531,6,fixed,0.05,1024,fixed_density,4.0,1,1,identity,1.7818832091697003,"{""projection"": [[1.0]]}"
linear_gain,gain=2.0,1.0,20461531,6,fixed,0.05,1024,fixed_density,4.0,1,1,gain_matched,2.459722767976734,"{""gain_matrix"": [[1.9999999999999996]]}"
linear_gain,gain=2.0,1.0,20461531,6,fixed,0.05,1024,fixed_density,4.0,1,1,variance_matched,2.4843635226487017,"{""direction"": [1.0]}"
linear_gain,gain=2.0,1.0,20461531,6,fixed,0.05,1024,fixed_density,4.0,1,1,shuffled_target,-6.571372055178839e-05,{}
linear_gain,gain=2.0,1.0,20461531,6,fixed,0.05,1024,fixed_density,4.0,1,1,analytic_volume,0.0,"{""source_dim"": 1}"
linear_gain,gain=2.0,1.0,20461548,7,fixed,0.05,1024,fixed_density,4.0,1,1,null,-0.0008781782792600941,{}
linear_gain,gain=2.0,1.0,20461548,7,fixed,0.05,1024,fixed_density,4.0,1,1,identity,1.7726657736653162,"{""projection"": [[1.0]]}"
linear_gain,gain=2.0,1.0,20461548,7,fixed,0.05,1024,fixed_density,4.0,1,1,gain_matched,2.4214167678959746,"{""gain_matrix"": [[1.9999999999999976]]}"
linear_gain,gain=2.0,1.0,20461548,7,fixed,0.05,1024,fixed_density,4.0,1,1,variance_matched,2.4434451227404903,"{""direction"": [1.0]}"
linear_gain,gain=2.0,1.0,20461548,7,fixed,0.05,1024,fixed_density,4.0,1,1,shuffled_target,-0.0013128196659597275,{}
linear_gain,gain=2.0,1.0,20461548,7,fixed,0.05,1024,fixed_density,4.0,1,1,analytic_volume,0.0,"{""source_dim"": 1}"
linear_gain,gain=2.0,1.0,20461565,8,fixed,0.05,1024,fixed_density,4.0,1,1,null,-0.001123559550203573,{}
linear_gain,gain=2.0,1.0,20461565,8,fixed,0.05,1024,fixed_density,4.0,1,1,identity,1.7704944104880012,"{""projection"": [[1.0]]}"
linear_gain,gain=2.0,1.0,20461565,8,fixed,0.05,1024,fixed_density,4.0,1,1,gain_matched,2.4822462550640716,"{""gain_matrix"": [[2.0000000000000004]]}"
linear_gain,gain=2.0,1.0,20461565,8,fixed,0.05,1024,fixed_density,4.0,1,1,variance_matched,2.4738466787040885,"{""direction"": [1.0]}"
linear_gain,gain=2.0,1.0,20461565,8,fixed,0.05,1024,fixed_density,4.0,1,1,shuffled_target,0.0001817482162576971,{}
linear_gain,gain=2.0,1.0,20461565,8,fixed,0.05,1024,fixed_density,4.0,1,1,analytic_volume,0.0,"{""source_dim"": 1}"
linear_gain,gain=2.0,1.0,20461582,9,fixed,0.05,1024,fixed_density,4.0,1,1,null,-0.0005401070164255727,{}
linear_gain,gain=2.0,1.0,20461582,9,fixed,0.05,1024,fixed_density,4.0,1,1,identity,1.7634712993745278,"{""projection"": [[1.0]]}"
linear_gain,gain=2.0,1.0,20461582,9,fixed,0.05,1024,fixed_density,4.0,1,1,gain_matched,2.4453413188421305,"{""gain_matrix"": [[2.0000000000000004]]}"
linear_gain,gain=2.0,1.0,20461582,9,fixed,0.05,1024,fixed_density,4.0,1,1,variance_matched,2.4484407700228394,"{""direction"": [1.0]}"
linear_gain,gain=2.0,1.0,20461582,9,fixed,0.05,1024,fixed_density,4.0,1,1,shuffled_target,-0.0008200467390466752,{}
linear_gain,gain=2.0,1.0,20461582,9,fixed,0.05,1024,fixed_density,4.0,1,1,analytic_volume,0.0,"{""source_dim"": 1}"
linear_gain,gain=2.0,2.0,20462429,0,fixed,0.05,2048,fixed_density,4.0,1,1,null,-0.00022505442710451335,{}
linear_gain,gain=2.0,2.0,20462429,0,fixed,0.05,2048,fixed_density,4.0,1,1,identity,2.4517747652440063,"{""projection"": [[1.0]]}"
linear_gain,gain=2.0,2.0,20462429,0,fixed,0.05,2048,fixed_density,4.0,1,1,gain_matched,3.149922109582141,"{""gain_matrix"": [[2.0000000000000018]]}"
linear_gain,gain=2.0,2.0,20462429,0,fixed,0.05,2048,fixed_density,4.0,1,1,variance_matched,3.1263810467027158,"{""direction"": [1.0]}"
linear_gain,gain=2.0,2.0,20462429,0,fixed,0.05,2048,fixed_density,4.0,1,1,shuffled_target,-0.0003819616846705002,{}
linear_gain,gain=2.0,2.0,20462429,0,fixed,0.05,2048,fixed_density,4.0,1,1,analytic_volume,0.6931471805599453,"{""source_dim"": 1}"
linear_gain,gain=2.0,2.0,20462446,1,fixed,0.05,2048,fixed_density,4.0,1,1,null,0.00021916543938995726,{}
linear_gain,gain=2.0,2.0,20462446,1,fixed,0.05,2048,fixed_density,4.0,1,1,identity,2.459555256116977,"{""projection"": [[1.0]]}"
linear_gain,gain=2.0,2.0,20462446,1,fixed,0.05,2048,fixed_density,4.0,1,1,gain_matched,3.124137569601165,"{""gain_matrix"": [[2.0000000000000013]]}"
linear_gain,gain=2.0,2.0,20462446,1,fixed,0.05,2048,fixed_density,4.0,1,1,variance_matched,3.1422914942654443,"{""direction"": [1.0]}"
linear_gain,gain=2.0,2.0,20462446,1,fixed,0.05,2048,fixed_density,4.0,1,1,shuffled_target,-0.0006529995909421529,{}
linear_gain,gain=2.0,2.0,20462446,1,fixed,0.05,2048,fixed_density,4.0,1,1,analytic_volume,0.6931471805599453,"{""source_dim"": 1}"
linear_gain,gain=2.0,2.0,20462463,2,fixed,0.05,2048,fixed_density,4.0,1,1,null,-0.0001389734492119616,{}
linear_gain,gain=2.0,2.0,20462463,2,fixed,0.05,2048,fixed_density,4.0,1,1,identity,2.4924071884379337,"{""projection"": [[1.0]]}"
linear_gain,gain=2.0,2.0,20462463,2,fixed,0.05,2048,fixed_density,4.0,1,1,gain_matched,3.1830657053402733,"{""gain_matrix"": [[2.0000000000000027]]}"
linear_gain,gain=2.0,2.0,20462463,2,fixed,0.05,2048,fixed_density,4.0,1,1,variance_matched,3.173281192952102,"{""direction"": [1.0]}"
linear_gain,gain=2.0,2.0,20462463,2,fixed,0.05,2048,fixed_density,4.0,1,1,shuffled_target,-0.00019851549174897413,{}
linear_gain,gain=2.0,2.0,20462463,2,fixed,0.05,2048,fixed_density,4.0,1,1,analytic_volume,0.6931471805599453,"{""source_dim"": 1}"
linear_gain,gain=2.0,2.0,20462480,3,fixed,0.05,2048,fixed_density,4.0,1,1,null,-0.0002456851568644489,{}
linear_gain,gain=2.0,2.0,20462480,3,fixed,0.05,2048,fixed_density,4.0,1,1,identity,2.4346004751962926,"{""projection"": [[1.0]]}"
linear_gain,gain=2.0,2.0,20462480,3,fixed,0.05,2048,fixed_density,4.0,1,1,gain_matched,3.1419065432889433,"{""gain_matrix"": [[2.000000000000004]]}"
linear_gain,gain=2.0,2.0,20462480,3,fixed,0.05,2048,fixed_density,4.0,1,1,variance_matched,3.189617916022544,"{""direction"": [1.0]}"
linear_gain,gain=2.0,2.0,20462480,3,fixed,0.05,2048,fixed_density,4.0,1,1,shuffled_target,-1.809758628045009e-06,{}
linear_gain,gain=2.0,2.0,20462480,3,fixed,0.05,2048,fixed_density,4.0,1,1,analytic_volume,0.6931471805599453,"{""source_dim"": 1}"
linear_gain,gain=2.0,2.0,20462497,4,fixed,0.05,2048,fixed_density,4.0,1,1,null,-0.0002963183475300494,{}
linear_gain,gain=2.0,2.0,20462497,4,fixed,0.05,2048,fixed_density,4.0,1,1,identity,2.4535078213896844,"{""projection"": [[1.0]]}"
linear_gain,gain=2.0,2.0,20462497,4,fixed,0.05,2048,fixed_density,4.0,1,1,gain_matched,3.1344898620633614,"{""gain_matrix"": [[1.9999999999999967]]}"
linear_gain,gain=2.0,2.0,20462497,4,fixed,0.05,2048,fixed_density,4.0,1,1,variance_matched,3.1308460064812302,"{""direction"": [1.0]}"
linear_gain,gain=2.0,2.0,20462497,4,fixed,0.05,2048,fixed_density,4.0,1,1,shuffled_target,0.0010168757242846498,{}
linear_gain,gain=2.0,2.0,20462497,4,fixed,0.05,2048,fixed_density,4.0,1,1,analytic_volume,0.6931471805599453,"{""source_dim"": 1}"
linear_gain,gain=2.0,2.0,20462514,5,fixed,0.05,2048,fixed_density,4.0,1,1,null,0.0014882917099331185,{}
linear_gain,gain=2.0,2.0,20462514,5,fixed,0.05,2048,fixed_density,4.0,1,1,identity,2.4361346257870293,"{""projection"": [[1.0]]}"
linear_gain,gain=2.0,2.0,20462514,5,fixed,0.05,2048,fixed_density,4.0,1,1,gain_matched,3.1300031101669807,"{""gain_matrix"": [[2.0000000000000018]]}"
linear_gain,gain=2.0,2.0,20462514,5,fixed,0.05,2048,fixed_density,4.0,1,1,variance_matched,3.1311045994412305,"{""direction"": [1.0]}"
linear_gain,gain=2.0,2.0,20462514,5,fixed,0.05,2048,fixed_density,4.0,1,1,shuffled_target,0.0003262031789393277,{}
linear_gain,gain=2.0,2.0,20462514,5,fixed,0.05,2048,fixed_density,4.0,1,1,analytic_volume,0.6931471805599453,"{""source_dim"": 1}"
linear_gain,gain=2.0,2.0,20462531,6,fixed,0.05,2048,fixed_density,4.0,1,1,null,-0.0006679051359502707,{}
linear_gain,gain=2.0,2.0,20462531,6,fixed,0.05,2048,fixed_density,4.0,1,1,identity,2.4537130449942897,"{""projection"": [[1.0]]}"
linear_gain,gain=2.0,2.0,20462531,6,fixed,0.05,2048,fixed_density,4.0,1,1,gain_matched,3.1283234353803273,"{""gain_matrix"": [[1.999999999999998]]}"
linear_gain,gain=2.0,2.0,20462531,6,fixed,0.05,2048,fixed_density,4.0,1,1,variance_matched,3.124799341348584,"{""direction"": [1.0]}"
linear_gain,gain=2.0,2.0,20462531,6,fixed,0.05,2048,fixed_density,4.0,1,1,shuffled_target,0.0003797192738397877,{}
linear_gain,gain=2.0,2.0,20462531,6,fixed,0.05,2048,fixed_density,4.0,1,1,analytic_volume,0.6931471805599453,"{""source_dim"": 1}"
linear_gain,gain=2.0,2.0,20462548,7,fixed,0.05,2048,fixed_density,4.0,1,1,null,-0.00027374123908906005,{}
linear_gain,gain=2.0,2.0,20462548,7,fixed,0.05,2048,fixed_density,4.0,1,1,identity,2.4341593899445284,"{""projection"": [[1.0]]}"
linear_gain,gain=2.0,2.0,20462548,7,fixed,0.05,2048,fixed_density,4.0,1,1,gain_matched,3.154420003413527,"{""gain_matrix"": [[2.000000000000003]]}"
linear_gain,gain=2.0,2.0,20462548,7,fixed,0.05,2048,fixed_density,4.0,1,1,variance_matched,3.109942332312577,"{""direction"": [1.0]}"
linear_gain,gain=2.0,2.0,20462548,7,fixed,0.05,2048,fixed_density,4.0,1,1,shuffled_target,0.0007846034705345766,{}
linear_gain,gain=2.0,2.0,20462548,7,fixed,0.05,2048,fixed_density,4.0,1,1,analytic_volume,0.6931471805599453,"{""source_dim"": 1}"
linear_gain,gain=2.0,2.0,20462565,8,fixed,0.05,2048,fixed_density,4.0,1,1,null,-0.0005691286841070336,{}
linear_gain,gain=2.0,2.0,20462565,8,fixed,0.05,2048,fixed_density,4.0,1,1,identity,2.4470713579586394,"{""projection"": [[1.0]]}"
linear_gain,gain=2.0,2.0,20462565,8,fixed,0.05,2048,fixed_density,4.0,1,1,gain_matched,3.136473757247758,"{""gain_matrix"": [[1.9999999999999971]]}"
linear_gain,gain=2.0,2.0,20462565,8,fixed,0.05,2048,fixed_density,4.0,1,1,variance_matched,3.1209336268953134,"{""direction"": [1.0]}"
linear_gain,gain=2.0,2.0,20462565,8,fixed,0.05,2048,fixed_density,4.0,1,1,shuffled_target,-3.504229188141866e-05,{}
linear_gain,gain=2.0,2.0,20462565,8,fixed,0.05,2048,fixed_density,4.0,1,1,analytic_volume,0.6931471805599453,"{""source_dim"": 1}"
linear_gain,gain=2.0,2.0,20462582,9,fixed,0.05,2048,fixed_density,4.0,1,1,null,-0.0005602959432574915,{}
linear_gain,gain=2.0,2.0,20462582,9,fixed,0.05,2048,fixed_density,4.0,1,1,identity,2.4194877259260315,"{""projection"": [[1.0]]}"
linear_gain,gain=2.0,2.0,20462582,9,fixed,0.05,2048,fixed_density,4.0,1,1,gain_matched,3.1144547150681197,"{""gain_matrix"": [[1.999999999999996]]}"
linear_gain,gain=2.0,2.0,20462582,9,fixed,0.05,2048,fixed_density,4.0,1,1,variance_matched,3.1345748284610186,"{""direction"": [1.0]}"
linear_gain,gain=2.0,2.0,20462582,9,fixed,0.05,2048,fixed_density,4.0,1,1,shuffled_target,-0.000306468107435071,{}
linear_gain,gain=2.0,2.0,20462582,9,fixed,0.05,2048,fixed_density,4.0,1,1,analytic_volume,0.6931471805599453,"{""source_dim"": 1}"
linear_gain,gain=2.0,4.0,20463429,0,fixed,0.05,4096,fixed_density,4.0,1,1,null,-0.0003087196543859412,{}
linear_gain,gain=2.0,4.0,20463429,0,fixed,0.05,4096,fixed_density,4.0,1,1,identity,3.1411645801795034,"{""projection"": [[1.0]]}"
linear_gain,gain=2.0,4.0,20463429,0,fixed,0.05,4096,fixed_density,4.0,1,1,gain_matched,3.829372347915185,"{""gain_matrix"": [[1.9999999999999967]]}"
linear_gain,gain=2.0,4.0,20463429,0,fixed,0.05,4096,fixed_density,4.0,1,1,variance_matched,3.8472712742525337,"{""direction"": [1.0]}"
linear_gain,gain=2.0,4.0,20463429,0,fixed,0.05,4096,fixed_density,4.0,1,1,shuffled_target,-0.00012596140434134774,{}
linear_gain,gain=2.0,4.0,20463429,0,fixed,0.05,4096,fixed_density,4.0,1,1,analytic_volume,1.3862943611198906,"{""source_dim"": 1}"
linear_gain,gain=2.0,4.0,20463446,1,fixed,0.05,4096,fixed_density,4.0,1,1,null,0.00018941469910540285,{}
linear_gain,gain=2.0,4.0,20463446,1,fixed,0.05,4096,fixed_density,4.0,1,1,identity,3.1184562003102707,"{""projection"": [[1.0]]}"
linear_gain,gain=2.0,4.0,20463446,1,fixed,0.05,4096,fixed_density,4.0,1,1,gain_matched,3.8202193901823014,"{""gain_matrix"": [[1.9999999999999996]]}"
linear_gain,gain=2.0,4.0,20463446,1,fixed,0.05,4096,fixed_density,4.0,1,1,variance_matched,3.8204352984286305,"{""direction"": [1.0]}"
linear_gain,gain=2.0,4.0,20463446,1,fixed,0.05,4096,fixed_density,4.0,1,1,shuffled_target,-3.346651581059303e-05,{}
linear_gain,gain=2.0,4.0,20463446,1,fixed,0.05,4096,fixed_density,4.0,1,1,analytic_volume,1.3862943611198906,"{""source_dim"": 1}"
linear_gain,gain=2.0,4.0,20463463,2,fixed,0.05,4096,fixed_density,4.0,1,1,null,-0.00013938355388950938,{}
linear_gain,gain=2.0,4.0,20463463,2,fixed,0.05,4096,fixed_density,4.0,1,1,identity,3.1642579736600935,"{""projection"": [[1.0]]}"
linear_gain,gain=2.0,4.0,20463463,2,fixed,0.05,4096,fixed_density,4.0,1,1,gain_matched,3.843268421090327,"{""gain_matrix"": [[1.9999999999999984]]}"
linear_gain,gain=2.0,4.0,20463463,2,fixed,0.05,4096,fixed_density,4.0,1,1,variance_matched,3.8405177970736,"{""direction"": [1.0]}"
linear_gain,gain=2.0,4.0,20463463,2,fixed,0.05,4096,fixed_density,4.0,1,1,shuffled_target,-9.407168984915381e-05,{}
linear_gain,gain=2.0,4.0,20463463,2,fixed,0.05,4096,fixed_density,4.0,1,1,analytic_volume,1.3862943611198906,"{""source_dim"": 1}"
linear_gain,gain=2.0,4.0,20463480,3,fixed,0.05,4096,fixed_density,4.0,1,1,null,5.4881232077797306e-05,{}
linear_gain,gain=2.0,4.0,20463480,3,fixed,0.05,4096,fixed_density,4.0,1,1,identity,3.1361165031948404,"{""projection"": [[1.0]]}"
linear_gain,gain=2.0,4.0,20463480,3,fixed,0.05,4096,fixed_density,4.0,1,1,gain_matched,3.8294687277914816,"{""gain_matrix"": [[1.9999999999999984]]}"
linear_gain,gain=2.0,4.0,20463480,3,fixed,0.05,4096,fixed_density,4.0,1,1,variance_matched,3.822158774578645,"{""direction"": [1.0]}"
linear_gain,gain=2.0,4.0,20463480,3,fixed,0.05,4096,fixed_density,4.0,1,1,shuffled_target,-0.0002599228374590426,{}
linear_gain,gain=2.0,4.0,20463480,3,fixed,0.05,4096,fixed_density,4.0,1,1,analytic_volume,1.3862943611198906,"{""source_dim"": 1}"
linear_gain,gain=2.0,4.0,20463497,4,fixed,0.05,4096,fixed_density,4.0,1,1,null,-0.0001560692449865688,{}
linear_gain,gain=2.0,4.0,20463497,4,fixed,0.05,4096,fixed_density,4.0,1,1,identity,3.1457969321133072,"{""projection"": [[1.0]]}"
linear_gain,gain=2.0,4.0,20463497,4,fixed,0.05,4096,fixed_density,4.0,1,1,gain_matched,3.809696768438819,"{""gain_matrix"": [[2.0000000000000013]]}"
linear_gain,gain=2.0,4.0,20463497,4,fixed,0.05,4096,fixed_density,4.0,1,1,variance_matched,3.812698860253259,"{""direction"": [1.0]}"
linear_gain,gain=2.0,4.0,20463497,4,fixed,0.05,4096,fixed_density,4.0,1,1,shuffled_target,0.00014646377832430035,{}
linear_gain,gain=2.0,4.0,20463497,4,fixed,0.05,4096,fixed_density,4.0,1,1,analytic_volume,1.3862943611198906,"{""source_dim"": 1}"
linear_gain,gain=2.0,4.0,20463514,5,fixed,0.05,4096,fixed_density,4.0,1,1,null,6.162366922645438e-05,{}
linear_gain,gain=2.0,4.0,20463514,5,fixed,0.05,4096,fixed_density,4.0,1,1,identity,3.134291450961526,"{""projection"": [[1.0]]}"
linear_gain,gain=2.0,4.0,20463514,5,fixed,0.05,4096,fixed_density,4.0,1,1,gain_matched,3.858968661578322,"{""gain_matrix"": [[2.0000000000000004]]}"
linear_gain,gain=2.0,4.0,20463514,5,fixed,0.05,4096,fixed_density,4.0,1,1,variance_matched,3.834259521815623,"{""direction"": [1.0]}"
linear_gain,gain=2.0,4.0,20463514,5,fixed,0.05,4096,fixed_density,4.0,1,1,shuffled_target,0.0005953675786089461,{}
linear_gain,gain=2.0,4.0,20463514,5,fixed,0.05,4096,fixed_density,4.0,1,1,analytic_volume,1.3862943611198906,"{""source_dim"": 1}"
linear_gain,gain=2.0,4.0,20463531,6,fixed,0.05,4096,fixed_density,4.0,1,1,null,0.0005656790158894265,{}
linear_gain,gain=2.0,4.0,20463531,6,fixed,0.05,4096,fixed_density,4.0,1,1,identity,3.1337228302637707,"{""projection"": [[1.0]]}"
linear_gain,gain=2.0,4.0,20463531,6,fixed,0.05,4096,fixed_density,4.0,1,1,gain_matched,3.8361299334074017,"{""gain_matrix"": [[1.9999999999999984]]}"
linear_gain,gain=2.0,4.0,20463531,6,fixed,0.05,4096,fixed_density,4.0,1,1,variance_matched,3.826030361017656,"{""direction"": [1.0]}"
linear_gain,gain=2.0,4.0,20463531,6,fixed,0.05,4096,fixed_density,4.0,1,1,shuffled_target,3.1953377478173865e-05,{}
linear_gain,gain=2.0,4.0,20463531,6,fixed,0.05,4096,fixed_density,4.0,1,1,analytic_volume,1.3862943611198906,"{""source_dim"": 1}"
linear_gain,gain=2.0,4.0,20463548,7,fixed,0.05,4096,fixed_density,4.0,1,1,null,0.0001370974554605848,{}
linear_gain,gain=2.0,4.0,20463548,7,fixed,0.05,4096,fixed_density,4.0,1,1,identity,3.1183259196715447,"{""projection"": [[1.0]]}"
linear_gain,gain=2.0,4.0,20463548,7,fixed,0.05,4096,fixed_density,4.0,1,1,gain_matched,3.824929947498806,"{""gain_matrix"": [[1.999999999999994]]}"
linear_gain,gain=2.0,4.0,20463548,7,fixed,0.05,4096,fixed_density,4.0,1,1,variance_matched,3.834067138080791,"{""direction"": [1.0]}"
linear_gain,gain=2.0,4.0,20463548,7,fixed,0.05,4096,fixed_density,4.0,1,1,shuffled_target,-0.00022692525561762472,{}
linear_gain,gain=2.0,4.0,20463548,7,fixed,0.05,4096,fixed_density,4.0,1,1,analytic_volume,1.3862943611198906,"{""source_dim"": 1}"
linear_gain,gain=2.0,4.0,20463565,8,fixed,0.05,4096,fixed_density,4.0,1,1,null,-0.00018993785863543906,{}
linear_gain,gain=2.0,4.0,20463565,8,fixed,0.05,4096,fixed_density,4.0,1,1,identity,3.133653719215073,"{""projection"": [[1.0]]}"
linear_gain,gain=2.0,4.0,20463565,8,fixed,0.05,4096,fixed_density,4.0,1,1,gain_matched,3.8391243057246385,"{""gain_matrix"": [[2.000000000000007]]}"
linear_gain,gain=2.0,4.0,20463565,8,fixed,0.05,4096,fixed_density,4.0,1,1,variance_matched,3.8266776187439655,"{""direction"": [1.0]}"
linear_gain,gain=2.0,4.0,20463565,8,fixed,0.05,4096,fixed_density,4.0,1,1,shuffled_target,0.00011465177461892251,{}
linear_gain,gain=2.0,4.0,20463565,8,fixed,0.05,4096,fixed_density,4.0,1,1,analytic_volume,1.3862943611198906,"{""source_dim"": 1}"
linear_gain,gain=2.0,4.0,20463582,9,fixed,0.05,4096,fixed_density,4.0,1,1,null,0.00016364481503080484,{}
linear_gain,gain=2.0,4.0,20463582,9,fixed,0.05,4096,fixed_density,4.0,1,1,identity,3.1520009153947783,"{""projection"": [[1.0]]}"
linear_gain,gain=2.0,4.0,20463582,9,fixed,0.05,4096,fixed_density,4.0,1,1,gain_matched,3.8481939985932616,"{""gain_matrix"": [[1.9999999999999996]]}"
linear_gain,gain=2.0,4.0,20463582,9,fixed,0.05,4096,fixed_density,4.0,1,1,variance_matched,3.843784402088005,"{""direction"": [1.0]}"
linear_gain,gain=2.0,4.0,20463582,9,fixed,0.05,4096,fixed_density,4.0,1,1,shuffled_target,-0.00027302550777902725,{}
linear_gain,gain=2.0,4.0,20463582,9,fixed,0.05,4096,fixed_density,4.0,1,1,analytic_volume,1.3862943611198906,"{""source_dim"": 1}"
linear_gain,gain=2.0,8.0,20464429,0,fixed,0.05,8192,fixed_density,4.0,1,1,null,-3.874591999480058e-05,{}
linear_gain,gain=2.0,8.0,20464429,0,fixed,0.05,8192,fixed_density,4.0,1,1,identity,3.846570997491957,"{""projection"": [[1.0]]}"
linear_gain,gain=2.0,8.0,20464429,0,fixed,0.05,8192,fixed_density,4.0,1,1,gain_matched,4.541643929939667,"{""gain_matrix"": [[2.0000000000000013]]}"
linear_gain,gain=2.0,8.0,20464429,0,fixed,0.05,8192,fixed_density,4.0,1,1,variance_matched,4.530704897851489,"{""direction"": [1.0]}"
linear_gain,gain=2.0,8.0,20464429,0,fixed,0.05,8192,fixed_density,4.0,1,1,shuffled_target,-0.00010156066456422884,{}
linear_gain,gain=2.0,8.0,20464429,0,fixed,0.05,8192,fixed_density,4.0,1,1,analytic_volume,2.0794415416798357,"{""source_dim"": 1}"
linear_gain,gain=2.0,8.0,20464446,1,fixed,0.05,8192,fixed_density,4.0,1,1,null,8.282358811857e-05,{}
linear_gain,gain=2.0,8.0,20464446,1,fixed,0.05,8192,fixed_density,4.0,1,1,identity,3.82402200835515,"{""projection"": [[1.0]]}"
linear_gain,gain=2.0,8.0,20464446,1,fixed,0.05,8192,fixed_density,4.0,1,1,gain_matched,4.537752996116854,"{""gain_matrix"": [[2.0000000000000098]]}"
linear_gain,gain=2.0,8.0,20464446,1,fixed,0.05,8192,fixed_density,4.0,1,1,variance_matched,4.531503422049017,"{""direction"": [1.0]}"
linear_gain,gain=2.0,8.0,20464446,1,fixed,0.05,8192,fixed_density,4.0,1,1,shuffled_target,-1.3150730198664359e-05,{}
linear_gain,gain=2.0,8.0,20464446,1,fixed,0.05,8192,fixed_density,4.0,1,1,analytic_volume,2.0794415416798357,"{""source_dim"": 1}"
linear_gain,gain=2.0,8.0,20464463,2,fixed,0.05,8192,fixed_density,4.0,1,1,null,0.00013697084659636383,{}
linear_gain,gain=2.0,8.0,20464463,2,fixed,0.05,8192,fixed_density,4.0,1,1,identity,3.830951506899817,"{""projection"": [[1.0]]}"
linear_gain,gain=2.0,8.0,20464463,2,fixed,0.05,8192,fixed_density,4.0,1,1,gain_matched,4.520558697512553,"{""gain_matrix"": [[2.0000000000000018]]}"
linear_gain,gain=2.0,8.0,20464463,2,fixed,0.05,8192,fixed_density,4.0,1,1,variance_matched,4.5147896719801786,"{""direction"": [1.0]}"
linear_gain,gain=2.0,8.0,20464463,2,fixed,0.05,8192,fixed_density,4.0,1,1,shuffled_target,0.00011528725549050912,{}
linear_gain,gain=2.0,8.0,20464463,2,fixed,0.05,8192,fixed_density,4.0,1,1,analytic_volume,2.0794415416798357,"{""source_dim"": 1}"
linear_gain,gain=2.0,8.0,20464480,3,fixed,0.05,8192,fixed_density,4.0,1,1,null,4.494141185802471e-05,{}
linear_gain,gain=2.0,8.0,20464480,3,fixed,0.05,8192,fixed_density,4.0,1,1,identity,3.832496717504354,"{""projection"": [[1.0]]}"
linear_gain,gain=2.0,8.0,20464480,3,fixed,0.05,8192,fixed_density,4.0,1,1,gain_matched,4.516451109128504,"{""gain_matrix"": [[1.9999999999999938]]}"
linear_gain,gain=2.0,8.0,20464480,3,fixed,0.05,8192,fixed_density,4.0,1,1,variance_matched,4.514970198795854,"{""direction"": [1.0]}"
linear_gain,gain=2.0,8.0,20464480,3,fixed,0.05,8192,fixed_density,4.0,1,1,shuffled_target,-0.00014323715847704035,{}
linear_gain,gain=2.0,8.0,20464480,3,fixed,0.05,8192,fixed_density,4.0,1,1,analytic_volume,2.0794415416798357,"{""source_dim"": 1}"
linear_gain,gain=2.0,8.0,20464497,4,fixed,0.05,8192,fixed_density,4.0,1,1,null,0.00025768395572794945,{}
linear_gain,gain=2.0,8.0,20464497,4,fixed,0.05,8192,fixed_density,4.0,1,1,identity,3.8390353723658377,"{""projection"": [[1.0]]}"
linear_gain,gain=2.0,8.0,20464497,4,fixed,0.05,8192,fixed_density,4.0,1,1,gain_matched,4.5226583360802834,"{""gain_matrix"": [[2.000000000000007]]}"
linear_gain,gain=2.0,8.0,20464497,4,fixed,0.05,8192,fixed_density,4.0,1,1,variance_matched,4.507786029901716,"{""direction"": [1.0]}"
linear_gain,gain=2.0,8.0,20464497,4,fixed,0.05,8192,fixed_density,4.0,1,1,shuffled_target,1.5810593703732877e-05,{}
linear_gain,gain=2.0,8.0,20464497,4,fixed,0.05,8192,fixed_density,4.0,1,1,analytic_volume,2.0794415416798357,"{""source_dim"": 1}"
linear_gain,gain=2.0,8.0,20464514,5,fixed,0.05,8192,fixed_density,4.0,1,1,null,1.3624114746072294e-05,{}
linear_gain,gain=2.0,8.0,20464514,5,fixed,0.05,8192,fixed_density,4.0,1,1,identity,3.8301416235101557,"{""projection"": [[1.0]]}"
linear_gain,gain=2.0,8.0,20464514,5,fixed,0.05,8192,fixed_density,4.0,1,1,gain_matched,4.523723709054212,"{""gain_matrix"": [[2.000000000000004]]}"
linear_gain,gain=2.0,8.0,20464514,5,fixed,0.05,8192,fixed_density,4.0,1,1,variance_matched,4.527039726245189,"{""direction"": [1.0]}"
linear_gain,gain=2.0,8.0,20464514,5,fixed,0.05,8192,fixed_density,4.0,1,1,shuffled_target,-0.0001311741882620055,{}
linear_gain,gain=2.0,8.0,20464514,5,fixed,0.05,8192,fixed_density,4.0,1,1,analytic_volume,2.0794415416798357,"{""source_dim"": 1}"
linear_gain,gain=2.0,8.0,20464531,6,fixed,0.05,8192,fixed_density,4.0,1,1,null,-0.00014950220480896117,{}
linear_gain,gain=2.0,8.0,20464531,6,fixed,0.05,8192,fixed_density,4.0,1,1,identity,3.8414657235436263,"{""projection"": [[1.0]]}"
linear_gain,gain=2.0,8.0,20464531,6,fixed,0.05,8192,fixed_density,4.0,1,1,gain_matched,4.534053226552054,"{""gain_matrix"": [[1.999999999999997]]}"
linear_gain,gain=2.0,8.0,20464531,6,fixed,0.05,8192,fixed_density,4.0,1,1,variance_matched,4.543418187637952,"{""direction"": [1.0]}"
linear_gain,gain=2.0,8.0,20464531,6,fixed,0.05,8192,fixed_density,4.0,1,1,shuffled_target,0.00011166079455961328,{}
linear_gain,gain=2.0,8.0,20464531,6,fixed,0.05,8192,fixed_density,4.0,1,1,analytic_volume,2.0794415416798357,"{""source_dim"": 1}"
linear_gain,gain=2.0,8.0,20464548,7,fixed,0.05,8192,fixed_density,4.0,1,1,null,-4.563418558228255e-05,{}
linear_gain,gain=2.0,8.0,20464548,7,fixed,0.05,8192,fixed_density,4.0,1,1,identity,3.8435916094430413,"{""projection"": [[1.0]]}"
linear_gain,gain=2.0,8.0,20464548,7,fixed,0.05,8192,fixed_density,4.0,1,1,gain_matched,4.529555259715078,"{""gain_matrix"": [[2.0000000000000084]]}"
linear_gain,gain=2.0,8.0,20464548,7,fixed,0.05,8192,fixed_density,4.0,1,1,variance_matched,4.516368977834557,"{""direction"": [1.0]}"
linear_gain,gain=2.0,8.0,20464548,7,fixed,0.05,8192,fixed_density,4.0,1,1,shuffled_target,4.3507829354882705e-05,{}
linear_gain,gain=2.0,8.0,20464548,7,fixed,0.05,8192,fixed_density,4.0,1,1,analytic_volume,2.0794415416798357,"{""source_dim"": 1}"
linear_gain,gain=2.0,8.0,20464565,8,fixed,0.05,8192,fixed_density,4.0,1,1,null,0.0004903238104262047,{}
linear_gain,gain=2.0,8.0,20464565,8,fixed,0.05,8192,fixed_density,4.0,1,1,identity,3.8416214572692544,"{""projection"": [[1.0]]}"
linear_gain,gain=2.0,8.0,20464565,8,fixed,0.05,8192,fixed_density,4.0,1,1,gain_matched,4.5446687260493,"{""gain_matrix"": [[2.0000000000000075]]}"
linear_gain,gain=2.0,8.0,20464565,8,fixed,0.05,8192,fixed_density,4.0,1,1,variance_matched,4.5275988635590245,"{""direction"": [1.0]}"
linear_gain,gain=2.0,8.0,20464565,8,fixed,0.05,8192,fixed_density,4.0,1,1,shuffled_target,-7.62406762314448e-05,{}
linear_gain,gain=2.0,8.0,20464565,8,fixed,0.05,8192,fixed_density,4.0,1,1,analytic_volume,2.0794415416798357,"{""source_dim"": 1}"
linear_gain,gain=2.0,8.0,20464582,9,fixed,0.05,8192,fixed_density,4.0,1,1,null,1.3713946470765527e-05,{}
linear_gain,gain=2.0,8.0,20464582,9,fixed,0.05,8192,fixed_density,4.0,1,1,identity,3.827176400334793,"{""projection"": [[1.0]]}"
linear_gain,gain=2.0,8.0,20464582,9,fixed,0.05,8192,fixed_density,4.0,1,1,gain_matched,4.536566288763808,"{""gain_matrix"": [[2.0000000000000107]]}"
linear_gain,gain=2.0,8.0,20464582,9,fixed,0.05,8192,fixed_density,4.0,1,1,variance_matched,4.51834701033267,"{""direction"": [1.0]}"
linear_gain,gain=2.0,8.0,20464582,9,fixed,0.05,8192,fixed_density,4.0,1,1,shuffled_target,8.681775552305134e-05,{}
linear_gain,gain=2.0,8.0,20464582,9,fixed,0.05,8192,fixed_density,4.0,1,1,analytic_volume,2.0794415416798357,"{""source_dim"": 1}"
linear_gain,gain=2.0,12.0,20465429,0,fixed,0.05,12288,fixed_density,4.0,1,1,null,-0.00010787311914466117,{}
linear_gain,gain=2.0,12.0,20465429,0,fixed,0.05,12288,fixed_density,4.0,1,1,identity,4.238729662779421,"{""projection"": [[1.0]]}"
linear_gain,gain=2.0,12.0,20465429,0,fixed,0.05,12288,fixed_density,4.0,1,1,gain_matched,4.915398353665189,"{""gain_matrix"": [[2.0000000000000013]]}"
linear_gain,gain=2.0,12.0,20465429,0,fixed,0.05,12288,fixed_density,4.0,1,1,variance_matched,4.935640861453505,"{""direction"": [1.0]}"
linear_gain,gain=2.0,12.0,20465429,0,fixed,0.05,12288,fixed_density,4.0,1,1,shuffled_target,-4.352933211652321e-05,{}
linear_gain,gain=2.0,12.0,20465429,0,fixed,0.05,12288,fixed_density,4.0,1,1,analytic_volume,2.4849066497880004,"{""source_dim"": 1}"
linear_gain,gain=2.0,12.0,20465446,1,fixed,0.05,12288,fixed_density,4.0,1,1,null,-1.561586950957641e-05,{}
linear_gain,gain=2.0,12.0,20465446,1,fixed,0.05,12288,fixed_density,4.0,1,1,identity,4.247029494621785,"{""projection"": [[1.0]]}"
linear_gain,gain=2.0,12.0,20465446,1,fixed,0.05,12288,fixed_density,4.0,1,1,gain_matched,4.924592251363731,"{""gain_matrix"": [[1.999999999999997]]}"
linear_gain,gain=2.0,12.0,20465446,1,fixed,0.05,12288,fixed_density,4.0,1,1,variance_matched,4.936505590253225,"{""direction"": [1.0]}"
linear_gain,gain=2.0,12.0,20465446,1,fixed,0.05,12288,fixed_density,4.0,1,1,shuffled_target,-9.804746349118656e-05,{}
linear_gain,gain=2.0,12.0,20465446,1,fixed,0.05,12288,fixed_density,4.0,1,1,analytic_volume,2.4849066497880004,"{""source_dim"": 1}"
linear_gain,gain=2.0,12.0,20465463,2,fixed,0.05,12288,fixed_density,4.0,1,1,null,1.8423446195097342e-05,{}
linear_gain,gain=2.0,12.0,20465463,2,fixed,0.05,12288,fixed_density,4.0,1,1,identity,4.242620804883921,"{""projection"": [[1.0]]}"
linear_gain,gain=2.0,12.0,20465463,2,fixed,0.05,12288,fixed_density,4.0,1,1,gain_matched,4.935136528894095,"{""gain_matrix"": [[1.9999999999999982]]}"
linear_gain,gain=2.0,12.0,20465463,2,fixed,0.05,12288,fixed_density,4.0,1,1,variance_matched,4.933964715447019,"{""direction"": [1.0]}"
linear_gain,gain=2.0,12.0,20465463,2,fixed,0.05,12288,fixed_density,4.0,1,1,shuffled_target,-0.0001085650571118341,{}
linear_gain,gain=2.0,12.0,20465463,2,fixed,0.05,12288,fixed_density,4.0,1,1,analytic_volume,2.4849066497880004,"{""source_dim"": 1}"
linear_gain,gain=2.0,12.0,20465480,3,fixed,0.05,12288,fixed_density,4.0,1,1,null,-2.953585581117869e-05,{}
linear_gain,gain=2.0,12.0,20465480,3,fixed,0.05,12288,fixed_density,4.0,1,1,identity,4.242393494788901,"{""projection"": [[1.0]]}"
linear_gain,gain=2.0,12.0,20465480,3,fixed,0.05,12288,fixed_density,4.0,1,1,gain_matched,4.930062187625633,"{""gain_matrix"": [[1.9999999999999893]]}"
linear_gain,gain=2.0,12.0,20465480,3,fixed,0.05,12288,fixed_density,4.0,1,1,variance_matched,4.9239370630736525,"{""direction"": [1.0]}"
linear_gain,gain=2.0,12.0,20465480,3,fixed,0.05,12288,fixed_density,4.0,1,1,shuffled_target,-7.149427748019196e-05,{}
linear_gain,gain=2.0,12.0,20465480,3,fixed,0.05,12288,fixed_density,4.0,1,1,analytic_volume,2.4849066497880004,"{""source_dim"": 1}"
linear_gain,gain=2.0,12.0,20465497,4,fixed,0.05,12288,fixed_density,4.0,1,1,null,0.00016745834834314862,{}
linear_gain,gain=2.0,12.0,20465497,4,fixed,0.05,12288,fixed_density,4.0,1,1,identity,4.225383119613707,"{""projection"": [[1.0]]}"
linear_gain,gain=2.0,12.0,20465497,4,fixed,0.05,12288,fixed_density,4.0,1,1,gain_matched,4.9260452825537415,"{""gain_matrix"": [[2.0000000000000036]]}"
linear_gain,gain=2.0,12.0,20465497,4,fixed,0.05,12288,fixed_density,4.0,1,1,variance_matched,4.926602103424469,"{""direction"": [1.0]}"
linear_gain,gain=2.0,12.0,20465497,4,fixed,0.05,12288,fixed_density,4.0,1,1,shuffled_target,7.447512808913387e-05,{}
linear_gain,gain=2.0,12.0,20465497,4,fixed,0.05,12288,fixed_density,4.0,1,1,analytic_volume,2.4849066497880004,"{""source_dim"": 1}"
linear_gain,gain=2.0,12.0,20465514,5,fixed,0.05,12288,fixed_density,4.0,1,1,null,-7.510930901229064e-05,{}
linear_gain,gain=2.0,12.0,20465514,5,fixed,0.05,12288,fixed_density,4.0,1,1,identity,4.236298477865778,"{""projection"": [[1.0]]}"
linear_gain,gain=2.0,12.0,20465514,5,fixed,0.05,12288,fixed_density,4.0,1,1,gain_matched,4.946152037632214,"{""gain_matrix"": [[1.9999999999999984]]}"
linear_gain,gain=2.0,12.0,20465514,5,fixed,0.05,12288,fixed_density,4.0,1,1,variance_matched,4.9344496812492205,"{""direction"": [1.0]}"
linear_gain,gain=2.0,12.0,20465514,5,fixed,0.05,12288,fixed_density,4.0,1,1,shuffled_target,-0.00010020194106058434,{}
linear_gain,gain=2.0,12.0,20465514,5,fixed,0.05,12288,fixed_density,4.0,1,1,analytic_volume,2.4849066497880004,"{""source_dim"": 1}"
linear_gain,gain=2.0,12.0,20465531,6,fixed,0.05,12288,fixed_density,4.0,1,1,null,-5.748327113010673e-05,{}
linear_gain,gain=2.0,12.0,20465531,6,fixed,0.05,12288,fixed_density,4.0,1,1,identity,4.238352213023647,"{""projection"": [[1.0]]}"
linear_gain,gain=2.0,12.0,20465531,6,fixed,0.05,12288,fixed_density,4.0,1,1,gain_matched,4.925792889892322,"{""gain_matrix"": [[2.0000000000000004]]}"
linear_gain,gain=2.0,12.0,20465531,6,fixed,0.05,12288,fixed_density,4.0,1,1,variance_matched,4.9193360538712385,"{""direction"": [1.0]}"
linear_gain,gain=2.0,12.0,20465531,6,fixed,0.05,12288,fixed_density,4.0,1,1,shuffled_target,0.00018812175184023238,{}
linear_gain,gain=2.0,12.0,20465531,6,fixed,0.05,12288,fixed_density,4.0,1,1,analytic_volume,2.4849066497880004,"{""source_dim"": 1}"
linear_gain,gain=2.0,12.0,20465548,7,fixed,0.05,12288,fixed_density,4.0,1,1,null,4.0459048502833816e-05,{}
linear_gain,gain=2.0,12.0,20465548,7,fixed,0.05,12288,fixed_density,4.0,1,1,identity,4.246755411530184,"{""projection"": [[1.0]]}"
linear_gain,gain=2.0,12.0,20465548,7,fixed,0.05,12288,fixed_density,4.0,1,1,gain_matched,4.937051943377166,"{""gain_matrix"": [[1.9999999999999987]]}"
linear_gain,gain=2.0,12.0,20465548,7,fixed,0.05,12288,fixed_density,4.0,1,1,variance_matched,4.925846991742851,"{""direction"": [1.0]}"
linear_gain,gain=2.0,12.0,20465548,7,fixed,0.05,12288,fixed_density,4.0,1,1,shuffled_target,1.6536854691758423e-05,{}
linear_gain,gain=2.0,12.0,20465548,7,fixed,0.05,12288,fixed_density,4.0,1,1,analytic_volume,2.4849066497880004,"{""source_dim"": 1}"
linear_gain,gain=2.0,12.0,20465565,8,fixed,0.05,12288,fixed_density,4.0,1,1,null,0.0001314075475399206,{}
linear_gain,gain=2.0,12.0,20465565,8,fixed,0.05,12288,fixed_density,4.0,1,1,identity,4.240349165653687,"{""projection"": [[1.0]]}"
linear_gain,gain=2.0,12.0,20465565,8,fixed,0.05,12288,fixed_density,4.0,1,1,gain_matched,4.940711182283153,"{""gain_matrix"": [[2.0000000000000053]]}"
linear_gain,gain=2.0,12.0,20465565,8,fixed,0.05,12288,fixed_density,4.0,1,1,variance_matched,4.931575586179209,"{""direction"": [1.0]}"
linear_gain,gain=2.0,12.0,20465565,8,fixed,0.05,12288,fixed_density,4.0,1,1,shuffled_target,-2.6074557952915703e-05,{}
linear_gain,gain=2.0,12.0,20465565,8,fixed,0.05,12288,fixed_density,4.0,1,1,analytic_volume,2.4849066497880004,"{""source_dim"": 1}"
linear_gain,gain=2.0,12.0,20465582,9,fixed,0.05,12288,fixed_density,4.0,1,1,null,0.00021587734901282518,{}
linear_gain,gain=2.0,12.0,20465582,9,fixed,0.05,12288,fixed_density,4.0,1,1,identity,4.237243041872763,"{""projection"": [[1.0]]}"
linear_gain,gain=2.0,12.0,20465582,9,fixed,0.05,12288,fixed_density,4.0,1,1,gain_matched,4.937631864564286,"{""gain_matrix"": [[2.000000000000001]]}"
linear_gain,gain=2.0,12.0,20465582,9,fixed,0.05,12288,fixed_density,4.0,1,1,variance_matched,4.925848842520311,"{""direction"": [1.0]}"
linear_gain,gain=2.0,12.0,20465582,9,fixed,0.05,12288,fixed_density,4.0,1,1,shuffled_target,-7.41671624475993e-05,{}
linear_gain,gain=2.0,12.0,20465582,9,fixed,0.05,12288,fixed_density,4.0,1,1,analytic_volume,2.4849066497880004,"{""source_dim"": 1}"
linear_gain,gain=2.0,16.0,20466429,0,fixed,0.05,16384,fixed_density,4.0,1,1,null,2.501900386330319e-05,{}
linear_gain,gain=2.0,16.0,20466429,0,fixed,0.05,16384,fixed_density,4.0,1,1,identity,4.529890730079323,"{""projection"": [[1.0]]}"
linear_gain,gain=2.0,16.0,20466429,0,fixed,0.05,16384,fixed_density,4.0,1,1,gain_matched,5.222515282571459,"{""gain_matrix"": [[2.000000000000001]]}"
linear_gain,gain=2.0,16.0,20466429,0,fixed,0.05,16384,fixed_density,4.0,1,1,variance_matched,5.227026110400035,"{""direction"": [1.0]}"
linear_gain,gain=2.0,16.0,20466429,0,fixed,0.05,16384,fixed_density,4.0,1,1,shuffled_target,6.026181431637072e-05,{}
linear_gain,gain=2.0,16.0,20466429,0,fixed,0.05,16384,fixed_density,4.0,1,1,analytic_volume,2.772588722239781,"{""source_dim"": 1}"
linear_gain,gain=2.0,16.0,20466446,1,fixed,0.05,16384,fixed_density,4.0,1,1,null,5.06382697310963e-05,{}
linear_gain,gain=2.0,16.0,20466446,1,fixed,0.05,16384,fixed_density,4.0,1,1,identity,4.541213078591943,"{""projection"": [[1.0]]}"
linear_gain,gain=2.0,16.0,20466446,1,fixed,0.05,16384,fixed_density,4.0,1,1,gain_matched,5.2250367562362445,"{""gain_matrix"": [[1.9999999999999987]]}"
linear_gain,gain=2.0,16.0,20466446,1,fixed,0.05,16384,fixed_density,4.0,1,1,variance_matched,5.223837956879839,"{""direction"": [1.0]}"
linear_gain,gain=2.0,16.0,20466446,1,fixed,0.05,16384,fixed_density,4.0,1,1,shuffled_target,-8.34249971509732e-05,{}
linear_gain,gain=2.0,16.0,20466446,1,fixed,0.05,16384,fixed_density,4.0,1,1,analytic_volume,2.772588722239781,"{""source_dim"": 1}"
linear_gain,gain=2.0,16.0,20466463,2,fixed,0.05,16384,fixed_density,4.0,1,1,null,-8.605233790548618e-05,{}
linear_gain,gain=2.0,16.0,20466463,2,fixed,0.05,16384,fixed_density,4.0,1,1,identity,4.523126824467082,"{""projection"": [[1.0]]}"
linear_gain,gain=2.0,16.0,20466463,2,fixed,0.05,16384,fixed_density,4.0,1,1,gain_matched,5.2104298167105005,"{""gain_matrix"": [[1.9999999999999962]]}"
linear_gain,gain=2.0,16.0,20466463,2,fixed,0.05,16384,fixed_density,4.0,1,1,variance_matched,5.215646293910833,"{""direction"": [1.0]}"
linear_gain,gain=2.0,16.0,20466463,2,fixed,0.05,16384,fixed_density,4.0,1,1,shuffled_target,0.00010169357911026124,{}
linear_gain,gain=2.0,16.0,20466463,2,fixed,0.05,16384,fixed_density,4.0,1,1,analytic_volume,2.772588722239781,"{""source_dim"": 1}"
linear_gain,gain=2.0,16.0,20466480,3,fixed,0.05,16384,fixed_density,4.0,1,1,null,-8.838287760037854e-05,{}
linear_gain,gain=2.0,16.0,20466480,3,fixed,0.05,16384,fixed_density,4.0,1,1,identity,4.528463293556477,"{""projection"": [[1.0]]}"
linear_gain,gain=2.0,16.0,20466480,3,fixed,0.05,16384,fixed_density,4.0,1,1,gain_matched,5.214201441453915,"{""gain_matrix"": [[2.000000000000006]]}"
linear_gain,gain=2.0,16.0,20466480,3,fixed,0.05,16384,fixed_density,4.0,1,1,variance_matched,5.21918857610866,"{""direction"": [1.0]}"
linear_gain,gain=2.0,16.0,20466480,3,fixed,0.05,16384,fixed_density,4.0,1,1,shuffled_target,-6.69381586032171e-05,{}
linear_gain,gain=2.0,16.0,20466480,3,fixed,0.05,16384,fixed_density,4.0,1,1,analytic_volume,2.772588722239781,"{""source_dim"": 1}"
linear_gain,gain=2.0,16.0,20466497,4,fixed,0.05,16384,fixed_density,4.0,1,1,null,1.5537704742054533e-05,{}
linear_gain,gain=2.0,16.0,20466497,4,fixed,0.05,16384,fixed_density,4.0,1,1,identity,4.532927928600255,"{""projection"": [[1.0]]}"
linear_gain,gain=2.0,16.0,20466497,4,fixed,0.05,16384,fixed_density,4.0,1,1,gain_matched,5.213408556426812,"{""gain_matrix"": [[1.9999999999999978]]}"
linear_gain,gain=2.0,16.0,20466497,4,fixed,0.05,16384,fixed_density,4.0,1,1,variance_matched,5.21875360392274,"{""direction"": [1.0]}"
linear_gain,gain=2.0,16.0,20466497,4,fixed,0.05,16384,fixed_density,4.0,1,1,shuffled_target,-2.8703081674821297e-05,{}
linear_gain,gain=2.0,16.0,20466497,4,fixed,0.05,16384,fixed_density,4.0,1,1,analytic_volume,2.772588722239781,"{""source_dim"": 1}"
linear_gain,gain=2.0,16.0,20466514,5,fixed,0.05,16384,fixed_density,4.0,1,1,null,-5.0359898269895285e-05,{}
linear_gain,gain=2.0,16.0,20466514,5,fixed,0.05,16384,fixed_density,4.0,1,1,identity,4.533102315217051,"{""projection"": [[1.0]]}"
linear_gain,gain=2.0,16.0,20466514,5,fixed,0.05,16384,fixed_density,4.0,1,1,gain_matched,5.224987790600888,"{""gain_matrix"": [[1.9999999999999836]]}"
linear_gain,gain=2.0,16.0,20466514,5,fixed,0.05,16384,fixed_density,4.0,1,1,variance_matched,5.222603545091784,"{""direction"": [1.0]}"
linear_gain,gain=2.0,16.0,20466514,5,fixed,0.05,16384,fixed_density,4.0,1,1,shuffled_target,2.433085187386017e-05,{}
linear_gain,gain=2.0,16.0,20466514,5,fixed,0.05,16384,fixed_density,4.0,1,1,analytic_volume,2.772588722239781,"{""source_dim"": 1}"
linear_gain,gain=2.0,16.0,20466531,6,fixed,0.05,16384,fixed_density,4.0,1,1,null,-2.619376137205145e-05,{}
linear_gain,gain=2.0,16.0,20466531,6,fixed,0.05,16384,fixed_density,4.0,1,1,identity,4.523985098584493,"{""projection"": [[1.0]]}"
linear_gain,gain=2.0,16.0,20466531,6,fixed,0.05,16384,fixed_density,4.0,1,1,gain_matched,5.212885985734205,"{""gain_matrix"": [[2.000000000000008]]}"
linear_gain,gain=2.0,16.0,20466531,6,fixed,0.05,16384,fixed_density,4.0,1,1,variance_matched,5.213204419646784,"{""direction"": [1.0]}"
linear_gain,gain=2.0,16.0,20466531,6,fixed,0.05,16384,fixed_density,4.0,1,1,shuffled_target,-5.675916466173859e-05,{}
linear_gain,gain=2.0,16.0,20466531,6,fixed,0.05,16384,fixed_density,4.0,1,1,analytic_volume,2.772588722239781,"{""source_dim"": 1}"
linear_gain,gain=2.0,16.0,20466548,7,fixed,0.05,16384,fixed_density,4.0,1,1,null,-2.5524235216560254e-05,{}
linear_gain,gain=2.0,16.0,20466548,7,fixed,0.05,16384,fixed_density,4.0,1,1,identity,4.528986477372783,"{""projection"": [[1.0]]}"
linear_gain,gain=2.0,16.0,20466548,7,fixed,0.05,16384,fixed_density,4.0,1,1,gain_matched,5.220655621006272,"{""gain_matrix"": [[2.0000000000000075]]}"
linear_gain,gain=2.0,16.0,20466548,7,fixed,0.05,16384,fixed_density,4.0,1,1,variance_matched,5.227757730643764,"{""direction"": [1.0]}"
linear_gain,gain=2.0,16.0,20466548,7,fixed,0.05,16384,fixed_density,4.0,1,1,shuffled_target,1.071405122611194e-05,{}
linear_gain,gain=2.0,16.0,20466548,7,fixed,0.05,16384,fixed_density,4.0,1,1,analytic_volume,2.772588722239781,"{""source_dim"": 1}"
linear_gain,gain=2.0,16.0,20466565,8,fixed,0.05,16384,fixed_density,4.0,1,1,null,-7.419007735839442e-05,{}
linear_gain,gain=2.0,16.0,20466565,8,fixed,0.05,16384,fixed_density,4.0,1,1,identity,4.526632224674739,"{""projection"": [[1.0]]}"
linear_gain,gain=2.0,16.0,20466565,8,fixed,0.05,16384,fixed_density,4.0,1,1,gain_matched,5.219966956667273,"{""gain_matrix"": [[2.000000000000006]]}"
linear_gain,gain=2.0,16.0,20466565,8,fixed,0.05,16384,fixed_density,4.0,1,1,variance_matched,5.209349938767366,"{""direction"": [1.0]}"
linear_gain,gain=2.0,16.0,20466565,8,fixed,0.05,16384,fixed_density,4.0,1,1,shuffled_target,-2.420524080869868e-06,{}
linear_gain,gain=2.0,16.0,20466565,8,fixed,0.05,16384,fixed_density,4.0,1,1,analytic_volume,2.772588722239781,"{""source_dim"": 1}"
linear_gain,gain=2.0,16.0,20466582,9,fixed,0.05,16384,fixed_density,4.0,1,1,null,5.378286006841961e-05,{}
linear_gain,gain=2.0,16.0,20466582,9,fixed,0.05,16384,fixed_density,4.0,1,1,identity,4.521463200538979,"{""projection"": [[1.0]]}"
linear_gain,gain=2.0,16.0,20466582,9,fixed,0.05,16384,fixed_density,4.0,1,1,gain_matched,5.217835731088951,"{""gain_matrix"": [[1.9999999999999956]]}"
linear_gain,gain=2.0,16.0,20466582,9,fixed,0.05,16384,fixed_density,4.0,1,1,variance_matched,5.2239021107298385,"{""direction"": [1.0]}"
linear_gain,gain=2.0,16.0,20466582,9,fixed,0.05,16384,fixed_density,4.0,1,1,shuffled_target,-5.85408419453942e-05,{}
linear_gain,gain=2.0,16.0,20466582,9,fixed,0.05,16384,fixed_density,4.0,1,1,analytic_volume,2.772588722239781,"{""source_dim"": 1}"
linear_gain,gain=2.0,0.5,20460429,0,scaled_with_l,0.025,512,fixed_density,4.0,1,1,null,-0.0021860222287425827,{}
linear_gain,gain=2.0,0.5,20460429,0,scaled_with_l,0.025,512,fixed_density,4.0,1,1,identity,1.7437431547393745,"{""projection"": [[1.0]]}"
linear_gain,gain=2.0,0.5,20460429,0,scaled_with_l,0.025,512,fixed_density,4.0,1,1,gain_matched,2.400207116924272,"{""gain_matrix"": [[1.9999999999999993]]}"
linear_gain,gain=2.0,0.5,20460429,0,scaled_with_l,0.025,512,fixed_density,4.0,1,1,variance_matched,2.447750568467673,"{""direction"": [1.0]}"
linear_gain,gain=2.0,0.5,20460429,0,scaled_with_l,0.025,512,fixed_density,4.0,1,1,shuffled_target,-0.00035000658562802647,{}
linear_gain,gain=2.0,0.5,20460429,0,scaled_with_l,0.025,512,fixed_density,4.0,1,1,analytic_volume,-0.6931471805599453,"{""source_dim"": 1}"
linear_gain,gain=2.0,0.5,20460446,1,scaled_with_l,0.025,512,fixed_density,4.0,1,1,null,-0.001922676611530361,{}
linear_gain,gain=2.0,0.5,20460446,1,scaled_with_l,0.025,512,fixed_density,4.0,1,1,identity,1.8335015638851562,"{""projection"": [[1.0]]}"
linear_gain,gain=2.0,0.5,20460446,1,scaled_with_l,0.025,512,fixed_density,4.0,1,1,gain_matched,2.5064019207707715,"{""gain_matrix"": [[1.9999999999999993]]}"
linear_gain,gain=2.0,0.5,20460446,1,scaled_with_l,0.025,512,fixed_density,4.0,1,1,variance_matched,2.4424603530682703,"{""direction"": [1.0]}"
linear_gain,gain=2.0,0.5,20460446,1,scaled_with_l,0.025,512,fixed_density,4.0,1,1,shuffled_target,0.003775250826784246,{}
linear_gain,gain=2.0,0.5,20460446,1,scaled_with_l,0.025,512,fixed_density,4.0,1,1,analytic_volume,-0.6931471805599453,"{""source_dim"": 1}"
linear_gain,gain=2.0,0.5,20460463,2,scaled_with_l,0.025,512,fixed_density,4.0,1,1,null,0.001170225654466301,{}
linear_gain,gain=2.0,0.5,20460463,2,scaled_with_l,0.025,512,fixed_density,4.0,1,1,identity,1.7266597951967753,"{""projection"": [[1.0]]}"
linear_gain,gain=2.0,0.5,20460463,2,scaled_with_l,0.025,512,fixed_density,4.0,1,1,gain_matched,2.4251480894863446,"{""gain_matrix"": [[2.0]]}"
linear_gain,gain=2.0,0.5,20460463,2,scaled_with_l,0.025,512,fixed_density,4.0,1,1,variance_matched,2.478700610064023,"{""direction"": [1.0]}"
linear_gain,gain=2.0,0.5,20460463,2,scaled_with_l,0.025,512,fixed_density,4.0,1,1,shuffled_target,0.0011943020297014296,{}
linear_gain,gain=2.0,0.5,20460463,2,scaled_with_l,0.025,512,fixed_density,4.0,1,1,analytic_volume,-0.6931471805599453,"{""source_dim"": 1}"
linear_gain,gain=2.0,0.5,20460480,3,scaled_with_l,0.025,512,fixed_density,4.0,1,1,null,-0.00013339666257899474,{}
linear_gain,gain=2.0,0.5,20460480,3,scaled_with_l,0.025,512,fixed_density,4.0,1,1,identity,1.7620594680250545,"{""projection"": [[1.0]]}"
linear_gain,gain=2.0,0.5,20460480,3,scaled_with_l,0.025,512,fixed_density,4.0,1,1,gain_matched,2.4568905113176998,"{""gain_matrix"": [[1.9999999999999982]]}"
linear_gain,gain=2.0,0.5,20460480,3,scaled_with_l,0.025,512,fixed_density,4.0,1,1,variance_matched,2.456147165094924,"{""direction"": [1.0]}"
linear_gain,gain=2.0,0.5,20460480,3,scaled_with_l,0.025,512,fixed_density,4.0,1,1,shuffled_target,-0.0020745153220226805,{}
linear_gain,gain=2.0,0.5,20460480,3,scaled_with_l,0.025,512,fixed_density,4.0,1,1,analytic_volume,-0.6931471805599453,"{""source_dim"": 1}"
linear_gain,gain=2.0,0.5,20460497,4,scaled_with_l,0.025,512,fixed_density,4.0,1,1,null,-0.001957072517797586,{}
linear_gain,gain=2.0,0.5,20460497,4,scaled_with_l,0.025,512,fixed_density,4.0,1,1,identity,1.788507516892993,"{""projection"": [[1.0]]}"
linear_gain,gain=2.0,0.5,20460497,4,scaled_with_l,0.025,512,fixed_density,4.0,1,1,gain_matched,2.45492883568246,"{""gain_matrix"": [[2.0]]}"
linear_gain,gain=2.0,0.5,20460497,4,scaled_with_l,0.025,512,fixed_density,4.0,1,1,variance_matched,2.487851463892624,"{""direction"": [1.0]}"
linear_gain,gain=2.0,0.5,20460497,4,scaled_with_l,0.025,512,fixed_density,4.0,1,1,shuffled_target,-0.001976503778179061,{}
linear_gain,gain=2.0,0.5,20460497,4,scaled_with_l,0.025,512,fixed_density,4.0,1,1,analytic_volume,-0.6931471805599453,"{""source_dim"": 1}"
linear_gain,gain=2.0,0.5,20460514,5,scaled_with_l,0.025,512,fixed_density,4.0,1,1,null,0.0004286335160978427,{}
linear_gain,gain=2.0,0.5,20460514,5,scaled_with_l,0.025,512,fixed_density,4.0,1,1,identity,1.8008082281062248,"{""projection"": [[1.0]]}"
linear_gain,gain=2.0,0.5,20460514,5,scaled_with_l,0.025,512,fixed_density,4.0,1,1,gain_matched,2.4047413826521375,"{""gain_matrix"": [[2.0]]}"
linear_gain,gain=2.0,0.5,20460514,5,scaled_with_l,0.025,512,fixed_density,4.0,1,1,variance_matched,2.416451927777556,"{""direction"": [1.0]}"
linear_gain,gain=2.0,0.5,20460514,5,scaled_with_l,0.025,512,fixed_density,4.0,1,1,shuffled_target,0.0017054724703447104,{}
linear_gain,gain=2.0,0.5,20460514,5,scaled_with_l,0.025,512,fixed_density,4.0,1,1,analytic_volume,-0.6931471805599453,"{""source_dim"": 1}"
linear_gain,gain=2.0,0.5,20460531,6,scaled_with_l,0.025,512,fixed_density,4.0,1,1,null,-0.001511656257623783,{}
linear_gain,gain=2.0,0.5,20460531,6,scaled_with_l,0.025,512,fixed_density,4.0,1,1,identity,1.7768927823353806,"{""projection"": [[1.0]]}"
linear_gain,gain=2.0,0.5,20460531,6,scaled_with_l,0.025,512,fixed_density,4.0,1,1,gain_matched,2.4251289539526875,"{""gain_matrix"": [[1.9999999999999998]]}"
linear_gain,gain=2.0,0.5,20460531,6,scaled_with_l,0.025,512,fixed_density,4.0,1,1,variance_matched,2.465701917233143,"{""direction"": [1.0]}"
linear_gain,gain=2.0,0.5,20460531,6,scaled_with_l,0.025,512,fixed_density,4.0,1,1,shuffled_target,0.0014753271558857965,{}
linear_gain,gain=2.0,0.5,20460531,6,scaled_with_l,0.025,512,fixed_density,4.0,1,1,analytic_volume,-0.6931471805599453,"{""source_dim"": 1}"
linear_gain,gain=2.0,0.5,20460548,7,scaled_with_l,0.025,512,fixed_density,4.0,1,1,null,0.0012693162910306093,{}
linear_gain,gain=2.0,0.5,20460548,7,scaled_with_l,0.025,512,fixed_density,4.0,1,1,identity,1.7510518455878596,"{""projection"": [[1.0]]}"
linear_gain,gain=2.0,0.5,20460548,7,scaled_with_l,0.025,512,fixed_density,4.0,1,1,gain_matched,2.476660897169094,"{""gain_matrix"": [[2.0000000000000013]]}"
linear_gain,gain=2.0,0.5,20460548,7,scaled_with_l,0.025,512,fixed_density,4.0,1,1,variance_matched,2.4135191202650077,"{""direction"": [1.0]}"
linear_gain,gain=2.0,0.5,20460548,7,scaled_with_l,0.025,512,fixed_density,4.0,1,1,shuffled_target,0.0020822540395007594,{}
linear_gain,gain=2.0,0.5,20460548,7,scaled_with_l,0.025,512,fixed_density,4.0,1,1,analytic_volume,-0.6931471805599453,"{""source_dim"": 1}"
linear_gain,gain=2.0,0.5,20460565,8,scaled_with_l,0.025,512,fixed_density,4.0,1,1,null,0.0011256852338603425,{}
linear_gain,gain=2.0,0.5,20460565,8,scaled_with_l,0.025,512,fixed_density,4.0,1,1,identity,1.7309948008190927,"{""projection"": [[1.0]]}"
linear_gain,gain=2.0,0.5,20460565,8,scaled_with_l,0.025,512,fixed_density,4.0,1,1,gain_matched,2.435696446655011,"{""gain_matrix"": [[2.0000000000000018]]}"
linear_gain,gain=2.0,0.5,20460565,8,scaled_with_l,0.025,512,fixed_density,4.0,1,1,variance_matched,2.46051623556006,"{""direction"": [1.0]}"
linear_gain,gain=2.0,0.5,20460565,8,scaled_with_l,0.025,512,fixed_density,4.0,1,1,shuffled_target,-0.0007196222607330875,{}
linear_gain,gain=2.0,0.5,20460565,8,scaled_with_l,0.025,512,fixed_density,4.0,1,1,analytic_volume,-0.6931471805599453,"{""source_dim"": 1}"
linear_gain,gain=2.0,0.5,20460582,9,scaled_with_l,0.025,512,fixed_density,4.0,1,1,null,-0.0018670089597410634,{}
linear_gain,gain=2.0,0.5,20460582,9,scaled_with_l,0.025,512,fixed_density,4.0,1,1,identity,1.7862288644349298,"{""projection"": [[1.0]]}"
linear_gain,gain=2.0,0.5,20460582,9,scaled_with_l,0.025,512,fixed_density,4.0,1,1,gain_matched,2.4573569768357593,"{""gain_matrix"": [[1.9999999999999973]]}"
linear_gain,gain=2.0,0.5,20460582,9,scaled_with_l,0.025,512,fixed_density,4.0,1,1,variance_matched,2.492579830648534,"{""direction"": [1.0]}"
linear_gain,gain=2.0,0.5,20460582,9,scaled_with_l,0.025,512,fixed_density,4.0,1,1,shuffled_target,-0.00040054520199837265,{}
linear_gain,gain=2.0,0.5,20460582,9,scaled_with_l,0.025,512,fixed_density,4.0,1,1,analytic_volume,-0.6931471805599453,"{""source_dim"": 1}"
linear_gain,gain=2.0,1.0,20461429,0,scaled_with_l,0.05,1024,fixed_density,4.0,1,1,null,0.0013109349334137202,{}
linear_gain,gain=2.0,1.0,20461429,0,scaled_with_l,0.05,1024,fixed_density,4.0,1,1,identity,1.742259179395284,"{""projection"": [[1.0]]}"
linear_gain,gain=2.0,1.0,20461429,0,scaled_with_l,0.05,1024,fixed_density,4.0,1,1,gain_matched,2.437663131175538,"{""gain_matrix"": [[1.9999999999999984]]}"
linear_gain,gain=2.0,1.0,20461429,0,scaled_with_l,0.05,1024,fixed_density,4.0,1,1,variance_matched,2.4466691500370548,"{""direction"": [1.0]}"
linear_gain,gain=2.0,1.0,20461429,0,scaled_with_l,0.05,1024,fixed_density,4.0,1,1,shuffled_target,-0.0012634687381609861,{}
linear_gain,gain=2.0,1.0,20461429,0,scaled_with_l,0.05,1024,fixed_density,4.0,1,1,analytic_volume,0.0,"{""source_dim"": 1}"
linear_gain,gain=2.0,1.0,20461446,1,scaled_with_l,0.05,1024,fixed_density,4.0,1,1,null,-0.0008160036876143375,{}
linear_gain,gain=2.0,1.0,20461446,1,scaled_with_l,0.05,1024,fixed_density,4.0,1,1,identity,1.7544142883971032,"{""projection"": [[1.0]]}"
linear_gain,gain=2.0,1.0,20461446,1,scaled_with_l,0.05,1024,fixed_density,4.0,1,1,gain_matched,2.4426828808188676,"{""gain_matrix"": [[1.9999999999999991]]}"
linear_gain,gain=2.0,1.0,20461446,1,scaled_with_l,0.05,1024,fixed_density,4.0,1,1,variance_matched,2.4230998075481285,"{""direction"": [1.0]}"
linear_gain,gain=2.0,1.0,20461446,1,scaled_with_l,0.05,1024,fixed_density,4.0,1,1,shuffled_target,-0.001240845956147739,{}
linear_gain,gain=2.0,1.0,20461446,1,scaled_with_l,0.05,1024,fixed_density,4.0,1,1,analytic_volume,0.0,"{""source_dim"": 1}"
linear_gain,gain=2.0,1.0,20461463,2,scaled_with_l,0.05,1024,fixed_density,4.0,1,1,null,-0.0011461327687923664,{}
linear_gain,gain=2.0,1.0,20461463,2,scaled_with_l,0.05,1024,fixed_density,4.0,1,1,identity,1.764093101309704,"{""projection"": [[1.0]]}"
linear_gain,gain=2.0,1.0,20461463,2,scaled_with_l,0.05,1024,fixed_density,4.0,1,1,gain_matched,2.44870267682821,"{""gain_matrix"": [[1.9999999999999964]]}"
linear_gain,gain=2.0,1.0,20461463,2,scaled_with_l,0.05,1024,fixed_density,4.0,1,1,variance_matched,2.475408248471748,"{""direction"": [1.0]}"
linear_gain,gain=2.0,1.0,20461463,2,scaled_with_l,0.05,1024,fixed_density,4.0,1,1,shuffled_target,6.413817813579175e-05,{}
linear_gain,gain=2.0,1.0,20461463,2,scaled_with_l,0.05,1024,fixed_density,4.0,1,1,analytic_volume,0.0,"{""source_dim"": 1}"
linear_gain,gain=2.0,1.0,20461480,3,scaled_with_l,0.05,1024,fixed_density,4.0,1,1,null,-0.001127882992630996,{}
linear_gain,gain=2.0,1.0,20461480,3,scaled_with_l,0.05,1024,fixed_density,4.0,1,1,identity,1.7330325332159862,"{""projection"": [[1.0]]}"
linear_gain,gain=2.0,1.0,20461480,3,scaled_with_l,0.05,1024,fixed_density,4.0,1,1,gain_matched,2.4393096261678053,"{""gain_matrix"": [[2.0000000000000004]]}"
linear_gain,gain=2.0,1.0,20461480,3,scaled_with_l,0.05,1024,fixed_density,4.0,1,1,variance_matched,2.4640535861669797,"{""direction"": [1.0]}"
linear_gain,gain=2.0,1.0,20461480,3,scaled_with_l,0.05,1024,fixed_density,4.0,1,1,shuffled_target,0.0003221753238831144,{}
linear_gain,gain=2.0,1.0,20461480,3,scaled_with_l,0.05,1024,fixed_density,4.0,1,1,analytic_volume,0.0,"{""source_dim"": 1}"
linear_gain,gain=2.0,1.0,20461497,4,scaled_with_l,0.05,1024,fixed_density,4.0,1,1,null,0.0015066670057519483,{}
linear_gain,gain=2.0,1.0,20461497,4,scaled_with_l,0.05,1024,fixed_density,4.0,1,1,identity,1.7836845745865018,"{""projection"": [[1.0]]}"
linear_gain,gain=2.0,1.0,20461497,4,scaled_with_l,0.05,1024,fixed_density,4.0,1,1,gain_matched,2.460593281258956,"{""gain_matrix"": [[2.0000000000000004]]}"
linear_gain,gain=2.0,1.0,20461497,4,scaled_with_l,0.05,1024,fixed_density,4.0,1,1,variance_matched,2.480663044844512,"{""direction"": [1.0]}"
linear_gain,gain=2.0,1.0,20461497,4,scaled_with_l,0.05,1024,fixed_density,4.0,1,1,shuffled_target,0.00043207737349352485,{}
linear_gain,gain=2.0,1.0,20461497,4,scaled_with_l,0.05,1024,fixed_density,4.0,1,1,analytic_volume,0.0,"{""source_dim"": 1}"
linear_gain,gain=2.0,1.0,20461514,5,scaled_with_l,0.05,1024,fixed_density,4.0,1,1,null,0.0008364589577909258,{}
linear_gain,gain=2.0,1.0,20461514,5,scaled_with_l,0.05,1024,fixed_density,4.0,1,1,identity,1.7601454984518792,"{""projection"": [[1.0]]}"
linear_gain,gain=2.0,1.0,20461514,5,scaled_with_l,0.05,1024,fixed_density,4.0,1,1,gain_matched,2.389040169455657,"{""gain_matrix"": [[2.0000000000000004]]}"
linear_gain,gain=2.0,1.0,20461514,5,scaled_with_l,0.05,1024,fixed_density,4.0,1,1,variance_matched,2.419856995570775,"{""direction"": [1.0]}"
linear_gain,gain=2.0,1.0,20461514,5,scaled_with_l,0.05,1024,fixed_density,4.0,1,1,shuffled_target,-0.0014560843796364992,{}
linear_gain,gain=2.0,1.0,20461514,5,scaled_with_l,0.05,1024,fixed_density,4.0,1,1,analytic_volume,0.0,"{""source_dim"": 1}"
linear_gain,gain=2.0,1.0,20461531,6,scaled_with_l,0.05,1024,fixed_density,4.0,1,1,null,-0.001415913454218347,{}
linear_gain,gain=2.0,1.0,20461531,6,scaled_with_l,0.05,1024,fixed_density,4.0,1,1,identity,1.7818832091697003,"{""projection"": [[1.0]]}"
linear_gain,gain=2.0,1.0,20461531,6,scaled_with_l,0.05,1024,fixed_density,4.0,1,1,gain_matched,2.459722767976734,"{""gain_matrix"": [[1.9999999999999996]]}"
linear_gain,gain=2.0,1.0,20461531,6,scaled_with_l,0.05,1024,fixed_density,4.0,1,1,variance_matched,2.4843635226487017,"{""direction"": [1.0]}"
linear_gain,gain=2.0,1.0,20461531,6,scaled_with_l,0.05,1024,fixed_density,4.0,1,1,shuffled_target,-6.571372055178839e-05,{}
linear_gain,gain=2.0,1.0,20461531,6,scaled_with_l,0.05,1024,fixed_density,4.0,1,1,analytic_volume,0.0,"{""source_dim"": 1}"
linear_gain,gain=2.0,1.0,20461548,7,scaled_with_l,0.05,1024,fixed_density,4.0,1,1,null,-0.0008781782792600941,{}
linear_gain,gain=2.0,1.0,20461548,7,scaled_with_l,0.05,1024,fixed_density,4.0,1,1,identity,1.7726657736653162,"{""projection"": [[1.0]]}"
linear_gain,gain=2.0,1.0,20461548,7,scaled_with_l,0.05,1024,fixed_density,4.0,1,1,gain_matched,2.4214167678959746,"{""gain_matrix"": [[1.9999999999999976]]}"
linear_gain,gain=2.0,1.0,20461548,7,scaled_with_l,0.05,1024,fixed_density,4.0,1,1,variance_matched,2.4434451227404903,"{""direction"": [1.0]}"
linear_gain,gain=2.0,1.0,20461548,7,scaled_with_l,0.05,1024,fixed_density,4.0,1,1,shuffled_target,-0.0013128196659597275,{}
linear_gain,gain=2.0,1.0,20461548,7,scaled_with_l,0.05,1024,fixed_density,4.0,1,1,analytic_volume,0.0,"{""source_dim"": 1}"
linear_gain,gain=2.0,1.0,20461565,8,scaled_with_l,0.05,1024,fixed_density,4.0,1,1,null,-0.001123559550203573,{}
linear_gain,gain=2.0,1.0,20461565,8,scaled_with_l,0.05,1024,fixed_density,4.0,1,1,identity,1.7704944104880012,"{""projection"": [[1.0]]}"
linear_gain,gain=2.0,1.0,20461565,8,scaled_with_l,0.05,1024,fixed_density,4.0,1,1,gain_matched,2.4822462550640716,"{""gain_matrix"": [[2.0000000000000004]]}"
linear_gain,gain=2.0,1.0,20461565,8,scaled_with_l,0.05,1024,fixed_density,4.0,1,1,variance_matched,2.4738466787040885,"{""direction"": [1.0]}"
linear_gain,gain=2.0,1.0,20461565,8,scaled_with_l,0.05,1024,fixed_density,4.0,1,1,shuffled_target,0.0001817482162576971,{}
linear_gain,gain=2.0,1.0,20461565,8,scaled_with_l,0.05,1024,fixed_density,4.0,1,1,analytic_volume,0.0,"{""source_dim"": 1}"
linear_gain,gain=2.0,1.0,20461582,9,scaled_with_l,0.05,1024,fixed_density,4.0,1,1,null,-0.0005401070164255727,{}
linear_gain,gain=2.0,1.0,20461582,9,scaled_with_l,0.05,1024,fixed_density,4.0,1,1,identity,1.7634712993745278,"{""projection"": [[1.0]]}"
linear_gain,gain=2.0,1.0,20461582,9,scaled_with_l,0.05,1024,fixed_density,4.0,1,1,gain_matched,2.4453413188421305,"{""gain_matrix"": [[2.0000000000000004]]}"
linear_gain,gain=2.0,1.0,20461582,9,scaled_with_l,0.05,1024,fixed_density,4.0,1,1,variance_matched,2.4484407700228394,"{""direction"": [1.0]}"
linear_gain,gain=2.0,1.0,20461582,9,scaled_with_l,0.05,1024,fixed_density,4.0,1,1,shuffled_target,-0.0008200467390466752,{}
linear_gain,gain=2.0,1.0,20461582,9,scaled_with_l,0.05,1024,fixed_density,4.0,1,1,analytic_volume,0.0,"{""source_dim"": 1}"
linear_gain,gain=2.0,2.0,20462429,0,scaled_with_l,0.1,2048,fixed_density,4.0,1,1,null,-0.00022505428278421296,{}
linear_gain,gain=2.0,2.0,20462429,0,scaled_with_l,0.1,2048,fixed_density,4.0,1,1,identity,1.7706989840216445,"{""projection"": [[1.0]]}"
linear_gain,gain=2.0,2.0,20462429,0,scaled_with_l,0.1,2048,fixed_density,4.0,1,1,gain_matched,2.4602264949060446,"{""gain_matrix"": [[2.0000000000000018]]}"
linear_gain,gain=2.0,2.0,20462429,0,scaled_with_l,0.1,2048,fixed_density,4.0,1,1,variance_matched,2.43574533929462,"{""direction"": [1.0]}"
linear_gain,gain=2.0,2.0,20462429,0,scaled_with_l,0.1,2048,fixed_density,4.0,1,1,shuffled_target,-0.0003516274554667447,{}
linear_gain,gain=2.0,2.0,20462429,0,scaled_with_l,0.1,2048,fixed_density,4.0,1,1,analytic_volume,0.6931471805599453,"{""source_dim"": 1}"
linear_gain,gain=2.0,2.0,20462446,1,scaled_with_l,0.1,2048,fixed_density,4.0,1,1,null,0.00021916574280087323,{}
linear_gain,gain=2.0,2.0,20462446,1,scaled_with_l,0.1,2048,fixed_density,4.0,1,1,identity,1.7771606023709154,"{""projection"": [[1.0]]}"
linear_gain,gain=2.0,2.0,20462446,1,scaled_with_l,0.1,2048,fixed_density,4.0,1,1,gain_matched,2.433084903257786,"{""gain_matrix"": [[2.0000000000000013]]}"
linear_gain,gain=2.0,2.0,20462446,1,scaled_with_l,0.1,2048,fixed_density,4.0,1,1,variance_matched,2.453253321533073,"{""direction"": [1.0]}"
linear_gain,gain=2.0,2.0,20462446,1,scaled_with_l,0.1,2048,fixed_density,4.0,1,1,shuffled_target,-0.0006519175316466753,{}
linear_gain,gain=2.0,2.0,20462446,1,scaled_with_l,0.1,2048,fixed_density,4.0,1,1,analytic_volume,0.6931471805599453,"{""source_dim"": 1}"
linear_gain,gain=2.0,2.0,20462463,2,scaled_with_l,0.1,2048,fixed_density,4.0,1,1,null,-0.00013897328056526072,{}
linear_gain,gain=2.0,2.0,20462463,2,scaled_with_l,0.1,2048,fixed_density,4.0,1,1,identity,1.810321283568217,"{""projection"": [[1.0]]}"
linear_gain,gain=2.0,2.0,20462463,2,scaled_with_l,0.1,2048,fixed_density,4.0,1,1,gain_matched,2.4944150796700812,"{""gain_matrix"": [[2.0000000000000027]]}"
linear_gain,gain=2.0,2.0,20462463,2,scaled_with_l,0.1,2048,fixed_density,4.0,1,1,variance_matched,2.4833329510542006,"{""direction"": [1.0]}"
linear_gain,gain=2.0,2.0,20462463,2,scaled_with_l,0.1,2048,fixed_density,4.0,1,1,shuffled_target,-0.00021948286788167105,{}
linear_gain,gain=2.0,2.0,20462463,2,scaled_with_l,0.1,2048,fixed_density,4.0,1,1,analytic_volume,0.6931471805599453,"{""source_dim"": 1}"
linear_gain,gain=2.0,2.0,20462480,3,scaled_with_l,0.1,2048,fixed_density,4.0,1,1,null,-0.0002456850068041261,{}
linear_gain,gain=2.0,2.0,20462480,3,scaled_with_l,0.1,2048,fixed_density,4.0,1,1,identity,1.7524929583257731,"{""projection"": [[1.0]]}"
linear_gain,gain=2.0,2.0,20462480,3,scaled_with_l,0.1,2048,fixed_density,4.0,1,1,gain_matched,2.4513532465939916,"{""gain_matrix"": [[2.000000000000004]]}"
linear_gain,gain=2.0,2.0,20462480,3,scaled_with_l,0.1,2048,fixed_density,4.0,1,1,variance_matched,2.4987153605478527,"{""direction"": [1.0]}"
linear_gain,gain=2.0,2.0,20462480,3,scaled_with_l,0.1,2048,fixed_density,4.0,1,1,shuffled_target,-2.3326530086729665e-05,{}
linear_gain,gain=2.0,2.0,20462480,3,scaled_with_l,0.1,2048,fixed_density,4.0,1,1,analytic_volume,0.6931471805599453,"{""source_dim"": 1}"
linear_gain,gain=2.0,2.0,20462497,4,scaled_with_l,0.1,2048,fixed_density,4.0,1,1,null,-0.00029631822140113663,{}
linear_gain,gain=2.0,2.0,20462497,4,scaled_with_l,0.1,2048,fixed_density,4.0,1,1,identity,1.7750097872055708,"{""projection"": [[1.0]]}"
linear_gain,gain=2.0,2.0,20462497,4,scaled_with_l,0.1,2048,fixed_density,4.0,1,1,gain_matched,2.444916242953207,"{""gain_matrix"": [[1.9999999999999967]]}"
linear_gain,gain=2.0,2.0,20462497,4,scaled_with_l,0.1,2048,fixed_density,4.0,1,1,variance_matched,2.43957248983063,"{""direction"": [1.0]}"
linear_gain,gain=2.0,2.0,20462497,4,scaled_with_l,0.1,2048,fixed_density,4.0,1,1,shuffled_target,0.0011367859711945553,{}
linear_gain,gain=2.0,2.0,20462497,4,scaled_with_l,0.1,2048,fixed_density,4.0,1,1,analytic_volume,0.6931471805599453,"{""source_dim"": 1}"
linear_gain,gain=2.0,2.0,20462514,5,scaled_with_l,0.1,2048,fixed_density,4.0,1,1,null,0.0014882923663547282,{}
linear_gain,gain=2.0,2.0,20462514,5,scaled_with_l,0.1,2048,fixed_density,4.0,1,1,identity,1.754643612127623,"{""projection"": [[1.0]]}"
linear_gain,gain=2.0,2.0,20462514,5,scaled_with_l,0.1,2048,fixed_density,4.0,1,1,gain_matched,2.44098618301917,"{""gain_matrix"": [[2.0000000000000018]]}"
linear_gain,gain=2.0,2.0,20462514,5,scaled_with_l,0.1,2048,fixed_density,4.0,1,1,variance_matched,2.440084498461423,"{""direction"": [1.0]}"
linear_gain,gain=2.0,2.0,20462514,5,scaled_with_l,0.1,2048,fixed_density,4.0,1,1,shuffled_target,0.0002738080428565026,{}
linear_gain,gain=2.0,2.0,20462514,5,scaled_with_l,0.1,2048,fixed_density,4.0,1,1,analytic_volume,0.6931471805599453,"{""source_dim"": 1}"
linear_gain,gain=2.0,2.0,20462531,6,scaled_with_l,0.1,2048,fixed_density,4.0,1,1,null,-0.00066790511626882,{}
linear_gain,gain=2.0,2.0,20462531,6,scaled_with_l,0.1,2048,fixed_density,4.0,1,1,identity,1.7706636357992451,"{""projection"": [[1.0]]}"
linear_gain,gain=2.0,2.0,20462531,6,scaled_with_l,0.1,2048,fixed_density,4.0,1,1,gain_matched,2.438686987419996,"{""gain_matrix"": [[1.999999999999998]]}"
linear_gain,gain=2.0,2.0,20462531,6,scaled_with_l,0.1,2048,fixed_density,4.0,1,1,variance_matched,2.4329085341290853,"{""direction"": [1.0]}"
linear_gain,gain=2.0,2.0,20462531,6,scaled_with_l,0.1,2048,fixed_density,4.0,1,1,shuffled_target,0.0003768128129600963,{}
linear_gain,gain=2.0,2.0,20462531,6,scaled_with_l,0.1,2048,fixed_density,4.0,1,1,analytic_volume,0.6931471805599453,"{""source_dim"": 1}"
linear_gain,gain=2.0,2.0,20462548,7,scaled_with_l,0.1,2048,fixed_density,4.0,1,1,null,-0.0002737411122277376,{}
linear_gain,gain=2.0,2.0,20462548,7,scaled_with_l,0.1,2048,fixed_density,4.0,1,1,identity,1.7538220842838426,"{""projection"": [[1.0]]}"
linear_gain,gain=2.0,2.0,20462548,7,scaled_with_l,0.1,2048,fixed_density,4.0,1,1,gain_matched,2.4655502173235955,"{""gain_matrix"": [[2.000000000000003]]}"
linear_gain,gain=2.0,2.0,20462548,7,scaled_with_l,0.1,2048,fixed_density,4.0,1,1,variance_matched,2.419818436788035,"{""direction"": [1.0]}"
linear_gain,gain=2.0,2.0,20462548,7,scaled_with_l,0.1,2048,fixed_density,4.0,1,1,shuffled_target,0.0007309811041237115,{}
linear_gain,gain=2.0,2.0,20462548,7,scaled_with_l,0.1,2048,fixed_density,4.0,1,1,analytic_volume,0.6931471805599453,"{""source_dim"": 1}"
linear_gain,gain=2.0,2.0,20462565,8,scaled_with_l,0.1,2048,fixed_density,4.0,1,1,null,-0.0005691286333527104,{}
linear_gain,gain=2.0,2.0,20462565,8,scaled_with_l,0.1,2048,fixed_density,4.0,1,1,identity,1.7646185649615616,"{""projection"": [[1.0]]}"
linear_gain,gain=2.0,2.0,20462565,8,scaled_with_l,0.1,2048,fixed_density,4.0,1,1,gain_matched,2.446015485995849,"{""gain_matrix"": [[1.9999999999999971]]}"
linear_gain,gain=2.0,2.0,20462565,8,scaled_with_l,0.1,2048,fixed_density,4.0,1,1,variance_matched,2.4313213400664226,"{""direction"": [1.0]}"
linear_gain,gain=2.0,2.0,20462565,8,scaled_with_l,0.1,2048,fixed_density,4.0,1,1,shuffled_target,-6.159493860328829e-05,{}
linear_gain,gain=2.0,2.0,20462565,8,scaled_with_l,0.1,2048,fixed_density,4.0,1,1,analytic_volume,0.6931471805599453,"{""source_dim"": 1}"
linear_gain,gain=2.0,2.0,20462582,9,scaled_with_l,0.1,2048,fixed_density,4.0,1,1,null,-0.0005602958899592659,{}
linear_gain,gain=2.0,2.0,20462582,9,scaled_with_l,0.1,2048,fixed_density,4.0,1,1,identity,1.7396561572274902,"{""projection"": [[1.0]]}"
linear_gain,gain=2.0,2.0,20462582,9,scaled_with_l,0.1,2048,fixed_density,4.0,1,1,gain_matched,2.4238458052008136,"{""gain_matrix"": [[1.999999999999996]]}"
linear_gain,gain=2.0,2.0,20462582,9,scaled_with_l,0.1,2048,fixed_density,4.0,1,1,variance_matched,2.4456260006689243,"{""direction"": [1.0]}"
linear_gain,gain=2.0,2.0,20462582,9,scaled_with_l,0.1,2048,fixed_density,4.0,1,1,shuffled_target,-0.00032649228862475946,{}
linear_gain,gain=2.0,2.0,20462582,9,scaled_with_l,0.1,2048,fixed_density,4.0,1,1,analytic_volume,0.6931471805599453,"{""source_dim"": 1}"
linear_gain,gain=2.0,4.0,20463429,0,scaled_with_l,0.2,4096,fixed_density,4.0,1,1,null,-0.00030871963914215933,{}
linear_gain,gain=2.0,4.0,20463429,0,scaled_with_l,0.2,4096,fixed_density,4.0,1,1,identity,1.7671300870258122,"{""projection"": [[1.0]]}"
linear_gain,gain=2.0,4.0,20463429,0,scaled_with_l,0.2,4096,fixed_density,4.0,1,1,gain_matched,2.4483468149722176,"{""gain_matrix"": [[1.9999999999999967]]}"
linear_gain,gain=2.0,4.0,20463429,0,scaled_with_l,0.2,4096,fixed_density,4.0,1,1,variance_matched,2.4643030733097158,"{""direction"": [1.0]}"
linear_gain,gain=2.0,4.0,20463429,0,scaled_with_l,0.2,4096,fixed_density,4.0,1,1,shuffled_target,-0.0001264165428914827,{}
linear_gain,gain=2.0,4.0,20463429,0,scaled_with_l,0.2,4096,fixed_density,4.0,1,1,analytic_volume,1.3862943611198906,"{""source_dim"": 1}"
linear_gain,gain=2.0,4.0,20463446,1,scaled_with_l,0.2,4096,fixed_density,4.0,1,1,null,0.00018941482754895287,{}
linear_gain,gain=2.0,4.0,20463446,1,scaled_with_l,0.2,4096,fixed_density,4.0,1,1,identity,1.7492667831579516,"{""projection"": [[1.0]]}"
linear_gain,gain=2.0,4.0,20463446,1,scaled_with_l,0.2,4096,fixed_density,4.0,1,1,gain_matched,2.43507549323812,"{""gain_matrix"": [[1.9999999999999996]]}"
linear_gain,gain=2.0,4.0,20463446,1,scaled_with_l,0.2,4096,fixed_density,4.0,1,1,variance_matched,2.436891969917109,"{""direction"": [1.0]}"
linear_gain,gain=2.0,4.0,20463446,1,scaled_with_l,0.2,4096,fixed_density,4.0,1,1,shuffled_target,1.5789971621009446e-05,{}
linear_gain,gain=2.0,4.0,20463446,1,scaled_with_l,0.2,4096,fixed_density,4.0,1,1,analytic_volume,1.3862943611198906,"{""source_dim"": 1}"
linear_gain,gain=2.0,4.0,20463463,2,scaled_with_l,0.2,4096,fixed_density,4.0,1,1,null,-0.0001393834947057497,{}
linear_gain,gain=2.0,4.0,20463463,2,scaled_with_l,0.2,4096,fixed_density,4.0,1,1,identity,1.7891267616482125,"{""projection"": [[1.0]]}"
linear_gain,gain=2.0,4.0,20463463,2,scaled_with_l,0.2,4096,fixed_density,4.0,1,1,gain_matched,2.460892583939773,"{""gain_matrix"": [[1.9999999999999984]]}"
linear_gain,gain=2.0,4.0,20463463,2,scaled_with_l,0.2,4096,fixed_density,4.0,1,1,variance_matched,2.4582778443402553,"{""direction"": [1.0]}"
linear_gain,gain=2.0,4.0,20463463,2,scaled_with_l,0.2,4096,fixed_density,4.0,1,1,shuffled_target,-9.971073931772182e-05,{}
linear_gain,gain=2.0,4.0,20463463,2,scaled_with_l,0.2,4096,fixed_density,4.0,1,1,analytic_volume,1.3862943611198906,"{""source_dim"": 1}"
linear_gain,gain=2.0,4.0,20463480,3,scaled_with_l,0.2,4096,fixed_density,4.0,1,1,null,5.488133611341602e-05,{}
linear_gain,gain=2.0,4.0,20463480,3,scaled_with_l,0.2,4096,fixed_density,4.0,1,1,identity,1.7639201952629162,"{""projection"": [[1.0]]}"
linear_gain,gain=2.0,4.0,20463480,3,scaled_with_l,0.2,4096,fixed_density,4.0,1,1,gain_matched,2.4475449697515783,"{""gain_matrix"": [[1.9999999999999984]]}"
linear_gain,gain=2.0,4.0,20463480,3,scaled_with_l,0.2,4096,fixed_density,4.0,1,1,variance_matched,2.439168241741236,"{""direction"": [1.0]}"
linear_gain,gain=2.0,4.0,20463480,3,scaled_with_l,0.2,4096,fixed_density,4.0,1,1,shuffled_target,-0.00025707904552249876,{}
linear_gain,gain=2.0,4.0,20463480,3,scaled_with_l,0.2,4096,fixed_density,4.0,1,1,analytic_volume,1.3862943611198906,"{""source_dim"": 1}"
linear_gain,gain=2.0,4.0,20463497,4,scaled_with_l,0.2,4096,fixed_density,4.0,1,1,null,-0.00015606919220771196,{}
linear_gain,gain=2.0,4.0,20463497,4,scaled_with_l,0.2,4096,fixed_density,4.0,1,1,identity,1.7737655674627133,"{""projection"": [[1.0]]}"
linear_gain,gain=2.0,4.0,20463497,4,scaled_with_l,0.2,4096,fixed_density,4.0,1,1,gain_matched,2.425627575357508,"{""gain_matrix"": [[2.0000000000000013]]}"
linear_gain,gain=2.0,4.0,20463497,4,scaled_with_l,0.2,4096,fixed_density,4.0,1,1,variance_matched,2.4283546088499275,"{""direction"": [1.0]}"
linear_gain,gain=2.0,4.0,20463497,4,scaled_with_l,0.2,4096,fixed_density,4.0,1,1,shuffled_target,0.00012681605587919447,{}
linear_gain,gain=2.0,4.0,20463497,4,scaled_with_l,0.2,4096,fixed_density,4.0,1,1,analytic_volume,1.3862943611198906,"{""source_dim"": 1}"
linear_gain,gain=2.0,4.0,20463514,5,scaled_with_l,0.2,4096,fixed_density,4.0,1,1,null,6.162378308052622e-05,{}
linear_gain,gain=2.0,4.0,20463514,5,scaled_with_l,0.2,4096,fixed_density,4.0,1,1,identity,1.762546136393195,"{""projection"": [[1.0]]}"
linear_gain,gain=2.0,4.0,20463514,5,scaled_with_l,0.2,4096,fixed_density,4.0,1,1,gain_matched,2.475628893279984,"{""gain_matrix"": [[2.0000000000000004]]}"
linear_gain,gain=2.0,4.0,20463514,5,scaled_with_l,0.2,4096,fixed_density,4.0,1,1,variance_matched,2.450775373786499,"{""direction"": [1.0]}"
linear_gain,gain=2.0,4.0,20463514,5,scaled_with_l,0.2,4096,fixed_density,4.0,1,1,shuffled_target,0.000582205499410919,{}
linear_gain,gain=2.0,4.0,20463514,5,scaled_with_l,0.2,4096,fixed_density,4.0,1,1,analytic_volume,1.3862943611198906,"{""source_dim"": 1}"
linear_gain,gain=2.0,4.0,20463531,6,scaled_with_l,0.2,4096,fixed_density,4.0,1,1,null,0.0005656792541798018,{}
linear_gain,gain=2.0,4.0,20463531,6,scaled_with_l,0.2,4096,fixed_density,4.0,1,1,identity,1.759869055986507,"{""projection"": [[1.0]]}"
linear_gain,gain=2.0,4.0,20463531,6,scaled_with_l,0.2,4096,fixed_density,4.0,1,1,gain_matched,2.4541798263947934,"{""gain_matrix"": [[1.9999999999999984]]}"
linear_gain,gain=2.0,4.0,20463531,6,scaled_with_l,0.2,4096,fixed_density,4.0,1,1,variance_matched,2.4423183118033136,"{""direction"": [1.0]}"
linear_gain,gain=2.0,4.0,20463531,6,scaled_with_l,0.2,4096,fixed_density,4.0,1,1,shuffled_target,6.1452093151198e-05,{}
linear_gain,gain=2.0,4.0,20463531,6,scaled_with_l,0.2,4096,fixed_density,4.0,1,1,analytic_volume,1.3862943611198906,"{""source_dim"": 1}"
linear_gain,gain=2.0,4.0,20463548,7,scaled_with_l,0.2,4096,fixed_density,4.0,1,1,null,0.00013709757294443737,{}
linear_gain,gain=2.0,4.0,20463548,7,scaled_with_l,0.2,4096,fixed_density,4.0,1,1,identity,1.7500249256855613,"{""projection"": [[1.0]]}"
linear_gain,gain=2.0,4.0,20463548,7,scaled_with_l,0.2,4096,fixed_density,4.0,1,1,gain_matched,2.4442481818362243,"{""gain_matrix"": [[1.999999999999994]]}"
linear_gain,gain=2.0,4.0,20463548,7,scaled_with_l,0.2,4096,fixed_density,4.0,1,1,variance_matched,2.4523829504636985,"{""direction"": [1.0]}"
linear_gain,gain=2.0,4.0,20463548,7,scaled_with_l,0.2,4096,fixed_density,4.0,1,1,shuffled_target,-0.00022397452829992984,{}
linear_gain,gain=2.0,4.0,20463548,7,scaled_with_l,0.2,4096,fixed_density,4.0,1,1,analytic_volume,1.3862943611198906,"{""source_dim"": 1}"
linear_gain,gain=2.0,4.0,20463565,8,scaled_with_l,0.2,4096,fixed_density,4.0,1,1,null,-0.00018993781370159134,{}
linear_gain,gain=2.0,4.0,20463565,8,scaled_with_l,0.2,4096,fixed_density,4.0,1,1,identity,1.7608883024259023,"{""projection"": [[1.0]]}"
linear_gain,gain=2.0,4.0,20463565,8,scaled_with_l,0.2,4096,fixed_density,4.0,1,1,gain_matched,2.4564785919421857,"{""gain_matrix"": [[2.000000000000007]]}"
linear_gain,gain=2.0,4.0,20463565,8,scaled_with_l,0.2,4096,fixed_density,4.0,1,1,variance_matched,2.442298831025361,"{""direction"": [1.0]}"
linear_gain,gain=2.0,4.0,20463565,8,scaled_with_l,0.2,4096,fixed_density,4.0,1,1,shuffled_target,0.00011908911111770966,{}
linear_gain,gain=2.0,4.0,20463565,8,scaled_with_l,0.2,4096,fixed_density,4.0,1,1,analytic_volume,1.3862943611198906,"{""source_dim"": 1}"
linear_gain,gain=2.0,4.0,20463582,9,scaled_with_l,0.2,4096,fixed_density,4.0,1,1,null,0.00016364494332349208,{}
linear_gain,gain=2.0,4.0,20463582,9,scaled_with_l,0.2,4096,fixed_density,4.0,1,1,identity,1.7802614111170483,"{""projection"": [[1.0]]}"
linear_gain,gain=2.0,4.0,20463582,9,scaled_with_l,0.2,4096,fixed_density,4.0,1,1,gain_matched,2.465230987252797,"{""gain_matrix"": [[1.9999999999999996]]}"
linear_gain,gain=2.0,4.0,20463582,9,scaled_with_l,0.2,4096,fixed_density,4.0,1,1,variance_matched,2.460042896838952,"{""direction"": [1.0]}"
linear_gain,gain=2.0,4.0,20463582,9,scaled_with_l,0.2,4096,fixed_density,4.0,1,1,shuffled_target,-0.00027801869688204837,{}
linear_gain,gain=2.0,4.0,20463582,9,scaled_with_l,0.2,4096,fixed_density,4.0,1,1,analytic_volume,1.3862943611198906,"{""source_dim"": 1}"
linear_gain,gain=2.0,8.0,20464429,0,scaled_with_l,0.4,8192,fixed_density,4.0,1,1,null,-3.874589004754555e-05,{}
linear_gain,gain=2.0,8.0,20464429,0,scaled_with_l,0.4,8192,fixed_density,4.0,1,1,identity,1.783031377034785,"{""projection"": [[1.0]]}"
linear_gain,gain=2.0,8.0,20464429,0,scaled_with_l,0.4,8192,fixed_density,4.0,1,1,gain_matched,2.4658606523288107,"{""gain_matrix"": [[2.0000000000000013]]}"
linear_gain,gain=2.0,8.0,20464429,0,scaled_with_l,0.4,8192,fixed_density,4.0,1,1,variance_matched,2.4554567710367845,"{""direction"": [1.0]}"
linear_gain,gain=2.0,8.0,20464429,0,scaled_with_l,0.4,8192,fixed_density,4.0,1,1,shuffled_target,-8.399305903887034e-05,{}
linear_gain,gain=2.0,8.0,20464429,0,scaled_with_l,0.4,8192,fixed_density,4.0,1,1,analytic_volume,2.0794415416798357,"{""source_dim"": 1}"
linear_gain,gain=2.0,8.0,20464446,1,scaled_with_l,0.4,8192,fixed_density,4.0,1,1,null,8.282364292461286e-05,{}
linear_gain,gain=2.0,8.0,20464446,1,scaled_with_l,0.4,8192,fixed_density,4.0,1,1,identity,1.7585851825331897,"{""projection"": [[1.0]]}"
linear_gain,gain=2.0,8.0,20464446,1,scaled_with_l,0.4,8192,fixed_density,4.0,1,1,gain_matched,2.4629970975007627,"{""gain_matrix"": [[2.0000000000000098]]}"
linear_gain,gain=2.0,8.0,20464446,1,scaled_with_l,0.4,8192,fixed_density,4.0,1,1,variance_matched,2.457405869878997,"{""direction"": [1.0]}"
linear_gain,gain=2.0,8.0,20464446,1,scaled_with_l,0.4,8192,fixed_density,4.0,1,1,shuffled_target,-8.740227809356422e-06,{}
linear_gain,gain=2.0,8.0,20464446,1,scaled_with_l,0.4,8192,fixed_density,4.0,1,1,analytic_volume,2.0794415416798357,"{""source_dim"": 1}"
linear_gain,gain=2.0,8.0,20464463,2,scaled_with_l,0.4,8192,fixed_density,4.0,1,1,null,0.00013697091508019053,{}
linear_gain,gain=2.0,8.0,20464463,2,scaled_with_l,0.4,8192,fixed_density,4.0,1,1,identity,1.7643759192875645,"{""projection"": [[1.0]]}"
linear_gain,gain=2.0,8.0,20464463,2,scaled_with_l,0.4,8192,fixed_density,4.0,1,1,gain_matched,2.4458241354802874,"{""gain_matrix"": [[2.0000000000000018]]}"
linear_gain,gain=2.0,8.0,20464463,2,scaled_with_l,0.4,8192,fixed_density,4.0,1,1,variance_matched,2.4396076439966103,"{""direction"": [1.0]}"
linear_gain,gain=2.0,8.0,20464463,2,scaled_with_l,0.4,8192,fixed_density,4.0,1,1,shuffled_target,0.00011418559989725605,{}
linear_gain,gain=2.0,8.0,20464463,2,scaled_with_l,0.4,8192,fixed_density,4.0,1,1,analytic_volume,2.0794415416798357,"{""source_dim"": 1}"
linear_gain,gain=2.0,8.0,20464480,3,scaled_with_l,0.4,8192,fixed_density,4.0,1,1,null,4.494145879335482e-05,{}
linear_gain,gain=2.0,8.0,20464480,3,scaled_with_l,0.4,8192,fixed_density,4.0,1,1,identity,1.7688929251961,"{""projection"": [[1.0]]}"
linear_gain,gain=2.0,8.0,20464480,3,scaled_with_l,0.4,8192,fixed_density,4.0,1,1,gain_matched,2.4398843940843875,"{""gain_matrix"": [[1.9999999999999938]]}"
linear_gain,gain=2.0,8.0,20464480,3,scaled_with_l,0.4,8192,fixed_density,4.0,1,1,variance_matched,2.439480272121558,"{""direction"": [1.0]}"
linear_gain,gain=2.0,8.0,20464480,3,scaled_with_l,0.4,8192,fixed_density,4.0,1,1,shuffled_target,-0.000141409769239247,{}
linear_gain,gain=2.0,8.0,20464480,3,scaled_with_l,0.4,8192,fixed_density,4.0,1,1,analytic_volume,2.0794415416798357,"{""source_dim"": 1}"
linear_gain,gain=2.0,8.0,20464497,4,scaled_with_l,0.4,8192,fixed_density,4.0,1,1,null,0.00025768404640736666,{}
linear_gain,gain=2.0,8.0,20464497,4,scaled_with_l,0.4,8192,fixed_density,4.0,1,1,identity,1.7715522566964688,"{""projection"": [[1.0]]}"
linear_gain,gain=2.0,8.0,20464497,4,scaled_with_l,0.4,8192,fixed_density,4.0,1,1,gain_matched,2.446667575365476,"{""gain_matrix"": [[2.000000000000007]]}"
linear_gain,gain=2.0,8.0,20464497,4,scaled_with_l,0.4,8192,fixed_density,4.0,1,1,variance_matched,2.43229170784286,"{""direction"": [1.0]}"
linear_gain,gain=2.0,8.0,20464497,4,scaled_with_l,0.4,8192,fixed_density,4.0,1,1,shuffled_target,1.5054947580890566e-05,{}
linear_gain,gain=2.0,8.0,20464497,4,scaled_with_l,0.4,8192,fixed_density,4.0,1,1,analytic_volume,2.0794415416798357,"{""source_dim"": 1}"
linear_gain,gain=2.0,8.0,20464514,5,scaled_with_l,0.4,8192,fixed_density,4.0,1,1,null,1.3624154939721633e-05,{}
linear_gain,gain=2.0,8.0,20464514,5,scaled_with_l,0.4,8192,fixed_density,4.0,1,1,identity,1.766794688521669,"{""projection"": [[1.0]]}"
linear_gain,gain=2.0,8.0,20464514,5,scaled_with_l,0.4,8192,fixed_density,4.0,1,1,gain_matched,2.4468462949037075,"{""gain_matrix"": [[2.000000000000004]]}"
linear_gain,gain=2.0,8.0,20464514,5,scaled_with_l,0.4,8192,fixed_density,4.0,1,1,variance_matched,2.4508401969057876,"{""direction"": [1.0]}"
linear_gain,gain=2.0,8.0,20464514,5,scaled_with_l,0.4,8192,fixed_density,4.0,1,1,shuffled_target,-0.0001274688093904995,{}
linear_gain,gain=2.0,8.0,20464514,5,scaled_with_l,0.4,8192,fixed_density,4.0,1,1,analytic_volume,2.0794415416798357,"{""source_dim"": 1}"
linear_gain,gain=2.0,8.0,20464531,6,scaled_with_l,0.4,8192,fixed_density,4.0,1,1,null,-0.00014950219749962397,{}
linear_gain,gain=2.0,8.0,20464531,6,scaled_with_l,0.4,8192,fixed_density,4.0,1,1,identity,1.7791476410754938,"{""projection"": [[1.0]]}"
linear_gain,gain=2.0,8.0,20464531,6,scaled_with_l,0.4,8192,fixed_density,4.0,1,1,gain_matched,2.45976755216741,"{""gain_matrix"": [[1.999999999999997]]}"
linear_gain,gain=2.0,8.0,20464531,6,scaled_with_l,0.4,8192,fixed_density,4.0,1,1,variance_matched,2.4678750698712717,"{""direction"": [1.0]}"
linear_gain,gain=2.0,8.0,20464531,6,scaled_with_l,0.4,8192,fixed_density,4.0,1,1,shuffled_target,0.00014002460366674456,{}
linear_gain,gain=2.0,8.0,20464531,6,scaled_with_l,0.4,8192,fixed_density,4.0,1,1,analytic_volume,2.0794415416798357,"{""source_dim"": 1}"
linear_gain,gain=2.0,8.0,20464548,7,scaled_with_l,0.4,8192,fixed_density,4.0,1,1,null,-4.563415794474114e-05,{}
linear_gain,gain=2.0,8.0,20464548,7,scaled_with_l,0.4,8192,fixed_density,4.0,1,1,identity,1.776865676216335,"{""projection"": [[1.0]]}"
linear_gain,gain=2.0,8.0,20464548,7,scaled_with_l,0.4,8192,fixed_density,4.0,1,1,gain_matched,2.454865169283874,"{""gain_matrix"": [[2.0000000000000084]]}"
linear_gain,gain=2.0,8.0,20464548,7,scaled_with_l,0.4,8192,fixed_density,4.0,1,1,variance_matched,2.440457336865952,"{""direction"": [1.0]}"
linear_gain,gain=2.0,8.0,20464548,7,scaled_with_l,0.4,8192,fixed_density,4.0,1,1,shuffled_target,2.208539526714153e-05,{}
linear_gain,gain=2.0,8.0,20464548,7,scaled_with_l,0.4,8192,fixed_density,4.0,1,1,analytic_volume,2.0794415416798357,"{""source_dim"": 1}"
linear_gain,gain=2.0,8.0,20464565,8,scaled_with_l,0.4,8192,fixed_density,4.0,1,1,null,0.000490323954444449,{}
linear_gain,gain=2.0,8.0,20464565,8,scaled_with_l,0.4,8192,fixed_density,4.0,1,1,identity,1.778687845521676,"{""projection"": [[1.0]]}"
linear_gain,gain=2.0,8.0,20464565,8,scaled_with_l,0.4,8192,fixed_density,4.0,1,1,gain_matched,2.4694345368022246,"{""gain_matrix"": [[2.0000000000000075]]}"
linear_gain,gain=2.0,8.0,20464565,8,scaled_with_l,0.4,8192,fixed_density,4.0,1,1,variance_matched,2.4519626105564187,"{""direction"": [1.0]}"
linear_gain,gain=2.0,8.0,20464565,8,scaled_with_l,0.4,8192,fixed_density,4.0,1,1,shuffled_target,-7.881689559412599e-05,{}
linear_gain,gain=2.0,8.0,20464565,8,scaled_with_l,0.4,8192,fixed_density,4.0,1,1,analytic_volume,2.0794415416798357,"{""source_dim"": 1}"
linear_gain,gain=2.0,8.0,20464582,9,scaled_with_l,0.4,8192,fixed_density,4.0,1,1,null,1.3713987892785909e-05,{}
linear_gain,gain=2.0,8.0,20464582,9,scaled_with_l,0.4,8192,fixed_density,4.0,1,1,identity,1.762627166470855,"{""projection"": [[1.0]]}"
linear_gain,gain=2.0,8.0,20464582,9,scaled_with_l,0.4,8192,fixed_density,4.0,1,1,gain_matched,2.460851200104785,"{""gain_matrix"": [[2.0000000000000107]]}"
linear_gain,gain=2.0,8.0,20464582,9,scaled_with_l,0.4,8192,fixed_density,4.0,1,1,variance_matched,2.4425665760158726,"{""direction"": [1.0]}"
linear_gain,gain=2.0,8.0,20464582,9,scaled_with_l,0.4,8192,fixed_density,4.0,1,1,shuffled_target,7.248354465613018e-05,{}
linear_gain,gain=2.0,8.0,20464582,9,scaled_with_l,0.4,8192,fixed_density,4.0,1,1,analytic_volume,2.0794415416798357,"{""source_dim"": 1}"
linear_gain,gain=2.0,12.0,20465429,0,scaled_with_l,0.6000000000000001,12288,fixed_density,4.0,1,1,null,-0.00010787311647299178,{}
linear_gain,gain=2.0,12.0,20465429,0,scaled_with_l,0.6000000000000001,12288,fixed_density,4.0,1,1,identity,1.7664484682645734,"{""projection"": [[1.0]]}"
linear_gain,gain=2.0,12.0,20465429,0,scaled_with_l,0.6000000000000001,12288,fixed_density,4.0,1,1,gain_matched,2.434874149059634,"{""gain_matrix"": [[2.0000000000000013]]}"
linear_gain,gain=2.0,12.0,20465429,0,scaled_with_l,0.6000000000000001,12288,fixed_density,4.0,1,1,variance_matched,2.454833298915927,"{""direction"": [1.0]}"
linear_gain,gain=2.0,12.0,20465429,0,scaled_with_l,0.6000000000000001,12288,fixed_density,4.0,1,1,shuffled_target,-4.6349054406949215e-05,{}
linear_gain,gain=2.0,12.0,20465429,0,scaled_with_l,0.6000000000000001,12288,fixed_density,4.0,1,1,analytic_volume,2.4849066497880004,"{""source_dim"": 1}"
linear_gain,gain=2.0,12.0,20465446,1,scaled_with_l,0.6000000000000001,12288,fixed_density,4.0,1,1,null,-1.5615848614621057e-05,{}
linear_gain,gain=2.0,12.0,20465446,1,scaled_with_l,0.6000000000000001,12288,fixed_density,4.0,1,1,identity,1.7758757824805622,"{""projection"": [[1.0]]}"
linear_gain,gain=2.0,12.0,20465446,1,scaled_with_l,0.6000000000000001,12288,fixed_density,4.0,1,1,gain_matched,2.443902703203434,"{""gain_matrix"": [[1.999999999999997]]}"
linear_gain,gain=2.0,12.0,20465446,1,scaled_with_l,0.6000000000000001,12288,fixed_density,4.0,1,1,variance_matched,2.455997359429532,"{""direction"": [1.0]}"
linear_gain,gain=2.0,12.0,20465446,1,scaled_with_l,0.6000000000000001,12288,fixed_density,4.0,1,1,shuffled_target,-9.810005876428639e-05,{}
linear_gain,gain=2.0,12.0,20465446,1,scaled_with_l,0.6000000000000001,12288,fixed_density,4.0,1,1,analytic_volume,2.4849066497880004,"{""source_dim"": 1}"
linear_gain,gain=2.0,12.0,20465463,2,scaled_with_l,0.6000000000000001,12288,fixed_density,4.0,1,1,null,1.8423472654936508e-05,{}
linear_gain,gain=2.0,12.0,20465463,2,scaled_with_l,0.6000000000000001,12288,fixed_density,4.0,1,1,identity,1.7731826744869668,"{""projection"": [[1.0]]}"
linear_gain,gain=2.0,12.0,20465463,2,scaled_with_l,0.6000000000000001,12288,fixed_density,4.0,1,1,gain_matched,2.453038250214182,"{""gain_matrix"": [[1.9999999999999982]]}"
linear_gain,gain=2.0,12.0,20465463,2,scaled_with_l,0.6000000000000001,12288,fixed_density,4.0,1,1,variance_matched,2.454319246428734,"{""direction"": [1.0]}"
linear_gain,gain=2.0,12.0,20465463,2,scaled_with_l,0.6000000000000001,12288,fixed_density,4.0,1,1,shuffled_target,-0.0001119117641313524,{}
linear_gain,gain=2.0,12.0,20465463,2,scaled_with_l,0.6000000000000001,12288,fixed_density,4.0,1,1,analytic_volume,2.4849066497880004,"{""source_dim"": 1}"
linear_gain,gain=2.0,12.0,20465480,3,scaled_with_l,0.6000000000000001,12288,fixed_density,4.0,1,1,null,-2.953583722098509e-05,{}
linear_gain,gain=2.0,12.0,20465480,3,scaled_with_l,0.6000000000000001,12288,fixed_density,4.0,1,1,identity,1.7738115177099312,"{""projection"": [[1.0]]}"
linear_gain,gain=2.0,12.0,20465480,3,scaled_with_l,0.6000000000000001,12288,fixed_density,4.0,1,1,gain_matched,2.4490519043362293,"{""gain_matrix"": [[1.9999999999999893]]}"
linear_gain,gain=2.0,12.0,20465480,3,scaled_with_l,0.6000000000000001,12288,fixed_density,4.0,1,1,variance_matched,2.444249159593766,"{""direction"": [1.0]}"
linear_gain,gain=2.0,12.0,20465480,3,scaled_with_l,0.6000000000000001,12288,fixed_density,4.0,1,1,shuffled_target,-6.923240815217631e-05,{}
linear_gain,gain=2.0,12.0,20465480,3,scaled_with_l,0.6000000000000001,12288,fixed_density,4.0,1,1,analytic_volume,2.4849066497880004,"{""source_dim"": 1}"
linear_gain,gain=2.0,12.0,20465497,4,scaled_with_l,0.6000000000000001,12288,fixed_density,4.0,1,1,null,0.00016745840644083668,{}
linear_gain,gain=2.0,12.0,20465497,4,scaled_with_l,0.6000000000000001,12288,fixed_density,4.0,1,1,identity,1.7545266880042218,"{""projection"": [[1.0]]}"
linear_gain,gain=2.0,12.0,20465497,4,scaled_with_l,0.6000000000000001,12288,fixed_density,4.0,1,1,gain_matched,2.4447500458062286,"{""gain_matrix"": [[2.0000000000000036]]}"
linear_gain,gain=2.0,12.0,20465497,4,scaled_with_l,0.6000000000000001,12288,fixed_density,4.0,1,1,variance_matched,2.444722260524692,"{""direction"": [1.0]}"
linear_gain,gain=2.0,12.0,20465497,4,scaled_with_l,0.6000000000000001,12288,fixed_density,4.0,1,1,shuffled_target,6.16322521720462e-05,{}
linear_gain,gain=2.0,12.0,20465497,4,scaled_with_l,0.6000000000000001,12288,fixed_density,4.0,1,1,analytic_volume,2.4849066497880004,"{""source_dim"": 1}"
linear_gain,gain=2.0,12.0,20465514,5,scaled_with_l,0.6000000000000001,12288,fixed_density,4.0,1,1,null,-7.510929990766855e-05,{}
linear_gain,gain=2.0,12.0,20465514,5,scaled_with_l,0.6000000000000001,12288,fixed_density,4.0,1,1,identity,1.7636712575786524,"{""projection"": [[1.0]]}"
linear_gain,gain=2.0,12.0,20465514,5,scaled_with_l,0.6000000000000001,12288,fixed_density,4.0,1,1,gain_matched,2.4642293285740746,"{""gain_matrix"": [[1.9999999999999984]]}"
linear_gain,gain=2.0,12.0,20465514,5,scaled_with_l,0.6000000000000001,12288,fixed_density,4.0,1,1,variance_matched,2.45353318964651,"{""direction"": [1.0]}"
linear_gain,gain=2.0,12.0,20465514,5,scaled_with_l,0.6000000000000001,12288,fixed_density,4.0,1,1,shuffled_target,-9.830940571237846e-05,{}
linear_gain,gain=2.0,12.0,20465514,5,scaled_with_l,0.6000000000000001,12288,fixed_density,4.0,1,1,analytic_volume,2.4849066497880004,"{""source_dim"": 1}"
linear_gain,gain=2.0,12.0,20465531,6,scaled_with_l,0.6000000000000001,12288,fixed_density,4.0,1,1,null,-5.7483258728004046e-05,{}
linear_gain,gain=2.0,12.0,20465531,6,scaled_with_l,0.6000000000000001,12288,fixed_density,4.0,1,1,identity,1.7674233552194174,"{""projection"": [[1.0]]}"
linear_gain,gain=2.0,12.0,20465531,6,scaled_with_l,0.6000000000000001,12288,fixed_density,4.0,1,1,gain_matched,2.4446024748479442,"{""gain_matrix"": [[2.0000000000000004]]}"
linear_gain,gain=2.0,12.0,20465531,6,scaled_with_l,0.6000000000000001,12288,fixed_density,4.0,1,1,variance_matched,2.438565624038404,"{""direction"": [1.0]}"
linear_gain,gain=2.0,12.0,20465531,6,scaled_with_l,0.6000000000000001,12288,fixed_density,4.0,1,1,shuffled_target,0.00020590490662538701,{}
linear_gain,gain=2.0,12.0,20465531,6,scaled_with_l,0.6000000000000001,12288,fixed_density,4.0,1,1,analytic_volume,2.4849066497880004,"{""source_dim"": 1}"
linear_gain,gain=2.0,12.0,20465548,7,scaled_with_l,0.6000000000000001,12288,fixed_density,4.0,1,1,null,4.0459080250567645e-05,{}
linear_gain,gain=2.0,12.0,20465548,7,scaled_with_l,0.6000000000000001,12288,fixed_density,4.0,1,1,identity,1.775585487711225,"{""projection"": [[1.0]]}"
linear_gain,gain=2.0,12.0,20465548,7,scaled_with_l,0.6000000000000001,12288,fixed_density,4.0,1,1,gain_matched,2.45534543854664,"{""gain_matrix"": [[1.9999999999999987]]}"
linear_gain,gain=2.0,12.0,20465548,7,scaled_with_l,0.6000000000000001,12288,fixed_density,4.0,1,1,variance_matched,2.4453339531785394,"{""direction"": [1.0]}"
linear_gain,gain=2.0,12.0,20465548,7,scaled_with_l,0.6000000000000001,12288,fixed_density,4.0,1,1,shuffled_target,1.1244841857634013e-05,{}
linear_gain,gain=2.0,12.0,20465548,7,scaled_with_l,0.6000000000000001,12288,fixed_density,4.0,1,1,analytic_volume,2.4849066497880004,"{""source_dim"": 1}"
linear_gain,gain=2.0,12.0,20465565,8,scaled_with_l,0.6000000000000001,12288,fixed_density,4.0,1,1,null,0.00013140759601657436,{}
linear_gain,gain=2.0,12.0,20465565,8,scaled_with_l,0.6000000000000001,12288,fixed_density,4.0,1,1,identity,1.7693880766883303,"{""projection"": [[1.0]]}"
linear_gain,gain=2.0,12.0,20465565,8,scaled_with_l,0.6000000000000001,12288,fixed_density,4.0,1,1,gain_matched,2.4591392027194034,"{""gain_matrix"": [[2.0000000000000053]]}"
linear_gain,gain=2.0,12.0,20465565,8,scaled_with_l,0.6000000000000001,12288,fixed_density,4.0,1,1,variance_matched,2.451125649295305,"{""direction"": [1.0]}"
linear_gain,gain=2.0,12.0,20465565,8,scaled_with_l,0.6000000000000001,12288,fixed_density,4.0,1,1,shuffled_target,-1.8864464899496017e-05,{}
linear_gain,gain=2.0,12.0,20465565,8,scaled_with_l,0.6000000000000001,12288,fixed_density,4.0,1,1,analytic_volume,2.4849066497880004,"{""source_dim"": 1}"
linear_gain,gain=2.0,12.0,20465582,9,scaled_with_l,0.6000000000000001,12288,fixed_density,4.0,1,1,null,0.00021587741435141015,{}
linear_gain,gain=2.0,12.0,20465582,9,scaled_with_l,0.6000000000000001,12288,fixed_density,4.0,1,1,identity,1.766042297979478,"{""projection"": [[1.0]]}"
linear_gain,gain=2.0,12.0,20465582,9,scaled_with_l,0.6000000000000001,12288,fixed_density,4.0,1,1,gain_matched,2.4560468697432842,"{""gain_matrix"": [[2.000000000000001]]}"
linear_gain,gain=2.0,12.0,20465582,9,scaled_with_l,0.6000000000000001,12288,fixed_density,4.0,1,1,variance_matched,2.443802231581207,"{""direction"": [1.0]}"
linear_gain,gain=2.0,12.0,20465582,9,scaled_with_l,0.6000000000000001,12288,fixed_density,4.0,1,1,shuffled_target,-6.442115989463918e-05,{}
linear_gain,gain=2.0,12.0,20465582,9,scaled_with_l,0.6000000000000001,12288,fixed_density,4.0,1,1,analytic_volume,2.4849066497880004,"{""source_dim"": 1}"
linear_gain,gain=2.0,16.0,20466429,0,scaled_with_l,0.8,16384,fixed_density,4.0,1,1,null,2.5019026059588852e-05,{}
linear_gain,gain=2.0,16.0,20466429,0,scaled_with_l,0.8,16384,fixed_density,4.0,1,1,identity,1.7725112545185484,"{""projection"": [[1.0]]}"
linear_gain,gain=2.0,16.0,20466429,0,scaled_with_l,0.8,16384,fixed_density,4.0,1,1,gain_matched,2.45307735310878,"{""gain_matrix"": [[2.000000000000001]]}"
linear_gain,gain=2.0,16.0,20466429,0,scaled_with_l,0.8,16384,fixed_density,4.0,1,1,variance_matched,2.457950856679253,"{""direction"": [1.0]}"
linear_gain,gain=2.0,16.0,20466429,0,scaled_with_l,0.8,16384,fixed_density,4.0,1,1,shuffled_target,5.2035671133628597e-05,{}
linear_gain,gain=2.0,16.0,20466429,0,scaled_with_l,0.8,16384,fixed_density,4.0,1,1,analytic_volume,2.772588722239781,"{""source_dim"": 1}"
linear_gain,gain=2.0,16.0,20466446,1,scaled_with_l,0.8,16384,fixed_density,4.0,1,1,null,5.063829701758728e-05,{}
linear_gain,gain=2.0,16.0,20466446,1,scaled_with_l,0.8,16384,fixed_density,4.0,1,1,identity,1.784539351991941,"{""projection"": [[1.0]]}"
linear_gain,gain=2.0,16.0,20466446,1,scaled_with_l,0.8,16384,fixed_density,4.0,1,1,gain_matched,2.455390382576419,"{""gain_matrix"": [[1.9999999999999987]]}"
linear_gain,gain=2.0,16.0,20466446,1,scaled_with_l,0.8,16384,fixed_density,4.0,1,1,variance_matched,2.454519706546205,"{""direction"": [1.0]}"
linear_gain,gain=2.0,16.0,20466446,1,scaled_with_l,0.8,16384,fixed_density,4.0,1,1,shuffled_target,-7.418859181544893e-05,{}
linear_gain,gain=2.0,16.0,20466446,1,scaled_with_l,0.8,16384,fixed_density,4.0,1,1,analytic_volume,2.772588722239781,"{""source_dim"": 1}"
linear_gain,gain=2.0,16.0,20466463,2,scaled_with_l,0.8,16384,fixed_density,4.0,1,1,null,-8.605233693577661e-05,{}
linear_gain,gain=2.0,16.0,20466463,2,scaled_with_l,0.8,16384,fixed_density,4.0,1,1,identity,1.765443221260982,"{""projection"": [[1.0]]}"
linear_gain,gain=2.0,16.0,20466463,2,scaled_with_l,0.8,16384,fixed_density,4.0,1,1,gain_matched,2.441230974564594,"{""gain_matrix"": [[1.9999999999999962]]}"
linear_gain,gain=2.0,16.0,20466463,2,scaled_with_l,0.8,16384,fixed_density,4.0,1,1,variance_matched,2.4464263943361937,"{""direction"": [1.0]}"
linear_gain,gain=2.0,16.0,20466463,2,scaled_with_l,0.8,16384,fixed_density,4.0,1,1,shuffled_target,8.428677423065597e-05,{}
linear_gain,gain=2.0,16.0,20466463,2,scaled_with_l,0.8,16384,fixed_density,4.0,1,1,analytic_volume,2.772588722239781,"{""source_dim"": 1}"
linear_gain,gain=2.0,16.0,20466480,3,scaled_with_l,0.8,16384,fixed_density,4.0,1,1,null,-8.838287701488995e-05,{}
linear_gain,gain=2.0,16.0,20466480,3,scaled_with_l,0.8,16384,fixed_density,4.0,1,1,identity,1.7696770161134812,"{""projection"": [[1.0]]}"
linear_gain,gain=2.0,16.0,20466480,3,scaled_with_l,0.8,16384,fixed_density,4.0,1,1,gain_matched,2.4447811333190654,"{""gain_matrix"": [[2.000000000000006]]}"
linear_gain,gain=2.0,16.0,20466480,3,scaled_with_l,0.8,16384,fixed_density,4.0,1,1,variance_matched,2.4496490184458604,"{""direction"": [1.0]}"
linear_gain,gain=2.0,16.0,20466480,3,scaled_with_l,0.8,16384,fixed_density,4.0,1,1,shuffled_target,-7.430129633579963e-05,{}
linear_gain,gain=2.0,16.0,20466480,3,scaled_with_l,0.8,16384,fixed_density,4.0,1,1,analytic_volume,2.772588722239781,"{""source_dim"": 1}"
linear_gain,gain=2.0,16.0,20466497,4,scaled_with_l,0.8,16384,fixed_density,4.0,1,1,null,1.5537724352910603e-05,{}
linear_gain,gain=2.0,16.0,20466497,4,scaled_with_l,0.8,16384,fixed_density,4.0,1,1,identity,1.7745663611400362,"{""projection"": [[1.0]]}"
linear_gain,gain=2.0,16.0,20466497,4,scaled_with_l,0.8,16384,fixed_density,4.0,1,1,gain_matched,2.443958897843215,"{""gain_matrix"": [[1.9999999999999978]]}"
linear_gain,gain=2.0,16.0,20466497,4,scaled_with_l,0.8,16384,fixed_density,4.0,1,1,variance_matched,2.4494519800622925,"{""direction"": [1.0]}"
linear_gain,gain=2.0,16.0,20466497,4,scaled_with_l,0.8,16384,fixed_density,4.0,1,1,shuffled_target,-2.512493952786066e-05,{}
linear_gain,gain=2.0,16.0,20466497,4,scaled_with_l,0.8,16384,fixed_density,4.0,1,1,analytic_volume,2.772588722239781,"{""source_dim"": 1}"
linear_gain,gain=2.0,16.0,20466514,5,scaled_with_l,0.8,16384,fixed_density,4.0,1,1,null,-5.035989077217218e-05,{}
linear_gain,gain=2.0,16.0,20466514,5,scaled_with_l,0.8,16384,fixed_density,4.0,1,1,identity,1.7758229315970218,"{""projection"": [[1.0]]}"
linear_gain,gain=2.0,16.0,20466514,5,scaled_with_l,0.8,16384,fixed_density,4.0,1,1,gain_matched,2.4576832487141442,"{""gain_matrix"": [[1.9999999999999836]]}"
linear_gain,gain=2.0,16.0,20466514,5,scaled_with_l,0.8,16384,fixed_density,4.0,1,1,variance_matched,2.4534141970998182,"{""direction"": [1.0]}"
linear_gain,gain=2.0,16.0,20466514,5,scaled_with_l,0.8,16384,fixed_density,4.0,1,1,shuffled_target,1.918082936495775e-05,{}
linear_gain,gain=2.0,16.0,20466514,5,scaled_with_l,0.8,16384,fixed_density,4.0,1,1,analytic_volume,2.772588722239781,"{""source_dim"": 1}"
linear_gain,gain=2.0,16.0,20466531,6,scaled_with_l,0.8,16384,fixed_density,4.0,1,1,null,-2.619374954587972e-05,{}
linear_gain,gain=2.0,16.0,20466531,6,scaled_with_l,0.8,16384,fixed_density,4.0,1,1,identity,1.7668935124518073,"{""projection"": [[1.0]]}"
linear_gain,gain=2.0,16.0,20466531,6,scaled_with_l,0.8,16384,fixed_density,4.0,1,1,gain_matched,2.4448340190310267,"{""gain_matrix"": [[2.000000000000008]]}"
linear_gain,gain=2.0,16.0,20466531,6,scaled_with_l,0.8,16384,fixed_density,4.0,1,1,variance_matched,2.4441806917732176,"{""direction"": [1.0]}"
linear_gain,gain=2.0,16.0,20466531,6,scaled_with_l,0.8,16384,fixed_density,4.0,1,1,shuffled_target,-4.164147247072924e-05,{}
linear_gain,gain=2.0,16.0,20466531,6,scaled_with_l,0.8,16384,fixed_density,4.0,1,1,analytic_volume,2.772588722239781,"{""source_dim"": 1}"
linear_gain,gain=2.0,16.0,20466548,7,scaled_with_l,0.8,16384,fixed_density,4.0,1,1,null,-2.5524222911401734e-05,{}
linear_gain,gain=2.0,16.0,20466548,7,scaled_with_l,0.8,16384,fixed_density,4.0,1,1,identity,1.7699681852329885,"{""projection"": [[1.0]]}"
linear_gain,gain=2.0,16.0,20466548,7,scaled_with_l,0.8,16384,fixed_density,4.0,1,1,gain_matched,2.4518429722958457,"{""gain_matrix"": [[2.0000000000000075]]}"
linear_gain,gain=2.0,16.0,20466548,7,scaled_with_l,0.8,16384,fixed_density,4.0,1,1,variance_matched,2.4595673284326462,"{""direction"": [1.0]}"
linear_gain,gain=2.0,16.0,20466548,7,scaled_with_l,0.8,16384,fixed_density,4.0,1,1,shuffled_target,1.0864889316748765e-05,{}
linear_gain,gain=2.0,16.0,20466548,7,scaled_with_l,0.8,16384,fixed_density,4.0,1,1,analytic_volume,2.772588722239781,"{""source_dim"": 1}"
linear_gain,gain=2.0,16.0,20466565,8,scaled_with_l,0.8,16384,fixed_density,4.0,1,1,null,-7.419007419194452e-05,{}
linear_gain,gain=2.0,16.0,20466565,8,scaled_with_l,0.8,16384,fixed_density,4.0,1,1,identity,1.7694761253208997,"{""projection"": [[1.0]]}"
linear_gain,gain=2.0,16.0,20466565,8,scaled_with_l,0.8,16384,fixed_density,4.0,1,1,gain_matched,2.4501632531266466,"{""gain_matrix"": [[2.000000000000006]]}"
linear_gain,gain=2.0,16.0,20466565,8,scaled_with_l,0.8,16384,fixed_density,4.0,1,1,variance_matched,2.4416900794496836,"{""direction"": [1.0]}"
linear_gain,gain=2.0,16.0,20466565,8,scaled_with_l,0.8,16384,fixed_density,4.0,1,1,shuffled_target,-1.6363941383680568e-06,{}
linear_gain,gain=2.0,16.0,20466565,8,scaled_with_l,0.8,16384,fixed_density,4.0,1,1,analytic_volume,2.772588722239781,"{""source_dim"": 1}"
linear_gain,gain=2.0,16.0,20466582,9,scaled_with_l,0.8,16384,fixed_density,4.0,1,1,null,5.378288654521523e-05,{}
linear_gain,gain=2.0,16.0,20466582,9,scaled_with_l,0.8,16384,fixed_density,4.0,1,1,identity,1.7659968189515474,"{""projection"": [[1.0]]}"
linear_gain,gain=2.0,16.0,20466582,9,scaled_with_l,0.8,16384,fixed_density,4.0,1,1,gain_matched,2.4492468204399396,"{""gain_matrix"": [[1.9999999999999956]]}"
linear_gain,gain=2.0,16.0,20466582,9,scaled_with_l,0.8,16384,fixed_density,4.0,1,1,variance_matched,2.455608051396546,"{""direction"": [1.0]}"
linear_gain,gain=2.0,16.0,20466582,9,scaled_with_l,0.8,16384,fixed_density,4.0,1,1,shuffled_target,-6.154778769584018e-05,{}
linear_gain,gain=2.0,16.0,20466582,9,scaled_with_l,0.8,16384,fixed_density,4.0,1,1,analytic_volume,2.772588722239781,"{""source_dim"": 1}"
product,product,0.5,20560429,0,fixed,0.05,512,fixed_density,4.0,2,1,null,-0.0037423604815445496,{}
product,product,0.5,20560429,0,fixed,0.05,512,fixed_density,4.0,2,1,identity,1.1465097559391848,"{""projection"": [[1.0], [0.0]]}"
product,product,0.5,20560429,0,fixed,0.05,512,fixed_density,4.0,2,1,gain_matched,0.007261442612904872,"{""gain_matrix"": [[0.004960065687786651], [0.01677771188008938]]}"
product,product,0.5,20560429,0,fixed,0.05,512,fixed_density,4.0,2,1,variance_matched,0.09985389166385447,"{""direction"": [0.7071067811865475, 0.7071067811865475]}"
product,product,0.5,20560429,0,fixed,0.05,512,fixed_density,4.0,2,1,shuffled_target,0.0017444427002591164,{}
product,product,0.5,20560429,0,fixed,0.05,512,fixed_density,4.0,2,1,analytic_volume,-1.3862943611198906,"{""source_dim"": 2}"
product,product,0.5,20560446,1,fixed,0.05,512,fixed_density,4.0,2,1,null,0.0029121703992955527,{}
product,product,0.5,20560446,1,fixed,0.05,512,fixed_density,4.0,2,1,identity,1.1626239545876083,"{""projection"": [[1.0], [0.0]]}"
product,product,0.5,20560446,1,fixed,0.05,512,fixed_density,4.0,2,1,gain_matched,0.00301230412168158,"{""gain_matrix"": [[-0.0017583682913639084], [0.010992703624077893]]}"
product,product,0.5,20560446,1,fixed,0.05,512,fixed_density,4.0,2,1,variance_matched,0.057879391222910956,"{""direction"": [0.7071067811865475, 0.7071067811865475]}"
product,product,0.5,20560446,1,fixed,0.05,512,fixed_density,4.0,2,1,shuffled_target,-0.00034848337110725226,{}
product,product,0.5,20560446,1,fixed,0.05,512,fixed_density,4.0,2,1,analytic_volume,-1.3862943611198906,"{""source_dim"": 2}"
product,product,0.5,20560463,2,fixed,0.05,512,fixed_density,4.0,2,1,null,-0.004454431227547309,{}
product,product,0.5,20560463,2,fixed,0.05,512,fixed_density,4.0,2,1,identity,1.1753867600942467,"{""projection"": [[1.0], [0.0]]}"
product,product,0.5,20560463,2,fixed,0.05,512,fixed_density,4.0,2,1,gain_matched,0.0017248154198598554,"{""gain_matrix"": [[0.017049094057507583], [-0.0017400880181204404]]}"
product,product,0.5,20560463,2,fixed,0.05,512,fixed_density,4.0,2,1,variance_matched,0.08704811935367196,"{""direction"": [0.7071067811865475, 0.7071067811865475]}"
product,product,0.5,20560463,2,fixed,0.05,512,fixed_density,4.0,2,1,shuffled_target,0.002885387821323597,{}
product,product,0.5,20560463,2,fixed,0.05,512,fixed_density,4.0,2,1,analytic_volume,-1.3862943611198906,"{""source_dim"": 2}"
product,product,0.5,20560480,3,fixed,0.05,512,fixed_density,4.0,2,1,null,-0.0026243714478326424,{}
product,product,0.5,20560480,3,fixed,0.05,512,fixed_density,4.0,2,1,identity,1.109328370378211,"{""projection"": [[1.0], [0.0]]}"
product,product,0.5,20560480,3,fixed,0.05,512,fixed_density,4.0,2,1,gain_matched,0.00555527099373203,"{""gain_matrix"": [[-0.011148382512853355], [0.0059134879109162585]]}"
product,product,0.5,20560480,3,fixed,0.05,512,fixed_density,4.0,2,1,variance_matched,0.0915645910962859,"{""direction"": [0.7071067811865475, 0.7071067811865475]}"
product,product,0.5,20560480,3,fixed,0.05,512,fixed_density,4.0,2,1,shuffled_target,0.0006683715328127692,{}
product,product,0.5,20560480,3,fixed,0.05,512,fixed_density,4.0,2,1,analytic_volume,-1.3862943611198906,"{""source_dim"": 2}"
product,product,0.5,20560497,4,fixed,0.05,512,fixed_density,4.0,2,1,null,-0.002860666720707915,{}
product,product,0.5,20560497,4,fixed,0.05,512,fixed_density,4.0,2,1,identity,1.0562183980067048,"{""projection"": [[1.0], [0.0]]}"
product,product,0.5,20560497,4,fixed,0.05,512,fixed_density,4.0,2,1,gain_matched,0.0015554857240732954,"{""gain_matrix"": [[-0.012213700387363], [0.006717934794801576]]}"
product,product,0.5,20560497,4,fixed,0.05,512,fixed_density,4.0,2,1,variance_matched,0.057265295632709615,"{""direction"": [0.7071067811865475, 0.7071067811865475]}"
product,product,0.5,20560497,4,fixed,0.05,512,fixed_density,4.0,2,1,shuffled_target,0.0010373456332458874,{}
product,product,0.5,20560497,4,fixed,0.05,512,fixed_density,4.0,2,1,analytic_volume,-1.3862943611198906,"{""source_dim"": 2}"
product,product,0.5,20560514,5,fixed,0.05,512,fixed_density,4.0,2,1,null,-0.0015087010848766806,{}
product,product,0.5,20560514,5,fixed,0.05,512,fixed_density,4.0,2,1,identity,1.163124703393268,"{""projection"": [[1.0], [0.0]]}"
product,product,0.5,20560514,5,fixed,0.05,512,fixed_density,4.0,2,1,gain_matched,-0.0007748179156411095,"{""gain_matrix"": [[0.008593430277640595], [0.010636413265401283]]}"
product,product,0.5,20560514,5,fixed,0.05,512,fixed_density,4.0,2,1,variance_matched,0.11711776396108947,"{""direction"": [0.7071067811865475, 0.7071067811865475]}"
product,product,0.5,20560514,5,fixed,0.05,512,fixed_density,4.0,2,1,shuffled_target,0.0017126650532320697,{}
product,product,0.5,20560514,5,fixed,0.05,512,fixed_density,4.0,2,1,analytic_volume,-1.3862943611198906,"{""source_dim"": 2}"
product,product,0.5,20560531,6,fixed,0.05,512,fixed_density,4.0,2,1,null,-0.0025036688036036495,{}
product,product,0.5,20560531,6,fixed,0.05,512,fixed_density,4.0,2,1,identity,1.1243242037257812,"{""projection"": [[1.0], [0.0]]}"
product,product,0.5,20560531,6,fixed,0.05,512,fixed_density,4.0,2,1,gain_matched,-0.0010633855149883324,"{""gain_matrix"": [[-0.01695230501459976], [-0.011727598818560923]]}"
product,product,0.5,20560531,6,fixed,0.05,512,fixed_density,4.0,2,1,variance_matched,0.07396408153894926,"{""direction"": [0.7071067811865475, 0.7071067811865475]}"
product,product,0.5,20560531,6,fixed,0.05,512,fixed_density,4.0,2,1,shuffled_target,-0.0039778822631535374,{}
product,product,0.5,20560531,6,fixed,0.05,512,fixed_density,4.0,2,1,analytic_volume,-1.3862943611198906,"{""source_dim"": 2}"
product,product,0.5,20560548,7,fixed,0.05,512,fixed_density,4.0,2,1,null,-0.003734571593195528,{}
product,product,0.5,20560548,7,fixed,0.05,512,fixed_density,4.0,2,1,identity,1.1395453093308776,"{""projection"": [[1.0], [0.0]]}"
product,product,0.5,20560548,7,fixed,0.05,512,fixed_density,4.0,2,1,gain_matched,-0.0016924997012723129,"{""gain_matrix"": [[0.020903118129935404], [0.005016857916331828]]}"
product,product,0.5,20560548,7,fixed,0.05,512,fixed_density,4.0,2,1,variance_matched,0.07476200196121315,"{""direction"": [0.7071067811865475, 0.7071067811865475]}"
product,product,0.5,20560548,7,fixed,0.05,512,fixed_density,4.0,2,1,shuffled_target,-0.0041757899004065515,{}
product,product,0.5,20560548,7,fixed,0.05,512,fixed_density,4.0,2,1,analytic_volume,-1.3862943611198906,"{""source_dim"": 2}"
product,product,0.5,20560565,8,fixed,0.05,512,fixed_density,4.0,2,1,null,-0.002044729559884448,{}
product,product,0.5,20560565,8,fixed,0.05,512,fixed_density,4.0,2,1,identity,1.1094674850289499,"{""projection"": [[1.0], [0.0]]}"
product,product,0.5,20560565,8,fixed,0.05,512,fixed_density,4.0,2,1,gain_matched,-0.001803551215200446,"{""gain_matrix"": [[0.0023113407140378434], [0.015072886706364804]]}"
product,product,0.5,20560565,8,fixed,0.05,512,fixed_density,4.0,2,1,variance_matched,0.08038300089648448,"{""direction"": [0.7071067811865475, 0.7071067811865475]}"
product,product,0.5,20560565,8,fixed,0.05,512,fixed_density,4.0,2,1,shuffled_target,-0.0026015744492732568,{}
product,product,0.5,20560565,8,fixed,0.05,512,fixed_density,4.0,2,1,analytic_volume,-1.3862943611198906,"{""source_dim"": 2}"
product,product,0.5,20560582,9,fixed,0.05,512,fixed_density,4.0,2,1,null,-0.0011833743700758789,{}
product,product,0.5,20560582,9,fixed,0.05,512,fixed_density,4.0,2,1,identity,1.1143038583107243,"{""projection"": [[1.0], [0.0]]}"
product,product,0.5,20560582,9,fixed,0.05,512,fixed_density,4.0,2,1,gain_matched,-0.003818108321638118,"{""gain_matrix"": [[0.011912499279220454], [-0.00019295491517704584]]}"
product,product,0.5,20560582,9,fixed,0.05,512,fixed_density,4.0,2,1,variance_matched,0.0761836181431392,"{""direction"": [0.7071067811865475, 0.7071067811865475]}"
product,product,0.5,20560582,9,fixed,0.05,512,fixed_density,4.0,2,1,shuffled_target,-0.0024650804727352517,{}
product,product,0.5,20560582,9,fixed,0.05,512,fixed_density,4.0,2,1,analytic_volume,-1.3862943611198906,"{""source_dim"": 2}"
product,product,1.0,20561429,0,fixed,0.05,512,fixed_density,4.0,2,1,null,-0.001105752599939659,{}
product,product,1.0,20561429,0,fixed,0.05,512,fixed_density,4.0,2,1,identity,1.761209954061537,"{""projection"": [[1.0], [0.0]]}"
product,product,1.0,20561429,0,fixed,0.05,512,fixed_density,4.0,2,1,gain_matched,-0.0019455068311194832,"{""gain_matrix"": [[0.012806624203568262], [0.0011225583274318248]]}"
product,product,1.0,20561429,0,fixed,0.05,512,fixed_density,4.0,2,1,variance_matched,0.6023612424042625,"{""direction"": [0.7071067811865475, 0.7071067811865475]}"
product,product,1.0,20561429,0,fixed,0.05,512,fixed_density,4.0,2,1,shuffled_target,8.088119879890495e-05,{}
product,product,1.0,20561429,0,fixed,0.05,512,fixed_density,4.0,2,1,analytic_volume,0.0,"{""source_dim"": 2}"
product,product,1.0,20561446,1,fixed,0.05,512,fixed_density,4.0,2,1,null,-0.0027522866896592143,{}
product,product,1.0,20561446,1,fixed,0.05,512,fixed_density,4.0,2,1,identity,1.7520562016023762,"{""projection"": [[1.0], [0.0]]}"
product,product,1.0,20561446,1,fixed,0.05,512,fixed_density,4.0,2,1,gain_matched,0.005571830524593781,"{""gain_matrix"": [[0.014552635083725863], [-0.014612759637522368]]}"
product,product,1.0,20561446,1,fixed,0.05,512,fixed_density,4.0,2,1,variance_matched,0.6485691755955382,"{""direction"": [0.7071067811865475, 0.7071067811865475]}"
product,product,1.0,20561446,1,fixed,0.05,512,fixed_density,4.0,2,1,shuffled_target,3.909093897513883e-05,{}
product,product,1.0,20561446,1,fixed,0.05,512,fixed_density,4.0,2,1,analytic_volume,0.0,"{""source_dim"": 2}"
product,product,1.0,20561463,2,fixed,0.05,512,fixed_density,4.0,2,1,null,-0.0008824488307165174,{}
product,product,1.0,20561463,2,fixed,0.05,512,fixed_density,4.0,2,1,identity,1.737277385892235,"{""projection"": [[1.0], [0.0]]}"
product,product,1.0,20561463,2,fixed,0.05,512,fixed_density,4.0,2,1,gain_matched,0.002023774936665365,"{""gain_matrix"": [[0.009364639730215523], [-0.023573921670098315]]}"
product,product,1.0,20561463,2,fixed,0.05,512,fixed_density,4.0,2,1,variance_matched,0.6515636216071051,"{""direction"": [0.7071067811865475, 0.7071067811865475]}"
product,product,1.0,20561463,2,fixed,0.05,512,fixed_density,4.0,2,1,shuffled_target,-0.00011815362433695038,{}
product,product,1.0,20561463,2,fixed,0.05,512,fixed_density,4.0,2,1,analytic_volume,0.0,"{""source_dim"": 2}"
product,product,1.0,20561480,3,fixed,0.05,512,fixed_density,4.0,2,1,null,-0.0028209948412613517,{}
product,product,1.0,20561480,3,fixed,0.05,512,fixed_density,4.0,2,1,identity,1.7621121180289705,"{""projection"": [[1.0], [0.0]]}"
product,product,1.0,20561480,3,fixed,0.05,512,fixed_density,4.0,2,1,gain_matched,0.014607686233476889,"{""gain_matrix"": [[-0.0030789383651933077], [-0.023051129050023787]]}"
product,product,1.0,20561480,3,fixed,0.05,512,fixed_density,4.0,2,1,variance_matched,0.6537738159716674,"{""direction"": [0.7071067811865475, 0.7071067811865475]}"
product,product,1.0,20561480,3,fixed,0.05,512,fixed_density,4.0,2,1,shuffled_target,0.002619327224686658,{}
product,product,1.0,20561480,3,fixed,0.05,512,fixed_density,4.0,2,1,analytic_volume,0.0,"{""source_dim"": 2}"
product,product,1.0,20561497,4,fixed,0.05,512,fixed_density,4.0,2,1,null,-0.0011933936577870202,{}
product,product,1.0,20561497,4,fixed,0.05,512,fixed_density,4.0,2,1,identity,1.7397961852815664,"{""projection"": [[1.0], [0.0]]}"
product,product,1.0,20561497,4,fixed,0.05,512,fixed_density,4.0,2,1,gain_matched,0.007943227165172258,"{""gain_matrix"": [[-0.01150564209698683], [-0.012504347244823437]]}"
product,product,1.0,20561497,4,fixed,0.05,512,fixed_density,4.0,2,1,variance_matched,0.6049055616643126,"{""direction"": [0.7071067811865475, 0.7071067811865475]}"
product,product,1.0,20561497,4,fixed,0.05,512,fixed_density,4.0,2,1,shuffled_target,-0.00020782751844263501,{}
product,product,1.0,20561497,4,fixed,0.05,512,fixed_density,4.0,2,1,analytic_volume,0.0,"{""source_dim"": 2}"
product,product,1.0,20561514,5,fixed,0.05,512,fixed_density,4.0,2,1,null,-0.0014538990350539942,{}
product,product,1.0,20561514,5,fixed,0.05,512,fixed_density,4.0,2,1,identity,1.742610429600786,"{""projection"": [[1.0], [0.0]]}"
product,product,1.0,20561514,5,fixed,0.05,512,fixed_density,4.0,2,1,gain_matched,0.0010034151497765767,"{""gain_matrix"": [[-0.0048634597579288695], [-0.02042897069085881]]}"
product,product,1.0,20561514,5,fixed,0.05,512,fixed_density,4.0,2,1,variance_matched,0.657147946735837,"{""direction"": [0.7071067811865475, 0.7071067811865475]}"
product,product,1.0,20561514,5,fixed,0.05,512,fixed_density,4.0,2,1,shuffled_target,-0.0006203187262225941,{}
product,product,1.0,20561514,5,fixed,0.05,512,fixed_density,4.0,2,1,analytic_volume,0.0,"{""source_dim"": 2}"
product,product,1.0,20561531,6,fixed,0.05,512,fixed_density,4.0,2,1,null,-0.0009481851151396043,{}
product,product,1.0,20561531,6,fixed,0.05,512,fixed_density,4.0,2,1,identity,1.8022996533681894,"{""projection"": [[1.0], [0.0]]}"
product,product,1.0,20561531,6,fixed,0.05,512,fixed_density,4.0,2,1,gain_matched,0.0007453327473194845,"{""gain_matrix"": [[0.014125972404543167], [0.006887723564527344]]}"
product,product,1.0,20561531,6,fixed,0.05,512,fixed_density,4.0,2,1,variance_matched,0.6809553988645926,"{""direction"": [0.7071067811865475, 0.7071067811865475]}"
product,product,1.0,20561531,6,fixed,0.05,512,fixed_density,4.0,2,1,shuffled_target,-0.00029474376334383224,{}
product,product,1.0,20561531,6,fixed,0.05,512,fixed_density,4.0,2,1,analytic_volume,0.0,"{""source_dim"": 2}"
product,product,1.0,20561548,7,fixed,0.05,512,fixed_density,4.0,2,1,null,0.0004022156263205983,{}
product,product,1.0,20561548,7,fixed,0.05,512,fixed_density,4.0,2,1,identity,1.7465090629157276,"{""projection"": [[1.0], [0.0]]}"
product,product,1.0,20561548,7,fixed,0.05,512,fixed_density,4.0,2,1,gain_matched,0.011692762848610113,"{""gain_matrix"": [[0.008421378809621991], [-0.01743962298551378]]}"
product,product,1.0,20561548,7,fixed,0.05,512,fixed_density,4.0,2,1,variance_matched,0.6812247958399107,"{""direction"": [0.7071067811865475, 0.7071067811865475]}"
product,product,1.0,20561548,7,fixed,0.05,512,fixed_density,4.0,2,1,shuffled_target,0.009970290775719572,{}
product,product,1.0,20561548,7,fixed,0.05,512,fixed_density,4.0,2,1,analytic_volume,0.0,"{""source_dim"": 2}"
product,product,1.0,20561565,8,fixed,0.05,512,fixed_density,4.0,2,1,null,-0.0023156960009822272,{}
product,product,1.0,20561565,8,fixed,0.05,512,fixed_density,4.0,2,1,identity,1.8051175608276586,"{""projection"": [[1.0], [0.0]]}"
product,product,1.0,20561565,8,fixed,0.05,512,fixed_density,4.0,2,1,gain_matched,0.0014407707983318382,"{""gain_matrix"": [[0.008933745159437682], [-0.011122329979241622]]}"
product,product,1.0,20561565,8,fixed,0.05,512,fixed_density,4.0,2,1,variance_matched,0.7139705925746158,"{""direction"": [0.7071067811865475, 0.7071067811865475]}"
product,product,1.0,20561565,8,fixed,0.05,512,fixed_density,4.0,2,1,shuffled_target,0.004010383356790507,{}
product,product,1.0,20561565,8,fixed,0.05,512,fixed_density,4.0,2,1,analytic_volume,0.0,"{""source_dim"": 2}"
product,product,1.0,20561582,9,fixed,0.05,512,fixed_density,4.0,2,1,null,-0.002154066260550404,{}
product,product,1.0,20561582,9,fixed,0.05,512,fixed_density,4.0,2,1,identity,1.7368498388163105,"{""projection"": [[1.0], [0.0]]}"
product,product,1.0,20561582,9,fixed,0.05,512,fixed_density,4.0,2,1,gain_matched,0.01395797635245355,"{""gain_matrix"": [[-0.023632595431572517], [0.0005030554931534886]]}"
product,product,1.0,20561582,9,fixed,0.05,512,fixed_density,4.0,2,1,variance_matched,0.6721109730517086,"{""direction"": [0.7071067811865475, 0.7071067811865475]}"
product,product,1.0,20561582,9,fixed,0.05,512,fixed_density,4.0,2,1,shuffled_target,-0.0013706770568526275,{}
product,product,1.0,20561582,9,fixed,0.05,512,fixed_density,4.0,2,1,analytic_volume,0.0,"{""source_dim"": 2}"
product,product,2.0,20562429,0,fixed,0.05,1024,fixed_density,4.0,2,1,null,-0.0010892407348633048,{}
product,product,2.0,20562429,0,fixed,0.05,1024,fixed_density,4.0,2,1,identity,2.4215890293924085,"{""projection"": [[1.0], [0.0]]}"
product,product,2.0,20562429,0,fixed,0.05,1024,fixed_density,4.0,2,1,gain_matched,0.06628125302143364,"{""gain_matrix"": [[-0.028598185014833525], [0.011988537344688124]]}"
product,product,2.0,20562429,0,fixed,0.05,1024,fixed_density,4.0,2,1,variance_matched,1.8826928714392799,"{""direction"": [0.7071067811865475, 0.7071067811865475]}"
product,product,2.0,20562429,0,fixed,0.05,1024,fixed_density,4.0,2,1,shuffled_target,0.000244264749939434,{}
product,product,2.0,20562429,0,fixed,0.05,1024,fixed_density,4.0,2,1,analytic_volume,1.3862943611198906,"{""source_dim"": 2}"
product,product,2.0,20562446,1,fixed,0.05,1024,fixed_density,4.0,2,1,null,0.0032734548369108777,{}
product,product,2.0,20562446,1,fixed,0.05,1024,fixed_density,4.0,2,1,identity,2.456971428902816,"{""projection"": [[1.0], [0.0]]}"
product,product,2.0,20562446,1,fixed,0.05,1024,fixed_density,4.0,2,1,gain_matched,0.03677746953433491,"{""gain_matrix"": [[0.0023545605456023414], [0.021235994804169205]]}"
product,product,2.0,20562446,1,fixed,0.05,1024,fixed_density,4.0,2,1,variance_matched,1.898536615427387,"{""direction"": [0.7071067811865475, 0.7071067811865475]}"
product,product,2.0,20562446,1,fixed,0.05,1024,fixed_density,4.0,2,1,shuffled_target,-0.0005602556981796967,{}
product,product,2.0,20562446,1,fixed,0.05,1024,fixed_density,4.0,2,1,analytic_volume,1.3862943611198906,"{""source_dim"": 2}"
product,product,2.0,20562463,2,fixed,0.05,1024,fixed_density,4.0,2,1,null,-0.00028286326481343415,{}
product,product,2.0,20562463,2,fixed,0.05,1024,fixed_density,4.0,2,1,identity,2.4288955738959945,"{""projection"": [[1.0], [0.0]]}"
product,product,2.0,20562463,2,fixed,0.05,1024,fixed_density,4.0,2,1,gain_matched,0.03678567451513367,"{""gain_matrix"": [[0.004806283144703371], [-0.025134065162352275]]}"
product,product,2.0,20562463,2,fixed,0.05,1024,fixed_density,4.0,2,1,variance_matched,1.86182516102098,"{""direction"": [0.7071067811865475, 0.7071067811865475]}"
product,product,2.0,20562463,2,fixed,0.05,1024,fixed_density,4.0,2,1,shuffled_target,0.001460590882903587,{}
product,product,2.0,20562463,2,fixed,0.05,1024,fixed_density,4.0,2,1,analytic_volume,1.3862943611198906,"{""source_dim"": 2}"
product,product,2.0,20562480,3,fixed,0.05,1024,fixed_density,4.0,2,1,null,-0.00051962885882223,{}
product,product,2.0,20562480,3,fixed,0.05,1024,fixed_density,4.0,2,1,identity,2.4426538832381435,"{""projection"": [[1.0], [0.0]]}"
product,product,2.0,20562480,3,fixed,0.05,1024,fixed_density,4.0,2,1,gain_matched,0.13034363694665255,"{""gain_matrix"": [[-0.03450019240695362], [-0.029139534453759258]]}"
product,product,2.0,20562480,3,fixed,0.05,1024,fixed_density,4.0,2,1,variance_matched,1.9396625208616443,"{""direction"": [0.7071067811865475, 0.7071067811865475]}"
product,product,2.0,20562480,3,fixed,0.05,1024,fixed_density,4.0,2,1,shuffled_target,-0.0013043062273909935,{}
product,product,2.0,20562480,3,fixed,0.05,1024,fixed_density,4.0,2,1,analytic_volume,1.3862943611198906,"{""source_dim"": 2}"
product,product,2.0,20562497,4,fixed,0.05,1024,fixed_density,4.0,2,1,null,-0.0020457982131115967,{}
product,product,2.0,20562497,4,fixed,0.05,1024,fixed_density,4.0,2,1,identity,2.4703308508972412,"{""projection"": [[1.0], [0.0]]}"
product,product,2.0,20562497,4,fixed,0.05,1024,fixed_density,4.0,2,1,gain_matched,0.14017724759605243,"{""gain_matrix"": [[0.04609472744929385], [-0.026866017060695673]]}"
product,product,2.0,20562497,4,fixed,0.05,1024,fixed_density,4.0,2,1,variance_matched,1.894454830376993,"{""direction"": [0.7071067811865475, 0.7071067811865475]}"
product,product,2.0,20562497,4,fixed,0.05,1024,fixed_density,4.0,2,1,shuffled_target,0.0007492630178366731,{}
product,product,2.0,20562497,4,fixed,0.05,1024,fixed_density,4.0,2,1,analytic_volume,1.3862943611198906,"{""source_dim"": 2}"
product,product,2.0,20562514,5,fixed,0.05,1024,fixed_density,4.0,2,1,null,0.00339389863577446,{}
product,product,2.0,20562514,5,fixed,0.05,1024,fixed_density,4.0,2,1,identity,2.480840440760055,"{""projection"": [[1.0], [0.0]]}"
product,product,2.0,20562514,5,fixed,0.05,1024,fixed_density,4.0,2,1,gain_matched,0.012820534971597151,"{""gain_matrix"": [[0.011190739873728631], [-0.010464939339816726]]}"
product,product,2.0,20562514,5,fixed,0.05,1024,fixed_density,4.0,2,1,variance_matched,1.9185216280365243,"{""direction"": [0.7071067811865475, 0.7071067811865475]}"
product,product,2.0,20562514,5,fixed,0.05,1024,fixed_density,4.0,2,1,shuffled_target,-0.0005858230691149737,{}
product,product,2.0,20562514,5,fixed,0.05,1024,fixed_density,4.0,2,1,analytic_volume,1.3862943611198906,"{""source_dim"": 2}"
product,product,2.0,20562531,6,fixed,0.05,1024,fixed_density,4.0,2,1,null,0.0012898155451164654,{}
product,product,2.0,20562531,6,fixed,0.05,1024,fixed_density,4.0,2,1,identity,2.4659902855424045,"{""projection"": [[1.0], [0.0]]}"
product,product,2.0,20562531,6,fixed,0.05,1024,fixed_density,4.0,2,1,gain_matched,0.20472849914234342,"{""gain_matrix"": [[-0.034277599934000445], [0.05070855316675772]]}"
product,product,2.0,20562531,6,fixed,0.05,1024,fixed_density,4.0,2,1,variance_matched,1.8839662933783332,"{""direction"": [0.7071067811865475, 0.7071067811865475]}"
product,product,2.0,20562531,6,fixed,0.05,1024,fixed_density,4.0,2,1,shuffled_target,0.0024691052238703564,{}
product,product,2.0,20562531,6,fixed,0.05,1024,fixed_density,4.0,2,1,analytic_volume,1.3862943611198906,"{""source_dim"": 2}"
product,product,2.0,20562548,7,fixed,0.05,1024,fixed_density,4.0,2,1,null,-0.0009702326513838027,{}
product,product,2.0,20562548,7,fixed,0.05,1024,fixed_density,4.0,2,1,identity,2.4928600429660968,"{""projection"": [[1.0], [0.0]]}"
product,product,2.0,20562548,7,fixed,0.05,1024,fixed_density,4.0,2,1,gain_matched,0.10355122699696184,"{""gain_matrix"": [[0.02519543095305072], [-0.03014695551242603]]}"
product,product,2.0,20562548,7,fixed,0.05,1024,fixed_density,4.0,2,1,variance_matched,1.9225458727769742,"{""direction"": [0.7071067811865475, 0.7071067811865475]}"
product,product,2.0,20562548,7,fixed,0.05,1024,fixed_density,4.0,2,1,shuffled_target,0.0020811243091276863,{}
product,product,2.0,20562548,7,fixed,0.05,1024,fixed_density,4.0,2,1,analytic_volume,1.3862943611198906,"{""source_dim"": 2}"
product,product,2.0,20562565,8,fixed,0.05,1024,fixed_density,4.0,2,1,null,-0.0019416586444300503,{}
product,product,2.0,20562565,8,fixed,0.05,1024,fixed_density,4.0,2,1,identity,2.407758299752737,"{""projection"": [[1.0], [0.0]]}"
product,product,2.0,20562565,8,fixed,0.05,1024,fixed_density,4.0,2,1,gain_matched,0.16099381737351248,"{""gain_matrix"": [[-0.04402226927561981], [0.030338942563435004]]}"
product,product,2.0,20562565,8,fixed,0.05,1024,fixed_density,4.0,2,1,variance_matched,1.8834741374467028,"{""direction"": [0.7071067811865475, 0.7071067811865475]}"
product,product,2.0,20562565,8,fixed,0.05,1024,fixed_density,4.0,2,1,shuffled_target,-9.103846298525863e-05,{}
product,product,2.0,20562565,8,fixed,0.05,1024,fixed_density,4.0,2,1,analytic_volume,1.3862943611198906,"{""source_dim"": 2}"
product,product,2.0,20562582,9,fixed,0.05,1024,fixed_density,4.0,2,1,null,-0.0011038381996992233,{}
product,product,2.0,20562582,9,fixed,0.05,1024,fixed_density,4.0,2,1,identity,2.4484794006670625,"{""projection"": [[1.0], [0.0]]}"
product,product,2.0,20562582,9,fixed,0.05,1024,fixed_density,4.0,2,1,gain_matched,0.058895106549013455,"{""gain_matrix"": [[-0.0038659153995546057], [-0.026066520558825496]]}"
product,product,2.0,20562582,9,fixed,0.05,1024,fixed_density,4.0,2,1,variance_matched,1.9686484577508523,"{""direction"": [0.7071067811865475, 0.7071067811865475]}"
product,product,2.0,20562582,9,fixed,0.05,1024,fixed_density,4.0,2,1,shuffled_target,-0.00134120984861964,{}
product,product,2.0,20562582,9,fixed,0.05,1024,fixed_density,4.0,2,1,analytic_volume,1.3862943611198906,"{""source_dim"": 2}"
product,product,4.0,20563429,0,fixed,0.05,4096,fixed_density,4.0,2,1,null,-0.0004412758771044677,{}
product,product,4.0,20563429,0,fixed,0.05,4096,fixed_density,4.0,2,1,identity,3.1479718131219965,"{""projection"": [[1.0], [0.0]]}"
product,product,4.0,20563429,0,fixed,0.05,4096,fixed_density,4.0,2,1,gain_matched,0.26296754590852034,"{""gain_matrix"": [[-0.0339530032310481], [-0.008179030124468962]]}"
product,product,4.0,20563429,0,fixed,0.05,4096,fixed_density,4.0,2,1,variance_matched,3.310081322497357,"{""direction"": [0.7071067811865475, 0.7071067811865475]}"
product,product,4.0,20563429,0,fixed,0.05,4096,fixed_density,4.0,2,1,shuffled_target,-6.373940963390117e-05,{}
product,product,4.0,20563429,0,fixed,0.05,4096,fixed_density,4.0,2,1,analytic_volume,2.772588722239781,"{""source_dim"": 2}"
product,product,4.0,20563446,1,fixed,0.05,4096,fixed_density,4.0,2,1,null,0.0003862602663027196,{}
product,product,4.0,20563446,1,fixed,0.05,4096,fixed_density,4.0,2,1,identity,3.1159391728988046,"{""projection"": [[1.0], [0.0]]}"
product,product,4.0,20563446,1,fixed,0.05,4096,fixed_density,4.0,2,1,gain_matched,0.3256128767486434,"{""gain_matrix"": [[-0.0013892729455180397], [-0.03971388098369981]]}"
product,product,4.0,20563446,1,fixed,0.05,4096,fixed_density,4.0,2,1,variance_matched,3.2770657491798234,"{""direction"": [0.7071067811865475, 0.7071067811865475]}"
product,product,4.0,20563446,1,fixed,0.05,4096,fixed_density,4.0,2,1,shuffled_target,3.861977832191705e-06,{}
product,product,4.0,20563446,1,fixed,0.05,4096,fixed_density,4.0,2,1,analytic_volume,2.772588722239781,"{""source_dim"": 2}"
product,product,4.0,20563463,2,fixed,0.05,4096,fixed_density,4.0,2,1,null,-0.00028933957319669226,{}
product,product,4.0,20563463,2,fixed,0.05,4096,fixed_density,4.0,2,1,identity,3.1404915033029637,"{""projection"": [[1.0], [0.0]]}"
product,product,4.0,20563463,2,fixed,0.05,4096,fixed_density,4.0,2,1,gain_matched,0.34336289171922957,"{""gain_matrix"": [[0.001416401106566368], [0.04389644926135427]]}"
product,product,4.0,20563463,2,fixed,0.05,4096,fixed_density,4.0,2,1,variance_matched,3.2966478880246424,"{""direction"": [0.7071067811865475, 0.7071067811865475]}"
product,product,4.0,20563463,2,fixed,0.05,4096,fixed_density,4.0,2,1,shuffled_target,-0.0002447656937433548,{}
product,product,4.0,20563463,2,fixed,0.05,4096,fixed_density,4.0,2,1,analytic_volume,2.772588722239781,"{""source_dim"": 2}"
product,product,4.0,20563480,3,fixed,0.05,4096,fixed_density,4.0,2,1,null,-0.00037840222755684784,{}
product,product,4.0,20563480,3,fixed,0.05,4096,fixed_density,4.0,2,1,identity,3.1347690950690623,"{""projection"": [[1.0], [0.0]]}"
product,product,4.0,20563480,3,fixed,0.05,4096,fixed_density,4.0,2,1,gain_matched,0.23477031960629816,"{""gain_matrix"": [[-0.022995650595826356], [-0.026854270654591866]]}"
product,product,4.0,20563480,3,fixed,0.05,4096,fixed_density,4.0,2,1,variance_matched,3.2889929666276885,"{""direction"": [0.7071067811865475, 0.7071067811865475]}"
product,product,4.0,20563480,3,fixed,0.05,4096,fixed_density,4.0,2,1,shuffled_target,-0.00019325523192760557,{}
product,product,4.0,20563480,3,fixed,0.05,4096,fixed_density,4.0,2,1,analytic_volume,2.772588722239781,"{""source_dim"": 2}"
product,product,4.0,20563497,4,fixed,0.05,4096,fixed_density,4.0,2,1,null,0.00014938200670604857,{}
product,product,4.0,20563497,4,fixed,0.05,4096,fixed_density,4.0,2,1,identity,3.153770968470113,"{""projection"": [[1.0], [0.0]]}"
product,product,4.0,20563497,4,fixed,0.05,4096,fixed_density,4.0,2,1,gain_matched,0.31840669705224084,"{""gain_matrix"": [[-0.04134448034266441], [0.007831389150960577]]}"
product,product,4.0,20563497,4,fixed,0.05,4096,fixed_density,4.0,2,1,variance_matched,3.2915065976209092,"{""direction"": [0.7071067811865475, 0.7071067811865475]}"
product,product,4.0,20563497,4,fixed,0.05,4096,fixed_density,4.0,2,1,shuffled_target,0.0004136188792971054,{}
product,product,4.0,20563497,4,fixed,0.05,4096,fixed_density,4.0,2,1,analytic_volume,2.772588722239781,"{""source_dim"": 2}"
product,product,4.0,20563514,5,fixed,0.05,4096,fixed_density,4.0,2,1,null,-0.00028017303798503817,{}
product,product,4.0,20563514,5,fixed,0.05,4096,fixed_density,4.0,2,1,identity,3.141882675601642,"{""projection"": [[1.0], [0.0]]}"
product,product,4.0,20563514,5,fixed,0.05,4096,fixed_density,4.0,2,1,gain_matched,0.20570631117530364,"{""gain_matrix"": [[-0.017721965572181583], [0.024281668810926416]]}"
product,product,4.0,20563514,5,fixed,0.05,4096,fixed_density,4.0,2,1,variance_matched,3.294597432243362,"{""direction"": [0.7071067811865475, 0.7071067811865475]}"
product,product,4.0,20563514,5,fixed,0.05,4096,fixed_density,4.0,2,1,shuffled_target,-0.0003566440106516715,{}
product,product,4.0,20563514,5,fixed,0.05,4096,fixed_density,4.0,2,1,analytic_volume,2.772588722239781,"{""source_dim"": 2}"
product,product,4.0,20563531,6,fixed,0.05,4096,fixed_density,4.0,2,1,null,0.0004458246744999155,{}
product,product,4.0,20563531,6,fixed,0.05,4096,fixed_density,4.0,2,1,identity,3.153490872589395,"{""projection"": [[1.0], [0.0]]}"
product,product,4.0,20563531,6,fixed,0.05,4096,fixed_density,4.0,2,1,gain_matched,0.1785096280927814,"{""gain_matrix"": [[-0.00877438462199886], [-0.026731056084168002]]}"
product,product,4.0,20563531,6,fixed,0.05,4096,fixed_density,4.0,2,1,variance_matched,3.288644534343448,"{""direction"": [0.7071067811865475, 0.7071067811865475]}"
product,product,4.0,20563531,6,fixed,0.05,4096,fixed_density,4.0,2,1,shuffled_target,-0.0003203733137779351,{}
product,product,4.0,20563531,6,fixed,0.05,4096,fixed_density,4.0,2,1,analytic_volume,2.772588722239781,"{""source_dim"": 2}"
product,product,4.0,20563548,7,fixed,0.05,4096,fixed_density,4.0,2,1,null,-0.0002661817719580891,{}
product,product,4.0,20563548,7,fixed,0.05,4096,fixed_density,4.0,2,1,identity,3.14745614363413,"{""projection"": [[1.0], [0.0]]}"
product,product,4.0,20563548,7,fixed,0.05,4096,fixed_density,4.0,2,1,gain_matched,0.3564140304868107,"{""gain_matrix"": [[-0.037670763315895514], [-0.024135813297627463]]}"
product,product,4.0,20563548,7,fixed,0.05,4096,fixed_density,4.0,2,1,variance_matched,3.2966156321306346,"{""direction"": [0.7071067811865475, 0.7071067811865475]}"
product,product,4.0,20563548,7,fixed,0.05,4096,fixed_density,4.0,2,1,shuffled_target,0.00027940109529722197,{}
product,product,4.0,20563548,7,fixed,0.05,4096,fixed_density,4.0,2,1,analytic_volume,2.772588722239781,"{""source_dim"": 2}"
product,product,4.0,20563565,8,fixed,0.05,4096,fixed_density,4.0,2,1,null,-0.00036936118996878253,{}
product,product,4.0,20563565,8,fixed,0.05,4096,fixed_density,4.0,2,1,identity,3.149813381399663,"{""projection"": [[1.0], [0.0]]}"
product,product,4.0,20563565,8,fixed,0.05,4096,fixed_density,4.0,2,1,gain_matched,0.28002495451585474,"{""gain_matrix"": [[0.013340928359574239], [-0.03527626985802975]]}"
product,product,4.0,20563565,8,fixed,0.05,4096,fixed_density,4.0,2,1,variance_matched,3.3230296076298957,"{""direction"": [0.7071067811865475, 0.7071067811865475]}"
product,product,4.0,20563565,8,fixed,0.05,4096,fixed_density,4.0,2,1,shuffled_target,0.0003321490934466831,{}
product,product,4.0,20563565,8,fixed,0.05,4096,fixed_density,4.0,2,1,analytic_volume,2.772588722239781,"{""source_dim"": 2}"
product,product,4.0,20563582,9,fixed,0.05,4096,fixed_density,4.0,2,1,null,0.00031484024647032325,{}
product,product,4.0,20563582,9,fixed,0.05,4096,fixed_density,4.0,2,1,identity,3.1232584685859455,"{""projection"": [[1.0], [0.0]]}"
product,product,4.0,20563582,9,fixed,0.05,4096,fixed_density,4.0,2,1,gain_matched,0.14247297430705097,"{""gain_matrix"": [[-0.020531970160121357], [-0.015322754379332833]]}"
product,product,4.0,20563582,9,fixed,0.05,4096,fixed_density,4.0,2,1,variance_matched,3.279360686907197,"{""direction"": [0.7071067811865475, 0.7071067811865475]}"
product,product,4.0,20563582,9,fixed,0.05,4096,fixed_density,4.0,2,1,shuffled_target,-0.0002217397689829501,{}
product,product,4.0,20563582,9,fixed,0.05,4096,fixed_density,4.0,2,1,analytic_volume,2.772588722239781,"{""source_dim"": 2}"
product,product,8.0,20564429,0,fixed,0.05,16384,fixed_density,4.0,2,1,null,6.926283121418737e-05,{}
product,product,8.0,20564429,0,fixed,0.05,16384,fixed_density,4.0,2,1,identity,3.848274102202223,"{""projection"": [[1.0], [0.0]]}"
product,product,8.0,20564429,0,fixed,0.05,16384,fixed_density,4.0,2,1,gain_matched,0.5785496297723309,"{""gain_matrix"": [[0.020873039606672777], [0.02356432500748724]]}"
product,product,8.0,20564429,0,fixed,0.05,16384,fixed_density,4.0,2,1,variance_matched,4.659849753888848,"{""direction"": [0.7071067811865475, 0.7071067811865475]}"
product,product,8.0,20564429,0,fixed,0.05,16384,fixed_density,4.0,2,1,shuffled_target,-1.217621107180462e-05,{}
product,product,8.0,20564429,0,fixed,0.05,16384,fixed_density,4.0,2,1,analytic_volume,4.1588830833596715,"{""source_dim"": 2}"
product,product,8.0,20564446,1,fixed,0.05,16384,fixed_density,4.0,2,1,null,-3.0546470059523967e-06,{}
product,product,8.0,20564446,1,fixed,0.05,16384,fixed_density,4.0,2,1,identity,3.8283442356160373,"{""projection"": [[1.0], [0.0]]}"
product,product,8.0,20564446,1,fixed,0.05,16384,fixed_density,4.0,2,1,gain_matched,0.6478135754245113,"{""gain_matrix"": [[0.002602632431300723], [0.03499746122687955]]}"
product,product,8.0,20564446,1,fixed,0.05,16384,fixed_density,4.0,2,1,variance_matched,4.668058537930179,"{""direction"": [0.7071067811865475, 0.7071067811865475]}"
product,product,8.0,20564446,1,fixed,0.05,16384,fixed_density,4.0,2,1,shuffled_target,-7.182279413199536e-05,{}
product,product,8.0,20564446,1,fixed,0.05,16384,fixed_density,4.0,2,1,analytic_volume,4.1588830833596715,"{""source_dim"": 2}"
product,product,8.0,20564463,2,fixed,0.05,16384,fixed_density,4.0,2,1,null,4.109189102662269e-05,{}
product,product,8.0,20564463,2,fixed,0.05,16384,fixed_density,4.0,2,1,identity,3.836589492894195,"{""projection"": [[1.0], [0.0]]}"
product,product,8.0,20564463,2,fixed,0.05,16384,fixed_density,4.0,2,1,gain_matched,0.9214660493217243,"{""gain_matrix"": [[-0.009980243056584893], [-0.04862580436034513]]}"
product,product,8.0,20564463,2,fixed,0.05,16384,fixed_density,4.0,2,1,variance_matched,4.660955395035555,"{""direction"": [0.7071067811865475, 0.7071067811865475]}"
product,product,8.0,20564463,2,fixed,0.05,16384,fixed_density,4.0,2,1,shuffled_target,5.643864860247562e-05,{}
product,product,8.0,20564463,2,fixed,0.05,16384,fixed_density,4.0,2,1,analytic_volume,4.1588830833596715,"{""source_dim"": 2}"
product,product,8.0,20564480,3,fixed,0.05,16384,fixed_density,4.0,2,1,null,4.2938493079907594e-05,{}
product,product,8.0,20564480,3,fixed,0.05,16384,fixed_density,4.0,2,1,identity,3.842406399896658,"{""projection"": [[1.0], [0.0]]}"
product,product,8.0,20564480,3,fixed,0.05,16384,fixed_density,4.0,2,1,gain_matched,0.6193846246001055,"{""gain_matrix"": [[0.02503989504605803], [0.023304181734275807]]}"
product,product,8.0,20564480,3,fixed,0.05,16384,fixed_density,4.0,2,1,variance_matched,4.674938030809263,"{""direction"": [0.7071067811865475, 0.7071067811865475]}"
product,product,8.0,20564480,3,fixed,0.05,16384,fixed_density,4.0,2,1,shuffled_target,-7.472503766761966e-05,{}
product,product,8.0,20564480,3,fixed,0.05,16384,fixed_density,4.0,2,1,analytic_volume,4.1588830833596715,"{""source_dim"": 2}"
product,product,8.0,20564497,4,fixed,0.05,16384,fixed_density,4.0,2,1,null,-4.126590199153454e-05,{}
product,product,8.0,20564497,4,fixed,0.05,16384,fixed_density,4.0,2,1,identity,3.839631563354386,"{""projection"": [[1.0], [0.0]]}"
product,product,8.0,20564497,4,fixed,0.05,16384,fixed_density,4.0,2,1,gain_matched,0.29437614631339504,"{""gain_matrix"": [[-0.008922028380188898], [-0.017181265845123462]]}"
product,product,8.0,20564497,4,fixed,0.05,16384,fixed_density,4.0,2,1,variance_matched,4.67784604473299,"{""direction"": [0.7071067811865475, 0.7071067811865475]}"
product,product,8.0,20564497,4,fixed,0.05,16384,fixed_density,4.0,2,1,shuffled_target,-7.433400535779153e-06,{}
product,product,8.0,20564497,4,fixed,0.05,16384,fixed_density,4.0,2,1,analytic_volume,4.1588830833596715,"{""source_dim"": 2}"
product,product,8.0,20564514,5,fixed,0.05,16384,fixed_density,4.0,2,1,null,-6.488838337665862e-05,{}
product,product,8.0,20564514,5,fixed,0.05,16384,fixed_density,4.0,2,1,identity,3.8262542461578293,"{""projection"": [[1.0], [0.0]]}"
product,product,8.0,20564514,5,fixed,0.05,16384,fixed_density,4.0,2,1,gain_matched,0.7251303531926925,"{""gain_matrix"": [[0.026688284860534064], [0.028476615436260965]]}"
product,product,8.0,20564514,5,fixed,0.05,16384,fixed_density,4.0,2,1,variance_matched,4.650905308729582,"{""direction"": [0.7071067811865475, 0.7071067811865475]}"
product,product,8.0,20564514,5,fixed,0.05,16384,fixed_density,4.0,2,1,shuffled_target,-0.0001236382373643102,{}
product,product,8.0,20564514,5,fixed,0.05,16384,fixed_density,4.0,2,1,analytic_volume,4.1588830833596715,"{""source_dim"": 2}"
product,product,8.0,20564531,6,fixed,0.05,16384,fixed_density,4.0,2,1,null,-4.163078665989527e-05,{}
product,product,8.0,20564531,6,fixed,0.05,16384,fixed_density,4.0,2,1,identity,3.829627536388017,"{""projection"": [[1.0], [0.0]]}"
product,product,8.0,20564531,6,fixed,0.05,16384,fixed_density,4.0,2,1,gain_matched,0.6974612700409731,"{""gain_matrix"": [[-0.028115495441388107], [0.024948378356181272]]}"
product,product,8.0,20564531,6,fixed,0.05,16384,fixed_density,4.0,2,1,variance_matched,4.665170322500305,"{""direction"": [0.7071067811865475, 0.7071067811865475]}"
product,product,8.0,20564531,6,fixed,0.05,16384,fixed_density,4.0,2,1,shuffled_target,-2.5500261570834975e-05,{}
product,product,8.0,20564531,6,fixed,0.05,16384,fixed_density,4.0,2,1,analytic_volume,4.1588830833596715,"{""source_dim"": 2}"
product,product,8.0,20564548,7,fixed,0.05,16384,fixed_density,4.0,2,1,null,0.0001109282187998181,{}
product,product,8.0,20564548,7,fixed,0.05,16384,fixed_density,4.0,2,1,identity,3.8343957814394347,"{""projection"": [[1.0], [0.0]]}"
product,product,8.0,20564548,7,fixed,0.05,16384,fixed_density,4.0,2,1,gain_matched,0.5124801220131059,"{""gain_matrix"": [[0.02840880366552492], [0.00465882220869572]]}"
product,product,8.0,20564548,7,fixed,0.05,16384,fixed_density,4.0,2,1,variance_matched,4.6689276174664,"{""direction"": [0.7071067811865475, 0.7071067811865475]}"
product,product,8.0,20564548,7,fixed,0.05,16384,fixed_density,4.0,2,1,shuffled_target,0.00034387059335362554,{}
product,product,8.0,20564548,7,fixed,0.05,16384,fixed_density,4.0,2,1,analytic_volume,4.1588830833596715,"{""source_dim"": 2}"
product,product,8.0,20564565,8,fixed,0.05,16384,fixed_density,4.0,2,1,null,4.738578361095777e-05,{}
product,product,8.0,20564565,8,fixed,0.05,16384,fixed_density,4.0,2,1,identity,3.8336255423534826,"{""projection"": [[1.0], [0.0]]}"
product,product,8.0,20564565,8,fixed,0.05,16384,fixed_density,4.0,2,1,gain_matched,0.17938958667374166,"{""gain_matrix"": [[-0.001431051369008065], [-0.01391216123065802]]}"
product,product,8.0,20564565,8,fixed,0.05,16384,fixed_density,4.0,2,1,variance_matched,4.673349196887891,"{""direction"": [0.7071067811865475, 0.7071067811865475]}"
product,product,8.0,20564565,8,fixed,0.05,16384,fixed_density,4.0,2,1,shuffled_target,3.742148855347e-05,{}
product,product,8.0,20564565,8,fixed,0.05,16384,fixed_density,4.0,2,1,analytic_volume,4.1588830833596715,"{""source_dim"": 2}"
product,product,8.0,20564582,9,fixed,0.05,16384,fixed_density,4.0,2,1,null,6.592786678103046e-05,{}
product,product,8.0,20564582,9,fixed,0.05,16384,fixed_density,4.0,2,1,identity,3.8232323748097965,"{""projection"": [[1.0], [0.0]]}"
product,product,8.0,20564582,9,fixed,0.05,16384,fixed_density,4.0,2,1,gain_matched,0.16921505639572199,"{""gain_matrix"": [[0.011796037029119529], [-0.006987374858522753]]}"
product,product,8.0,20564582,9,fixed,0.05,16384,fixed_density,4.0,2,1,variance_matched,4.684152816705714,"{""direction"": [0.7071067811865475, 0.7071067811865475]}"
product,product,8.0,20564582,9,fixed,0.05,16384,fixed_density,4.0,2,1,shuffled_target,-6.937715495426488e-05,{}
product,product,8.0,20564582,9,fixed,0.05,16384,fixed_density,4.0,2,1,analytic_volume,4.1588830833596715,"{""source_dim"": 2}"
product,product,12.0,20565429,0,fixed,0.05,36864,fixed_density,4.0,2,1,null,5.4548738154564555e-06,{}
product,product,12.0,20565429,0,fixed,0.05,36864,fixed_density,4.0,2,1,identity,4.243649823057903,"{""projection"": [[1.0], [0.0]]}"
product,product,12.0,20565429,0,fixed,0.05,36864,fixed_density,4.0,2,1,gain_matched,0.5788768975788797,"{""gain_matrix"": [[-0.01234203190900765], [-0.017160625721824106]]}"
product,product,12.0,20565429,0,fixed,0.05,36864,fixed_density,4.0,2,1,variance_matched,5.4784545049830875,"{""direction"": [0.7071067811865475, 0.7071067811865475]}"
product,product,12.0,20565429,0,fixed,0.05,36864,fixed_density,4.0,2,1,shuffled_target,-1.7852435686348904e-05,{}
product,product,12.0,20565429,0,fixed,0.05,36864,fixed_density,4.0,2,1,analytic_volume,4.969813299576001,"{""source_dim"": 2}"
product,product,12.0,20565446,1,fixed,0.05,36864,fixed_density,4.0,2,1,null,2.1103543796114263e-05,{}
product,product,12.0,20565446,1,fixed,0.05,36864,fixed_density,4.0,2,1,identity,4.244015820165982,"{""projection"": [[1.0], [0.0]]}"
product,product,12.0,20565446,1,fixed,0.05,36864,fixed_density,4.0,2,1,gain_matched,0.6477678737628393,"{""gain_matrix"": [[0.0018921233436024608], [0.023332026193420806]]}"
product,product,12.0,20565446,1,fixed,0.05,36864,fixed_density,4.0,2,1,variance_matched,5.485906523617309,"{""direction"": [0.7071067811865475, 0.7071067811865475]}"
product,product,12.0,20565446,1,fixed,0.05,36864,fixed_density,4.0,2,1,shuffled_target,7.82845371245912e-05,{}
product,product,12.0,20565446,1,fixed,0.05,36864,fixed_density,4.0,2,1,analytic_volume,4.969813299576001,"{""source_dim"": 2}"
product,product,12.0,20565463,2,fixed,0.05,36864,fixed_density,4.0,2,1,null,2.284002408290109e-05,{}
product,product,12.0,20565463,2,fixed,0.05,36864,fixed_density,4.0,2,1,identity,4.244332605004124,"{""projection"": [[1.0], [0.0]]}"
product,product,12.0,20565463,2,fixed,0.05,36864,fixed_density,4.0,2,1,gain_matched,1.1534433619765965,"{""gain_matrix"": [[-0.04117338273949077], [0.01456952532347195]]}"
product,product,12.0,20565463,2,fixed,0.05,36864,fixed_density,4.0,2,1,variance_matched,5.4778525597041785,"{""direction"": [0.7071067811865475, 0.7071067811865475]}"
product,product,12.0,20565463,2,fixed,0.05,36864,fixed_density,4.0,2,1,shuffled_target,-3.0424013120745723e-06,{}
product,product,12.0,20565463,2,fixed,0.05,36864,fixed_density,4.0,2,1,analytic_volume,4.969813299576001,"{""source_dim"": 2}"
product,product,12.0,20565480,3,fixed,0.05,36864,fixed_density,4.0,2,1,null,4.46831203919334e-06,{}
product,product,12.0,20565480,3,fixed,0.05,36864,fixed_density,4.0,2,1,identity,4.236543638368013,"{""projection"": [[1.0], [0.0]]}"
product,product,12.0,20565480,3,fixed,0.05,36864,fixed_density,4.0,2,1,gain_matched,0.9707054427929358,"{""gain_matrix"": [[0.015613678774418095], [-0.03147029040711111]]}"
product,product,12.0,20565480,3,fixed,0.05,36864,fixed_density,4.0,2,1,variance_matched,5.484326200409889,"{""direction"": [0.7071067811865475, 0.7071067811865475]}"
product,product,12.0,20565480,3,fixed,0.05,36864,fixed_density,4.0,2,1,shuffled_target,2.612033150345002e-06,{}
product,product,12.0,20565480,3,fixed,0.05,36864,fixed_density,4.0,2,1,analytic_volume,4.969813299576001,"{""source_dim"": 2}"
product,product,12.0,20565497,4,fixed,0.05,36864,fixed_density,4.0,2,1,null,7.0777996806885395e-06,{}
product,product,12.0,20565497,4,fixed,0.05,36864,fixed_density,4.0,2,1,identity,4.244124741138902,"{""projection"": [[1.0], [0.0]]}"
product,product,12.0,20565497,4,fixed,0.05,36864,fixed_density,4.0,2,1,gain_matched,1.2414068566803078,"{""gain_matrix"": [[0.0399183189563378], [0.026443219098506512]]}"
product,product,12.0,20565497,4,fixed,0.05,36864,fixed_density,4.0,2,1,variance_matched,5.483014191072775,"{""direction"": [0.7071067811865475, 0.7071067811865475]}"
product,product,12.0,20565497,4,fixed,0.05,36864,fixed_density,4.0,2,1,shuffled_target,-2.1839178305349773e-05,{}
product,product,12.0,20565497,4,fixed,0.05,36864,fixed_density,4.0,2,1,analytic_volume,4.969813299576001,"{""source_dim"": 2}"
product,product,12.0,20565514,5,fixed,0.05,36864,fixed_density,4.0,2,1,null,6.24361959942667e-05,{}
product,product,12.0,20565514,5,fixed,0.05,36864,fixed_density,4.0,2,1,identity,4.234466408683463,"{""projection"": [[1.0], [0.0]]}"
product,product,12.0,20565514,5,fixed,0.05,36864,fixed_density,4.0,2,1,gain_matched,0.5265229265462964,"{""gain_matrix"": [[-0.016126672309609628], [-0.011579304681984379]]}"
product,product,12.0,20565514,5,fixed,0.05,36864,fixed_density,4.0,2,1,variance_matched,5.484276874311117,"{""direction"": [0.7071067811865475, 0.7071067811865475]}"
product,product,12.0,20565514,5,fixed,0.05,36864,fixed_density,4.0,2,1,shuffled_target,-9.430859611174237e-06,{}
product,product,12.0,20565514,5,fixed,0.05,36864,fixed_density,4.0,2,1,analytic_volume,4.969813299576001,"{""source_dim"": 2}"
product,product,12.0,20565531,6,fixed,0.05,36864,fixed_density,4.0,2,1,null,-8.732205260912046e-06,{}
product,product,12.0,20565531,6,fixed,0.05,36864,fixed_density,4.0,2,1,identity,4.235175156142599,"{""projection"": [[1.0], [0.0]]}"
product,product,12.0,20565531,6,fixed,0.05,36864,fixed_density,4.0,2,1,gain_matched,0.4559786381150338,"{""gain_matrix"": [[-0.005502890837184679], [0.016678429814176943]]}"
product,product,12.0,20565531,6,fixed,0.05,36864,fixed_density,4.0,2,1,variance_matched,5.483986910328472,"{""direction"": [0.7071067811865475, 0.7071067811865475]}"
product,product,12.0,20565531,6,fixed,0.05,36864,fixed_density,4.0,2,1,shuffled_target,-3.4190659957022675e-05,{}
product,product,12.0,20565531,6,fixed,0.05,36864,fixed_density,4.0,2,1,analytic_volume,4.969813299576001,"{""source_dim"": 2}"
product,product,12.0,20565548,7,fixed,0.05,36864,fixed_density,4.0,2,1,null,9.206586641399204e-05,{}
product,product,12.0,20565548,7,fixed,0.05,36864,fixed_density,4.0,2,1,identity,4.234091187160997,"{""projection"": [[1.0], [0.0]]}"
product,product,12.0,20565548,7,fixed,0.05,36864,fixed_density,4.0,2,1,gain_matched,1.0400738954247326,"{""gain_matrix"": [[0.003954792048672336], [0.03786714405148504]]}"
product,product,12.0,20565548,7,fixed,0.05,36864,fixed_density,4.0,2,1,variance_matched,5.481932572716342,"{""direction"": [0.7071067811865475, 0.7071067811865475]}"
product,product,12.0,20565548,7,fixed,0.05,36864,fixed_density,4.0,2,1,shuffled_target,-5.355833420694855e-05,{}
product,product,12.0,20565548,7,fixed,0.05,36864,fixed_density,4.0,2,1,analytic_volume,4.969813299576001,"{""source_dim"": 2}"
product,product,12.0,20565565,8,fixed,0.05,36864,fixed_density,4.0,2,1,null,-3.968081870616812e-05,{}
product,product,12.0,20565565,8,fixed,0.05,36864,fixed_density,4.0,2,1,identity,4.2430360597423675,"{""projection"": [[1.0], [0.0]]}"
product,product,12.0,20565565,8,fixed,0.05,36864,fixed_density,4.0,2,1,gain_matched,0.5608438557357481,"{""gain_matrix"": [[0.003019759260007764], [-0.020391742499678085]]}"
product,product,12.0,20565565,8,fixed,0.05,36864,fixed_density,4.0,2,1,variance_matched,5.4826831609544975,"{""direction"": [0.7071067811865475, 0.7071067811865475]}"
product,product,12.0,20565565,8,fixed,0.05,36864,fixed_density,4.0,2,1,shuffled_target,2.6259300104023182e-05,{}
product,product,12.0,20565565,8,fixed,0.05,36864,fixed_density,4.0,2,1,analytic_volume,4.969813299576001,"{""source_dim"": 2}"
product,product,12.0,20565582,9,fixed,0.05,36864,fixed_density,4.0,2,1,null,1.7264954819230997e-05,{}
product,product,12.0,20565582,9,fixed,0.05,36864,fixed_density,4.0,2,1,identity,4.235251078503357,"{""projection"": [[1.0], [0.0]]}"
product,product,12.0,20565582,9,fixed,0.05,36864,fixed_density,4.0,2,1,gain_matched,0.9307163707208718,"{""gain_matrix"": [[0.004741523772297194], [-0.03303104982453693]]}"
product,product,12.0,20565582,9,fixed,0.05,36864,fixed_density,4.0,2,1,variance_matched,5.486472705027758,"{""direction"": [0.7071067811865475, 0.7071067811865475]}"
product,product,12.0,20565582,9,fixed,0.05,36864,fixed_density,4.0,2,1,shuffled_target,1.6879866282428714e-05,{}
product,product,12.0,20565582,9,fixed,0.05,36864,fixed_density,4.0,2,1,analytic_volume,4.969813299576001,"{""source_dim"": 2}"
product,product,16.0,20566429,0,fixed,0.05,65536,fixed_density,4.0,2,1,null,-2.4773499733442834e-05,{}
product,product,16.0,20566429,0,fixed,0.05,65536,fixed_density,4.0,2,1,identity,4.526932380592732,"{""projection"": [[1.0], [0.0]]}"
product,product,16.0,20566429,0,fixed,0.05,65536,fixed_density,4.0,2,1,gain_matched,0.8714377056848406,"{""gain_matrix"": [[0.010443644134406283], [-0.021069187643975553]]}"
product,product,16.0,20566429,0,fixed,0.05,65536,fixed_density,4.0,2,1,variance_matched,6.052606642094845,"{""direction"": [0.7071067811865475, 0.7071067811865475]}"
product,product,16.0,20566429,0,fixed,0.05,65536,fixed_density,4.0,2,1,shuffled_target,2.957345222071206e-05,{}
product,product,16.0,20566429,0,fixed,0.05,65536,fixed_density,4.0,2,1,analytic_volume,5.545177444479562,"{""source_dim"": 2}"
product,product,16.0,20566446,1,fixed,0.05,65536,fixed_density,4.0,2,1,null,2.0507240935564084e-05,{}
product,product,16.0,20566446,1,fixed,0.05,65536,fixed_density,4.0,2,1,identity,4.522701391737904,"{""projection"": [[1.0], [0.0]]}"
product,product,16.0,20566446,1,fixed,0.05,65536,fixed_density,4.0,2,1,gain_matched,1.047711739707961,"{""gain_matrix"": [[-0.026402274274238174], [0.01199838687945991]]}"
product,product,16.0,20566446,1,fixed,0.05,65536,fixed_density,4.0,2,1,variance_matched,6.054958364264609,"{""direction"": [0.7071067811865475, 0.7071067811865475]}"
product,product,16.0,20566446,1,fixed,0.05,65536,fixed_density,4.0,2,1,shuffled_target,-1.5814406323472435e-07,{}
product,product,16.0,20566446,1,fixed,0.05,65536,fixed_density,4.0,2,1,analytic_volume,5.545177444479562,"{""source_dim"": 2}"
product,product,16.0,20566463,2,fixed,0.05,65536,fixed_density,4.0,2,1,null,2.9632438627541694e-05,{}
product,product,16.0,20566463,2,fixed,0.05,65536,fixed_density,4.0,2,1,identity,4.523767477273644,"{""projection"": [[1.0], [0.0]]}"
product,product,16.0,20566463,2,fixed,0.05,65536,fixed_density,4.0,2,1,gain_matched,0.6087389384507746,"{""gain_matrix"": [[-0.005909147933627859], [-0.01560974142636177]]}"
product,product,16.0,20566463,2,fixed,0.05,65536,fixed_density,4.0,2,1,variance_matched,6.067200841895338,"{""direction"": [0.7071067811865475, 0.7071067811865475]}"
product,product,16.0,20566463,2,fixed,0.05,65536,fixed_density,4.0,2,1,shuffled_target,3.0311922115844648e-05,{}
product,product,16.0,20566463,2,fixed,0.05,65536,fixed_density,4.0,2,1,analytic_volume,5.545177444479562,"{""source_dim"": 2}"
product,product,16.0,20566480,3,fixed,0.05,65536,fixed_density,4.0,2,1,null,2.7598506191069277e-05,{}
product,product,16.0,20566480,3,fixed,0.05,65536,fixed_density,4.0,2,1,identity,4.5225257905616685,"{""projection"": [[1.0], [0.0]]}"
product,product,16.0,20566480,3,fixed,0.05,65536,fixed_density,4.0,2,1,gain_matched,0.9272334581539311,"{""gain_matrix"": [[-0.022123256919991438], [0.012097484065037651]]}"
product,product,16.0,20566480,3,fixed,0.05,65536,fixed_density,4.0,2,1,variance_matched,6.052140768417267,"{""direction"": [0.7071067811865475, 0.7071067811865475]}"
product,product,16.0,20566480,3,fixed,0.05,65536,fixed_density,4.0,2,1,shuffled_target,-1.800824391821738e-05,{}
product,product,16.0,20566480,3,fixed,0.05,65536,fixed_density,4.0,2,1,analytic_volume,5.545177444479562,"{""source_dim"": 2}"
product,product,16.0,20566497,4,fixed,0.05,65536,fixed_density,4.0,2,1,null,6.4303252646577e-05,{}
product,product,16.0,20566497,4,fixed,0.05,65536,fixed_density,4.0,2,1,identity,4.522241307057804,"{""projection"": [[1.0], [0.0]]}"
product,product,16.0,20566497,4,fixed,0.05,65536,fixed_density,4.0,2,1,gain_matched,1.1328783089567014,"{""gain_matrix"": [[0.005050607979332315], [0.0313291383771652]]}"
product,product,16.0,20566497,4,fixed,0.05,65536,fixed_density,4.0,2,1,variance_matched,6.0446278109334886,"{""direction"": [0.7071067811865475, 0.7071067811865475]}"
product,product,16.0,20566497,4,fixed,0.05,65536,fixed_density,4.0,2,1,shuffled_target,-4.677909228797168e-06,{}
product,product,16.0,20566497,4,fixed,0.05,65536,fixed_density,4.0,2,1,analytic_volume,5.545177444479562,"{""source_dim"": 2}"
product,product,16.0,20566514,5,fixed,0.05,65536,fixed_density,4.0,2,1,null,-4.288165599393051e-06,{}
product,product,16.0,20566514,5,fixed,0.05,65536,fixed_density,4.0,2,1,identity,4.519664660523124,"{""projection"": [[1.0], [0.0]]}"
product,product,16.0,20566514,5,fixed,0.05,65536,fixed_density,4.0,2,1,gain_matched,1.4679776053371534,"{""gain_matrix"": [[0.04405917355221384], [0.012292053503088263]]}"
product,product,16.0,20566514,5,fixed,0.05,65536,fixed_density,4.0,2,1,variance_matched,6.053329058957668,"{""direction"": [0.7071067811865475, 0.7071067811865475]}"
product,product,16.0,20566514,5,fixed,0.05,65536,fixed_density,4.0,2,1,shuffled_target,-1.6262931712160184e-05,{}
product,product,16.0,20566514,5,fixed,0.05,65536,fixed_density,4.0,2,1,analytic_volume,5.545177444479562,"{""source_dim"": 2}"
product,product,16.0,20566531,6,fixed,0.05,65536,fixed_density,4.0,2,1,null,-9.021228005477688e-06,{}
product,product,16.0,20566531,6,fixed,0.05,65536,fixed_density,4.0,2,1,identity,4.525761065922355,"{""projection"": [[1.0], [0.0]]}"
product,product,16.0,20566531,6,fixed,0.05,65536,fixed_density,4.0,2,1,gain_matched,1.51656711922703,"{""gain_matrix"": [[0.04767961222513215], [-0.006638207316476252]]}"
product,product,16.0,20566531,6,fixed,0.05,65536,fixed_density,4.0,2,1,variance_matched,6.057295981255504,"{""direction"": [0.7071067811865475, 0.7071067811865475]}"
product,product,16.0,20566531,6,fixed,0.05,65536,fixed_density,4.0,2,1,shuffled_target,-1.9654455708293026e-05,{}
product,product,16.0,20566531,6,fixed,0.05,65536,fixed_density,4.0,2,1,analytic_volume,5.545177444479562,"{""source_dim"": 2}"
product,product,16.0,20566548,7,fixed,0.05,65536,fixed_density,4.0,2,1,null,-1.5593298416189283e-05,{}
product,product,16.0,20566548,7,fixed,0.05,65536,fixed_density,4.0,2,1,identity,4.523478274784453,"{""projection"": [[1.0], [0.0]]}"
product,product,16.0,20566548,7,fixed,0.05,65536,fixed_density,4.0,2,1,gain_matched,1.2746450256659974,"{""gain_matrix"": [[-0.02053755935461102], [0.03125034836601178]]}"
product,product,16.0,20566548,7,fixed,0.05,65536,fixed_density,4.0,2,1,variance_matched,6.05433347048563,"{""direction"": [0.7071067811865475, 0.7071067811865475]}"
product,product,16.0,20566548,7,fixed,0.05,65536,fixed_density,4.0,2,1,shuffled_target,-1.7682207231470812e-05,{}
product,product,16.0,20566548,7,fixed,0.05,65536,fixed_density,4.0,2,1,analytic_volume,5.545177444479562,"{""source_dim"": 2}"
product,product,16.0,20566565,8,fixed,0.05,65536,fixed_density,4.0,2,1,null,-5.777532240344556e-06,{}
product,product,16.0,20566565,8,fixed,0.05,65536,fixed_density,4.0,2,1,identity,4.529841541052832,"{""projection"": [[1.0], [0.0]]}"
product,product,16.0,20566565,8,fixed,0.05,65536,fixed_density,4.0,2,1,gain_matched,0.25427172403086534,"{""gain_matrix"": [[0.0026041528068856193], [-0.008420843437865226]]}"
product,product,16.0,20566565,8,fixed,0.05,65536,fixed_density,4.0,2,1,variance_matched,6.063040924636983,"{""direction"": [0.7071067811865475, 0.7071067811865475]}"
product,product,16.0,20566565,8,fixed,0.05,65536,fixed_density,4.0,2,1,shuffled_target,3.952596840391891e-05,{}
product,product,16.0,20566565,8,fixed,0.05,65536,fixed_density,4.0,2,1,analytic_volume,5.545177444479562,"{""source_dim"": 2}"
product,product,16.0,20566582,9,fixed,0.05,65536,fixed_density,4.0,2,1,null,-5.462242709547128e-06,{}
product,product,16.0,20566582,9,fixed,0.05,65536,fixed_density,4.0,2,1,identity,4.5236266087879455,"{""projection"": [[1.0], [0.0]]}"
product,product,16.0,20566582,9,fixed,0.05,65536,fixed_density,4.0,2,1,gain_matched,1.5926039104260954,"{""gain_matrix"": [[0.04091837806704853], [0.03180867915476339]]}"
product,product,16.0,20566582,9,fixed,0.05,65536,fixed_density,4.0,2,1,variance_matched,6.059502678643847,"{""direction"": [0.7071067811865475, 0.7071067811865475]}"
product,product,16.0,20566582,9,fixed,0.05,65536,fixed_density,4.0,2,1,shuffled_target,8.263970926691672e-06,{}
product,product,16.0,20566582,9,fixed,0.05,65536,fixed_density,4.0,2,1,analytic_volume,5.545177444479562,"{""source_dim"": 2}"
product,product,0.5,20560429,0,scaled_with_l,0.025,512,fixed_density,4.0,2,1,null,-0.003742369067175995,{}
product,product,0.5,20560429,0,scaled_with_l,0.025,512,fixed_density,4.0,2,1,identity,1.8058235685586932,"{""projection"": [[1.0], [0.0]]}"
product,product,0.5,20560429,0,scaled_with_l,0.025,512,fixed_density,4.0,2,1,gain_matched,0.014905480728021494,"{""gain_matrix"": [[0.004960065687786651], [0.01677771188008938]]}"
product,product,0.5,20560429,0,scaled_with_l,0.025,512,fixed_density,4.0,2,1,variance_matched,0.2951315026006637,"{""direction"": [0.7071067811865475, 0.7071067811865475]}"
product,product,0.5,20560429,0,scaled_with_l,0.025,512,fixed_density,4.0,2,1,shuffled_target,0.0005321904963293427,{}
product,product,0.5,20560429,0,scaled_with_l,0.025,512,fixed_density,4.0,2,1,analytic_volume,-1.3862943611198906,"{""source_dim"": 2}"
product,product,0.5,20560446,1,scaled_with_l,0.025,512,fixed_density,4.0,2,1,null,0.0029121057641311263,{}
product,product,0.5,20560446,1,scaled_with_l,0.025,512,fixed_density,4.0,2,1,identity,1.819516849078421,"{""projection"": [[1.0], [0.0]]}"
product,product,0.5,20560446,1,scaled_with_l,0.025,512,fixed_density,4.0,2,1,gain_matched,0.005697811156522455,"{""gain_matrix"": [[-0.0017583682913639084], [0.010992703624077893]]}"
product,product,0.5,20560446,1,scaled_with_l,0.025,512,fixed_density,4.0,2,1,variance_matched,0.2222810127376732,"{""direction"": [0.7071067811865475, 0.7071067811865475]}"
product,product,0.5,20560446,1,scaled_with_l,0.025,512,fixed_density,4.0,2,1,shuffled_target,-0.0015342972510363462,{}
product,product,0.5,20560446,1,scaled_with_l,0.025,512,fixed_density,4.0,2,1,analytic_volume,-1.3862943611198906,"{""source_dim"": 2}"
product,product,0.5,20560463,2,scaled_with_l,0.025,512,fixed_density,4.0,2,1,null,-0.00445443431880511,{}
product,product,0.5,20560463,2,scaled_with_l,0.025,512,fixed_density,4.0,2,1,identity,1.8290069676822545,"{""projection"": [[1.0], [0.0]]}"
product,product,0.5,20560463,2,scaled_with_l,0.025,512,fixed_density,4.0,2,1,gain_matched,0.005590175880171868,"{""gain_matrix"": [[0.017049094057507583], [-0.0017400880181204404]]}"
product,product,0.5,20560463,2,scaled_with_l,0.025,512,fixed_density,4.0,2,1,variance_matched,0.28893854813065767,"{""direction"": [0.7071067811865475, 0.7071067811865475]}"
product,product,0.5,20560463,2,scaled_with_l,0.025,512,fixed_density,4.0,2,1,shuffled_target,0.0007005208490218412,{}
product,product,0.5,20560463,2,scaled_with_l,0.025,512,fixed_density,4.0,2,1,analytic_volume,-1.3862943611198906,"{""source_dim"": 2}"
product,product,0.5,20560480,3,scaled_with_l,0.025,512,fixed_density,4.0,2,1,null,-0.0026243900351356516,{}
product,product,0.5,20560480,3,scaled_with_l,0.025,512,fixed_density,4.0,2,1,identity,1.7567457420162995,"{""projection"": [[1.0], [0.0]]}"
product,product,0.5,20560480,3,scaled_with_l,0.025,512,fixed_density,4.0,2,1,gain_matched,0.011233583097300461,"{""gain_matrix"": [[-0.011148382512853355], [0.0059134879109162585]]}"
product,product,0.5,20560480,3,scaled_with_l,0.025,512,fixed_density,4.0,2,1,variance_matched,0.28238905616495036,"{""direction"": [0.7071067811865475, 0.7071067811865475]}"
product,product,0.5,20560480,3,scaled_with_l,0.025,512,fixed_density,4.0,2,1,shuffled_target,-0.00029203238981572463,{}
product,product,0.5,20560480,3,scaled_with_l,0.025,512,fixed_density,4.0,2,1,analytic_volume,-1.3862943611198906,"{""source_dim"": 2}"
product,product,0.5,20560497,4,scaled_with_l,0.025,512,fixed_density,4.0,2,1,null,-0.0028606771094712986,{}
product,product,0.5,20560497,4,scaled_with_l,0.025,512,fixed_density,4.0,2,1,identity,1.7168873208536826,"{""projection"": [[1.0], [0.0]]}"
product,product,0.5,20560497,4,scaled_with_l,0.025,512,fixed_density,4.0,2,1,gain_matched,0.005355027732509056,"{""gain_matrix"": [[-0.012213700387363], [0.006717934794801576]]}"
product,product,0.5,20560497,4,scaled_with_l,0.025,512,fixed_density,4.0,2,1,variance_matched,0.22439186688144797,"{""direction"": [0.7071067811865475, 0.7071067811865475]}"
product,product,0.5,20560497,4,scaled_with_l,0.025,512,fixed_density,4.0,2,1,shuffled_target,8.214068369055737e-05,{}
product,product,0.5,20560497,4,scaled_with_l,0.025,512,fixed_density,4.0,2,1,analytic_volume,-1.3862943611198906,"{""source_dim"": 2}"
product,product,0.5,20560514,5,scaled_with_l,0.025,512,fixed_density,4.0,2,1,null,-0.0015087306194704326,{}
product,product,0.5,20560514,5,scaled_with_l,0.025,512,fixed_density,4.0,2,1,identity,1.811842764957126,"{""projection"": [[1.0], [0.0]]}"
product,product,0.5,20560514,5,scaled_with_l,0.025,512,fixed_density,4.0,2,1,gain_matched,0.002015803871686972,"{""gain_matrix"": [[0.008593430277640595], [0.010636413265401283]]}"
product,product,0.5,20560514,5,scaled_with_l,0.025,512,fixed_density,4.0,2,1,variance_matched,0.32096867464307555,"{""direction"": [0.7071067811865475, 0.7071067811865475]}"
product,product,0.5,20560514,5,scaled_with_l,0.025,512,fixed_density,4.0,2,1,shuffled_target,-0.0010271702667753253,{}
product,product,0.5,20560514,5,scaled_with_l,0.025,512,fixed_density,4.0,2,1,analytic_volume,-1.3862943611198906,"{""source_dim"": 2}"
product,product,0.5,20560531,6,scaled_with_l,0.025,512,fixed_density,4.0,2,1,null,-0.0025036811948322083,{}
product,product,0.5,20560531,6,scaled_with_l,0.025,512,fixed_density,4.0,2,1,identity,1.7994470793263189,"{""projection"": [[1.0], [0.0]]}"
product,product,0.5,20560531,6,scaled_with_l,0.025,512,fixed_density,4.0,2,1,gain_matched,0.0010871474482503285,"{""gain_matrix"": [[-0.01695230501459976], [-0.011727598818560923]]}"
product,product,0.5,20560531,6,scaled_with_l,0.025,512,fixed_density,4.0,2,1,variance_matched,0.26205034815745276,"{""direction"": [0.7071067811865475, 0.7071067811865475]}"
product,product,0.5,20560531,6,scaled_with_l,0.025,512,fixed_density,4.0,2,1,shuffled_target,-0.0029887457979599083,{}
product,product,0.5,20560531,6,scaled_with_l,0.025,512,fixed_density,4.0,2,1,analytic_volume,-1.3862943611198906,"{""source_dim"": 2}"
product,product,0.5,20560548,7,scaled_with_l,0.025,512,fixed_density,4.0,2,1,null,-0.003734579538805585,{}
product,product,0.5,20560548,7,scaled_with_l,0.025,512,fixed_density,4.0,2,1,identity,1.802389265303311,"{""projection"": [[1.0], [0.0]]}"
product,product,0.5,20560548,7,scaled_with_l,0.025,512,fixed_density,4.0,2,1,gain_matched,0.002582352072953125,"{""gain_matrix"": [[0.020903118129935404], [0.005016857916331828]]}"
product,product,0.5,20560548,7,scaled_with_l,0.025,512,fixed_density,4.0,2,1,variance_matched,0.25674245935797835,"{""direction"": [0.7071067811865475, 0.7071067811865475]}"
product,product,0.5,20560548,7,scaled_with_l,0.025,512,fixed_density,4.0,2,1,shuffled_target,-0.004238468509376177,{}
product,product,0.5,20560548,7,scaled_with_l,0.025,512,fixed_density,4.0,2,1,analytic_volume,-1.3862943611198906,"{""source_dim"": 2}"
product,product,0.5,20560565,8,scaled_with_l,0.025,512,fixed_density,4.0,2,1,null,-0.002044749473718339,{}
product,product,0.5,20560565,8,scaled_with_l,0.025,512,fixed_density,4.0,2,1,identity,1.7608001290582174,"{""projection"": [[1.0], [0.0]]}"
product,product,0.5,20560565,8,scaled_with_l,0.025,512,fixed_density,4.0,2,1,gain_matched,-0.001602293704896304,"{""gain_matrix"": [[0.0023113407140378434], [0.015072886706364804]]}"
product,product,0.5,20560565,8,scaled_with_l,0.025,512,fixed_density,4.0,2,1,variance_matched,0.2784962387725814,"{""direction"": [0.7071067811865475, 0.7071067811865475]}"
product,product,0.5,20560565,8,scaled_with_l,0.025,512,fixed_density,4.0,2,1,shuffled_target,-0.0011409692775595456,{}
product,product,0.5,20560565,8,scaled_with_l,0.025,512,fixed_density,4.0,2,1,analytic_volume,-1.3862943611198906,"{""source_dim"": 2}"
product,product,0.5,20560582,9,scaled_with_l,0.025,512,fixed_density,4.0,2,1,null,-0.0011833942919151335,{}
product,product,0.5,20560582,9,scaled_with_l,0.025,512,fixed_density,4.0,2,1,identity,1.769305462214922,"{""projection"": [[1.0], [0.0]]}"
product,product,0.5,20560582,9,scaled_with_l,0.025,512,fixed_density,4.0,2,1,gain_matched,-0.0023161242572998734,"{""gain_matrix"": [[0.011912499279220454], [-0.00019295491517704584]]}"
product,product,0.5,20560582,9,scaled_with_l,0.025,512,fixed_density,4.0,2,1,variance_matched,0.27077850609808946,"{""direction"": [0.7071067811865475, 0.7071067811865475]}"
product,product,0.5,20560582,9,scaled_with_l,0.025,512,fixed_density,4.0,2,1,shuffled_target,-0.003648193845015085,{}
product,product,0.5,20560582,9,scaled_with_l,0.025,512,fixed_density,4.0,2,1,analytic_volume,-1.3862943611198906,"{""source_dim"": 2}"
product,product,1.0,20561429,0,scaled_with_l,0.05,512,fixed_density,4.0,2,1,null,-0.001105752599939659,{}
product,product,1.0,20561429,0,scaled_with_l,0.05,512,fixed_density,4.0,2,1,identity,1.761209954061537,"{""projection"": [[1.0], [0.0]]}"
product,product,1.0,20561429,0,scaled_with_l,0.05,512,fixed_density,4.0,2,1,gain_matched,-0.0019455068311194832,"{""gain_matrix"": [[0.012806624203568262], [0.0011225583274318248]]}"
product,product,1.0,20561429,0,scaled_with_l,0.05,512,fixed_density,4.0,2,1,variance_matched,0.6023612424042625,"{""direction"": [0.7071067811865475, 0.7071067811865475]}"
product,product,1.0,20561429,0,scaled_with_l,0.05,512,fixed_density,4.0,2,1,shuffled_target,8.088119879890495e-05,{}
product,product,1.0,20561429,0,scaled_with_l,0.05,512,fixed_density,4.0,2,1,analytic_volume,0.0,"{""source_dim"": 2}"
product,product,1.0,20561446,1,scaled_with_l,0.05,512,fixed_density,4.0,2,1,null,-0.0027522866896592143,{}
product,product,1.0,20561446,1,scaled_with_l,0.05,512,fixed_density,4.0,2,1,identity,1.7520562016023762,"{""projection"": [[1.0], [0.0]]}"
product,product,1.0,20561446,1,scaled_with_l,0.05,512,fixed_density,4.0,2,1,gain_matched,0.005571830524593781,"{""gain_matrix"": [[0.014552635083725863], [-0.014612759637522368]]}"
product,product,1.0,20561446,1,scaled_with_l,0.05,512,fixed_density,4.0,2,1,variance_matched,0.6485691755955382,"{""direction"": [0.7071067811865475, 0.7071067811865475]}"
product,product,1.0,20561446,1,scaled_with_l,0.05,512,fixed_density,4.0,2,1,shuffled_target,3.909093897513883e-05,{}
product,product,1.0,20561446,1,scaled_with_l,0.05,512,fixed_density,4.0,2,1,analytic_volume,0.0,"{""source_dim"": 2}"
product,product,1.0,20561463,2,scaled_with_l,0.05,512,fixed_density,4.0,2,1,null,-0.0008824488307165174,{}
product,product,1.0,20561463,2,scaled_with_l,0.05,512,fixed_density,4.0,2,1,identity,1.737277385892235,"{""projection"": [[1.0], [0.0]]}"
product,product,1.0,20561463,2,scaled_with_l,0.05,512,fixed_density,4.0,2,1,gain_matched,0.002023774936665365,"{""gain_matrix"": [[0.009364639730215523], [-0.023573921670098315]]}"
product,product,1.0,20561463,2,scaled_with_l,0.05,512,fixed_density,4.0,2,1,variance_matched,0.6515636216071051,"{""direction"": [0.7071067811865475, 0.7071067811865475]}"
product,product,1.0,20561463,2,scaled_with_l,0.05,512,fixed_density,4.0,2,1,shuffled_target,-0.00011815362433695038,{}
product,product,1.0,20561463,2,scaled_with_l,0.05,512,fixed_density,4.0,2,1,analytic_volume,0.0,"{""source_dim"": 2}"
product,product,1.0,20561480,3,scaled_with_l,0.05,512,fixed_density,4.0,2,1,null,-0.0028209948412613517,{}
product,product,1.0,20561480,3,scaled_with_l,0.05,512,fixed_density,4.0,2,1,identity,1.7621121180289705,"{""projection"": [[1.0], [0.0]]}"
product,product,1.0,20561480,3,scaled_with_l,0.05,512,fixed_density,4.0,2,1,gain_matched,0.014607686233476889,"{""gain_matrix"": [[-0.0030789383651933077], [-0.023051129050023787]]}"
product,product,1.0,20561480,3,scaled_with_l,0.05,512,fixed_density,4.0,2,1,variance_matched,0.6537738159716674,"{""direction"": [0.7071067811865475, 0.7071067811865475]}"
product,product,1.0,20561480,3,scaled_with_l,0.05,512,fixed_density,4.0,2,1,shuffled_target,0.002619327224686658,{}
product,product,1.0,20561480,3,scaled_with_l,0.05,512,fixed_density,4.0,2,1,analytic_volume,0.0,"{""source_dim"": 2}"
product,product,1.0,20561497,4,scaled_with_l,0.05,512,fixed_density,4.0,2,1,null,-0.0011933936577870202,{}
product,product,1.0,20561497,4,scaled_with_l,0.05,512,fixed_density,4.0,2,1,identity,1.7397961852815664,"{""projection"": [[1.0], [0.0]]}"
product,product,1.0,20561497,4,scaled_with_l,0.05,512,fixed_density,4.0,2,1,gain_matched,0.007943227165172258,"{""gain_matrix"": [[-0.01150564209698683], [-0.012504347244823437]]}"
product,product,1.0,20561497,4,scaled_with_l,0.05,512,fixed_density,4.0,2,1,variance_matched,0.6049055616643126,"{""direction"": [0.7071067811865475, 0.7071067811865475]}"
product,product,1.0,20561497,4,scaled_with_l,0.05,512,fixed_density,4.0,2,1,shuffled_target,-0.00020782751844263501,{}
product,product,1.0,20561497,4,scaled_with_l,0.05,512,fixed_density,4.0,2,1,analytic_volume,0.0,"{""source_dim"": 2}"
product,product,1.0,20561514,5,scaled_with_l,0.05,512,fixed_density,4.0,2,1,null,-0.0014538990350539942,{}
product,product,1.0,20561514,5,scaled_with_l,0.05,512,fixed_density,4.0,2,1,identity,1.742610429600786,"{""projection"": [[1.0], [0.0]]}"
product,product,1.0,20561514,5,scaled_with_l,0.05,512,fixed_density,4.0,2,1,gain_matched,0.0010034151497765767,"{""gain_matrix"": [[-0.0048634597579288695], [-0.02042897069085881]]}"
product,product,1.0,20561514,5,scaled_with_l,0.05,512,fixed_density,4.0,2,1,variance_matched,0.657147946735837,"{""direction"": [0.7071067811865475, 0.7071067811865475]}"
product,product,1.0,20561514,5,scaled_with_l,0.05,512,fixed_density,4.0,2,1,shuffled_target,-0.0006203187262225941,{}
product,product,1.0,20561514,5,scaled_with_l,0.05,512,fixed_density,4.0,2,1,analytic_volume,0.0,"{""source_dim"": 2}"
product,product,1.0,20561531,6,scaled_with_l,0.05,512,fixed_density,4.0,2,1,null,-0.0009481851151396043,{}
product,product,1.0,20561531,6,scaled_with_l,0.05,512,fixed_density,4.0,2,1,identity,1.8022996533681894,"{""projection"": [[1.0], [0.0]]}"
product,product,1.0,20561531,6,scaled_with_l,0.05,512,fixed_density,4.0,2,1,gain_matched,0.0007453327473194845,"{""gain_matrix"": [[0.014125972404543167], [0.006887723564527344]]}"
product,product,1.0,20561531,6,scaled_with_l,0.05,512,fixed_density,4.0,2,1,variance_matched,0.6809553988645926,"{""direction"": [0.7071067811865475, 0.7071067811865475]}"
product,product,1.0,20561531,6,scaled_with_l,0.05,512,fixed_density,4.0,2,1,shuffled_target,-0.00029474376334383224,{}
product,product,1.0,20561531,6,scaled_with_l,0.05,512,fixed_density,4.0,2,1,analytic_volume,0.0,"{""source_dim"": 2}"
product,product,1.0,20561548,7,scaled_with_l,0.05,512,fixed_density,4.0,2,1,null,0.0004022156263205983,{}
product,product,1.0,20561548,7,scaled_with_l,0.05,512,fixed_density,4.0,2,1,identity,1.7465090629157276,"{""projection"": [[1.0], [0.0]]}"
product,product,1.0,20561548,7,scaled_with_l,0.05,512,fixed_density,4.0,2,1,gain_matched,0.011692762848610113,"{""gain_matrix"": [[0.008421378809621991], [-0.01743962298551378]]}"
product,product,1.0,20561548,7,scaled_with_l,0.05,512,fixed_density,4.0,2,1,variance_matched,0.6812247958399107,"{""direction"": [0.7071067811865475, 0.7071067811865475]}"
product,product,1.0,20561548,7,scaled_with_l,0.05,512,fixed_density,4.0,2,1,shuffled_target,0.009970290775719572,{}
product,product,1.0,20561548,7,scaled_with_l,0.05,512,fixed_density,4.0,2,1,analytic_volume,0.0,"{""source_dim"": 2}"
product,product,1.0,20561565,8,scaled_with_l,0.05,512,fixed_density,4.0,2,1,null,-0.0023156960009822272,{}
product,product,1.0,20561565,8,scaled_with_l,0.05,512,fixed_density,4.0,2,1,identity,1.8051175608276586,"{""projection"": [[1.0], [0.0]]}"
product,product,1.0,20561565,8,scaled_with_l,0.05,512,fixed_density,4.0,2,1,gain_matched,0.0014407707983318382,"{""gain_matrix"": [[0.008933745159437682], [-0.011122329979241622]]}"
product,product,1.0,20561565,8,scaled_with_l,0.05,512,fixed_density,4.0,2,1,variance_matched,0.7139705925746158,"{""direction"": [0.7071067811865475, 0.7071067811865475]}"
product,product,1.0,20561565,8,scaled_with_l,0.05,512,fixed_density,4.0,2,1,shuffled_target,0.004010383356790507,{}
product,product,1.0,20561565,8,scaled_with_l,0.05,512,fixed_density,4.0,2,1,analytic_volume,0.0,"{""source_dim"": 2}"
product,product,1.0,20561582,9,scaled_with_l,0.05,512,fixed_density,4.0,2,1,null,-0.002154066260550404,{}
product,product,1.0,20561582,9,scaled_with_l,0.05,512,fixed_density,4.0,2,1,identity,1.7368498388163105,"{""projection"": [[1.0], [0.0]]}"
product,product,1.0,20561582,9,scaled_with_l,0.05,512,fixed_density,4.0,2,1,gain_matched,0.01395797635245355,"{""gain_matrix"": [[-0.023632595431572517], [0.0005030554931534886]]}"
product,product,1.0,20561582,9,scaled_with_l,0.05,512,fixed_density,4.0,2,1,variance_matched,0.6721109730517086,"{""direction"": [0.7071067811865475, 0.7071067811865475]}"
product,product,1.0,20561582,9,scaled_with_l,0.05,512,fixed_density,4.0,2,1,shuffled_target,-0.0013706770568526275,{}
product,product,1.0,20561582,9,scaled_with_l,0.05,512,fixed_density,4.0,2,1,analytic_volume,0.0,"{""source_dim"": 2}"
product,product,2.0,20562429,0,scaled_with_l,0.1,1024,fixed_density,4.0,2,1,null,-0.001089240126475196,{}
product,product,2.0,20562429,0,scaled_with_l,0.1,1024,fixed_density,4.0,2,1,identity,1.7413749984084514,"{""projection"": [[1.0], [0.0]]}"
product,product,2.0,20562429,0,scaled_with_l,0.1,1024,fixed_density,4.0,2,1,gain_matched,0.018144041086596806,"{""gain_matrix"": [[-0.028598185014833525], [0.011988537344688124]]}"
product,product,2.0,20562429,0,scaled_with_l,0.1,1024,fixed_density,4.0,2,1,variance_matched,1.2251052884395364,"{""direction"": [0.7071067811865475, 0.7071067811865475]}"
product,product,2.0,20562429,0,scaled_with_l,0.1,1024,fixed_density,4.0,2,1,shuffled_target,0.000282413759277633,{}
product,product,2.0,20562429,0,scaled_with_l,0.1,1024,fixed_density,4.0,2,1,analytic_volume,1.3862943611198906,"{""source_dim"": 2}"
product,product,2.0,20562446,1,scaled_with_l,0.1,1024,fixed_density,4.0,2,1,null,0.003273457575843068,{}
product,product,2.0,20562446,1,scaled_with_l,0.1,1024,fixed_density,4.0,2,1,identity,1.777170105967432,"{""projection"": [[1.0], [0.0]]}"
product,product,2.0,20562446,1,scaled_with_l,0.1,1024,fixed_density,4.0,2,1,gain_matched,0.011369500870030212,"{""gain_matrix"": [[0.0023545605456023414], [0.021235994804169205]]}"
product,product,2.0,20562446,1,scaled_with_l,0.1,1024,fixed_density,4.0,2,1,variance_matched,1.2308808411906855,"{""direction"": [0.7071067811865475, 0.7071067811865475]}"
product,product,2.0,20562446,1,scaled_with_l,0.1,1024,fixed_density,4.0,2,1,shuffled_target,-0.0006982526718255715,{}
product,product,2.0,20562446,1,scaled_with_l,0.1,1024,fixed_density,4.0,2,1,analytic_volume,1.3862943611198906,"{""source_dim"": 2}"
product,product,2.0,20562463,2,scaled_with_l,0.1,1024,fixed_density,4.0,2,1,null,-0.00028286234022862245,{}
product,product,2.0,20562463,2,scaled_with_l,0.1,1024,fixed_density,4.0,2,1,identity,1.7472225421861145,"{""projection"": [[1.0], [0.0]]}"
product,product,2.0,20562463,2,scaled_with_l,0.1,1024,fixed_density,4.0,2,1,gain_matched,0.008093621329820522,"{""gain_matrix"": [[0.004806283144703371], [-0.025134065162352275]]}"
product,product,2.0,20562463,2,scaled_with_l,0.1,1024,fixed_density,4.0,2,1,variance_matched,1.2048610082705054,"{""direction"": [0.7071067811865475, 0.7071067811865475]}"
product,product,2.0,20562463,2,scaled_with_l,0.1,1024,fixed_density,4.0,2,1,shuffled_target,0.0010995309636224922,{}
product,product,2.0,20562463,2,scaled_with_l,0.1,1024,fixed_density,4.0,2,1,analytic_volume,1.3862943611198906,"{""source_dim"": 2}"
product,product,2.0,20562480,3,scaled_with_l,0.1,1024,fixed_density,4.0,2,1,null,-0.0005196278538292605,{}
product,product,2.0,20562480,3,scaled_with_l,0.1,1024,fixed_density,4.0,2,1,identity,1.758795038058158,"{""projection"": [[1.0], [0.0]]}"
product,product,2.0,20562480,3,scaled_with_l,0.1,1024,fixed_density,4.0,2,1,gain_matched,0.03635469411097679,"{""gain_matrix"": [[-0.03450019240695362], [-0.029139534453759258]]}"
product,product,2.0,20562480,3,scaled_with_l,0.1,1024,fixed_density,4.0,2,1,variance_matched,1.2788962943074746,"{""direction"": [0.7071067811865475, 0.7071067811865475]}"
product,product,2.0,20562480,3,scaled_with_l,0.1,1024,fixed_density,4.0,2,1,shuffled_target,-0.00109578077533529,{}
product,product,2.0,20562480,3,scaled_with_l,0.1,1024,fixed_density,4.0,2,1,analytic_volume,1.3862943611198906,"{""source_dim"": 2}"
product,product,2.0,20562497,4,scaled_with_l,0.1,1024,fixed_density,4.0,2,1,null,-0.002045798022918823,{}
product,product,2.0,20562497,4,scaled_with_l,0.1,1024,fixed_density,4.0,2,1,identity,1.7956366329775557,"{""projection"": [[1.0], [0.0]]}"
product,product,2.0,20562497,4,scaled_with_l,0.1,1024,fixed_density,4.0,2,1,gain_matched,0.0333660734310978,"{""gain_matrix"": [[0.04609472744929385], [-0.026866017060695673]]}"
product,product,2.0,20562497,4,scaled_with_l,0.1,1024,fixed_density,4.0,2,1,variance_matched,1.2279870067608254,"{""direction"": [0.7071067811865475, 0.7071067811865475]}"
product,product,2.0,20562497,4,scaled_with_l,0.1,1024,fixed_density,4.0,2,1,shuffled_target,0.0012327109064613024,{}
product,product,2.0,20562497,4,scaled_with_l,0.1,1024,fixed_density,4.0,2,1,analytic_volume,1.3862943611198906,"{""source_dim"": 2}"
product,product,2.0,20562514,5,scaled_with_l,0.1,1024,fixed_density,4.0,2,1,null,0.0033939009212688217,{}
product,product,2.0,20562514,5,scaled_with_l,0.1,1024,fixed_density,4.0,2,1,identity,1.8001709846566287,"{""projection"": [[1.0], [0.0]]}"
product,product,2.0,20562514,5,scaled_with_l,0.1,1024,fixed_density,4.0,2,1,gain_matched,0.0018945325978968943,"{""gain_matrix"": [[0.011190739873728631], [-0.010464939339816726]]}"
product,product,2.0,20562514,5,scaled_with_l,0.1,1024,fixed_density,4.0,2,1,variance_matched,1.2534126998346466,"{""direction"": [0.7071067811865475, 0.7071067811865475]}"
product,product,2.0,20562514,5,scaled_with_l,0.1,1024,fixed_density,4.0,2,1,shuffled_target,-0.0005186460711795928,{}
product,product,2.0,20562514,5,scaled_with_l,0.1,1024,fixed_density,4.0,2,1,analytic_volume,1.3862943611198906,"{""source_dim"": 2}"
product,product,2.0,20562531,6,scaled_with_l,0.1,1024,fixed_density,4.0,2,1,null,0.0012898170954809048,{}
product,product,2.0,20562531,6,scaled_with_l,0.1,1024,fixed_density,4.0,2,1,identity,1.7858886329062167,"{""projection"": [[1.0], [0.0]]}"
product,product,2.0,20562531,6,scaled_with_l,0.1,1024,fixed_density,4.0,2,1,gain_matched,0.05550193566577964,"{""gain_matrix"": [[-0.034277599934000445], [0.05070855316675772]]}"
product,product,2.0,20562531,6,scaled_with_l,0.1,1024,fixed_density,4.0,2,1,variance_matched,1.2234769078429386,"{""direction"": [0.7071067811865475, 0.7071067811865475]}"
product,product,2.0,20562531,6,scaled_with_l,0.1,1024,fixed_density,4.0,2,1,shuffled_target,0.0030795900549891774,{}
product,product,2.0,20562531,6,scaled_with_l,0.1,1024,fixed_density,4.0,2,1,analytic_volume,1.3862943611198906,"{""source_dim"": 2}"
product,product,2.0,20562548,7,scaled_with_l,0.1,1024,fixed_density,4.0,2,1,null,-0.0009702320264469416,{}
product,product,2.0,20562548,7,scaled_with_l,0.1,1024,fixed_density,4.0,2,1,identity,1.8077867056174808,"{""projection"": [[1.0], [0.0]]}"
product,product,2.0,20562548,7,scaled_with_l,0.1,1024,fixed_density,4.0,2,1,gain_matched,0.030162605266129756,"{""gain_matrix"": [[0.02519543095305072], [-0.03014695551242603]]}"
product,product,2.0,20562548,7,scaled_with_l,0.1,1024,fixed_density,4.0,2,1,variance_matched,1.2627226381725305,"{""direction"": [0.7071067811865475, 0.7071067811865475]}"
product,product,2.0,20562548,7,scaled_with_l,0.1,1024,fixed_density,4.0,2,1,shuffled_target,0.0027579100642450547,{}
product,product,2.0,20562548,7,scaled_with_l,0.1,1024,fixed_density,4.0,2,1,analytic_volume,1.3862943611198906,"{""source_dim"": 2}"
product,product,2.0,20562565,8,scaled_with_l,0.1,1024,fixed_density,4.0,2,1,null,-0.0019416584376925814,{}
product,product,2.0,20562565,8,scaled_with_l,0.1,1024,fixed_density,4.0,2,1,identity,1.7268503285690309,"{""projection"": [[1.0], [0.0]]}"
product,product,2.0,20562565,8,scaled_with_l,0.1,1024,fixed_density,4.0,2,1,gain_matched,0.04442066603944034,"{""gain_matrix"": [[-0.04402226927561981], [0.030338942563435004]]}"
product,product,2.0,20562565,8,scaled_with_l,0.1,1024,fixed_density,4.0,2,1,variance_matched,1.2200151212254031,"{""direction"": [0.7071067811865475, 0.7071067811865475]}"
product,product,2.0,20562565,8,scaled_with_l,0.1,1024,fixed_density,4.0,2,1,shuffled_target,-0.0004795291259147437,{}
product,product,2.0,20562565,8,scaled_with_l,0.1,1024,fixed_density,4.0,2,1,analytic_volume,1.3862943611198906,"{""source_dim"": 2}"
product,product,2.0,20562582,9,scaled_with_l,0.1,1024,fixed_density,4.0,2,1,null,-0.0011038375496980814,{}
product,product,2.0,20562582,9,scaled_with_l,0.1,1024,fixed_density,4.0,2,1,identity,1.7685810563957665,"{""projection"": [[1.0], [0.0]]}"
product,product,2.0,20562582,9,scaled_with_l,0.1,1024,fixed_density,4.0,2,1,gain_matched,0.018306725719247352,"{""gain_matrix"": [[-0.0038659153995546057], [-0.026066520558825496]]}"
product,product,2.0,20562582,9,scaled_with_l,0.1,1024,fixed_density,4.0,2,1,variance_matched,1.3057954425165108,"{""direction"": [0.7071067811865475, 0.7071067811865475]}"
product,product,2.0,20562582,9,scaled_with_l,0.1,1024,fixed_density,4.0,2,1,shuffled_target,-0.0014320790868195587,{}
product,product,2.0,20562582,9,scaled_with_l,0.1,1024,fixed_density,4.0,2,1,analytic_volume,1.3862943611198906,"{""source_dim"": 2}"
product,product,4.0,20563429,0,scaled_with_l,0.2,4096,fixed_density,4.0,2,1,null,-0.00044127583512548713,{}
product,product,4.0,20563429,0,scaled_with_l,0.2,4096,fixed_density,4.0,2,1,identity,1.7776420935983013,"{""projection"": [[1.0], [0.0]]}"
product,product,4.0,20563429,0,scaled_with_l,0.2,4096,fixed_density,4.0,2,1,gain_matched,0.021983420342549118,"{""gain_matrix"": [[-0.0339530032310481], [-0.008179030124468962]]}"
product,product,4.0,20563429,0,scaled_with_l,0.2,4096,fixed_density,4.0,2,1,variance_matched,1.9322584201901867,"{""direction"": [0.7071067811865475, 0.7071067811865475]}"
product,product,4.0,20563429,0,scaled_with_l,0.2,4096,fixed_density,4.0,2,1,shuffled_target,-5.996051108948379e-05,{}
product,product,4.0,20563429,0,scaled_with_l,0.2,4096,fixed_density,4.0,2,1,analytic_volume,2.772588722239781,"{""source_dim"": 2}"
product,product,4.0,20563446,1,scaled_with_l,0.2,4096,fixed_density,4.0,2,1,null,0.0003862605187127377,{}
product,product,4.0,20563446,1,scaled_with_l,0.2,4096,fixed_density,4.0,2,1,identity,1.7457380884118225,"{""projection"": [[1.0], [0.0]]}"
product,product,4.0,20563446,1,scaled_with_l,0.2,4096,fixed_density,4.0,2,1,gain_matched,0.030858862419640046,"{""gain_matrix"": [[-0.0013892729455180397], [-0.03971388098369981]]}"
product,product,4.0,20563446,1,scaled_with_l,0.2,4096,fixed_density,4.0,2,1,variance_matched,1.8990290646200392,"{""direction"": [0.7071067811865475, 0.7071067811865475]}"
product,product,4.0,20563446,1,scaled_with_l,0.2,4096,fixed_density,4.0,2,1,shuffled_target,-5.070902345590228e-05,{}
product,product,4.0,20563446,1,scaled_with_l,0.2,4096,fixed_density,4.0,2,1,analytic_volume,2.772588722239781,"{""source_dim"": 2}"
product,product,4.0,20563463,2,scaled_with_l,0.2,4096,fixed_density,4.0,2,1,null,-0.0002893394940354378,{}
product,product,4.0,20563463,2,scaled_with_l,0.2,4096,fixed_density,4.0,2,1,identity,1.7718464029966667,"{""projection"": [[1.0], [0.0]]}"
product,product,4.0,20563463,2,scaled_with_l,0.2,4096,fixed_density,4.0,2,1,gain_matched,0.02660477522589611,"{""gain_matrix"": [[0.001416401106566368], [0.04389644926135427]]}"
product,product,4.0,20563463,2,scaled_with_l,0.2,4096,fixed_density,4.0,2,1,variance_matched,1.9217733604807128,"{""direction"": [0.7071067811865475, 0.7071067811865475]}"
product,product,4.0,20563463,2,scaled_with_l,0.2,4096,fixed_density,4.0,2,1,shuffled_target,-0.0002486425541163555,{}
product,product,4.0,20563463,2,scaled_with_l,0.2,4096,fixed_density,4.0,2,1,analytic_volume,2.772588722239781,"{""source_dim"": 2}"
product,product,4.0,20563480,3,scaled_with_l,0.2,4096,fixed_density,4.0,2,1,null,-0.00037840216666306644,{}
product,product,4.0,20563480,3,scaled_with_l,0.2,4096,fixed_density,4.0,2,1,identity,1.762931257871462,"{""projection"": [[1.0], [0.0]]}"
product,product,4.0,20563480,3,scaled_with_l,0.2,4096,fixed_density,4.0,2,1,gain_matched,0.015211219706252804,"{""gain_matrix"": [[-0.022995650595826356], [-0.026854270654591866]]}"
product,product,4.0,20563480,3,scaled_with_l,0.2,4096,fixed_density,4.0,2,1,variance_matched,1.910571095338843,"{""direction"": [0.7071067811865475, 0.7071067811865475]}"
product,product,4.0,20563480,3,scaled_with_l,0.2,4096,fixed_density,4.0,2,1,shuffled_target,-0.00018719275446756658,{}
product,product,4.0,20563480,3,scaled_with_l,0.2,4096,fixed_density,4.0,2,1,analytic_volume,2.772588722239781,"{""source_dim"": 2}"
product,product,4.0,20563497,4,scaled_with_l,0.2,4096,fixed_density,4.0,2,1,null,0.00014938218846834817,{}
product,product,4.0,20563497,4,scaled_with_l,0.2,4096,fixed_density,4.0,2,1,identity,1.7800875695449063,"{""projection"": [[1.0], [0.0]]}"
product,product,4.0,20563497,4,scaled_with_l,0.2,4096,fixed_density,4.0,2,1,gain_matched,0.023469947574969542,"{""gain_matrix"": [[-0.04134448034266441], [0.007831389150960577]]}"
product,product,4.0,20563497,4,scaled_with_l,0.2,4096,fixed_density,4.0,2,1,variance_matched,1.9136622257165774,"{""direction"": [0.7071067811865475, 0.7071067811865475]}"
product,product,4.0,20563497,4,scaled_with_l,0.2,4096,fixed_density,4.0,2,1,shuffled_target,0.0004105071388515407,{}
product,product,4.0,20563497,4,scaled_with_l,0.2,4096,fixed_density,4.0,2,1,analytic_volume,2.772588722239781,"{""source_dim"": 2}"
product,product,4.0,20563514,5,scaled_with_l,0.2,4096,fixed_density,4.0,2,1,null,-0.0002801729528083692,{}
product,product,4.0,20563514,5,scaled_with_l,0.2,4096,fixed_density,4.0,2,1,identity,1.7714013699506,"{""projection"": [[1.0], [0.0]]}"
product,product,4.0,20563514,5,scaled_with_l,0.2,4096,fixed_density,4.0,2,1,gain_matched,0.01701341397351161,"{""gain_matrix"": [[-0.017721965572181583], [0.024281668810926416]]}"
product,product,4.0,20563514,5,scaled_with_l,0.2,4096,fixed_density,4.0,2,1,variance_matched,1.9173497795988332,"{""direction"": [0.7071067811865475, 0.7071067811865475]}"
product,product,4.0,20563514,5,scaled_with_l,0.2,4096,fixed_density,4.0,2,1,shuffled_target,-0.0003867617047671806,{}
product,product,4.0,20563514,5,scaled_with_l,0.2,4096,fixed_density,4.0,2,1,analytic_volume,2.772588722239781,"{""source_dim"": 2}"
product,product,4.0,20563531,6,scaled_with_l,0.2,4096,fixed_density,4.0,2,1,null,0.00044582493227494,{}
product,product,4.0,20563531,6,scaled_with_l,0.2,4096,fixed_density,4.0,2,1,identity,1.7791991118916592,"{""projection"": [[1.0], [0.0]]}"
product,product,4.0,20563531,6,scaled_with_l,0.2,4096,fixed_density,4.0,2,1,gain_matched,0.0140047336486412,"{""gain_matrix"": [[-0.00877438462199886], [-0.026731056084168002]]}"
product,product,4.0,20563531,6,scaled_with_l,0.2,4096,fixed_density,4.0,2,1,variance_matched,1.9116715861941889,"{""direction"": [0.7071067811865475, 0.7071067811865475]}"
product,product,4.0,20563531,6,scaled_with_l,0.2,4096,fixed_density,4.0,2,1,shuffled_target,-0.0003086995038972186,{}
product,product,4.0,20563531,6,scaled_with_l,0.2,4096,fixed_density,4.0,2,1,analytic_volume,2.772588722239781,"{""source_dim"": 2}"
product,product,4.0,20563548,7,scaled_with_l,0.2,4096,fixed_density,4.0,2,1,null,-0.0002661816869462195,{}
product,product,4.0,20563548,7,scaled_with_l,0.2,4096,fixed_density,4.0,2,1,identity,1.7746743043995017,"{""projection"": [[1.0], [0.0]]}"
product,product,4.0,20563548,7,scaled_with_l,0.2,4096,fixed_density,4.0,2,1,gain_matched,0.03063885018000599,"{""gain_matrix"": [[-0.037670763315895514], [-0.024135813297627463]]}"
product,product,4.0,20563548,7,scaled_with_l,0.2,4096,fixed_density,4.0,2,1,variance_matched,1.9192864133065557,"{""direction"": [0.7071067811865475, 0.7071067811865475]}"
product,product,4.0,20563548,7,scaled_with_l,0.2,4096,fixed_density,4.0,2,1,shuffled_target,0.00028146945979982746,{}
product,product,4.0,20563548,7,scaled_with_l,0.2,4096,fixed_density,4.0,2,1,analytic_volume,2.772588722239781,"{""source_dim"": 2}"
product,product,4.0,20563565,8,scaled_with_l,0.2,4096,fixed_density,4.0,2,1,null,-0.00036936112906212765,{}
product,product,4.0,20563565,8,scaled_with_l,0.2,4096,fixed_density,4.0,2,1,identity,1.777948164615308,"{""projection"": [[1.0], [0.0]]}"
product,product,4.0,20563565,8,scaled_with_l,0.2,4096,fixed_density,4.0,2,1,gain_matched,0.020204127669233404,"{""gain_matrix"": [[0.013340928359574239], [-0.03527626985802975]]}"
product,product,4.0,20563565,8,scaled_with_l,0.2,4096,fixed_density,4.0,2,1,variance_matched,1.9481479108744142,"{""direction"": [0.7071067811865475, 0.7071067811865475]}"
product,product,4.0,20563565,8,scaled_with_l,0.2,4096,fixed_density,4.0,2,1,shuffled_target,0.00035499508985947477,{}
product,product,4.0,20563565,8,scaled_with_l,0.2,4096,fixed_density,4.0,2,1,analytic_volume,2.772588722239781,"{""source_dim"": 2}"
product,product,4.0,20563582,9,scaled_with_l,0.2,4096,fixed_density,4.0,2,1,null,0.0003148404912324195,{}
product,product,4.0,20563582,9,scaled_with_l,0.2,4096,fixed_density,4.0,2,1,identity,1.7489093643511975,"{""projection"": [[1.0], [0.0]]}"
product,product,4.0,20563582,9,scaled_with_l,0.2,4096,fixed_density,4.0,2,1,gain_matched,0.009131906284691283,"{""gain_matrix"": [[-0.020531970160121357], [-0.015322754379332833]]}"
product,product,4.0,20563582,9,scaled_with_l,0.2,4096,fixed_density,4.0,2,1,variance_matched,1.9055265475464884,"{""direction"": [0.7071067811865475, 0.7071067811865475]}"
product,product,4.0,20563582,9,scaled_with_l,0.2,4096,fixed_density,4.0,2,1,shuffled_target,-0.00020405555537590263,{}
product,product,4.0,20563582,9,scaled_with_l,0.2,4096,fixed_density,4.0,2,1,analytic_volume,2.772588722239781,"{""source_dim"": 2}"
product,product,8.0,20564429,0,scaled_with_l,0.4,16384,fixed_density,4.0,2,1,null,6.92628728953149e-05,{}
product,product,8.0,20564429,0,scaled_with_l,0.4,16384,fixed_density,4.0,2,1,identity,1.78380809229632,"{""projection"": [[1.0], [0.0]]}"
product,product,8.0,20564429,0,scaled_with_l,0.4,16384,fixed_density,4.0,2,1,gain_matched,0.0185901413138633,"{""gain_matrix"": [[0.020873039606672777], [0.02356432500748724]]}"
product,product,8.0,20564429,0,scaled_with_l,0.4,16384,fixed_density,4.0,2,1,variance_matched,2.5829825988065265,"{""direction"": [0.7071067811865475, 0.7071067811865475]}"
product,product,8.0,20564429,0,scaled_with_l,0.4,16384,fixed_density,4.0,2,1,shuffled_target,-1.591109083401554e-05,{}
product,product,8.0,20564429,0,scaled_with_l,0.4,16384,fixed_density,4.0,2,1,analytic_volume,4.1588830833596715,"{""source_dim"": 2}"
product,product,8.0,20564446,1,scaled_with_l,0.4,16384,fixed_density,4.0,2,1,null,-3.0546193892584173e-06,{}
product,product,8.0,20564446,1,scaled_with_l,0.4,16384,fixed_density,4.0,2,1,identity,1.7640196123720517,"{""projection"": [[1.0], [0.0]]}"
product,product,8.0,20564446,1,scaled_with_l,0.4,16384,fixed_density,4.0,2,1,gain_matched,0.021428264729249406,"{""gain_matrix"": [[0.002602632431300723], [0.03499746122687955]]}"
product,product,8.0,20564446,1,scaled_with_l,0.4,16384,fixed_density,4.0,2,1,variance_matched,2.5912721444214464,"{""direction"": [0.7071067811865475, 0.7071067811865475]}"
product,product,8.0,20564446,1,scaled_with_l,0.4,16384,fixed_density,4.0,2,1,shuffled_target,-7.097392453151523e-05,{}
product,product,8.0,20564446,1,scaled_with_l,0.4,16384,fixed_density,4.0,2,1,analytic_volume,4.1588830833596715,"{""source_dim"": 2}"
product,product,8.0,20564463,2,scaled_with_l,0.4,16384,fixed_density,4.0,2,1,null,4.1091926631529175e-05,{}
product,product,8.0,20564463,2,scaled_with_l,0.4,16384,fixed_density,4.0,2,1,identity,1.7701233194035506,"{""projection"": [[1.0], [0.0]]}"
product,product,8.0,20564463,2,scaled_with_l,0.4,16384,fixed_density,4.0,2,1,gain_matched,0.039878198463707985,"{""gain_matrix"": [[-0.009980243056584893], [-0.04862580436034513]]}"
product,product,8.0,20564463,2,scaled_with_l,0.4,16384,fixed_density,4.0,2,1,variance_matched,2.5845789355529565,"{""direction"": [0.7071067811865475, 0.7071067811865475]}"
product,product,8.0,20564463,2,scaled_with_l,0.4,16384,fixed_density,4.0,2,1,shuffled_target,5.877700085512425e-05,{}
product,product,8.0,20564463,2,scaled_with_l,0.4,16384,fixed_density,4.0,2,1,analytic_volume,4.1588830833596715,"{""source_dim"": 2}"
product,product,8.0,20564480,3,scaled_with_l,0.4,16384,fixed_density,4.0,2,1,null,4.293852843300359e-05,{}
product,product,8.0,20564480,3,scaled_with_l,0.4,16384,fixed_density,4.0,2,1,identity,1.7777609849521467,"{""projection"": [[1.0], [0.0]]}"
product,product,8.0,20564480,3,scaled_with_l,0.4,16384,fixed_density,4.0,2,1,gain_matched,0.01597130028859382,"{""gain_matrix"": [[0.02503989504605803], [0.023304181734275807]]}"
product,product,8.0,20564480,3,scaled_with_l,0.4,16384,fixed_density,4.0,2,1,variance_matched,2.5988472091325727,"{""direction"": [0.7071067811865475, 0.7071067811865475]}"
product,product,8.0,20564480,3,scaled_with_l,0.4,16384,fixed_density,4.0,2,1,shuffled_target,-6.906627909825859e-05,{}
product,product,8.0,20564480,3,scaled_with_l,0.4,16384,fixed_density,4.0,2,1,analytic_volume,4.1588830833596715,"{""source_dim"": 2}"
product,product,8.0,20564497,4,scaled_with_l,0.4,16384,fixed_density,4.0,2,1,null,-4.126588143835165e-05,{}
product,product,8.0,20564497,4,scaled_with_l,0.4,16384,fixed_density,4.0,2,1,identity,1.7759029126528838,"{""projection"": [[1.0], [0.0]]}"
product,product,8.0,20564497,4,scaled_with_l,0.4,16384,fixed_density,4.0,2,1,gain_matched,0.005980271253298961,"{""gain_matrix"": [[-0.008922028380188898], [-0.017181265845123462]]}"
product,product,8.0,20564497,4,scaled_with_l,0.4,16384,fixed_density,4.0,2,1,variance_matched,2.6013308008135976,"{""direction"": [0.7071067811865475, 0.7071067811865475]}"
product,product,8.0,20564497,4,scaled_with_l,0.4,16384,fixed_density,4.0,2,1,shuffled_target,-5.6333112101860446e-06,{}
product,product,8.0,20564497,4,scaled_with_l,0.4,16384,fixed_density,4.0,2,1,analytic_volume,4.1588830833596715,"{""source_dim"": 2}"
product,product,8.0,20564514,5,scaled_with_l,0.4,16384,fixed_density,4.0,2,1,null,-6.488836700181111e-05,{}
product,product,8.0,20564514,5,scaled_with_l,0.4,16384,fixed_density,4.0,2,1,identity,1.7630759811133503,"{""projection"": [[1.0], [0.0]]}"
product,product,8.0,20564514,5,scaled_with_l,0.4,16384,fixed_density,4.0,2,1,gain_matched,0.025937621531053806,"{""gain_matrix"": [[0.026688284860534064], [0.028476615436260965]]}"
product,product,8.0,20564514,5,scaled_with_l,0.4,16384,fixed_density,4.0,2,1,variance_matched,2.5738159121925555,"{""direction"": [0.7071067811865475, 0.7071067811865475]}"
product,product,8.0,20564514,5,scaled_with_l,0.4,16384,fixed_density,4.0,2,1,shuffled_target,-0.00012082573421524914,{}
product,product,8.0,20564514,5,scaled_with_l,0.4,16384,fixed_density,4.0,2,1,analytic_volume,4.1588830833596715,"{""source_dim"": 2}"
product,product,8.0,20564531,6,scaled_with_l,0.4,16384,fixed_density,4.0,2,1,null,-4.163076663041439e-05,{}
product,product,8.0,20564531,6,scaled_with_l,0.4,16384,fixed_density,4.0,2,1,identity,1.7636063101579427,"{""projection"": [[1.0], [0.0]]}"
product,product,8.0,20564531,6,scaled_with_l,0.4,16384,fixed_density,4.0,2,1,gain_matched,0.02507476371634066,"{""gain_matrix"": [[-0.028115495441388107], [0.024948378356181272]]}"
product,product,8.0,20564531,6,scaled_with_l,0.4,16384,fixed_density,4.0,2,1,variance_matched,2.588363614423322,"{""direction"": [0.7071067811865475, 0.7071067811865475]}"
product,product,8.0,20564531,6,scaled_with_l,0.4,16384,fixed_density,4.0,2,1,shuffled_target,-1.3836398254126462e-05,{}
product,product,8.0,20564531,6,scaled_with_l,0.4,16384,fixed_density,4.0,2,1,analytic_volume,4.1588830833596715,"{""source_dim"": 2}"
product,product,8.0,20564548,7,scaled_with_l,0.4,16384,fixed_density,4.0,2,1,null,0.00011092826763844856,{}
product,product,8.0,20564548,7,scaled_with_l,0.4,16384,fixed_density,4.0,2,1,identity,1.7678252074294631,"{""projection"": [[1.0], [0.0]]}"
product,product,8.0,20564548,7,scaled_with_l,0.4,16384,fixed_density,4.0,2,1,gain_matched,0.013608837577208252,"{""gain_matrix"": [[0.02840880366552492], [0.00465882220869572]]}"
product,product,8.0,20564548,7,scaled_with_l,0.4,16384,fixed_density,4.0,2,1,variance_matched,2.591653600937337,"{""direction"": [0.7071067811865475, 0.7071067811865475]}"
product,product,8.0,20564548,7,scaled_with_l,0.4,16384,fixed_density,4.0,2,1,shuffled_target,0.00031532005174338964,{}
product,product,8.0,20564548,7,scaled_with_l,0.4,16384,fixed_density,4.0,2,1,analytic_volume,4.1588830833596715,"{""source_dim"": 2}"
product,product,8.0,20564565,8,scaled_with_l,0.4,16384,fixed_density,4.0,2,1,null,4.738582128185187e-05,{}
product,product,8.0,20564565,8,scaled_with_l,0.4,16384,fixed_density,4.0,2,1,identity,1.7679490915026368,"{""projection"": [[1.0], [0.0]]}"
product,product,8.0,20564565,8,scaled_with_l,0.4,16384,fixed_density,4.0,2,1,gain_matched,0.003748618391878897,"{""gain_matrix"": [[-0.001431051369008065], [-0.01391216123065802]]}"
product,product,8.0,20564565,8,scaled_with_l,0.4,16384,fixed_density,4.0,2,1,variance_matched,2.596284697765099,"{""direction"": [0.7071067811865475, 0.7071067811865475]}"
product,product,8.0,20564565,8,scaled_with_l,0.4,16384,fixed_density,4.0,2,1,shuffled_target,2.285359324303874e-05,{}
product,product,8.0,20564565,8,scaled_with_l,0.4,16384,fixed_density,4.0,2,1,analytic_volume,4.1588830833596715,"{""source_dim"": 2}"
product,product,8.0,20564582,9,scaled_with_l,0.4,16384,fixed_density,4.0,2,1,null,6.59279082023072e-05,{}
product,product,8.0,20564582,9,scaled_with_l,0.4,16384,fixed_density,4.0,2,1,identity,1.7600212890386118,"{""projection"": [[1.0], [0.0]]}"
product,product,8.0,20564582,9,scaled_with_l,0.4,16384,fixed_density,4.0,2,1,gain_matched,0.0031353489313328347,"{""gain_matrix"": [[0.011796037029119529], [-0.006987374858522753]]}"
product,product,8.0,20564582,9,scaled_with_l,0.4,16384,fixed_density,4.0,2,1,variance_matched,2.6070695371073564,"{""direction"": [0.7071067811865475, 0.7071067811865475]}"
product,product,8.0,20564582,9,scaled_with_l,0.4,16384,fixed_density,4.0,2,1,shuffled_target,-6.38608516722074e-05,{}
product,product,8.0,20564582,9,scaled_with_l,0.4,16384,fixed_density,4.0,2,1,analytic_volume,4.1588830833596715,"{""source_dim"": 2}"
product,product,12.0,20565429,0,scaled_with_l,0.6000000000000001,36864,fixed_density,4.0,2,1,null,5.454886199378715e-06,{}
product,product,12.0,20565429,0,scaled_with_l,0.6000000000000001,36864,fixed_density,4.0,2,1,identity,1.7728409120539999,"{""projection"": [[1.0], [0.0]]}"
product,product,12.0,20565429,0,scaled_with_l,0.6000000000000001,36864,fixed_density,4.0,2,1,gain_matched,0.0080983603004292,"{""gain_matrix"": [[-0.01234203190900765], [-0.017160625721824106]]}"
product,product,12.0,20565429,0,scaled_with_l,0.6000000000000001,36864,fixed_density,4.0,2,1,variance_matched,2.9944596150673726,"{""direction"": [0.7071067811865475, 0.7071067811865475]}"
product,product,12.0,20565429,0,scaled_with_l,0.6000000000000001,36864,fixed_density,4.0,2,1,shuffled_target,-1.826080888678139e-05,{}
product,product,12.0,20565429,0,scaled_with_l,0.6000000000000001,36864,fixed_density,4.0,2,1,analytic_volume,4.969813299576001,"{""source_dim"": 2}"
product,product,12.0,20565446,1,scaled_with_l,0.6000000000000001,36864,fixed_density,4.0,2,1,null,2.1103559388866758e-05,{}
product,product,12.0,20565446,1,scaled_with_l,0.6000000000000001,36864,fixed_density,4.0,2,1,identity,1.7733386280637335,"{""projection"": [[1.0], [0.0]]}"
product,product,12.0,20565446,1,scaled_with_l,0.6000000000000001,36864,fixed_density,4.0,2,1,gain_matched,0.010393037584354803,"{""gain_matrix"": [[0.0018921233436024608], [0.023332026193420806]]}"
product,product,12.0,20565446,1,scaled_with_l,0.6000000000000001,36864,fixed_density,4.0,2,1,variance_matched,3.002254278121129,"{""direction"": [0.7071067811865475, 0.7071067811865475]}"
product,product,12.0,20565446,1,scaled_with_l,0.6000000000000001,36864,fixed_density,4.0,2,1,shuffled_target,7.977016083794377e-05,{}
product,product,12.0,20565446,1,scaled_with_l,0.6000000000000001,36864,fixed_density,4.0,2,1,analytic_volume,4.969813299576001,"{""source_dim"": 2}"
product,product,12.0,20565463,2,scaled_with_l,0.6000000000000001,36864,fixed_density,4.0,2,1,null,2.2840039583480026e-05,{}
product,product,12.0,20565463,2,scaled_with_l,0.6000000000000001,36864,fixed_density,4.0,2,1,identity,1.773968633279393,"{""projection"": [[1.0], [0.0]]}"
product,product,12.0,20565463,2,scaled_with_l,0.6000000000000001,36864,fixed_density,4.0,2,1,gain_matched,0.03073182012105426,"{""gain_matrix"": [[-0.04117338273949077], [0.01456952532347195]]}"
product,product,12.0,20565463,2,scaled_with_l,0.6000000000000001,36864,fixed_density,4.0,2,1,variance_matched,2.994359452693709,"{""direction"": [0.7071067811865475, 0.7071067811865475]}"
product,product,12.0,20565463,2,scaled_with_l,0.6000000000000001,36864,fixed_density,4.0,2,1,shuffled_target,-4.153844068611869e-06,{}
product,product,12.0,20565463,2,scaled_with_l,0.6000000000000001,36864,fixed_density,4.0,2,1,analytic_volume,4.969813299576001,"{""source_dim"": 2}"
product,product,12.0,20565480,3,scaled_with_l,0.6000000000000001,36864,fixed_density,4.0,2,1,null,4.468324438580924e-06,{}
product,product,12.0,20565480,3,scaled_with_l,0.6000000000000001,36864,fixed_density,4.0,2,1,identity,1.7664739689302955,"{""projection"": [[1.0], [0.0]]}"
product,product,12.0,20565480,3,scaled_with_l,0.6000000000000001,36864,fixed_density,4.0,2,1,gain_matched,0.021008870770021813,"{""gain_matrix"": [[0.015613678774418095], [-0.03147029040711111]]}"
product,product,12.0,20565480,3,scaled_with_l,0.6000000000000001,36864,fixed_density,4.0,2,1,variance_matched,3.0005514754540594,"{""direction"": [0.7071067811865475, 0.7071067811865475]}"
product,product,12.0,20565480,3,scaled_with_l,0.6000000000000001,36864,fixed_density,4.0,2,1,shuffled_target,4.206555199599069e-06,{}
product,product,12.0,20565480,3,scaled_with_l,0.6000000000000001,36864,fixed_density,4.0,2,1,analytic_volume,4.969813299576001,"{""source_dim"": 2}"
product,product,12.0,20565497,4,scaled_with_l,0.6000000000000001,36864,fixed_density,4.0,2,1,null,7.0778123940272246e-06,{}
product,product,12.0,20565497,4,scaled_with_l,0.6000000000000001,36864,fixed_density,4.0,2,1,identity,1.7738491760124193,"{""projection"": [[1.0], [0.0]]}"
product,product,12.0,20565497,4,scaled_with_l,0.6000000000000001,36864,fixed_density,4.0,2,1,gain_matched,0.036908431893794925,"{""gain_matrix"": [[0.0399183189563378], [0.026443219098506512]]}"
product,product,12.0,20565497,4,scaled_with_l,0.6000000000000001,36864,fixed_density,4.0,2,1,variance_matched,2.9997358031721593,"{""direction"": [0.7071067811865475, 0.7071067811865475]}"
product,product,12.0,20565497,4,scaled_with_l,0.6000000000000001,36864,fixed_density,4.0,2,1,shuffled_target,-2.3796525882504725e-05,{}
product,product,12.0,20565497,4,scaled_with_l,0.6000000000000001,36864,fixed_density,4.0,2,1,analytic_volume,4.969813299576001,"{""source_dim"": 2}"
product,product,12.0,20565514,5,scaled_with_l,0.6000000000000001,36864,fixed_density,4.0,2,1,null,6.243621800343819e-05,{}
product,product,12.0,20565514,5,scaled_with_l,0.6000000000000001,36864,fixed_density,4.0,2,1,identity,1.7646038184337354,"{""projection"": [[1.0], [0.0]]}"
product,product,12.0,20565514,5,scaled_with_l,0.6000000000000001,36864,fixed_density,4.0,2,1,gain_matched,0.006776807875292111,"{""gain_matrix"": [[-0.016126672309609628], [-0.011579304681984379]]}"
product,product,12.0,20565514,5,scaled_with_l,0.6000000000000001,36864,fixed_density,4.0,2,1,variance_matched,3.000335062842103,"{""direction"": [0.7071067811865475, 0.7071067811865475]}"
product,product,12.0,20565514,5,scaled_with_l,0.6000000000000001,36864,fixed_density,4.0,2,1,shuffled_target,-7.993815316063577e-06,{}
product,product,12.0,20565514,5,scaled_with_l,0.6000000000000001,36864,fixed_density,4.0,2,1,analytic_volume,4.969813299576001,"{""source_dim"": 2}"
product,product,12.0,20565531,6,scaled_with_l,0.6000000000000001,36864,fixed_density,4.0,2,1,null,-8.732195315535864e-06,{}
product,product,12.0,20565531,6,scaled_with_l,0.6000000000000001,36864,fixed_density,4.0,2,1,identity,1.7648332492861607,"{""projection"": [[1.0], [0.0]]}"
product,product,12.0,20565531,6,scaled_with_l,0.6000000000000001,36864,fixed_density,4.0,2,1,gain_matched,0.00554512583190264,"{""gain_matrix"": [[-0.005502890837184679], [0.016678429814176943]]}"
product,product,12.0,20565531,6,scaled_with_l,0.6000000000000001,36864,fixed_density,4.0,2,1,variance_matched,3.0008279728907112,"{""direction"": [0.7071067811865475, 0.7071067811865475]}"
product,product,12.0,20565531,6,scaled_with_l,0.6000000000000001,36864,fixed_density,4.0,2,1,shuffled_target,-3.334591497880986e-05,{}
product,product,12.0,20565531,6,scaled_with_l,0.6000000000000001,36864,fixed_density,4.0,2,1,analytic_volume,4.969813299576001,"{""source_dim"": 2}"
product,product,12.0,20565548,7,scaled_with_l,0.6000000000000001,36864,fixed_density,4.0,2,1,null,9.206589364150225e-05,{}
product,product,12.0,20565548,7,scaled_with_l,0.6000000000000001,36864,fixed_density,4.0,2,1,identity,1.7636556221362922,"{""projection"": [[1.0], [0.0]]}"
product,product,12.0,20565548,7,scaled_with_l,0.6000000000000001,36864,fixed_density,4.0,2,1,gain_matched,0.02375218673662642,"{""gain_matrix"": [[0.003954792048672336], [0.03786714405148504]]}"
product,product,12.0,20565548,7,scaled_with_l,0.6000000000000001,36864,fixed_density,4.0,2,1,variance_matched,2.9980473327626007,"{""direction"": [0.7071067811865475, 0.7071067811865475]}"
product,product,12.0,20565548,7,scaled_with_l,0.6000000000000001,36864,fixed_density,4.0,2,1,shuffled_target,-5.454938721691478e-05,{}
product,product,12.0,20565548,7,scaled_with_l,0.6000000000000001,36864,fixed_density,4.0,2,1,analytic_volume,4.969813299576001,"{""source_dim"": 2}"
product,product,12.0,20565565,8,scaled_with_l,0.6000000000000001,36864,fixed_density,4.0,2,1,null,-3.968081395041267e-05,{}
product,product,12.0,20565565,8,scaled_with_l,0.6000000000000001,36864,fixed_density,4.0,2,1,identity,1.7728646263209553,"{""projection"": [[1.0], [0.0]]}"
product,product,12.0,20565565,8,scaled_with_l,0.6000000000000001,36864,fixed_density,4.0,2,1,gain_matched,0.008169974382939114,"{""gain_matrix"": [[0.003019759260007764], [-0.020391742499678085]]}"
product,product,12.0,20565565,8,scaled_with_l,0.6000000000000001,36864,fixed_density,4.0,2,1,variance_matched,2.998596447343527,"{""direction"": [0.7071067811865475, 0.7071067811865475]}"
product,product,12.0,20565565,8,scaled_with_l,0.6000000000000001,36864,fixed_density,4.0,2,1,shuffled_target,2.475445823274304e-05,{}
product,product,12.0,20565565,8,scaled_with_l,0.6000000000000001,36864,fixed_density,4.0,2,1,analytic_volume,4.969813299576001,"{""source_dim"": 2}"
product,product,12.0,20565582,9,scaled_with_l,0.6000000000000001,36864,fixed_density,4.0,2,1,null,1.7264969204649943e-05,{}
product,product,12.0,20565582,9,scaled_with_l,0.6000000000000001,36864,fixed_density,4.0,2,1,identity,1.765217082750759,"{""projection"": [[1.0], [0.0]]}"
product,product,12.0,20565582,9,scaled_with_l,0.6000000000000001,36864,fixed_density,4.0,2,1,gain_matched,0.019239448026564694,"{""gain_matrix"": [[0.004741523772297194], [-0.03303104982453693]]}"
product,product,12.0,20565582,9,scaled_with_l,0.6000000000000001,36864,fixed_density,4.0,2,1,variance_matched,3.002827272302382,"{""direction"": [0.7071067811865475, 0.7071067811865475]}"
product,product,12.0,20565582,9,scaled_with_l,0.6000000000000001,36864,fixed_density,4.0,2,1,shuffled_target,1.678656790097436e-05,{}
product,product,12.0,20565582,9,scaled_with_l,0.6000000000000001,36864,fixed_density,4.0,2,1,analytic_volume,4.969813299576001,"{""source_dim"": 2}"
product,product,16.0,20566429,0,scaled_with_l,0.8,65536,fixed_density,4.0,2,1,null,-2.477349746014503e-05,{}
product,product,16.0,20566429,0,scaled_with_l,0.8,65536,fixed_density,4.0,2,1,identity,1.7686121251424083,"{""projection"": [[1.0], [0.0]]}"
product,product,16.0,20566429,0,scaled_with_l,0.8,65536,fixed_density,4.0,2,1,gain_matched,0.00867109096600876,"{""gain_matrix"": [[0.010443644134406283], [-0.021069187643975553]]}"
product,product,16.0,20566429,0,scaled_with_l,0.8,65536,fixed_density,4.0,2,1,variance_matched,3.280766526584366,"{""direction"": [0.7071067811865475, 0.7071067811865475]}"
product,product,16.0,20566429,0,scaled_with_l,0.8,65536,fixed_density,4.0,2,1,shuffled_target,2.9347194907171168e-05,{}
product,product,16.0,20566429,0,scaled_with_l,0.8,65536,fixed_density,4.0,2,1,analytic_volume,5.545177444479562,"{""source_dim"": 2}"
product,product,16.0,20566446,1,scaled_with_l,0.8,65536,fixed_density,4.0,2,1,null,2.0507250579335614e-05,{}
product,product,16.0,20566446,1,scaled_with_l,0.8,65536,fixed_density,4.0,2,1,identity,1.765540918253608,"{""projection"": [[1.0], [0.0]]}"
product,product,16.0,20566446,1,scaled_with_l,0.8,65536,fixed_density,4.0,2,1,gain_matched,0.012917691358526292,"{""gain_matrix"": [[-0.026402274274238174], [0.01199838687945991]]}"
product,product,16.0,20566446,1,scaled_with_l,0.8,65536,fixed_density,4.0,2,1,variance_matched,3.2830060689727283,"{""direction"": [0.7071067811865475, 0.7071067811865475]}"
product,product,16.0,20566446,1,scaled_with_l,0.8,65536,fixed_density,4.0,2,1,shuffled_target,-2.1488411260684343e-06,{}
product,product,16.0,20566446,1,scaled_with_l,0.8,65536,fixed_density,4.0,2,1,analytic_volume,5.545177444479562,"{""source_dim"": 2}"
product,product,16.0,20566463,2,scaled_with_l,0.8,65536,fixed_density,4.0,2,1,null,2.963244988483052e-05,{}
product,product,16.0,20566463,2,scaled_with_l,0.8,65536,fixed_density,4.0,2,1,identity,1.7670858287959046,"{""projection"": [[1.0], [0.0]]}"
product,product,16.0,20566463,2,scaled_with_l,0.8,65536,fixed_density,4.0,2,1,gain_matched,0.004749473888456805,"{""gain_matrix"": [[-0.005909147933627859], [-0.01560974142636177]]}"
product,product,16.0,20566463,2,scaled_with_l,0.8,65536,fixed_density,4.0,2,1,variance_matched,3.2950545606750046,"{""direction"": [0.7071067811865475, 0.7071067811865475]}"
product,product,16.0,20566463,2,scaled_with_l,0.8,65536,fixed_density,4.0,2,1,shuffled_target,3.324355605998857e-05,{}
product,product,16.0,20566463,2,scaled_with_l,0.8,65536,fixed_density,4.0,2,1,analytic_volume,5.545177444479562,"{""source_dim"": 2}"
product,product,16.0,20566480,3,scaled_with_l,0.8,65536,fixed_density,4.0,2,1,null,2.75985170397596e-05,{}
product,product,16.0,20566480,3,scaled_with_l,0.8,65536,fixed_density,4.0,2,1,identity,1.7637404412292388,"{""projection"": [[1.0], [0.0]]}"
product,product,16.0,20566480,3,scaled_with_l,0.8,65536,fixed_density,4.0,2,1,gain_matched,0.009564546203726813,"{""gain_matrix"": [[-0.022123256919991438], [0.012097484065037651]]}"
product,product,16.0,20566480,3,scaled_with_l,0.8,65536,fixed_density,4.0,2,1,variance_matched,3.2803634110604767,"{""direction"": [0.7071067811865475, 0.7071067811865475]}"
product,product,16.0,20566480,3,scaled_with_l,0.8,65536,fixed_density,4.0,2,1,shuffled_target,-1.8672832203142295e-05,{}
product,product,16.0,20566480,3,scaled_with_l,0.8,65536,fixed_density,4.0,2,1,analytic_volume,5.545177444479562,"{""source_dim"": 2}"
product,product,16.0,20566497,4,scaled_with_l,0.8,65536,fixed_density,4.0,2,1,null,6.430326959002443e-05,{}
product,product,16.0,20566497,4,scaled_with_l,0.8,65536,fixed_density,4.0,2,1,identity,1.765291058416059,"{""projection"": [[1.0], [0.0]]}"
product,product,16.0,20566497,4,scaled_with_l,0.8,65536,fixed_density,4.0,2,1,gain_matched,0.01667598164677999,"{""gain_matrix"": [[0.005050607979332315], [0.0313291383771652]]}"
product,product,16.0,20566497,4,scaled_with_l,0.8,65536,fixed_density,4.0,2,1,variance_matched,3.272910995284501,"{""direction"": [0.7071067811865475, 0.7071067811865475]}"
product,product,16.0,20566497,4,scaled_with_l,0.8,65536,fixed_density,4.0,2,1,shuffled_target,-5.527785175753499e-06,{}
product,product,16.0,20566497,4,scaled_with_l,0.8,65536,fixed_density,4.0,2,1,analytic_volume,5.545177444479562,"{""source_dim"": 2}"
product,product,16.0,20566514,5,scaled_with_l,0.8,65536,fixed_density,4.0,2,1,null,-4.288160051005866e-06,{}
product,product,16.0,20566514,5,scaled_with_l,0.8,65536,fixed_density,4.0,2,1,identity,1.762817082106133,"{""projection"": [[1.0], [0.0]]}"
product,product,16.0,20566514,5,scaled_with_l,0.8,65536,fixed_density,4.0,2,1,gain_matched,0.033638359498248734,"{""gain_matrix"": [[0.04405917355221384], [0.012292053503088263]]}"
product,product,16.0,20566514,5,scaled_with_l,0.8,65536,fixed_density,4.0,2,1,variance_matched,3.2814531136107337,"{""direction"": [0.7071067811865475, 0.7071067811865475]}"
product,product,16.0,20566514,5,scaled_with_l,0.8,65536,fixed_density,4.0,2,1,shuffled_target,-1.650198464472985e-05,{}
product,product,16.0,20566514,5,scaled_with_l,0.8,65536,fixed_density,4.0,2,1,analytic_volume,5.545177444479562,"{""source_dim"": 2}"
product,product,16.0,20566531,6,scaled_with_l,0.8,65536,fixed_density,4.0,2,1,null,-9.021223213399059e-06,{}
product,product,16.0,20566531,6,scaled_with_l,0.8,65536,fixed_density,4.0,2,1,identity,1.7674518007951368,"{""projection"": [[1.0], [0.0]]}"
product,product,16.0,20566531,6,scaled_with_l,0.8,65536,fixed_density,4.0,2,1,gain_matched,0.03710251111790769,"{""gain_matrix"": [[0.04767961222513215], [-0.006638207316476252]]}"
product,product,16.0,20566531,6,scaled_with_l,0.8,65536,fixed_density,4.0,2,1,variance_matched,3.2853532493768527,"{""direction"": [0.7071067811865475, 0.7071067811865475]}"
product,product,16.0,20566531,6,scaled_with_l,0.8,65536,fixed_density,4.0,2,1,shuffled_target,-1.9442852567373546e-05,{}
product,product,16.0,20566531,6,scaled_with_l,0.8,65536,fixed_density,4.0,2,1,analytic_volume,5.545177444479562,"{""source_dim"": 2}"
product,product,16.0,20566548,7,scaled_with_l,0.8,65536,fixed_density,4.0,2,1,null,-1.5593294704088764e-05,{}
product,product,16.0,20566548,7,scaled_with_l,0.8,65536,fixed_density,4.0,2,1,identity,1.7662043848452327,"{""projection"": [[1.0], [0.0]]}"
product,product,16.0,20566548,7,scaled_with_l,0.8,65536,fixed_density,4.0,2,1,gain_matched,0.02169280048662434,"{""gain_matrix"": [[-0.02053755935461102], [0.03125034836601178]]}"
product,product,16.0,20566548,7,scaled_with_l,0.8,65536,fixed_density,4.0,2,1,variance_matched,3.282641762762884,"{""direction"": [0.7071067811865475, 0.7071067811865475]}"
product,product,16.0,20566548,7,scaled_with_l,0.8,65536,fixed_density,4.0,2,1,shuffled_target,-1.83716232946888e-05,{}
product,product,16.0,20566548,7,scaled_with_l,0.8,65536,fixed_density,4.0,2,1,analytic_volume,5.545177444479562,"{""source_dim"": 2}"
product,product,16.0,20566565,8,scaled_with_l,0.8,65536,fixed_density,4.0,2,1,null,-5.777526915721879e-06,{}
product,product,16.0,20566565,8,scaled_with_l,0.8,65536,fixed_density,4.0,2,1,identity,1.7712801045818867,"{""projection"": [[1.0], [0.0]]}"
product,product,16.0,20566565,8,scaled_with_l,0.8,65536,fixed_density,4.0,2,1,gain_matched,0.0012028163279623686,"{""gain_matrix"": [[0.0026041528068856193], [-0.008420843437865226]]}"
product,product,16.0,20566565,8,scaled_with_l,0.8,65536,fixed_density,4.0,2,1,variance_matched,3.2910575436203464,"{""direction"": [0.7071067811865475, 0.7071067811865475]}"
product,product,16.0,20566565,8,scaled_with_l,0.8,65536,fixed_density,4.0,2,1,shuffled_target,3.904547280055188e-05,{}
product,product,16.0,20566565,8,scaled_with_l,0.8,65536,fixed_density,4.0,2,1,analytic_volume,5.545177444479562,"{""source_dim"": 2}"
product,product,16.0,20566582,9,scaled_with_l,0.8,65536,fixed_density,4.0,2,1,null,-5.462237254776172e-06,{}
product,product,16.0,20566582,9,scaled_with_l,0.8,65536,fixed_density,4.0,2,1,identity,1.765939556498749,"{""projection"": [[1.0], [0.0]]}"
product,product,16.0,20566582,9,scaled_with_l,0.8,65536,fixed_density,4.0,2,1,gain_matched,0.04393258832523979,"{""gain_matrix"": [[0.04091837806704853], [0.03180867915476339]]}"
product,product,16.0,20566582,9,scaled_with_l,0.8,65536,fixed_density,4.0,2,1,variance_matched,3.287745563494704,"{""direction"": [0.7071067811865475, 0.7071067811865475]}"
product,product,16.0,20566582,9,scaled_with_l,0.8,65536,fixed_density,4.0,2,1,shuffled_target,8.387681282142916e-06,{}
product,product,16.0,20566582,9,scaled_with_l,0.8,65536,fixed_density,4.0,2,1,analytic_volume,5.545177444479562,"{""source_dim"": 2}"
tanh,tanh,0.5,20660429,0,fixed,0.05,512,fixed_density,4.0,1,1,null,-0.0023281210822195,{}
tanh,tanh,0.5,20660429,0,fixed,0.05,512,fixed_density,4.0,1,1,identity,1.1444106233160833,"{""projection"": [[1.0]]}"
tanh,tanh,0.5,20660429,0,fixed,0.05,512,fixed_density,4.0,1,1,gain_matched,1.078026064910978,"{""gain_matrix"": [[0.9881280008116715]]}"
tanh,tanh,0.5,20660429,0,fixed,0.05,512,fixed_density,4.0,1,1,variance_matched,1.168729135154108,"{""direction"": [1.0]}"
tanh,tanh,0.5,20660429,0,fixed,0.05,512,fixed_density,4.0,1,1,shuffled_target,0.0009212211519058786,{}
tanh,tanh,0.5,20660429,0,fixed,0.05,512,fixed_density,4.0,1,1,analytic_volume,-0.6931471805599453,"{""source_dim"": 1}"
tanh,tanh,0.5,20660446,1,fixed,0.05,512,fixed_density,4.0,1,1,null,0.007192815992555066,{}
tanh,tanh,0.5,20660446,1,fixed,0.05,512,fixed_density,4.0,1,1,identity,1.1706370795598489,"{""projection"": [[1.0]]}"
tanh,tanh,0.5,20660446,1,fixed,0.05,512,fixed_density,4.0,1,1,gain_matched,1.1037220566910635,"{""gain_matrix"": [[0.9876478940860915]]}"
tanh,tanh,0.5,20660446,1,fixed,0.05,512,fixed_density,4.0,1,1,variance_matched,1.119295590279609,"{""direction"": [1.0]}"
tanh,tanh,0.5,20660446,1,fixed,0.05,512,fixed_density,4.0,1,1,shuffled_target,0.00036598712028789956,{}
tanh,tanh,0.5,20660446,1,fixed,0.05,512,fixed_density,4.0,1,1,analytic_volume,-0.6931471805599453,"{""source_dim"": 1}"
tanh,tanh,0.5,20660463,2,fixed,0.05,512,fixed_density,4.0,1,1,null,0.00037072348449485254,{}
tanh,tanh,0.5,20660463,2,fixed,0.05,512,fixed_density,4.0,1,1,identity,1.151539664045678,"{""projection"": [[1.0]]}"
tanh,tanh,0.5,20660463,2,fixed,0.05,512,fixed_density,4.0,1,1,gain_matched,1.1086053637876983,"{""gain_matrix"": [[0.9873201964544258]]}"
tanh,tanh,0.5,20660463,2,fixed,0.05,512,fixed_density,4.0,1,1,variance_matched,1.098465607287256,"{""direction"": [1.0]}"
tanh,tanh,0.5,20660463,2,fixed,0.05,512,fixed_density,4.0,1,1,shuffled_target,-0.0023853957602137732,{}
tanh,tanh,0.5,20660463,2,fixed,0.05,512,fixed_density,4.0,1,1,analytic_volume,-0.6931471805599453,"{""source_dim"": 1}"
tanh,tanh,0.5,20660480,3,fixed,0.05,512,fixed_density,4.0,1,1,null,0.004951106318340771,{}
tanh,tanh,0.5,20660480,3,fixed,0.05,512,fixed_density,4.0,1,1,identity,1.1338897569109205,"{""projection"": [[1.0]]}"
tanh,tanh,0.5,20660480,3,fixed,0.05,512,fixed_density,4.0,1,1,gain_matched,1.191430801506507,"{""gain_matrix"": [[0.9875964171303909]]}"
tanh,tanh,0.5,20660480,3,fixed,0.05,512,fixed_density,4.0,1,1,variance_matched,1.126223945621312,"{""direction"": [1.0]}"
tanh,tanh,0.5,20660480,3,fixed,0.05,512,fixed_density,4.0,1,1,shuffled_target,0.003041078544613878,{}
tanh,tanh,0.5,20660480,3,fixed,0.05,512,fixed_density,4.0,1,1,analytic_volume,-0.6931471805599453,"{""source_dim"": 1}"
tanh,tanh,0.5,20660497,4,fixed,0.05,512,fixed_density,4.0,1,1,null,0.001492336036441137,{}
tanh,tanh,0.5,20660497,4,fixed,0.05,512,fixed_density,4.0,1,1,identity,1.0915588268089036,"{""projection"": [[1.0]]}"
tanh,tanh,0.5,20660497,4,fixed,0.05,512,fixed_density,4.0,1,1,gain_matched,1.0924218503123804,"{""gain_matrix"": [[0.9878377262256578]]}"
tanh,tanh,0.5,20660497,4,fixed,0.05,512,fixed_density,4.0,1,1,variance_matched,1.1371101609313468,"{""direction"": [1.0]}"
tanh,tanh,0.5,20660497,4,fixed,0.05,512,fixed_density,4.0,1,1,shuffled_target,-0.002225011624577422,{}
tanh,tanh,0.5,20660497,4,fixed,0.05,512,fixed_density,4.0,1,1,analytic_volume,-0.6931471805599453,"{""source_dim"": 1}"
tanh,tanh,0.5,20660514,5,fixed,0.05,512,fixed_density,4.0,1,1,null,0.002701636553993722,{}
tanh,tanh,0.5,20660514,5,fixed,0.05,512,fixed_density,4.0,1,1,identity,1.0847987536993238,"{""projection"": [[1.0]]}"
tanh,tanh,0.5,20660514,5,fixed,0.05,512,fixed_density,4.0,1,1,gain_matched,1.0588188075055596,"{""gain_matrix"": [[0.9880761858154732]]}"
tanh,tanh,0.5,20660514,5,fixed,0.05,512,fixed_density,4.0,1,1,variance_matched,1.0968345703609046,"{""direction"": [1.0]}"
tanh,tanh,0.5,20660514,5,fixed,0.05,512,fixed_density,4.0,1,1,shuffled_target,0.0003639209084292899,{}
tanh,tanh,0.5,20660514,5,fixed,0.05,512,fixed_density,4.0,1,1,analytic_volume,-0.6931471805599453,"{""source_dim"": 1}"
tanh,tanh,0.5,20660531,6,fixed,0.05,512,fixed_density,4.0,1,1,null,0.0031226528462312947,{}
tanh,tanh,0.5,20660531,6,fixed,0.05,512,fixed_density,4.0,1,1,identity,1.1204484417101794,"{""projection"": [[1.0]]}"
tanh,tanh,0.5,20660531,6,fixed,0.05,512,fixed_density,4.0,1,1,gain_matched,1.0850513793139052,"{""gain_matrix"": [[0.9878766951928148]]}"
tanh,tanh,0.5,20660531,6,fixed,0.05,512,fixed_density,4.0,1,1,variance_matched,1.1487156711137558,"{""direction"": [1.0]}"
tanh,tanh,0.5,20660531,6,fixed,0.05,512,fixed_density,4.0,1,1,shuffled_target,0.002651244241773745,{}
tanh,tanh,0.5,20660531,6,fixed,0.05,512,fixed_density,4.0,1,1,analytic_volume,-0.6931471805599453,"{""source_dim"": 1}"
tanh,tanh,0.5,20660548,7,fixed,0.05,512,fixed_density,4.0,1,1,null,-0.0008168517027674431,{}
tanh,tanh,0.5,20660548,7,fixed,0.05,512,fixed_density,4.0,1,1,identity,1.137619449327439,"{""projection"": [[1.0]]}"
tanh,tanh,0.5,20660548,7,fixed,0.05,512,fixed_density,4.0,1,1,gain_matched,1.0869413488117288,"{""gain_matrix"": [[0.9878856780359945]]}"
tanh,tanh,0.5,20660548,7,fixed,0.05,512,fixed_density,4.0,1,1,variance_matched,1.1069939359436487,"{""direction"": [1.0]}"
tanh,tanh,0.5,20660548,7,fixed,0.05,512,fixed_density,4.0,1,1,shuffled_target,-0.0002306993187169851,{}
tanh,tanh,0.5,20660548,7,fixed,0.05,512,fixed_density,4.0,1,1,analytic_volume,-0.6931471805599453,"{""source_dim"": 1}"
tanh,tanh,0.5,20660565,8,fixed,0.05,512,fixed_density,4.0,1,1,null,0.0010733540269243906,{}
tanh,tanh,0.5,20660565,8,fixed,0.05,512,fixed_density,4.0,1,1,identity,1.0932159591317103,"{""projection"": [[1.0]]}"
tanh,tanh,0.5,20660565,8,fixed,0.05,512,fixed_density,4.0,1,1,gain_matched,1.1315697792116723,"{""gain_matrix"": [[0.9879790599129316]]}"
tanh,tanh,0.5,20660565,8,fixed,0.05,512,fixed_density,4.0,1,1,variance_matched,1.1175249229515438,"{""direction"": [1.0]}"
tanh,tanh,0.5,20660565,8,fixed,0.05,512,fixed_density,4.0,1,1,shuffled_target,-0.0017187740625138471,{}
tanh,tanh,0.5,20660565,8,fixed,0.05,512,fixed_density,4.0,1,1,analytic_volume,-0.6931471805599453,"{""source_dim"": 1}"
tanh,tanh,0.5,20660582,9,fixed,0.05,512,fixed_density,4.0,1,1,null,-0.0004863477687782544,{}
tanh,tanh,0.5,20660582,9,fixed,0.05,512,fixed_density,4.0,1,1,identity,1.1098081516670073,"{""projection"": [[1.0]]}"
tanh,tanh,0.5,20660582,9,fixed,0.05,512,fixed_density,4.0,1,1,gain_matched,1.1099324693141455,"{""gain_matrix"": [[0.9871406959797897]]}"
tanh,tanh,0.5,20660582,9,fixed,0.05,512,fixed_density,4.0,1,1,variance_matched,1.1021551023567135,"{""direction"": [1.0]}"
tanh,tanh,0.5,20660582,9,fixed,0.05,512,fixed_density,4.0,1,1,shuffled_target,7.253862007290473e-05,{}
tanh,tanh,0.5,20660582,9,fixed,0.05,512,fixed_density,4.0,1,1,analytic_volume,-0.6931471805599453,"{""source_dim"": 1}"
tanh,tanh,1.0,20661429,0,fixed,0.05,1024,fixed_density,4.0,1,1,null,0.0016978398024546117,{}
tanh,tanh,1.0,20661429,0,fixed,0.05,1024,fixed_density,4.0,1,1,identity,1.7529651129292807,"{""projection"": [[1.0]]}"
tanh,tanh,1.0,20661429,0,fixed,0.05,1024,fixed_density,4.0,1,1,gain_matched,1.71510894355866,"{""gain_matrix"": [[0.9531854684690858]]}"
tanh,tanh,1.0,20661429,0,fixed,0.05,1024,fixed_density,4.0,1,1,variance_matched,1.7149641802768207,"{""direction"": [1.0]}"
tanh,tanh,1.0,20661429,0,fixed,0.05,1024,fixed_density,4.0,1,1,shuffled_target,0.0008585021559934724,{}
tanh,tanh,1.0,20661429,0,fixed,0.05,1024,fixed_density,4.0,1,1,analytic_volume,0.0,"{""source_dim"": 1}"
tanh,tanh,1.0,20661446,1,fixed,0.05,1024,fixed_density,4.0,1,1,null,-0.0009046161556203471,{}
tanh,tanh,1.0,20661446,1,fixed,0.05,1024,fixed_density,4.0,1,1,identity,1.7976389697849067,"{""projection"": [[1.0]]}"
tanh,tanh,1.0,20661446,1,fixed,0.05,1024,fixed_density,4.0,1,1,gain_matched,1.7496229656089306,"{""gain_matrix"": [[0.953012679321702]]}"
tanh,tanh,1.0,20661446,1,fixed,0.05,1024,fixed_density,4.0,1,1,variance_matched,1.7329137684991445,"{""direction"": [1.0]}"
tanh,tanh,1.0,20661446,1,fixed,0.05,1024,fixed_density,4.0,1,1,shuffled_target,-0.00010818822249103856,{}
tanh,tanh,1.0,20661446,1,fixed,0.05,1024,fixed_density,4.0,1,1,analytic_volume,0.0,"{""source_dim"": 1}"
tanh,tanh,1.0,20661463,2,fixed,0.05,1024,fixed_density,4.0,1,1,null,-0.0009268006171939704,{}
tanh,tanh,1.0,20661463,2,fixed,0.05,1024,fixed_density,4.0,1,1,identity,1.766686924614914,"{""projection"": [[1.0]]}"
tanh,tanh,1.0,20661463,2,fixed,0.05,1024,fixed_density,4.0,1,1,gain_matched,1.7357795977773645,"{""gain_matrix"": [[0.9540633128945024]]}"
tanh,tanh,1.0,20661463,2,fixed,0.05,1024,fixed_density,4.0,1,1,variance_matched,1.6956042817849883,"{""direction"": [1.0]}"
tanh,tanh,1.0,20661463,2,fixed,0.05,1024,fixed_density,4.0,1,1,shuffled_target,-0.0013009476450873956,{}
tanh,tanh,1.0,20661463,2,fixed,0.05,1024,fixed_density,4.0,1,1,analytic_volume,0.0,"{""source_dim"": 1}"
tanh,tanh,1.0,20661480,3,fixed,0.05,1024,fixed_density,4.0,1,1,null,-0.0009443825247789296,{}
tanh,tanh,1.0,20661480,3,fixed,0.05,1024,fixed_density,4.0,1,1,identity,1.782155763686477,"{""projection"": [[1.0]]}"
tanh,tanh,1.0,20661480,3,fixed,0.05,1024,fixed_density,4.0,1,1,gain_matched,1.7403044086144444,"{""gain_matrix"": [[0.9532927381893957]]}"
tanh,tanh,1.0,20661480,3,fixed,0.05,1024,fixed_density,4.0,1,1,variance_matched,1.720964419262498,"{""direction"": [1.0]}"
tanh,tanh,1.0,20661480,3,fixed,0.05,1024,fixed_density,4.0,1,1,shuffled_target,-0.0012750751354593842,{}
tanh,tanh,1.0,20661480,3,fixed,0.05,1024,fixed_density,4.0,1,1,analytic_volume,0.0,"{""source_dim"": 1}"
tanh,tanh,1.0,20661497,4,fixed,0.05,1024,fixed_density,4.0,1,1,null,-0.0005621159293115203,{}
tanh,tanh,1.0,20661497,4,fixed,0.05,1024,fixed_density,4.0,1,1,identity,1.741005679714163,"{""projection"": [[1.0]]}"
tanh,tanh,1.0,20661497,4,fixed,0.05,1024,fixed_density,4.0,1,1,gain_matched,1.7125317588245,"{""gain_matrix"": [[0.9532398452306365]]}"
tanh,tanh,1.0,20661497,4,fixed,0.05,1024,fixed_density,4.0,1,1,variance_matched,1.7191433030015957,"{""direction"": [1.0]}"
tanh,tanh,1.0,20661497,4,fixed,0.05,1024,fixed_density,4.0,1,1,shuffled_target,-0.0014545746510452513,{}
tanh,tanh,1.0,20661497,4,fixed,0.05,1024,fixed_density,4.0,1,1,analytic_volume,0.0,"{""source_dim"": 1}"
tanh,tanh,1.0,20661514,5,fixed,0.05,1024,fixed_density,4.0,1,1,null,-0.0010921757192607331,{}
tanh,tanh,1.0,20661514,5,fixed,0.05,1024,fixed_density,4.0,1,1,identity,1.7322325841340764,"{""projection"": [[1.0]]}"
tanh,tanh,1.0,20661514,5,fixed,0.05,1024,fixed_density,4.0,1,1,gain_matched,1.706236350413771,"{""gain_matrix"": [[0.9537816541993841]]}"
tanh,tanh,1.0,20661514,5,fixed,0.05,1024,fixed_density,4.0,1,1,variance_matched,1.711465399460857,"{""direction"": [1.0]}"
tanh,tanh,1.0,20661514,5,fixed,0.05,1024,fixed_density,4.0,1,1,shuffled_target,-0.0003507578332327474,{}
tanh,tanh,1.0,20661514,5,fixed,0.05,1024,fixed_density,4.0,1,1,analytic_volume,0.0,"{""source_dim"": 1}"
tanh,tanh,1.0,20661531,6,fixed,0.05,1024,fixed_density,4.0,1,1,null,0.001731174628013581,{}
tanh,tanh,1.0,20661531,6,fixed,0.05,1024,fixed_density,4.0,1,1,identity,1.7780025618559803,"{""projection"": [[1.0]]}"
tanh,tanh,1.0,20661531,6,fixed,0.05,1024,fixed_density,4.0,1,1,gain_matched,1.7362747177595415,"{""gain_matrix"": [[0.9530882147439063]]}"
tanh,tanh,1.0,20661531,6,fixed,0.05,1024,fixed_density,4.0,1,1,variance_matched,1.681126432095275,"{""direction"": [1.0]}"
tanh,tanh,1.0,20661531,6,fixed,0.05,1024,fixed_density,4.0,1,1,shuffled_target,-0.0009372011053515205,{}
tanh,tanh,1.0,20661531,6,fixed,0.05,1024,fixed_density,4.0,1,1,analytic_volume,0.0,"{""source_dim"": 1}"
tanh,tanh,1.0,20661548,7,fixed,0.05,1024,fixed_density,4.0,1,1,null,-0.0009647220850610204,{}
tanh,tanh,1.0,20661548,7,fixed,0.05,1024,fixed_density,4.0,1,1,identity,1.7721825228885257,"{""projection"": [[1.0]]}"
tanh,tanh,1.0,20661548,7,fixed,0.05,1024,fixed_density,4.0,1,1,gain_matched,1.7313043371139702,"{""gain_matrix"": [[0.9536848964362824]]}"
tanh,tanh,1.0,20661548,7,fixed,0.05,1024,fixed_density,4.0,1,1,variance_matched,1.7015714343257171,"{""direction"": [1.0]}"
tanh,tanh,1.0,20661548,7,fixed,0.05,1024,fixed_density,4.0,1,1,shuffled_target,0.0021631570155435194,{}
tanh,tanh,1.0,20661548,7,fixed,0.05,1024,fixed_density,4.0,1,1,analytic_volume,0.0,"{""source_dim"": 1}"
tanh,tanh,1.0,20661565,8,fixed,0.05,1024,fixed_density,4.0,1,1,null,-0.0006775582854884848,{}
tanh,tanh,1.0,20661565,8,fixed,0.05,1024,fixed_density,4.0,1,1,identity,1.7797642352504588,"{""projection"": [[1.0]]}"
tanh,tanh,1.0,20661565,8,fixed,0.05,1024,fixed_density,4.0,1,1,gain_matched,1.7530501935470255,"{""gain_matrix"": [[0.9526188159333657]]}"
tanh,tanh,1.0,20661565,8,fixed,0.05,1024,fixed_density,4.0,1,1,variance_matched,1.7654503017975212,"{""direction"": [1.0]}"
tanh,tanh,1.0,20661565,8,fixed,0.05,1024,fixed_density,4.0,1,1,shuffled_target,-0.0006910766787835636,{}
tanh,tanh,1.0,20661565,8,fixed,0.05,1024,fixed_density,4.0,1,1,analytic_volume,0.0,"{""source_dim"": 1}"
tanh,tanh,1.0,20661582,9,fixed,0.05,1024,fixed_density,4.0,1,1,null,0.0006052311948752216,{}
tanh,tanh,1.0,20661582,9,fixed,0.05,1024,fixed_density,4.0,1,1,identity,1.769092007385284,"{""projection"": [[1.0]]}"
tanh,tanh,1.0,20661582,9,fixed,0.05,1024,fixed_density,4.0,1,1,gain_matched,1.7497951169505142,"{""gain_matrix"": [[0.9533965937068386]]}"
tanh,tanh,1.0,20661582,9,fixed,0.05,1024,fixed_density,4.0,1,1,variance_matched,1.6987429653605184,"{""direction"": [1.0]}"
tanh,tanh,1.0,20661582,9,fixed,0.05,1024,fixed_density,4.0,1,1,shuffled_target,0.00068016413816126,{}
tanh,tanh,1.0,20661582,9,fixed,0.05,1024,fixed_density,4.0,1,1,analytic_volume,0.0,"{""source_dim"": 1}"
tanh,tanh,2.0,20662429,0,fixed,0.05,2048,fixed_density,4.0,1,1,null,-0.00033938171470020433,{}
tanh,tanh,2.0,20662429,0,fixed,0.05,2048,fixed_density,4.0,1,1,identity,2.4593676329905376,"{""projection"": [[1.0]]}"
tanh,tanh,2.0,20662429,0,fixed,0.05,2048,fixed_density,4.0,1,1,gain_matched,2.268042261276787,"{""gain_matrix"": [[0.8429472316326945]]}"
tanh,tanh,2.0,20662429,0,fixed,0.05,2048,fixed_density,4.0,1,1,variance_matched,2.307732574339488,"{""direction"": [1.0]}"
tanh,tanh,2.0,20662429,0,fixed,0.05,2048,fixed_density,4.0,1,1,shuffled_target,0.0001438967703863512,{}
tanh,tanh,2.0,20662429,0,fixed,0.05,2048,fixed_density,4.0,1,1,analytic_volume,0.6931471805599453,"{""source_dim"": 1}"
tanh,tanh,2.0,20662446,1,fixed,0.05,2048,fixed_density,4.0,1,1,null,-0.00029944992721880144,{}
tanh,tanh,2.0,20662446,1,fixed,0.05,2048,fixed_density,4.0,1,1,identity,2.410165436339089,"{""projection"": [[1.0]]}"
tanh,tanh,2.0,20662446,1,fixed,0.05,2048,fixed_density,4.0,1,1,gain_matched,2.2603851386545983,"{""gain_matrix"": [[0.8449400916157213]]}"
tanh,tanh,2.0,20662446,1,fixed,0.05,2048,fixed_density,4.0,1,1,variance_matched,2.2939715438093087,"{""direction"": [1.0]}"
tanh,tanh,2.0,20662446,1,fixed,0.05,2048,fixed_density,4.0,1,1,shuffled_target,-0.00020274072827587887,{}
tanh,tanh,2.0,20662446,1,fixed,0.05,2048,fixed_density,4.0,1,1,analytic_volume,0.6931471805599453,"{""source_dim"": 1}"
tanh,tanh,2.0,20662463,2,fixed,0.05,2048,fixed_density,4.0,1,1,null,-0.0002467043083336859,{}
tanh,tanh,2.0,20662463,2,fixed,0.05,2048,fixed_density,4.0,1,1,identity,2.4798762535559966,"{""projection"": [[1.0]]}"
tanh,tanh,2.0,20662463,2,fixed,0.05,2048,fixed_density,4.0,1,1,gain_matched,2.2830967125632124,"{""gain_matrix"": [[0.8443003462693517]]}"
tanh,tanh,2.0,20662463,2,fixed,0.05,2048,fixed_density,4.0,1,1,variance_matched,2.274328034673583,"{""direction"": [1.0]}"
tanh,tanh,2.0,20662463,2,fixed,0.05,2048,fixed_density,4.0,1,1,shuffled_target,0.0008527728685600379,{}
tanh,tanh,2.0,20662463,2,fixed,0.05,2048,fixed_density,4.0,1,1,analytic_volume,0.6931471805599453,"{""source_dim"": 1}"
tanh,tanh,2.0,20662480,3,fixed,0.05,2048,fixed_density,4.0,1,1,null,-0.0003825563926834764,{}
tanh,tanh,2.0,20662480,3,fixed,0.05,2048,fixed_density,4.0,1,1,identity,2.4570197626277315,"{""projection"": [[1.0]]}"
tanh,tanh,2.0,20662480,3,fixed,0.05,2048,fixed_density,4.0,1,1,gain_matched,2.260696047428623,"{""gain_matrix"": [[0.8463929791779069]]}"
tanh,tanh,2.0,20662480,3,fixed,0.05,2048,fixed_density,4.0,1,1,variance_matched,2.2919203376290866,"{""direction"": [1.0]}"
tanh,tanh,2.0,20662480,3,fixed,0.05,2048,fixed_density,4.0,1,1,shuffled_target,0.0006326977661417731,{}
tanh,tanh,2.0,20662480,3,fixed,0.05,2048,fixed_density,4.0,1,1,analytic_volume,0.6931471805599453,"{""source_dim"": 1}"
tanh,tanh,2.0,20662497,4,fixed,0.05,2048,fixed_density,4.0,1,1,null,-0.0005106082912783383,{}
tanh,tanh,2.0,20662497,4,fixed,0.05,2048,fixed_density,4.0,1,1,identity,2.4450374851784495,"{""projection"": [[1.0]]}"
tanh,tanh,2.0,20662497,4,fixed,0.05,2048,fixed_density,4.0,1,1,gain_matched,2.279830750246287,"{""gain_matrix"": [[0.8463191746500228]]}"
tanh,tanh,2.0,20662497,4,fixed,0.05,2048,fixed_density,4.0,1,1,variance_matched,2.2687184368718203,"{""direction"": [1.0]}"
tanh,tanh,2.0,20662497,4,fixed,0.05,2048,fixed_density,4.0,1,1,shuffled_target,-2.302966497952217e-05,{}
tanh,tanh,2.0,20662497,4,fixed,0.05,2048,fixed_density,4.0,1,1,analytic_volume,0.6931471805599453,"{""source_dim"": 1}"
tanh,tanh,2.0,20662514,5,fixed,0.05,2048,fixed_density,4.0,1,1,null,0.0005516411988679523,{}
tanh,tanh,2.0,20662514,5,fixed,0.05,2048,fixed_density,4.0,1,1,identity,2.446889184624509,"{""projection"": [[1.0]]}"
tanh,tanh,2.0,20662514,5,fixed,0.05,2048,fixed_density,4.0,1,1,gain_matched,2.2957270349925434,"{""gain_matrix"": [[0.8434098517248464]]}"
tanh,tanh,2.0,20662514,5,fixed,0.05,2048,fixed_density,4.0,1,1,variance_matched,2.265763673299484,"{""direction"": [1.0]}"
tanh,tanh,2.0,20662514,5,fixed,0.05,2048,fixed_density,4.0,1,1,shuffled_target,-0.0005976007091615166,{}
tanh,tanh,2.0,20662514,5,fixed,0.05,2048,fixed_density,4.0,1,1,analytic_volume,0.6931471805599453,"{""source_dim"": 1}"
tanh,tanh,2.0,20662531,6,fixed,0.05,2048,fixed_density,4.0,1,1,null,-0.0003136765680383834,{}
tanh,tanh,2.0,20662531,6,fixed,0.05,2048,fixed_density,4.0,1,1,identity,2.4446754644763646,"{""projection"": [[1.0]]}"
tanh,tanh,2.0,20662531,6,fixed,0.05,2048,fixed_density,4.0,1,1,gain_matched,2.2846373911571014,"{""gain_matrix"": [[0.8445127439402556]]}"
tanh,tanh,2.0,20662531,6,fixed,0.05,2048,fixed_density,4.0,1,1,variance_matched,2.300121556402106,"{""direction"": [1.0]}"
tanh,tanh,2.0,20662531,6,fixed,0.05,2048,fixed_density,4.0,1,1,shuffled_target,-0.0006508800371653851,{}
tanh,tanh,2.0,20662531,6,fixed,0.05,2048,fixed_density,4.0,1,1,analytic_volume,0.6931471805599453,"{""source_dim"": 1}"
tanh,tanh,2.0,20662548,7,fixed,0.05,2048,fixed_density,4.0,1,1,null,-0.0007028637733046947,{}
tanh,tanh,2.0,20662548,7,fixed,0.05,2048,fixed_density,4.0,1,1,identity,2.4792206490022997,"{""projection"": [[1.0]]}"
tanh,tanh,2.0,20662548,7,fixed,0.05,2048,fixed_density,4.0,1,1,gain_matched,2.2813982245634286,"{""gain_matrix"": [[0.843407782581776]]}"
tanh,tanh,2.0,20662548,7,fixed,0.05,2048,fixed_density,4.0,1,1,variance_matched,2.2878060629519688,"{""direction"": [1.0]}"
tanh,tanh,2.0,20662548,7,fixed,0.05,2048,fixed_density,4.0,1,1,shuffled_target,0.0002046326812205498,{}
tanh,tanh,2.0,20662548,7,fixed,0.05,2048,fixed_density,4.0,1,1,analytic_volume,0.6931471805599453,"{""source_dim"": 1}"
tanh,tanh,2.0,20662565,8,fixed,0.05,2048,fixed_density,4.0,1,1,null,-0.0005085161665520134,{}
tanh,tanh,2.0,20662565,8,fixed,0.05,2048,fixed_density,4.0,1,1,identity,2.4599768952056973,"{""projection"": [[1.0]]}"
tanh,tanh,2.0,20662565,8,fixed,0.05,2048,fixed_density,4.0,1,1,gain_matched,2.273888354328436,"{""gain_matrix"": [[0.8417033547216278]]}"
tanh,tanh,2.0,20662565,8,fixed,0.05,2048,fixed_density,4.0,1,1,variance_matched,2.3172822744610606,"{""direction"": [1.0]}"
tanh,tanh,2.0,20662565,8,fixed,0.05,2048,fixed_density,4.0,1,1,shuffled_target,0.0013188283181560592,{}
tanh,tanh,2.0,20662565,8,fixed,0.05,2048,fixed_density,4.0,1,1,analytic_volume,0.6931471805599453,"{""source_dim"": 1}"
tanh,tanh,2.0,20662582,9,fixed,0.05,2048,fixed_density,4.0,1,1,null,-0.0004962590414469602,{}
tanh,tanh,2.0,20662582,9,fixed,0.05,2048,fixed_density,4.0,1,1,identity,2.465773659373162,"{""projection"": [[1.0]]}"
tanh,tanh,2.0,20662582,9,fixed,0.05,2048,fixed_density,4.0,1,1,gain_matched,2.273950326460216,"{""gain_matrix"": [[0.8440969360103823]]}"
tanh,tanh,2.0,20662582,9,fixed,0.05,2048,fixed_density,4.0,1,1,variance_matched,2.2753959505454775,"{""direction"": [1.0]}"
tanh,tanh,2.0,20662582,9,fixed,0.05,2048,fixed_density,4.0,1,1,shuffled_target,-0.00038564958628697313,{}
tanh,tanh,2.0,20662582,9,fixed,0.05,2048,fixed_density,4.0,1,1,analytic_volume,0.6931471805599453,"{""source_dim"": 1}"
tanh,tanh,4.0,20663429,0,fixed,0.05,4096,fixed_density,4.0,1,1,null,-0.00021167899719215185,{}
tanh,tanh,4.0,20663429,0,fixed,0.05,4096,fixed_density,4.0,1,1,identity,3.1346387885981595,"{""projection"": [[1.0]]}"
tanh,tanh,4.0,20663429,0,fixed,0.05,4096,fixed_density,4.0,1,1,gain_matched,2.6342889419890483,"{""gain_matrix"": [[0.612269012375653]]}"
tanh,tanh,4.0,20663429,0,fixed,0.05,4096,fixed_density,4.0,1,1,variance_matched,2.679025102039814,"{""direction"": [1.0]}"
tanh,tanh,4.0,20663429,0,fixed,0.05,4096,fixed_density,4.0,1,1,shuffled_target,8.235531818135891e-05,{}
tanh,tanh,4.0,20663429,0,fixed,0.05,4096,fixed_density,4.0,1,1,analytic_volume,1.3862943611198906,"{""source_dim"": 1}"
tanh,tanh,4.0,20663446,1,fixed,0.05,4096,fixed_density,4.0,1,1,null,0.00045922719317958457,{}
tanh,tanh,4.0,20663446,1,fixed,0.05,4096,fixed_density,4.0,1,1,identity,3.1451148117490866,"{""projection"": [[1.0]]}"
tanh,tanh,4.0,20663446,1,fixed,0.05,4096,fixed_density,4.0,1,1,gain_matched,2.6649288628061987,"{""gain_matrix"": [[0.611660795384024]]}"
tanh,tanh,4.0,20663446,1,fixed,0.05,4096,fixed_density,4.0,1,1,variance_matched,2.649917262170419,"{""direction"": [1.0]}"
tanh,tanh,4.0,20663446,1,fixed,0.05,4096,fixed_density,4.0,1,1,shuffled_target,0.0002351990734464393,{}
tanh,tanh,4.0,20663446,1,fixed,0.05,4096,fixed_density,4.0,1,1,analytic_volume,1.3862943611198906,"{""source_dim"": 1}"
tanh,tanh,4.0,20663463,2,fixed,0.05,4096,fixed_density,4.0,1,1,null,-0.00034148320974055593,{}
tanh,tanh,4.0,20663463,2,fixed,0.05,4096,fixed_density,4.0,1,1,identity,3.1358486056091595,"{""projection"": [[1.0]]}"
tanh,tanh,4.0,20663463,2,fixed,0.05,4096,fixed_density,4.0,1,1,gain_matched,2.6602160626996425,"{""gain_matrix"": [[0.6109565827609932]]}"
tanh,tanh,4.0,20663463,2,fixed,0.05,4096,fixed_density,4.0,1,1,variance_matched,2.6874633164236137,"{""direction"": [1.0]}"
tanh,tanh,4.0,20663463,2,fixed,0.05,4096,fixed_density,4.0,1,1,shuffled_target,0.0006372295782249126,{}
tanh,tanh,4.0,20663463,2,fixed,0.05,4096,fixed_density,4.0,1,1,analytic_volume,1.3862943611198906,"{""source_dim"": 1}"
tanh,tanh,4.0,20663480,3,fixed,0.05,4096,fixed_density,4.0,1,1,null,-0.00022235522695919198,{}
tanh,tanh,4.0,20663480,3,fixed,0.05,4096,fixed_density,4.0,1,1,identity,3.115094214592608,"{""projection"": [[1.0]]}"
tanh,tanh,4.0,20663480,3,fixed,0.05,4096,fixed_density,4.0,1,1,gain_matched,2.64012987180097,"{""gain_matrix"": [[0.6170309022642168]]}"
tanh,tanh,4.0,20663480,3,fixed,0.05,4096,fixed_density,4.0,1,1,variance_matched,2.663371461101474,"{""direction"": [1.0]}"
tanh,tanh,4.0,20663480,3,fixed,0.05,4096,fixed_density,4.0,1,1,shuffled_target,-0.0001152931991497072,{}
tanh,tanh,4.0,20663480,3,fixed,0.05,4096,fixed_density,4.0,1,1,analytic_volume,1.3862943611198906,"{""source_dim"": 1}"
tanh,tanh,4.0,20663497,4,fixed,0.05,4096,fixed_density,4.0,1,1,null,0.00047129703082815565,{}
tanh,tanh,4.0,20663497,4,fixed,0.05,4096,fixed_density,4.0,1,1,identity,3.129695091838605,"{""projection"": [[1.0]]}"
tanh,tanh,4.0,20663497,4,fixed,0.05,4096,fixed_density,4.0,1,1,gain_matched,2.6709177099423407,"{""gain_matrix"": [[0.6120820376119024]]}"
tanh,tanh,4.0,20663497,4,fixed,0.05,4096,fixed_density,4.0,1,1,variance_matched,2.67192114127773,"{""direction"": [1.0]}"
tanh,tanh,4.0,20663497,4,fixed,0.05,4096,fixed_density,4.0,1,1,shuffled_target,-7.684486502357877e-05,{}
tanh,tanh,4.0,20663497,4,fixed,0.05,4096,fixed_density,4.0,1,1,analytic_volume,1.3862943611198906,"{""source_dim"": 1}"
tanh,tanh,4.0,20663514,5,fixed,0.05,4096,fixed_density,4.0,1,1,null,-0.00027242746327905417,{}
tanh,tanh,4.0,20663514,5,fixed,0.05,4096,fixed_density,4.0,1,1,identity,3.1474760477709687,"{""projection"": [[1.0]]}"
tanh,tanh,4.0,20663514,5,fixed,0.05,4096,fixed_density,4.0,1,1,gain_matched,2.652410849821652,"{""gain_matrix"": [[0.6112057445408287]]}"
tanh,tanh,4.0,20663514,5,fixed,0.05,4096,fixed_density,4.0,1,1,variance_matched,2.6821943365469387,"{""direction"": [1.0]}"
tanh,tanh,4.0,20663514,5,fixed,0.05,4096,fixed_density,4.0,1,1,shuffled_target,-0.000332187082569519,{}
tanh,tanh,4.0,20663514,5,fixed,0.05,4096,fixed_density,4.0,1,1,analytic_volume,1.3862943611198906,"{""source_dim"": 1}"
tanh,tanh,4.0,20663531,6,fixed,0.05,4096,fixed_density,4.0,1,1,null,0.00014239314383841328,{}
tanh,tanh,4.0,20663531,6,fixed,0.05,4096,fixed_density,4.0,1,1,identity,3.177199979260382,"{""projection"": [[1.0]]}"
tanh,tanh,4.0,20663531,6,fixed,0.05,4096,fixed_density,4.0,1,1,gain_matched,2.6623209158322965,"{""gain_matrix"": [[0.6103295147151184]]}"
tanh,tanh,4.0,20663531,6,fixed,0.05,4096,fixed_density,4.0,1,1,variance_matched,2.6626096872568663,"{""direction"": [1.0]}"
tanh,tanh,4.0,20663531,6,fixed,0.05,4096,fixed_density,4.0,1,1,shuffled_target,4.277591538400248e-05,{}
tanh,tanh,4.0,20663531,6,fixed,0.05,4096,fixed_density,4.0,1,1,analytic_volume,1.3862943611198906,"{""source_dim"": 1}"
tanh,tanh,4.0,20663548,7,fixed,0.05,4096,fixed_density,4.0,1,1,null,-0.00033091929375083024,{}
tanh,tanh,4.0,20663548,7,fixed,0.05,4096,fixed_density,4.0,1,1,identity,3.1168290873965745,"{""projection"": [[1.0]]}"
tanh,tanh,4.0,20663548,7,fixed,0.05,4096,fixed_density,4.0,1,1,gain_matched,2.6592051583153076,"{""gain_matrix"": [[0.6154185917915543]]}"
tanh,tanh,4.0,20663548,7,fixed,0.05,4096,fixed_density,4.0,1,1,variance_matched,2.6728252243088857,"{""direction"": [1.0]}"
tanh,tanh,4.0,20663548,7,fixed,0.05,4096,fixed_density,4.0,1,1,shuffled_target,-0.0003156117392804717,{}
tanh,tanh,4.0,20663548,7,fixed,0.05,4096,fixed_density,4.0,1,1,analytic_volume,1.3862943611198906,"{""source_dim"": 1}"
tanh,tanh,4.0,20663565,8,fixed,0.05,4096,fixed_density,4.0,1,1,null,0.00013074040530948136,{}
tanh,tanh,4.0,20663565,8,fixed,0.05,4096,fixed_density,4.0,1,1,identity,3.1535897129099473,"{""projection"": [[1.0]]}"
tanh,tanh,4.0,20663565,8,fixed,0.05,4096,fixed_density,4.0,1,1,gain_matched,2.660114304406307,"{""gain_matrix"": [[0.6109274403977679]]}"
tanh,tanh,4.0,20663565,8,fixed,0.05,4096,fixed_density,4.0,1,1,variance_matched,2.6779149274954697,"{""direction"": [1.0]}"
tanh,tanh,4.0,20663565,8,fixed,0.05,4096,fixed_density,4.0,1,1,shuffled_target,-0.0003443839332709806,{}
tanh,tanh,4.0,20663565,8,fixed,0.05,4096,fixed_density,4.0,1,1,analytic_volume,1.3862943611198906,"{""source_dim"": 1}"
tanh,tanh,4.0,20663582,9,fixed,0.05,4096,fixed_density,4.0,1,1,null,-0.00024126402745289807,{}
tanh,tanh,4.0,20663582,9,fixed,0.05,4096,fixed_density,4.0,1,1,identity,3.1408795257939834,"{""projection"": [[1.0]]}"
tanh,tanh,4.0,20663582,9,fixed,0.05,4096,fixed_density,4.0,1,1,gain_matched,2.6490315635807056,"{""gain_matrix"": [[0.6131834744586024]]}"
tanh,tanh,4.0,20663582,9,fixed,0.05,4096,fixed_density,4.0,1,1,variance_matched,2.6561576272577287,"{""direction"": [1.0]}"
tanh,tanh,4.0,20663582,9,fixed,0.05,4096,fixed_density,4.0,1,1,shuffled_target,0.0004945637326165334,{}
tanh,tanh,4.0,20663582,9,fixed,0.05,4096,fixed_density,4.0,1,1,analytic_volume,1.3862943611198906,"{""source_dim"": 1}"
tanh,tanh,8.0,20664429,0,fixed,0.05,8192,fixed_density,4.0,1,1,null,-2.8993954326039334e-05,{}
tanh,tanh,8.0,20664429,0,fixed,0.05,8192,fixed_density,4.0,1,1,identity,3.839559442179091,"{""projection"": [[1.0]]}"
tanh,tanh,8.0,20664429,0,fixed,0.05,8192,fixed_density,4.0,1,1,gain_matched,2.789535357491721,"{""gain_matrix"": [[0.35381594798317817]]}"
tanh,tanh,8.0,20664429,0,fixed,0.05,8192,fixed_density,4.0,1,1,variance_matched,2.8494317168125454,"{""direction"": [1.0]}"
tanh,tanh,8.0,20664429,0,fixed,0.05,8192,fixed_density,4.0,1,1,shuffled_target,-0.00016594852792938827,{}
tanh,tanh,8.0,20664429,0,fixed,0.05,8192,fixed_density,4.0,1,1,analytic_volume,2.0794415416798357,"{""source_dim"": 1}"
tanh,tanh,8.0,20664446,1,fixed,0.05,8192,fixed_density,4.0,1,1,null,1.4591590275309124e-05,{}
tanh,tanh,8.0,20664446,1,fixed,0.05,8192,fixed_density,4.0,1,1,identity,3.8469231471293828,"{""projection"": [[1.0]]}"
tanh,tanh,8.0,20664446,1,fixed,0.05,8192,fixed_density,4.0,1,1,gain_matched,2.807216185346559,"{""gain_matrix"": [[0.3544139290963432]]}"
tanh,tanh,8.0,20664446,1,fixed,0.05,8192,fixed_density,4.0,1,1,variance_matched,2.8646424318979173,"{""direction"": [1.0]}"
tanh,tanh,8.0,20664446,1,fixed,0.05,8192,fixed_density,4.0,1,1,shuffled_target,-2.53654837198327e-07,{}
tanh,tanh,8.0,20664446,1,fixed,0.05,8192,fixed_density,4.0,1,1,analytic_volume,2.0794415416798357,"{""source_dim"": 1}"
tanh,tanh,8.0,20664463,2,fixed,0.05,8192,fixed_density,4.0,1,1,null,-0.00011817019984399686,{}
tanh,tanh,8.0,20664463,2,fixed,0.05,8192,fixed_density,4.0,1,1,identity,3.8283786340108876,"{""projection"": [[1.0]]}"
tanh,tanh,8.0,20664463,2,fixed,0.05,8192,fixed_density,4.0,1,1,gain_matched,2.7869920284788474,"{""gain_matrix"": [[0.3580497532649382]]}"
tanh,tanh,8.0,20664463,2,fixed,0.05,8192,fixed_density,4.0,1,1,variance_matched,2.8480458024201267,"{""direction"": [1.0]}"
tanh,tanh,8.0,20664463,2,fixed,0.05,8192,fixed_density,4.0,1,1,shuffled_target,-4.806203331341103e-05,{}
tanh,tanh,8.0,20664463,2,fixed,0.05,8192,fixed_density,4.0,1,1,analytic_volume,2.0794415416798357,"{""source_dim"": 1}"
tanh,tanh,8.0,20664480,3,fixed,0.05,8192,fixed_density,4.0,1,1,null,-7.192603249060918e-05,{}
tanh,tanh,8.0,20664480,3,fixed,0.05,8192,fixed_density,4.0,1,1,identity,3.8400347226814944,"{""projection"": [[1.0]]}"
tanh,tanh,8.0,20664480,3,fixed,0.05,8192,fixed_density,4.0,1,1,gain_matched,2.807019230936288,"{""gain_matrix"": [[0.3561486169803588]]}"
tanh,tanh,8.0,20664480,3,fixed,0.05,8192,fixed_density,4.0,1,1,variance_matched,2.8512868418295807,"{""direction"": [1.0]}"
tanh,tanh,8.0,20664480,3,fixed,0.05,8192,fixed_density,4.0,1,1,shuffled_target,2.8626970462895367e-05,{}
tanh,tanh,8.0,20664480,3,fixed,0.05,8192,fixed_density,4.0,1,1,analytic_volume,2.0794415416798357,"{""source_dim"": 1}"
tanh,tanh,8.0,20664497,4,fixed,0.05,8192,fixed_density,4.0,1,1,null,-9.985549802155633e-05,{}
tanh,tanh,8.0,20664497,4,fixed,0.05,8192,fixed_density,4.0,1,1,identity,3.8341269521252404,"{""projection"": [[1.0]]}"
tanh,tanh,8.0,20664497,4,fixed,0.05,8192,fixed_density,4.0,1,1,gain_matched,2.8045863570161096,"{""gain_matrix"": [[0.3575352774672841]]}"
tanh,tanh,8.0,20664497,4,fixed,0.05,8192,fixed_density,4.0,1,1,variance_matched,2.837308948463873,"{""direction"": [1.0]}"
tanh,tanh,8.0,20664497,4,fixed,0.05,8192,fixed_density,4.0,1,1,shuffled_target,2.9563037002253124e-05,{}
tanh,tanh,8.0,20664497,4,fixed,0.05,8192,fixed_density,4.0,1,1,analytic_volume,2.0794415416798357,"{""source_dim"": 1}"
tanh,tanh,8.0,20664514,5,fixed,0.05,8192,fixed_density,4.0,1,1,null,-0.00015883945511932583,{}
tanh,tanh,8.0,20664514,5,fixed,0.05,8192,fixed_density,4.0,1,1,identity,3.833284203212224,"{""projection"": [[1.0]]}"
tanh,tanh,8.0,20664514,5,fixed,0.05,8192,fixed_density,4.0,1,1,gain_matched,2.796798624440946,"{""gain_matrix"": [[0.35655765941333006]]}"
tanh,tanh,8.0,20664514,5,fixed,0.05,8192,fixed_density,4.0,1,1,variance_matched,2.8595931664364316,"{""direction"": [1.0]}"
tanh,tanh,8.0,20664514,5,fixed,0.05,8192,fixed_density,4.0,1,1,shuffled_target,1.9851646401658284e-05,{}
tanh,tanh,8.0,20664514,5,fixed,0.05,8192,fixed_density,4.0,1,1,analytic_volume,2.0794415416798357,"{""source_dim"": 1}"
tanh,tanh,8.0,20664531,6,fixed,0.05,8192,fixed_density,4.0,1,1,null,-0.00017484062384972072,{}
tanh,tanh,8.0,20664531,6,fixed,0.05,8192,fixed_density,4.0,1,1,identity,3.8115544487368833,"{""projection"": [[1.0]]}"
tanh,tanh,8.0,20664531,6,fixed,0.05,8192,fixed_density,4.0,1,1,gain_matched,2.7976928025278345,"{""gain_matrix"": [[0.3568654050398317]]}"
tanh,tanh,8.0,20664531,6,fixed,0.05,8192,fixed_density,4.0,1,1,variance_matched,2.8579411250863105,"{""direction"": [1.0]}"
tanh,tanh,8.0,20664531,6,fixed,0.05,8192,fixed_density,4.0,1,1,shuffled_target,-6.172949075640783e-05,{}
tanh,tanh,8.0,20664531,6,fixed,0.05,8192,fixed_density,4.0,1,1,analytic_volume,2.0794415416798357,"{""source_dim"": 1}"
tanh,tanh,8.0,20664548,7,fixed,0.05,8192,fixed_density,4.0,1,1,null,0.00012817540981470023,{}
tanh,tanh,8.0,20664548,7,fixed,0.05,8192,fixed_density,4.0,1,1,identity,3.845514254032559,"{""projection"": [[1.0]]}"
tanh,tanh,8.0,20664548,7,fixed,0.05,8192,fixed_density,4.0,1,1,gain_matched,2.7931163517837625,"{""gain_matrix"": [[0.3573801082385334]]}"
tanh,tanh,8.0,20664548,7,fixed,0.05,8192,fixed_density,4.0,1,1,variance_matched,2.859108187094064,"{""direction"": [1.0]}"
tanh,tanh,8.0,20664548,7,fixed,0.05,8192,fixed_density,4.0,1,1,shuffled_target,-0.00012215044456762632,{}
tanh,tanh,8.0,20664548,7,fixed,0.05,8192,fixed_density,4.0,1,1,analytic_volume,2.0794415416798357,"{""source_dim"": 1}"
tanh,tanh,8.0,20664565,8,fixed,0.05,8192,fixed_density,4.0,1,1,null,-0.00013090856669712366,{}
tanh,tanh,8.0,20664565,8,fixed,0.05,8192,fixed_density,4.0,1,1,identity,3.829711585347355,"{""projection"": [[1.0]]}"
tanh,tanh,8.0,20664565,8,fixed,0.05,8192,fixed_density,4.0,1,1,gain_matched,2.7994536511999195,"{""gain_matrix"": [[0.356377681202751]]}"
tanh,tanh,8.0,20664565,8,fixed,0.05,8192,fixed_density,4.0,1,1,variance_matched,2.8564622345041526,"{""direction"": [1.0]}"
tanh,tanh,8.0,20664565,8,fixed,0.05,8192,fixed_density,4.0,1,1,shuffled_target,2.054744217419967e-06,{}
tanh,tanh,8.0,20664565,8,fixed,0.05,8192,fixed_density,4.0,1,1,analytic_volume,2.0794415416798357,"{""source_dim"": 1}"
tanh,tanh,8.0,20664582,9,fixed,0.05,8192,fixed_density,4.0,1,1,null,4.7689762079146624e-05,{}
tanh,tanh,8.0,20664582,9,fixed,0.05,8192,fixed_density,4.0,1,1,identity,3.832379953811569,"{""projection"": [[1.0]]}"
tanh,tanh,8.0,20664582,9,fixed,0.05,8192,fixed_density,4.0,1,1,gain_matched,2.794242715844293,"{""gain_matrix"": [[0.3560069956447604]]}"
tanh,tanh,8.0,20664582,9,fixed,0.05,8192,fixed_density,4.0,1,1,variance_matched,2.8527548311622284,"{""direction"": [1.0]}"
tanh,tanh,8.0,20664582,9,fixed,0.05,8192,fixed_density,4.0,1,1,shuffled_target,-8.075101806034437e-05,{}
tanh,tanh,8.0,20664582,9,fixed,0.05,8192,fixed_density,4.0,1,1,analytic_volume,2.0794415416798357,"{""source_dim"": 1}"
tanh,tanh,12.0,20665429,0,fixed,0.05,12288,fixed_density,4.0,1,1,null,-2.1446697740828383e-05,{}
tanh,tanh,12.0,20665429,0,fixed,0.05,12288,fixed_density,4.0,1,1,identity,4.237712060250495,"{""projection"": [[1.0]]}"
tanh,tanh,12.0,20665429,0,fixed,0.05,12288,fixed_density,4.0,1,1,gain_matched,2.817662883665514,"{""gain_matrix"": [[0.24428789862681202]]}"
tanh,tanh,12.0,20665429,0,fixed,0.05,12288,fixed_density,4.0,1,1,variance_matched,2.9050010953069236,"{""direction"": [1.0]}"
tanh,tanh,12.0,20665429,0,fixed,0.05,12288,fixed_density,4.0,1,1,shuffled_target,-4.829008672422265e-05,{}
tanh,tanh,12.0,20665429,0,fixed,0.05,12288,fixed_density,4.0,1,1,analytic_volume,2.4849066497880004,"{""source_dim"": 1}"
tanh,tanh,12.0,20665446,1,fixed,0.05,12288,fixed_density,4.0,1,1,null,6.350933850980197e-06,{}
tanh,tanh,12.0,20665446,1,fixed,0.05,12288,fixed_density,4.0,1,1,identity,4.243096530138751,"{""projection"": [[1.0]]}"
tanh,tanh,12.0,20665446,1,fixed,0.05,12288,fixed_density,4.0,1,1,gain_matched,2.83321789377171,"{""gain_matrix"": [[0.24432344263444003]]}"
tanh,tanh,12.0,20665446,1,fixed,0.05,12288,fixed_density,4.0,1,1,variance_matched,2.9147440017833985,"{""direction"": [1.0]}"
tanh,tanh,12.0,20665446,1,fixed,0.05,12288,fixed_density,4.0,1,1,shuffled_target,0.00010434868429597328,{}
tanh,tanh,12.0,20665446,1,fixed,0.05,12288,fixed_density,4.0,1,1,analytic_volume,2.4849066497880004,"{""source_dim"": 1}"
tanh,tanh,12.0,20665463,2,fixed,0.05,12288,fixed_density,4.0,1,1,null,2.5907684676228237e-05,{}
tanh,tanh,12.0,20665463,2,fixed,0.05,12288,fixed_density,4.0,1,1,identity,4.229254165353923,"{""projection"": [[1.0]]}"
tanh,tanh,12.0,20665463,2,fixed,0.05,12288,fixed_density,4.0,1,1,gain_matched,2.821764273304232,"{""gain_matrix"": [[0.24349572893669738]]}"
tanh,tanh,12.0,20665463,2,fixed,0.05,12288,fixed_density,4.0,1,1,variance_matched,2.9048985221989905,"{""direction"": [1.0]}"
tanh,tanh,12.0,20665463,2,fixed,0.05,12288,fixed_density,4.0,1,1,shuffled_target,0.00032229262516137786,{}
tanh,tanh,12.0,20665463,2,fixed,0.05,12288,fixed_density,4.0,1,1,analytic_volume,2.4849066497880004,"{""source_dim"": 1}"
tanh,tanh,12.0,20665480,3,fixed,0.05,12288,fixed_density,4.0,1,1,null,-4.8665635127858274e-05,{}
tanh,tanh,12.0,20665480,3,fixed,0.05,12288,fixed_density,4.0,1,1,identity,4.242426255207904,"{""projection"": [[1.0]]}"
tanh,tanh,12.0,20665480,3,fixed,0.05,12288,fixed_density,4.0,1,1,gain_matched,2.827271445361195,"{""gain_matrix"": [[0.24478042435956535]]}"
tanh,tanh,12.0,20665480,3,fixed,0.05,12288,fixed_density,4.0,1,1,variance_matched,2.9035619627841633,"{""direction"": [1.0]}"
tanh,tanh,12.0,20665480,3,fixed,0.05,12288,fixed_density,4.0,1,1,shuffled_target,-7.529085198785885e-05,{}
tanh,tanh,12.0,20665480,3,fixed,0.05,12288,fixed_density,4.0,1,1,analytic_volume,2.4849066497880004,"{""source_dim"": 1}"
tanh,tanh,12.0,20665497,4,fixed,0.05,12288,fixed_density,4.0,1,1,null,-4.128265399029784e-05,{}
tanh,tanh,12.0,20665497,4,fixed,0.05,12288,fixed_density,4.0,1,1,identity,4.234582158436789,"{""projection"": [[1.0]]}"
tanh,tanh,12.0,20665497,4,fixed,0.05,12288,fixed_density,4.0,1,1,gain_matched,2.8363656890941598,"{""gain_matrix"": [[0.24500082762819309]]}"
tanh,tanh,12.0,20665497,4,fixed,0.05,12288,fixed_density,4.0,1,1,variance_matched,2.891789472566375,"{""direction"": [1.0]}"
tanh,tanh,12.0,20665497,4,fixed,0.05,12288,fixed_density,4.0,1,1,shuffled_target,-0.00010598238326047344,{}
tanh,tanh,12.0,20665497,4,fixed,0.05,12288,fixed_density,4.0,1,1,analytic_volume,2.4849066497880004,"{""source_dim"": 1}"
tanh,tanh,12.0,20665514,5,fixed,0.05,12288,fixed_density,4.0,1,1,null,-9.895558008709817e-05,{}
tanh,tanh,12.0,20665514,5,fixed,0.05,12288,fixed_density,4.0,1,1,identity,4.245848297058122,"{""projection"": [[1.0]]}"
tanh,tanh,12.0,20665514,5,fixed,0.05,12288,fixed_density,4.0,1,1,gain_matched,2.829179541766719,"{""gain_matrix"": [[0.24352990817232048]]}"
tanh,tanh,12.0,20665514,5,fixed,0.05,12288,fixed_density,4.0,1,1,variance_matched,2.9045211706717757,"{""direction"": [1.0]}"
tanh,tanh,12.0,20665514,5,fixed,0.05,12288,fixed_density,4.0,1,1,shuffled_target,-4.9943845036487283e-05,{}
tanh,tanh,12.0,20665514,5,fixed,0.05,12288,fixed_density,4.0,1,1,analytic_volume,2.4849066497880004,"{""source_dim"": 1}"
tanh,tanh,12.0,20665531,6,fixed,0.05,12288,fixed_density,4.0,1,1,null,-3.4518207416630005e-06,{}
tanh,tanh,12.0,20665531,6,fixed,0.05,12288,fixed_density,4.0,1,1,identity,4.243756006796356,"{""projection"": [[1.0]]}"
tanh,tanh,12.0,20665531,6,fixed,0.05,12288,fixed_density,4.0,1,1,gain_matched,2.833502420375692,"{""gain_matrix"": [[0.24476733384420482]]}"
tanh,tanh,12.0,20665531,6,fixed,0.05,12288,fixed_density,4.0,1,1,variance_matched,2.908164372612557,"{""direction"": [1.0]}"
tanh,tanh,12.0,20665531,6,fixed,0.05,12288,fixed_density,4.0,1,1,shuffled_target,0.00014494505407910578,{}
tanh,tanh,12.0,20665531,6,fixed,0.05,12288,fixed_density,4.0,1,1,analytic_volume,2.4849066497880004,"{""source_dim"": 1}"
tanh,tanh,12.0,20665548,7,fixed,0.05,12288,fixed_density,4.0,1,1,null,-6.259652916819484e-05,{}
tanh,tanh,12.0,20665548,7,fixed,0.05,12288,fixed_density,4.0,1,1,identity,4.230567431243195,"{""projection"": [[1.0]]}"
tanh,tanh,12.0,20665548,7,fixed,0.05,12288,fixed_density,4.0,1,1,gain_matched,2.830650613522991,"{""gain_matrix"": [[0.24447808685215316]]}"
tanh,tanh,12.0,20665548,7,fixed,0.05,12288,fixed_density,4.0,1,1,variance_matched,2.9046670165717736,"{""direction"": [1.0]}"
tanh,tanh,12.0,20665548,7,fixed,0.05,12288,fixed_density,4.0,1,1,shuffled_target,0.000162370764919059,{}
tanh,tanh,12.0,20665548,7,fixed,0.05,12288,fixed_density,4.0,1,1,analytic_volume,2.4849066497880004,"{""source_dim"": 1}"
tanh,tanh,12.0,20665565,8,fixed,0.05,12288,fixed_density,4.0,1,1,null,0.0004928468843641605,{}
tanh,tanh,12.0,20665565,8,fixed,0.05,12288,fixed_density,4.0,1,1,identity,4.245825750647991,"{""projection"": [[1.0]]}"
tanh,tanh,12.0,20665565,8,fixed,0.05,12288,fixed_density,4.0,1,1,gain_matched,2.8411786900270575,"{""gain_matrix"": [[0.24434265953419673]]}"
tanh,tanh,12.0,20665565,8,fixed,0.05,12288,fixed_density,4.0,1,1,variance_matched,2.9080534176502755,"{""direction"": [1.0]}"
tanh,tanh,12.0,20665565,8,fixed,0.05,12288,fixed_density,4.0,1,1,shuffled_target,-0.00010542374748037675,{}
tanh,tanh,12.0,20665565,8,fixed,0.05,12288,fixed_density,4.0,1,1,analytic_volume,2.4849066497880004,"{""source_dim"": 1}"
tanh,tanh,12.0,20665582,9,fixed,0.05,12288,fixed_density,4.0,1,1,null,0.00013911501365358408,{}
tanh,tanh,12.0,20665582,9,fixed,0.05,12288,fixed_density,4.0,1,1,identity,4.2397664490509275,"{""projection"": [[1.0]]}"
tanh,tanh,12.0,20665582,9,fixed,0.05,12288,fixed_density,4.0,1,1,gain_matched,2.8327999483633746,"{""gain_matrix"": [[0.2437551227344414]]}"
tanh,tanh,12.0,20665582,9,fixed,0.05,12288,fixed_density,4.0,1,1,variance_matched,2.8994592346557035,"{""direction"": [1.0]}"
tanh,tanh,12.0,20665582,9,fixed,0.05,12288,fixed_density,4.0,1,1,shuffled_target,-2.2800807078837493e-05,{}
tanh,tanh,12.0,20665582,9,fixed,0.05,12288,fixed_density,4.0,1,1,analytic_volume,2.4849066497880004,"{""source_dim"": 1}"
tanh,tanh,16.0,20666429,0,fixed,0.05,16384,fixed_density,4.0,1,1,null,0.00012279516816984218,{}
tanh,tanh,16.0,20666429,0,fixed,0.05,16384,fixed_density,4.0,1,1,identity,4.529182978924116,"{""projection"": [[1.0]]}"
tanh,tanh,16.0,20666429,0,fixed,0.05,16384,fixed_density,4.0,1,1,gain_matched,2.8458928633597003,"{""gain_matrix"": [[0.18489262048856664]]}"
tanh,tanh,16.0,20666429,0,fixed,0.05,16384,fixed_density,4.0,1,1,variance_matched,2.931594233650859,"{""direction"": [1.0]}"
tanh,tanh,16.0,20666429,0,fixed,0.05,16384,fixed_density,4.0,1,1,shuffled_target,1.040477045232377e-05,{}
tanh,tanh,16.0,20666429,0,fixed,0.05,16384,fixed_density,4.0,1,1,analytic_volume,2.772588722239781,"{""source_dim"": 1}"
tanh,tanh,16.0,20666446,1,fixed,0.05,16384,fixed_density,4.0,1,1,null,0.00011027219639617416,{}
tanh,tanh,16.0,20666446,1,fixed,0.05,16384,fixed_density,4.0,1,1,identity,4.530601663202461,"{""projection"": [[1.0]]}"
tanh,tanh,16.0,20666446,1,fixed,0.05,16384,fixed_density,4.0,1,1,gain_matched,2.845766321547493,"{""gain_matrix"": [[0.18496668170637298]]}"
tanh,tanh,16.0,20666446,1,fixed,0.05,16384,fixed_density,4.0,1,1,variance_matched,2.9253024194950425,"{""direction"": [1.0]}"
tanh,tanh,16.0,20666446,1,fixed,0.05,16384,fixed_density,4.0,1,1,shuffled_target,9.413068672161937e-06,{}
tanh,tanh,16.0,20666446,1,fixed,0.05,16384,fixed_density,4.0,1,1,analytic_volume,2.772588722239781,"{""source_dim"": 1}"
tanh,tanh,16.0,20666463,2,fixed,0.05,16384,fixed_density,4.0,1,1,null,-1.8892141965288315e-05,{}
tanh,tanh,16.0,20666463,2,fixed,0.05,16384,fixed_density,4.0,1,1,identity,4.521126704850756,"{""projection"": [[1.0]]}"
tanh,tanh,16.0,20666463,2,fixed,0.05,16384,fixed_density,4.0,1,1,gain_matched,2.8377360501636875,"{""gain_matrix"": [[0.18535710536058944]]}"
tanh,tanh,16.0,20666463,2,fixed,0.05,16384,fixed_density,4.0,1,1,variance_matched,2.927460438996205,"{""direction"": [1.0]}"
tanh,tanh,16.0,20666463,2,fixed,0.05,16384,fixed_density,4.0,1,1,shuffled_target,-4.6396711536998945e-05,{}
tanh,tanh,16.0,20666463,2,fixed,0.05,16384,fixed_density,4.0,1,1,analytic_volume,2.772588722239781,"{""source_dim"": 1}"
tanh,tanh,16.0,20666480,3,fixed,0.05,16384,fixed_density,4.0,1,1,null,-1.610682947014815e-05,{}
tanh,tanh,16.0,20666480,3,fixed,0.05,16384,fixed_density,4.0,1,1,identity,4.532751777954459,"{""projection"": [[1.0]]}"
tanh,tanh,16.0,20666480,3,fixed,0.05,16384,fixed_density,4.0,1,1,gain_matched,2.850514833948192,"{""gain_matrix"": [[0.18478511232482034]]}"
tanh,tanh,16.0,20666480,3,fixed,0.05,16384,fixed_density,4.0,1,1,variance_matched,2.932172916173702,"{""direction"": [1.0]}"
tanh,tanh,16.0,20666480,3,fixed,0.05,16384,fixed_density,4.0,1,1,shuffled_target,-5.283717735555372e-05,{}
tanh,tanh,16.0,20666480,3,fixed,0.05,16384,fixed_density,4.0,1,1,analytic_volume,2.772588722239781,"{""source_dim"": 1}"
tanh,tanh,16.0,20666497,4,fixed,0.05,16384,fixed_density,4.0,1,1,null,-1.4502829429007984e-05,{}
tanh,tanh,16.0,20666497,4,fixed,0.05,16384,fixed_density,4.0,1,1,identity,4.530486372840347,"{""projection"": [[1.0]]}"
tanh,tanh,16.0,20666497,4,fixed,0.05,16384,fixed_density,4.0,1,1,gain_matched,2.8476387678814516,"{""gain_matrix"": [[0.18500699111980526]]}"
tanh,tanh,16.0,20666497,4,fixed,0.05,16384,fixed_density,4.0,1,1,variance_matched,2.9325114238933505,"{""direction"": [1.0]}"
tanh,tanh,16.0,20666497,4,fixed,0.05,16384,fixed_density,4.0,1,1,shuffled_target,-3.938881745007483e-05,{}
tanh,tanh,16.0,20666497,4,fixed,0.05,16384,fixed_density,4.0,1,1,analytic_volume,2.772588722239781,"{""source_dim"": 1}"
tanh,tanh,16.0,20666514,5,fixed,0.05,16384,fixed_density,4.0,1,1,null,-2.2915181924010165e-05,{}
tanh,tanh,16.0,20666514,5,fixed,0.05,16384,fixed_density,4.0,1,1,identity,4.526523889426422,"{""projection"": [[1.0]]}"
tanh,tanh,16.0,20666514,5,fixed,0.05,16384,fixed_density,4.0,1,1,gain_matched,2.843209285405763,"{""gain_matrix"": [[0.1858764886593553]]}"
tanh,tanh,16.0,20666514,5,fixed,0.05,16384,fixed_density,4.0,1,1,variance_matched,2.9386202676724276,"{""direction"": [1.0]}"
tanh,tanh,16.0,20666514,5,fixed,0.05,16384,fixed_density,4.0,1,1,shuffled_target,-8.398643286626305e-05,{}
tanh,tanh,16.0,20666514,5,fixed,0.05,16384,fixed_density,4.0,1,1,analytic_volume,2.772588722239781,"{""source_dim"": 1}"
tanh,tanh,16.0,20666531,6,fixed,0.05,16384,fixed_density,4.0,1,1,null,-5.513569981041103e-05,{}
tanh,tanh,16.0,20666531,6,fixed,0.05,16384,fixed_density,4.0,1,1,identity,4.51198220270722,"{""projection"": [[1.0]]}"
tanh,tanh,16.0,20666531,6,fixed,0.05,16384,fixed_density,4.0,1,1,gain_matched,2.838295159425394,"{""gain_matrix"": [[0.1852897581150183]]}"
tanh,tanh,16.0,20666531,6,fixed,0.05,16384,fixed_density,4.0,1,1,variance_matched,2.936527335684838,"{""direction"": [1.0]}"
tanh,tanh,16.0,20666531,6,fixed,0.05,16384,fixed_density,4.0,1,1,shuffled_target,5.9934585999327424e-05,{}
tanh,tanh,16.0,20666531,6,fixed,0.05,16384,fixed_density,4.0,1,1,analytic_volume,2.772588722239781,"{""source_dim"": 1}"
tanh,tanh,16.0,20666548,7,fixed,0.05,16384,fixed_density,4.0,1,1,null,3.7912604373572956e-05,{}
tanh,tanh,16.0,20666548,7,fixed,0.05,16384,fixed_density,4.0,1,1,identity,4.530654916198948,"{""projection"": [[1.0]]}"
tanh,tanh,16.0,20666548,7,fixed,0.05,16384,fixed_density,4.0,1,1,gain_matched,2.8420442931353285,"{""gain_matrix"": [[0.18455278034448475]]}"
tanh,tanh,16.0,20666548,7,fixed,0.05,16384,fixed_density,4.0,1,1,variance_matched,2.9340858766679667,"{""direction"": [1.0]}"
tanh,tanh,16.0,20666548,7,fixed,0.05,16384,fixed_density,4.0,1,1,shuffled_target,2.5628262039689724e-05,{}
tanh,tanh,16.0,20666548,7,fixed,0.05,16384,fixed_density,4.0,1,1,analytic_volume,2.772588722239781,"{""source_dim"": 1}"
tanh,tanh,16.0,20666565,8,fixed,0.05,16384,fixed_density,4.0,1,1,null,-2.595835239674381e-05,{}
tanh,tanh,16.0,20666565,8,fixed,0.05,16384,fixed_density,4.0,1,1,identity,4.524338884563544,"{""projection"": [[1.0]]}"
tanh,tanh,16.0,20666565,8,fixed,0.05,16384,fixed_density,4.0,1,1,gain_matched,2.839590303411567,"{""gain_matrix"": [[0.18524368036066277]]}"
tanh,tanh,16.0,20666565,8,fixed,0.05,16384,fixed_density,4.0,1,1,variance_matched,2.9279812134952485,"{""direction"": [1.0]}"
tanh,tanh,16.0,20666565,8,fixed,0.05,16384,fixed_density,4.0,1,1,shuffled_target,5.602654499182342e-05,{}
tanh,tanh,16.0,20666565,8,fixed,0.05,16384,fixed_density,4.0,1,1,analytic_volume,2.772588722239781,"{""source_dim"": 1}"
tanh,tanh,16.0,20666582,9,fixed,0.05,16384,fixed_density,4.0,1,1,null,-4.409613953575191e-05,{}
tanh,tanh,16.0,20666582,9,fixed,0.05,16384,fixed_density,4.0,1,1,identity,4.521669100515222,"{""projection"": [[1.0]]}"
tanh,tanh,16.0,20666582,9,fixed,0.05,16384,fixed_density,4.0,1,1,gain_matched,2.8477521446781173,"{""gain_matrix"": [[0.18563112417519526]]}"
tanh,tanh,16.0,20666582,9,fixed,0.05,16384,fixed_density,4.0,1,1,variance_matched,2.931096540831914,"{""direction"": [1.0]}"
tanh,tanh,16.0,20666582,9,fixed,0.05,16384,fixed_density,4.0,1,1,shuffled_target,-6.21255024124447e-05,{}
tanh,tanh,16.0,20666582,9,fixed,0.05,16384,fixed_density,4.0,1,1,analytic_volume,2.772588722239781,"{""source_dim"": 1}"
tanh,tanh,0.5,20660429,0,scaled_with_l,0.025,512,fixed_density,4.0,1,1,null,-0.002328134993546111,{}
tanh,tanh,0.5,20660429,0,scaled_with_l,0.025,512,fixed_density,4.0,1,1,identity,1.8012106566874997,"{""projection"": [[1.0]]}"
tanh,tanh,0.5,20660429,0,scaled_with_l,0.025,512,fixed_density,4.0,1,1,gain_matched,1.7286065150444914,"{""gain_matrix"": [[0.9881280008116715]]}"
tanh,tanh,0.5,20660429,0,scaled_with_l,0.025,512,fixed_density,4.0,1,1,variance_matched,1.8122152837269088,"{""direction"": [1.0]}"
tanh,tanh,0.5,20660429,0,scaled_with_l,0.025,512,fixed_density,4.0,1,1,shuffled_target,0.0013371610187550675,{}
tanh,tanh,0.5,20660429,0,scaled_with_l,0.025,512,fixed_density,4.0,1,1,analytic_volume,-0.6931471805599453,"{""source_dim"": 1}"
tanh,tanh,0.5,20660446,1,scaled_with_l,0.025,512,fixed_density,4.0,1,1,null,0.0071927113576971,{}
tanh,tanh,0.5,20660446,1,scaled_with_l,0.025,512,fixed_density,4.0,1,1,identity,1.8354268611415643,"{""projection"": [[1.0]]}"
tanh,tanh,0.5,20660446,1,scaled_with_l,0.025,512,fixed_density,4.0,1,1,gain_matched,1.7505125209623902,"{""gain_matrix"": [[0.9876478940860915]]}"
tanh,tanh,0.5,20660446,1,scaled_with_l,0.025,512,fixed_density,4.0,1,1,variance_matched,1.763532415765019,"{""direction"": [1.0]}"
tanh,tanh,0.5,20660446,1,scaled_with_l,0.025,512,fixed_density,4.0,1,1,shuffled_target,0.0001727411143037773,{}
tanh,tanh,0.5,20660446,1,scaled_with_l,0.025,512,fixed_density,4.0,1,1,analytic_volume,-0.6931471805599453,"{""source_dim"": 1}"
tanh,tanh,0.5,20660463,2,scaled_with_l,0.025,512,fixed_density,4.0,1,1,null,0.0003706177143715703,{}
tanh,tanh,0.5,20660463,2,scaled_with_l,0.025,512,fixed_density,4.0,1,1,identity,1.8094914396020085,"{""projection"": [[1.0]]}"
tanh,tanh,0.5,20660463,2,scaled_with_l,0.025,512,fixed_density,4.0,1,1,gain_matched,1.7552055481570892,"{""gain_matrix"": [[0.9873201964544258]]}"
tanh,tanh,0.5,20660463,2,scaled_with_l,0.025,512,fixed_density,4.0,1,1,variance_matched,1.755089041751769,"{""direction"": [1.0]}"
tanh,tanh,0.5,20660463,2,scaled_with_l,0.025,512,fixed_density,4.0,1,1,shuffled_target,-0.00261364269036629,{}
tanh,tanh,0.5,20660463,2,scaled_with_l,0.025,512,fixed_density,4.0,1,1,analytic_volume,-0.6931471805599453,"{""source_dim"": 1}"
tanh,tanh,0.5,20660480,3,scaled_with_l,0.025,512,fixed_density,4.0,1,1,null,0.004949964716144529,{}
tanh,tanh,0.5,20660480,3,scaled_with_l,0.025,512,fixed_density,4.0,1,1,identity,1.7756862203768882,"{""projection"": [[1.0]]}"
tanh,tanh,0.5,20660480,3,scaled_with_l,0.025,512,fixed_density,4.0,1,1,gain_matched,1.8480259671249692,"{""gain_matrix"": [[0.9875964171303909]]}"
tanh,tanh,0.5,20660480,3,scaled_with_l,0.025,512,fixed_density,4.0,1,1,variance_matched,1.7810968212912788,"{""direction"": [1.0]}"
tanh,tanh,0.5,20660480,3,scaled_with_l,0.025,512,fixed_density,4.0,1,1,shuffled_target,0.0009134645332527069,{}
tanh,tanh,0.5,20660480,3,scaled_with_l,0.025,512,fixed_density,4.0,1,1,analytic_volume,-0.6931471805599453,"{""source_dim"": 1}"
tanh,tanh,0.5,20660497,4,scaled_with_l,0.025,512,fixed_density,4.0,1,1,null,0.0014917905484294757,{}
tanh,tanh,0.5,20660497,4,scaled_with_l,0.025,512,fixed_density,4.0,1,1,identity,1.7524294444152466,"{""projection"": [[1.0]]}"
tanh,tanh,0.5,20660497,4,scaled_with_l,0.025,512,fixed_density,4.0,1,1,gain_matched,1.745471329032475,"{""gain_matrix"": [[0.9878377262256578]]}"
tanh,tanh,0.5,20660497,4,scaled_with_l,0.025,512,fixed_density,4.0,1,1,variance_matched,1.7996113796284334,"{""direction"": [1.0]}"
tanh,tanh,0.5,20660497,4,scaled_with_l,0.025,512,fixed_density,4.0,1,1,shuffled_target,-0.002408365329567539,{}
tanh,tanh,0.5,20660497,4,scaled_with_l,0.025,512,fixed_density,4.0,1,1,analytic_volume,-0.6931471805599453,"{""source_dim"": 1}"
tanh,tanh,0.5,20660514,5,scaled_with_l,0.025,512,fixed_density,4.0,1,1,null,0.002701316889430828,{}
tanh,tanh,0.5,20660514,5,scaled_with_l,0.025,512,fixed_density,4.0,1,1,identity,1.7378614463434254,"{""projection"": [[1.0]]}"
tanh,tanh,0.5,20660514,5,scaled_with_l,0.025,512,fixed_density,4.0,1,1,gain_matched,1.7097536581449821,"{""gain_matrix"": [[0.9880761858154732]]}"
tanh,tanh,0.5,20660514,5,scaled_with_l,0.025,512,fixed_density,4.0,1,1,variance_matched,1.753749875944156,"{""direction"": [1.0]}"
tanh,tanh,0.5,20660514,5,scaled_with_l,0.025,512,fixed_density,4.0,1,1,shuffled_target,0.0007536491659113978,{}
tanh,tanh,0.5,20660514,5,scaled_with_l,0.025,512,fixed_density,4.0,1,1,analytic_volume,-0.6931471805599453,"{""source_dim"": 1}"
tanh,tanh,0.5,20660531,6,scaled_with_l,0.025,512,fixed_density,4.0,1,1,null,0.0031219718194194397,{}
tanh,tanh,0.5,20660531,6,scaled_with_l,0.025,512,fixed_density,4.0,1,1,identity,1.7762599335140574,"{""projection"": [[1.0]]}"
tanh,tanh,0.5,20660531,6,scaled_with_l,0.025,512,fixed_density,4.0,1,1,gain_matched,1.7224262849268226,"{""gain_matrix"": [[0.9878766951928148]]}"
tanh,tanh,0.5,20660531,6,scaled_with_l,0.025,512,fixed_density,4.0,1,1,variance_matched,1.798854490469181,"{""direction"": [1.0]}"
tanh,tanh,0.5,20660531,6,scaled_with_l,0.025,512,fixed_density,4.0,1,1,shuffled_target,0.0038186216248655034,{}
tanh,tanh,0.5,20660531,6,scaled_with_l,0.025,512,fixed_density,4.0,1,1,analytic_volume,-0.6931471805599453,"{""source_dim"": 1}"
tanh,tanh,0.5,20660548,7,scaled_with_l,0.025,512,fixed_density,4.0,1,1,null,-0.0008169199139574719,{}
tanh,tanh,0.5,20660548,7,scaled_with_l,0.025,512,fixed_density,4.0,1,1,identity,1.7807857652123351,"{""projection"": [[1.0]]}"
tanh,tanh,0.5,20660548,7,scaled_with_l,0.025,512,fixed_density,4.0,1,1,gain_matched,1.7384119261263236,"{""gain_matrix"": [[0.9878856780359945]]}"
tanh,tanh,0.5,20660548,7,scaled_with_l,0.025,512,fixed_density,4.0,1,1,variance_matched,1.765131919826986,"{""direction"": [1.0]}"
tanh,tanh,0.5,20660548,7,scaled_with_l,0.025,512,fixed_density,4.0,1,1,shuffled_target,0.0001991858218741273,{}
tanh,tanh,0.5,20660548,7,scaled_with_l,0.025,512,fixed_density,4.0,1,1,analytic_volume,-0.6931471805599453,"{""source_dim"": 1}"
tanh,tanh,0.5,20660565,8,scaled_with_l,0.025,512,fixed_density,4.0,1,1,null,0.0010732635218348367,{}
tanh,tanh,0.5,20660565,8,scaled_with_l,0.025,512,fixed_density,4.0,1,1,identity,1.7429625701942335,"{""projection"": [[1.0]]}"
tanh,tanh,0.5,20660565,8,scaled_with_l,0.025,512,fixed_density,4.0,1,1,gain_matched,1.7766515740437199,"{""gain_matrix"": [[0.9879790599129316]]}"
tanh,tanh,0.5,20660565,8,scaled_with_l,0.025,512,fixed_density,4.0,1,1,variance_matched,1.7636971448527836,"{""direction"": [1.0]}"
tanh,tanh,0.5,20660565,8,scaled_with_l,0.025,512,fixed_density,4.0,1,1,shuffled_target,-0.0021310133473417033,{}
tanh,tanh,0.5,20660565,8,scaled_with_l,0.025,512,fixed_density,4.0,1,1,analytic_volume,-0.6931471805599453,"{""source_dim"": 1}"
tanh,tanh,0.5,20660582,9,scaled_with_l,0.025,512,fixed_density,4.0,1,1,null,-0.000486523918592273,{}
tanh,tanh,0.5,20660582,9,scaled_with_l,0.025,512,fixed_density,4.0,1,1,identity,1.7667949996882328,"{""projection"": [[1.0]]}"
tanh,tanh,0.5,20660582,9,scaled_with_l,0.025,512,fixed_density,4.0,1,1,gain_matched,1.751742614179582,"{""gain_matrix"": [[0.9871406959797897]]}"
tanh,tanh,0.5,20660582,9,scaled_with_l,0.025,512,fixed_density,4.0,1,1,variance_matched,1.7691727759459832,"{""direction"": [1.0]}"
tanh,tanh,0.5,20660582,9,scaled_with_l,0.025,512,fixed_density,4.0,1,1,shuffled_target,-0.0010860804644805579,{}
tanh,tanh,0.5,20660582,9,scaled_with_l,0.025,512,fixed_density,4.0,1,1,analytic_volume,-0.6931471805599453,"{""source_dim"": 1}"
tanh,tanh,1.0,20661429,0,scaled_with_l,0.05,1024,fixed_density,4.0,1,1,null,0.0016978398024546117,{}
tanh,tanh,1.0,20661429,0,scaled_with_l,0.05,1024,fixed_density,4.0,1,1,identity,1.7529651129292807,"{""projection"": [[1.0]]}"
tanh,tanh,1.0,20661429,0,scaled_with_l,0.05,1024,fixed_density,4.0,1,1,gain_matched,1.71510894355866,"{""gain_matrix"": [[0.9531854684690858]]}"
tanh,tanh,1.0,20661429,0,scaled_with_l,0.05,1024,fixed_density,4.0,1,1,variance_matched,1.7149641802768207,"{""direction"": [1.0]}"
tanh,tanh,1.0,20661429,0,scaled_with_l,0.05,1024,fixed_density,4.0,1,1,shuffled_target,0.0008585021559934724,{}
tanh,tanh,1.0,20661429,0,scaled_with_l,0.05,1024,fixed_density,4.0,1,1,analytic_volume,0.0,"{""source_dim"": 1}"
tanh,tanh,1.0,20661446,1,scaled_with_l,0.05,1024,fixed_density,4.0,1,1,null,-0.0009046161556203471,{}
tanh,tanh,1.0,20661446,1,scaled_with_l,0.05,1024,fixed_density,4.0,1,1,identity,1.7976389697849067,"{""projection"": [[1.0]]}"
tanh,tanh,1.0,20661446,1,scaled_with_l,0.05,1024,fixed_density,4.0,1,1,gain_matched,1.7496229656089306,"{""gain_matrix"": [[0.953012679321702]]}"
tanh,tanh,1.0,20661446,1,scaled_with_l,0.05,1024,fixed_density,4.0,1,1,variance_matched,1.7329137684991445,"{""direction"": [1.0]}"
tanh,tanh,1.0,20661446,1,scaled_with_l,0.05,1024,fixed_density,4.0,1,1,shuffled_target,-0.00010818822249103856,{}
tanh,tanh,1.0,20661446,1,scaled_with_l,0.05,1024,fixed_density,4.0,1,1,analytic_volume,0.0,"{""source_dim"": 1}"
tanh,tanh,1.0,20661463,2,scaled_with_l,0.05,1024,fixed_density,4.0,1,1,null,-0.0009268006171939704,{}
tanh,tanh,1.0,20661463,2,scaled_with_l,0.05,1024,fixed_density,4.0,1,1,identity,1.766686924614914,"{""projection"": [[1.0]]}"
tanh,tanh,1.0,20661463,2,scaled_with_l,0.05,1024,fixed_density,4.0,1,1,gain_matched,1.7357795977773645,"{""gain_matrix"": [[0.9540633128945024]]}"
tanh,tanh,1.0,20661463,2,scaled_with_l,0.05,1024,fixed_density,4.0,1,1,variance_matched,1.6956042817849883,"{""direction"": [1.0]}"
tanh,tanh,1.0,20661463,2,scaled_with_l,0.05,1024,fixed_density,4.0,1,1,shuffled_target,-0.0013009476450873956,{}
tanh,tanh,1.0,20661463,2,scaled_with_l,0.05,1024,fixed_density,4.0,1,1,analytic_volume,0.0,"{""source_dim"": 1}"
tanh,tanh,1.0,20661480,3,scaled_with_l,0.05,1024,fixed_density,4.0,1,1,null,-0.0009443825247789296,{}
tanh,tanh,1.0,20661480,3,scaled_with_l,0.05,1024,fixed_density,4.0,1,1,identity,1.782155763686477,"{""projection"": [[1.0]]}"
tanh,tanh,1.0,20661480,3,scaled_with_l,0.05,1024,fixed_density,4.0,1,1,gain_matched,1.7403044086144444,"{""gain_matrix"": [[0.9532927381893957]]}"
tanh,tanh,1.0,20661480,3,scaled_with_l,0.05,1024,fixed_density,4.0,1,1,variance_matched,1.720964419262498,"{""direction"": [1.0]}"
tanh,tanh,1.0,20661480,3,scaled_with_l,0.05,1024,fixed_density,4.0,1,1,shuffled_target,-0.0012750751354593842,{}
tanh,tanh,1.0,20661480,3,scaled_with_l,0.05,1024,fixed_density,4.0,1,1,analytic_volume,0.0,"{""source_dim"": 1}"
tanh,tanh,1.0,20661497,4,scaled_with_l,0.05,1024,fixed_density,4.0,1,1,null,-0.0005621159293115203,{}
tanh,tanh,1.0,20661497,4,scaled_with_l,0.05,1024,fixed_density,4.0,1,1,identity,1.741005679714163,"{""projection"": [[1.0]]}"
tanh,tanh,1.0,20661497,4,scaled_with_l,0.05,1024,fixed_density,4.0,1,1,gain_matched,1.7125317588245,"{""gain_matrix"": [[0.9532398452306365]]}"
tanh,tanh,1.0,20661497,4,scaled_with_l,0.05,1024,fixed_density,4.0,1,1,variance_matched,1.7191433030015957,"{""direction"": [1.0]}"
tanh,tanh,1.0,20661497,4,scaled_with_l,0.05,1024,fixed_density,4.0,1,1,shuffled_target,-0.0014545746510452513,{}
tanh,tanh,1.0,20661497,4,scaled_with_l,0.05,1024,fixed_density,4.0,1,1,analytic_volume,0.0,"{""source_dim"": 1}"
tanh,tanh,1.0,20661514,5,scaled_with_l,0.05,1024,fixed_density,4.0,1,1,null,-0.0010921757192607331,{}
tanh,tanh,1.0,20661514,5,scaled_with_l,0.05,1024,fixed_density,4.0,1,1,identity,1.7322325841340764,"{""projection"": [[1.0]]}"
tanh,tanh,1.0,20661514,5,scaled_with_l,0.05,1024,fixed_density,4.0,1,1,gain_matched,1.706236350413771,"{""gain_matrix"": [[0.9537816541993841]]}"
tanh,tanh,1.0,20661514,5,scaled_with_l,0.05,1024,fixed_density,4.0,1,1,variance_matched,1.711465399460857,"{""direction"": [1.0]}"
tanh,tanh,1.0,20661514,5,scaled_with_l,0.05,1024,fixed_density,4.0,1,1,shuffled_target,-0.0003507578332327474,{}
tanh,tanh,1.0,20661514,5,scaled_with_l,0.05,1024,fixed_density,4.0,1,1,analytic_volume,0.0,"{""source_dim"": 1}"
tanh,tanh,1.0,20661531,6,scaled_with_l,0.05,1024,fixed_density,4.0,1,1,null,0.001731174628013581,{}
tanh,tanh,1.0,20661531,6,scaled_with_l,0.05,1024,fixed_density,4.0,1,1,identity,1.7780025618559803,"{""projection"": [[1.0]]}"
tanh,tanh,1.0,20661531,6,scaled_with_l,0.05,1024,fixed_density,4.0,1,1,gain_matched,1.7362747177595415,"{""gain_matrix"": [[0.9530882147439063]]}"
tanh,tanh,1.0,20661531,6,scaled_with_l,0.05,1024,fixed_density,4.0,1,1,variance_matched,1.681126432095275,"{""direction"": [1.0]}"
tanh,tanh,1.0,20661531,6,scaled_with_l,0.05,1024,fixed_density,4.0,1,1,shuffled_target,-0.0009372011053515205,{}
tanh,tanh,1.0,20661531,6,scaled_with_l,0.05,1024,fixed_density,4.0,1,1,analytic_volume,0.0,"{""source_dim"": 1}"
tanh,tanh,1.0,20661548,7,scaled_with_l,0.05,1024,fixed_density,4.0,1,1,null,-0.0009647220850610204,{}
tanh,tanh,1.0,20661548,7,scaled_with_l,0.05,1024,fixed_density,4.0,1,1,identity,1.7721825228885257,"{""projection"": [[1.0]]}"
tanh,tanh,1.0,20661548,7,scaled_with_l,0.05,1024,fixed_density,4.0,1,1,gain_matched,1.7313043371139702,"{""gain_matrix"": [[0.9536848964362824]]}"
tanh,tanh,1.0,20661548,7,scaled_with_l,0.05,1024,fixed_density,4.0,1,1,variance_matched,1.7015714343257171,"{""direction"": [1.0]}"
tanh,tanh,1.0,20661548,7,scaled_with_l,0.05,1024,fixed_density,4.0,1,1,shuffled_target,0.0021631570155435194,{}
tanh,tanh,1.0,20661548,7,scaled_with_l,0.05,1024,fixed_density,4.0,1,1,analytic_volume,0.0,"{""source_dim"": 1}"
tanh,tanh,1.0,20661565,8,scaled_with_l,0.05,1024,fixed_density,4.0,1,1,null,-0.0006775582854884848,{}
tanh,tanh,1.0,20661565,8,scaled_with_l,0.05,1024,fixed_density,4.0,1,1,identity,1.7797642352504588,"{""projection"": [[1.0]]}"
tanh,tanh,1.0,20661565,8,scaled_with_l,0.05,1024,fixed_density,4.0,1,1,gain_matched,1.7530501935470255,"{""gain_matrix"": [[0.9526188159333657]]}"
tanh,tanh,1.0,20661565,8,scaled_with_l,0.05,1024,fixed_density,4.0,1,1,variance_matched,1.7654503017975212,"{""direction"": [1.0]}"
tanh,tanh,1.0,20661565,8,scaled_with_l,0.05,1024,fixed_density,4.0,1,1,shuffled_target,-0.0006910766787835636,{}
tanh,tanh,1.0,20661565,8,scaled_with_l,0.05,1024,fixed_density,4.0,1,1,analytic_volume,0.0,"{""source_dim"": 1}"
tanh,tanh,1.0,20661582,9,scaled_with_l,0.05,1024,fixed_density,4.0,1,1,null,0.0006052311948752216,{}
tanh,tanh,1.0,20661582,9,scaled_with_l,0.05,1024,fixed_density,4.0,1,1,identity,1.769092007385284,"{""projection"": [[1.0]]}"
tanh,tanh,1.0,20661582,9,scaled_with_l,0.05,1024,fixed_density,4.0,1,1,gain_matched,1.7497951169505142,"{""gain_matrix"": [[0.9533965937068386]]}"
tanh,tanh,1.0,20661582,9,scaled_with_l,0.05,1024,fixed_density,4.0,1,1,variance_matched,1.6987429653605184,"{""direction"": [1.0]}"
tanh,tanh,1.0,20661582,9,scaled_with_l,0.05,1024,fixed_density,4.0,1,1,shuffled_target,0.00068016413816126,{}
tanh,tanh,1.0,20661582,9,scaled_with_l,0.05,1024,fixed_density,4.0,1,1,analytic_volume,0.0,"{""source_dim"": 1}"
tanh,tanh,2.0,20662429,0,scaled_with_l,0.1,2048,fixed_density,4.0,1,1,null,-0.00033938159158234337,{}
tanh,tanh,2.0,20662429,0,scaled_with_l,0.1,2048,fixed_density,4.0,1,1,identity,1.7760344205089706,"{""projection"": [[1.0]]}"
tanh,tanh,2.0,20662429,0,scaled_with_l,0.1,2048,fixed_density,4.0,1,1,gain_matched,1.5900426768325628,"{""gain_matrix"": [[0.8429472316326945]]}"
tanh,tanh,2.0,20662429,0,scaled_with_l,0.1,2048,fixed_density,4.0,1,1,variance_matched,1.6274069793455839,"{""direction"": [1.0]}"
tanh,tanh,2.0,20662429,0,scaled_with_l,0.1,2048,fixed_density,4.0,1,1,shuffled_target,0.00017465690497984587,{}
tanh,tanh,2.0,20662429,0,scaled_with_l,0.1,2048,fixed_density,4.0,1,1,analytic_volume,0.6931471805599453,"{""source_dim"": 1}"
tanh,tanh,2.0,20662446,1,scaled_with_l,0.1,2048,fixed_density,4.0,1,1,null,-0.00029944978906274735,{}
tanh,tanh,2.0,20662446,1,scaled_with_l,0.1,2048,fixed_density,4.0,1,1,identity,1.7297791966907345,"{""projection"": [[1.0]]}"
tanh,tanh,2.0,20662446,1,scaled_with_l,0.1,2048,fixed_density,4.0,1,1,gain_matched,1.5803420156387262,"{""gain_matrix"": [[0.8449400916157213]]}"
tanh,tanh,2.0,20662446,1,scaled_with_l,0.1,2048,fixed_density,4.0,1,1,variance_matched,1.6187082328109574,"{""direction"": [1.0]}"
tanh,tanh,2.0,20662446,1,scaled_with_l,0.1,2048,fixed_density,4.0,1,1,shuffled_target,-0.00024465458861827545,{}
tanh,tanh,2.0,20662446,1,scaled_with_l,0.1,2048,fixed_density,4.0,1,1,analytic_volume,0.6931471805599453,"{""source_dim"": 1}"
tanh,tanh,2.0,20662463,2,scaled_with_l,0.1,2048,fixed_density,4.0,1,1,null,-0.00024670416255423357,{}
tanh,tanh,2.0,20662463,2,scaled_with_l,0.1,2048,fixed_density,4.0,1,1,identity,1.797163517547462,"{""projection"": [[1.0]]}"
tanh,tanh,2.0,20662463,2,scaled_with_l,0.1,2048,fixed_density,4.0,1,1,gain_matched,1.6019956640012096,"{""gain_matrix"": [[0.8443003462693517]]}"
tanh,tanh,2.0,20662463,2,scaled_with_l,0.1,2048,fixed_density,4.0,1,1,variance_matched,1.5974801976150004,"{""direction"": [1.0]}"
tanh,tanh,2.0,20662463,2,scaled_with_l,0.1,2048,fixed_density,4.0,1,1,shuffled_target,0.0009220812699441186,{}
tanh,tanh,2.0,20662463,2,scaled_with_l,0.1,2048,fixed_density,4.0,1,1,analytic_volume,0.6931471805599453,"{""source_dim"": 1}"
tanh,tanh,2.0,20662480,3,scaled_with_l,0.1,2048,fixed_density,4.0,1,1,null,-0.00038255629127585797,{}
tanh,tanh,2.0,20662480,3,scaled_with_l,0.1,2048,fixed_density,4.0,1,1,identity,1.7762042360879817,"{""projection"": [[1.0]]}"
tanh,tanh,2.0,20662480,3,scaled_with_l,0.1,2048,fixed_density,4.0,1,1,gain_matched,1.5859419675252238,"{""gain_matrix"": [[0.8463929791779069]]}"
tanh,tanh,2.0,20662480,3,scaled_with_l,0.1,2048,fixed_density,4.0,1,1,variance_matched,1.6178406371570435,"{""direction"": [1.0]}"
tanh,tanh,2.0,20662480,3,scaled_with_l,0.1,2048,fixed_density,4.0,1,1,shuffled_target,0.000616979075365793,{}
tanh,tanh,2.0,20662480,3,scaled_with_l,0.1,2048,fixed_density,4.0,1,1,analytic_volume,0.6931471805599453,"{""source_dim"": 1}"
tanh,tanh,2.0,20662497,4,scaled_with_l,0.1,2048,fixed_density,4.0,1,1,null,-0.000510608223275821,{}
tanh,tanh,2.0,20662497,4,scaled_with_l,0.1,2048,fixed_density,4.0,1,1,identity,1.7621950248058385,"{""projection"": [[1.0]]}"
tanh,tanh,2.0,20662497,4,scaled_with_l,0.1,2048,fixed_density,4.0,1,1,gain_matched,1.599387706192768,"{""gain_matrix"": [[0.8463191746500228]]}"
tanh,tanh,2.0,20662497,4,scaled_with_l,0.1,2048,fixed_density,4.0,1,1,variance_matched,1.5921520435389616,"{""direction"": [1.0]}"
tanh,tanh,2.0,20662497,4,scaled_with_l,0.1,2048,fixed_density,4.0,1,1,shuffled_target,-0.00021655915720294257,{}
tanh,tanh,2.0,20662497,4,scaled_with_l,0.1,2048,fixed_density,4.0,1,1,analytic_volume,0.6931471805599453,"{""source_dim"": 1}"
tanh,tanh,2.0,20662514,5,scaled_with_l,0.1,2048,fixed_density,4.0,1,1,null,0.0005516415996833171,{}
tanh,tanh,2.0,20662514,5,scaled_with_l,0.1,2048,fixed_density,4.0,1,1,identity,1.762559076905244,"{""projection"": [[1.0]]}"
tanh,tanh,2.0,20662514,5,scaled_with_l,0.1,2048,fixed_density,4.0,1,1,gain_matched,1.6181139161170695,"{""gain_matrix"": [[0.8434098517248464]]}"
tanh,tanh,2.0,20662514,5,scaled_with_l,0.1,2048,fixed_density,4.0,1,1,variance_matched,1.5859358208361396,"{""direction"": [1.0]}"
tanh,tanh,2.0,20662514,5,scaled_with_l,0.1,2048,fixed_density,4.0,1,1,shuffled_target,-0.0005870743453011849,{}
tanh,tanh,2.0,20662514,5,scaled_with_l,0.1,2048,fixed_density,4.0,1,1,analytic_volume,0.6931471805599453,"{""source_dim"": 1}"
tanh,tanh,2.0,20662531,6,scaled_with_l,0.1,2048,fixed_density,4.0,1,1,null,-0.0003136764427450851,{}
tanh,tanh,2.0,20662531,6,scaled_with_l,0.1,2048,fixed_density,4.0,1,1,identity,1.7621307863548534,"{""projection"": [[1.0]]}"
tanh,tanh,2.0,20662531,6,scaled_with_l,0.1,2048,fixed_density,4.0,1,1,gain_matched,1.6097952961644704,"{""gain_matrix"": [[0.8445127439402556]]}"
tanh,tanh,2.0,20662531,6,scaled_with_l,0.1,2048,fixed_density,4.0,1,1,variance_matched,1.6228676273987435,"{""direction"": [1.0]}"
tanh,tanh,2.0,20662531,6,scaled_with_l,0.1,2048,fixed_density,4.0,1,1,shuffled_target,-0.0006611767397786404,{}
tanh,tanh,2.0,20662531,6,scaled_with_l,0.1,2048,fixed_density,4.0,1,1,analytic_volume,0.6931471805599453,"{""source_dim"": 1}"
tanh,tanh,2.0,20662548,7,scaled_with_l,0.1,2048,fixed_density,4.0,1,1,null,-0.0007028637641156523,{}
tanh,tanh,2.0,20662548,7,scaled_with_l,0.1,2048,fixed_density,4.0,1,1,identity,1.8004045874566046,"{""projection"": [[1.0]]}"
tanh,tanh,2.0,20662548,7,scaled_with_l,0.1,2048,fixed_density,4.0,1,1,gain_matched,1.606151417079501,"{""gain_matrix"": [[0.843407782581776]]}"
tanh,tanh,2.0,20662548,7,scaled_with_l,0.1,2048,fixed_density,4.0,1,1,variance_matched,1.6098063645368748,"{""direction"": [1.0]}"
tanh,tanh,2.0,20662548,7,scaled_with_l,0.1,2048,fixed_density,4.0,1,1,shuffled_target,0.00021953690076289873,{}
tanh,tanh,2.0,20662548,7,scaled_with_l,0.1,2048,fixed_density,4.0,1,1,analytic_volume,0.6931471805599453,"{""source_dim"": 1}"
tanh,tanh,2.0,20662565,8,scaled_with_l,0.1,2048,fixed_density,4.0,1,1,null,-0.0005085161018003558,{}
tanh,tanh,2.0,20662565,8,scaled_with_l,0.1,2048,fixed_density,4.0,1,1,identity,1.7777428714100205,"{""projection"": [[1.0]]}"
tanh,tanh,2.0,20662565,8,scaled_with_l,0.1,2048,fixed_density,4.0,1,1,gain_matched,1.5945370233364957,"{""gain_matrix"": [[0.8417033547216278]]}"
tanh,tanh,2.0,20662565,8,scaled_with_l,0.1,2048,fixed_density,4.0,1,1,variance_matched,1.6398558210877243,"{""direction"": [1.0]}"
tanh,tanh,2.0,20662565,8,scaled_with_l,0.1,2048,fixed_density,4.0,1,1,shuffled_target,0.0013235631147604828,{}
tanh,tanh,2.0,20662565,8,scaled_with_l,0.1,2048,fixed_density,4.0,1,1,analytic_volume,0.6931471805599453,"{""source_dim"": 1}"
tanh,tanh,2.0,20662582,9,scaled_with_l,0.1,2048,fixed_density,4.0,1,1,null,-0.0004962589691338427,{}
tanh,tanh,2.0,20662582,9,scaled_with_l,0.1,2048,fixed_density,4.0,1,1,identity,1.7854259104400192,"{""projection"": [[1.0]]}"
tanh,tanh,2.0,20662582,9,scaled_with_l,0.1,2048,fixed_density,4.0,1,1,gain_matched,1.5945884220883566,"{""gain_matrix"": [[0.8440969360103823]]}"
tanh,tanh,2.0,20662582,9,scaled_with_l,0.1,2048,fixed_density,4.0,1,1,variance_matched,1.5988897028526363,"{""direction"": [1.0]}"
tanh,tanh,2.0,20662582,9,scaled_with_l,0.1,2048,fixed_density,4.0,1,1,shuffled_target,-0.0004333211144086753,{}
tanh,tanh,2.0,20662582,9,scaled_with_l,0.1,2048,fixed_density,4.0,1,1,analytic_volume,0.6931471805599453,"{""source_dim"": 1}"
tanh,tanh,4.0,20663429,0,scaled_with_l,0.2,4096,fixed_density,4.0,1,1,null,-0.00021167895833893287,{}
tanh,tanh,4.0,20663429,0,scaled_with_l,0.2,4096,fixed_density,4.0,1,1,identity,1.7617537097211127,"{""projection"": [[1.0]]}"
tanh,tanh,4.0,20663429,0,scaled_with_l,0.2,4096,fixed_density,4.0,1,1,gain_matched,1.2886607238720837,"{""gain_matrix"": [[0.612269012375653]]}"
tanh,tanh,4.0,20663429,0,scaled_with_l,0.2,4096,fixed_density,4.0,1,1,variance_matched,1.3237280495873982,"{""direction"": [1.0]}"
tanh,tanh,4.0,20663429,0,scaled_with_l,0.2,4096,fixed_density,4.0,1,1,shuffled_target,0.0001606333341625585,{}
tanh,tanh,4.0,20663429,0,scaled_with_l,0.2,4096,fixed_density,4.0,1,1,analytic_volume,1.3862943611198906,"{""source_dim"": 1}"
tanh,tanh,4.0,20663446,1,scaled_with_l,0.2,4096,fixed_density,4.0,1,1,null,0.00045922739305326055,{}
tanh,tanh,4.0,20663446,1,scaled_with_l,0.2,4096,fixed_density,4.0,1,1,identity,1.772470852040232,"{""projection"": [[1.0]]}"
tanh,tanh,4.0,20663446,1,scaled_with_l,0.2,4096,fixed_density,4.0,1,1,gain_matched,1.3084420263729555,"{""gain_matrix"": [[0.611660795384024]]}"
tanh,tanh,4.0,20663446,1,scaled_with_l,0.2,4096,fixed_density,4.0,1,1,variance_matched,1.3031490850811347,"{""direction"": [1.0]}"
tanh,tanh,4.0,20663446,1,scaled_with_l,0.2,4096,fixed_density,4.0,1,1,shuffled_target,0.00027394534172829393,{}
tanh,tanh,4.0,20663446,1,scaled_with_l,0.2,4096,fixed_density,4.0,1,1,analytic_volume,1.3862943611198906,"{""source_dim"": 1}"
tanh,tanh,4.0,20663463,2,scaled_with_l,0.2,4096,fixed_density,4.0,1,1,null,-0.0003414832035911848,{}
tanh,tanh,4.0,20663463,2,scaled_with_l,0.2,4096,fixed_density,4.0,1,1,identity,1.7627383503862943,"{""projection"": [[1.0]]}"
tanh,tanh,4.0,20663463,2,scaled_with_l,0.2,4096,fixed_density,4.0,1,1,gain_matched,1.3085036907007122,"{""gain_matrix"": [[0.6109565827609932]]}"
tanh,tanh,4.0,20663463,2,scaled_with_l,0.2,4096,fixed_density,4.0,1,1,variance_matched,1.3390081857358587,"{""direction"": [1.0]}"
tanh,tanh,4.0,20663463,2,scaled_with_l,0.2,4096,fixed_density,4.0,1,1,shuffled_target,0.0005607915761015572,{}
tanh,tanh,4.0,20663463,2,scaled_with_l,0.2,4096,fixed_density,4.0,1,1,analytic_volume,1.3862943611198906,"{""source_dim"": 1}"
tanh,tanh,4.0,20663480,3,scaled_with_l,0.2,4096,fixed_density,4.0,1,1,null,-0.00022235519049415803,{}
tanh,tanh,4.0,20663480,3,scaled_with_l,0.2,4096,fixed_density,4.0,1,1,identity,1.7427743113238672,"{""projection"": [[1.0]]}"
tanh,tanh,4.0,20663480,3,scaled_with_l,0.2,4096,fixed_density,4.0,1,1,gain_matched,1.29239204224504,"{""gain_matrix"": [[0.6170309022642168]]}"
tanh,tanh,4.0,20663480,3,scaled_with_l,0.2,4096,fixed_density,4.0,1,1,variance_matched,1.3116871951405389,"{""direction"": [1.0]}"
tanh,tanh,4.0,20663480,3,scaled_with_l,0.2,4096,fixed_density,4.0,1,1,shuffled_target,-0.00024036692164888953,{}
tanh,tanh,4.0,20663480,3,scaled_with_l,0.2,4096,fixed_density,4.0,1,1,analytic_volume,1.3862943611198906,"{""source_dim"": 1}"
tanh,tanh,4.0,20663497,4,scaled_with_l,0.2,4096,fixed_density,4.0,1,1,null,0.0004712972521664806,{}
tanh,tanh,4.0,20663497,4,scaled_with_l,0.2,4096,fixed_density,4.0,1,1,identity,1.7587069566481581,"{""projection"": [[1.0]]}"
tanh,tanh,4.0,20663497,4,scaled_with_l,0.2,4096,fixed_density,4.0,1,1,gain_matched,1.319174836041495,"{""gain_matrix"": [[0.6120820376119024]]}"
tanh,tanh,4.0,20663497,4,scaled_with_l,0.2,4096,fixed_density,4.0,1,1,variance_matched,1.3234913890859952,"{""direction"": [1.0]}"
tanh,tanh,4.0,20663497,4,scaled_with_l,0.2,4096,fixed_density,4.0,1,1,shuffled_target,-0.00013872238871998492,{}
tanh,tanh,4.0,20663497,4,scaled_with_l,0.2,4096,fixed_density,4.0,1,1,analytic_volume,1.3862943611198906,"{""source_dim"": 1}"
tanh,tanh,4.0,20663514,5,scaled_with_l,0.2,4096,fixed_density,4.0,1,1,null,-0.00027242744004575846,{}
tanh,tanh,4.0,20663514,5,scaled_with_l,0.2,4096,fixed_density,4.0,1,1,identity,1.775290040460694,"{""projection"": [[1.0]]}"
tanh,tanh,4.0,20663514,5,scaled_with_l,0.2,4096,fixed_density,4.0,1,1,gain_matched,1.3017086535844107,"{""gain_matrix"": [[0.6112057445408287]]}"
tanh,tanh,4.0,20663514,5,scaled_with_l,0.2,4096,fixed_density,4.0,1,1,variance_matched,1.33490757055311,"{""direction"": [1.0]}"
tanh,tanh,4.0,20663514,5,scaled_with_l,0.2,4096,fixed_density,4.0,1,1,shuffled_target,-0.0003159414791327511,{}
tanh,tanh,4.0,20663514,5,scaled_with_l,0.2,4096,fixed_density,4.0,1,1,analytic_volume,1.3862943611198906,"{""source_dim"": 1}"
tanh,tanh,4.0,20663531,6,scaled_with_l,0.2,4096,fixed_density,4.0,1,1,null,0.00014239327517312955,{}
tanh,tanh,4.0,20663531,6,scaled_with_l,0.2,4096,fixed_density,4.0,1,1,identity,1.802885906159251,"{""projection"": [[1.0]]}"
tanh,tanh,4.0,20663531,6,scaled_with_l,0.2,4096,fixed_density,4.0,1,1,gain_matched,1.3135164766107992,"{""gain_matrix"": [[0.6103295147151184]]}"
tanh,tanh,4.0,20663531,6,scaled_with_l,0.2,4096,fixed_density,4.0,1,1,variance_matched,1.309239449544195,"{""direction"": [1.0]}"
tanh,tanh,4.0,20663531,6,scaled_with_l,0.2,4096,fixed_density,4.0,1,1,shuffled_target,7.189856753221768e-05,{}
tanh,tanh,4.0,20663531,6,scaled_with_l,0.2,4096,fixed_density,4.0,1,1,analytic_volume,1.3862943611198906,"{""source_dim"": 1}"
tanh,tanh,4.0,20663548,7,scaled_with_l,0.2,4096,fixed_density,4.0,1,1,null,-0.0003309192847555792,{}
tanh,tanh,4.0,20663548,7,scaled_with_l,0.2,4096,fixed_density,4.0,1,1,identity,1.7467613529534667,"{""projection"": [[1.0]]}"
tanh,tanh,4.0,20663548,7,scaled_with_l,0.2,4096,fixed_density,4.0,1,1,gain_matched,1.3074892329703605,"{""gain_matrix"": [[0.6154185917915543]]}"
tanh,tanh,4.0,20663548,7,scaled_with_l,0.2,4096,fixed_density,4.0,1,1,variance_matched,1.3220433884088527,"{""direction"": [1.0]}"
tanh,tanh,4.0,20663548,7,scaled_with_l,0.2,4096,fixed_density,4.0,1,1,shuffled_target,-0.00029244951843515886,{}
tanh,tanh,4.0,20663548,7,scaled_with_l,0.2,4096,fixed_density,4.0,1,1,analytic_volume,1.3862943611198906,"{""source_dim"": 1}"
tanh,tanh,4.0,20663565,8,scaled_with_l,0.2,4096,fixed_density,4.0,1,1,null,0.00013074053941998715,{}
tanh,tanh,4.0,20663565,8,scaled_with_l,0.2,4096,fixed_density,4.0,1,1,identity,1.7792449794642908,"{""projection"": [[1.0]]}"
tanh,tanh,4.0,20663565,8,scaled_with_l,0.2,4096,fixed_density,4.0,1,1,gain_matched,1.307407379721375,"{""gain_matrix"": [[0.6109274403977679]]}"
tanh,tanh,4.0,20663565,8,scaled_with_l,0.2,4096,fixed_density,4.0,1,1,variance_matched,1.324480056387393,"{""direction"": [1.0]}"
tanh,tanh,4.0,20663565,8,scaled_with_l,0.2,4096,fixed_density,4.0,1,1,shuffled_target,-0.000350167657797209,{}
tanh,tanh,4.0,20663565,8,scaled_with_l,0.2,4096,fixed_density,4.0,1,1,analytic_volume,1.3862943611198906,"{""source_dim"": 1}"
tanh,tanh,4.0,20663582,9,scaled_with_l,0.2,4096,fixed_density,4.0,1,1,null,-0.00024126399774726466,{}
tanh,tanh,4.0,20663582,9,scaled_with_l,0.2,4096,fixed_density,4.0,1,1,identity,1.7669214542936116,"{""projection"": [[1.0]]}"
tanh,tanh,4.0,20663582,9,scaled_with_l,0.2,4096,fixed_density,4.0,1,1,gain_matched,1.3023831265267556,"{""gain_matrix"": [[0.6131834744586024]]}"
tanh,tanh,4.0,20663582,9,scaled_with_l,0.2,4096,fixed_density,4.0,1,1,variance_matched,1.304465478693209,"{""direction"": [1.0]}"
tanh,tanh,4.0,20663582,9,scaled_with_l,0.2,4096,fixed_density,4.0,1,1,shuffled_target,0.0002969160911060765,{}
tanh,tanh,4.0,20663582,9,scaled_with_l,0.2,4096,fixed_density,4.0,1,1,analytic_volume,1.3862943611198906,"{""source_dim"": 1}"
tanh,tanh,8.0,20664429,0,scaled_with_l,0.4,8192,fixed_density,4.0,1,1,null,-2.8993921324546547e-05,{}
tanh,tanh,8.0,20664429,0,scaled_with_l,0.4,8192,fixed_density,4.0,1,1,identity,1.7747451097150055,"{""projection"": [[1.0]]}"
tanh,tanh,8.0,20664429,0,scaled_with_l,0.4,8192,fixed_density,4.0,1,1,gain_matched,0.8222557377926304,"{""gain_matrix"": [[0.35381594798317817]]}"
tanh,tanh,8.0,20664429,0,scaled_with_l,0.4,8192,fixed_density,4.0,1,1,variance_matched,0.8616612508811649,"{""direction"": [1.0]}"
tanh,tanh,8.0,20664429,0,scaled_with_l,0.4,8192,fixed_density,4.0,1,1,shuffled_target,-0.00014537184200824203,{}
tanh,tanh,8.0,20664429,0,scaled_with_l,0.4,8192,fixed_density,4.0,1,1,analytic_volume,2.0794415416798357,"{""source_dim"": 1}"
tanh,tanh,8.0,20664446,1,scaled_with_l,0.4,8192,fixed_density,4.0,1,1,null,1.4591632586583549e-05,{}
tanh,tanh,8.0,20664446,1,scaled_with_l,0.4,8192,fixed_density,4.0,1,1,identity,1.7832544400325787,"{""projection"": [[1.0]]}"
tanh,tanh,8.0,20664446,1,scaled_with_l,0.4,8192,fixed_density,4.0,1,1,gain_matched,0.8340153055669014,"{""gain_matrix"": [[0.3544139290963432]]}"
tanh,tanh,8.0,20664446,1,scaled_with_l,0.4,8192,fixed_density,4.0,1,1,variance_matched,0.8822316728507571,"{""direction"": [1.0]}"
tanh,tanh,8.0,20664446,1,scaled_with_l,0.4,8192,fixed_density,4.0,1,1,shuffled_target,-9.495780051720976e-05,{}
tanh,tanh,8.0,20664446,1,scaled_with_l,0.4,8192,fixed_density,4.0,1,1,analytic_volume,2.0794415416798357,"{""source_dim"": 1}"
tanh,tanh,8.0,20664463,2,scaled_with_l,0.4,8192,fixed_density,4.0,1,1,null,-0.0001181701855627828,{}
tanh,tanh,8.0,20664463,2,scaled_with_l,0.4,8192,fixed_density,4.0,1,1,identity,1.7640265840218872,"{""projection"": [[1.0]]}"
tanh,tanh,8.0,20664463,2,scaled_with_l,0.4,8192,fixed_density,4.0,1,1,gain_matched,0.8125132287635413,"{""gain_matrix"": [[0.3580497532649382]]}"
tanh,tanh,8.0,20664463,2,scaled_with_l,0.4,8192,fixed_density,4.0,1,1,variance_matched,0.8590151744162213,"{""direction"": [1.0]}"
tanh,tanh,8.0,20664463,2,scaled_with_l,0.4,8192,fixed_density,4.0,1,1,shuffled_target,-5.7919199092587874e-05,{}
tanh,tanh,8.0,20664463,2,scaled_with_l,0.4,8192,fixed_density,4.0,1,1,analytic_volume,2.0794415416798357,"{""source_dim"": 1}"
tanh,tanh,8.0,20664480,3,scaled_with_l,0.4,8192,fixed_density,4.0,1,1,null,-7.19260090570408e-05,{}
tanh,tanh,8.0,20664480,3,scaled_with_l,0.4,8192,fixed_density,4.0,1,1,identity,1.774579220574709,"{""projection"": [[1.0]]}"
tanh,tanh,8.0,20664480,3,scaled_with_l,0.4,8192,fixed_density,4.0,1,1,gain_matched,0.8358190027683068,"{""gain_matrix"": [[0.3561486169803588]]}"
tanh,tanh,8.0,20664480,3,scaled_with_l,0.4,8192,fixed_density,4.0,1,1,variance_matched,0.8633328420490987,"{""direction"": [1.0]}"
tanh,tanh,8.0,20664480,3,scaled_with_l,0.4,8192,fixed_density,4.0,1,1,shuffled_target,-7.590840969303085e-05,{}
tanh,tanh,8.0,20664480,3,scaled_with_l,0.4,8192,fixed_density,4.0,1,1,analytic_volume,2.0794415416798357,"{""source_dim"": 1}"
tanh,tanh,8.0,20664497,4,scaled_with_l,0.4,8192,fixed_density,4.0,1,1,null,-9.985548035829944e-05,{}
tanh,tanh,8.0,20664497,4,scaled_with_l,0.4,8192,fixed_density,4.0,1,1,identity,1.770455929207714,"{""projection"": [[1.0]]}"
tanh,tanh,8.0,20664497,4,scaled_with_l,0.4,8192,fixed_density,4.0,1,1,gain_matched,0.8255385914412711,"{""gain_matrix"": [[0.3575352774672841]]}"
tanh,tanh,8.0,20664497,4,scaled_with_l,0.4,8192,fixed_density,4.0,1,1,variance_matched,0.8516088256501135,"{""direction"": [1.0]}"
tanh,tanh,8.0,20664497,4,scaled_with_l,0.4,8192,fixed_density,4.0,1,1,shuffled_target,-5.8333309113754706e-05,{}
tanh,tanh,8.0,20664497,4,scaled_with_l,0.4,8192,fixed_density,4.0,1,1,analytic_volume,2.0794415416798357,"{""source_dim"": 1}"
tanh,tanh,8.0,20664514,5,scaled_with_l,0.4,8192,fixed_density,4.0,1,1,null,-0.0001588394502101206,{}
tanh,tanh,8.0,20664514,5,scaled_with_l,0.4,8192,fixed_density,4.0,1,1,identity,1.7681789681147566,"{""projection"": [[1.0]]}"
tanh,tanh,8.0,20664514,5,scaled_with_l,0.4,8192,fixed_density,4.0,1,1,gain_matched,0.8187599215077008,"{""gain_matrix"": [[0.35655765941333006]]}"
tanh,tanh,8.0,20664514,5,scaled_with_l,0.4,8192,fixed_density,4.0,1,1,variance_matched,0.8701292410905312,"{""direction"": [1.0]}"
tanh,tanh,8.0,20664514,5,scaled_with_l,0.4,8192,fixed_density,4.0,1,1,shuffled_target,-8.692146301007824e-05,{}
tanh,tanh,8.0,20664514,5,scaled_with_l,0.4,8192,fixed_density,4.0,1,1,analytic_volume,2.0794415416798357,"{""source_dim"": 1}"
tanh,tanh,8.0,20664531,6,scaled_with_l,0.4,8192,fixed_density,4.0,1,1,null,-0.0001748406220707152,{}
tanh,tanh,8.0,20664531,6,scaled_with_l,0.4,8192,fixed_density,4.0,1,1,identity,1.7440964961143246,"{""projection"": [[1.0]]}"
tanh,tanh,8.0,20664531,6,scaled_with_l,0.4,8192,fixed_density,4.0,1,1,gain_matched,0.8174353201338829,"{""gain_matrix"": [[0.3568654050398317]]}"
tanh,tanh,8.0,20664531,6,scaled_with_l,0.4,8192,fixed_density,4.0,1,1,variance_matched,0.8721012127602816,"{""direction"": [1.0]}"
tanh,tanh,8.0,20664531,6,scaled_with_l,0.4,8192,fixed_density,4.0,1,1,shuffled_target,-0.00015356323834147856,{}
tanh,tanh,8.0,20664531,6,scaled_with_l,0.4,8192,fixed_density,4.0,1,1,analytic_volume,2.0794415416798357,"{""source_dim"": 1}"
tanh,tanh,8.0,20664548,7,scaled_with_l,0.4,8192,fixed_density,4.0,1,1,null,0.0001281754771186562,{}
tanh,tanh,8.0,20664548,7,scaled_with_l,0.4,8192,fixed_density,4.0,1,1,identity,1.7788078902353834,"{""projection"": [[1.0]]}"
tanh,tanh,8.0,20664548,7,scaled_with_l,0.4,8192,fixed_density,4.0,1,1,gain_matched,0.8193735022399794,"{""gain_matrix"": [[0.3573801082385334]]}"
tanh,tanh,8.0,20664548,7,scaled_with_l,0.4,8192,fixed_density,4.0,1,1,variance_matched,0.8784131504621205,"{""direction"": [1.0]}"
tanh,tanh,8.0,20664548,7,scaled_with_l,0.4,8192,fixed_density,4.0,1,1,shuffled_target,-8.096484876104233e-05,{}
tanh,tanh,8.0,20664548,7,scaled_with_l,0.4,8192,fixed_density,4.0,1,1,analytic_volume,2.0794415416798357,"{""source_dim"": 1}"
tanh,tanh,8.0,20664565,8,scaled_with_l,0.4,8192,fixed_density,4.0,1,1,null,-0.00013090855604229841,{}
tanh,tanh,8.0,20664565,8,scaled_with_l,0.4,8192,fixed_density,4.0,1,1,identity,1.7670364129241503,"{""projection"": [[1.0]]}"
tanh,tanh,8.0,20664565,8,scaled_with_l,0.4,8192,fixed_density,4.0,1,1,gain_matched,0.8245993450715945,"{""gain_matrix"": [[0.356377681202751]]}"
tanh,tanh,8.0,20664565,8,scaled_with_l,0.4,8192,fixed_density,4.0,1,1,variance_matched,0.8717157961184981,"{""direction"": [1.0]}"
tanh,tanh,8.0,20664565,8,scaled_with_l,0.4,8192,fixed_density,4.0,1,1,shuffled_target,-0.00011672943573685803,{}
tanh,tanh,8.0,20664565,8,scaled_with_l,0.4,8192,fixed_density,4.0,1,1,analytic_volume,2.0794415416798357,"{""source_dim"": 1}"
tanh,tanh,8.0,20664582,9,scaled_with_l,0.4,8192,fixed_density,4.0,1,1,null,4.7689809020907175e-05,{}
tanh,tanh,8.0,20664582,9,scaled_with_l,0.4,8192,fixed_density,4.0,1,1,identity,1.7691237023706368,"{""projection"": [[1.0]]}"
tanh,tanh,8.0,20664582,9,scaled_with_l,0.4,8192,fixed_density,4.0,1,1,gain_matched,0.820821980359703,"{""gain_matrix"": [[0.3560069956447604]]}"
tanh,tanh,8.0,20664582,9,scaled_with_l,0.4,8192,fixed_density,4.0,1,1,variance_matched,0.8702450717927194,"{""direction"": [1.0]}"
tanh,tanh,8.0,20664582,9,scaled_with_l,0.4,8192,fixed_density,4.0,1,1,shuffled_target,-3.6907364686909134e-05,{}
tanh,tanh,8.0,20664582,9,scaled_with_l,0.4,8192,fixed_density,4.0,1,1,analytic_volume,2.0794415416798357,"{""source_dim"": 1}"
tanh,tanh,12.0,20665429,0,scaled_with_l,0.6000000000000001,12288,fixed_density,4.0,1,1,null,-2.1446677936898257e-05,{}
tanh,tanh,12.0,20665429,0,scaled_with_l,0.6000000000000001,12288,fixed_density,4.0,1,1,identity,1.768443353788501,"{""projection"": [[1.0]]}"
tanh,tanh,12.0,20665429,0,scaled_with_l,0.6000000000000001,12288,fixed_density,4.0,1,1,gain_matched,0.541876888575414,"{""gain_matrix"": [[0.24428789862681202]]}"
tanh,tanh,12.0,20665429,0,scaled_with_l,0.6000000000000001,12288,fixed_density,4.0,1,1,variance_matched,0.598288328152882,"{""direction"": [1.0]}"
tanh,tanh,12.0,20665429,0,scaled_with_l,0.6000000000000001,12288,fixed_density,4.0,1,1,shuffled_target,-7.105848989180664e-05,{}
tanh,tanh,12.0,20665429,0,scaled_with_l,0.6000000000000001,12288,fixed_density,4.0,1,1,analytic_volume,2.4849066497880004,"{""source_dim"": 1}"
tanh,tanh,12.0,20665446,1,scaled_with_l,0.6000000000000001,12288,fixed_density,4.0,1,1,null,6.350958438852869e-06,{}
tanh,tanh,12.0,20665446,1,scaled_with_l,0.6000000000000001,12288,fixed_density,4.0,1,1,identity,1.7708555209353172,"{""projection"": [[1.0]]}"
tanh,tanh,12.0,20665446,1,scaled_with_l,0.6000000000000001,12288,fixed_density,4.0,1,1,gain_matched,0.5511075381638174,"{""gain_matrix"": [[0.24432344263444003]]}"
tanh,tanh,12.0,20665446,1,scaled_with_l,0.6000000000000001,12288,fixed_density,4.0,1,1,variance_matched,0.6044475885853475,"{""direction"": [1.0]}"
tanh,tanh,12.0,20665446,1,scaled_with_l,0.6000000000000001,12288,fixed_density,4.0,1,1,shuffled_target,-1.6355868062304416e-05,{}
tanh,tanh,12.0,20665446,1,scaled_with_l,0.6000000000000001,12288,fixed_density,4.0,1,1,analytic_volume,2.4849066497880004,"{""source_dim"": 1}"
tanh,tanh,12.0,20665463,2,scaled_with_l,0.6000000000000001,12288,fixed_density,4.0,1,1,null,2.5907714126587815e-05,{}
tanh,tanh,12.0,20665463,2,scaled_with_l,0.6000000000000001,12288,fixed_density,4.0,1,1,identity,1.7571039869502922,"{""projection"": [[1.0]]}"
tanh,tanh,12.0,20665463,2,scaled_with_l,0.6000000000000001,12288,fixed_density,4.0,1,1,gain_matched,0.5385108759059164,"{""gain_matrix"": [[0.24349572893669738]]}"
tanh,tanh,12.0,20665463,2,scaled_with_l,0.6000000000000001,12288,fixed_density,4.0,1,1,variance_matched,0.5964349564743269,"{""direction"": [1.0]}"
tanh,tanh,12.0,20665463,2,scaled_with_l,0.6000000000000001,12288,fixed_density,4.0,1,1,shuffled_target,0.0004022822696749118,{}
tanh,tanh,12.0,20665463,2,scaled_with_l,0.6000000000000001,12288,fixed_density,4.0,1,1,analytic_volume,2.4849066497880004,"{""source_dim"": 1}"
tanh,tanh,12.0,20665480,3,scaled_with_l,0.6000000000000001,12288,fixed_density,4.0,1,1,null,-4.866562119437093e-05,{}
tanh,tanh,12.0,20665480,3,scaled_with_l,0.6000000000000001,12288,fixed_density,4.0,1,1,identity,1.77463127770643,"{""projection"": [[1.0]]}"
tanh,tanh,12.0,20665480,3,scaled_with_l,0.6000000000000001,12288,fixed_density,4.0,1,1,gain_matched,0.5436102522340972,"{""gain_matrix"": [[0.24478042435956535]]}"
tanh,tanh,12.0,20665480,3,scaled_with_l,0.6000000000000001,12288,fixed_density,4.0,1,1,variance_matched,0.5924388791155804,"{""direction"": [1.0]}"
tanh,tanh,12.0,20665480,3,scaled_with_l,0.6000000000000001,12288,fixed_density,4.0,1,1,shuffled_target,-2.6839935949919166e-05,{}
tanh,tanh,12.0,20665480,3,scaled_with_l,0.6000000000000001,12288,fixed_density,4.0,1,1,analytic_volume,2.4849066497880004,"{""source_dim"": 1}"
tanh,tanh,12.0,20665497,4,scaled_with_l,0.6000000000000001,12288,fixed_density,4.0,1,1,null,-4.128263862613241e-05,{}
tanh,tanh,12.0,20665497,4,scaled_with_l,0.6000000000000001,12288,fixed_density,4.0,1,1,identity,1.7638274497999273,"{""projection"": [[1.0]]}"
tanh,tanh,12.0,20665497,4,scaled_with_l,0.6000000000000001,12288,fixed_density,4.0,1,1,gain_matched,0.5493764904230184,"{""gain_matrix"": [[0.24500082762819309]]}"
tanh,tanh,12.0,20665497,4,scaled_with_l,0.6000000000000001,12288,fixed_density,4.0,1,1,variance_matched,0.5818148548769259,"{""direction"": [1.0]}"
tanh,tanh,12.0,20665497,4,scaled_with_l,0.6000000000000001,12288,fixed_density,4.0,1,1,shuffled_target,-0.00010805681389773158,{}
tanh,tanh,12.0,20665497,4,scaled_with_l,0.6000000000000001,12288,fixed_density,4.0,1,1,analytic_volume,2.4849066497880004,"{""source_dim"": 1}"
tanh,tanh,12.0,20665514,5,scaled_with_l,0.6000000000000001,12288,fixed_density,4.0,1,1,null,-9.895557568673951e-05,{}
tanh,tanh,12.0,20665514,5,scaled_with_l,0.6000000000000001,12288,fixed_density,4.0,1,1,identity,1.7750942582463385,"{""projection"": [[1.0]]}"
tanh,tanh,12.0,20665514,5,scaled_with_l,0.6000000000000001,12288,fixed_density,4.0,1,1,gain_matched,0.547950422983129,"{""gain_matrix"": [[0.24352990817232048]]}"
tanh,tanh,12.0,20665514,5,scaled_with_l,0.6000000000000001,12288,fixed_density,4.0,1,1,variance_matched,0.5973307689834005,"{""direction"": [1.0]}"
tanh,tanh,12.0,20665514,5,scaled_with_l,0.6000000000000001,12288,fixed_density,4.0,1,1,shuffled_target,-4.618458661282563e-05,{}
tanh,tanh,12.0,20665514,5,scaled_with_l,0.6000000000000001,12288,fixed_density,4.0,1,1,analytic_volume,2.4849066497880004,"{""source_dim"": 1}"
tanh,tanh,12.0,20665531,6,scaled_with_l,0.6000000000000001,12288,fixed_density,4.0,1,1,null,-3.451798763129867e-06,{}
tanh,tanh,12.0,20665531,6,scaled_with_l,0.6000000000000001,12288,fixed_density,4.0,1,1,identity,1.773009606038734,"{""projection"": [[1.0]]}"
tanh,tanh,12.0,20665531,6,scaled_with_l,0.6000000000000001,12288,fixed_density,4.0,1,1,gain_matched,0.5464697495840304,"{""gain_matrix"": [[0.24476733384420482]]}"
tanh,tanh,12.0,20665531,6,scaled_with_l,0.6000000000000001,12288,fixed_density,4.0,1,1,variance_matched,0.5987640375672174,"{""direction"": [1.0]}"
tanh,tanh,12.0,20665531,6,scaled_with_l,0.6000000000000001,12288,fixed_density,4.0,1,1,shuffled_target,2.498414228599884e-05,{}
tanh,tanh,12.0,20665531,6,scaled_with_l,0.6000000000000001,12288,fixed_density,4.0,1,1,analytic_volume,2.4849066497880004,"{""source_dim"": 1}"
tanh,tanh,12.0,20665548,7,scaled_with_l,0.6000000000000001,12288,fixed_density,4.0,1,1,null,-6.259651760130417e-05,{}
tanh,tanh,12.0,20665548,7,scaled_with_l,0.6000000000000001,12288,fixed_density,4.0,1,1,identity,1.759884740175761,"{""projection"": [[1.0]]}"
tanh,tanh,12.0,20665548,7,scaled_with_l,0.6000000000000001,12288,fixed_density,4.0,1,1,gain_matched,0.5414589616300036,"{""gain_matrix"": [[0.24447808685215316]]}"
tanh,tanh,12.0,20665548,7,scaled_with_l,0.6000000000000001,12288,fixed_density,4.0,1,1,variance_matched,0.60194262056511,"{""direction"": [1.0]}"
tanh,tanh,12.0,20665548,7,scaled_with_l,0.6000000000000001,12288,fixed_density,4.0,1,1,shuffled_target,0.00012030819536956102,{}
tanh,tanh,12.0,20665548,7,scaled_with_l,0.6000000000000001,12288,fixed_density,4.0,1,1,analytic_volume,2.4849066497880004,"{""source_dim"": 1}"
tanh,tanh,12.0,20665565,8,scaled_with_l,0.6000000000000001,12288,fixed_density,4.0,1,1,null,0.0004928470080159644,{}
tanh,tanh,12.0,20665565,8,scaled_with_l,0.6000000000000001,12288,fixed_density,4.0,1,1,identity,1.7756268818088674,"{""projection"": [[1.0]]}"
tanh,tanh,12.0,20665565,8,scaled_with_l,0.6000000000000001,12288,fixed_density,4.0,1,1,gain_matched,0.5538496700683712,"{""gain_matrix"": [[0.24434265953419673]]}"
tanh,tanh,12.0,20665565,8,scaled_with_l,0.6000000000000001,12288,fixed_density,4.0,1,1,variance_matched,0.6036659326624519,"{""direction"": [1.0]}"
tanh,tanh,12.0,20665565,8,scaled_with_l,0.6000000000000001,12288,fixed_density,4.0,1,1,shuffled_target,-6.654146168391373e-05,{}
tanh,tanh,12.0,20665565,8,scaled_with_l,0.6000000000000001,12288,fixed_density,4.0,1,1,analytic_volume,2.4849066497880004,"{""source_dim"": 1}"
tanh,tanh,12.0,20665582,9,scaled_with_l,0.6000000000000001,12288,fixed_density,4.0,1,1,null,0.00013911506196606193,{}
tanh,tanh,12.0,20665582,9,scaled_with_l,0.6000000000000001,12288,fixed_density,4.0,1,1,identity,1.7698178709540393,"{""projection"": [[1.0]]}"
tanh,tanh,12.0,20665582,9,scaled_with_l,0.6000000000000001,12288,fixed_density,4.0,1,1,gain_matched,0.5536371030433193,"{""gain_matrix"": [[0.2437551227344414]]}"
tanh,tanh,12.0,20665582,9,scaled_with_l,0.6000000000000001,12288,fixed_density,4.0,1,1,variance_matched,0.591526587081847,"{""direction"": [1.0]}"
tanh,tanh,12.0,20665582,9,scaled_with_l,0.6000000000000001,12288,fixed_density,4.0,1,1,shuffled_target,3.3829359116306005e-06,{}
tanh,tanh,12.0,20665582,9,scaled_with_l,0.6000000000000001,12288,fixed_density,4.0,1,1,analytic_volume,2.4849066497880004,"{""source_dim"": 1}"
tanh,tanh,16.0,20666429,0,scaled_with_l,0.8,16384,fixed_density,4.0,1,1,null,0.00012279520749368118,{}
tanh,tanh,16.0,20666429,0,scaled_with_l,0.8,16384,fixed_density,4.0,1,1,identity,1.7720485276278855,"{""projection"": [[1.0]]}"
tanh,tanh,16.0,20666429,0,scaled_with_l,0.8,16384,fixed_density,4.0,1,1,gain_matched,0.38931495803473515,"{""gain_matrix"": [[0.18489262048856664]]}"
tanh,tanh,16.0,20666429,0,scaled_with_l,0.8,16384,fixed_density,4.0,1,1,variance_matched,0.433741663928404,"{""direction"": [1.0]}"
tanh,tanh,16.0,20666429,0,scaled_with_l,0.8,16384,fixed_density,4.0,1,1,shuffled_target,0.00010961263207316999,{}
tanh,tanh,16.0,20666429,0,scaled_with_l,0.8,16384,fixed_density,4.0,1,1,analytic_volume,2.772588722239781,"{""source_dim"": 1}"
tanh,tanh,16.0,20666446,1,scaled_with_l,0.8,16384,fixed_density,4.0,1,1,null,0.00011027223435567484,{}
tanh,tanh,16.0,20666446,1,scaled_with_l,0.8,16384,fixed_density,4.0,1,1,identity,1.7710689384249338,"{""projection"": [[1.0]]}"
tanh,tanh,16.0,20666446,1,scaled_with_l,0.8,16384,fixed_density,4.0,1,1,gain_matched,0.38196717416327397,"{""gain_matrix"": [[0.18496668170637298]]}"
tanh,tanh,16.0,20666446,1,scaled_with_l,0.8,16384,fixed_density,4.0,1,1,variance_matched,0.4248237999979222,"{""direction"": [1.0]}"
tanh,tanh,16.0,20666446,1,scaled_with_l,0.8,16384,fixed_density,4.0,1,1,shuffled_target,6.95166643054437e-05,{}
tanh,tanh,16.0,20666446,1,scaled_with_l,0.8,16384,fixed_density,4.0,1,1,analytic_volume,2.772588722239781,"{""source_dim"": 1}"
tanh,tanh,16.0,20666463,2,scaled_with_l,0.8,16384,fixed_density,4.0,1,1,null,-1.889212861734599e-05,{}
tanh,tanh,16.0,20666463,2,scaled_with_l,0.8,16384,fixed_density,4.0,1,1,identity,1.761549296971039,"{""projection"": [[1.0]]}"
tanh,tanh,16.0,20666463,2,scaled_with_l,0.8,16384,fixed_density,4.0,1,1,gain_matched,0.3755478757262534,"{""gain_matrix"": [[0.18535710536058944]]}"
tanh,tanh,16.0,20666463,2,scaled_with_l,0.8,16384,fixed_density,4.0,1,1,variance_matched,0.4246453080945246,"{""direction"": [1.0]}"
tanh,tanh,16.0,20666463,2,scaled_with_l,0.8,16384,fixed_density,4.0,1,1,shuffled_target,-4.701572271511419e-05,{}
tanh,tanh,16.0,20666463,2,scaled_with_l,0.8,16384,fixed_density,4.0,1,1,analytic_volume,2.772588722239781,"{""source_dim"": 1}"
tanh,tanh,16.0,20666480,3,scaled_with_l,0.8,16384,fixed_density,4.0,1,1,null,-1.6106815899311408e-05,{}
tanh,tanh,16.0,20666480,3,scaled_with_l,0.8,16384,fixed_density,4.0,1,1,identity,1.7752859230300386,"{""projection"": [[1.0]]}"
tanh,tanh,16.0,20666480,3,scaled_with_l,0.8,16384,fixed_density,4.0,1,1,gain_matched,0.3865294559023119,"{""gain_matrix"": [[0.18478511232482034]]}"
tanh,tanh,16.0,20666480,3,scaled_with_l,0.8,16384,fixed_density,4.0,1,1,variance_matched,0.4316734895354124,"{""direction"": [1.0]}"
tanh,tanh,16.0,20666480,3,scaled_with_l,0.8,16384,fixed_density,4.0,1,1,shuffled_target,-1.595011595655879e-05,{}
tanh,tanh,16.0,20666480,3,scaled_with_l,0.8,16384,fixed_density,4.0,1,1,analytic_volume,2.772588722239781,"{""source_dim"": 1}"
tanh,tanh,16.0,20666497,4,scaled_with_l,0.8,16384,fixed_density,4.0,1,1,null,-1.4502815324541745e-05,{}
tanh,tanh,16.0,20666497,4,scaled_with_l,0.8,16384,fixed_density,4.0,1,1,identity,1.772587364347062,"{""projection"": [[1.0]]}"
tanh,tanh,16.0,20666497,4,scaled_with_l,0.8,16384,fixed_density,4.0,1,1,gain_matched,0.37733473304425375,"{""gain_matrix"": [[0.18500699111980526]]}"
tanh,tanh,16.0,20666497,4,scaled_with_l,0.8,16384,fixed_density,4.0,1,1,variance_matched,0.43204404533706353,"{""direction"": [1.0]}"
tanh,tanh,16.0,20666497,4,scaled_with_l,0.8,16384,fixed_density,4.0,1,1,shuffled_target,-2.969353245531351e-05,{}
tanh,tanh,16.0,20666497,4,scaled_with_l,0.8,16384,fixed_density,4.0,1,1,analytic_volume,2.772588722239781,"{""source_dim"": 1}"
tanh,tanh,16.0,20666514,5,scaled_with_l,0.8,16384,fixed_density,4.0,1,1,null,-2.2915169264521704e-05,{}
tanh,tanh,16.0,20666514,5,scaled_with_l,0.8,16384,fixed_density,4.0,1,1,identity,1.7697350401182161,"{""projection"": [[1.0]]}"
tanh,tanh,16.0,20666514,5,scaled_with_l,0.8,16384,fixed_density,4.0,1,1,gain_matched,0.3867736280810046,"{""gain_matrix"": [[0.1858764886593553]]}"
tanh,tanh,16.0,20666514,5,scaled_with_l,0.8,16384,fixed_density,4.0,1,1,variance_matched,0.4390995735098177,"{""direction"": [1.0]}"
tanh,tanh,16.0,20666514,5,scaled_with_l,0.8,16384,fixed_density,4.0,1,1,shuffled_target,-7.515895332962388e-05,{}
tanh,tanh,16.0,20666514,5,scaled_with_l,0.8,16384,fixed_density,4.0,1,1,analytic_volume,2.772588722239781,"{""source_dim"": 1}"
tanh,tanh,16.0,20666531,6,scaled_with_l,0.8,16384,fixed_density,4.0,1,1,null,-5.513569321917503e-05,{}
tanh,tanh,16.0,20666531,6,scaled_with_l,0.8,16384,fixed_density,4.0,1,1,identity,1.7565566579670215,"{""projection"": [[1.0]]}"
tanh,tanh,16.0,20666531,6,scaled_with_l,0.8,16384,fixed_density,4.0,1,1,gain_matched,0.3829772012733563,"{""gain_matrix"": [[0.1852897581150183]]}"
tanh,tanh,16.0,20666531,6,scaled_with_l,0.8,16384,fixed_density,4.0,1,1,variance_matched,0.43471069062715917,"{""direction"": [1.0]}"
tanh,tanh,16.0,20666531,6,scaled_with_l,0.8,16384,fixed_density,4.0,1,1,shuffled_target,2.2881356578907663e-05,{}
tanh,tanh,16.0,20666531,6,scaled_with_l,0.8,16384,fixed_density,4.0,1,1,analytic_volume,2.772588722239781,"{""source_dim"": 1}"
tanh,tanh,16.0,20666548,7,scaled_with_l,0.8,16384,fixed_density,4.0,1,1,null,3.7912627864233524e-05,{}
tanh,tanh,16.0,20666548,7,scaled_with_l,0.8,16384,fixed_density,4.0,1,1,identity,1.7715994372955366,"{""projection"": [[1.0]]}"
tanh,tanh,16.0,20666548,7,scaled_with_l,0.8,16384,fixed_density,4.0,1,1,gain_matched,0.3826145222769448,"{""gain_matrix"": [[0.18455278034448475]]}"
tanh,tanh,16.0,20666548,7,scaled_with_l,0.8,16384,fixed_density,4.0,1,1,variance_matched,0.43064188893055105,"{""direction"": [1.0]}"
tanh,tanh,16.0,20666548,7,scaled_with_l,0.8,16384,fixed_density,4.0,1,1,shuffled_target,9.207245849480878e-06,{}
tanh,tanh,16.0,20666548,7,scaled_with_l,0.8,16384,fixed_density,4.0,1,1,analytic_volume,2.772588722239781,"{""source_dim"": 1}"
tanh,tanh,16.0,20666565,8,scaled_with_l,0.8,16384,fixed_density,4.0,1,1,null,-2.5958340121732032e-05,{}
tanh,tanh,16.0,20666565,8,scaled_with_l,0.8,16384,fixed_density,4.0,1,1,identity,1.7646841088442151,"{""projection"": [[1.0]]}"
tanh,tanh,16.0,20666565,8,scaled_with_l,0.8,16384,fixed_density,4.0,1,1,gain_matched,0.38393425452364427,"{""gain_matrix"": [[0.18524368036066277]]}"
tanh,tanh,16.0,20666565,8,scaled_with_l,0.8,16384,fixed_density,4.0,1,1,variance_matched,0.4301182061303233,"{""direction"": [1.0]}"
tanh,tanh,16.0,20666565,8,scaled_with_l,0.8,16384,fixed_density,4.0,1,1,shuffled_target,1.32354027431118e-05,{}
tanh,tanh,16.0,20666565,8,scaled_with_l,0.8,16384,fixed_density,4.0,1,1,analytic_volume,2.772588722239781,"{""source_dim"": 1}"
tanh,tanh,16.0,20666582,9,scaled_with_l,0.8,16384,fixed_density,4.0,1,1,null,-4.409613084897661e-05,{}
tanh,tanh,16.0,20666582,9,scaled_with_l,0.8,16384,fixed_density,4.0,1,1,identity,1.7642463380150963,"{""projection"": [[1.0]]}"
tanh,tanh,16.0,20666582,9,scaled_with_l,0.8,16384,fixed_density,4.0,1,1,gain_matched,0.39440899855580996,"{""gain_matrix"": [[0.18563112417519526]]}"
tanh,tanh,16.0,20666582,9,scaled_with_l,0.8,16384,fixed_density,4.0,1,1,variance_matched,0.429787644632791,"{""direction"": [1.0]}"
tanh,tanh,16.0,20666582,9,scaled_with_l,0.8,16384,fixed_density,4.0,1,1,shuffled_target,-1.7430490470392193e-05,{}
tanh,tanh,16.0,20666582,9,scaled_with_l,0.8,16384,fixed_density,4.0,1,1,analytic_volume,2.772588722239781,"{""source_dim"": 1}"
