dynamics,label,L,center,seed,repeat,noise_std,n_samples,source_dim,target_dim,baseline,baseline_ei_tm,baseline_metadata
identity,x,4.0,-8.0,20760429,0,0.05,4096,1,1,variance_matched,3.1376877682557134,"{""direction"": [1.0]}"
identity,x,4.0,-8.0,20760429,0,0.05,4096,1,1,identity,3.151575427178801,"{""projection"": [[1.0]]}"
identity,x,4.0,-8.0,20760446,1,0.05,4096,1,1,variance_matched,3.126072573895078,"{""direction"": [1.0]}"
identity,x,4.0,-8.0,20760446,1,0.05,4096,1,1,identity,3.16125770233986,"{""projection"": [[1.0]]}"
identity,x,4.0,-8.0,20760463,2,0.05,4096,1,1,variance_matched,3.1406833168843393,"{""direction"": [1.0]}"
identity,x,4.0,-8.0,20760463,2,0.05,4096,1,1,identity,3.1157181801239764,"{""projection"": [[1.0]]}"
identity,x,4.0,-8.0,20760480,3,0.05,4096,1,1,variance_matched,3.1483827461561367,"{""direction"": [1.0]}"
identity,x,4.0,-8.0,20760480,3,0.05,4096,1,1,identity,3.166896552610016,"{""projection"": [[1.0]]}"
identity,x,4.0,-8.0,20760497,4,0.05,4096,1,1,variance_matched,3.133997761510117,"{""direction"": [1.0]}"
identity,x,4.0,-8.0,20760497,4,0.05,4096,1,1,identity,3.1338550951654245,"{""projection"": [[1.0]]}"
identity,x,4.0,-8.0,20760514,5,0.05,4096,1,1,variance_matched,3.1527872345501864,"{""direction"": [1.0]}"
identity,x,4.0,-8.0,20760514,5,0.05,4096,1,1,identity,3.1325174117088395,"{""projection"": [[1.0]]}"
identity,x,4.0,-8.0,20760531,6,0.05,4096,1,1,variance_matched,3.1029321551795332,"{""direction"": [1.0]}"
identity,x,4.0,-8.0,20760531,6,0.05,4096,1,1,identity,3.1412856988887436,"{""projection"": [[1.0]]}"
identity,x,4.0,-8.0,20760548,7,0.05,4096,1,1,variance_matched,3.143209626709065,"{""direction"": [1.0]}"
identity,x,4.0,-8.0,20760548,7,0.05,4096,1,1,identity,3.1195859994189625,"{""projection"": [[1.0]]}"
identity,x,4.0,-8.0,20760565,8,0.05,4096,1,1,variance_matched,3.142453362199313,"{""direction"": [1.0]}"
identity,x,4.0,-8.0,20760565,8,0.05,4096,1,1,identity,3.150584427812998,"{""projection"": [[1.0]]}"
identity,x,4.0,-8.0,20760582,9,0.05,4096,1,1,variance_matched,3.131425122584761,"{""direction"": [1.0]}"
identity,x,4.0,-8.0,20760582,9,0.05,4096,1,1,identity,3.1505252756325106,"{""projection"": [[1.0]]}"
identity,x,4.0,-7.0,20761429,0,0.05,4096,1,1,variance_matched,3.1323889608478463,"{""direction"": [1.0]}"
identity,x,4.0,-7.0,20761429,0,0.05,4096,1,1,identity,3.159706875685489,"{""projection"": [[1.0]]}"
identity,x,4.0,-7.0,20761446,1,0.05,4096,1,1,variance_matched,3.134568552460957,"{""direction"": [1.0]}"
identity,x,4.0,-7.0,20761446,1,0.05,4096,1,1,identity,3.134739495013415,"{""projection"": [[1.0]]}"
identity,x,4.0,-7.0,20761463,2,0.05,4096,1,1,variance_matched,3.165722240267203,"{""direction"": [1.0]}"
identity,x,4.0,-7.0,20761463,2,0.05,4096,1,1,identity,3.1629415392955993,"{""projection"": [[1.0]]}"
identity,x,4.0,-7.0,20761480,3,0.05,4096,1,1,variance_matched,3.132317055375707,"{""direction"": [1.0]}"
identity,x,4.0,-7.0,20761480,3,0.05,4096,1,1,identity,3.1678270010896554,"{""projection"": [[1.0]]}"
identity,x,4.0,-7.0,20761497,4,0.05,4096,1,1,variance_matched,3.1452432105445007,"{""direction"": [1.0]}"
identity,x,4.0,-7.0,20761497,4,0.05,4096,1,1,identity,3.15943992219589,"{""projection"": [[1.0]]}"
identity,x,4.0,-7.0,20761514,5,0.05,4096,1,1,variance_matched,3.1360295926833404,"{""direction"": [1.0]}"
identity,x,4.0,-7.0,20761514,5,0.05,4096,1,1,identity,3.1183088487596047,"{""projection"": [[1.0]]}"
identity,x,4.0,-7.0,20761531,6,0.05,4096,1,1,variance_matched,3.130545748712945,"{""direction"": [1.0]}"
identity,x,4.0,-7.0,20761531,6,0.05,4096,1,1,identity,3.1347401516741225,"{""projection"": [[1.0]]}"
identity,x,4.0,-7.0,20761548,7,0.05,4096,1,1,variance_matched,3.1544580857584488,"{""direction"": [1.0]}"
identity,x,4.0,-7.0,20761548,7,0.05,4096,1,1,identity,3.1228847754517437,"{""projection"": [[1.0]]}"
identity,x,4.0,-7.0,20761565,8,0.05,4096,1,1,variance_matched,3.1379071700714514,"{""direction"": [1.0]}"
identity,x,4.0,-7.0,20761565,8,0.05,4096,1,1,identity,3.143083211570029,"{""projection"": [[1.0]]}"
identity,x,4.0,-7.0,20761582,9,0.05,4096,1,1,variance_matched,3.140310878255919,"{""direction"": [1.0]}"
identity,x,4.0,-7.0,20761582,9,0.05,4096,1,1,identity,3.1359881629565267,"{""projection"": [[1.0]]}"
identity,x,4.0,-6.0,20762429,0,0.05,4096,1,1,variance_matched,3.1423005866861655,"{""direction"": [1.0]}"
identity,x,4.0,-6.0,20762429,0,0.05,4096,1,1,identity,3.1410372877463146,"{""projection"": [[1.0]]}"
identity,x,4.0,-6.0,20762446,1,0.05,4096,1,1,variance_matched,3.157445686981425,"{""direction"": [1.0]}"
identity,x,4.0,-6.0,20762446,1,0.05,4096,1,1,identity,3.1386478255535364,"{""projection"": [[1.0]]}"
identity,x,4.0,-6.0,20762463,2,0.05,4096,1,1,variance_matched,3.1269482366175185,"{""direction"": [1.0]}"
identity,x,4.0,-6.0,20762463,2,0.05,4096,1,1,identity,3.1305563460317503,"{""projection"": [[1.0]]}"
identity,x,4.0,-6.0,20762480,3,0.05,4096,1,1,variance_matched,3.1406621991978034,"{""direction"": [1.0]}"
identity,x,4.0,-6.0,20762480,3,0.05,4096,1,1,identity,3.1486102531008133,"{""projection"": [[1.0]]}"
identity,x,4.0,-6.0,20762497,4,0.05,4096,1,1,variance_matched,3.155736455885747,"{""direction"": [1.0]}"
identity,x,4.0,-6.0,20762497,4,0.05,4096,1,1,identity,3.1588409030328446,"{""projection"": [[1.0]]}"
identity,x,4.0,-6.0,20762514,5,0.05,4096,1,1,variance_matched,3.1612923831095716,"{""direction"": [1.0]}"
identity,x,4.0,-6.0,20762514,5,0.05,4096,1,1,identity,3.1807792791554768,"{""projection"": [[1.0]]}"
identity,x,4.0,-6.0,20762531,6,0.05,4096,1,1,variance_matched,3.155957569498564,"{""direction"": [1.0]}"
identity,x,4.0,-6.0,20762531,6,0.05,4096,1,1,identity,3.160919346799062,"{""projection"": [[1.0]]}"
identity,x,4.0,-6.0,20762548,7,0.05,4096,1,1,variance_matched,3.1264837891864716,"{""direction"": [1.0]}"
identity,x,4.0,-6.0,20762548,7,0.05,4096,1,1,identity,3.123226988697633,"{""projection"": [[1.0]]}"
identity,x,4.0,-6.0,20762565,8,0.05,4096,1,1,variance_matched,3.122197667872797,"{""direction"": [1.0]}"
identity,x,4.0,-6.0,20762565,8,0.05,4096,1,1,identity,3.1292167035738925,"{""projection"": [[1.0]]}"
identity,x,4.0,-6.0,20762582,9,0.05,4096,1,1,variance_matched,3.1490818651580885,"{""direction"": [1.0]}"
identity,x,4.0,-6.0,20762582,9,0.05,4096,1,1,identity,3.1343924294126873,"{""projection"": [[1.0]]}"
identity,x,4.0,-5.0,20763429,0,0.05,4096,1,1,variance_matched,3.1440582756725624,"{""direction"": [1.0]}"
identity,x,4.0,-5.0,20763429,0,0.05,4096,1,1,identity,3.126877928155955,"{""projection"": [[1.0]]}"
identity,x,4.0,-5.0,20763446,1,0.05,4096,1,1,variance_matched,3.1554999853225416,"{""direction"": [1.0]}"
identity,x,4.0,-5.0,20763446,1,0.05,4096,1,1,identity,3.15553928184346,"{""projection"": [[1.0]]}"
identity,x,4.0,-5.0,20763463,2,0.05,4096,1,1,variance_matched,3.1508950172039896,"{""direction"": [1.0]}"
identity,x,4.0,-5.0,20763463,2,0.05,4096,1,1,identity,3.1315329780653336,"{""projection"": [[1.0]]}"
identity,x,4.0,-5.0,20763480,3,0.05,4096,1,1,variance_matched,3.1575618614347087,"{""direction"": [1.0]}"
identity,x,4.0,-5.0,20763480,3,0.05,4096,1,1,identity,3.141119702568746,"{""projection"": [[1.0]]}"
identity,x,4.0,-5.0,20763497,4,0.05,4096,1,1,variance_matched,3.153726461411437,"{""direction"": [1.0]}"
identity,x,4.0,-5.0,20763497,4,0.05,4096,1,1,identity,3.1337244719897357,"{""projection"": [[1.0]]}"
identity,x,4.0,-5.0,20763514,5,0.05,4096,1,1,variance_matched,3.1441621000039284,"{""direction"": [1.0]}"
identity,x,4.0,-5.0,20763514,5,0.05,4096,1,1,identity,3.131588104860274,"{""projection"": [[1.0]]}"
identity,x,4.0,-5.0,20763531,6,0.05,4096,1,1,variance_matched,3.1385097523993926,"{""direction"": [1.0]}"
identity,x,4.0,-5.0,20763531,6,0.05,4096,1,1,identity,3.1362757093243667,"{""projection"": [[1.0]]}"
identity,x,4.0,-5.0,20763548,7,0.05,4096,1,1,variance_matched,3.15126685920616,"{""direction"": [1.0]}"
identity,x,4.0,-5.0,20763548,7,0.05,4096,1,1,identity,3.14676182204971,"{""projection"": [[1.0]]}"
identity,x,4.0,-5.0,20763565,8,0.05,4096,1,1,variance_matched,3.1353761784965917,"{""direction"": [1.0]}"
identity,x,4.0,-5.0,20763565,8,0.05,4096,1,1,identity,3.151501773865669,"{""projection"": [[1.0]]}"
identity,x,4.0,-5.0,20763582,9,0.05,4096,1,1,variance_matched,3.162692797551254,"{""direction"": [1.0]}"
identity,x,4.0,-5.0,20763582,9,0.05,4096,1,1,identity,3.149702376892974,"{""projection"": [[1.0]]}"
identity,x,4.0,-4.0,20764429,0,0.05,4096,1,1,variance_matched,3.138190222391798,"{""direction"": [1.0]}"
identity,x,4.0,-4.0,20764429,0,0.05,4096,1,1,identity,3.1382423959040278,"{""projection"": [[1.0]]}"
identity,x,4.0,-4.0,20764446,1,0.05,4096,1,1,variance_matched,3.134813046463937,"{""direction"": [1.0]}"
identity,x,4.0,-4.0,20764446,1,0.05,4096,1,1,identity,3.126276957366562,"{""projection"": [[1.0]]}"
identity,x,4.0,-4.0,20764463,2,0.05,4096,1,1,variance_matched,3.173522381988647,"{""direction"": [1.0]}"
identity,x,4.0,-4.0,20764463,2,0.05,4096,1,1,identity,3.1450299557133503,"{""projection"": [[1.0]]}"
identity,x,4.0,-4.0,20764480,3,0.05,4096,1,1,variance_matched,3.1307935764619743,"{""direction"": [1.0]}"
identity,x,4.0,-4.0,20764480,3,0.05,4096,1,1,identity,3.1226042646211924,"{""projection"": [[1.0]]}"
identity,x,4.0,-4.0,20764497,4,0.05,4096,1,1,variance_matched,3.1241060160381595,"{""direction"": [1.0]}"
identity,x,4.0,-4.0,20764497,4,0.05,4096,1,1,identity,3.161184860809265,"{""projection"": [[1.0]]}"
identity,x,4.0,-4.0,20764514,5,0.05,4096,1,1,variance_matched,3.1377861079901503,"{""direction"": [1.0]}"
identity,x,4.0,-4.0,20764514,5,0.05,4096,1,1,identity,3.1260281731248796,"{""projection"": [[1.0]]}"
identity,x,4.0,-4.0,20764531,6,0.05,4096,1,1,variance_matched,3.1493839305141966,"{""direction"": [1.0]}"
identity,x,4.0,-4.0,20764531,6,0.05,4096,1,1,identity,3.144015884542172,"{""projection"": [[1.0]]}"
identity,x,4.0,-4.0,20764548,7,0.05,4096,1,1,variance_matched,3.139404485750508,"{""direction"": [1.0]}"
identity,x,4.0,-4.0,20764548,7,0.05,4096,1,1,identity,3.149842008970247,"{""projection"": [[1.0]]}"
identity,x,4.0,-4.0,20764565,8,0.05,4096,1,1,variance_matched,3.1343408274321183,"{""direction"": [1.0]}"
identity,x,4.0,-4.0,20764565,8,0.05,4096,1,1,identity,3.1424565856578637,"{""projection"": [[1.0]]}"
identity,x,4.0,-4.0,20764582,9,0.05,4096,1,1,variance_matched,3.1389172248843726,"{""direction"": [1.0]}"
identity,x,4.0,-4.0,20764582,9,0.05,4096,1,1,identity,3.158778264362851,"{""projection"": [[1.0]]}"
identity,x,4.0,-3.0,20765429,0,0.05,4096,1,1,variance_matched,3.155832797274336,"{""direction"": [1.0]}"
identity,x,4.0,-3.0,20765429,0,0.05,4096,1,1,identity,3.151008761653116,"{""projection"": [[1.0]]}"
identity,x,4.0,-3.0,20765446,1,0.05,4096,1,1,variance_matched,3.1639082702709014,"{""direction"": [1.0]}"
identity,x,4.0,-3.0,20765446,1,0.05,4096,1,1,identity,3.151222928083193,"{""projection"": [[1.0]]}"
identity,x,4.0,-3.0,20765463,2,0.05,4096,1,1,variance_matched,3.139123017664445,"{""direction"": [1.0]}"
identity,x,4.0,-3.0,20765463,2,0.05,4096,1,1,identity,3.16350286232366,"{""projection"": [[1.0]]}"
identity,x,4.0,-3.0,20765480,3,0.05,4096,1,1,variance_matched,3.148224780615865,"{""direction"": [1.0]}"
identity,x,4.0,-3.0,20765480,3,0.05,4096,1,1,identity,3.1498530645994953,"{""projection"": [[1.0]]}"
identity,x,4.0,-3.0,20765497,4,0.05,4096,1,1,variance_matched,3.1004643090989297,"{""direction"": [1.0]}"
identity,x,4.0,-3.0,20765497,4,0.05,4096,1,1,identity,3.122716737889536,"{""projection"": [[1.0]]}"
identity,x,4.0,-3.0,20765514,5,0.05,4096,1,1,variance_matched,3.143703817607224,"{""direction"": [1.0]}"
identity,x,4.0,-3.0,20765514,5,0.05,4096,1,1,identity,3.128570976304908,"{""projection"": [[1.0]]}"
identity,x,4.0,-3.0,20765531,6,0.05,4096,1,1,variance_matched,3.1519720035431105,"{""direction"": [1.0]}"
identity,x,4.0,-3.0,20765531,6,0.05,4096,1,1,identity,3.1628974970931516,"{""projection"": [[1.0]]}"
identity,x,4.0,-3.0,20765548,7,0.05,4096,1,1,variance_matched,3.1377090067742155,"{""direction"": [1.0]}"
identity,x,4.0,-3.0,20765548,7,0.05,4096,1,1,identity,3.140312436206802,"{""projection"": [[1.0]]}"
identity,x,4.0,-3.0,20765565,8,0.05,4096,1,1,variance_matched,3.157359605341547,"{""direction"": [1.0]}"
identity,x,4.0,-3.0,20765565,8,0.05,4096,1,1,identity,3.1442462212317075,"{""projection"": [[1.0]]}"
identity,x,4.0,-3.0,20765582,9,0.05,4096,1,1,variance_matched,3.1175035219975946,"{""direction"": [1.0]}"
identity,x,4.0,-3.0,20765582,9,0.05,4096,1,1,identity,3.1163656579629286,"{""projection"": [[1.0]]}"
identity,x,4.0,-2.0,20766429,0,0.05,4096,1,1,variance_matched,3.168347892145783,"{""direction"": [1.0]}"
identity,x,4.0,-2.0,20766429,0,0.05,4096,1,1,identity,3.1445063223894527,"{""projection"": [[1.0]]}"
identity,x,4.0,-2.0,20766446,1,0.05,4096,1,1,variance_matched,3.1468906292777072,"{""direction"": [1.0]}"
identity,x,4.0,-2.0,20766446,1,0.05,4096,1,1,identity,3.1478696011956773,"{""projection"": [[1.0]]}"
identity,x,4.0,-2.0,20766463,2,0.05,4096,1,1,variance_matched,3.145039714008287,"{""direction"": [1.0]}"
identity,x,4.0,-2.0,20766463,2,0.05,4096,1,1,identity,3.1359219936046667,"{""projection"": [[1.0]]}"
identity,x,4.0,-2.0,20766480,3,0.05,4096,1,1,variance_matched,3.1451359051821166,"{""direction"": [1.0]}"
identity,x,4.0,-2.0,20766480,3,0.05,4096,1,1,identity,3.1354123562071154,"{""projection"": [[1.0]]}"
identity,x,4.0,-2.0,20766497,4,0.05,4096,1,1,variance_matched,3.130409434439431,"{""direction"": [1.0]}"
identity,x,4.0,-2.0,20766497,4,0.05,4096,1,1,identity,3.1725330529156732,"{""projection"": [[1.0]]}"
identity,x,4.0,-2.0,20766514,5,0.05,4096,1,1,variance_matched,3.1369739641498873,"{""direction"": [1.0]}"
identity,x,4.0,-2.0,20766514,5,0.05,4096,1,1,identity,3.1594137614386293,"{""projection"": [[1.0]]}"
identity,x,4.0,-2.0,20766531,6,0.05,4096,1,1,variance_matched,3.1301405218906346,"{""direction"": [1.0]}"
identity,x,4.0,-2.0,20766531,6,0.05,4096,1,1,identity,3.1415190699360274,"{""projection"": [[1.0]]}"
identity,x,4.0,-2.0,20766548,7,0.05,4096,1,1,variance_matched,3.1444404825575187,"{""direction"": [1.0]}"
identity,x,4.0,-2.0,20766548,7,0.05,4096,1,1,identity,3.152260338795581,"{""projection"": [[1.0]]}"
identity,x,4.0,-2.0,20766565,8,0.05,4096,1,1,variance_matched,3.1553156754853515,"{""direction"": [1.0]}"
identity,x,4.0,-2.0,20766565,8,0.05,4096,1,1,identity,3.1278444464874346,"{""projection"": [[1.0]]}"
identity,x,4.0,-2.0,20766582,9,0.05,4096,1,1,variance_matched,3.120753990357436,"{""direction"": [1.0]}"
identity,x,4.0,-2.0,20766582,9,0.05,4096,1,1,identity,3.160358457418348,"{""projection"": [[1.0]]}"
identity,x,4.0,-1.0,20767429,0,0.05,4096,1,1,variance_matched,3.1344578180622706,"{""direction"": [1.0]}"
identity,x,4.0,-1.0,20767429,0,0.05,4096,1,1,identity,3.1372702773700687,"{""projection"": [[1.0]]}"
identity,x,4.0,-1.0,20767446,1,0.05,4096,1,1,variance_matched,3.1509600601050414,"{""direction"": [1.0]}"
identity,x,4.0,-1.0,20767446,1,0.05,4096,1,1,identity,3.123716045494361,"{""projection"": [[1.0]]}"
identity,x,4.0,-1.0,20767463,2,0.05,4096,1,1,variance_matched,3.131942919814886,"{""direction"": [1.0]}"
identity,x,4.0,-1.0,20767463,2,0.05,4096,1,1,identity,3.1477778952421236,"{""projection"": [[1.0]]}"
identity,x,4.0,-1.0,20767480,3,0.05,4096,1,1,variance_matched,3.151302097237671,"{""direction"": [1.0]}"
identity,x,4.0,-1.0,20767480,3,0.05,4096,1,1,identity,3.1357795592795674,"{""projection"": [[1.0]]}"
identity,x,4.0,-1.0,20767497,4,0.05,4096,1,1,variance_matched,3.1321798350039343,"{""direction"": [1.0]}"
identity,x,4.0,-1.0,20767497,4,0.05,4096,1,1,identity,3.1134271593066956,"{""projection"": [[1.0]]}"
identity,x,4.0,-1.0,20767514,5,0.05,4096,1,1,variance_matched,3.144797569214998,"{""direction"": [1.0]}"
identity,x,4.0,-1.0,20767514,5,0.05,4096,1,1,identity,3.144566035110106,"{""projection"": [[1.0]]}"
identity,x,4.0,-1.0,20767531,6,0.05,4096,1,1,variance_matched,3.138496116861488,"{""direction"": [1.0]}"
identity,x,4.0,-1.0,20767531,6,0.05,4096,1,1,identity,3.1228396250694637,"{""projection"": [[1.0]]}"
identity,x,4.0,-1.0,20767548,7,0.05,4096,1,1,variance_matched,3.133085158762896,"{""direction"": [1.0]}"
identity,x,4.0,-1.0,20767548,7,0.05,4096,1,1,identity,3.126710513482422,"{""projection"": [[1.0]]}"
identity,x,4.0,-1.0,20767565,8,0.05,4096,1,1,variance_matched,3.159777699270058,"{""direction"": [1.0]}"
identity,x,4.0,-1.0,20767565,8,0.05,4096,1,1,identity,3.1488375509495734,"{""projection"": [[1.0]]}"
identity,x,4.0,-1.0,20767582,9,0.05,4096,1,1,variance_matched,3.1367334452167377,"{""direction"": [1.0]}"
identity,x,4.0,-1.0,20767582,9,0.05,4096,1,1,identity,3.1355155300220856,"{""projection"": [[1.0]]}"
identity,x,4.0,0.0,20768429,0,0.05,4096,1,1,variance_matched,3.1347997101271403,"{""direction"": [1.0]}"
identity,x,4.0,0.0,20768429,0,0.05,4096,1,1,identity,3.1315348571745623,"{""projection"": [[1.0]]}"
identity,x,4.0,0.0,20768446,1,0.05,4096,1,1,variance_matched,3.130505247625109,"{""direction"": [1.0]}"
identity,x,4.0,0.0,20768446,1,0.05,4096,1,1,identity,3.137593555988738,"{""projection"": [[1.0]]}"
identity,x,4.0,0.0,20768463,2,0.05,4096,1,1,variance_matched,3.144103057529557,"{""direction"": [1.0]}"
identity,x,4.0,0.0,20768463,2,0.05,4096,1,1,identity,3.134784339713054,"{""projection"": [[1.0]]}"
identity,x,4.0,0.0,20768480,3,0.05,4096,1,1,variance_matched,3.1448407060583183,"{""direction"": [1.0]}"
identity,x,4.0,0.0,20768480,3,0.05,4096,1,1,identity,3.1482895450033923,"{""projection"": [[1.0]]}"
identity,x,4.0,0.0,20768497,4,0.05,4096,1,1,variance_matched,3.1364568071912826,"{""direction"": [1.0]}"
identity,x,4.0,0.0,20768497,4,0.05,4096,1,1,identity,3.13213487510503,"{""projection"": [[1.0]]}"
identity,x,4.0,0.0,20768514,5,0.05,4096,1,1,variance_matched,3.1194394984372735,"{""direction"": [1.0]}"
identity,x,4.0,0.0,20768514,5,0.05,4096,1,1,identity,3.140647638657115,"{""projection"": [[1.0]]}"
identity,x,4.0,0.0,20768531,6,0.05,4096,1,1,variance_matched,3.1517498068537932,"{""direction"": [1.0]}"
identity,x,4.0,0.0,20768531,6,0.05,4096,1,1,identity,3.1590362361220534,"{""projection"": [[1.0]]}"
identity,x,4.0,0.0,20768548,7,0.05,4096,1,1,variance_matched,3.1430337646355158,"{""direction"": [1.0]}"
identity,x,4.0,0.0,20768548,7,0.05,4096,1,1,identity,3.1323671630736993,"{""projection"": [[1.0]]}"
identity,x,4.0,0.0,20768565,8,0.05,4096,1,1,variance_matched,3.1377389657967165,"{""direction"": [1.0]}"
identity,x,4.0,0.0,20768565,8,0.05,4096,1,1,identity,3.1380101576577095,"{""projection"": [[1.0]]}"
identity,x,4.0,0.0,20768582,9,0.05,4096,1,1,variance_matched,3.1426962834371244,"{""direction"": [1.0]}"
identity,x,4.0,0.0,20768582,9,0.05,4096,1,1,identity,3.1410277317030753,"{""projection"": [[1.0]]}"
identity,x,4.0,1.0,20769429,0,0.05,4096,1,1,variance_matched,3.152151643093117,"{""direction"": [1.0]}"
identity,x,4.0,1.0,20769429,0,0.05,4096,1,1,identity,3.1508244056567754,"{""projection"": [[1.0]]}"
identity,x,4.0,1.0,20769446,1,0.05,4096,1,1,variance_matched,3.1356785597313954,"{""direction"": [1.0]}"
identity,x,4.0,1.0,20769446,1,0.05,4096,1,1,identity,3.13671031457276,"{""projection"": [[1.0]]}"
identity,x,4.0,1.0,20769463,2,0.05,4096,1,1,variance_matched,3.1404390681977974,"{""direction"": [1.0]}"
identity,x,4.0,1.0,20769463,2,0.05,4096,1,1,identity,3.134376298810089,"{""projection"": [[1.0]]}"
identity,x,4.0,1.0,20769480,3,0.05,4096,1,1,variance_matched,3.1440440934780187,"{""direction"": [1.0]}"
identity,x,4.0,1.0,20769480,3,0.05,4096,1,1,identity,3.143593284355091,"{""projection"": [[1.0]]}"
identity,x,4.0,1.0,20769497,4,0.05,4096,1,1,variance_matched,3.150944244076503,"{""direction"": [1.0]}"
identity,x,4.0,1.0,20769497,4,0.05,4096,1,1,identity,3.1394113837308177,"{""projection"": [[1.0]]}"
identity,x,4.0,1.0,20769514,5,0.05,4096,1,1,variance_matched,3.1446908058689065,"{""direction"": [1.0]}"
identity,x,4.0,1.0,20769514,5,0.05,4096,1,1,identity,3.1545176231830996,"{""projection"": [[1.0]]}"
identity,x,4.0,1.0,20769531,6,0.05,4096,1,1,variance_matched,3.128556580621639,"{""direction"": [1.0]}"
identity,x,4.0,1.0,20769531,6,0.05,4096,1,1,identity,3.124576752714014,"{""projection"": [[1.0]]}"
identity,x,4.0,1.0,20769548,7,0.05,4096,1,1,variance_matched,3.1413269780058837,"{""direction"": [1.0]}"
identity,x,4.0,1.0,20769548,7,0.05,4096,1,1,identity,3.143604926966623,"{""projection"": [[1.0]]}"
identity,x,4.0,1.0,20769565,8,0.05,4096,1,1,variance_matched,3.1719587820285025,"{""direction"": [1.0]}"
identity,x,4.0,1.0,20769565,8,0.05,4096,1,1,identity,3.1415438204953805,"{""projection"": [[1.0]]}"
identity,x,4.0,1.0,20769582,9,0.05,4096,1,1,variance_matched,3.14641687696073,"{""direction"": [1.0]}"
identity,x,4.0,1.0,20769582,9,0.05,4096,1,1,identity,3.1405566044347215,"{""projection"": [[1.0]]}"
identity,x,4.0,2.0,20770429,0,0.05,4096,1,1,variance_matched,3.126942640936675,"{""direction"": [1.0]}"
identity,x,4.0,2.0,20770429,0,0.05,4096,1,1,identity,3.1396025784019983,"{""projection"": [[1.0]]}"
identity,x,4.0,2.0,20770446,1,0.05,4096,1,1,variance_matched,3.1625621273893225,"{""direction"": [1.0]}"
identity,x,4.0,2.0,20770446,1,0.05,4096,1,1,identity,3.171064179320913,"{""projection"": [[1.0]]}"
identity,x,4.0,2.0,20770463,2,0.05,4096,1,1,variance_matched,3.159927731481325,"{""direction"": [1.0]}"
identity,x,4.0,2.0,20770463,2,0.05,4096,1,1,identity,3.1572202927383097,"{""projection"": [[1.0]]}"
identity,x,4.0,2.0,20770480,3,0.05,4096,1,1,variance_matched,3.1492847348390827,"{""direction"": [1.0]}"
identity,x,4.0,2.0,20770480,3,0.05,4096,1,1,identity,3.154929208684187,"{""projection"": [[1.0]]}"
identity,x,4.0,2.0,20770497,4,0.05,4096,1,1,variance_matched,3.1427540125535485,"{""direction"": [1.0]}"
identity,x,4.0,2.0,20770497,4,0.05,4096,1,1,identity,3.1369082973700033,"{""projection"": [[1.0]]}"
identity,x,4.0,2.0,20770514,5,0.05,4096,1,1,variance_matched,3.1471437412614804,"{""direction"": [1.0]}"
identity,x,4.0,2.0,20770514,5,0.05,4096,1,1,identity,3.1239592374775493,"{""projection"": [[1.0]]}"
identity,x,4.0,2.0,20770531,6,0.05,4096,1,1,variance_matched,3.1338009471450334,"{""direction"": [1.0]}"
identity,x,4.0,2.0,20770531,6,0.05,4096,1,1,identity,3.1263387212069116,"{""projection"": [[1.0]]}"
identity,x,4.0,2.0,20770548,7,0.05,4096,1,1,variance_matched,3.1428895903199034,"{""direction"": [1.0]}"
identity,x,4.0,2.0,20770548,7,0.05,4096,1,1,identity,3.153492543005523,"{""projection"": [[1.0]]}"
identity,x,4.0,2.0,20770565,8,0.05,4096,1,1,variance_matched,3.1504673508035492,"{""direction"": [1.0]}"
identity,x,4.0,2.0,20770565,8,0.05,4096,1,1,identity,3.1380984344540965,"{""projection"": [[1.0]]}"
identity,x,4.0,2.0,20770582,9,0.05,4096,1,1,variance_matched,3.1548326043322743,"{""direction"": [1.0]}"
identity,x,4.0,2.0,20770582,9,0.05,4096,1,1,identity,3.1600600126072766,"{""projection"": [[1.0]]}"
identity,x,4.0,3.0,20771429,0,0.05,4096,1,1,variance_matched,3.144171558001964,"{""direction"": [1.0]}"
identity,x,4.0,3.0,20771429,0,0.05,4096,1,1,identity,3.149057493072821,"{""projection"": [[1.0]]}"
identity,x,4.0,3.0,20771446,1,0.05,4096,1,1,variance_matched,3.148151326817251,"{""direction"": [1.0]}"
identity,x,4.0,3.0,20771446,1,0.05,4096,1,1,identity,3.1242678946622258,"{""projection"": [[1.0]]}"
identity,x,4.0,3.0,20771463,2,0.05,4096,1,1,variance_matched,3.116825157408975,"{""direction"": [1.0]}"
identity,x,4.0,3.0,20771463,2,0.05,4096,1,1,identity,3.1301013443902495,"{""projection"": [[1.0]]}"
identity,x,4.0,3.0,20771480,3,0.05,4096,1,1,variance_matched,3.160570564607476,"{""direction"": [1.0]}"
identity,x,4.0,3.0,20771480,3,0.05,4096,1,1,identity,3.1670290121393094,"{""projection"": [[1.0]]}"
identity,x,4.0,3.0,20771497,4,0.05,4096,1,1,variance_matched,3.1411453524414936,"{""direction"": [1.0]}"
identity,x,4.0,3.0,20771497,4,0.05,4096,1,1,identity,3.1265297151766585,"{""projection"": [[1.0]]}"
identity,x,4.0,3.0,20771514,5,0.05,4096,1,1,variance_matched,3.134851801164994,"{""direction"": [1.0]}"
identity,x,4.0,3.0,20771514,5,0.05,4096,1,1,identity,3.132151737550504,"{""projection"": [[1.0]]}"
identity,x,4.0,3.0,20771531,6,0.05,4096,1,1,variance_matched,3.1538327569961733,"{""direction"": [1.0]}"
identity,x,4.0,3.0,20771531,6,0.05,4096,1,1,identity,3.1366680200024004,"{""projection"": [[1.0]]}"
identity,x,4.0,3.0,20771548,7,0.05,4096,1,1,variance_matched,3.1407799257574855,"{""direction"": [1.0]}"
identity,x,4.0,3.0,20771548,7,0.05,4096,1,1,identity,3.132677601626029,"{""projection"": [[1.0]]}"
identity,x,4.0,3.0,20771565,8,0.05,4096,1,1,variance_matched,3.145486716419241,"{""direction"": [1.0]}"
identity,x,4.0,3.0,20771565,8,0.05,4096,1,1,identity,3.1519944156818953,"{""projection"": [[1.0]]}"
identity,x,4.0,3.0,20771582,9,0.05,4096,1,1,variance_matched,3.124903304355767,"{""direction"": [1.0]}"
identity,x,4.0,3.0,20771582,9,0.05,4096,1,1,identity,3.135235163460737,"{""projection"": [[1.0]]}"
identity,x,4.0,4.0,20772429,0,0.05,4096,1,1,variance_matched,3.1593387528463093,"{""direction"": [1.0]}"
identity,x,4.0,4.0,20772429,0,0.05,4096,1,1,identity,3.143471865607053,"{""projection"": [[1.0]]}"
identity,x,4.0,4.0,20772446,1,0.05,4096,1,1,variance_matched,3.1381354366863476,"{""direction"": [1.0]}"
identity,x,4.0,4.0,20772446,1,0.05,4096,1,1,identity,3.1376918749616314,"{""projection"": [[1.0]]}"
identity,x,4.0,4.0,20772463,2,0.05,4096,1,1,variance_matched,3.129078699710111,"{""direction"": [1.0]}"
identity,x,4.0,4.0,20772463,2,0.05,4096,1,1,identity,3.125527793559667,"{""projection"": [[1.0]]}"
identity,x,4.0,4.0,20772480,3,0.05,4096,1,1,variance_matched,3.142997631924122,"{""direction"": [1.0]}"
identity,x,4.0,4.0,20772480,3,0.05,4096,1,1,identity,3.1311472754474394,"{""projection"": [[1.0]]}"
identity,x,4.0,4.0,20772497,4,0.05,4096,1,1,variance_matched,3.1185972143195064,"{""direction"": [1.0]}"
identity,x,4.0,4.0,20772497,4,0.05,4096,1,1,identity,3.1326959656360884,"{""projection"": [[1.0]]}"
identity,x,4.0,4.0,20772514,5,0.05,4096,1,1,variance_matched,3.152673527452718,"{""direction"": [1.0]}"
identity,x,4.0,4.0,20772514,5,0.05,4096,1,1,identity,3.147422627085259,"{""projection"": [[1.0]]}"
identity,x,4.0,4.0,20772531,6,0.05,4096,1,1,variance_matched,3.1511871496517294,"{""direction"": [1.0]}"
identity,x,4.0,4.0,20772531,6,0.05,4096,1,1,identity,3.141300517317583,"{""projection"": [[1.0]]}"
identity,x,4.0,4.0,20772548,7,0.05,4096,1,1,variance_matched,3.1568905398061107,"{""direction"": [1.0]}"
identity,x,4.0,4.0,20772548,7,0.05,4096,1,1,identity,3.1327150668131836,"{""projection"": [[1.0]]}"
identity,x,4.0,4.0,20772565,8,0.05,4096,1,1,variance_matched,3.1539282843995156,"{""direction"": [1.0]}"
identity,x,4.0,4.0,20772565,8,0.05,4096,1,1,identity,3.1665221570152084,"{""projection"": [[1.0]]}"
identity,x,4.0,4.0,20772582,9,0.05,4096,1,1,variance_matched,3.1493281976135283,"{""direction"": [1.0]}"
identity,x,4.0,4.0,20772582,9,0.05,4096,1,1,identity,3.1555970058989797,"{""projection"": [[1.0]]}"
identity,x,4.0,5.0,20773429,0,0.05,4096,1,1,variance_matched,3.131193628029112,"{""direction"": [1.0]}"
identity,x,4.0,5.0,20773429,0,0.05,4096,1,1,identity,3.1333923906524697,"{""projection"": [[1.0]]}"
identity,x,4.0,5.0,20773446,1,0.05,4096,1,1,variance_matched,3.13635341378873,"{""direction"": [1.0]}"
identity,x,4.0,5.0,20773446,1,0.05,4096,1,1,identity,3.1243271180700942,"{""projection"": [[1.0]]}"
identity,x,4.0,5.0,20773463,2,0.05,4096,1,1,variance_matched,3.128870008622174,"{""direction"": [1.0]}"
identity,x,4.0,5.0,20773463,2,0.05,4096,1,1,identity,3.1294401208344023,"{""projection"": [[1.0]]}"
identity,x,4.0,5.0,20773480,3,0.05,4096,1,1,variance_matched,3.1319915371633424,"{""direction"": [1.0]}"
identity,x,4.0,5.0,20773480,3,0.05,4096,1,1,identity,3.1212560318015674,"{""projection"": [[1.0]]}"
identity,x,4.0,5.0,20773497,4,0.05,4096,1,1,variance_matched,3.125449729640562,"{""direction"": [1.0]}"
identity,x,4.0,5.0,20773497,4,0.05,4096,1,1,identity,3.1396689322525266,"{""projection"": [[1.0]]}"
identity,x,4.0,5.0,20773514,5,0.05,4096,1,1,variance_matched,3.1471507369909055,"{""direction"": [1.0]}"
identity,x,4.0,5.0,20773514,5,0.05,4096,1,1,identity,3.140367153569687,"{""projection"": [[1.0]]}"
identity,x,4.0,5.0,20773531,6,0.05,4096,1,1,variance_matched,3.1266171982544777,"{""direction"": [1.0]}"
identity,x,4.0,5.0,20773531,6,0.05,4096,1,1,identity,3.1448924305515744,"{""projection"": [[1.0]]}"
identity,x,4.0,5.0,20773548,7,0.05,4096,1,1,variance_matched,3.1352967754304304,"{""direction"": [1.0]}"
identity,x,4.0,5.0,20773548,7,0.05,4096,1,1,identity,3.161355347966265,"{""projection"": [[1.0]]}"
identity,x,4.0,5.0,20773565,8,0.05,4096,1,1,variance_matched,3.122854610098086,"{""direction"": [1.0]}"
identity,x,4.0,5.0,20773565,8,0.05,4096,1,1,identity,3.1366371648094242,"{""projection"": [[1.0]]}"
identity,x,4.0,5.0,20773582,9,0.05,4096,1,1,variance_matched,3.134986575074958,"{""direction"": [1.0]}"
identity,x,4.0,5.0,20773582,9,0.05,4096,1,1,identity,3.1485686764105365,"{""projection"": [[1.0]]}"
identity,x,4.0,6.0,20774429,0,0.05,4096,1,1,variance_matched,3.141793133448287,"{""direction"": [1.0]}"
identity,x,4.0,6.0,20774429,0,0.05,4096,1,1,identity,3.1323926938332862,"{""projection"": [[1.0]]}"
identity,x,4.0,6.0,20774446,1,0.05,4096,1,1,variance_matched,3.1356045363039406,"{""direction"": [1.0]}"
identity,x,4.0,6.0,20774446,1,0.05,4096,1,1,identity,3.13492058518724,"{""projection"": [[1.0]]}"
identity,x,4.0,6.0,20774463,2,0.05,4096,1,1,variance_matched,3.1299025720974565,"{""direction"": [1.0]}"
identity,x,4.0,6.0,20774463,2,0.05,4096,1,1,identity,3.138778734598288,"{""projection"": [[1.0]]}"
identity,x,4.0,6.0,20774480,3,0.05,4096,1,1,variance_matched,3.1310854489393045,"{""direction"": [1.0]}"
identity,x,4.0,6.0,20774480,3,0.05,4096,1,1,identity,3.1322307965048855,"{""projection"": [[1.0]]}"
identity,x,4.0,6.0,20774497,4,0.05,4096,1,1,variance_matched,3.158355608963174,"{""direction"": [1.0]}"
identity,x,4.0,6.0,20774497,4,0.05,4096,1,1,identity,3.1436910331684302,"{""projection"": [[1.0]]}"
identity,x,4.0,6.0,20774514,5,0.05,4096,1,1,variance_matched,3.141152165883887,"{""direction"": [1.0]}"
identity,x,4.0,6.0,20774514,5,0.05,4096,1,1,identity,3.1538413070996594,"{""projection"": [[1.0]]}"
identity,x,4.0,6.0,20774531,6,0.05,4096,1,1,variance_matched,3.1491443011051206,"{""direction"": [1.0]}"
identity,x,4.0,6.0,20774531,6,0.05,4096,1,1,identity,3.147898177972273,"{""projection"": [[1.0]]}"
identity,x,4.0,6.0,20774548,7,0.05,4096,1,1,variance_matched,3.154800512316295,"{""direction"": [1.0]}"
identity,x,4.0,6.0,20774548,7,0.05,4096,1,1,identity,3.1513646334968533,"{""projection"": [[1.0]]}"
identity,x,4.0,6.0,20774565,8,0.05,4096,1,1,variance_matched,3.1433740341692875,"{""direction"": [1.0]}"
identity,x,4.0,6.0,20774565,8,0.05,4096,1,1,identity,3.1385548071844482,"{""projection"": [[1.0]]}"
identity,x,4.0,6.0,20774582,9,0.05,4096,1,1,variance_matched,3.16166247936562,"{""direction"": [1.0]}"
identity,x,4.0,6.0,20774582,9,0.05,4096,1,1,identity,3.132888513513707,"{""projection"": [[1.0]]}"
identity,x,4.0,7.0,20775429,0,0.05,4096,1,1,variance_matched,3.128553746961715,"{""direction"": [1.0]}"
identity,x,4.0,7.0,20775429,0,0.05,4096,1,1,identity,3.1205731596167077,"{""projection"": [[1.0]]}"
identity,x,4.0,7.0,20775446,1,0.05,4096,1,1,variance_matched,3.12635328924836,"{""direction"": [1.0]}"
identity,x,4.0,7.0,20775446,1,0.05,4096,1,1,identity,3.1281721450845836,"{""projection"": [[1.0]]}"
identity,x,4.0,7.0,20775463,2,0.05,4096,1,1,variance_matched,3.137057565570564,"{""direction"": [1.0]}"
identity,x,4.0,7.0,20775463,2,0.05,4096,1,1,identity,3.145341252280885,"{""projection"": [[1.0]]}"
identity,x,4.0,7.0,20775480,3,0.05,4096,1,1,variance_matched,3.1540342246537074,"{""direction"": [1.0]}"
identity,x,4.0,7.0,20775480,3,0.05,4096,1,1,identity,3.1283183720274534,"{""projection"": [[1.0]]}"
identity,x,4.0,7.0,20775497,4,0.05,4096,1,1,variance_matched,3.1551905180370152,"{""direction"": [1.0]}"
identity,x,4.0,7.0,20775497,4,0.05,4096,1,1,identity,3.1306573993806732,"{""projection"": [[1.0]]}"
identity,x,4.0,7.0,20775514,5,0.05,4096,1,1,variance_matched,3.1388005751182897,"{""direction"": [1.0]}"
identity,x,4.0,7.0,20775514,5,0.05,4096,1,1,identity,3.142534809211322,"{""projection"": [[1.0]]}"
identity,x,4.0,7.0,20775531,6,0.05,4096,1,1,variance_matched,3.1334750051857743,"{""direction"": [1.0]}"
identity,x,4.0,7.0,20775531,6,0.05,4096,1,1,identity,3.1495336384039665,"{""projection"": [[1.0]]}"
identity,x,4.0,7.0,20775548,7,0.05,4096,1,1,variance_matched,3.166231950839035,"{""direction"": [1.0]}"
identity,x,4.0,7.0,20775548,7,0.05,4096,1,1,identity,3.1372386040299354,"{""projection"": [[1.0]]}"
identity,x,4.0,7.0,20775565,8,0.05,4096,1,1,variance_matched,3.14366445076693,"{""direction"": [1.0]}"
identity,x,4.0,7.0,20775565,8,0.05,4096,1,1,identity,3.1634977408427973,"{""projection"": [[1.0]]}"
identity,x,4.0,7.0,20775582,9,0.05,4096,1,1,variance_matched,3.1048758375778545,"{""direction"": [1.0]}"
identity,x,4.0,7.0,20775582,9,0.05,4096,1,1,identity,3.1048084487539,"{""projection"": [[1.0]]}"
identity,x,4.0,8.0,20776429,0,0.05,4096,1,1,variance_matched,3.157826056474354,"{""direction"": [1.0]}"
identity,x,4.0,8.0,20776429,0,0.05,4096,1,1,identity,3.1228195268462158,"{""projection"": [[1.0]]}"
identity,x,4.0,8.0,20776446,1,0.05,4096,1,1,variance_matched,3.147771702897397,"{""direction"": [1.0]}"
identity,x,4.0,8.0,20776446,1,0.05,4096,1,1,identity,3.143682892257283,"{""projection"": [[1.0]]}"
identity,x,4.0,8.0,20776463,2,0.05,4096,1,1,variance_matched,3.1490676888622113,"{""direction"": [1.0]}"
identity,x,4.0,8.0,20776463,2,0.05,4096,1,1,identity,3.129034384469312,"{""projection"": [[1.0]]}"
identity,x,4.0,8.0,20776480,3,0.05,4096,1,1,variance_matched,3.1445779335980415,"{""direction"": [1.0]}"
identity,x,4.0,8.0,20776480,3,0.05,4096,1,1,identity,3.138949246016797,"{""projection"": [[1.0]]}"
identity,x,4.0,8.0,20776497,4,0.05,4096,1,1,variance_matched,3.1287186847125534,"{""direction"": [1.0]}"
identity,x,4.0,8.0,20776497,4,0.05,4096,1,1,identity,3.135769207301178,"{""projection"": [[1.0]]}"
identity,x,4.0,8.0,20776514,5,0.05,4096,1,1,variance_matched,3.1367239757997623,"{""direction"": [1.0]}"
identity,x,4.0,8.0,20776514,5,0.05,4096,1,1,identity,3.1399853852144637,"{""projection"": [[1.0]]}"
identity,x,4.0,8.0,20776531,6,0.05,4096,1,1,variance_matched,3.1548557176833394,"{""direction"": [1.0]}"
identity,x,4.0,8.0,20776531,6,0.05,4096,1,1,identity,3.1300645648679297,"{""projection"": [[1.0]]}"
identity,x,4.0,8.0,20776548,7,0.05,4096,1,1,variance_matched,3.1226878591777085,"{""direction"": [1.0]}"
identity,x,4.0,8.0,20776548,7,0.05,4096,1,1,identity,3.117700904846476,"{""projection"": [[1.0]]}"
identity,x,4.0,8.0,20776565,8,0.05,4096,1,1,variance_matched,3.145546791769625,"{""direction"": [1.0]}"
identity,x,4.0,8.0,20776565,8,0.05,4096,1,1,identity,3.1460425361953233,"{""projection"": [[1.0]]}"
identity,x,4.0,8.0,20776582,9,0.05,4096,1,1,variance_matched,3.1193622621874915,"{""direction"": [1.0]}"
identity,x,4.0,8.0,20776582,9,0.05,4096,1,1,identity,3.1392500984097214,"{""projection"": [[1.0]]}"
square,x^2,4.0,-8.0,20860429,0,0.05,4096,1,1,variance_matched,5.8937897685540115,"{""direction"": [1.0]}"
square,x^2,4.0,-8.0,20860429,0,0.05,4096,1,1,identity,3.1250642861783415,"{""projection"": [[1.0]]}"
square,x^2,4.0,-8.0,20860446,1,0.05,4096,1,1,variance_matched,5.89125988752049,"{""direction"": [1.0]}"
square,x^2,4.0,-8.0,20860446,1,0.05,4096,1,1,identity,3.1420766381941316,"{""projection"": [[1.0]]}"
square,x^2,4.0,-8.0,20860463,2,0.05,4096,1,1,variance_matched,5.917744633998166,"{""direction"": [1.0]}"
square,x^2,4.0,-8.0,20860463,2,0.05,4096,1,1,identity,3.1470252735878974,"{""projection"": [[1.0]]}"
square,x^2,4.0,-8.0,20860480,3,0.05,4096,1,1,variance_matched,5.903503450245331,"{""direction"": [1.0]}"
square,x^2,4.0,-8.0,20860480,3,0.05,4096,1,1,identity,3.146380205428251,"{""projection"": [[1.0]]}"
square,x^2,4.0,-8.0,20860497,4,0.05,4096,1,1,variance_matched,5.900657972885064,"{""direction"": [1.0]}"
square,x^2,4.0,-8.0,20860497,4,0.05,4096,1,1,identity,3.1508413318304713,"{""projection"": [[1.0]]}"
square,x^2,4.0,-8.0,20860514,5,0.05,4096,1,1,variance_matched,5.917869701163093,"{""direction"": [1.0]}"
square,x^2,4.0,-8.0,20860514,5,0.05,4096,1,1,identity,3.1326566750738207,"{""projection"": [[1.0]]}"
square,x^2,4.0,-8.0,20860531,6,0.05,4096,1,1,variance_matched,5.93020905104657,"{""direction"": [1.0]}"
square,x^2,4.0,-8.0,20860531,6,0.05,4096,1,1,identity,3.136672678354161,"{""projection"": [[1.0]]}"
square,x^2,4.0,-8.0,20860548,7,0.05,4096,1,1,variance_matched,5.905619879481524,"{""direction"": [1.0]}"
square,x^2,4.0,-8.0,20860548,7,0.05,4096,1,1,identity,3.1206382883525956,"{""projection"": [[1.0]]}"
square,x^2,4.0,-8.0,20860565,8,0.05,4096,1,1,variance_matched,5.932893145826624,"{""direction"": [1.0]}"
square,x^2,4.0,-8.0,20860565,8,0.05,4096,1,1,identity,3.1515602653856165,"{""projection"": [[1.0]]}"
square,x^2,4.0,-8.0,20860582,9,0.05,4096,1,1,variance_matched,5.931898564121407,"{""direction"": [1.0]}"
square,x^2,4.0,-8.0,20860582,9,0.05,4096,1,1,identity,3.140797447249656,"{""projection"": [[1.0]]}"
square,x^2,4.0,-7.0,20861429,0,0.05,4096,1,1,variance_matched,5.791402213657658,"{""direction"": [1.0]}"
square,x^2,4.0,-7.0,20861429,0,0.05,4096,1,1,identity,3.1462719336920038,"{""projection"": [[1.0]]}"
square,x^2,4.0,-7.0,20861446,1,0.05,4096,1,1,variance_matched,5.761465039295178,"{""direction"": [1.0]}"
square,x^2,4.0,-7.0,20861446,1,0.05,4096,1,1,identity,3.1383016842402895,"{""projection"": [[1.0]]}"
square,x^2,4.0,-7.0,20861463,2,0.05,4096,1,1,variance_matched,5.790248219488255,"{""direction"": [1.0]}"
square,x^2,4.0,-7.0,20861463,2,0.05,4096,1,1,identity,3.14717577934933,"{""projection"": [[1.0]]}"
square,x^2,4.0,-7.0,20861480,3,0.05,4096,1,1,variance_matched,5.801762870185107,"{""direction"": [1.0]}"
square,x^2,4.0,-7.0,20861480,3,0.05,4096,1,1,identity,3.137251195428675,"{""projection"": [[1.0]]}"
square,x^2,4.0,-7.0,20861497,4,0.05,4096,1,1,variance_matched,5.768737699653591,"{""direction"": [1.0]}"
square,x^2,4.0,-7.0,20861497,4,0.05,4096,1,1,identity,3.1533852558614486,"{""projection"": [[1.0]]}"
square,x^2,4.0,-7.0,20861514,5,0.05,4096,1,1,variance_matched,5.772323564313316,"{""direction"": [1.0]}"
square,x^2,4.0,-7.0,20861514,5,0.05,4096,1,1,identity,3.14383931773162,"{""projection"": [[1.0]]}"
square,x^2,4.0,-7.0,20861531,6,0.05,4096,1,1,variance_matched,5.749129005552419,"{""direction"": [1.0]}"
square,x^2,4.0,-7.0,20861531,6,0.05,4096,1,1,identity,3.117798074245248,"{""projection"": [[1.0]]}"
square,x^2,4.0,-7.0,20861548,7,0.05,4096,1,1,variance_matched,5.774428939594982,"{""direction"": [1.0]}"
square,x^2,4.0,-7.0,20861548,7,0.05,4096,1,1,identity,3.140265766229745,"{""projection"": [[1.0]]}"
square,x^2,4.0,-7.0,20861565,8,0.05,4096,1,1,variance_matched,5.792184558251885,"{""direction"": [1.0]}"
square,x^2,4.0,-7.0,20861565,8,0.05,4096,1,1,identity,3.1360338890605046,"{""projection"": [[1.0]]}"
square,x^2,4.0,-7.0,20861582,9,0.05,4096,1,1,variance_matched,5.758492260721958,"{""direction"": [1.0]}"
square,x^2,4.0,-7.0,20861582,9,0.05,4096,1,1,identity,3.131577416852415,"{""projection"": [[1.0]]}"
square,x^2,4.0,-6.0,20862429,0,0.05,4096,1,1,variance_matched,5.634252465723832,"{""direction"": [1.0]}"
square,x^2,4.0,-6.0,20862429,0,0.05,4096,1,1,identity,3.1219916081441084,"{""projection"": [[1.0]]}"
square,x^2,4.0,-6.0,20862446,1,0.05,4096,1,1,variance_matched,5.614271365239476,"{""direction"": [1.0]}"
square,x^2,4.0,-6.0,20862446,1,0.05,4096,1,1,identity,3.1151843280213516,"{""projection"": [[1.0]]}"
square,x^2,4.0,-6.0,20862463,2,0.05,4096,1,1,variance_matched,5.626517665284643,"{""direction"": [1.0]}"
square,x^2,4.0,-6.0,20862463,2,0.05,4096,1,1,identity,3.136736974000506,"{""projection"": [[1.0]]}"
square,x^2,4.0,-6.0,20862480,3,0.05,4096,1,1,variance_matched,5.614472977417155,"{""direction"": [1.0]}"
square,x^2,4.0,-6.0,20862480,3,0.05,4096,1,1,identity,3.119103913231042,"{""projection"": [[1.0]]}"
square,x^2,4.0,-6.0,20862497,4,0.05,4096,1,1,variance_matched,5.619162436666899,"{""direction"": [1.0]}"
square,x^2,4.0,-6.0,20862497,4,0.05,4096,1,1,identity,3.159345531899369,"{""projection"": [[1.0]]}"
square,x^2,4.0,-6.0,20862514,5,0.05,4096,1,1,variance_matched,5.617794388361543,"{""direction"": [1.0]}"
square,x^2,4.0,-6.0,20862514,5,0.05,4096,1,1,identity,3.1282511548733543,"{""projection"": [[1.0]]}"
square,x^2,4.0,-6.0,20862531,6,0.05,4096,1,1,variance_matched,5.6559609742314105,"{""direction"": [1.0]}"
square,x^2,4.0,-6.0,20862531,6,0.05,4096,1,1,identity,3.1700104644505984,"{""projection"": [[1.0]]}"
square,x^2,4.0,-6.0,20862548,7,0.05,4096,1,1,variance_matched,5.6518066945685135,"{""direction"": [1.0]}"
square,x^2,4.0,-6.0,20862548,7,0.05,4096,1,1,identity,3.1590961416138765,"{""projection"": [[1.0]]}"
square,x^2,4.0,-6.0,20862565,8,0.05,4096,1,1,variance_matched,5.626855181896253,"{""direction"": [1.0]}"
square,x^2,4.0,-6.0,20862565,8,0.05,4096,1,1,identity,3.144438101504875,"{""projection"": [[1.0]]}"
square,x^2,4.0,-6.0,20862582,9,0.05,4096,1,1,variance_matched,5.626091051838934,"{""direction"": [1.0]}"
square,x^2,4.0,-6.0,20862582,9,0.05,4096,1,1,identity,3.13190896910238,"{""projection"": [[1.0]]}"
square,x^2,4.0,-5.0,20863429,0,0.05,4096,1,1,variance_matched,5.425296465416576,"{""direction"": [1.0]}"
square,x^2,4.0,-5.0,20863429,0,0.05,4096,1,1,identity,3.125321592700634,"{""projection"": [[1.0]]}"
square,x^2,4.0,-5.0,20863446,1,0.05,4096,1,1,variance_matched,5.451691406010935,"{""direction"": [1.0]}"
square,x^2,4.0,-5.0,20863446,1,0.05,4096,1,1,identity,3.131257852193897,"{""projection"": [[1.0]]}"
square,x^2,4.0,-5.0,20863463,2,0.05,4096,1,1,variance_matched,5.453187229811908,"{""direction"": [1.0]}"
square,x^2,4.0,-5.0,20863463,2,0.05,4096,1,1,identity,3.1562528162147028,"{""projection"": [[1.0]]}"
square,x^2,4.0,-5.0,20863480,3,0.05,4096,1,1,variance_matched,5.466453931672872,"{""direction"": [1.0]}"
square,x^2,4.0,-5.0,20863480,3,0.05,4096,1,1,identity,3.1316861515180046,"{""projection"": [[1.0]]}"
square,x^2,4.0,-5.0,20863497,4,0.05,4096,1,1,variance_matched,5.439663937372043,"{""direction"": [1.0]}"
square,x^2,4.0,-5.0,20863497,4,0.05,4096,1,1,identity,3.132865890476114,"{""projection"": [[1.0]]}"
square,x^2,4.0,-5.0,20863514,5,0.05,4096,1,1,variance_matched,5.4498553988086895,"{""direction"": [1.0]}"
square,x^2,4.0,-5.0,20863514,5,0.05,4096,1,1,identity,3.150868362851921,"{""projection"": [[1.0]]}"
square,x^2,4.0,-5.0,20863531,6,0.05,4096,1,1,variance_matched,5.43308319749721,"{""direction"": [1.0]}"
square,x^2,4.0,-5.0,20863531,6,0.05,4096,1,1,identity,3.129033916591208,"{""projection"": [[1.0]]}"
square,x^2,4.0,-5.0,20863548,7,0.05,4096,1,1,variance_matched,5.454708900307784,"{""direction"": [1.0]}"
square,x^2,4.0,-5.0,20863548,7,0.05,4096,1,1,identity,3.1458330251071214,"{""projection"": [[1.0]]}"
square,x^2,4.0,-5.0,20863565,8,0.05,4096,1,1,variance_matched,5.461105850034665,"{""direction"": [1.0]}"
square,x^2,4.0,-5.0,20863565,8,0.05,4096,1,1,identity,3.160219000057893,"{""projection"": [[1.0]]}"
square,x^2,4.0,-5.0,20863582,9,0.05,4096,1,1,variance_matched,5.449005500005786,"{""direction"": [1.0]}"
square,x^2,4.0,-5.0,20863582,9,0.05,4096,1,1,identity,3.142880811009083,"{""projection"": [[1.0]]}"
square,x^2,4.0,-4.0,20864429,0,0.05,4096,1,1,variance_matched,5.218031772612145,"{""direction"": [1.0]}"
square,x^2,4.0,-4.0,20864429,0,0.05,4096,1,1,identity,3.138397691074828,"{""projection"": [[1.0]]}"
square,x^2,4.0,-4.0,20864446,1,0.05,4096,1,1,variance_matched,5.258998867286566,"{""direction"": [1.0]}"
square,x^2,4.0,-4.0,20864446,1,0.05,4096,1,1,identity,3.155676372488751,"{""projection"": [[1.0]]}"
square,x^2,4.0,-4.0,20864463,2,0.05,4096,1,1,variance_matched,5.223243183421339,"{""direction"": [1.0]}"
square,x^2,4.0,-4.0,20864463,2,0.05,4096,1,1,identity,3.141893902597194,"{""projection"": [[1.0]]}"
square,x^2,4.0,-4.0,20864480,3,0.05,4096,1,1,variance_matched,5.233852035688537,"{""direction"": [1.0]}"
square,x^2,4.0,-4.0,20864480,3,0.05,4096,1,1,identity,3.1476731712034303,"{""projection"": [[1.0]]}"
square,x^2,4.0,-4.0,20864497,4,0.05,4096,1,1,variance_matched,5.241700219335732,"{""direction"": [1.0]}"
square,x^2,4.0,-4.0,20864497,4,0.05,4096,1,1,identity,3.133488052062517,"{""projection"": [[1.0]]}"
square,x^2,4.0,-4.0,20864514,5,0.05,4096,1,1,variance_matched,5.221700106431831,"{""direction"": [1.0]}"
square,x^2,4.0,-4.0,20864514,5,0.05,4096,1,1,identity,3.1271766413753186,"{""projection"": [[1.0]]}"
square,x^2,4.0,-4.0,20864531,6,0.05,4096,1,1,variance_matched,5.210614688291095,"{""direction"": [1.0]}"
square,x^2,4.0,-4.0,20864531,6,0.05,4096,1,1,identity,3.141344895724166,"{""projection"": [[1.0]]}"
square,x^2,4.0,-4.0,20864548,7,0.05,4096,1,1,variance_matched,5.212874544147633,"{""direction"": [1.0]}"
square,x^2,4.0,-4.0,20864548,7,0.05,4096,1,1,identity,3.1371980618709436,"{""projection"": [[1.0]]}"
square,x^2,4.0,-4.0,20864565,8,0.05,4096,1,1,variance_matched,5.216610797759548,"{""direction"": [1.0]}"
square,x^2,4.0,-4.0,20864565,8,0.05,4096,1,1,identity,3.1307026930430424,"{""projection"": [[1.0]]}"
square,x^2,4.0,-4.0,20864582,9,0.05,4096,1,1,variance_matched,5.228094612918556,"{""direction"": [1.0]}"
square,x^2,4.0,-4.0,20864582,9,0.05,4096,1,1,identity,3.138431699952111,"{""projection"": [[1.0]]}"
square,x^2,4.0,-3.0,20865429,0,0.05,4096,1,1,variance_matched,4.940156266950433,"{""direction"": [1.0]}"
square,x^2,4.0,-3.0,20865429,0,0.05,4096,1,1,identity,3.1327127749424193,"{""projection"": [[1.0]]}"
square,x^2,4.0,-3.0,20865446,1,0.05,4096,1,1,variance_matched,4.95465771756328,"{""direction"": [1.0]}"
square,x^2,4.0,-3.0,20865446,1,0.05,4096,1,1,identity,3.141985870371517,"{""projection"": [[1.0]]}"
square,x^2,4.0,-3.0,20865463,2,0.05,4096,1,1,variance_matched,4.945760276081282,"{""direction"": [1.0]}"
square,x^2,4.0,-3.0,20865463,2,0.05,4096,1,1,identity,3.1254860078013356,"{""projection"": [[1.0]]}"
square,x^2,4.0,-3.0,20865480,3,0.05,4096,1,1,variance_matched,4.941509482429193,"{""direction"": [1.0]}"
square,x^2,4.0,-3.0,20865480,3,0.05,4096,1,1,identity,3.1720158614964546,"{""projection"": [[1.0]]}"
square,x^2,4.0,-3.0,20865497,4,0.05,4096,1,1,variance_matched,4.940491509344049,"{""direction"": [1.0]}"
square,x^2,4.0,-3.0,20865497,4,0.05,4096,1,1,identity,3.143655731979166,"{""projection"": [[1.0]]}"
square,x^2,4.0,-3.0,20865514,5,0.05,4096,1,1,variance_matched,4.924187980375912,"{""direction"": [1.0]}"
square,x^2,4.0,-3.0,20865514,5,0.05,4096,1,1,identity,3.154880770383784,"{""projection"": [[1.0]]}"
square,x^2,4.0,-3.0,20865531,6,0.05,4096,1,1,variance_matched,4.946503849126792,"{""direction"": [1.0]}"
square,x^2,4.0,-3.0,20865531,6,0.05,4096,1,1,identity,3.1491921465151314,"{""projection"": [[1.0]]}"
square,x^2,4.0,-3.0,20865548,7,0.05,4096,1,1,variance_matched,4.9320414293817425,"{""direction"": [1.0]}"
square,x^2,4.0,-3.0,20865548,7,0.05,4096,1,1,identity,3.1286368486858236,"{""projection"": [[1.0]]}"
square,x^2,4.0,-3.0,20865565,8,0.05,4096,1,1,variance_matched,4.93688996750843,"{""direction"": [1.0]}"
square,x^2,4.0,-3.0,20865565,8,0.05,4096,1,1,identity,3.1348730608272666,"{""projection"": [[1.0]]}"
square,x^2,4.0,-3.0,20865582,9,0.05,4096,1,1,variance_matched,4.956375132516651,"{""direction"": [1.0]}"
square,x^2,4.0,-3.0,20865582,9,0.05,4096,1,1,identity,3.159527745856919,"{""projection"": [[1.0]]}"
square,x^2,4.0,-2.0,20866429,0,0.05,4096,1,1,variance_matched,4.5493532019223295,"{""direction"": [1.0]}"
square,x^2,4.0,-2.0,20866429,0,0.05,4096,1,1,identity,3.1442759756482905,"{""projection"": [[1.0]]}"
square,x^2,4.0,-2.0,20866446,1,0.05,4096,1,1,variance_matched,4.558867371629479,"{""direction"": [1.0]}"
square,x^2,4.0,-2.0,20866446,1,0.05,4096,1,1,identity,3.15805843762473,"{""projection"": [[1.0]]}"
square,x^2,4.0,-2.0,20866463,2,0.05,4096,1,1,variance_matched,4.5492240017987156,"{""direction"": [1.0]}"
square,x^2,4.0,-2.0,20866463,2,0.05,4096,1,1,identity,3.1188799725532355,"{""projection"": [[1.0]]}"
square,x^2,4.0,-2.0,20866480,3,0.05,4096,1,1,variance_matched,4.574929083131607,"{""direction"": [1.0]}"
square,x^2,4.0,-2.0,20866480,3,0.05,4096,1,1,identity,3.1615626021845897,"{""projection"": [[1.0]]}"
square,x^2,4.0,-2.0,20866497,4,0.05,4096,1,1,variance_matched,4.555418017719043,"{""direction"": [1.0]}"
square,x^2,4.0,-2.0,20866497,4,0.05,4096,1,1,identity,3.1055766167791905,"{""projection"": [[1.0]]}"
square,x^2,4.0,-2.0,20866514,5,0.05,4096,1,1,variance_matched,4.568632487943258,"{""direction"": [1.0]}"
square,x^2,4.0,-2.0,20866514,5,0.05,4096,1,1,identity,3.1252678699189893,"{""projection"": [[1.0]]}"
square,x^2,4.0,-2.0,20866531,6,0.05,4096,1,1,variance_matched,4.565058948906962,"{""direction"": [1.0]}"
square,x^2,4.0,-2.0,20866531,6,0.05,4096,1,1,identity,3.1315620173316305,"{""projection"": [[1.0]]}"
square,x^2,4.0,-2.0,20866548,7,0.05,4096,1,1,variance_matched,4.559454108240345,"{""direction"": [1.0]}"
square,x^2,4.0,-2.0,20866548,7,0.05,4096,1,1,identity,3.157277453086466,"{""projection"": [[1.0]]}"
square,x^2,4.0,-2.0,20866565,8,0.05,4096,1,1,variance_matched,4.574153337741603,"{""direction"": [1.0]}"
square,x^2,4.0,-2.0,20866565,8,0.05,4096,1,1,identity,3.1472849133557115,"{""projection"": [[1.0]]}"
square,x^2,4.0,-2.0,20866582,9,0.05,4096,1,1,variance_matched,4.538019856363086,"{""direction"": [1.0]}"
square,x^2,4.0,-2.0,20866582,9,0.05,4096,1,1,identity,3.123439356622345,"{""projection"": [[1.0]]}"
square,x^2,4.0,-1.0,20867429,0,0.05,4096,1,1,variance_matched,3.9613383651036447,"{""direction"": [1.0]}"
square,x^2,4.0,-1.0,20867429,0,0.05,4096,1,1,identity,3.1448990411537867,"{""projection"": [[1.0]]}"
square,x^2,4.0,-1.0,20867446,1,0.05,4096,1,1,variance_matched,3.9433010682303706,"{""direction"": [1.0]}"
square,x^2,4.0,-1.0,20867446,1,0.05,4096,1,1,identity,3.128702526205063,"{""projection"": [[1.0]]}"
square,x^2,4.0,-1.0,20867463,2,0.05,4096,1,1,variance_matched,3.951861817994736,"{""direction"": [1.0]}"
square,x^2,4.0,-1.0,20867463,2,0.05,4096,1,1,identity,3.1428967861693256,"{""projection"": [[1.0]]}"
square,x^2,4.0,-1.0,20867480,3,0.05,4096,1,1,variance_matched,3.957989168032282,"{""direction"": [1.0]}"
square,x^2,4.0,-1.0,20867480,3,0.05,4096,1,1,identity,3.122935500305518,"{""projection"": [[1.0]]}"
square,x^2,4.0,-1.0,20867497,4,0.05,4096,1,1,variance_matched,3.9355594685285853,"{""direction"": [1.0]}"
square,x^2,4.0,-1.0,20867497,4,0.05,4096,1,1,identity,3.1459866829373633,"{""projection"": [[1.0]]}"
square,x^2,4.0,-1.0,20867514,5,0.05,4096,1,1,variance_matched,3.937614351254693,"{""direction"": [1.0]}"
square,x^2,4.0,-1.0,20867514,5,0.05,4096,1,1,identity,3.1392608867880103,"{""projection"": [[1.0]]}"
square,x^2,4.0,-1.0,20867531,6,0.05,4096,1,1,variance_matched,3.919636760688757,"{""direction"": [1.0]}"
square,x^2,4.0,-1.0,20867531,6,0.05,4096,1,1,identity,3.155356158970272,"{""projection"": [[1.0]]}"
square,x^2,4.0,-1.0,20867548,7,0.05,4096,1,1,variance_matched,3.9212183200167967,"{""direction"": [1.0]}"
square,x^2,4.0,-1.0,20867548,7,0.05,4096,1,1,identity,3.148371904018933,"{""projection"": [[1.0]]}"
square,x^2,4.0,-1.0,20867565,8,0.05,4096,1,1,variance_matched,3.978654397320625,"{""direction"": [1.0]}"
square,x^2,4.0,-1.0,20867565,8,0.05,4096,1,1,identity,3.149243549088231,"{""projection"": [[1.0]]}"
square,x^2,4.0,-1.0,20867582,9,0.05,4096,1,1,variance_matched,3.9343306185269284,"{""direction"": [1.0]}"
square,x^2,4.0,-1.0,20867582,9,0.05,4096,1,1,identity,3.119738896075045,"{""projection"": [[1.0]]}"
square,x^2,4.0,0.0,20868429,0,0.05,4096,1,1,variance_matched,3.166938145773825,"{""direction"": [1.0]}"
square,x^2,4.0,0.0,20868429,0,0.05,4096,1,1,identity,3.140729417228817,"{""projection"": [[1.0]]}"
square,x^2,4.0,0.0,20868446,1,0.05,4096,1,1,variance_matched,3.193609210991883,"{""direction"": [1.0]}"
square,x^2,4.0,0.0,20868446,1,0.05,4096,1,1,identity,3.1367059407200912,"{""projection"": [[1.0]]}"
square,x^2,4.0,0.0,20868463,2,0.05,4096,1,1,variance_matched,3.1844533644753494,"{""direction"": [1.0]}"
square,x^2,4.0,0.0,20868463,2,0.05,4096,1,1,identity,3.134266713904092,"{""projection"": [[1.0]]}"
square,x^2,4.0,0.0,20868480,3,0.05,4096,1,1,variance_matched,3.1777595569696206,"{""direction"": [1.0]}"
square,x^2,4.0,0.0,20868480,3,0.05,4096,1,1,identity,3.1483948638104393,"{""projection"": [[1.0]]}"
square,x^2,4.0,0.0,20868497,4,0.05,4096,1,1,variance_matched,3.147011453792477,"{""direction"": [1.0]}"
square,x^2,4.0,0.0,20868497,4,0.05,4096,1,1,identity,3.158179890594486,"{""projection"": [[1.0]]}"
square,x^2,4.0,0.0,20868514,5,0.05,4096,1,1,variance_matched,3.1606875920446384,"{""direction"": [1.0]}"
square,x^2,4.0,0.0,20868514,5,0.05,4096,1,1,identity,3.1471016814878383,"{""projection"": [[1.0]]}"
square,x^2,4.0,0.0,20868531,6,0.05,4096,1,1,variance_matched,3.153706057147132,"{""direction"": [1.0]}"
square,x^2,4.0,0.0,20868531,6,0.05,4096,1,1,identity,3.120689353364532,"{""projection"": [[1.0]]}"
square,x^2,4.0,0.0,20868548,7,0.05,4096,1,1,variance_matched,3.1559231174892712,"{""direction"": [1.0]}"
square,x^2,4.0,0.0,20868548,7,0.05,4096,1,1,identity,3.12515204272344,"{""projection"": [[1.0]]}"
square,x^2,4.0,0.0,20868565,8,0.05,4096,1,1,variance_matched,3.17862043804792,"{""direction"": [1.0]}"
square,x^2,4.0,0.0,20868565,8,0.05,4096,1,1,identity,3.1304019171524264,"{""projection"": [[1.0]]}"
square,x^2,4.0,0.0,20868582,9,0.05,4096,1,1,variance_matched,3.1769418836767107,"{""direction"": [1.0]}"
square,x^2,4.0,0.0,20868582,9,0.05,4096,1,1,identity,3.1549179012986768,"{""projection"": [[1.0]]}"
square,x^2,4.0,1.0,20869429,0,0.05,4096,1,1,variance_matched,3.926982331308801,"{""direction"": [1.0]}"
square,x^2,4.0,1.0,20869429,0,0.05,4096,1,1,identity,3.1234162903004403,"{""projection"": [[1.0]]}"
square,x^2,4.0,1.0,20869446,1,0.05,4096,1,1,variance_matched,3.9429282614273884,"{""direction"": [1.0]}"
square,x^2,4.0,1.0,20869446,1,0.05,4096,1,1,identity,3.1296849010708874,"{""projection"": [[1.0]]}"
square,x^2,4.0,1.0,20869463,2,0.05,4096,1,1,variance_matched,3.957345084849271,"{""direction"": [1.0]}"
square,x^2,4.0,1.0,20869463,2,0.05,4096,1,1,identity,3.144396032886312,"{""projection"": [[1.0]]}"
square,x^2,4.0,1.0,20869480,3,0.05,4096,1,1,variance_matched,3.9582302508167815,"{""direction"": [1.0]}"
square,x^2,4.0,1.0,20869480,3,0.05,4096,1,1,identity,3.1340402350929377,"{""projection"": [[1.0]]}"
square,x^2,4.0,1.0,20869497,4,0.05,4096,1,1,variance_matched,3.924374245675794,"{""direction"": [1.0]}"
square,x^2,4.0,1.0,20869497,4,0.05,4096,1,1,identity,3.1468057283621453,"{""projection"": [[1.0]]}"
square,x^2,4.0,1.0,20869514,5,0.05,4096,1,1,variance_matched,3.9580667809726764,"{""direction"": [1.0]}"
square,x^2,4.0,1.0,20869514,5,0.05,4096,1,1,identity,3.147438867919698,"{""projection"": [[1.0]]}"
square,x^2,4.0,1.0,20869531,6,0.05,4096,1,1,variance_matched,3.9642749823528467,"{""direction"": [1.0]}"
square,x^2,4.0,1.0,20869531,6,0.05,4096,1,1,identity,3.123936491040027,"{""projection"": [[1.0]]}"
square,x^2,4.0,1.0,20869548,7,0.05,4096,1,1,variance_matched,3.941296999160466,"{""direction"": [1.0]}"
square,x^2,4.0,1.0,20869548,7,0.05,4096,1,1,identity,3.130397066658317,"{""projection"": [[1.0]]}"
square,x^2,4.0,1.0,20869565,8,0.05,4096,1,1,variance_matched,3.9525464271834765,"{""direction"": [1.0]}"
square,x^2,4.0,1.0,20869565,8,0.05,4096,1,1,identity,3.141186378717941,"{""projection"": [[1.0]]}"
square,x^2,4.0,1.0,20869582,9,0.05,4096,1,1,variance_matched,3.969268265863521,"{""direction"": [1.0]}"
square,x^2,4.0,1.0,20869582,9,0.05,4096,1,1,identity,3.144253851284326,"{""projection"": [[1.0]]}"
square,x^2,4.0,2.0,20870429,0,0.05,4096,1,1,variance_matched,4.554376651670827,"{""direction"": [1.0]}"
square,x^2,4.0,2.0,20870429,0,0.05,4096,1,1,identity,3.123393505511117,"{""projection"": [[1.0]]}"
square,x^2,4.0,2.0,20870446,1,0.05,4096,1,1,variance_matched,4.5664573947689515,"{""direction"": [1.0]}"
square,x^2,4.0,2.0,20870446,1,0.05,4096,1,1,identity,3.1455415867209524,"{""projection"": [[1.0]]}"
square,x^2,4.0,2.0,20870463,2,0.05,4096,1,1,variance_matched,4.565655784154222,"{""direction"": [1.0]}"
square,x^2,4.0,2.0,20870463,2,0.05,4096,1,1,identity,3.1289453577208737,"{""projection"": [[1.0]]}"
square,x^2,4.0,2.0,20870480,3,0.05,4096,1,1,variance_matched,4.5750339287591295,"{""direction"": [1.0]}"
square,x^2,4.0,2.0,20870480,3,0.05,4096,1,1,identity,3.154595670565514,"{""projection"": [[1.0]]}"
square,x^2,4.0,2.0,20870497,4,0.05,4096,1,1,variance_matched,4.557428819031272,"{""direction"": [1.0]}"
square,x^2,4.0,2.0,20870497,4,0.05,4096,1,1,identity,3.1261549546583485,"{""projection"": [[1.0]]}"
square,x^2,4.0,2.0,20870514,5,0.05,4096,1,1,variance_matched,4.5815471262556295,"{""direction"": [1.0]}"
square,x^2,4.0,2.0,20870514,5,0.05,4096,1,1,identity,3.155013666342891,"{""projection"": [[1.0]]}"
square,x^2,4.0,2.0,20870531,6,0.05,4096,1,1,variance_matched,4.554781930608609,"{""direction"": [1.0]}"
square,x^2,4.0,2.0,20870531,6,0.05,4096,1,1,identity,3.1514221903025623,"{""projection"": [[1.0]]}"
square,x^2,4.0,2.0,20870548,7,0.05,4096,1,1,variance_matched,4.5820942427925555,"{""direction"": [1.0]}"
square,x^2,4.0,2.0,20870548,7,0.05,4096,1,1,identity,3.1323444131466767,"{""projection"": [[1.0]]}"
square,x^2,4.0,2.0,20870565,8,0.05,4096,1,1,variance_matched,4.568820083333215,"{""direction"": [1.0]}"
square,x^2,4.0,2.0,20870565,8,0.05,4096,1,1,identity,3.153367693581156,"{""projection"": [[1.0]]}"
square,x^2,4.0,2.0,20870582,9,0.05,4096,1,1,variance_matched,4.558475758133064,"{""direction"": [1.0]}"
square,x^2,4.0,2.0,20870582,9,0.05,4096,1,1,identity,3.156008711249948,"{""projection"": [[1.0]]}"
square,x^2,4.0,3.0,20871429,0,0.05,4096,1,1,variance_matched,4.954067453285981,"{""direction"": [1.0]}"
square,x^2,4.0,3.0,20871429,0,0.05,4096,1,1,identity,3.1426908718299087,"{""projection"": [[1.0]]}"
square,x^2,4.0,3.0,20871446,1,0.05,4096,1,1,variance_matched,4.9505020649354705,"{""direction"": [1.0]}"
square,x^2,4.0,3.0,20871446,1,0.05,4096,1,1,identity,3.142819528219076,"{""projection"": [[1.0]]}"
square,x^2,4.0,3.0,20871463,2,0.05,4096,1,1,variance_matched,4.921078443258905,"{""direction"": [1.0]}"
square,x^2,4.0,3.0,20871463,2,0.05,4096,1,1,identity,3.133232815127542,"{""projection"": [[1.0]]}"
square,x^2,4.0,3.0,20871480,3,0.05,4096,1,1,variance_matched,4.925629897659945,"{""direction"": [1.0]}"
square,x^2,4.0,3.0,20871480,3,0.05,4096,1,1,identity,3.135730941825188,"{""projection"": [[1.0]]}"
square,x^2,4.0,3.0,20871497,4,0.05,4096,1,1,variance_matched,4.942364274978652,"{""direction"": [1.0]}"
square,x^2,4.0,3.0,20871497,4,0.05,4096,1,1,identity,3.1285777077666195,"{""projection"": [[1.0]]}"
square,x^2,4.0,3.0,20871514,5,0.05,4096,1,1,variance_matched,4.945935526467852,"{""direction"": [1.0]}"
square,x^2,4.0,3.0,20871514,5,0.05,4096,1,1,identity,3.1455794816020566,"{""projection"": [[1.0]]}"
square,x^2,4.0,3.0,20871531,6,0.05,4096,1,1,variance_matched,4.935216730810711,"{""direction"": [1.0]}"
square,x^2,4.0,3.0,20871531,6,0.05,4096,1,1,identity,3.140641104249528,"{""projection"": [[1.0]]}"
square,x^2,4.0,3.0,20871548,7,0.05,4096,1,1,variance_matched,4.93606125199247,"{""direction"": [1.0]}"
square,x^2,4.0,3.0,20871548,7,0.05,4096,1,1,identity,3.138148068775518,"{""projection"": [[1.0]]}"
square,x^2,4.0,3.0,20871565,8,0.05,4096,1,1,variance_matched,4.93846676021893,"{""direction"": [1.0]}"
square,x^2,4.0,3.0,20871565,8,0.05,4096,1,1,identity,3.1224837072521954,"{""projection"": [[1.0]]}"
square,x^2,4.0,3.0,20871582,9,0.05,4096,1,1,variance_matched,4.960429309977959,"{""direction"": [1.0]}"
square,x^2,4.0,3.0,20871582,9,0.05,4096,1,1,identity,3.1484167053117513,"{""projection"": [[1.0]]}"
square,x^2,4.0,4.0,20872429,0,0.05,4096,1,1,variance_matched,5.221763828674863,"{""direction"": [1.0]}"
square,x^2,4.0,4.0,20872429,0,0.05,4096,1,1,identity,3.1485524459535803,"{""projection"": [[1.0]]}"
square,x^2,4.0,4.0,20872446,1,0.05,4096,1,1,variance_matched,5.2282193562492605,"{""direction"": [1.0]}"
square,x^2,4.0,4.0,20872446,1,0.05,4096,1,1,identity,3.155560720936256,"{""projection"": [[1.0]]}"
square,x^2,4.0,4.0,20872463,2,0.05,4096,1,1,variance_matched,5.219985973856566,"{""direction"": [1.0]}"
square,x^2,4.0,4.0,20872463,2,0.05,4096,1,1,identity,3.116993961053851,"{""projection"": [[1.0]]}"
square,x^2,4.0,4.0,20872480,3,0.05,4096,1,1,variance_matched,5.23017636590639,"{""direction"": [1.0]}"
square,x^2,4.0,4.0,20872480,3,0.05,4096,1,1,identity,3.155861315444991,"{""projection"": [[1.0]]}"
square,x^2,4.0,4.0,20872497,4,0.05,4096,1,1,variance_matched,5.228319243069571,"{""direction"": [1.0]}"
square,x^2,4.0,4.0,20872497,4,0.05,4096,1,1,identity,3.154288460060836,"{""projection"": [[1.0]]}"
square,x^2,4.0,4.0,20872514,5,0.05,4096,1,1,variance_matched,5.214693728534444,"{""direction"": [1.0]}"
square,x^2,4.0,4.0,20872514,5,0.05,4096,1,1,identity,3.1587455323318157,"{""projection"": [[1.0]]}"
square,x^2,4.0,4.0,20872531,6,0.05,4096,1,1,variance_matched,5.238389716203958,"{""direction"": [1.0]}"
square,x^2,4.0,4.0,20872531,6,0.05,4096,1,1,identity,3.1409692797648496,"{""projection"": [[1.0]]}"
square,x^2,4.0,4.0,20872548,7,0.05,4096,1,1,variance_matched,5.245899800116145,"{""direction"": [1.0]}"
square,x^2,4.0,4.0,20872548,7,0.05,4096,1,1,identity,3.1425907757992206,"{""projection"": [[1.0]]}"
square,x^2,4.0,4.0,20872565,8,0.05,4096,1,1,variance_matched,5.246951727508481,"{""direction"": [1.0]}"
square,x^2,4.0,4.0,20872565,8,0.05,4096,1,1,identity,3.132331675969362,"{""projection"": [[1.0]]}"
square,x^2,4.0,4.0,20872582,9,0.05,4096,1,1,variance_matched,5.221789107773844,"{""direction"": [1.0]}"
square,x^2,4.0,4.0,20872582,9,0.05,4096,1,1,identity,3.1488316474837434,"{""projection"": [[1.0]]}"
square,x^2,4.0,5.0,20873429,0,0.05,4096,1,1,variance_matched,5.435300441212635,"{""direction"": [1.0]}"
square,x^2,4.0,5.0,20873429,0,0.05,4096,1,1,identity,3.1504145450207046,"{""projection"": [[1.0]]}"
square,x^2,4.0,5.0,20873446,1,0.05,4096,1,1,variance_matched,5.438765058486,"{""direction"": [1.0]}"
square,x^2,4.0,5.0,20873446,1,0.05,4096,1,1,identity,3.1184021231208385,"{""projection"": [[1.0]]}"
square,x^2,4.0,5.0,20873463,2,0.05,4096,1,1,variance_matched,5.421944125516021,"{""direction"": [1.0]}"
square,x^2,4.0,5.0,20873463,2,0.05,4096,1,1,identity,3.1268149362146307,"{""projection"": [[1.0]]}"
square,x^2,4.0,5.0,20873480,3,0.05,4096,1,1,variance_matched,5.453173280286108,"{""direction"": [1.0]}"
square,x^2,4.0,5.0,20873480,3,0.05,4096,1,1,identity,3.1405270464602992,"{""projection"": [[1.0]]}"
square,x^2,4.0,5.0,20873497,4,0.05,4096,1,1,variance_matched,5.41465581680869,"{""direction"": [1.0]}"
square,x^2,4.0,5.0,20873497,4,0.05,4096,1,1,identity,3.1439908845149938,"{""projection"": [[1.0]]}"
square,x^2,4.0,5.0,20873514,5,0.05,4096,1,1,variance_matched,5.463341777541729,"{""direction"": [1.0]}"
square,x^2,4.0,5.0,20873514,5,0.05,4096,1,1,identity,3.158407137814336,"{""projection"": [[1.0]]}"
square,x^2,4.0,5.0,20873531,6,0.05,4096,1,1,variance_matched,5.459141547155185,"{""direction"": [1.0]}"
square,x^2,4.0,5.0,20873531,6,0.05,4096,1,1,identity,3.1459137740297662,"{""projection"": [[1.0]]}"
square,x^2,4.0,5.0,20873548,7,0.05,4096,1,1,variance_matched,5.445449232745502,"{""direction"": [1.0]}"
square,x^2,4.0,5.0,20873548,7,0.05,4096,1,1,identity,3.1664007916275443,"{""projection"": [[1.0]]}"
square,x^2,4.0,5.0,20873565,8,0.05,4096,1,1,variance_matched,5.462225441704522,"{""direction"": [1.0]}"
square,x^2,4.0,5.0,20873565,8,0.05,4096,1,1,identity,3.1463411685953444,"{""projection"": [[1.0]]}"
square,x^2,4.0,5.0,20873582,9,0.05,4096,1,1,variance_matched,5.458063095655891,"{""direction"": [1.0]}"
square,x^2,4.0,5.0,20873582,9,0.05,4096,1,1,identity,3.1427099104254226,"{""projection"": [[1.0]]}"
square,x^2,4.0,6.0,20874429,0,0.05,4096,1,1,variance_matched,5.638917597492447,"{""direction"": [1.0]}"
square,x^2,4.0,6.0,20874429,0,0.05,4096,1,1,identity,3.1542878958781744,"{""projection"": [[1.0]]}"
square,x^2,4.0,6.0,20874446,1,0.05,4096,1,1,variance_matched,5.616816941234954,"{""direction"": [1.0]}"
square,x^2,4.0,6.0,20874446,1,0.05,4096,1,1,identity,3.124426317841286,"{""projection"": [[1.0]]}"
square,x^2,4.0,6.0,20874463,2,0.05,4096,1,1,variance_matched,5.637081350772714,"{""direction"": [1.0]}"
square,x^2,4.0,6.0,20874463,2,0.05,4096,1,1,identity,3.1413785601861965,"{""projection"": [[1.0]]}"
square,x^2,4.0,6.0,20874480,3,0.05,4096,1,1,variance_matched,5.610225732331129,"{""direction"": [1.0]}"
square,x^2,4.0,6.0,20874480,3,0.05,4096,1,1,identity,3.1324195432599957,"{""projection"": [[1.0]]}"
square,x^2,4.0,6.0,20874497,4,0.05,4096,1,1,variance_matched,5.635626199577196,"{""direction"": [1.0]}"
square,x^2,4.0,6.0,20874497,4,0.05,4096,1,1,identity,3.18186615374899,"{""projection"": [[1.0]]}"
square,x^2,4.0,6.0,20874514,5,0.05,4096,1,1,variance_matched,5.633806762190908,"{""direction"": [1.0]}"
square,x^2,4.0,6.0,20874514,5,0.05,4096,1,1,identity,3.15391317356488,"{""projection"": [[1.0]]}"
square,x^2,4.0,6.0,20874531,6,0.05,4096,1,1,variance_matched,5.6374637553620115,"{""direction"": [1.0]}"
square,x^2,4.0,6.0,20874531,6,0.05,4096,1,1,identity,3.141280594680879,"{""projection"": [[1.0]]}"
square,x^2,4.0,6.0,20874548,7,0.05,4096,1,1,variance_matched,5.650602432719728,"{""direction"": [1.0]}"
square,x^2,4.0,6.0,20874548,7,0.05,4096,1,1,identity,3.14585495258657,"{""projection"": [[1.0]]}"
square,x^2,4.0,6.0,20874565,8,0.05,4096,1,1,variance_matched,5.631819961098679,"{""direction"": [1.0]}"
square,x^2,4.0,6.0,20874565,8,0.05,4096,1,1,identity,3.142695673766413,"{""projection"": [[1.0]]}"
square,x^2,4.0,6.0,20874582,9,0.05,4096,1,1,variance_matched,5.643717768662707,"{""direction"": [1.0]}"
square,x^2,4.0,6.0,20874582,9,0.05,4096,1,1,identity,3.138866468997324,"{""projection"": [[1.0]]}"
square,x^2,4.0,7.0,20875429,0,0.05,4096,1,1,variance_matched,5.767480100422494,"{""direction"": [1.0]}"
square,x^2,4.0,7.0,20875429,0,0.05,4096,1,1,identity,3.117562086896857,"{""projection"": [[1.0]]}"
square,x^2,4.0,7.0,20875446,1,0.05,4096,1,1,variance_matched,5.775173915871452,"{""direction"": [1.0]}"
square,x^2,4.0,7.0,20875446,1,0.05,4096,1,1,identity,3.139220900591221,"{""projection"": [[1.0]]}"
square,x^2,4.0,7.0,20875463,2,0.05,4096,1,1,variance_matched,5.756893476062345,"{""direction"": [1.0]}"
square,x^2,4.0,7.0,20875463,2,0.05,4096,1,1,identity,3.125151887769276,"{""projection"": [[1.0]]}"
square,x^2,4.0,7.0,20875480,3,0.05,4096,1,1,variance_matched,5.784171998197343,"{""direction"": [1.0]}"
square,x^2,4.0,7.0,20875480,3,0.05,4096,1,1,identity,3.155550495629047,"{""projection"": [[1.0]]}"
square,x^2,4.0,7.0,20875497,4,0.05,4096,1,1,variance_matched,5.795946277068572,"{""direction"": [1.0]}"
square,x^2,4.0,7.0,20875497,4,0.05,4096,1,1,identity,3.138856123214316,"{""projection"": [[1.0]]}"
square,x^2,4.0,7.0,20875514,5,0.05,4096,1,1,variance_matched,5.793755097000869,"{""direction"": [1.0]}"
square,x^2,4.0,7.0,20875514,5,0.05,4096,1,1,identity,3.137376457295129,"{""projection"": [[1.0]]}"
square,x^2,4.0,7.0,20875531,6,0.05,4096,1,1,variance_matched,5.7830016473266985,"{""direction"": [1.0]}"
square,x^2,4.0,7.0,20875531,6,0.05,4096,1,1,identity,3.145576795932169,"{""projection"": [[1.0]]}"
square,x^2,4.0,7.0,20875548,7,0.05,4096,1,1,variance_matched,5.784359777070547,"{""direction"": [1.0]}"
square,x^2,4.0,7.0,20875548,7,0.05,4096,1,1,identity,3.1295619260496714,"{""projection"": [[1.0]]}"
square,x^2,4.0,7.0,20875565,8,0.05,4096,1,1,variance_matched,5.77701711851665,"{""direction"": [1.0]}"
square,x^2,4.0,7.0,20875565,8,0.05,4096,1,1,identity,3.1282102229892588,"{""projection"": [[1.0]]}"
square,x^2,4.0,7.0,20875582,9,0.05,4096,1,1,variance_matched,5.775781998446937,"{""direction"": [1.0]}"
square,x^2,4.0,7.0,20875582,9,0.05,4096,1,1,identity,3.153728977977748,"{""projection"": [[1.0]]}"
square,x^2,4.0,8.0,20876429,0,0.05,4096,1,1,variance_matched,5.920609322146411,"{""direction"": [1.0]}"
square,x^2,4.0,8.0,20876429,0,0.05,4096,1,1,identity,3.1303540898804876,"{""projection"": [[1.0]]}"
square,x^2,4.0,8.0,20876446,1,0.05,4096,1,1,variance_matched,5.912080072689885,"{""direction"": [1.0]}"
square,x^2,4.0,8.0,20876446,1,0.05,4096,1,1,identity,3.139642046187528,"{""projection"": [[1.0]]}"
square,x^2,4.0,8.0,20876463,2,0.05,4096,1,1,variance_matched,5.913700815702042,"{""direction"": [1.0]}"
square,x^2,4.0,8.0,20876463,2,0.05,4096,1,1,identity,3.140016191553042,"{""projection"": [[1.0]]}"
square,x^2,4.0,8.0,20876480,3,0.05,4096,1,1,variance_matched,5.926208648864378,"{""direction"": [1.0]}"
square,x^2,4.0,8.0,20876480,3,0.05,4096,1,1,identity,3.1508955853089127,"{""projection"": [[1.0]]}"
square,x^2,4.0,8.0,20876497,4,0.05,4096,1,1,variance_matched,5.924941132210065,"{""direction"": [1.0]}"
square,x^2,4.0,8.0,20876497,4,0.05,4096,1,1,identity,3.138027456132647,"{""projection"": [[1.0]]}"
square,x^2,4.0,8.0,20876514,5,0.05,4096,1,1,variance_matched,5.909779087143417,"{""direction"": [1.0]}"
square,x^2,4.0,8.0,20876514,5,0.05,4096,1,1,identity,3.1366948820471503,"{""projection"": [[1.0]]}"
square,x^2,4.0,8.0,20876531,6,0.05,4096,1,1,variance_matched,5.9151231594811255,"{""direction"": [1.0]}"
square,x^2,4.0,8.0,20876531,6,0.05,4096,1,1,identity,3.1321147287381614,"{""projection"": [[1.0]]}"
square,x^2,4.0,8.0,20876548,7,0.05,4096,1,1,variance_matched,5.918205620982831,"{""direction"": [1.0]}"
square,x^2,4.0,8.0,20876548,7,0.05,4096,1,1,identity,3.1260646462280604,"{""projection"": [[1.0]]}"
square,x^2,4.0,8.0,20876565,8,0.05,4096,1,1,variance_matched,5.914641014943984,"{""direction"": [1.0]}"
square,x^2,4.0,8.0,20876565,8,0.05,4096,1,1,identity,3.1280583722175246,"{""projection"": [[1.0]]}"
square,x^2,4.0,8.0,20876582,9,0.05,4096,1,1,variance_matched,5.899310579400165,"{""direction"": [1.0]}"
square,x^2,4.0,8.0,20876582,9,0.05,4096,1,1,identity,3.1382508169111754,"{""projection"": [[1.0]]}"
sine,sin(x),4.0,-8.0,20960429,0,0.05,4096,1,1,variance_matched,2.2238338160512807,"{""direction"": [1.0]}"
sine,sin(x),4.0,-8.0,20960429,0,0.05,4096,1,1,identity,3.1479336328731726,"{""projection"": [[1.0]]}"
sine,sin(x),4.0,-8.0,20960446,1,0.05,4096,1,1,variance_matched,2.2316572549923945,"{""direction"": [1.0]}"
sine,sin(x),4.0,-8.0,20960446,1,0.05,4096,1,1,identity,3.14885723057707,"{""projection"": [[1.0]]}"
sine,sin(x),4.0,-8.0,20960463,2,0.05,4096,1,1,variance_matched,2.228527258295401,"{""direction"": [1.0]}"
sine,sin(x),4.0,-8.0,20960463,2,0.05,4096,1,1,identity,3.1388466788601113,"{""projection"": [[1.0]]}"
sine,sin(x),4.0,-8.0,20960480,3,0.05,4096,1,1,variance_matched,2.2355247091463895,"{""direction"": [1.0]}"
sine,sin(x),4.0,-8.0,20960480,3,0.05,4096,1,1,identity,3.1802167898619027,"{""projection"": [[1.0]]}"
sine,sin(x),4.0,-8.0,20960497,4,0.05,4096,1,1,variance_matched,2.234788364445517,"{""direction"": [1.0]}"
sine,sin(x),4.0,-8.0,20960497,4,0.05,4096,1,1,identity,3.1349745499401367,"{""projection"": [[1.0]]}"
sine,sin(x),4.0,-8.0,20960514,5,0.05,4096,1,1,variance_matched,2.218156149761375,"{""direction"": [1.0]}"
sine,sin(x),4.0,-8.0,20960514,5,0.05,4096,1,1,identity,3.150046949929974,"{""projection"": [[1.0]]}"
sine,sin(x),4.0,-8.0,20960531,6,0.05,4096,1,1,variance_matched,2.208629781080732,"{""direction"": [1.0]}"
sine,sin(x),4.0,-8.0,20960531,6,0.05,4096,1,1,identity,3.101281871708747,"{""projection"": [[1.0]]}"
sine,sin(x),4.0,-8.0,20960548,7,0.05,4096,1,1,variance_matched,2.2249481810495144,"{""direction"": [1.0]}"
sine,sin(x),4.0,-8.0,20960548,7,0.05,4096,1,1,identity,3.1370297212241924,"{""projection"": [[1.0]]}"
sine,sin(x),4.0,-8.0,20960565,8,0.05,4096,1,1,variance_matched,2.2125024202159524,"{""direction"": [1.0]}"
sine,sin(x),4.0,-8.0,20960565,8,0.05,4096,1,1,identity,3.135855543707659,"{""projection"": [[1.0]]}"
sine,sin(x),4.0,-8.0,20960582,9,0.05,4096,1,1,variance_matched,2.210265247972226,"{""direction"": [1.0]}"
sine,sin(x),4.0,-8.0,20960582,9,0.05,4096,1,1,identity,3.134954391565281,"{""projection"": [[1.0]]}"
sine,sin(x),4.0,-7.0,20961429,0,0.05,4096,1,1,variance_matched,2.559203900283383,"{""direction"": [1.0]}"
sine,sin(x),4.0,-7.0,20961429,0,0.05,4096,1,1,identity,3.1582801670020317,"{""projection"": [[1.0]]}"
sine,sin(x),4.0,-7.0,20961446,1,0.05,4096,1,1,variance_matched,2.5733013127993867,"{""direction"": [1.0]}"
sine,sin(x),4.0,-7.0,20961446,1,0.05,4096,1,1,identity,3.1366301265517196,"{""projection"": [[1.0]]}"
sine,sin(x),4.0,-7.0,20961463,2,0.05,4096,1,1,variance_matched,2.5557811007525855,"{""direction"": [1.0]}"
sine,sin(x),4.0,-7.0,20961463,2,0.05,4096,1,1,identity,3.163036913079179,"{""projection"": [[1.0]]}"
sine,sin(x),4.0,-7.0,20961480,3,0.05,4096,1,1,variance_matched,2.5804098987490836,"{""direction"": [1.0]}"
sine,sin(x),4.0,-7.0,20961480,3,0.05,4096,1,1,identity,3.129746250282648,"{""projection"": [[1.0]]}"
sine,sin(x),4.0,-7.0,20961497,4,0.05,4096,1,1,variance_matched,2.5775276015854827,"{""direction"": [1.0]}"
sine,sin(x),4.0,-7.0,20961497,4,0.05,4096,1,1,identity,3.1445244154958325,"{""projection"": [[1.0]]}"
sine,sin(x),4.0,-7.0,20961514,5,0.05,4096,1,1,variance_matched,2.5500524076996927,"{""direction"": [1.0]}"
sine,sin(x),4.0,-7.0,20961514,5,0.05,4096,1,1,identity,3.1645048475737734,"{""projection"": [[1.0]]}"
sine,sin(x),4.0,-7.0,20961531,6,0.05,4096,1,1,variance_matched,2.5547263284454043,"{""direction"": [1.0]}"
sine,sin(x),4.0,-7.0,20961531,6,0.05,4096,1,1,identity,3.1378318414017325,"{""projection"": [[1.0]]}"
sine,sin(x),4.0,-7.0,20961548,7,0.05,4096,1,1,variance_matched,2.579127521308257,"{""direction"": [1.0]}"
sine,sin(x),4.0,-7.0,20961548,7,0.05,4096,1,1,identity,3.144974123770286,"{""projection"": [[1.0]]}"
sine,sin(x),4.0,-7.0,20961565,8,0.05,4096,1,1,variance_matched,2.550795914973416,"{""direction"": [1.0]}"
sine,sin(x),4.0,-7.0,20961565,8,0.05,4096,1,1,identity,3.160924926099702,"{""projection"": [[1.0]]}"
sine,sin(x),4.0,-7.0,20961582,9,0.05,4096,1,1,variance_matched,2.5812201372226955,"{""direction"": [1.0]}"
sine,sin(x),4.0,-7.0,20961582,9,0.05,4096,1,1,identity,3.1463789178941255,"{""projection"": [[1.0]]}"
sine,sin(x),4.0,-6.0,20962429,0,0.05,4096,1,1,variance_matched,2.6956264143043476,"{""direction"": [1.0]}"
sine,sin(x),4.0,-6.0,20962429,0,0.05,4096,1,1,identity,3.142943197130399,"{""projection"": [[1.0]]}"
sine,sin(x),4.0,-6.0,20962446,1,0.05,4096,1,1,variance_matched,2.7000914513865766,"{""direction"": [1.0]}"
sine,sin(x),4.0,-6.0,20962446,1,0.05,4096,1,1,identity,3.143231414977683,"{""projection"": [[1.0]]}"
sine,sin(x),4.0,-6.0,20962463,2,0.05,4096,1,1,variance_matched,2.71139153291821,"{""direction"": [1.0]}"
sine,sin(x),4.0,-6.0,20962463,2,0.05,4096,1,1,identity,3.136884825064152,"{""projection"": [[1.0]]}"
sine,sin(x),4.0,-6.0,20962480,3,0.05,4096,1,1,variance_matched,2.7137523236677543,"{""direction"": [1.0]}"
sine,sin(x),4.0,-6.0,20962480,3,0.05,4096,1,1,identity,3.1282770816603658,"{""projection"": [[1.0]]}"
sine,sin(x),4.0,-6.0,20962497,4,0.05,4096,1,1,variance_matched,2.7015124277044538,"{""direction"": [1.0]}"
sine,sin(x),4.0,-6.0,20962497,4,0.05,4096,1,1,identity,3.1407422201839266,"{""projection"": [[1.0]]}"
sine,sin(x),4.0,-6.0,20962514,5,0.05,4096,1,1,variance_matched,2.7187900313214097,"{""direction"": [1.0]}"
sine,sin(x),4.0,-6.0,20962514,5,0.05,4096,1,1,identity,3.118165968541486,"{""projection"": [[1.0]]}"
sine,sin(x),4.0,-6.0,20962531,6,0.05,4096,1,1,variance_matched,2.7174175445700204,"{""direction"": [1.0]}"
sine,sin(x),4.0,-6.0,20962531,6,0.05,4096,1,1,identity,3.173152561454483,"{""projection"": [[1.0]]}"
sine,sin(x),4.0,-6.0,20962548,7,0.05,4096,1,1,variance_matched,2.7194035990256724,"{""direction"": [1.0]}"
sine,sin(x),4.0,-6.0,20962548,7,0.05,4096,1,1,identity,3.1692391757725162,"{""projection"": [[1.0]]}"
sine,sin(x),4.0,-6.0,20962565,8,0.05,4096,1,1,variance_matched,2.704861589489445,"{""direction"": [1.0]}"
sine,sin(x),4.0,-6.0,20962565,8,0.05,4096,1,1,identity,3.134839108061291,"{""projection"": [[1.0]]}"
sine,sin(x),4.0,-6.0,20962582,9,0.05,4096,1,1,variance_matched,2.7088215782551983,"{""direction"": [1.0]}"
sine,sin(x),4.0,-6.0,20962582,9,0.05,4096,1,1,identity,3.1377686954239974,"{""projection"": [[1.0]]}"
sine,sin(x),4.0,-5.0,20963429,0,0.05,4096,1,1,variance_matched,2.262245165758819,"{""direction"": [1.0]}"
sine,sin(x),4.0,-5.0,20963429,0,0.05,4096,1,1,identity,3.1452659236432563,"{""projection"": [[1.0]]}"
sine,sin(x),4.0,-5.0,20963446,1,0.05,4096,1,1,variance_matched,2.2564675711280024,"{""direction"": [1.0]}"
sine,sin(x),4.0,-5.0,20963446,1,0.05,4096,1,1,identity,3.159851563285615,"{""projection"": [[1.0]]}"
sine,sin(x),4.0,-5.0,20963463,2,0.05,4096,1,1,variance_matched,2.2712130129815193,"{""direction"": [1.0]}"
sine,sin(x),4.0,-5.0,20963463,2,0.05,4096,1,1,identity,3.127788866154426,"{""projection"": [[1.0]]}"
sine,sin(x),4.0,-5.0,20963480,3,0.05,4096,1,1,variance_matched,2.2447896994789547,"{""direction"": [1.0]}"
sine,sin(x),4.0,-5.0,20963480,3,0.05,4096,1,1,identity,3.1356865475102804,"{""projection"": [[1.0]]}"
sine,sin(x),4.0,-5.0,20963497,4,0.05,4096,1,1,variance_matched,2.2819021675491715,"{""direction"": [1.0]}"
sine,sin(x),4.0,-5.0,20963497,4,0.05,4096,1,1,identity,3.126090815430496,"{""projection"": [[1.0]]}"
sine,sin(x),4.0,-5.0,20963514,5,0.05,4096,1,1,variance_matched,2.2669154918407193,"{""direction"": [1.0]}"
sine,sin(x),4.0,-5.0,20963514,5,0.05,4096,1,1,identity,3.1302343972485662,"{""projection"": [[1.0]]}"
sine,sin(x),4.0,-5.0,20963531,6,0.05,4096,1,1,variance_matched,2.2777960738896184,"{""direction"": [1.0]}"
sine,sin(x),4.0,-5.0,20963531,6,0.05,4096,1,1,identity,3.123386100904879,"{""projection"": [[1.0]]}"
sine,sin(x),4.0,-5.0,20963548,7,0.05,4096,1,1,variance_matched,2.2792895022317494,"{""direction"": [1.0]}"
sine,sin(x),4.0,-5.0,20963548,7,0.05,4096,1,1,identity,3.147823841758983,"{""projection"": [[1.0]]}"
sine,sin(x),4.0,-5.0,20963565,8,0.05,4096,1,1,variance_matched,2.249742467249864,"{""direction"": [1.0]}"
sine,sin(x),4.0,-5.0,20963565,8,0.05,4096,1,1,identity,3.1545805999027214,"{""projection"": [[1.0]]}"
sine,sin(x),4.0,-5.0,20963582,9,0.05,4096,1,1,variance_matched,2.2873564994297846,"{""direction"": [1.0]}"
sine,sin(x),4.0,-5.0,20963582,9,0.05,4096,1,1,identity,3.1577414456443327,"{""projection"": [[1.0]]}"
sine,sin(x),4.0,-4.0,20964429,0,0.05,4096,1,1,variance_matched,2.5055401706700176,"{""direction"": [1.0]}"
sine,sin(x),4.0,-4.0,20964429,0,0.05,4096,1,1,identity,3.1616220639377532,"{""projection"": [[1.0]]}"
sine,sin(x),4.0,-4.0,20964446,1,0.05,4096,1,1,variance_matched,2.4969588508372498,"{""direction"": [1.0]}"
sine,sin(x),4.0,-4.0,20964446,1,0.05,4096,1,1,identity,3.1431812716229586,"{""projection"": [[1.0]]}"
sine,sin(x),4.0,-4.0,20964463,2,0.05,4096,1,1,variance_matched,2.48574135726574,"{""direction"": [1.0]}"
sine,sin(x),4.0,-4.0,20964463,2,0.05,4096,1,1,identity,3.1537883599991474,"{""projection"": [[1.0]]}"
sine,sin(x),4.0,-4.0,20964480,3,0.05,4096,1,1,variance_matched,2.488452797705073,"{""direction"": [1.0]}"
sine,sin(x),4.0,-4.0,20964480,3,0.05,4096,1,1,identity,3.123152919205194,"{""projection"": [[1.0]]}"
sine,sin(x),4.0,-4.0,20964497,4,0.05,4096,1,1,variance_matched,2.503926392129458,"{""direction"": [1.0]}"
sine,sin(x),4.0,-4.0,20964497,4,0.05,4096,1,1,identity,3.1382945031123057,"{""projection"": [[1.0]]}"
sine,sin(x),4.0,-4.0,20964514,5,0.05,4096,1,1,variance_matched,2.5196100224741667,"{""direction"": [1.0]}"
sine,sin(x),4.0,-4.0,20964514,5,0.05,4096,1,1,identity,3.1292277623948426,"{""projection"": [[1.0]]}"
sine,sin(x),4.0,-4.0,20964531,6,0.05,4096,1,1,variance_matched,2.496177825658828,"{""direction"": [1.0]}"
sine,sin(x),4.0,-4.0,20964531,6,0.05,4096,1,1,identity,3.1441643850346543,"{""projection"": [[1.0]]}"
sine,sin(x),4.0,-4.0,20964548,7,0.05,4096,1,1,variance_matched,2.4971484341749184,"{""direction"": [1.0]}"
sine,sin(x),4.0,-4.0,20964548,7,0.05,4096,1,1,identity,3.139990810087025,"{""projection"": [[1.0]]}"
sine,sin(x),4.0,-4.0,20964565,8,0.05,4096,1,1,variance_matched,2.496635572791905,"{""direction"": [1.0]}"
sine,sin(x),4.0,-4.0,20964565,8,0.05,4096,1,1,identity,3.151888224192614,"{""projection"": [[1.0]]}"
sine,sin(x),4.0,-4.0,20964582,9,0.05,4096,1,1,variance_matched,2.5004427578293233,"{""direction"": [1.0]}"
sine,sin(x),4.0,-4.0,20964582,9,0.05,4096,1,1,identity,3.1516596731096143,"{""projection"": [[1.0]]}"
sine,sin(x),4.0,-3.0,20965429,0,0.05,4096,1,1,variance_matched,2.739698432741771,"{""direction"": [1.0]}"
sine,sin(x),4.0,-3.0,20965429,0,0.05,4096,1,1,identity,3.143704698643469,"{""projection"": [[1.0]]}"
sine,sin(x),4.0,-3.0,20965446,1,0.05,4096,1,1,variance_matched,2.7344293919405334,"{""direction"": [1.0]}"
sine,sin(x),4.0,-3.0,20965446,1,0.05,4096,1,1,identity,3.1177195331280636,"{""projection"": [[1.0]]}"
sine,sin(x),4.0,-3.0,20965463,2,0.05,4096,1,1,variance_matched,2.746121429214906,"{""direction"": [1.0]}"
sine,sin(x),4.0,-3.0,20965463,2,0.05,4096,1,1,identity,3.1535000053828437,"{""projection"": [[1.0]]}"
sine,sin(x),4.0,-3.0,20965480,3,0.05,4096,1,1,variance_matched,2.734880286904004,"{""direction"": [1.0]}"
sine,sin(x),4.0,-3.0,20965480,3,0.05,4096,1,1,identity,3.1471721457591197,"{""projection"": [[1.0]]}"
sine,sin(x),4.0,-3.0,20965497,4,0.05,4096,1,1,variance_matched,2.732860774134208,"{""direction"": [1.0]}"
sine,sin(x),4.0,-3.0,20965497,4,0.05,4096,1,1,identity,3.1485529843059217,"{""projection"": [[1.0]]}"
sine,sin(x),4.0,-3.0,20965514,5,0.05,4096,1,1,variance_matched,2.707746973307673,"{""direction"": [1.0]}"
sine,sin(x),4.0,-3.0,20965514,5,0.05,4096,1,1,identity,3.120706101503245,"{""projection"": [[1.0]]}"
sine,sin(x),4.0,-3.0,20965531,6,0.05,4096,1,1,variance_matched,2.745230471739634,"{""direction"": [1.0]}"
sine,sin(x),4.0,-3.0,20965531,6,0.05,4096,1,1,identity,3.151136429978826,"{""projection"": [[1.0]]}"
sine,sin(x),4.0,-3.0,20965548,7,0.05,4096,1,1,variance_matched,2.74542169727786,"{""direction"": [1.0]}"
sine,sin(x),4.0,-3.0,20965548,7,0.05,4096,1,1,identity,3.137479482252859,"{""projection"": [[1.0]]}"
sine,sin(x),4.0,-3.0,20965565,8,0.05,4096,1,1,variance_matched,2.7271189856167766,"{""direction"": [1.0]}"
sine,sin(x),4.0,-3.0,20965565,8,0.05,4096,1,1,identity,3.13199469868837,"{""projection"": [[1.0]]}"
sine,sin(x),4.0,-3.0,20965582,9,0.05,4096,1,1,variance_matched,2.725099210142755,"{""direction"": [1.0]}"
sine,sin(x),4.0,-3.0,20965582,9,0.05,4096,1,1,identity,3.1376489730730883,"{""projection"": [[1.0]]}"
sine,sin(x),4.0,-2.0,20966429,0,0.05,4096,1,1,variance_matched,2.319492565874513,"{""direction"": [1.0]}"
sine,sin(x),4.0,-2.0,20966429,0,0.05,4096,1,1,identity,3.1188318438461446,"{""projection"": [[1.0]]}"
sine,sin(x),4.0,-2.0,20966446,1,0.05,4096,1,1,variance_matched,2.345488508681877,"{""direction"": [1.0]}"
sine,sin(x),4.0,-2.0,20966446,1,0.05,4096,1,1,identity,3.1281314814139165,"{""projection"": [[1.0]]}"
sine,sin(x),4.0,-2.0,20966463,2,0.05,4096,1,1,variance_matched,2.3202755268153705,"{""direction"": [1.0]}"
sine,sin(x),4.0,-2.0,20966463,2,0.05,4096,1,1,identity,3.1486895925479645,"{""projection"": [[1.0]]}"
sine,sin(x),4.0,-2.0,20966480,3,0.05,4096,1,1,variance_matched,2.346020972681331,"{""direction"": [1.0]}"
sine,sin(x),4.0,-2.0,20966480,3,0.05,4096,1,1,identity,3.134620986113014,"{""projection"": [[1.0]]}"
sine,sin(x),4.0,-2.0,20966497,4,0.05,4096,1,1,variance_matched,2.3548503576826985,"{""direction"": [1.0]}"
sine,sin(x),4.0,-2.0,20966497,4,0.05,4096,1,1,identity,3.13591083536656,"{""projection"": [[1.0]]}"
sine,sin(x),4.0,-2.0,20966514,5,0.05,4096,1,1,variance_matched,2.3495562079583934,"{""direction"": [1.0]}"
sine,sin(x),4.0,-2.0,20966514,5,0.05,4096,1,1,identity,3.1422688379099184,"{""projection"": [[1.0]]}"
sine,sin(x),4.0,-2.0,20966531,6,0.05,4096,1,1,variance_matched,2.3482419766381435,"{""direction"": [1.0]}"
sine,sin(x),4.0,-2.0,20966531,6,0.05,4096,1,1,identity,3.149646100391024,"{""projection"": [[1.0]]}"
sine,sin(x),4.0,-2.0,20966548,7,0.05,4096,1,1,variance_matched,2.3338433694158347,"{""direction"": [1.0]}"
sine,sin(x),4.0,-2.0,20966548,7,0.05,4096,1,1,identity,3.1334908495302938,"{""projection"": [[1.0]]}"
sine,sin(x),4.0,-2.0,20966565,8,0.05,4096,1,1,variance_matched,2.3587392724228695,"{""direction"": [1.0]}"
sine,sin(x),4.0,-2.0,20966565,8,0.05,4096,1,1,identity,3.142220605219184,"{""projection"": [[1.0]]}"
sine,sin(x),4.0,-2.0,20966582,9,0.05,4096,1,1,variance_matched,2.3420305725709114,"{""direction"": [1.0]}"
sine,sin(x),4.0,-2.0,20966582,9,0.05,4096,1,1,identity,3.1438653540060124,"{""projection"": [[1.0]]}"
sine,sin(x),4.0,-1.0,20967429,0,0.05,4096,1,1,variance_matched,2.420335027537635,"{""direction"": [1.0]}"
sine,sin(x),4.0,-1.0,20967429,0,0.05,4096,1,1,identity,3.176880689857535,"{""projection"": [[1.0]]}"
sine,sin(x),4.0,-1.0,20967446,1,0.05,4096,1,1,variance_matched,2.431236751290344,"{""direction"": [1.0]}"
sine,sin(x),4.0,-1.0,20967446,1,0.05,4096,1,1,identity,3.1484318033548826,"{""projection"": [[1.0]]}"
sine,sin(x),4.0,-1.0,20967463,2,0.05,4096,1,1,variance_matched,2.429756676759869,"{""direction"": [1.0]}"
sine,sin(x),4.0,-1.0,20967463,2,0.05,4096,1,1,identity,3.1312274695484152,"{""projection"": [[1.0]]}"
sine,sin(x),4.0,-1.0,20967480,3,0.05,4096,1,1,variance_matched,2.3962820027483835,"{""direction"": [1.0]}"
sine,sin(x),4.0,-1.0,20967480,3,0.05,4096,1,1,identity,3.161249392181908,"{""projection"": [[1.0]]}"
sine,sin(x),4.0,-1.0,20967497,4,0.05,4096,1,1,variance_matched,2.419433698735341,"{""direction"": [1.0]}"
sine,sin(x),4.0,-1.0,20967497,4,0.05,4096,1,1,identity,3.152724495012241,"{""projection"": [[1.0]]}"
sine,sin(x),4.0,-1.0,20967514,5,0.05,4096,1,1,variance_matched,2.4234198545631678,"{""direction"": [1.0]}"
sine,sin(x),4.0,-1.0,20967514,5,0.05,4096,1,1,identity,3.1366641840679605,"{""projection"": [[1.0]]}"
sine,sin(x),4.0,-1.0,20967531,6,0.05,4096,1,1,variance_matched,2.4056759409347315,"{""direction"": [1.0]}"
sine,sin(x),4.0,-1.0,20967531,6,0.05,4096,1,1,identity,3.1428544044572986,"{""projection"": [[1.0]]}"
sine,sin(x),4.0,-1.0,20967548,7,0.05,4096,1,1,variance_matched,2.3870717948852973,"{""direction"": [1.0]}"
sine,sin(x),4.0,-1.0,20967548,7,0.05,4096,1,1,identity,3.130026240411613,"{""projection"": [[1.0]]}"
sine,sin(x),4.0,-1.0,20967565,8,0.05,4096,1,1,variance_matched,2.420436319052543,"{""direction"": [1.0]}"
sine,sin(x),4.0,-1.0,20967565,8,0.05,4096,1,1,identity,3.1367885854979143,"{""projection"": [[1.0]]}"
sine,sin(x),4.0,-1.0,20967582,9,0.05,4096,1,1,variance_matched,2.428229365844424,"{""direction"": [1.0]}"
sine,sin(x),4.0,-1.0,20967582,9,0.05,4096,1,1,identity,3.1413078284455267,"{""projection"": [[1.0]]}"
sine,sin(x),4.0,0.0,20968429,0,0.05,4096,1,1,variance_matched,2.7174392900404776,"{""direction"": [1.0]}"
sine,sin(x),4.0,0.0,20968429,0,0.05,4096,1,1,identity,3.137800972841957,"{""projection"": [[1.0]]}"
sine,sin(x),4.0,0.0,20968446,1,0.05,4096,1,1,variance_matched,2.738018802233018,"{""direction"": [1.0]}"
sine,sin(x),4.0,0.0,20968446,1,0.05,4096,1,1,identity,3.1540431916602603,"{""projection"": [[1.0]]}"
sine,sin(x),4.0,0.0,20968463,2,0.05,4096,1,1,variance_matched,2.7440594815969366,"{""direction"": [1.0]}"
sine,sin(x),4.0,0.0,20968463,2,0.05,4096,1,1,identity,3.1622308804817,"{""projection"": [[1.0]]}"
sine,sin(x),4.0,0.0,20968480,3,0.05,4096,1,1,variance_matched,2.725186133370829,"{""direction"": [1.0]}"
sine,sin(x),4.0,0.0,20968480,3,0.05,4096,1,1,identity,3.1484113155700917,"{""projection"": [[1.0]]}"
sine,sin(x),4.0,0.0,20968497,4,0.05,4096,1,1,variance_matched,2.7370493886158527,"{""direction"": [1.0]}"
sine,sin(x),4.0,0.0,20968497,4,0.05,4096,1,1,identity,3.164500263733057,"{""projection"": [[1.0]]}"
sine,sin(x),4.0,0.0,20968514,5,0.05,4096,1,1,variance_matched,2.719757060968395,"{""direction"": [1.0]}"
sine,sin(x),4.0,0.0,20968514,5,0.05,4096,1,1,identity,3.1488513644737472,"{""projection"": [[1.0]]}"
sine,sin(x),4.0,0.0,20968531,6,0.05,4096,1,1,variance_matched,2.7614828215028444,"{""direction"": [1.0]}"
sine,sin(x),4.0,0.0,20968531,6,0.05,4096,1,1,identity,3.1485990381826623,"{""projection"": [[1.0]]}"
sine,sin(x),4.0,0.0,20968548,7,0.05,4096,1,1,variance_matched,2.7378124464203095,"{""direction"": [1.0]}"
sine,sin(x),4.0,0.0,20968548,7,0.05,4096,1,1,identity,3.1436992498213847,"{""projection"": [[1.0]]}"
sine,sin(x),4.0,0.0,20968565,8,0.05,4096,1,1,variance_matched,2.745732745741501,"{""direction"": [1.0]}"
sine,sin(x),4.0,0.0,20968565,8,0.05,4096,1,1,identity,3.117991148256927,"{""projection"": [[1.0]]}"
sine,sin(x),4.0,0.0,20968582,9,0.05,4096,1,1,variance_matched,2.73042547451724,"{""direction"": [1.0]}"
sine,sin(x),4.0,0.0,20968582,9,0.05,4096,1,1,identity,3.138842805563657,"{""projection"": [[1.0]]}"
sine,sin(x),4.0,1.0,20969429,0,0.05,4096,1,1,variance_matched,2.4546616714404594,"{""direction"": [1.0]}"
sine,sin(x),4.0,1.0,20969429,0,0.05,4096,1,1,identity,3.134237203462657,"{""projection"": [[1.0]]}"
sine,sin(x),4.0,1.0,20969446,1,0.05,4096,1,1,variance_matched,2.4117400300510305,"{""direction"": [1.0]}"
sine,sin(x),4.0,1.0,20969446,1,0.05,4096,1,1,identity,3.1545845502630216,"{""projection"": [[1.0]]}"
sine,sin(x),4.0,1.0,20969463,2,0.05,4096,1,1,variance_matched,2.4075623313509933,"{""direction"": [1.0]}"
sine,sin(x),4.0,1.0,20969463,2,0.05,4096,1,1,identity,3.138108652218202,"{""projection"": [[1.0]]}"
sine,sin(x),4.0,1.0,20969480,3,0.05,4096,1,1,variance_matched,2.4330528176787514,"{""direction"": [1.0]}"
sine,sin(x),4.0,1.0,20969480,3,0.05,4096,1,1,identity,3.134862640294914,"{""projection"": [[1.0]]}"
sine,sin(x),4.0,1.0,20969497,4,0.05,4096,1,1,variance_matched,2.3953390496723412,"{""direction"": [1.0]}"
sine,sin(x),4.0,1.0,20969497,4,0.05,4096,1,1,identity,3.129501551485345,"{""projection"": [[1.0]]}"
sine,sin(x),4.0,1.0,20969514,5,0.05,4096,1,1,variance_matched,2.4097772070254178,"{""direction"": [1.0]}"
sine,sin(x),4.0,1.0,20969514,5,0.05,4096,1,1,identity,3.1187927378252396,"{""projection"": [[1.0]]}"
sine,sin(x),4.0,1.0,20969531,6,0.05,4096,1,1,variance_matched,2.4233824849920835,"{""direction"": [1.0]}"
sine,sin(x),4.0,1.0,20969531,6,0.05,4096,1,1,identity,3.1417182444702814,"{""projection"": [[1.0]]}"
sine,sin(x),4.0,1.0,20969548,7,0.05,4096,1,1,variance_matched,2.4235272606339446,"{""direction"": [1.0]}"
sine,sin(x),4.0,1.0,20969548,7,0.05,4096,1,1,identity,3.133314831457873,"{""projection"": [[1.0]]}"
sine,sin(x),4.0,1.0,20969565,8,0.05,4096,1,1,variance_matched,2.416862939783659,"{""direction"": [1.0]}"
sine,sin(x),4.0,1.0,20969565,8,0.05,4096,1,1,identity,3.1653724338883316,"{""projection"": [[1.0]]}"
sine,sin(x),4.0,1.0,20969582,9,0.05,4096,1,1,variance_matched,2.421879878317987,"{""direction"": [1.0]}"
sine,sin(x),4.0,1.0,20969582,9,0.05,4096,1,1,identity,3.1532207390736042,"{""projection"": [[1.0]]}"
sine,sin(x),4.0,2.0,20970429,0,0.05,4096,1,1,variance_matched,2.35011673224715,"{""direction"": [1.0]}"
sine,sin(x),4.0,2.0,20970429,0,0.05,4096,1,1,identity,3.145004147311765,"{""projection"": [[1.0]]}"
sine,sin(x),4.0,2.0,20970446,1,0.05,4096,1,1,variance_matched,2.3245306056869715,"{""direction"": [1.0]}"
sine,sin(x),4.0,2.0,20970446,1,0.05,4096,1,1,identity,3.135750464172845,"{""projection"": [[1.0]]}"
sine,sin(x),4.0,2.0,20970463,2,0.05,4096,1,1,variance_matched,2.305180840596581,"{""direction"": [1.0]}"
sine,sin(x),4.0,2.0,20970463,2,0.05,4096,1,1,identity,3.174498431744446,"{""projection"": [[1.0]]}"
sine,sin(x),4.0,2.0,20970480,3,0.05,4096,1,1,variance_matched,2.3522099673157273,"{""direction"": [1.0]}"
sine,sin(x),4.0,2.0,20970480,3,0.05,4096,1,1,identity,3.139073656962937,"{""projection"": [[1.0]]}"
sine,sin(x),4.0,2.0,20970497,4,0.05,4096,1,1,variance_matched,2.3233075498859668,"{""direction"": [1.0]}"
sine,sin(x),4.0,2.0,20970497,4,0.05,4096,1,1,identity,3.112244747137435,"{""projection"": [[1.0]]}"
sine,sin(x),4.0,2.0,20970514,5,0.05,4096,1,1,variance_matched,2.3699639204107363,"{""direction"": [1.0]}"
sine,sin(x),4.0,2.0,20970514,5,0.05,4096,1,1,identity,3.131610485762413,"{""projection"": [[1.0]]}"
sine,sin(x),4.0,2.0,20970531,6,0.05,4096,1,1,variance_matched,2.3541817680597164,"{""direction"": [1.0]}"
sine,sin(x),4.0,2.0,20970531,6,0.05,4096,1,1,identity,3.122064324756588,"{""projection"": [[1.0]]}"
sine,sin(x),4.0,2.0,20970548,7,0.05,4096,1,1,variance_matched,2.3174046109947826,"{""direction"": [1.0]}"
sine,sin(x),4.0,2.0,20970548,7,0.05,4096,1,1,identity,3.127222833646327,"{""projection"": [[1.0]]}"
sine,sin(x),4.0,2.0,20970565,8,0.05,4096,1,1,variance_matched,2.3544534949966316,"{""direction"": [1.0]}"
sine,sin(x),4.0,2.0,20970565,8,0.05,4096,1,1,identity,3.155931319182884,"{""projection"": [[1.0]]}"
sine,sin(x),4.0,2.0,20970582,9,0.05,4096,1,1,variance_matched,2.3234552013744167,"{""direction"": [1.0]}"
sine,sin(x),4.0,2.0,20970582,9,0.05,4096,1,1,identity,3.15126383999535,"{""projection"": [[1.0]]}"
sine,sin(x),4.0,3.0,20971429,0,0.05,4096,1,1,variance_matched,2.729084211619474,"{""direction"": [1.0]}"
sine,sin(x),4.0,3.0,20971429,0,0.05,4096,1,1,identity,3.1423398637182935,"{""projection"": [[1.0]]}"
sine,sin(x),4.0,3.0,20971446,1,0.05,4096,1,1,variance_matched,2.7326211314962325,"{""direction"": [1.0]}"
sine,sin(x),4.0,3.0,20971446,1,0.05,4096,1,1,identity,3.1399783557136822,"{""projection"": [[1.0]]}"
sine,sin(x),4.0,3.0,20971463,2,0.05,4096,1,1,variance_matched,2.724280205821185,"{""direction"": [1.0]}"
sine,sin(x),4.0,3.0,20971463,2,0.05,4096,1,1,identity,3.147093251499369,"{""projection"": [[1.0]]}"
sine,sin(x),4.0,3.0,20971480,3,0.05,4096,1,1,variance_matched,2.738783909438883,"{""direction"": [1.0]}"
sine,sin(x),4.0,3.0,20971480,3,0.05,4096,1,1,identity,3.1514490930810664,"{""projection"": [[1.0]]}"
sine,sin(x),4.0,3.0,20971497,4,0.05,4096,1,1,variance_matched,2.710123908175082,"{""direction"": [1.0]}"
sine,sin(x),4.0,3.0,20971497,4,0.05,4096,1,1,identity,3.1304346041140017,"{""projection"": [[1.0]]}"
sine,sin(x),4.0,3.0,20971514,5,0.05,4096,1,1,variance_matched,2.7262706998512956,"{""direction"": [1.0]}"
sine,sin(x),4.0,3.0,20971514,5,0.05,4096,1,1,identity,3.1370751109559807,"{""projection"": [[1.0]]}"
sine,sin(x),4.0,3.0,20971531,6,0.05,4096,1,1,variance_matched,2.7425596426121155,"{""direction"": [1.0]}"
sine,sin(x),4.0,3.0,20971531,6,0.05,4096,1,1,identity,3.1492538876343428,"{""projection"": [[1.0]]}"
sine,sin(x),4.0,3.0,20971548,7,0.05,4096,1,1,variance_matched,2.731392013309024,"{""direction"": [1.0]}"
sine,sin(x),4.0,3.0,20971548,7,0.05,4096,1,1,identity,3.117273409754686,"{""projection"": [[1.0]]}"
sine,sin(x),4.0,3.0,20971565,8,0.05,4096,1,1,variance_matched,2.7291665769481837,"{""direction"": [1.0]}"
sine,sin(x),4.0,3.0,20971565,8,0.05,4096,1,1,identity,3.1096722234019514,"{""projection"": [[1.0]]}"
sine,sin(x),4.0,3.0,20971582,9,0.05,4096,1,1,variance_matched,2.73151651827593,"{""direction"": [1.0]}"
sine,sin(x),4.0,3.0,20971582,9,0.05,4096,1,1,identity,3.1545305652245155,"{""projection"": [[1.0]]}"
sine,sin(x),4.0,4.0,20972429,0,0.05,4096,1,1,variance_matched,2.5116616906842295,"{""direction"": [1.0]}"
sine,sin(x),4.0,4.0,20972429,0,0.05,4096,1,1,identity,3.169977231547696,"{""projection"": [[1.0]]}"
sine,sin(x),4.0,4.0,20972446,1,0.05,4096,1,1,variance_matched,2.490846278090884,"{""direction"": [1.0]}"
sine,sin(x),4.0,4.0,20972446,1,0.05,4096,1,1,identity,3.1187087679685606,"{""projection"": [[1.0]]}"
sine,sin(x),4.0,4.0,20972463,2,0.05,4096,1,1,variance_matched,2.4957706781950644,"{""direction"": [1.0]}"
sine,sin(x),4.0,4.0,20972463,2,0.05,4096,1,1,identity,3.132410243442497,"{""projection"": [[1.0]]}"
sine,sin(x),4.0,4.0,20972480,3,0.05,4096,1,1,variance_matched,2.512733003558802,"{""direction"": [1.0]}"
sine,sin(x),4.0,4.0,20972480,3,0.05,4096,1,1,identity,3.1674848642986566,"{""projection"": [[1.0]]}"
sine,sin(x),4.0,4.0,20972497,4,0.05,4096,1,1,variance_matched,2.491790076347123,"{""direction"": [1.0]}"
sine,sin(x),4.0,4.0,20972497,4,0.05,4096,1,1,identity,3.139357201491803,"{""projection"": [[1.0]]}"
sine,sin(x),4.0,4.0,20972514,5,0.05,4096,1,1,variance_matched,2.5043991611781733,"{""direction"": [1.0]}"
sine,sin(x),4.0,4.0,20972514,5,0.05,4096,1,1,identity,3.129603464656288,"{""projection"": [[1.0]]}"
sine,sin(x),4.0,4.0,20972531,6,0.05,4096,1,1,variance_matched,2.513148708686183,"{""direction"": [1.0]}"
sine,sin(x),4.0,4.0,20972531,6,0.05,4096,1,1,identity,3.1457233513257687,"{""projection"": [[1.0]]}"
sine,sin(x),4.0,4.0,20972548,7,0.05,4096,1,1,variance_matched,2.5034719173624005,"{""direction"": [1.0]}"
sine,sin(x),4.0,4.0,20972548,7,0.05,4096,1,1,identity,3.1313175472043726,"{""projection"": [[1.0]]}"
sine,sin(x),4.0,4.0,20972565,8,0.05,4096,1,1,variance_matched,2.4940172004494268,"{""direction"": [1.0]}"
sine,sin(x),4.0,4.0,20972565,8,0.05,4096,1,1,identity,3.12274405960659,"{""projection"": [[1.0]]}"
sine,sin(x),4.0,4.0,20972582,9,0.05,4096,1,1,variance_matched,2.4916907049502353,"{""direction"": [1.0]}"
sine,sin(x),4.0,4.0,20972582,9,0.05,4096,1,1,identity,3.1620777807341742,"{""projection"": [[1.0]]}"
sine,sin(x),4.0,5.0,20973429,0,0.05,4096,1,1,variance_matched,2.2766079916073543,"{""direction"": [1.0]}"
sine,sin(x),4.0,5.0,20973429,0,0.05,4096,1,1,identity,3.1530681469033697,"{""projection"": [[1.0]]}"
sine,sin(x),4.0,5.0,20973446,1,0.05,4096,1,1,variance_matched,2.266850619885573,"{""direction"": [1.0]}"
sine,sin(x),4.0,5.0,20973446,1,0.05,4096,1,1,identity,3.143175105078303,"{""projection"": [[1.0]]}"
sine,sin(x),4.0,5.0,20973463,2,0.05,4096,1,1,variance_matched,2.253991057035865,"{""direction"": [1.0]}"
sine,sin(x),4.0,5.0,20973463,2,0.05,4096,1,1,identity,3.1082132000474534,"{""projection"": [[1.0]]}"
sine,sin(x),4.0,5.0,20973480,3,0.05,4096,1,1,variance_matched,2.268871426278425,"{""direction"": [1.0]}"
sine,sin(x),4.0,5.0,20973480,3,0.05,4096,1,1,identity,3.1425247719537452,"{""projection"": [[1.0]]}"
sine,sin(x),4.0,5.0,20973497,4,0.05,4096,1,1,variance_matched,2.280671036129432,"{""direction"": [1.0]}"
sine,sin(x),4.0,5.0,20973497,4,0.05,4096,1,1,identity,3.1836928946016827,"{""projection"": [[1.0]]}"
sine,sin(x),4.0,5.0,20973514,5,0.05,4096,1,1,variance_matched,2.2847291552584585,"{""direction"": [1.0]}"
sine,sin(x),4.0,5.0,20973514,5,0.05,4096,1,1,identity,3.118570798832962,"{""projection"": [[1.0]]}"
sine,sin(x),4.0,5.0,20973531,6,0.05,4096,1,1,variance_matched,2.277638317362144,"{""direction"": [1.0]}"
sine,sin(x),4.0,5.0,20973531,6,0.05,4096,1,1,identity,3.184315183297832,"{""projection"": [[1.0]]}"
sine,sin(x),4.0,5.0,20973548,7,0.05,4096,1,1,variance_matched,2.260137190561803,"{""direction"": [1.0]}"
sine,sin(x),4.0,5.0,20973548,7,0.05,4096,1,1,identity,3.1389992154337487,"{""projection"": [[1.0]]}"
sine,sin(x),4.0,5.0,20973565,8,0.05,4096,1,1,variance_matched,2.2582916001446587,"{""direction"": [1.0]}"
sine,sin(x),4.0,5.0,20973565,8,0.05,4096,1,1,identity,3.1404482288022177,"{""projection"": [[1.0]]}"
sine,sin(x),4.0,5.0,20973582,9,0.05,4096,1,1,variance_matched,2.252611746432904,"{""direction"": [1.0]}"
sine,sin(x),4.0,5.0,20973582,9,0.05,4096,1,1,identity,3.136612629307156,"{""projection"": [[1.0]]}"
sine,sin(x),4.0,6.0,20974429,0,0.05,4096,1,1,variance_matched,2.706560746590325,"{""direction"": [1.0]}"
sine,sin(x),4.0,6.0,20974429,0,0.05,4096,1,1,identity,3.1233184406013725,"{""projection"": [[1.0]]}"
sine,sin(x),4.0,6.0,20974446,1,0.05,4096,1,1,variance_matched,2.685335260072264,"{""direction"": [1.0]}"
sine,sin(x),4.0,6.0,20974446,1,0.05,4096,1,1,identity,3.1479578001111665,"{""projection"": [[1.0]]}"
sine,sin(x),4.0,6.0,20974463,2,0.05,4096,1,1,variance_matched,2.709948698452169,"{""direction"": [1.0]}"
sine,sin(x),4.0,6.0,20974463,2,0.05,4096,1,1,identity,3.1431526448338962,"{""projection"": [[1.0]]}"
sine,sin(x),4.0,6.0,20974480,3,0.05,4096,1,1,variance_matched,2.712176534669285,"{""direction"": [1.0]}"
sine,sin(x),4.0,6.0,20974480,3,0.05,4096,1,1,identity,3.123943664750449,"{""projection"": [[1.0]]}"
sine,sin(x),4.0,6.0,20974497,4,0.05,4096,1,1,variance_matched,2.705669114088745,"{""direction"": [1.0]}"
sine,sin(x),4.0,6.0,20974497,4,0.05,4096,1,1,identity,3.1461061082235533,"{""projection"": [[1.0]]}"
sine,sin(x),4.0,6.0,20974514,5,0.05,4096,1,1,variance_matched,2.725072951432747,"{""direction"": [1.0]}"
sine,sin(x),4.0,6.0,20974514,5,0.05,4096,1,1,identity,3.139771211451471,"{""projection"": [[1.0]]}"
sine,sin(x),4.0,6.0,20974531,6,0.05,4096,1,1,variance_matched,2.6962064370577696,"{""direction"": [1.0]}"
sine,sin(x),4.0,6.0,20974531,6,0.05,4096,1,1,identity,3.1324583505245203,"{""projection"": [[1.0]]}"
sine,sin(x),4.0,6.0,20974548,7,0.05,4096,1,1,variance_matched,2.710738978179569,"{""direction"": [1.0]}"
sine,sin(x),4.0,6.0,20974548,7,0.05,4096,1,1,identity,3.167072628137918,"{""projection"": [[1.0]]}"
sine,sin(x),4.0,6.0,20974565,8,0.05,4096,1,1,variance_matched,2.6890844348691294,"{""direction"": [1.0]}"
sine,sin(x),4.0,6.0,20974565,8,0.05,4096,1,1,identity,3.1270239112153337,"{""projection"": [[1.0]]}"
sine,sin(x),4.0,6.0,20974582,9,0.05,4096,1,1,variance_matched,2.710073316817643,"{""direction"": [1.0]}"
sine,sin(x),4.0,6.0,20974582,9,0.05,4096,1,1,identity,3.156331608908876,"{""projection"": [[1.0]]}"
sine,sin(x),4.0,7.0,20975429,0,0.05,4096,1,1,variance_matched,2.568407401328213,"{""direction"": [1.0]}"
sine,sin(x),4.0,7.0,20975429,0,0.05,4096,1,1,identity,3.1463104580446184,"{""projection"": [[1.0]]}"
sine,sin(x),4.0,7.0,20975446,1,0.05,4096,1,1,variance_matched,2.560065774525171,"{""direction"": [1.0]}"
sine,sin(x),4.0,7.0,20975446,1,0.05,4096,1,1,identity,3.148055922446713,"{""projection"": [[1.0]]}"
sine,sin(x),4.0,7.0,20975463,2,0.05,4096,1,1,variance_matched,2.5656412700297673,"{""direction"": [1.0]}"
sine,sin(x),4.0,7.0,20975463,2,0.05,4096,1,1,identity,3.139992480497698,"{""projection"": [[1.0]]}"
sine,sin(x),4.0,7.0,20975480,3,0.05,4096,1,1,variance_matched,2.5601688591480887,"{""direction"": [1.0]}"
sine,sin(x),4.0,7.0,20975480,3,0.05,4096,1,1,identity,3.128359275579519,"{""projection"": [[1.0]]}"
sine,sin(x),4.0,7.0,20975497,4,0.05,4096,1,1,variance_matched,2.5609054819730934,"{""direction"": [1.0]}"
sine,sin(x),4.0,7.0,20975497,4,0.05,4096,1,1,identity,3.1418615364561826,"{""projection"": [[1.0]]}"
sine,sin(x),4.0,7.0,20975514,5,0.05,4096,1,1,variance_matched,2.5524772976236965,"{""direction"": [1.0]}"
sine,sin(x),4.0,7.0,20975514,5,0.05,4096,1,1,identity,3.132131074036484,"{""projection"": [[1.0]]}"
sine,sin(x),4.0,7.0,20975531,6,0.05,4096,1,1,variance_matched,2.546770158805611,"{""direction"": [1.0]}"
sine,sin(x),4.0,7.0,20975531,6,0.05,4096,1,1,identity,3.132092318746298,"{""projection"": [[1.0]]}"
sine,sin(x),4.0,7.0,20975548,7,0.05,4096,1,1,variance_matched,2.556313757587616,"{""direction"": [1.0]}"
sine,sin(x),4.0,7.0,20975548,7,0.05,4096,1,1,identity,3.134172044115934,"{""projection"": [[1.0]]}"
sine,sin(x),4.0,7.0,20975565,8,0.05,4096,1,1,variance_matched,2.566404273698528,"{""direction"": [1.0]}"
sine,sin(x),4.0,7.0,20975565,8,0.05,4096,1,1,identity,3.144437651748013,"{""projection"": [[1.0]]}"
sine,sin(x),4.0,7.0,20975582,9,0.05,4096,1,1,variance_matched,2.584198048698377,"{""direction"": [1.0]}"
sine,sin(x),4.0,7.0,20975582,9,0.05,4096,1,1,identity,3.16555223180361,"{""projection"": [[1.0]]}"
sine,sin(x),4.0,8.0,20976429,0,0.05,4096,1,1,variance_matched,2.2073042791583575,"{""direction"": [1.0]}"
sine,sin(x),4.0,8.0,20976429,0,0.05,4096,1,1,identity,3.1331456669348263,"{""projection"": [[1.0]]}"
sine,sin(x),4.0,8.0,20976446,1,0.05,4096,1,1,variance_matched,2.202161474750781,"{""direction"": [1.0]}"
sine,sin(x),4.0,8.0,20976446,1,0.05,4096,1,1,identity,3.144658815059978,"{""projection"": [[1.0]]}"
sine,sin(x),4.0,8.0,20976463,2,0.05,4096,1,1,variance_matched,2.2186861682181576,"{""direction"": [1.0]}"
sine,sin(x),4.0,8.0,20976463,2,0.05,4096,1,1,identity,3.10406213563597,"{""projection"": [[1.0]]}"
sine,sin(x),4.0,8.0,20976480,3,0.05,4096,1,1,variance_matched,2.2115704920165236,"{""direction"": [1.0]}"
sine,sin(x),4.0,8.0,20976480,3,0.05,4096,1,1,identity,3.1418040674771386,"{""projection"": [[1.0]]}"
sine,sin(x),4.0,8.0,20976497,4,0.05,4096,1,1,variance_matched,2.2243490958533343,"{""direction"": [1.0]}"
sine,sin(x),4.0,8.0,20976497,4,0.05,4096,1,1,identity,3.1556857613627227,"{""projection"": [[1.0]]}"
sine,sin(x),4.0,8.0,20976514,5,0.05,4096,1,1,variance_matched,2.233903650245211,"{""direction"": [1.0]}"
sine,sin(x),4.0,8.0,20976514,5,0.05,4096,1,1,identity,3.169514639808439,"{""projection"": [[1.0]]}"
sine,sin(x),4.0,8.0,20976531,6,0.05,4096,1,1,variance_matched,2.2050048550689576,"{""direction"": [1.0]}"
sine,sin(x),4.0,8.0,20976531,6,0.05,4096,1,1,identity,3.1391200197777924,"{""projection"": [[1.0]]}"
sine,sin(x),4.0,8.0,20976548,7,0.05,4096,1,1,variance_matched,2.2337974073324243,"{""direction"": [1.0]}"
sine,sin(x),4.0,8.0,20976548,7,0.05,4096,1,1,identity,3.1513121524698686,"{""projection"": [[1.0]]}"
sine,sin(x),4.0,8.0,20976565,8,0.05,4096,1,1,variance_matched,2.2005062419760137,"{""direction"": [1.0]}"
sine,sin(x),4.0,8.0,20976565,8,0.05,4096,1,1,identity,3.17200668880052,"{""projection"": [[1.0]]}"
sine,sin(x),4.0,8.0,20976582,9,0.05,4096,1,1,variance_matched,2.213676168464314,"{""direction"": [1.0]}"
sine,sin(x),4.0,8.0,20976582,9,0.05,4096,1,1,identity,3.154195933623619,"{""projection"": [[1.0]]}"
exponential,exp(x),4.0,-8.0,21060429,0,0.05,4096,1,1,variance_matched,9.546271580739246e-05,"{""direction"": [1.0]}"
exponential,exp(x),4.0,-8.0,21060429,0,0.05,4096,1,1,identity,3.126956245406035,"{""projection"": [[1.0]]}"
exponential,exp(x),4.0,-8.0,21060446,1,0.05,4096,1,1,variance_matched,-0.00031258185503988263,"{""direction"": [1.0]}"
exponential,exp(x),4.0,-8.0,21060446,1,0.05,4096,1,1,identity,3.1603390113636878,"{""projection"": [[1.0]]}"
exponential,exp(x),4.0,-8.0,21060463,2,0.05,4096,1,1,variance_matched,0.00020644496465703314,"{""direction"": [1.0]}"
exponential,exp(x),4.0,-8.0,21060463,2,0.05,4096,1,1,identity,3.130569634692449,"{""projection"": [[1.0]]}"
exponential,exp(x),4.0,-8.0,21060480,3,0.05,4096,1,1,variance_matched,-5.042528076119586e-05,"{""direction"": [1.0]}"
exponential,exp(x),4.0,-8.0,21060480,3,0.05,4096,1,1,identity,3.136338924193722,"{""projection"": [[1.0]]}"
exponential,exp(x),4.0,-8.0,21060497,4,0.05,4096,1,1,variance_matched,0.00019163964104968644,"{""direction"": [1.0]}"
exponential,exp(x),4.0,-8.0,21060497,4,0.05,4096,1,1,identity,3.144601313374371,"{""projection"": [[1.0]]}"
exponential,exp(x),4.0,-8.0,21060514,5,0.05,4096,1,1,variance_matched,-0.00017651112793648174,"{""direction"": [1.0]}"
exponential,exp(x),4.0,-8.0,21060514,5,0.05,4096,1,1,identity,3.141850758752672,"{""projection"": [[1.0]]}"
exponential,exp(x),4.0,-8.0,21060531,6,0.05,4096,1,1,variance_matched,0.0004418708995821973,"{""direction"": [1.0]}"
exponential,exp(x),4.0,-8.0,21060531,6,0.05,4096,1,1,identity,3.15896565597533,"{""projection"": [[1.0]]}"
exponential,exp(x),4.0,-8.0,21060548,7,0.05,4096,1,1,variance_matched,-0.00020856641611649405,"{""direction"": [1.0]}"
exponential,exp(x),4.0,-8.0,21060548,7,0.05,4096,1,1,identity,3.1283093188018647,"{""projection"": [[1.0]]}"
exponential,exp(x),4.0,-8.0,21060565,8,0.05,4096,1,1,variance_matched,-3.317454773194483e-05,"{""direction"": [1.0]}"
exponential,exp(x),4.0,-8.0,21060565,8,0.05,4096,1,1,identity,3.138185627425809,"{""projection"": [[1.0]]}"
exponential,exp(x),4.0,-8.0,21060582,9,0.05,4096,1,1,variance_matched,-0.00020757688764910472,"{""direction"": [1.0]}"
exponential,exp(x),4.0,-8.0,21060582,9,0.05,4096,1,1,identity,3.1197637076786675,"{""projection"": [[1.0]]}"
exponential,exp(x),4.0,-7.0,21061429,0,0.05,4096,1,1,variance_matched,0.0008525021558732973,"{""direction"": [1.0]}"
exponential,exp(x),4.0,-7.0,21061429,0,0.05,4096,1,1,identity,3.145280447547968,"{""projection"": [[1.0]]}"
exponential,exp(x),4.0,-7.0,21061446,1,0.05,4096,1,1,variance_matched,0.0008733130545550713,"{""direction"": [1.0]}"
exponential,exp(x),4.0,-7.0,21061446,1,0.05,4096,1,1,identity,3.1390542286324417,"{""projection"": [[1.0]]}"
exponential,exp(x),4.0,-7.0,21061463,2,0.05,4096,1,1,variance_matched,0.0005345831652959024,"{""direction"": [1.0]}"
exponential,exp(x),4.0,-7.0,21061463,2,0.05,4096,1,1,identity,3.1431715751901956,"{""projection"": [[1.0]]}"
exponential,exp(x),4.0,-7.0,21061480,3,0.05,4096,1,1,variance_matched,-0.00012795919201988136,"{""direction"": [1.0]}"
exponential,exp(x),4.0,-7.0,21061480,3,0.05,4096,1,1,identity,3.1398732490923478,"{""projection"": [[1.0]]}"
exponential,exp(x),4.0,-7.0,21061497,4,0.05,4096,1,1,variance_matched,0.001728511836737795,"{""direction"": [1.0]}"
exponential,exp(x),4.0,-7.0,21061497,4,0.05,4096,1,1,identity,3.13962173870162,"{""projection"": [[1.0]]}"
exponential,exp(x),4.0,-7.0,21061514,5,0.05,4096,1,1,variance_matched,0.0016174211885591878,"{""direction"": [1.0]}"
exponential,exp(x),4.0,-7.0,21061514,5,0.05,4096,1,1,identity,3.1471481098409964,"{""projection"": [[1.0]]}"
exponential,exp(x),4.0,-7.0,21061531,6,0.05,4096,1,1,variance_matched,0.00014838318215886398,"{""direction"": [1.0]}"
exponential,exp(x),4.0,-7.0,21061531,6,0.05,4096,1,1,identity,3.1748431700277333,"{""projection"": [[1.0]]}"
exponential,exp(x),4.0,-7.0,21061548,7,0.05,4096,1,1,variance_matched,0.0023453442618824455,"{""direction"": [1.0]}"
exponential,exp(x),4.0,-7.0,21061548,7,0.05,4096,1,1,identity,3.1430464891795467,"{""projection"": [[1.0]]}"
exponential,exp(x),4.0,-7.0,21061565,8,0.05,4096,1,1,variance_matched,0.000601570273678455,"{""direction"": [1.0]}"
exponential,exp(x),4.0,-7.0,21061565,8,0.05,4096,1,1,identity,3.1543529389487888,"{""projection"": [[1.0]]}"
exponential,exp(x),4.0,-7.0,21061582,9,0.05,4096,1,1,variance_matched,-4.240035507199953e-05,"{""direction"": [1.0]}"
exponential,exp(x),4.0,-7.0,21061582,9,0.05,4096,1,1,identity,3.1240012613784858,"{""projection"": [[1.0]]}"
exponential,exp(x),4.0,-6.0,21062429,0,0.05,4096,1,1,variance_matched,0.0019524779082719828,"{""direction"": [1.0]}"
exponential,exp(x),4.0,-6.0,21062429,0,0.05,4096,1,1,identity,3.132402536382558,"{""projection"": [[1.0]]}"
exponential,exp(x),4.0,-6.0,21062446,1,0.05,4096,1,1,variance_matched,0.004513627218552002,"{""direction"": [1.0]}"
exponential,exp(x),4.0,-6.0,21062446,1,0.05,4096,1,1,identity,3.112728032287704,"{""projection"": [[1.0]]}"
exponential,exp(x),4.0,-6.0,21062463,2,0.05,4096,1,1,variance_matched,0.006537566263680595,"{""direction"": [1.0]}"
exponential,exp(x),4.0,-6.0,21062463,2,0.05,4096,1,1,identity,3.1380202852337624,"{""projection"": [[1.0]]}"
exponential,exp(x),4.0,-6.0,21062480,3,0.05,4096,1,1,variance_matched,0.0030503359968649378,"{""direction"": [1.0]}"
exponential,exp(x),4.0,-6.0,21062480,3,0.05,4096,1,1,identity,3.1332153492659245,"{""projection"": [[1.0]]}"
exponential,exp(x),4.0,-6.0,21062497,4,0.05,4096,1,1,variance_matched,0.004373204498715435,"{""direction"": [1.0]}"
exponential,exp(x),4.0,-6.0,21062497,4,0.05,4096,1,1,identity,3.1570494707673697,"{""projection"": [[1.0]]}"
exponential,exp(x),4.0,-6.0,21062514,5,0.05,4096,1,1,variance_matched,0.005401823512840405,"{""direction"": [1.0]}"
exponential,exp(x),4.0,-6.0,21062514,5,0.05,4096,1,1,identity,3.1486203008955425,"{""projection"": [[1.0]]}"
exponential,exp(x),4.0,-6.0,21062531,6,0.05,4096,1,1,variance_matched,0.007073113963770284,"{""direction"": [1.0]}"
exponential,exp(x),4.0,-6.0,21062531,6,0.05,4096,1,1,identity,3.1415184445278834,"{""projection"": [[1.0]]}"
exponential,exp(x),4.0,-6.0,21062548,7,0.05,4096,1,1,variance_matched,0.0027643106099147015,"{""direction"": [1.0]}"
exponential,exp(x),4.0,-6.0,21062548,7,0.05,4096,1,1,identity,3.1354100689504496,"{""projection"": [[1.0]]}"
exponential,exp(x),4.0,-6.0,21062565,8,0.05,4096,1,1,variance_matched,0.004998217320348807,"{""direction"": [1.0]}"
exponential,exp(x),4.0,-6.0,21062565,8,0.05,4096,1,1,identity,3.1558196784906962,"{""projection"": [[1.0]]}"
exponential,exp(x),4.0,-6.0,21062582,9,0.05,4096,1,1,variance_matched,0.0035177444808079006,"{""direction"": [1.0]}"
exponential,exp(x),4.0,-6.0,21062582,9,0.05,4096,1,1,identity,3.1320588079718297,"{""projection"": [[1.0]]}"
exponential,exp(x),4.0,-5.0,21063429,0,0.05,4096,1,1,variance_matched,0.030628555217784167,"{""direction"": [1.0]}"
exponential,exp(x),4.0,-5.0,21063429,0,0.05,4096,1,1,identity,3.1479052016751656,"{""projection"": [[1.0]]}"
exponential,exp(x),4.0,-5.0,21063446,1,0.05,4096,1,1,variance_matched,0.02925102354172279,"{""direction"": [1.0]}"
exponential,exp(x),4.0,-5.0,21063446,1,0.05,4096,1,1,identity,3.128773726672806,"{""projection"": [[1.0]]}"
exponential,exp(x),4.0,-5.0,21063463,2,0.05,4096,1,1,variance_matched,0.034302237770438594,"{""direction"": [1.0]}"
exponential,exp(x),4.0,-5.0,21063463,2,0.05,4096,1,1,identity,3.149075327769634,"{""projection"": [[1.0]]}"
exponential,exp(x),4.0,-5.0,21063480,3,0.05,4096,1,1,variance_matched,0.0328389156424687,"{""direction"": [1.0]}"
exponential,exp(x),4.0,-5.0,21063480,3,0.05,4096,1,1,identity,3.155783473121237,"{""projection"": [[1.0]]}"
exponential,exp(x),4.0,-5.0,21063497,4,0.05,4096,1,1,variance_matched,0.03224854494206346,"{""direction"": [1.0]}"
exponential,exp(x),4.0,-5.0,21063497,4,0.05,4096,1,1,identity,3.1349278617418315,"{""projection"": [[1.0]]}"
exponential,exp(x),4.0,-5.0,21063514,5,0.05,4096,1,1,variance_matched,0.034241693913152786,"{""direction"": [1.0]}"
exponential,exp(x),4.0,-5.0,21063514,5,0.05,4096,1,1,identity,3.130608642422091,"{""projection"": [[1.0]]}"
exponential,exp(x),4.0,-5.0,21063531,6,0.05,4096,1,1,variance_matched,0.032311053061730766,"{""direction"": [1.0]}"
exponential,exp(x),4.0,-5.0,21063531,6,0.05,4096,1,1,identity,3.148956333603198,"{""projection"": [[1.0]]}"
exponential,exp(x),4.0,-5.0,21063548,7,0.05,4096,1,1,variance_matched,0.029059619191914594,"{""direction"": [1.0]}"
exponential,exp(x),4.0,-5.0,21063548,7,0.05,4096,1,1,identity,3.1430210684003708,"{""projection"": [[1.0]]}"
exponential,exp(x),4.0,-5.0,21063565,8,0.05,4096,1,1,variance_matched,0.035327459927597844,"{""direction"": [1.0]}"
exponential,exp(x),4.0,-5.0,21063565,8,0.05,4096,1,1,identity,3.116691785801245,"{""projection"": [[1.0]]}"
exponential,exp(x),4.0,-5.0,21063582,9,0.05,4096,1,1,variance_matched,0.02857590361161265,"{""direction"": [1.0]}"
exponential,exp(x),4.0,-5.0,21063582,9,0.05,4096,1,1,identity,3.1249918804478174,"{""projection"": [[1.0]]}"
exponential,exp(x),4.0,-4.0,21064429,0,0.05,4096,1,1,variance_matched,0.18540930357166413,"{""direction"": [1.0]}"
exponential,exp(x),4.0,-4.0,21064429,0,0.05,4096,1,1,identity,3.130388720681113,"{""projection"": [[1.0]]}"
exponential,exp(x),4.0,-4.0,21064446,1,0.05,4096,1,1,variance_matched,0.1954696573950681,"{""direction"": [1.0]}"
exponential,exp(x),4.0,-4.0,21064446,1,0.05,4096,1,1,identity,3.136632390524116,"{""projection"": [[1.0]]}"
exponential,exp(x),4.0,-4.0,21064463,2,0.05,4096,1,1,variance_matched,0.19318043800563128,"{""direction"": [1.0]}"
exponential,exp(x),4.0,-4.0,21064463,2,0.05,4096,1,1,identity,3.14639789961854,"{""projection"": [[1.0]]}"
exponential,exp(x),4.0,-4.0,21064480,3,0.05,4096,1,1,variance_matched,0.20059553882273812,"{""direction"": [1.0]}"
exponential,exp(x),4.0,-4.0,21064480,3,0.05,4096,1,1,identity,3.1625426604042772,"{""projection"": [[1.0]]}"
exponential,exp(x),4.0,-4.0,21064497,4,0.05,4096,1,1,variance_matched,0.19068507468211704,"{""direction"": [1.0]}"
exponential,exp(x),4.0,-4.0,21064497,4,0.05,4096,1,1,identity,3.1326709993193127,"{""projection"": [[1.0]]}"
exponential,exp(x),4.0,-4.0,21064514,5,0.05,4096,1,1,variance_matched,0.21225863524690472,"{""direction"": [1.0]}"
exponential,exp(x),4.0,-4.0,21064514,5,0.05,4096,1,1,identity,3.1394478145021147,"{""projection"": [[1.0]]}"
exponential,exp(x),4.0,-4.0,21064531,6,0.05,4096,1,1,variance_matched,0.18881705248224545,"{""direction"": [1.0]}"
exponential,exp(x),4.0,-4.0,21064531,6,0.05,4096,1,1,identity,3.1352160221712175,"{""projection"": [[1.0]]}"
exponential,exp(x),4.0,-4.0,21064548,7,0.05,4096,1,1,variance_matched,0.18126853584152483,"{""direction"": [1.0]}"
exponential,exp(x),4.0,-4.0,21064548,7,0.05,4096,1,1,identity,3.1590867770772073,"{""projection"": [[1.0]]}"
exponential,exp(x),4.0,-4.0,21064565,8,0.05,4096,1,1,variance_matched,0.18353506396976216,"{""direction"": [1.0]}"
exponential,exp(x),4.0,-4.0,21064565,8,0.05,4096,1,1,identity,3.117832759661849,"{""projection"": [[1.0]]}"
exponential,exp(x),4.0,-4.0,21064582,9,0.05,4096,1,1,variance_matched,0.18789095874971326,"{""direction"": [1.0]}"
exponential,exp(x),4.0,-4.0,21064582,9,0.05,4096,1,1,identity,3.1019402989490166,"{""projection"": [[1.0]]}"
exponential,exp(x),4.0,-3.0,21065429,0,0.05,4096,1,1,variance_matched,0.7595874767942205,"{""direction"": [1.0]}"
exponential,exp(x),4.0,-3.0,21065429,0,0.05,4096,1,1,identity,3.15696047419073,"{""projection"": [[1.0]]}"
exponential,exp(x),4.0,-3.0,21065446,1,0.05,4096,1,1,variance_matched,0.7567101628927861,"{""direction"": [1.0]}"
exponential,exp(x),4.0,-3.0,21065446,1,0.05,4096,1,1,identity,3.1486465291847616,"{""projection"": [[1.0]]}"
exponential,exp(x),4.0,-3.0,21065463,2,0.05,4096,1,1,variance_matched,0.7217449506043071,"{""direction"": [1.0]}"
exponential,exp(x),4.0,-3.0,21065463,2,0.05,4096,1,1,identity,3.128007421245454,"{""projection"": [[1.0]]}"
exponential,exp(x),4.0,-3.0,21065480,3,0.05,4096,1,1,variance_matched,0.7510895542039222,"{""direction"": [1.0]}"
exponential,exp(x),4.0,-3.0,21065480,3,0.05,4096,1,1,identity,3.14032483480756,"{""projection"": [[1.0]]}"
exponential,exp(x),4.0,-3.0,21065497,4,0.05,4096,1,1,variance_matched,0.7525383504121359,"{""direction"": [1.0]}"
exponential,exp(x),4.0,-3.0,21065497,4,0.05,4096,1,1,identity,3.151137816416354,"{""projection"": [[1.0]]}"
exponential,exp(x),4.0,-3.0,21065514,5,0.05,4096,1,1,variance_matched,0.7532426215801051,"{""direction"": [1.0]}"
exponential,exp(x),4.0,-3.0,21065514,5,0.05,4096,1,1,identity,3.122138556158214,"{""projection"": [[1.0]]}"
exponential,exp(x),4.0,-3.0,21065531,6,0.05,4096,1,1,variance_matched,0.734583687989446,"{""direction"": [1.0]}"
exponential,exp(x),4.0,-3.0,21065531,6,0.05,4096,1,1,identity,3.143301253127621,"{""projection"": [[1.0]]}"
exponential,exp(x),4.0,-3.0,21065548,7,0.05,4096,1,1,variance_matched,0.7736634418865334,"{""direction"": [1.0]}"
exponential,exp(x),4.0,-3.0,21065548,7,0.05,4096,1,1,identity,3.1382516051119893,"{""projection"": [[1.0]]}"
exponential,exp(x),4.0,-3.0,21065565,8,0.05,4096,1,1,variance_matched,0.7543128481312817,"{""direction"": [1.0]}"
exponential,exp(x),4.0,-3.0,21065565,8,0.05,4096,1,1,identity,3.147449385980506,"{""projection"": [[1.0]]}"
exponential,exp(x),4.0,-3.0,21065582,9,0.05,4096,1,1,variance_matched,0.7710058369735615,"{""direction"": [1.0]}"
exponential,exp(x),4.0,-3.0,21065582,9,0.05,4096,1,1,identity,3.15141386556781,"{""projection"": [[1.0]]}"
exponential,exp(x),4.0,-2.0,21066429,0,0.05,4096,1,1,variance_matched,1.6622225521356158,"{""direction"": [1.0]}"
exponential,exp(x),4.0,-2.0,21066429,0,0.05,4096,1,1,identity,3.1302663390264382,"{""projection"": [[1.0]]}"
exponential,exp(x),4.0,-2.0,21066446,1,0.05,4096,1,1,variance_matched,1.6186688034964534,"{""direction"": [1.0]}"
exponential,exp(x),4.0,-2.0,21066446,1,0.05,4096,1,1,identity,3.131875550090345,"{""projection"": [[1.0]]}"
exponential,exp(x),4.0,-2.0,21066463,2,0.05,4096,1,1,variance_matched,1.6166473253437834,"{""direction"": [1.0]}"
exponential,exp(x),4.0,-2.0,21066463,2,0.05,4096,1,1,identity,3.1408846758575755,"{""projection"": [[1.0]]}"
exponential,exp(x),4.0,-2.0,21066480,3,0.05,4096,1,1,variance_matched,1.644056125377626,"{""direction"": [1.0]}"
exponential,exp(x),4.0,-2.0,21066480,3,0.05,4096,1,1,identity,3.1629576883014576,"{""projection"": [[1.0]]}"
exponential,exp(x),4.0,-2.0,21066497,4,0.05,4096,1,1,variance_matched,1.6486394620865443,"{""direction"": [1.0]}"
exponential,exp(x),4.0,-2.0,21066497,4,0.05,4096,1,1,identity,3.153588909327333,"{""projection"": [[1.0]]}"
exponential,exp(x),4.0,-2.0,21066514,5,0.05,4096,1,1,variance_matched,1.65405074488072,"{""direction"": [1.0]}"
exponential,exp(x),4.0,-2.0,21066514,5,0.05,4096,1,1,identity,3.163329734952709,"{""projection"": [[1.0]]}"
exponential,exp(x),4.0,-2.0,21066531,6,0.05,4096,1,1,variance_matched,1.661885165733736,"{""direction"": [1.0]}"
exponential,exp(x),4.0,-2.0,21066531,6,0.05,4096,1,1,identity,3.1435196141877806,"{""projection"": [[1.0]]}"
exponential,exp(x),4.0,-2.0,21066548,7,0.05,4096,1,1,variance_matched,1.6470744483204471,"{""direction"": [1.0]}"
exponential,exp(x),4.0,-2.0,21066548,7,0.05,4096,1,1,identity,3.146884751346268,"{""projection"": [[1.0]]}"
exponential,exp(x),4.0,-2.0,21066565,8,0.05,4096,1,1,variance_matched,1.6331125199587235,"{""direction"": [1.0]}"
exponential,exp(x),4.0,-2.0,21066565,8,0.05,4096,1,1,identity,3.1335047623152343,"{""projection"": [[1.0]]}"
exponential,exp(x),4.0,-2.0,21066582,9,0.05,4096,1,1,variance_matched,1.628575496200311,"{""direction"": [1.0]}"
exponential,exp(x),4.0,-2.0,21066582,9,0.05,4096,1,1,identity,3.1219747804106905,"{""projection"": [[1.0]]}"
exponential,exp(x),4.0,-1.0,21067429,0,0.05,4096,1,1,variance_matched,2.626933880848801,"{""direction"": [1.0]}"
exponential,exp(x),4.0,-1.0,21067429,0,0.05,4096,1,1,identity,3.1486453604337474,"{""projection"": [[1.0]]}"
exponential,exp(x),4.0,-1.0,21067446,1,0.05,4096,1,1,variance_matched,2.6505382654519263,"{""direction"": [1.0]}"
exponential,exp(x),4.0,-1.0,21067446,1,0.05,4096,1,1,identity,3.1388430565101517,"{""projection"": [[1.0]]}"
exponential,exp(x),4.0,-1.0,21067463,2,0.05,4096,1,1,variance_matched,2.6506494952111312,"{""direction"": [1.0]}"
exponential,exp(x),4.0,-1.0,21067463,2,0.05,4096,1,1,identity,3.1267676987114132,"{""projection"": [[1.0]]}"
exponential,exp(x),4.0,-1.0,21067480,3,0.05,4096,1,1,variance_matched,2.6285217086896706,"{""direction"": [1.0]}"
exponential,exp(x),4.0,-1.0,21067480,3,0.05,4096,1,1,identity,3.130793351338413,"{""projection"": [[1.0]]}"
exponential,exp(x),4.0,-1.0,21067497,4,0.05,4096,1,1,variance_matched,2.6146299091914367,"{""direction"": [1.0]}"
exponential,exp(x),4.0,-1.0,21067497,4,0.05,4096,1,1,identity,3.131430331602919,"{""projection"": [[1.0]]}"
exponential,exp(x),4.0,-1.0,21067514,5,0.05,4096,1,1,variance_matched,2.640256066359618,"{""direction"": [1.0]}"
exponential,exp(x),4.0,-1.0,21067514,5,0.05,4096,1,1,identity,3.16422411325848,"{""projection"": [[1.0]]}"
exponential,exp(x),4.0,-1.0,21067531,6,0.05,4096,1,1,variance_matched,2.621475795301119,"{""direction"": [1.0]}"
exponential,exp(x),4.0,-1.0,21067531,6,0.05,4096,1,1,identity,3.1455791324316777,"{""projection"": [[1.0]]}"
exponential,exp(x),4.0,-1.0,21067548,7,0.05,4096,1,1,variance_matched,2.6452517308816175,"{""direction"": [1.0]}"
exponential,exp(x),4.0,-1.0,21067548,7,0.05,4096,1,1,identity,3.1411696595857164,"{""projection"": [[1.0]]}"
exponential,exp(x),4.0,-1.0,21067565,8,0.05,4096,1,1,variance_matched,2.6036256342506796,"{""direction"": [1.0]}"
exponential,exp(x),4.0,-1.0,21067565,8,0.05,4096,1,1,identity,3.1186074606511847,"{""projection"": [[1.0]]}"
exponential,exp(x),4.0,-1.0,21067582,9,0.05,4096,1,1,variance_matched,2.615178992599833,"{""direction"": [1.0]}"
exponential,exp(x),4.0,-1.0,21067582,9,0.05,4096,1,1,identity,3.1296171124614416,"{""projection"": [[1.0]]}"
exponential,exp(x),4.0,0.0,21068429,0,0.05,4096,1,1,variance_matched,3.641305131325122,"{""direction"": [1.0]}"
exponential,exp(x),4.0,0.0,21068429,0,0.05,4096,1,1,identity,3.125687566498651,"{""projection"": [[1.0]]}"
exponential,exp(x),4.0,0.0,21068446,1,0.05,4096,1,1,variance_matched,3.657767940910108,"{""direction"": [1.0]}"
exponential,exp(x),4.0,0.0,21068446,1,0.05,4096,1,1,identity,3.1197529747697,"{""projection"": [[1.0]]}"
exponential,exp(x),4.0,0.0,21068463,2,0.05,4096,1,1,variance_matched,3.63238857310504,"{""direction"": [1.0]}"
exponential,exp(x),4.0,0.0,21068463,2,0.05,4096,1,1,identity,3.1295505508457278,"{""projection"": [[1.0]]}"
exponential,exp(x),4.0,0.0,21068480,3,0.05,4096,1,1,variance_matched,3.6158146369822335,"{""direction"": [1.0]}"
exponential,exp(x),4.0,0.0,21068480,3,0.05,4096,1,1,identity,3.139762024336899,"{""projection"": [[1.0]]}"
exponential,exp(x),4.0,0.0,21068497,4,0.05,4096,1,1,variance_matched,3.5993257847136486,"{""direction"": [1.0]}"
exponential,exp(x),4.0,0.0,21068497,4,0.05,4096,1,1,identity,3.1296458013426234,"{""projection"": [[1.0]]}"
exponential,exp(x),4.0,0.0,21068514,5,0.05,4096,1,1,variance_matched,3.6296369457221385,"{""direction"": [1.0]}"
exponential,exp(x),4.0,0.0,21068514,5,0.05,4096,1,1,identity,3.151762791434697,"{""projection"": [[1.0]]}"
exponential,exp(x),4.0,0.0,21068531,6,0.05,4096,1,1,variance_matched,3.612203819313075,"{""direction"": [1.0]}"
exponential,exp(x),4.0,0.0,21068531,6,0.05,4096,1,1,identity,3.13133807598017,"{""projection"": [[1.0]]}"
exponential,exp(x),4.0,0.0,21068548,7,0.05,4096,1,1,variance_matched,3.620634891677657,"{""direction"": [1.0]}"
exponential,exp(x),4.0,0.0,21068548,7,0.05,4096,1,1,identity,3.1436733420142513,"{""projection"": [[1.0]]}"
exponential,exp(x),4.0,0.0,21068565,8,0.05,4096,1,1,variance_matched,3.632090744596156,"{""direction"": [1.0]}"
exponential,exp(x),4.0,0.0,21068565,8,0.05,4096,1,1,identity,3.146056388709722,"{""projection"": [[1.0]]}"
exponential,exp(x),4.0,0.0,21068582,9,0.05,4096,1,1,variance_matched,3.6008803551449216,"{""direction"": [1.0]}"
exponential,exp(x),4.0,0.0,21068582,9,0.05,4096,1,1,identity,3.1431424666112067,"{""projection"": [[1.0]]}"
exponential,exp(x),4.0,1.0,21069429,0,0.05,4096,1,1,variance_matched,4.623222114456296,"{""direction"": [1.0]}"
exponential,exp(x),4.0,1.0,21069429,0,0.05,4096,1,1,identity,3.1468469722607697,"{""projection"": [[1.0]]}"
exponential,exp(x),4.0,1.0,21069446,1,0.05,4096,1,1,variance_matched,4.627464613579266,"{""direction"": [1.0]}"
exponential,exp(x),4.0,1.0,21069446,1,0.05,4096,1,1,identity,3.130739832545518,"{""projection"": [[1.0]]}"
exponential,exp(x),4.0,1.0,21069463,2,0.05,4096,1,1,variance_matched,4.636719179634454,"{""direction"": [1.0]}"
exponential,exp(x),4.0,1.0,21069463,2,0.05,4096,1,1,identity,3.139855040413858,"{""projection"": [[1.0]]}"
exponential,exp(x),4.0,1.0,21069480,3,0.05,4096,1,1,variance_matched,4.637528397255009,"{""direction"": [1.0]}"
exponential,exp(x),4.0,1.0,21069480,3,0.05,4096,1,1,identity,3.1464613024638943,"{""projection"": [[1.0]]}"
exponential,exp(x),4.0,1.0,21069497,4,0.05,4096,1,1,variance_matched,4.608799779805241,"{""direction"": [1.0]}"
exponential,exp(x),4.0,1.0,21069497,4,0.05,4096,1,1,identity,3.120521167347472,"{""projection"": [[1.0]]}"
exponential,exp(x),4.0,1.0,21069514,5,0.05,4096,1,1,variance_matched,4.615417978920281,"{""direction"": [1.0]}"
exponential,exp(x),4.0,1.0,21069514,5,0.05,4096,1,1,identity,3.1252215045522918,"{""projection"": [[1.0]]}"
exponential,exp(x),4.0,1.0,21069531,6,0.05,4096,1,1,variance_matched,4.629660261647038,"{""direction"": [1.0]}"
exponential,exp(x),4.0,1.0,21069531,6,0.05,4096,1,1,identity,3.1264111812775885,"{""projection"": [[1.0]]}"
exponential,exp(x),4.0,1.0,21069548,7,0.05,4096,1,1,variance_matched,4.6035243691590075,"{""direction"": [1.0]}"
exponential,exp(x),4.0,1.0,21069548,7,0.05,4096,1,1,identity,3.1264243756904486,"{""projection"": [[1.0]]}"
exponential,exp(x),4.0,1.0,21069565,8,0.05,4096,1,1,variance_matched,4.631340316858877,"{""direction"": [1.0]}"
exponential,exp(x),4.0,1.0,21069565,8,0.05,4096,1,1,identity,3.12074381727466,"{""projection"": [[1.0]]}"
exponential,exp(x),4.0,1.0,21069582,9,0.05,4096,1,1,variance_matched,4.608303352490444,"{""direction"": [1.0]}"
exponential,exp(x),4.0,1.0,21069582,9,0.05,4096,1,1,identity,3.1381402213265104,"{""projection"": [[1.0]]}"
exponential,exp(x),4.0,2.0,21070429,0,0.05,4096,1,1,variance_matched,5.6279972301428725,"{""direction"": [1.0]}"
exponential,exp(x),4.0,2.0,21070429,0,0.05,4096,1,1,identity,3.1410849279772135,"{""projection"": [[1.0]]}"
exponential,exp(x),4.0,2.0,21070446,1,0.05,4096,1,1,variance_matched,5.594337878676052,"{""direction"": [1.0]}"
exponential,exp(x),4.0,2.0,21070446,1,0.05,4096,1,1,identity,3.1390105995664177,"{""projection"": [[1.0]]}"
exponential,exp(x),4.0,2.0,21070463,2,0.05,4096,1,1,variance_matched,5.602379274732113,"{""direction"": [1.0]}"
exponential,exp(x),4.0,2.0,21070463,2,0.05,4096,1,1,identity,3.14382311356277,"{""projection"": [[1.0]]}"
exponential,exp(x),4.0,2.0,21070480,3,0.05,4096,1,1,variance_matched,5.630136932390577,"{""direction"": [1.0]}"
exponential,exp(x),4.0,2.0,21070480,3,0.05,4096,1,1,identity,3.1183765043351994,"{""projection"": [[1.0]]}"
exponential,exp(x),4.0,2.0,21070497,4,0.05,4096,1,1,variance_matched,5.618376730847666,"{""direction"": [1.0]}"
exponential,exp(x),4.0,2.0,21070497,4,0.05,4096,1,1,identity,3.143521968988607,"{""projection"": [[1.0]]}"
exponential,exp(x),4.0,2.0,21070514,5,0.05,4096,1,1,variance_matched,5.622326053399069,"{""direction"": [1.0]}"
exponential,exp(x),4.0,2.0,21070514,5,0.05,4096,1,1,identity,3.141608738246372,"{""projection"": [[1.0]]}"
exponential,exp(x),4.0,2.0,21070531,6,0.05,4096,1,1,variance_matched,5.658793134605472,"{""direction"": [1.0]}"
exponential,exp(x),4.0,2.0,21070531,6,0.05,4096,1,1,identity,3.1468910121031426,"{""projection"": [[1.0]]}"
exponential,exp(x),4.0,2.0,21070548,7,0.05,4096,1,1,variance_matched,5.655881227987219,"{""direction"": [1.0]}"
exponential,exp(x),4.0,2.0,21070548,7,0.05,4096,1,1,identity,3.147741794329381,"{""projection"": [[1.0]]}"
exponential,exp(x),4.0,2.0,21070565,8,0.05,4096,1,1,variance_matched,5.611419443514997,"{""direction"": [1.0]}"
exponential,exp(x),4.0,2.0,21070565,8,0.05,4096,1,1,identity,3.1154123063750454,"{""projection"": [[1.0]]}"
exponential,exp(x),4.0,2.0,21070582,9,0.05,4096,1,1,variance_matched,5.635323526034527,"{""direction"": [1.0]}"
exponential,exp(x),4.0,2.0,21070582,9,0.05,4096,1,1,identity,3.1335908360557196,"{""projection"": [[1.0]]}"
exponential,exp(x),4.0,3.0,21071429,0,0.05,4096,1,1,variance_matched,6.61527554115108,"{""direction"": [1.0]}"
exponential,exp(x),4.0,3.0,21071429,0,0.05,4096,1,1,identity,3.1377040269053103,"{""projection"": [[1.0]]}"
exponential,exp(x),4.0,3.0,21071446,1,0.05,4096,1,1,variance_matched,6.598915064324443,"{""direction"": [1.0]}"
exponential,exp(x),4.0,3.0,21071446,1,0.05,4096,1,1,identity,3.131862412423697,"{""projection"": [[1.0]]}"
exponential,exp(x),4.0,3.0,21071463,2,0.05,4096,1,1,variance_matched,6.592167681583607,"{""direction"": [1.0]}"
exponential,exp(x),4.0,3.0,21071463,2,0.05,4096,1,1,identity,3.1504055162090374,"{""projection"": [[1.0]]}"
exponential,exp(x),4.0,3.0,21071480,3,0.05,4096,1,1,variance_matched,6.613254965403625,"{""direction"": [1.0]}"
exponential,exp(x),4.0,3.0,21071480,3,0.05,4096,1,1,identity,3.1413953931481093,"{""projection"": [[1.0]]}"
exponential,exp(x),4.0,3.0,21071497,4,0.05,4096,1,1,variance_matched,6.5911899042698865,"{""direction"": [1.0]}"
exponential,exp(x),4.0,3.0,21071497,4,0.05,4096,1,1,identity,3.13155166658837,"{""projection"": [[1.0]]}"
exponential,exp(x),4.0,3.0,21071514,5,0.05,4096,1,1,variance_matched,6.580444731789212,"{""direction"": [1.0]}"
exponential,exp(x),4.0,3.0,21071514,5,0.05,4096,1,1,identity,3.1434702788146267,"{""projection"": [[1.0]]}"
exponential,exp(x),4.0,3.0,21071531,6,0.05,4096,1,1,variance_matched,6.584814811470796,"{""direction"": [1.0]}"
exponential,exp(x),4.0,3.0,21071531,6,0.05,4096,1,1,identity,3.1496193410164475,"{""projection"": [[1.0]]}"
exponential,exp(x),4.0,3.0,21071548,7,0.05,4096,1,1,variance_matched,6.5786444613731705,"{""direction"": [1.0]}"
exponential,exp(x),4.0,3.0,21071548,7,0.05,4096,1,1,identity,3.1449893421978787,"{""projection"": [[1.0]]}"
exponential,exp(x),4.0,3.0,21071565,8,0.05,4096,1,1,variance_matched,6.594044736978756,"{""direction"": [1.0]}"
exponential,exp(x),4.0,3.0,21071565,8,0.05,4096,1,1,identity,3.144518844825896,"{""projection"": [[1.0]]}"
exponential,exp(x),4.0,3.0,21071582,9,0.05,4096,1,1,variance_matched,6.598087209927147,"{""direction"": [1.0]}"
exponential,exp(x),4.0,3.0,21071582,9,0.05,4096,1,1,identity,3.111294549497995,"{""projection"": [[1.0]]}"
exponential,exp(x),4.0,4.0,21072429,0,0.05,4096,1,1,variance_matched,7.3108002989913,"{""direction"": [1.0]}"
exponential,exp(x),4.0,4.0,21072429,0,0.05,4096,1,1,identity,3.15928644065819,"{""projection"": [[1.0]]}"
exponential,exp(x),4.0,4.0,21072446,1,0.05,4096,1,1,variance_matched,7.284689125981838,"{""direction"": [1.0]}"
exponential,exp(x),4.0,4.0,21072446,1,0.05,4096,1,1,identity,3.154541778469412,"{""projection"": [[1.0]]}"
exponential,exp(x),4.0,4.0,21072463,2,0.05,4096,1,1,variance_matched,7.29512278920912,"{""direction"": [1.0]}"
exponential,exp(x),4.0,4.0,21072463,2,0.05,4096,1,1,identity,3.135230983418051,"{""projection"": [[1.0]]}"
exponential,exp(x),4.0,4.0,21072480,3,0.05,4096,1,1,variance_matched,7.282156474143897,"{""direction"": [1.0]}"
exponential,exp(x),4.0,4.0,21072480,3,0.05,4096,1,1,identity,3.1482465162569664,"{""projection"": [[1.0]]}"
exponential,exp(x),4.0,4.0,21072497,4,0.05,4096,1,1,variance_matched,7.285578863754298,"{""direction"": [1.0]}"
exponential,exp(x),4.0,4.0,21072497,4,0.05,4096,1,1,identity,3.144927492854898,"{""projection"": [[1.0]]}"
exponential,exp(x),4.0,4.0,21072514,5,0.05,4096,1,1,variance_matched,7.263773140965386,"{""direction"": [1.0]}"
exponential,exp(x),4.0,4.0,21072514,5,0.05,4096,1,1,identity,3.1145881666564574,"{""projection"": [[1.0]]}"
exponential,exp(x),4.0,4.0,21072531,6,0.05,4096,1,1,variance_matched,7.293092821468577,"{""direction"": [1.0]}"
exponential,exp(x),4.0,4.0,21072531,6,0.05,4096,1,1,identity,3.13578595185592,"{""projection"": [[1.0]]}"
exponential,exp(x),4.0,4.0,21072548,7,0.05,4096,1,1,variance_matched,7.297379698264985,"{""direction"": [1.0]}"
exponential,exp(x),4.0,4.0,21072548,7,0.05,4096,1,1,identity,3.1518184600127825,"{""projection"": [[1.0]]}"
exponential,exp(x),4.0,4.0,21072565,8,0.05,4096,1,1,variance_matched,7.2631874094028825,"{""direction"": [1.0]}"
exponential,exp(x),4.0,4.0,21072565,8,0.05,4096,1,1,identity,3.137768322057198,"{""projection"": [[1.0]]}"
exponential,exp(x),4.0,4.0,21072582,9,0.05,4096,1,1,variance_matched,7.29411269419451,"{""direction"": [1.0]}"
exponential,exp(x),4.0,4.0,21072582,9,0.05,4096,1,1,identity,3.146282613574831,"{""projection"": [[1.0]]}"
exponential,exp(x),4.0,5.0,21073429,0,0.05,4096,1,1,variance_matched,7.520890830575698,"{""direction"": [1.0]}"
exponential,exp(x),4.0,5.0,21073429,0,0.05,4096,1,1,identity,3.1698555312980923,"{""projection"": [[1.0]]}"
exponential,exp(x),4.0,5.0,21073446,1,0.05,4096,1,1,variance_matched,7.513473708225332,"{""direction"": [1.0]}"
exponential,exp(x),4.0,5.0,21073446,1,0.05,4096,1,1,identity,3.146253342000467,"{""projection"": [[1.0]]}"
exponential,exp(x),4.0,5.0,21073463,2,0.05,4096,1,1,variance_matched,7.508919010004437,"{""direction"": [1.0]}"
exponential,exp(x),4.0,5.0,21073463,2,0.05,4096,1,1,identity,3.1546656596213563,"{""projection"": [[1.0]]}"
exponential,exp(x),4.0,5.0,21073480,3,0.05,4096,1,1,variance_matched,7.5072238727854215,"{""direction"": [1.0]}"
exponential,exp(x),4.0,5.0,21073480,3,0.05,4096,1,1,identity,3.1209176563388743,"{""projection"": [[1.0]]}"
exponential,exp(x),4.0,5.0,21073497,4,0.05,4096,1,1,variance_matched,7.5107681765866126,"{""direction"": [1.0]}"
exponential,exp(x),4.0,5.0,21073497,4,0.05,4096,1,1,identity,3.142146043101938,"{""projection"": [[1.0]]}"
exponential,exp(x),4.0,5.0,21073514,5,0.05,4096,1,1,variance_matched,7.516414176038285,"{""direction"": [1.0]}"
exponential,exp(x),4.0,5.0,21073514,5,0.05,4096,1,1,identity,3.1225159757440917,"{""projection"": [[1.0]]}"
exponential,exp(x),4.0,5.0,21073531,6,0.05,4096,1,1,variance_matched,7.501395023696288,"{""direction"": [1.0]}"
exponential,exp(x),4.0,5.0,21073531,6,0.05,4096,1,1,identity,3.1307648287529473,"{""projection"": [[1.0]]}"
exponential,exp(x),4.0,5.0,21073548,7,0.05,4096,1,1,variance_matched,7.521794097755836,"{""direction"": [1.0]}"
exponential,exp(x),4.0,5.0,21073548,7,0.05,4096,1,1,identity,3.1593339792920894,"{""projection"": [[1.0]]}"
exponential,exp(x),4.0,5.0,21073565,8,0.05,4096,1,1,variance_matched,7.504508922203993,"{""direction"": [1.0]}"
exponential,exp(x),4.0,5.0,21073565,8,0.05,4096,1,1,identity,3.1372014421409995,"{""projection"": [[1.0]]}"
exponential,exp(x),4.0,5.0,21073582,9,0.05,4096,1,1,variance_matched,7.514274604377742,"{""direction"": [1.0]}"
exponential,exp(x),4.0,5.0,21073582,9,0.05,4096,1,1,identity,3.1377117523091993,"{""projection"": [[1.0]]}"
exponential,exp(x),4.0,6.0,21074429,0,0.05,4096,1,1,variance_matched,7.532480243087771,"{""direction"": [1.0]}"
exponential,exp(x),4.0,6.0,21074429,0,0.05,4096,1,1,identity,3.1221682271718154,"{""projection"": [[1.0]]}"
exponential,exp(x),4.0,6.0,21074446,1,0.05,4096,1,1,variance_matched,7.555485665579601,"{""direction"": [1.0]}"
exponential,exp(x),4.0,6.0,21074446,1,0.05,4096,1,1,identity,3.124730245062686,"{""projection"": [[1.0]]}"
exponential,exp(x),4.0,6.0,21074463,2,0.05,4096,1,1,variance_matched,7.540606713490308,"{""direction"": [1.0]}"
exponential,exp(x),4.0,6.0,21074463,2,0.05,4096,1,1,identity,3.1425020599810174,"{""projection"": [[1.0]]}"
exponential,exp(x),4.0,6.0,21074480,3,0.05,4096,1,1,variance_matched,7.541420210567477,"{""direction"": [1.0]}"
exponential,exp(x),4.0,6.0,21074480,3,0.05,4096,1,1,identity,3.125091565070382,"{""projection"": [[1.0]]}"
exponential,exp(x),4.0,6.0,21074497,4,0.05,4096,1,1,variance_matched,7.531419660705639,"{""direction"": [1.0]}"
exponential,exp(x),4.0,6.0,21074497,4,0.05,4096,1,1,identity,3.1245776907661735,"{""projection"": [[1.0]]}"
exponential,exp(x),4.0,6.0,21074514,5,0.05,4096,1,1,variance_matched,7.537711880050493,"{""direction"": [1.0]}"
exponential,exp(x),4.0,6.0,21074514,5,0.05,4096,1,1,identity,3.1334741899259337,"{""projection"": [[1.0]]}"
exponential,exp(x),4.0,6.0,21074531,6,0.05,4096,1,1,variance_matched,7.550485277473677,"{""direction"": [1.0]}"
exponential,exp(x),4.0,6.0,21074531,6,0.05,4096,1,1,identity,3.1277827494819306,"{""projection"": [[1.0]]}"
exponential,exp(x),4.0,6.0,21074548,7,0.05,4096,1,1,variance_matched,7.543501260940376,"{""direction"": [1.0]}"
exponential,exp(x),4.0,6.0,21074548,7,0.05,4096,1,1,identity,3.13460333234756,"{""projection"": [[1.0]]}"
exponential,exp(x),4.0,6.0,21074565,8,0.05,4096,1,1,variance_matched,7.539043194834926,"{""direction"": [1.0]}"
exponential,exp(x),4.0,6.0,21074565,8,0.05,4096,1,1,identity,3.15629112092392,"{""projection"": [[1.0]]}"
exponential,exp(x),4.0,6.0,21074582,9,0.05,4096,1,1,variance_matched,7.544915541452616,"{""direction"": [1.0]}"
exponential,exp(x),4.0,6.0,21074582,9,0.05,4096,1,1,identity,3.141422824627181,"{""projection"": [[1.0]]}"
exponential,exp(x),4.0,7.0,21075429,0,0.05,4096,1,1,variance_matched,7.5466075057882875,"{""direction"": [1.0]}"
exponential,exp(x),4.0,7.0,21075429,0,0.05,4096,1,1,identity,3.137458903887489,"{""projection"": [[1.0]]}"
exponential,exp(x),4.0,7.0,21075446,1,0.05,4096,1,1,variance_matched,7.557373313775825,"{""direction"": [1.0]}"
exponential,exp(x),4.0,7.0,21075446,1,0.05,4096,1,1,identity,3.1731347116458264,"{""projection"": [[1.0]]}"
exponential,exp(x),4.0,7.0,21075463,2,0.05,4096,1,1,variance_matched,7.549737939131512,"{""direction"": [1.0]}"
exponential,exp(x),4.0,7.0,21075463,2,0.05,4096,1,1,identity,3.119408221768043,"{""projection"": [[1.0]]}"
exponential,exp(x),4.0,7.0,21075480,3,0.05,4096,1,1,variance_matched,7.550274498437348,"{""direction"": [1.0]}"
exponential,exp(x),4.0,7.0,21075480,3,0.05,4096,1,1,identity,3.152727671753309,"{""projection"": [[1.0]]}"
exponential,exp(x),4.0,7.0,21075497,4,0.05,4096,1,1,variance_matched,7.555300576127831,"{""direction"": [1.0]}"
exponential,exp(x),4.0,7.0,21075497,4,0.05,4096,1,1,identity,3.141284473068015,"{""projection"": [[1.0]]}"
exponential,exp(x),4.0,7.0,21075514,5,0.05,4096,1,1,variance_matched,7.540314973478517,"{""direction"": [1.0]}"
exponential,exp(x),4.0,7.0,21075514,5,0.05,4096,1,1,identity,3.131562913340825,"{""projection"": [[1.0]]}"
exponential,exp(x),4.0,7.0,21075531,6,0.05,4096,1,1,variance_matched,7.553040433745405,"{""direction"": [1.0]}"
exponential,exp(x),4.0,7.0,21075531,6,0.05,4096,1,1,identity,3.1305347010519045,"{""projection"": [[1.0]]}"
exponential,exp(x),4.0,7.0,21075548,7,0.05,4096,1,1,variance_matched,7.536088360067136,"{""direction"": [1.0]}"
exponential,exp(x),4.0,7.0,21075548,7,0.05,4096,1,1,identity,3.098609705869581,"{""projection"": [[1.0]]}"
exponential,exp(x),4.0,7.0,21075565,8,0.05,4096,1,1,variance_matched,7.556549267450913,"{""direction"": [1.0]}"
exponential,exp(x),4.0,7.0,21075565,8,0.05,4096,1,1,identity,3.151251721787808,"{""projection"": [[1.0]]}"
exponential,exp(x),4.0,7.0,21075582,9,0.05,4096,1,1,variance_matched,7.551896322971487,"{""direction"": [1.0]}"
exponential,exp(x),4.0,7.0,21075582,9,0.05,4096,1,1,identity,3.1609125136835425,"{""projection"": [[1.0]]}"
exponential,exp(x),4.0,8.0,21076429,0,0.05,4096,1,1,variance_matched,7.545237334479788,"{""direction"": [1.0]}"
exponential,exp(x),4.0,8.0,21076429,0,0.05,4096,1,1,identity,3.1246461316505796,"{""projection"": [[1.0]]}"
exponential,exp(x),4.0,8.0,21076446,1,0.05,4096,1,1,variance_matched,7.561423503480196,"{""direction"": [1.0]}"
exponential,exp(x),4.0,8.0,21076446,1,0.05,4096,1,1,identity,3.16456193412053,"{""projection"": [[1.0]]}"
exponential,exp(x),4.0,8.0,21076463,2,0.05,4096,1,1,variance_matched,7.549086226231018,"{""direction"": [1.0]}"
exponential,exp(x),4.0,8.0,21076463,2,0.05,4096,1,1,identity,3.151129012565576,"{""projection"": [[1.0]]}"
exponential,exp(x),4.0,8.0,21076480,3,0.05,4096,1,1,variance_matched,7.545055368606976,"{""direction"": [1.0]}"
exponential,exp(x),4.0,8.0,21076480,3,0.05,4096,1,1,identity,3.142575242627463,"{""projection"": [[1.0]]}"
exponential,exp(x),4.0,8.0,21076497,4,0.05,4096,1,1,variance_matched,7.55343931223025,"{""direction"": [1.0]}"
exponential,exp(x),4.0,8.0,21076497,4,0.05,4096,1,1,identity,3.1486593006177803,"{""projection"": [[1.0]]}"
exponential,exp(x),4.0,8.0,21076514,5,0.05,4096,1,1,variance_matched,7.5477564923787455,"{""direction"": [1.0]}"
exponential,exp(x),4.0,8.0,21076514,5,0.05,4096,1,1,identity,3.122108817490652,"{""projection"": [[1.0]]}"
exponential,exp(x),4.0,8.0,21076531,6,0.05,4096,1,1,variance_matched,7.552751728712652,"{""direction"": [1.0]}"
exponential,exp(x),4.0,8.0,21076531,6,0.05,4096,1,1,identity,3.136812481417457,"{""projection"": [[1.0]]}"
exponential,exp(x),4.0,8.0,21076548,7,0.05,4096,1,1,variance_matched,7.548096792912988,"{""direction"": [1.0]}"
exponential,exp(x),4.0,8.0,21076548,7,0.05,4096,1,1,identity,3.150673440734229,"{""projection"": [[1.0]]}"
exponential,exp(x),4.0,8.0,21076565,8,0.05,4096,1,1,variance_matched,7.546629811691552,"{""direction"": [1.0]}"
exponential,exp(x),4.0,8.0,21076565,8,0.05,4096,1,1,identity,3.123066055965891,"{""projection"": [[1.0]]}"
exponential,exp(x),4.0,8.0,21076582,9,0.05,4096,1,1,variance_matched,7.546488981686849,"{""direction"": [1.0]}"
exponential,exp(x),4.0,8.0,21076582,9,0.05,4096,1,1,identity,3.126090899394757,"{""projection"": [[1.0]]}"
