source,target,source_index,target_index,pairwise_ei,linear_coefficient,abs_linear_coefficient,same_nonzero_support
component_11,component_11,10,10,0.5099905421152918,0.5147591117503731,0.5147591117503731,True
component_05,component_05,4,4,0.46025384179826595,0.5694567909455598,0.5694567909455598,True
component_06,component_06,5,5,0.4535834581384359,0.4800029771968845,0.4800029771968845,True
component_07,component_07,6,6,0.41047410416301705,0.4564061263650408,0.4564061263650408,True
component_08,component_08,7,7,0.38281604053591534,0.5330176166742323,0.5330176166742323,True
component_13,component_13,12,12,0.37964453283633237,0.4371791370943091,0.4371791370943091,True
component_17,component_17,16,16,0.3553625512887581,0.3700360505790466,0.3700360505790466,True
component_14,component_14,13,13,0.34411349881909803,0.4351166121164893,0.4351166121164893,True
component_04,component_04,3,3,0.3319654798067442,0.5295385220966247,0.5295385220966247,True
component_02,component_02,1,1,0.323854095830318,0.5827786577880265,0.5827786577880265,True
component_21,component_21,20,20,0.32037474732913335,0.3828144422168214,0.3828144422168214,True
component_09,component_09,8,8,0.29001570239753427,0.4384009224728951,0.4384009224728951,True
component_16,component_16,15,15,0.2866481615008126,0.4107025787396746,0.4107025787396746,True
component_24,component_24,23,23,0.28413126419421364,0.438136453600164,0.438136453600164,True
component_19,component_19,18,18,0.28390741500921246,0.3417507853867338,0.3417507853867338,True
component_28,component_28,27,27,0.2806657185449683,0.3419618794416366,0.3419618794416366,True
component_20,component_20,19,19,0.2389436721801425,0.3858922206679002,0.3858922206679002,True
component_12,component_12,11,11,0.23861009634709499,0.3377555079177231,0.3377555079177231,True
component_27,component_27,26,26,0.22981323619661026,0.3152813241057344,0.3152813241057344,True
component_37,component_37,36,36,0.225414835027032,0.3366990377161864,0.3366990377161864,True
component_38,component_38,37,37,0.22409067717697684,0.3039105811671616,0.3039105811671616,True
component_01,component_01,0,0,0.21430216465382085,0.6096392553950514,0.6096392553950514,True
component_15,component_15,14,14,0.21357156878978095,0.3483520738716971,0.3483520738716971,True
component_58,component_58,57,57,0.2099227590811203,0.3325351955414554,0.3325351955414554,True
component_59,component_59,58,58,0.20200985027656126,0.2470462792264253,0.2470462792264253,True
component_33,component_33,32,32,0.19810310842150253,0.294996840364645,0.294996840364645,True
component_03,component_03,2,2,0.19416308724865514,0.4390402554799343,0.4390402554799343,True
component_35,component_35,34,34,0.19058796076105794,0.3049120799839362,0.3049120799839362,True
component_29,component_29,28,28,0.18768077091722293,0.3507097893457062,0.3507097893457062,True
component_10,component_10,9,9,0.18648728382006582,0.3272843819080686,0.3272843819080686,True
component_25,component_25,24,24,0.18561468836251538,0.3211404542933527,0.3211404542933527,True
component_23,component_23,22,22,0.18508842067978365,0.4203593493380235,0.4203593493380235,True
component_26,component_26,25,25,0.18332798638600667,0.3608720591515287,0.3608720591515287,True
component_36,component_36,35,35,0.17164886873049362,0.2863323034199898,0.2863323034199898,True
component_45,component_45,44,44,0.16778727593112885,0.2837003535196942,0.2837003535196942,True
component_44,component_44,43,43,0.1677846898149458,0.2796512678923343,0.2796512678923343,True
component_57,component_57,56,56,0.1654861868442848,0.2949973485945291,0.2949973485945291,True
component_51,component_51,50,50,0.16438816256062624,0.2410517439954912,0.2410517439954912,True
component_41,component_41,40,40,0.1635961114927441,0.2905278286224886,0.2905278286224886,True
component_39,component_39,38,38,0.1577554046662028,0.2976288217918729,0.2976288217918729,True
component_52,component_52,51,51,0.15649580906016453,0.2967596195757536,0.2967596195757536,True
component_30,component_30,29,29,0.15243655827867003,0.2696928452375987,0.2696928452375987,True
component_18,component_18,17,17,0.14732154932486205,0.336854323926086,0.336854323926086,True
component_32,component_32,31,31,0.14159909020544642,0.2945489721183275,0.2945489721183275,True
component_43,component_43,42,42,0.1356931420816341,0.2457003268235962,0.2457003268235962,True
component_50,component_50,49,49,0.13008375772073116,0.2731611263108701,0.2731611263108701,True
component_55,component_55,54,54,0.12923022108164758,0.2617238255091439,0.2617238255091439,True
component_60,component_60,59,59,0.12141615343685597,0.2494834824807826,0.2494834824807826,True
component_22,component_22,21,21,0.11993147507924024,0.3570498096247907,0.3570498096247907,True
component_47,component_47,46,46,0.11804682822413097,0.2605468646092027,0.2605468646092027,True
component_49,component_49,48,48,0.11622961514872011,0.2264686096741522,0.2264686096741522,True
component_40,component_40,39,39,0.10929210173255541,0.2472180509708439,0.2472180509708439,True
component_34,component_34,33,33,0.10810015183701052,0.3074715646813353,0.3074715646813353,True
component_31,component_31,30,30,0.09794185515292683,0.2463853288195619,0.2463853288195619,True
component_05,component_40,4,39,0.09779241366978475,-0.191757131299766,0.191757131299766,True
component_10,component_47,9,46,0.09547938700399355,-0.2388792824620985,0.2388792824620985,True
component_46,component_46,45,45,0.0896734160112724,0.2515509564750633,0.2515509564750633,True
component_03,component_43,2,42,0.08832973976901257,0.1689783353057872,0.1689783353057872,True
component_53,component_53,52,52,0.08386278532870008,0.1851299444474748,0.1851299444474748,True
component_48,component_48,47,47,0.07507997550912532,0.2116331901456096,0.2116331901456096,True
component_42,component_42,41,41,0.06949871239964073,0.1865644872054224,0.1865644872054224,True
component_54,component_54,53,53,0.0654995202957207,0.2044151593980942,0.2044151593980942,True
component_06,component_56,5,55,0.061774163823633765,0.1660202582373049,0.1660202582373049,True
component_01,component_22,0,21,0.059231150685309306,-0.1512342844915679,0.1512342844915679,True
component_02,component_09,1,8,0.05911528841464599,0.1860071319734957,0.1860071319734957,True
component_42,component_18,41,17,0.058761436421823535,-0.1406625771984331,0.1406625771984331,True
component_05,component_26,4,25,0.05721227373079842,-0.1718018535536905,0.1718018535536905,True
component_03,component_60,2,59,0.056127514928303875,-0.1670499007994681,0.1670499007994681,True
component_04,component_55,3,54,0.05411264665096791,0.1138653941140814,0.1138653941140814,True
component_01,component_31,0,30,0.054053730297609064,-0.2940081321184161,0.2940081321184161,True
component_05,component_54,4,53,0.05291758564539857,-0.1758380915125369,0.1758380915125369,True
component_28,component_49,27,48,0.05253571979077202,-0.1398224651806972,0.1398224651806972,True
component_02,component_16,1,15,0.05234534987085365,0.0804878154177219,0.0804878154177219,True
component_07,component_03,6,2,0.05229738134888236,0.207867684971004,0.207867684971004,True
component_12,component_15,11,14,0.051032735204344926,-0.1343541841002643,0.1343541841002643,True
component_02,component_52,1,51,0.05073221345814997,0.1290018041177602,0.1290018041177602,True
component_07,component_11,6,10,0.04825487591530017,-0.1433326748466528,0.1433326748466528,True
component_12,component_27,11,26,0.04669034862648329,0.1216657386492041,0.1216657386492041,True
component_23,component_01,22,0,0.046326439972017554,-0.0908092131733327,0.0908092131733327,True
component_04,component_44,3,43,0.04623132252385275,-0.1051149127846129,0.1051149127846129,True
component_56,component_56,55,55,0.045599104630626,0.1684494016199409,0.1684494016199409,True
component_04,component_03,3,2,0.044731381529067145,0.1222980399064861,0.1222980399064861,True
component_12,component_05,11,4,0.044700984736615934,0.0836535278143755,0.0836535278143755,True
component_16,component_48,15,47,0.044059257931503254,0.0556773910238181,0.0556773910238181,True
component_38,component_03,37,2,0.04305372253851268,0.1423944774605455,0.1423944774605455,True
component_51,component_31,50,30,0.042794140735400374,-0.1137690182877625,0.1137690182877625,True
component_01,component_02,0,1,0.041841259796131916,-0.0564467593308853,0.0564467593308853,True
component_01,component_18,0,17,0.0413134472549511,0.0,0.0,False
component_03,component_20,2,19,0.04121074980754415,-0.0883370150663875,0.0883370150663875,True
component_16,component_44,15,43,0.04065031845336061,0.0956691715497934,0.0956691715497934,True
component_05,component_31,4,30,0.04018273199715727,0.1736142237447993,0.1736142237447993,True
component_04,component_30,3,29,0.03946456244842732,-0.1419856465253096,0.1419856465253096,True
component_14,component_31,13,30,0.03906958002610867,-0.1050773052097723,0.1050773052097723,True
component_02,component_54,1,53,0.03845732139768768,0.0,0.0,False
component_29,component_48,28,47,0.0384191426177418,0.0923451399519432,0.0923451399519432,True
component_40,component_36,39,35,0.037602259479510194,-0.0863697896508218,0.0863697896508218,True
component_22,component_10,21,9,0.03758296031186998,-0.1275184783409612,0.1275184783409612,True
component_03,component_10,2,9,0.037179735341267714,-0.1836004040247032,0.1836004040247032,True
component_05,component_39,4,38,0.03676121447257549,-0.1314498297998851,0.1314498297998851,True
component_55,component_60,54,59,0.036141374023890165,-0.0929562516029753,0.0929562516029753,True
component_03,component_14,2,13,0.036048885046466486,-0.1374593549768499,0.1374593549768499,True
component_23,component_28,22,27,0.03582146842231684,-0.1657977025613685,0.1657977025613685,True
component_10,component_25,9,24,0.035448841536130794,0.0665464375948671,0.0665464375948671,True
component_25,component_39,24,38,0.035007158420454765,0.1032835118194877,0.1032835118194877,True
component_02,component_38,1,37,0.034973124857819435,0.0584770745236665,0.0584770745236665,True
component_04,component_46,3,45,0.03495646680912757,0.0,0.0,False
component_29,component_13,28,12,0.034582448583244274,-0.0890951114742674,0.0890951114742674,True
component_07,component_59,6,58,0.03442551408880709,-0.0636981189964019,0.0636981189964019,True
component_08,component_25,7,24,0.0340307523188629,0.0,0.0,False
component_60,component_56,59,55,0.034000655679328945,0.0919923550527915,0.0919923550527915,True
component_58,component_22,57,21,0.033728481238589965,0.11550538222046,0.11550538222046,True
component_02,component_14,1,13,0.03368433024128126,-0.0862871618055061,0.0862871618055061,True
component_43,component_18,42,17,0.03368111415845559,0.1056732784884781,0.1056732784884781,True
component_43,component_38,42,37,0.033508374334331424,0.0,0.0,False
component_10,component_26,9,25,0.03336374027798775,0.0,0.0,False
component_20,component_51,19,50,0.0332816154315172,-0.0715240112115808,0.0715240112115808,True
component_22,component_34,21,33,0.033123577742687434,-0.0492345355543659,0.0492345355543659,True
component_01,component_23,0,22,0.032914984538000555,0.0,0.0,False
component_58,component_23,57,22,0.03280383612743397,0.1321566453282415,0.1321566453282415,True
component_45,component_44,44,43,0.03256207675033722,-0.0866641745709746,0.0866641745709746,True
component_03,component_35,2,34,0.03254522550204246,0.1104404553279995,0.1104404553279995,True
component_01,component_29,0,28,0.032102593058340956,0.0,0.0,False
component_24,component_54,23,53,0.0318813924057502,0.142007348227346,0.142007348227346,True
component_23,component_54,22,53,0.03188035663860532,0.1018318299459343,0.1018318299459343,True
component_03,component_56,2,55,0.030952619914019895,-0.1289581159200832,0.1289581159200832,True
component_28,component_53,27,52,0.03071581087612943,-0.0956105141934679,0.0956105141934679,True
component_02,component_48,1,47,0.030429656667293553,0.165574492495218,0.165574492495218,True
component_02,component_31,1,30,0.030304968684732377,0.1486407959589107,0.1486407959589107,True
component_05,component_24,4,23,0.030240992217614775,0.1602505361384602,0.1602505361384602,True
component_10,component_54,9,53,0.030144529463370238,-0.0978873220089142,0.0978873220089142,True
component_09,component_45,8,44,0.0299872171679603,-0.0965681464049963,0.0965681464049963,True
component_42,component_20,41,19,0.029970257446577515,-0.1207330006430537,0.1207330006430537,True
component_01,component_53,0,52,0.029634871094244758,0.0,0.0,False
component_07,component_22,6,21,0.029591691103472047,0.068621784873299,0.068621784873299,True
component_29,component_56,28,55,0.029590370644341626,0.1743217765845354,0.1743217765845354,True
component_01,component_10,0,9,0.029470048844376862,-0.2810263093551788,0.2810263093551788,True
component_40,component_37,39,36,0.029297931500174373,0.1065772344012662,0.1065772344012662,True
component_07,component_23,6,22,0.029294993990634073,0.0,0.0,False
component_52,component_27,51,26,0.028977884048907786,0.0442431869146321,0.0442431869146321,True
component_05,component_41,4,40,0.028932474239983488,-0.0999280388823211,0.0999280388823211,True
component_02,component_33,1,32,0.02859261392346464,-0.0843327625756283,0.0843327625756283,True
component_12,component_23,11,22,0.028512345830422302,0.0693388259009106,0.0693388259009106,True
component_52,component_49,51,48,0.028245999204508845,0.1081810666500151,0.1081810666500151,True
component_19,component_25,18,24,0.02808990442363548,-0.0948301525482674,0.0948301525482674,True
component_09,component_19,8,18,0.027996989361842767,-0.1045375208386953,0.1045375208386953,True
component_11,component_39,10,38,0.027927008732346253,0.0751325884887273,0.0751325884887273,True
component_58,component_01,57,0,0.027908038709787097,-0.0819342709435672,0.0819342709435672,True
component_01,component_42,0,41,0.027853656941855598,0.0,0.0,False
component_04,component_26,3,25,0.02777692447240284,0.1006503586951044,0.1006503586951044,True
component_18,component_32,17,31,0.02758332877205229,0.0750355757984649,0.0750355757984649,True
component_12,component_44,11,43,0.027308687681155144,-0.0458722149889645,0.0458722149889645,True
component_43,component_48,42,47,0.02715473936371796,-0.0815463108447196,0.0815463108447196,True
component_03,component_19,2,18,0.027143107465424587,-0.1220547328609848,0.1220547328609848,True
component_08,component_50,7,49,0.027045229074408362,0.0986125868542894,0.0986125868542894,True
component_07,component_35,6,34,0.027036703986808498,0.0753704574713708,0.0753704574713708,True
component_11,component_50,10,49,0.02685613660691294,0.0548186095469985,0.0548186095469985,True
component_03,component_09,2,8,0.02681488336265199,-0.1401209522593179,0.1401209522593179,True
component_22,component_07,21,6,0.026714189271705012,-0.099955493667018,0.099955493667018,True
component_17,component_47,16,46,0.0266206512723366,0.0613116667867383,0.0613116667867383,True
component_04,component_15,3,14,0.02656419844652593,-0.0727541953976969,0.0727541953976969,True
component_11,component_12,10,11,0.02624020144395047,-0.0963550804234398,0.0963550804234398,True
component_23,component_10,22,9,0.026196863716879563,0.0780673725839447,0.0780673725839447,True
component_24,component_44,23,43,0.026095690995282497,0.1196430342703259,0.1196430342703259,True
component_46,component_17,45,16,0.025875472347737537,-0.1303397156504206,0.1303397156504206,True
component_08,component_14,7,13,0.025661906664492622,-0.138944894939764,0.138944894939764,True
component_49,component_22,48,21,0.025625192693060295,0.0,0.0,False
component_03,component_45,2,44,0.025588158052085502,-0.1353525930626602,0.1353525930626602,True
component_38,component_18,37,17,0.025579098735716097,0.1061157051671075,0.1061157051671075,True
component_57,component_21,56,20,0.025504848543496515,-0.122458875695744,0.122458875695744,True
component_03,component_57,2,56,0.025502564006798328,-0.0582248784125077,0.0582248784125077,True
component_58,component_54,57,53,0.025454340181077312,0.1087265297901207,0.1087265297901207,True
component_24,component_47,23,46,0.025409015149016535,0.1578950790555442,0.1578950790555442,True
component_06,component_37,5,36,0.025389934242710945,0.0,0.0,False
component_33,component_46,32,45,0.025329685105650507,0.0432805697173345,0.0432805697173345,True
component_03,component_13,2,12,0.025244689038071824,0.0969824631809246,0.0969824631809246,True
component_43,component_23,42,22,0.025034309138003155,-0.1110025995782269,0.1110025995782269,True
component_60,component_24,59,23,0.0246985444554117,0.0667569481520505,0.0667569481520505,True
component_53,component_08,52,7,0.024650186000585498,0.1486636470816783,0.1486636470816783,True
component_12,component_51,11,50,0.024520377168768846,0.0539614535413608,0.0539614535413608,True
component_55,component_37,54,36,0.024498849066474256,0.0722285661146784,0.0722285661146784,True
component_22,component_03,21,2,0.024462081317682162,0.0949061508117054,0.0949061508117054,True
component_23,component_27,22,26,0.02435436600534404,-0.0570142659035025,0.0570142659035025,True
component_51,component_25,50,24,0.024345176167371113,0.0700991296135568,0.0700991296135568,True
component_53,component_19,52,18,0.024152509174907147,-0.1185308741845909,0.1185308741845909,True
component_01,component_60,0,59,0.024145862000077685,0.1126385446477501,0.1126385446477501,True
component_33,component_34,32,33,0.024140682066132648,0.0933131831737511,0.0933131831737511,True
component_09,component_58,8,57,0.02408808745555909,-0.0852548081361341,0.0852548081361341,True
component_20,component_14,19,13,0.023890500142610842,-0.0789934491415801,0.0789934491415801,True
component_49,component_50,48,49,0.023574708946697547,0.0664415395519663,0.0664415395519663,True
component_02,component_41,1,40,0.02335847046123494,0.0,0.0,False
component_16,component_56,15,55,0.023247850393433446,-0.0709185689998834,0.0709185689998834,True
component_17,component_45,16,44,0.023154112054653706,0.1210825234388303,0.1210825234388303,True
component_12,component_35,11,34,0.023027730585227127,0.1517940919116507,0.1517940919116507,True
component_16,component_30,15,29,0.023021030574824485,0.081836367149922,0.081836367149922,True
component_18,component_34,17,33,0.02301892285257867,-0.0905369760776584,0.0905369760776584,True
component_42,component_02,41,1,0.022710656915097,-0.1183147198095091,0.1183147198095091,True
component_32,component_57,31,56,0.022705193985518728,0.0571515241562084,0.0571515241562084,True
component_12,component_49,11,48,0.022624314476598174,-0.0494511889305579,0.0494511889305579,True
component_21,component_07,20,6,0.022573067051679725,0.070904525188399,0.070904525188399,True
component_02,component_18,1,17,0.022349689709267713,0.0795652403680621,0.0795652403680621,True
component_19,component_50,18,49,0.02234313270735943,-0.0819101976638033,0.0819101976638033,True
component_20,component_21,19,20,0.022314169963400875,-0.0889058287764059,0.0889058287764059,True
component_13,component_58,12,57,0.022292892874688365,0.0,0.0,False
component_04,component_42,3,41,0.0222570839219725,0.0,0.0,False
component_58,component_59,57,58,0.022173373833487556,-0.070806490306559,0.070806490306559,True
component_11,component_09,10,8,0.022014494120464308,-0.1412248192121157,0.1412248192121157,True
component_14,component_04,13,3,0.02189822534750059,0.0886008528691862,0.0886008528691862,True
component_15,component_01,14,0,0.021887734521598826,0.0,0.0,False
component_21,component_52,20,51,0.021884551557170947,-0.1015767386654648,0.1015767386654648,True
component_16,component_58,15,57,0.021880934113564468,0.0840727786060309,0.0840727786060309,True
component_07,component_01,6,0,0.021874998019284685,0.0,0.0,False
component_47,component_29,46,28,0.02184276265912231,0.0497430772969882,0.0497430772969882,True
component_07,component_19,6,18,0.021743299102384858,-0.0418250056656267,0.0418250056656267,True
component_19,component_56,18,55,0.021698120414900553,-0.073621325985732,0.073621325985732,True
component_08,component_34,7,33,0.021623049545069682,0.0,0.0,False
component_23,component_60,22,59,0.021418326959163514,0.0,0.0,False
component_08,component_01,7,0,0.021377410101442642,0.0,0.0,False
component_23,component_06,22,5,0.021361904646464498,0.1022723229174931,0.1022723229174931,True
component_21,component_57,20,56,0.02108057355345115,0.1393129414614495,0.1393129414614495,True
component_18,component_47,17,46,0.02095191593819959,-0.0940612744951754,0.0940612744951754,True
component_01,component_12,0,11,0.020829313452327476,0.0,0.0,False
component_07,component_57,6,56,0.020676474289637495,-0.057381445319224,0.057381445319224,True
component_08,component_42,7,41,0.020590114876693814,0.0,0.0,False
component_04,component_24,3,23,0.020581489907743986,0.0,0.0,False
component_05,component_25,4,24,0.020562878501927492,0.0,0.0,False
component_18,component_12,17,11,0.020547687184505878,0.0911763424341185,0.0911763424341185,True
component_47,component_42,46,41,0.02046857270784945,0.0874347689091585,0.0874347689091585,True
component_34,component_53,33,52,0.020443114531492758,0.0496881146428202,0.0496881146428202,True
component_47,component_10,46,9,0.02040744977483981,0.0897474792783176,0.0897474792783176,True
component_11,component_03,10,2,0.020361247065847757,-0.105904168552168,0.105904168552168,True
component_18,component_09,17,8,0.02035892870070522,-0.1099261749770407,0.1099261749770407,True
component_01,component_49,0,48,0.020356144680443354,0.0,0.0,False
component_03,component_06,2,5,0.020151411814945272,-0.1061977569466499,0.1061977569466499,True
component_07,component_20,6,19,0.020077511359893316,-0.1602299588950814,0.1602299588950814,True
component_07,component_13,6,12,0.020077190404069033,-0.1251521686944291,0.1251521686944291,True
component_22,component_55,21,54,0.020021093497914418,0.0617915294182205,0.0617915294182205,True
component_23,component_43,22,42,0.020001040587051634,0.0,0.0,False
component_11,component_53,10,52,0.01979902919152742,0.0916087580560812,0.0916087580560812,True
component_17,component_32,16,31,0.019766931690709064,0.0950405190290873,0.0950405190290873,True
component_03,component_52,2,51,0.01974661044982963,0.0,0.0,False
component_58,component_02,57,1,0.019636638432689785,-0.1331884991739154,0.1331884991739154,True
component_53,component_12,52,11,0.01954852213490188,0.1271976395593302,0.1271976395593302,True
component_13,component_52,12,51,0.019426845455624127,-0.0534342350147505,0.0534342350147505,True
component_34,component_10,33,9,0.019422887881262348,-0.0611123427929543,0.0611123427929543,True
component_19,component_36,18,35,0.019417706015427937,-0.1126060222193466,0.1126060222193466,True
component_03,component_47,2,46,0.01928902908557964,0.0,0.0,False
component_07,component_53,6,52,0.01926733942021702,-0.0783464466686894,0.0783464466686894,True
component_18,component_03,17,2,0.019208437639360684,0.0971995536161524,0.0971995536161524,True
component_54,component_36,53,35,0.019183680767445664,0.114881845568082,0.114881845568082,True
component_05,component_17,4,16,0.019157742194203978,0.0,0.0,False
component_37,component_52,36,51,0.019043946431738533,0.0,0.0,False
component_19,component_08,18,7,0.01885978737998034,-0.0879379705038783,0.0879379705038783,True
component_01,component_48,0,47,0.018810292327210494,-0.1582368182954224,0.1582368182954224,True
component_57,component_29,56,28,0.0187840386556649,0.0640102659219067,0.0640102659219067,True
component_27,component_12,26,11,0.01873962405258736,-0.1068176415291468,0.1068176415291468,True
component_47,component_30,46,29,0.018729836009969143,-0.1272366329773416,0.1272366329773416,True
component_57,component_36,56,35,0.018706484274841974,-0.067001469638734,0.067001469638734,True
component_21,component_51,20,50,0.018638459729664898,0.0,0.0,False
component_06,component_41,5,40,0.018635693304455282,0.1294960986545886,0.1294960986545886,True
component_42,component_06,41,5,0.018630142674189124,0.0,0.0,False
component_38,component_46,37,45,0.018621893505139347,-0.0861097832033817,0.0861097832033817,True
component_07,component_45,6,44,0.018546740855202137,-0.1024872737121502,0.1024872737121502,True
component_30,component_33,29,32,0.018509111951883848,-0.0918567306351613,0.0918567306351613,True
component_01,component_19,0,18,0.018447259618665453,0.0869546404446361,0.0869546404446361,True
component_04,component_60,3,59,0.018427992660010994,0.0,0.0,False
component_16,component_46,15,45,0.018372813975872173,0.0,0.0,False
component_46,component_43,45,42,0.018262383294781283,0.0660006361595634,0.0660006361595634,True
component_24,component_30,23,29,0.01824757010037674,0.0789356550971215,0.0789356550971215,True
component_05,component_22,4,21,0.018229760096947187,0.0,0.0,False
component_39,component_49,38,48,0.018029150271525293,0.0403361694703819,0.0403361694703819,True
component_14,component_56,13,55,0.017991679216837524,0.0751034266524611,0.0751034266524611,True
component_38,component_45,37,44,0.017967273979026997,-0.0873333954546388,0.0873333954546388,True
component_03,component_25,2,24,0.017939322372830104,0.0,0.0,False
component_10,component_38,9,37,0.017821516458585263,0.0,0.0,False
component_10,component_52,9,51,0.017784502580163487,0.0,0.0,False
component_23,component_37,22,36,0.017673101363794047,0.0992007822054331,0.0992007822054331,True
component_22,component_14,21,13,0.017641582675457332,-0.1110858673657403,0.1110858673657403,True
component_23,component_02,22,1,0.01764083263664671,-0.0914023191460047,0.0914023191460047,True
component_34,component_02,33,1,0.01763683248298292,0.0,0.0,False
component_31,component_20,30,19,0.017626047289389362,0.0,0.0,False
component_38,component_04,37,3,0.017500506003585655,0.1190786455162817,0.1190786455162817,True
component_21,component_04,20,3,0.01749823309117278,-0.0903731249888499,0.0903731249888499,True
component_22,component_01,21,0,0.01746880968015708,0.0946995758147944,0.0946995758147944,True
component_09,component_50,8,49,0.01745886366757361,0.0,0.0,False
component_17,component_12,16,11,0.017414683000234712,0.0648245071680892,0.0648245071680892,True
component_34,component_21,33,20,0.01739612895268299,0.0,0.0,False
component_49,component_15,48,14,0.017364094303247618,0.0993792398286889,0.0993792398286889,True
component_38,component_40,37,39,0.01735080775599026,0.0,0.0,False
component_43,component_56,42,55,0.017151932859116353,0.0,0.0,False
component_22,component_46,21,45,0.01711023800059339,0.0,0.0,False
component_33,component_30,32,29,0.017064761630565375,0.077410304839625,0.077410304839625,True
component_30,component_57,29,56,0.017057681021616894,0.0,0.0,False
component_42,component_04,41,3,0.017031704644889584,-0.0897804567680284,0.0897804567680284,True
component_41,component_40,40,39,0.017006000115276136,0.0,0.0,False
component_20,component_41,19,40,0.016962503707916955,0.1087675036654434,0.1087675036654434,True
component_05,component_55,4,54,0.016936487042707428,-0.0672701048248923,0.0672701048248923,True
component_08,component_57,7,56,0.016932831529397056,-0.0578626084608839,0.0578626084608839,True
component_49,component_10,48,9,0.016911689060707363,0.0,0.0,False
component_22,component_16,21,15,0.016874432803292216,0.1325588737982309,0.1325588737982309,True
component_07,component_10,6,9,0.016849418646959095,0.0,0.0,False
component_23,component_40,22,39,0.016827068414584187,-0.1386727304439464,0.1386727304439464,True
component_15,component_31,14,30,0.016747545198410013,-0.0625597050274336,0.0625597050274336,True
component_58,component_39,57,38,0.01673398304399321,0.0,0.0,False
component_14,component_53,13,52,0.016697472658388612,0.0811019147641838,0.0811019147641838,True
component_23,component_16,22,15,0.016576571277329515,0.0583016389081546,0.0583016389081546,True
component_05,component_21,4,20,0.016552747122297984,0.0,0.0,False
component_37,component_44,36,43,0.016432846109039813,0.0744252362075101,0.0744252362075101,True
component_33,component_53,32,52,0.01642064050488649,-0.1262301763422411,0.1262301763422411,True
component_45,component_56,44,55,0.016411704559696882,0.0878865527454669,0.0878865527454669,True
component_31,component_53,30,52,0.016371900808348112,0.0,0.0,False
component_58,component_03,57,2,0.016326469753763097,0.1032503169933723,0.1032503169933723,True
component_14,component_46,13,45,0.01628082816459225,-0.0644567750766882,0.0644567750766882,True
component_07,component_02,6,1,0.016223037547003927,-0.0985194925704105,0.0985194925704105,True
component_16,component_35,15,34,0.016173846068713124,0.0,0.0,False
component_03,component_24,2,23,0.01615229952617385,-0.0794856620092837,0.0794856620092837,True
component_23,component_15,22,14,0.01613713449355146,0.0,0.0,False
component_45,component_54,44,53,0.01613592331897168,0.0732836212523672,0.0732836212523672,True
component_02,component_50,1,49,0.016129164457286543,-0.1146159531763459,0.1146159531763459,True
component_28,component_06,27,5,0.016111872128847585,0.0916108884392846,0.0916108884392846,True
component_58,component_18,57,17,0.016080176056002544,-0.0944368003040015,0.0944368003040015,True
component_51,component_37,50,36,0.016001704542123157,0.0685026780711683,0.0685026780711683,True
component_48,component_13,47,12,0.016001542159664955,0.062549325519971,0.062549325519971,True
component_02,component_15,1,14,0.01599091633751292,-0.096001657907408,0.096001657907408,True
component_04,component_52,3,51,0.015956233265104626,0.0,0.0,False
component_03,component_18,2,17,0.01585799582889877,0.0,0.0,False
component_38,component_09,37,8,0.015838142926108356,-0.0901839153452978,0.0901839153452978,True
component_16,component_59,15,58,0.015835805158703777,0.0858281228715489,0.0858281228715489,True
component_20,component_60,19,59,0.015783540306262094,0.0,0.0,False
component_08,component_31,7,30,0.015767812793960893,0.0,0.0,False
component_60,component_29,59,28,0.01576669947407375,0.0,0.0,False
component_07,component_58,6,57,0.015701654528119002,0.0,0.0,False
component_21,component_53,20,52,0.015693926868506684,0.0,0.0,False
component_03,component_31,2,30,0.015675495596361312,-0.0703021849448355,0.0703021849448355,True
component_22,component_26,21,25,0.01563118104626276,0.0846800385721173,0.0846800385721173,True
component_10,component_50,9,49,0.0155202901945602,0.0,0.0,False
component_09,component_31,8,30,0.0154862543251553,0.0432866389328942,0.0432866389328942,True
component_50,component_55,49,54,0.015442777189143365,0.0986252114203585,0.0986252114203585,True
component_48,component_32,47,31,0.015423552632497325,-0.1057871634086163,0.1057871634086163,True
component_38,component_27,37,26,0.015313974836273694,0.0422133481064942,0.0422133481064942,True
component_56,component_46,55,45,0.015311999388139234,0.0,0.0,False
component_02,component_26,1,25,0.015216404599299117,0.0,0.0,False
component_12,component_52,11,51,0.015175386524868122,0.0,0.0,False
component_04,component_19,3,18,0.015116652645150887,0.0,0.0,False
component_01,component_55,0,54,0.015074830551653295,0.0613440500715747,0.0613440500715747,True
component_35,component_23,34,22,0.015021971448176158,0.0399126887043104,0.0399126887043104,True
component_08,component_05,7,4,0.014982833761014922,0.0,0.0,False
component_46,component_54,45,53,0.014854150458426914,0.0,0.0,False
component_41,component_12,40,11,0.014834330514366228,-0.0818525823236598,0.0818525823236598,True
component_44,component_34,43,33,0.014802767186666597,0.0,0.0,False
component_01,component_34,0,33,0.01479241140030912,0.0,0.0,False
component_11,component_36,10,35,0.014790699593717559,0.0838273309822234,0.0838273309822234,True
component_47,component_38,46,37,0.014777546617769236,0.0,0.0,False
component_42,component_60,41,59,0.01475655210110494,-0.0793740996262965,0.0793740996262965,True
component_60,component_40,59,39,0.014752575368703714,-0.0569557427398799,0.0569557427398799,True
component_09,component_41,8,40,0.014665476484547772,0.0,0.0,False
component_43,component_52,42,51,0.014657948962175794,0.0705603320551056,0.0705603320551056,True
component_03,component_32,2,31,0.014654390709386296,0.112648683182668,0.112648683182668,True
component_06,component_59,5,58,0.014651676075865185,-0.097441594585061,0.097441594585061,True
component_19,component_27,18,26,0.014648473037387666,0.0,0.0,False
component_38,component_56,37,55,0.014600990742442532,0.0,0.0,False
component_10,component_33,9,32,0.014588250976920727,0.0,0.0,False
component_51,component_38,50,37,0.01455482651750108,0.0538399077637888,0.0538399077637888,True
component_39,component_51,38,50,0.0145326332635685,0.0,0.0,False
component_60,component_25,59,24,0.014496713669338804,-0.0814870773768632,0.0814870773768632,True
component_05,component_10,4,9,0.014462810552249412,0.1191487012567882,0.1191487012567882,True
component_22,component_15,21,14,0.014452114010504943,-0.0509448817331197,0.0509448817331197,True
component_11,component_43,10,42,0.01442715087343923,-0.0842954677624335,0.0842954677624335,True
component_58,component_52,57,51,0.014424351045305503,-0.102624484930101,0.102624484930101,True
component_50,component_51,49,50,0.014397429111698104,0.0856281615964324,0.0856281615964324,True
component_56,component_42,55,41,0.014373879150822283,0.0,0.0,False
component_42,component_08,41,7,0.014365714525205289,0.0641885057693415,0.0641885057693415,True
component_46,component_36,45,35,0.014361175566815178,0.0,0.0,False
component_49,component_08,48,7,0.014329137493648104,0.0,0.0,False
component_02,component_39,1,38,0.014307830810786966,0.0,0.0,False
component_22,component_33,21,32,0.014297410500819086,0.0,0.0,False
component_04,component_29,3,28,0.014290527668664616,-0.0427908531132852,0.0427908531132852,True
component_03,component_40,2,39,0.014264727219267737,0.1200022336831768,0.1200022336831768,True
component_13,component_46,12,45,0.0142594762918988,0.0,0.0,False
component_60,component_37,59,36,0.01424181416454617,0.0958924497578996,0.0958924497578996,True
component_58,component_42,57,41,0.014237930196797937,0.0,0.0,False
component_29,component_59,28,58,0.014159546696864929,-0.0746243461951031,0.0746243461951031,True
component_10,component_58,9,57,0.01413039237610038,0.0,0.0,False
component_18,component_54,17,53,0.01412838631172687,0.0,0.0,False
component_36,component_41,35,40,0.014057644021575035,0.0,0.0,False
component_57,component_03,56,2,0.014022040145852288,0.0869062897117546,0.0869062897117546,True
component_58,component_56,57,55,0.014011777957137664,0.0617932792649754,0.0617932792649754,True
component_54,component_47,53,46,0.014001035045090003,-0.0922901080782958,0.0922901080782958,True
component_06,component_21,5,20,0.013990616495737278,0.0,0.0,False
component_42,component_01,41,0,0.013986668249631294,-0.0797455993112151,0.0797455993112151,True
component_08,component_44,7,43,0.013968012634525089,0.0,0.0,False
component_11,component_37,10,36,0.013947264311369787,-0.0429950273077262,0.0429950273077262,True
component_23,component_21,22,20,0.01394313596803982,-0.0639671470981101,0.0639671470981101,True
component_04,component_57,3,56,0.01393338616279961,0.0,0.0,False
component_27,component_35,26,34,0.013931166134205124,-0.0634185169137752,0.0634185169137752,True
component_23,component_35,22,34,0.013921464876314647,0.0,0.0,False
component_08,component_10,7,9,0.013914290480080718,0.0,0.0,False
component_02,component_58,1,57,0.013880838712655445,0.047240303574016,0.047240303574016,True
component_58,component_10,57,9,0.013862476802232182,0.0882281166985578,0.0882281166985578,True
component_30,component_41,29,40,0.013852689558077096,0.0,0.0,False
component_09,component_38,8,37,0.013845583162301809,0.050283970022406,0.050283970022406,True
component_03,component_15,2,14,0.013819068667972804,0.0,0.0,False
component_39,component_59,38,58,0.0138118899424973,-0.0617635137431381,0.0617635137431381,True
component_30,component_45,29,44,0.013794762841145603,-0.0822224847442578,0.0822224847442578,True
component_55,component_20,54,19,0.013719263674852902,0.0859650173007164,0.0859650173007164,True
component_54,component_34,53,33,0.013717197813119291,0.0,0.0,False
component_19,component_03,18,2,0.01370684329283052,0.1090603389941244,0.1090603389941244,True
component_51,component_07,50,6,0.013679212363236704,-0.0619921386148471,0.0619921386148471,True
component_45,component_46,44,45,0.01362524419801079,-0.0585771448375905,0.0585771448375905,True
component_04,component_50,3,49,0.013602613205814892,0.0,0.0,False
component_29,component_08,28,7,0.013591550647225819,0.0622515212305005,0.0622515212305005,True
component_03,component_49,2,48,0.013559265406689976,-0.1160154974422587,0.1160154974422587,True
component_29,component_22,28,21,0.013551795972409825,0.0476077474624427,0.0476077474624427,True
component_30,component_14,29,13,0.01350205063896656,0.0,0.0,False
component_12,component_55,11,54,0.013485909196207568,0.0,0.0,False
component_14,component_40,13,39,0.013481519787951052,0.1164378038302688,0.1164378038302688,True
component_21,component_42,20,41,0.013478728583879086,-0.0828132993185845,0.0828132993185845,True
component_15,component_12,14,11,0.013458666694744785,0.0814473780785927,0.0814473780785927,True
component_16,component_11,15,10,0.013437295423941543,0.0,0.0,False
component_23,component_46,22,45,0.01342592772347766,0.0587888038256697,0.0587888038256697,True
component_14,component_28,13,27,0.013408028969685246,0.0680826816215546,0.0680826816215546,True
component_12,component_58,11,57,0.013403520209066681,0.0,0.0,False
component_08,component_30,7,29,0.013378761247479505,0.0954774869198379,0.0954774869198379,True
component_16,component_52,15,51,0.013365361670660682,0.0,0.0,False
component_12,component_26,11,25,0.0132587659405498,0.0,0.0,False
component_22,component_60,21,59,0.013252557394307753,-0.046395955895543,0.046395955895543,True
component_22,component_37,21,36,0.013249927349587447,0.0,0.0,False
component_29,component_05,28,4,0.01319765524980853,0.0968581457291207,0.0968581457291207,True
component_08,component_20,7,19,0.01311824274783499,0.0,0.0,False
component_55,component_48,54,47,0.013102294477031349,-0.04607519548587,0.04607519548587,True
component_18,component_22,17,21,0.01309340947340629,0.0,0.0,False
component_38,component_17,37,16,0.013092576080124464,0.0,0.0,False
component_56,component_50,55,49,0.012997530287805807,-0.0881271354237568,0.0881271354237568,True
component_07,component_56,6,55,0.012944214473084553,0.0,0.0,False
component_28,component_40,27,39,0.012939817322711262,0.0,0.0,False
component_19,component_35,18,34,0.012915903092647067,0.0,0.0,False
component_04,component_39,3,38,0.012902351065955608,0.0,0.0,False
component_37,component_27,36,26,0.012843810361322561,-0.077699196640653,0.077699196640653,True
component_60,component_49,59,48,0.012798133735014889,0.0,0.0,False
component_24,component_22,23,21,0.012771241135977895,0.0,0.0,False
component_38,component_35,37,34,0.012724801335070719,0.0560353908075231,0.0560353908075231,True
component_53,component_01,52,0,0.012723170503709235,-0.0977806368307612,0.0977806368307612,True
component_06,component_29,5,28,0.01270638814042061,0.0,0.0,False
component_10,component_18,9,17,0.012683845457889906,0.0,0.0,False
component_59,component_51,58,50,0.012656302584513923,-0.082907993553252,0.082907993553252,True
component_57,component_32,56,31,0.012630963635233533,-0.0679251434825802,0.0679251434825802,True
component_38,component_47,37,46,0.012530668717380082,-0.0481794189668167,0.0481794189668167,True
component_36,component_37,35,36,0.012529417702655133,0.0791054904009249,0.0791054904009249,True
component_01,component_28,0,27,0.012491870134880453,-0.0976667255991798,0.0976667255991798,True
component_03,component_17,2,16,0.012473077834992016,0.1108716368403842,0.1108716368403842,True
component_06,component_08,5,7,0.012462454514275578,-0.061555156289006,0.061555156289006,True
component_25,component_38,24,37,0.01242873287631329,0.0708273045682879,0.0708273045682879,True
component_51,component_39,50,38,0.012394383214182281,0.0806694377325287,0.0806694377325287,True
component_47,component_08,46,7,0.012373385898817278,0.0,0.0,False
component_28,component_46,27,45,0.012366065142338428,0.0,0.0,False
component_16,component_39,15,38,0.012362661148361844,0.0569120108977373,0.0569120108977373,True
component_24,component_10,23,9,0.012327248415044931,0.0,0.0,False
component_02,component_42,1,41,0.012264000389450355,0.0,0.0,False
component_16,component_17,15,16,0.012259755978645207,-0.0574220176263241,0.0574220176263241,True
component_53,component_38,52,37,0.01221922851747901,0.0,0.0,False
component_41,component_30,40,29,0.012213970752557902,-0.0852712371084711,0.0852712371084711,True
component_22,component_24,21,23,0.012211500973190969,-0.0645485040696702,0.0645485040696702,True
component_26,component_35,25,34,0.012210812788930025,0.0,0.0,False
component_12,component_43,11,42,0.012158418883744677,0.0645111852943856,0.0645111852943856,True
component_60,component_14,59,13,0.012068420039170694,0.0,0.0,False
component_37,component_33,36,32,0.012064641841207546,0.0,0.0,False
component_24,component_01,23,0,0.012062643739836558,0.0,0.0,False
component_02,component_12,1,11,0.01206187681683276,0.0,0.0,False
component_22,component_08,21,7,0.012038055757177932,-0.082515609735166,0.082515609735166,True
component_29,component_01,28,0,0.0120337821954755,-0.0422230686519444,0.0422230686519444,True
component_32,component_12,31,11,0.012017618173310252,-0.0655705189992528,0.0655705189992528,True
component_02,component_19,1,18,0.012009171575645438,0.0,0.0,False
component_14,component_17,13,16,0.011935261595729071,0.0398181791922627,0.0398181791922627,True
component_52,component_55,51,54,0.011926812998621618,-0.0893965205737185,0.0893965205737185,True
component_51,component_52,50,51,0.011923042917998623,-0.0702720611282882,0.0702720611282882,True
component_34,component_20,33,19,0.011898874584723624,0.0,0.0,False
component_10,component_34,9,33,0.011869111611920908,0.0,0.0,False
component_24,component_48,23,47,0.011842388861598344,0.0,0.0,False
component_34,component_36,33,35,0.011826387444159998,0.0,0.0,False
component_02,component_01,1,0,0.0118031107135284,-0.1524997125802889,0.1524997125802889,True
component_53,component_02,52,1,0.011758461311450101,-0.0974674978528512,0.0974674978528512,True
component_59,component_46,58,45,0.011737429622117376,-0.0499292223358358,0.0499292223358358,True
component_05,component_49,4,48,0.011725680474202822,0.0,0.0,False
component_06,component_46,5,45,0.011684328294038687,0.0,0.0,False
component_03,component_53,2,52,0.011629642007682267,0.0,0.0,False
component_24,component_31,23,30,0.011599538889549153,-0.0589151488641387,0.0589151488641387,True
component_55,component_05,54,4,0.011571835761065366,0.0,0.0,False
component_48,component_24,47,23,0.011523296437436575,0.0,0.0,False
component_40,component_12,39,11,0.011481788049896843,0.0,0.0,False
component_43,component_24,42,23,0.011465588330819343,0.0,0.0,False
component_35,component_56,34,55,0.011456623723973361,0.058835411900917,0.058835411900917,True
component_43,component_01,42,0,0.0114521486730296,0.0576101755968983,0.0576101755968983,True
component_14,component_02,13,1,0.011450627424212224,0.1056581773467212,0.1056581773467212,True
component_02,component_20,1,19,0.01141623552014555,0.0,0.0,False
component_17,component_05,16,4,0.011405108464848115,0.0816736708974916,0.0816736708974916,True
component_08,component_53,7,52,0.011401316152502044,-0.1142481134998952,0.1142481134998952,True
component_40,component_31,39,30,0.011384849180405922,0.0,0.0,False
component_14,component_13,13,12,0.01134081000130447,0.0519203399287592,0.0519203399287592,True
component_28,component_52,27,51,0.011333668489282595,0.0,0.0,False
component_06,component_31,5,30,0.011329597784257565,0.0,0.0,False
component_33,component_12,32,11,0.011314974464605927,-0.1037036403750995,0.1037036403750995,True
component_11,component_08,10,7,0.0112963609891301,-0.1282036481553185,0.1282036481553185,True
component_22,component_54,21,53,0.011266573111077427,0.0,0.0,False
component_37,component_17,36,16,0.011264863915536813,-0.074636768014149,0.074636768014149,True
component_14,component_35,13,34,0.011152520888111228,0.0,0.0,False
component_16,component_10,15,9,0.011152131013227116,0.0,0.0,False
component_32,component_33,31,32,0.01114859358918565,-0.055363986467425,0.055363986467425,True
component_60,component_31,59,30,0.011133980854219712,0.0,0.0,False
component_16,component_55,15,54,0.01112614785059128,0.0787610398583381,0.0787610398583381,True
component_24,component_46,23,45,0.011081708626420269,0.0809142432240251,0.0809142432240251,True
component_57,component_51,56,50,0.011075066335023033,-0.1094584881437316,0.1094584881437316,True
component_42,component_23,41,22,0.011074769764085769,0.0,0.0,False
component_32,component_50,31,49,0.011068522355266515,0.0484668738092176,0.0484668738092176,True
component_58,component_49,57,48,0.011061628714115618,0.0,0.0,False
component_12,component_42,11,41,0.011051969882046035,0.0,0.0,False
component_11,component_02,10,1,0.011049051554581683,0.0,0.0,False
component_09,component_11,8,10,0.01104380449355771,0.0696605442983434,0.0696605442983434,True
component_43,component_54,42,53,0.011006748692541193,-0.077973174965297,0.077973174965297,True
component_43,component_15,42,14,0.010998128695530063,0.0,0.0,False
component_39,component_04,38,3,0.01099201107821957,0.0440333750391982,0.0440333750391982,True
component_07,component_24,6,23,0.010923043729931439,0.0,0.0,False
component_42,component_56,41,55,0.0109030609475582,0.0,0.0,False
component_58,component_43,57,42,0.010860405081847845,0.0,0.0,False
component_43,component_30,42,29,0.01083289779460213,-0.079742923544393,0.079742923544393,True
component_46,component_11,45,10,0.010813415439879376,-0.0899530378250503,0.0899530378250503,True
component_03,component_22,2,21,0.010811588079054772,0.0,0.0,False
component_49,component_23,48,22,0.010798208087496382,0.0,0.0,False
component_50,component_25,49,24,0.010778826106482932,0.1099163929829871,0.1099163929829871,True
component_09,component_10,8,9,0.010768365928516332,0.0,0.0,False
component_46,component_53,45,52,0.010767449307526086,0.0,0.0,False
component_01,component_36,0,35,0.010763636422348597,0.0771935872566221,0.0771935872566221,True
component_58,component_20,57,19,0.010761357375857223,-0.0394919786777618,0.0394919786777618,True
component_18,component_55,17,54,0.010752294306160662,-0.1076863721006677,0.1076863721006677,True
component_31,component_40,30,39,0.010745772009622529,0.0,0.0,False
component_51,component_26,50,25,0.010741025952096084,0.0,0.0,False
component_19,component_12,18,11,0.010707685617611729,0.0,0.0,False
component_23,component_18,22,17,0.010675158461089646,-0.0779705552900181,0.0779705552900181,True
component_40,component_21,39,20,0.010650408075241459,0.0,0.0,False
component_16,component_34,15,33,0.010615638633122256,0.0,0.0,False
component_55,component_13,54,12,0.010574255124917095,-0.0564080257129547,0.0564080257129547,True
component_28,component_20,27,19,0.010562884660701054,0.0667367227895169,0.0667367227895169,True
component_60,component_27,59,26,0.010485242622090614,0.0,0.0,False
component_27,component_23,26,22,0.01046593712061439,-0.0935112453288807,0.0935112453288807,True
component_06,component_22,5,21,0.010461494838195586,0.0421857124639566,0.0421857124639566,True
component_49,component_58,48,57,0.010411126471892226,-0.0924263403005673,0.0924263403005673,True
component_10,component_48,9,47,0.010374881151370304,0.0,0.0,False
component_29,component_37,28,36,0.010363901768283895,0.0618050003602452,0.0618050003602452,True
component_17,component_28,16,27,0.010356232032478612,0.0,0.0,False
component_23,component_26,22,25,0.01035359271747443,0.0,0.0,False
component_20,component_40,19,39,0.010329261286722046,0.0,0.0,False
component_37,component_12,36,11,0.010308450280158699,-0.0681339716608585,0.0681339716608585,True
component_45,component_22,44,21,0.010300277165023426,0.1146930233265266,0.1146930233265266,True
component_29,component_52,28,51,0.01029125718460544,-0.0595957420000922,0.0595957420000922,True
component_11,component_17,10,16,0.010273160747623305,0.0,0.0,False
component_18,component_43,17,42,0.010272258240600775,0.0,0.0,False
component_30,component_29,29,28,0.010271802872496998,0.0,0.0,False
component_13,component_04,12,3,0.010259408027839274,-0.0755953007581066,0.0755953007581066,True
component_09,component_07,8,6,0.010255863361282508,-0.0645988901655534,0.0645988901655534,True
component_03,component_30,2,29,0.0102010590630639,0.0,0.0,False
component_33,component_42,32,41,0.010183014711979906,0.0,0.0,False
component_44,component_14,43,13,0.010182197053648527,0.0673943879672456,0.0673943879672456,True
component_18,component_41,17,40,0.010172557974816077,0.0,0.0,False
component_33,component_07,32,6,0.010132597038240541,0.0596165880801595,0.0596165880801595,True
component_28,component_35,27,34,0.010129089073444036,0.0509734398740603,0.0509734398740603,True
component_30,component_32,29,31,0.010125109592873924,0.0,0.0,False
component_16,component_27,15,26,0.01007643436161446,0.0,0.0,False
component_53,component_23,52,22,0.010073117369823286,0.0,0.0,False
component_01,component_51,0,50,0.010044890249775364,0.0,0.0,False
component_39,component_35,38,34,0.010041360567394969,0.0,0.0,False
component_23,component_22,22,21,0.010035295875247964,0.0,0.0,False
component_15,component_59,14,58,0.010029714281027148,0.0701480688865979,0.0701480688865979,True
component_19,component_46,18,45,0.010004748287235524,-0.0575789255809556,0.0575789255809556,True
component_19,component_09,18,8,0.009997281608372844,0.0434403105949018,0.0434403105949018,True
component_07,component_60,6,59,0.009969144048840282,0.0,0.0,False
component_50,component_59,49,58,0.009968446955121318,0.0,0.0,False
component_60,component_38,59,37,0.009966206087233006,-0.0794526509443528,0.0794526509443528,True
component_14,component_03,13,2,0.009952302060220446,0.0924572469823437,0.0924572469823437,True
component_42,component_41,41,40,0.009918225508611574,0.0,0.0,False
component_09,component_25,8,24,0.009908478394058206,-0.0927211108801422,0.0927211108801422,True
component_09,component_55,8,54,0.009899997773594259,0.0,0.0,False
component_58,component_48,57,47,0.009894539326080263,0.0472159636326477,0.0472159636326477,True
component_03,component_27,2,26,0.00981545256050468,0.0,0.0,False
component_01,component_38,0,37,0.009803697457220352,0.0,0.0,False
component_08,component_27,7,26,0.009802501058803287,0.0,0.0,False
component_13,component_33,12,32,0.009800048185571137,0.0,0.0,False
component_45,component_13,44,12,0.00977811195156682,-0.0636915513370578,0.0636915513370578,True
component_30,component_23,29,22,0.009743958470161445,0.0,0.0,False
component_08,component_41,7,40,0.00973962465289094,0.0,0.0,False
component_57,component_24,56,23,0.009726093420100577,0.0960638220942393,0.0960638220942393,True
component_37,component_20,36,19,0.0097248869654015,0.0695061822817345,0.0695061822817345,True
component_04,component_13,3,12,0.009718656359652052,0.0714452813057115,0.0714452813057115,True
component_01,component_54,0,53,0.009718473027637632,0.0,0.0,False
component_15,component_05,14,4,0.00971360659981076,0.0,0.0,False
component_24,component_09,23,8,0.00971071298770284,0.0,0.0,False
component_18,component_04,17,3,0.009695140745453898,-0.052307913311301,0.052307913311301,True
component_31,component_14,30,13,0.009694838066038271,0.0,0.0,False
component_28,component_54,27,53,0.009690326075613608,0.0,0.0,False
component_01,component_30,0,29,0.009660239575957616,0.0,0.0,False
component_01,component_37,0,36,0.009624547565463038,0.0,0.0,False
component_49,component_32,48,31,0.009607414019264586,0.0,0.0,False
component_04,component_02,3,1,0.009599997491399972,-0.107040920839581,0.107040920839581,True
component_51,component_42,50,41,0.009594642946335653,0.0,0.0,False
component_35,component_12,34,11,0.00955754625167484,0.0,0.0,False
component_08,component_32,7,31,0.009553270788801981,-0.0737128538717254,0.0737128538717254,True
component_37,component_43,36,42,0.009541047884451453,0.0862308744281706,0.0862308744281706,True
component_12,component_45,11,44,0.009540656328338766,0.0,0.0,False
component_41,component_45,40,44,0.00950440508698149,-0.0623706010554575,0.0623706010554575,True
component_12,component_37,11,36,0.009501825730773765,0.0701756837288773,0.0701756837288773,True
component_08,component_33,7,32,0.009496159285953083,-0.0743422948182308,0.0743422948182308,True
component_30,component_42,29,41,0.009490817811102021,0.0,0.0,False
component_32,component_42,31,41,0.009490681133227203,-0.0707241778612207,0.0707241778612207,True
component_41,component_18,40,17,0.009479397116506473,0.0,0.0,False
component_25,component_59,24,58,0.009445843574730873,0.0,0.0,False
component_18,component_48,17,47,0.00944199995598318,0.0591477360481947,0.0591477360481947,True
component_29,component_38,28,37,0.009428176190386245,0.0,0.0,False
component_31,component_32,30,31,0.009427282451993223,0.0,0.0,False
component_04,component_40,3,39,0.009388267911559884,0.0,0.0,False
component_06,component_23,5,22,0.009375356342319525,0.0,0.0,False
component_49,component_56,48,55,0.009353336747458942,0.0,0.0,False
component_13,component_01,12,0,0.00934795682310258,-0.075821889762334,0.075821889762334,True
component_31,component_27,30,26,0.009335956281822443,0.0,0.0,False
component_27,component_38,26,37,0.0093067389838103,0.0,0.0,False
component_33,component_09,32,8,0.009295082420752356,0.0772041522181946,0.0772041522181946,True
component_49,component_19,48,18,0.009250772310249542,0.0,0.0,False
component_23,component_19,22,18,0.009238136716551038,0.0,0.0,False
component_56,component_34,55,33,0.009228209324069488,-0.0452380668080129,0.0452380668080129,True
component_19,component_26,18,25,0.009211498897891038,0.058302755115431,0.058302755115431,True
component_25,component_07,24,6,0.009194652226978885,-0.0656826347387971,0.0656826347387971,True
component_13,component_18,12,17,0.009194091478415234,0.0,0.0,False
component_02,component_04,1,3,0.009187262716223655,-0.0760404340871306,0.0760404340871306,True
component_22,component_57,21,56,0.009184930091990376,0.0,0.0,False
component_15,component_10,14,9,0.009174395574583938,0.0,0.0,False
component_41,component_50,40,49,0.009148987900129083,0.0,0.0,False
component_01,component_43,0,42,0.009139311970705614,-0.0618873172609991,0.0618873172609991,True
component_14,component_58,13,57,0.009113551880462482,0.0770131494180334,0.0770131494180334,True
component_22,component_47,21,46,0.009110719143449957,-0.0532529363346411,0.0532529363346411,True
component_05,component_47,4,46,0.009100694973909789,0.0,0.0,False
component_50,component_19,49,18,0.009091238365455731,0.0812689270541533,0.0812689270541533,True
component_47,component_34,46,33,0.009090843017966144,0.0859775228866942,0.0859775228866942,True
component_33,component_35,32,34,0.009084522144352644,-0.0826033962146984,0.0826033962146984,True
component_53,component_49,52,48,0.009067316774866304,0.0,0.0,False
component_50,component_54,49,53,0.009060903139110763,-0.0943883272732952,0.0943883272732952,True
component_60,component_15,59,14,0.009023081167080647,0.0,0.0,False
component_15,component_47,14,46,0.009020808123439182,0.0,0.0,False
component_54,component_59,53,58,0.009018461847558766,0.0,0.0,False
component_35,component_02,34,1,0.008986263939965662,-0.0466036567355207,0.0466036567355207,True
component_22,component_56,21,55,0.008986171374446093,0.0,0.0,False
component_49,component_02,48,1,0.008982405943753154,0.0,0.0,False
component_19,component_22,18,21,0.008974735681639666,0.0,0.0,False
component_32,component_01,31,0,0.008969144304824973,0.0,0.0,False
component_50,component_53,49,52,0.008959050103066558,0.0,0.0,False
component_13,component_35,12,34,0.008949298702859215,0.0,0.0,False
component_48,component_26,47,25,0.00893702425981747,0.0,0.0,False
component_05,component_09,4,8,0.008929862487379562,0.0,0.0,False
component_04,component_09,3,8,0.008918595127148696,0.0747571783264943,0.0747571783264943,True
component_29,component_33,28,32,0.008895747775410518,0.0,0.0,False
component_05,component_13,4,12,0.008880681811001465,0.0,0.0,False
component_14,component_05,13,4,0.008868957506424455,-0.0826439958873821,0.0826439958873821,True
component_25,component_40,24,39,0.00885305747887372,0.0,0.0,False
component_21,component_50,20,49,0.008845496701090316,0.0,0.0,False
component_44,component_50,43,49,0.008844731240943546,-0.0581442297834641,0.0581442297834641,True
component_21,component_28,20,27,0.008835633570597658,0.0,0.0,False
component_42,component_50,41,49,0.008817271415761245,0.0,0.0,False
component_60,component_33,59,32,0.008816646869944465,0.0,0.0,False
component_60,component_08,59,7,0.008805054764564488,0.0,0.0,False
component_01,component_04,0,3,0.00880321919580869,0.0,0.0,False
component_04,component_25,3,24,0.008799062382415365,0.0,0.0,False
component_44,component_24,43,23,0.008780548522434156,-0.0761843139154905,0.0761843139154905,True
component_17,component_26,16,25,0.008735742962510649,0.0489087705923062,0.0489087705923062,True
component_05,component_16,4,15,0.008726199728800791,0.0,0.0,False
component_54,component_30,53,29,0.00872427933697448,0.0,0.0,False
component_18,component_57,17,56,0.008711521339995094,0.0,0.0,False
component_40,component_06,39,5,0.008708422676067234,0.0520796860460444,0.0520796860460444,True
component_15,component_19,14,18,0.008700527327524663,0.0529417432356452,0.0529417432356452,True
component_25,component_26,24,25,0.008676601406551685,0.0409416246585493,0.0409416246585493,True
component_51,component_32,50,31,0.008670706249061643,0.0,0.0,False
component_53,component_31,52,30,0.008662865243497592,0.0862288794434963,0.0862288794434963,True
component_46,component_24,45,23,0.008660522945453693,-0.0748611840985026,0.0748611840985026,True
component_14,component_55,13,54,0.008642347451290347,0.0,0.0,False
component_52,component_25,51,24,0.008621371608803607,-0.0810459757312661,0.0810459757312661,True
component_06,component_14,5,13,0.008613788128059616,0.0,0.0,False
component_45,component_50,44,49,0.008607859820185578,0.0643243069287433,0.0643243069287433,True
component_25,component_45,24,44,0.00860345689108607,0.0,0.0,False
component_56,component_26,55,25,0.008596466800606432,-0.1160823109627822,0.1160823109627822,True
component_59,component_11,58,10,0.008582713355913558,0.0,0.0,False
component_20,component_50,19,49,0.008576921464329288,0.0,0.0,False
component_16,component_47,15,46,0.008568055503782295,-0.0514887746001165,0.0514887746001165,True
component_12,component_24,11,23,0.008567934248591978,-0.07075969342481,0.07075969342481,True
component_16,component_43,15,42,0.008556999411938025,0.0597482354529341,0.0597482354529341,True
component_42,component_53,41,52,0.008537347912288409,0.0,0.0,False
component_55,component_44,54,43,0.008516443195092338,0.0,0.0,False
component_25,component_49,24,48,0.008489234433515295,0.0,0.0,False
component_07,component_48,6,47,0.008467736393462797,0.0,0.0,False
component_43,component_22,42,21,0.008460784695211075,-0.128356428395034,0.128356428395034,True
component_06,component_57,5,56,0.00845286326054827,0.0,0.0,False
component_23,component_13,22,12,0.008449588249606378,-0.0687104487930266,0.0687104487930266,True
component_34,component_57,33,56,0.008445354987091704,0.0,0.0,False
component_30,component_11,29,10,0.008432625772596127,-0.0661599806544426,0.0661599806544426,True
component_23,component_31,22,30,0.008422741750025246,0.0,0.0,False
component_12,component_11,11,10,0.00842247847416077,0.0,0.0,False
component_15,component_42,14,41,0.00840256361819505,0.0,0.0,False
component_34,component_50,33,49,0.008373793266001886,0.0,0.0,False
component_14,component_41,13,40,0.008363502884553455,0.0,0.0,False
component_15,component_52,14,51,0.008355250361164655,0.0798057051337698,0.0798057051337698,True
component_16,component_49,15,48,0.008339477901185593,0.0550392528055695,0.0550392528055695,True
component_45,component_31,44,30,0.008338550632780228,0.0,0.0,False
component_26,component_50,25,49,0.008337144887519549,0.0,0.0,False
component_29,component_49,28,48,0.008251755545408784,0.0,0.0,False
component_43,component_41,42,40,0.008238249984581737,0.0,0.0,False
component_26,component_17,25,16,0.008237726661058355,0.0,0.0,False
component_25,component_48,24,47,0.008236358637618083,0.0,0.0,False
component_13,component_53,12,52,0.00822355637497164,0.0,0.0,False
component_44,component_45,43,44,0.008223324878645345,0.0,0.0,False
component_51,component_55,50,54,0.008211427385365521,0.0675410226788037,0.0675410226788037,True
component_04,component_58,3,57,0.008188123241653923,0.0978086067864513,0.0978086067864513,True
component_53,component_18,52,17,0.0081879596057041,-0.0552131384984959,0.0552131384984959,True
component_07,component_49,6,48,0.008184321472271017,-0.0692380037303516,0.0692380037303516,True
component_36,component_03,35,2,0.008182698611950777,0.110923724320924,0.110923724320924,True
component_53,component_42,52,41,0.008127882516665842,0.0,0.0,False
component_48,component_30,47,29,0.008117518024631395,-0.0718537620925834,0.0718537620925834,True
component_37,component_23,36,22,0.0081128263110574,-0.0459789588683982,0.0459789588683982,True
component_59,component_33,58,32,0.008081324696365168,0.0,0.0,False
component_05,component_30,4,29,0.008060060242202759,0.0,0.0,False
component_02,component_32,1,31,0.008051215428697349,0.0,0.0,False
component_20,component_53,19,52,0.008031210544184337,0.1064292076114874,0.1064292076114874,True
component_29,component_39,28,38,0.008020286404109522,0.0,0.0,False
component_18,component_10,17,9,0.008013214820252032,0.0646494253636375,0.0646494253636375,True
component_36,component_57,35,56,0.008010268153439627,0.0579566594985227,0.0579566594985227,True
component_56,component_55,55,54,0.008006358965915146,0.0513809793332283,0.0513809793332283,True
component_24,component_23,23,22,0.007984852862914778,0.0976533827486469,0.0976533827486469,True
component_13,component_21,12,20,0.00797650844819154,0.0,0.0,False
component_42,component_19,41,18,0.0079647362363949,0.0,0.0,False
component_35,component_07,34,6,0.007937421154348229,0.0,0.0,False
component_51,component_24,50,23,0.00792489640558925,-0.0562775259310993,0.0562775259310993,True
component_56,component_45,55,44,0.007915595684629005,-0.0629618633655071,0.0629618633655071,True
component_41,component_22,40,21,0.00791245608423333,0.0,0.0,False
component_31,component_49,30,48,0.007908548239042867,0.0,0.0,False
component_56,component_47,55,46,0.007906516127541471,0.0,0.0,False
component_33,component_44,32,43,0.007900397233903868,0.0,0.0,False
component_58,component_06,57,5,0.007887455618884553,0.0,0.0,False
component_05,component_46,4,45,0.007886441925732283,0.0,0.0,False
component_03,component_42,2,41,0.007882744907426511,0.0,0.0,False
component_51,component_08,50,7,0.00787708851250174,0.0,0.0,False
component_07,component_21,6,20,0.007875842544902537,0.0,0.0,False
component_23,component_44,22,43,0.007854820919438555,0.0,0.0,False
component_34,component_23,33,22,0.007835212889007622,0.0,0.0,False
component_09,component_52,8,51,0.007822457508629466,0.0,0.0,False
component_14,component_48,13,47,0.007820610477011089,0.0,0.0,False
component_18,component_29,17,28,0.007813379215722576,0.0,0.0,False
component_47,component_48,46,47,0.007811191817790232,0.0,0.0,False
component_37,component_45,36,44,0.007807490512134675,-0.0656526053134152,0.0656526053134152,True
component_07,component_17,6,16,0.0077947467008844815,0.0,0.0,False
component_53,component_43,52,42,0.0077897171792890105,0.0,0.0,False
component_25,component_08,24,7,0.0077852706310298,0.0807835915157265,0.0807835915157265,True
component_39,component_57,38,56,0.0077798591752971,0.0,0.0,False
component_06,component_16,5,15,0.007776630484921642,0.0,0.0,False
component_18,component_46,17,45,0.007774990197788544,0.0,0.0,False
component_08,component_16,7,15,0.0077732476855716555,0.0,0.0,False
component_03,component_38,2,37,0.007772705268813056,-0.0668629637945585,0.0668629637945585,True
component_20,component_13,19,12,0.0077682058747136394,0.0,0.0,False
component_12,component_07,11,6,0.007765969988084931,0.0,0.0,False
component_49,component_17,48,16,0.0077444650633093585,0.0,0.0,False
component_02,component_21,1,20,0.007720562020350722,0.0,0.0,False
component_60,component_39,59,38,0.007712307272009189,0.0,0.0,False
component_22,component_30,21,29,0.0077112602765049675,0.0,0.0,False
component_20,component_48,19,47,0.007707864272584017,0.0,0.0,False
component_14,component_38,13,37,0.00770486699715069,0.0,0.0,False
component_08,component_22,7,21,0.007674244823455934,0.0,0.0,False
component_09,component_42,8,41,0.007657312887457884,0.0660150001457798,0.0660150001457798,True
component_20,component_43,19,42,0.007655246621941215,0.0,0.0,False
component_29,component_10,28,9,0.007645727529709186,0.0,0.0,False
component_60,component_01,59,0,0.007644569379022252,0.0,0.0,False
component_33,component_10,32,9,0.00764114530477272,-0.0804963726133642,0.0804963726133642,True
component_35,component_09,34,8,0.0076362461762893245,-0.0531999667333512,0.0531999667333512,True
component_23,component_33,22,32,0.007624241200132652,0.0,0.0,False
component_33,component_59,32,58,0.007621605891285925,0.0,0.0,False
component_44,component_39,43,38,0.007613908298887442,0.0,0.0,False
component_60,component_55,59,54,0.00760283344155819,0.0,0.0,False
component_34,component_16,33,15,0.007602022455186128,0.0,0.0,False
component_24,component_43,23,42,0.007598984577391405,0.0,0.0,False
component_29,component_55,28,54,0.007595223707328549,0.0568324388395852,0.0568324388395852,True
component_19,component_42,18,41,0.007587253601990095,0.0,0.0,False
component_14,component_32,13,31,0.007583165818435768,0.0,0.0,False
component_13,component_43,12,42,0.007578859834180544,0.0463663889849831,0.0463663889849831,True
component_37,component_01,36,0,0.007574228375237493,0.0414769093870152,0.0414769093870152,True
component_29,component_40,28,39,0.007573464424892509,0.0,0.0,False
component_37,component_31,36,30,0.00757196533242276,0.0,0.0,False
component_50,component_01,49,0,0.007563534822348266,0.0,0.0,False
component_13,component_19,12,18,0.007562167811237859,-0.090996913263277,0.090996913263277,True
component_29,component_19,28,18,0.007562037463134445,0.0515300654882293,0.0515300654882293,True
component_17,component_49,16,48,0.007554259452749306,-0.0781506886359142,0.0781506886359142,True
component_42,component_37,41,36,0.007553795737132774,0.0589532596763944,0.0589532596763944,True
component_52,component_24,51,23,0.007553621937393306,0.0,0.0,False
component_60,component_12,59,11,0.00755226028754909,0.0,0.0,False
component_39,component_14,38,13,0.007538429505551076,0.0,0.0,False
component_17,component_16,16,15,0.007533433459037071,0.0807237340321291,0.0807237340321291,True
component_10,component_21,9,20,0.007524657089035224,0.0,0.0,False
component_42,component_44,41,43,0.007523752042696748,-0.0406105770999029,0.0406105770999029,True
component_34,component_04,33,3,0.00751442290141612,0.0,0.0,False
component_38,component_55,37,54,0.00751287885944077,0.0,0.0,False
component_37,component_08,36,7,0.007492354066392518,-0.058552028852883,0.058552028852883,True
component_20,component_29,19,28,0.007489655842556105,0.0,0.0,False
component_17,component_53,16,52,0.0074882711361960825,0.0,0.0,False
component_02,component_10,1,9,0.007465770613893953,0.0576948606328226,0.0576948606328226,True
component_40,component_52,39,51,0.0074636171334995765,-0.070313306180266,0.070313306180266,True
component_40,component_04,39,3,0.007450344903298087,-0.0666744158041683,0.0666744158041683,True
component_09,component_56,8,55,0.007442948759960389,0.0,0.0,False
component_21,component_16,20,15,0.007436161627143969,0.0,0.0,False
component_15,component_57,14,56,0.007421243659202515,0.0,0.0,False
component_04,component_22,3,21,0.007418292853914178,0.0,0.0,False
component_09,component_27,8,26,0.007415841196946979,0.0,0.0,False
component_16,component_25,15,24,0.0073888578386968095,0.0,0.0,False
component_07,component_12,6,11,0.007383511591571157,0.0,0.0,False
component_60,component_16,59,15,0.00737823698227579,0.0,0.0,False
component_04,component_59,3,58,0.0073698545749328334,0.0,0.0,False
component_52,component_10,51,9,0.00736387083944323,0.0794845429571265,0.0794845429571265,True
component_29,component_20,28,19,0.007361633428371299,-0.1046457619155046,0.1046457619155046,True
component_42,component_15,41,14,0.007361407210020587,0.0,0.0,False
component_02,component_08,1,7,0.007354498705413688,0.0,0.0,False
component_38,component_42,37,41,0.007348198434686071,0.0623022622863782,0.0623022622863782,True
component_03,component_28,2,27,0.007335585592425873,0.0,0.0,False
component_46,component_60,45,59,0.007325413230113027,0.0,0.0,False
component_43,component_39,42,38,0.007313743632370834,0.0,0.0,False
component_53,component_54,52,53,0.0073128908889238346,0.0599351813367173,0.0599351813367173,True
component_03,component_34,2,33,0.007304370623559451,-0.070380638954475,0.070380638954475,True
component_23,component_14,22,13,0.007302686202088796,0.0,0.0,False
component_33,component_15,32,14,0.007301109800733485,0.0,0.0,False
component_57,component_31,56,30,0.007280713198868538,0.0577600166155711,0.0577600166155711,True
component_03,component_16,2,15,0.007275159984968712,0.0,0.0,False
component_40,component_53,39,52,0.007273908413183724,0.0,0.0,False
component_59,component_39,58,38,0.007272096771721662,0.0,0.0,False
component_26,component_59,25,58,0.0072683074537644035,0.0,0.0,False
component_38,component_39,37,38,0.0072485778716598025,0.0,0.0,False
component_24,component_56,23,55,0.00723816850885873,0.0,0.0,False
component_06,component_30,5,29,0.007229640995607533,0.0,0.0,False
component_27,component_01,26,0,0.007228179604098854,0.0569653032660567,0.0569653032660567,True
component_22,component_29,21,28,0.007224336282237191,0.0,0.0,False
component_28,component_18,27,17,0.007221695488640707,0.0,0.0,False
component_21,component_46,20,45,0.00719562599782283,-0.0636433723152345,0.0636433723152345,True
component_53,component_11,52,10,0.007178426505760791,0.0,0.0,False
component_33,component_45,32,44,0.007165247392987144,0.0,0.0,False
component_09,component_21,8,20,0.007149963035875579,0.0,0.0,False
component_18,component_21,17,20,0.007146926194091659,0.0708850998103045,0.0708850998103045,True
component_10,component_53,9,52,0.007145934980369771,0.0,0.0,False
component_20,component_56,19,55,0.007130014540685572,0.0,0.0,False
component_48,component_52,47,51,0.007123873357445146,0.0573072305763671,0.0573072305763671,True
component_34,component_60,33,59,0.0071177629877561665,0.0,0.0,False
component_15,component_40,14,39,0.007103814547033228,0.0,0.0,False
component_27,component_32,26,31,0.007097427028642366,0.0,0.0,False
component_08,component_11,7,10,0.0070842342112406535,0.0417933250800788,0.0417933250800788,True
component_21,component_27,20,26,0.007071313445887385,0.0,0.0,False
component_31,component_34,30,33,0.007062025828266025,0.0,0.0,False
component_35,component_30,34,29,0.00705794399594079,0.0,0.0,False
component_52,component_35,51,34,0.007050927755529297,0.0,0.0,False
component_05,component_36,4,35,0.0070432100383165525,0.0,0.0,False
component_51,component_34,50,33,0.007032367075914384,0.0,0.0,False
component_34,component_22,33,21,0.007021409147633384,0.0,0.0,False
component_24,component_32,23,31,0.007018201241172533,0.0,0.0,False
component_42,component_54,41,53,0.007010870035814055,0.0,0.0,False
component_24,component_12,23,11,0.007008519192303551,0.0,0.0,False
component_55,component_46,54,45,0.007002344196195449,0.0,0.0,False
component_24,component_40,23,39,0.007000750934712749,0.0,0.0,False
component_45,component_33,44,32,0.007000736409793049,-0.0547830068891467,0.0547830068891467,True
component_42,component_40,41,39,0.007000030034365426,0.0,0.0,False
component_56,component_59,55,58,0.006989714932485834,0.0,0.0,False
component_40,component_33,39,32,0.006980234970711145,0.0,0.0,False
component_43,component_19,42,18,0.006975974960537124,0.0,0.0,False
component_21,component_19,20,18,0.0069698830829855295,0.0,0.0,False
component_57,component_38,56,37,0.006954126735146744,0.0,0.0,False
component_06,component_28,5,27,0.006930566730014662,-0.0879718168880901,0.0879718168880901,True
component_29,component_11,28,10,0.006925581679418041,0.0,0.0,False
component_13,component_24,12,23,0.006919966867553739,0.0,0.0,False
component_31,component_37,30,36,0.006906776749730208,0.0,0.0,False
component_33,component_37,32,36,0.006899192939570396,0.0,0.0,False
component_18,component_60,17,59,0.006898807627223082,0.0,0.0,False
component_27,component_43,26,42,0.006897097474246647,0.0,0.0,False
component_14,component_12,13,11,0.006883611455998421,0.0655035287432364,0.0655035287432364,True
component_57,component_17,56,16,0.006856074822709261,0.0,0.0,False
component_24,component_34,23,33,0.006854201816501298,0.1253759079722013,0.1253759079722013,True
component_27,component_37,26,36,0.006849305778351841,0.0,0.0,False
component_51,component_60,50,59,0.006845326956689499,0.0703490467633202,0.0703490467633202,True
component_16,component_21,15,20,0.006833002575376941,0.0,0.0,False
component_13,component_41,12,40,0.006825265181488484,-0.0551371220386538,0.0551371220386538,True
component_54,component_60,53,59,0.00682466985926016,0.0,0.0,False
component_36,component_42,35,41,0.0068197925578188925,0.0,0.0,False
component_06,component_07,5,6,0.006818390886177474,0.0,0.0,False
component_39,component_12,38,11,0.006807555439434202,-0.0805842966703206,0.0805842966703206,True
component_47,component_33,46,32,0.0067991514082695196,-0.0633029869838975,0.0633029869838975,True
component_56,component_30,55,29,0.006789387053717375,0.0,0.0,False
component_10,component_23,9,22,0.006777919205857293,0.0,0.0,False
component_43,component_08,42,7,0.0067629824525630225,0.0,0.0,False
component_24,component_13,23,12,0.006759708692762344,0.0,0.0,False
component_15,component_28,14,27,0.006755402020999632,0.0,0.0,False
component_27,component_02,26,1,0.00675042930301845,0.0,0.0,False
component_14,component_36,13,35,0.006745726054868232,0.0,0.0,False
component_05,component_07,4,6,0.006743432327254615,0.0729553568713733,0.0729553568713733,True
component_10,component_39,9,38,0.006741370204300805,0.0,0.0,False
component_45,component_48,44,47,0.00673683840336119,0.0833338693646999,0.0833338693646999,True
component_58,component_45,57,44,0.006716199673689494,0.0,0.0,False
component_27,component_04,26,3,0.006693479751726615,0.0,0.0,False
component_35,component_45,34,44,0.006681232811640061,0.0,0.0,False
component_12,component_40,11,39,0.00667813290135183,0.0,0.0,False
component_07,component_04,6,3,0.006666487078346,0.0,0.0,False
component_50,component_46,49,45,0.006660634276196769,-0.0683880536790833,0.0683880536790833,True
component_22,component_36,21,35,0.006656494846086387,0.0,0.0,False
component_09,component_32,8,31,0.006645211524177557,0.0,0.0,False
component_17,component_06,16,5,0.006638614421507704,0.0,0.0,False
component_09,component_47,8,46,0.0066355146560147325,0.0,0.0,False
component_16,component_42,15,41,0.006629426415049612,0.0,0.0,False
component_28,component_26,27,25,0.006616659728029573,0.0,0.0,False
component_13,component_47,12,46,0.00661067157825564,0.0,0.0,False
component_43,component_25,42,24,0.006601703303614969,0.0,0.0,False
component_35,component_01,34,0,0.0065868065152420545,0.0,0.0,False
component_30,component_54,29,53,0.006560007710107319,0.0,0.0,False
component_41,component_42,40,41,0.006557534870635352,0.0,0.0,False
component_34,component_48,33,47,0.006550619358770777,0.0,0.0,False
component_43,component_28,42,27,0.006535278209171304,0.0,0.0,False
component_29,component_06,28,5,0.006532806452894176,0.0576335549930104,0.0576335549930104,True
component_01,component_08,0,7,0.0065273390410964475,0.0,0.0,False
component_47,component_57,46,56,0.00652556926737444,-0.0667522648277821,0.0667522648277821,True
component_35,component_47,34,46,0.006516672410216355,0.0,0.0,False
component_36,component_56,35,55,0.00651028982494245,0.0,0.0,False
component_21,component_35,20,34,0.006509606338201064,0.0,0.0,False
component_45,component_02,44,1,0.006505915366541607,0.0,0.0,False
component_57,component_44,56,43,0.006495131808611032,0.0552821546641615,0.0552821546641615,True
component_38,component_29,37,28,0.006480531549489752,0.0,0.0,False
component_43,component_60,42,59,0.006478768961967981,0.0638045301962534,0.0638045301962534,True
component_48,component_16,47,15,0.006475252364192692,0.0,0.0,False
component_34,component_55,33,54,0.0064651742898864965,0.0466368305466126,0.0466368305466126,True
component_06,component_44,5,43,0.006451888068073505,0.0,0.0,False
component_15,component_25,14,24,0.006444481345823745,0.0409011883439652,0.0409011883439652,True
component_31,component_18,30,17,0.006433945767994626,0.0,0.0,False
component_51,component_16,50,15,0.006412961883730941,0.0,0.0,False
component_20,component_49,19,48,0.006403933081130162,0.0725629129966179,0.0725629129966179,True
component_07,component_51,6,50,0.006402103038134812,0.0,0.0,False
component_06,component_58,5,57,0.006400901040325452,0.0,0.0,False
component_46,component_07,45,6,0.006397948736575839,-0.046756013780514,0.046756013780514,True
component_45,component_07,44,6,0.00639779781092479,0.0,0.0,False
component_55,component_11,54,10,0.006384442999523426,0.0,0.0,False
component_23,component_36,22,35,0.006379599308336063,0.0,0.0,False
component_28,component_44,27,43,0.006364133728399332,-0.0676866347977843,0.0676866347977843,True
component_05,component_15,4,14,0.006357839908878007,0.0701976785681908,0.0701976785681908,True
component_48,component_41,47,40,0.006357593660795018,0.0,0.0,False
component_01,component_50,0,49,0.006350088255828782,0.0,0.0,False
component_05,component_48,4,47,0.00633622841936587,0.0762377663176571,0.0762377663176571,True
component_03,component_08,2,7,0.0063262662725530935,0.0,0.0,False
component_42,component_16,41,15,0.00631473600117117,-0.0699379047307568,0.0699379047307568,True
component_29,component_23,28,22,0.00630768787127839,0.0,0.0,False
component_31,component_55,30,54,0.006304138729412924,0.0,0.0,False
component_13,component_29,12,28,0.0062941840263200715,0.0,0.0,False
component_29,component_47,28,46,0.00629377149086012,0.0,0.0,False
component_50,component_28,49,27,0.006288385602609286,0.0,0.0,False
component_58,component_08,57,7,0.006281195030660154,0.0,0.0,False
component_12,component_09,11,8,0.006273693678199278,0.0,0.0,False
component_34,component_37,33,36,0.006254493045754742,0.0,0.0,False
component_36,component_45,35,44,0.006249462570258281,0.0,0.0,False
component_16,component_60,15,59,0.0062444224934711644,0.0,0.0,False
component_51,component_17,50,16,0.006234342940534125,-0.0539614154710667,0.0539614154710667,True
component_24,component_15,23,14,0.006232587657275846,0.0,0.0,False
component_23,component_03,22,2,0.006208427253659079,0.0,0.0,False
component_02,component_06,1,5,0.006206270849012584,0.0,0.0,False
component_34,component_49,33,48,0.006198134220102932,0.0,0.0,False
component_38,component_53,37,52,0.00619795870032034,0.0,0.0,False
component_12,component_22,11,21,0.0061820967962048995,0.0896990555688861,0.0896990555688861,True
component_31,component_45,30,44,0.006178064602289015,0.0,0.0,False
component_55,component_10,54,9,0.006162678144591767,0.0,0.0,False
component_42,component_47,41,46,0.006153719448517782,0.0,0.0,False
component_41,component_20,40,19,0.0061118189643755445,0.0,0.0,False
component_59,component_26,58,25,0.006109254411597154,0.0,0.0,False
component_36,component_13,35,12,0.006105382394338955,0.0,0.0,False
component_56,component_10,55,9,0.0060966554585625485,0.0,0.0,False
component_06,component_01,5,0,0.0060900193517958905,0.0,0.0,False
component_17,component_43,16,42,0.006088851747492126,0.0,0.0,False
component_45,component_37,44,36,0.0060827764316239985,0.0,0.0,False
component_49,component_59,48,58,0.0060796347579051765,0.0,0.0,False
component_23,component_08,22,7,0.006064823963648921,0.0,0.0,False
component_60,component_04,59,3,0.006057938701414746,0.0,0.0,False
component_30,component_52,29,51,0.006052336789820156,0.0,0.0,False
component_05,component_29,4,28,0.006050292403860406,0.0,0.0,False
component_49,component_30,48,29,0.0060402427094126895,0.0,0.0,False
component_30,component_36,29,35,0.006030019111545959,0.0,0.0,False
component_17,component_22,16,21,0.0060277943674153294,0.0,0.0,False
component_14,component_42,13,41,0.006024404699944938,0.0,0.0,False
component_42,component_59,41,58,0.006022769443618903,0.0,0.0,False
component_30,component_19,29,18,0.0060174519232079095,0.0,0.0,False
component_55,component_49,54,48,0.006014950236458588,-0.0788094166214959,0.0788094166214959,True
component_58,component_31,57,30,0.006009635472251347,0.0,0.0,False
component_27,component_31,26,30,0.006006814915069131,0.0,0.0,False
component_20,component_11,19,10,0.006006621534662964,0.0,0.0,False
component_35,component_24,34,23,0.005999593640436227,-0.1040937627090321,0.1040937627090321,True
component_04,component_16,3,15,0.0059933631533123435,0.0,0.0,False
component_14,component_50,13,49,0.005973589240301768,0.0,0.0,False
component_37,component_04,36,3,0.005971824891988983,0.0480429927055671,0.0480429927055671,True
component_11,component_33,10,32,0.00597043302051845,0.0,0.0,False
component_42,component_22,41,21,0.0059665517265598605,0.0915153295781237,0.0915153295781237,True
component_30,component_08,29,7,0.005966461869364347,0.0,0.0,False
component_35,component_15,34,14,0.0059655027350620435,0.0,0.0,False
component_14,component_37,13,36,0.005961289240692121,-0.0736736642874869,0.0736736642874869,True
component_30,component_04,29,3,0.005938105730235824,0.0,0.0,False
component_33,component_02,32,1,0.005936554781624573,0.0463252133208911,0.0463252133208911,True
component_22,component_42,21,41,0.005933354541577908,0.0432302204969137,0.0432302204969137,True
component_55,component_04,54,3,0.0059315010245947555,0.0,0.0,False
component_48,component_20,47,19,0.005931430018389239,-0.0687510659791005,0.0687510659791005,True
component_60,component_44,59,43,0.005920129005637813,0.0,0.0,False
component_14,component_18,13,17,0.005918835825421326,0.0,0.0,False
component_22,component_59,21,58,0.005917492162302479,0.0,0.0,False
component_50,component_06,49,5,0.005917476872904776,0.0478867849386544,0.0478867849386544,True
component_30,component_03,29,2,0.005913624700052108,0.0716739738460879,0.0716739738460879,True
component_49,component_25,48,24,0.005909472018812778,0.0,0.0,False
component_24,component_26,23,25,0.005908180632704386,0.0,0.0,False
component_49,component_45,48,44,0.005906852210887571,0.0,0.0,False
component_56,component_08,55,7,0.005895116109773103,0.0,0.0,False
component_15,component_54,14,53,0.005894426565861885,0.0,0.0,False
component_15,component_41,14,40,0.005890814381787884,0.0,0.0,False
component_10,component_49,9,48,0.005888160838509843,0.0,0.0,False
component_14,component_09,13,8,0.005883771389462588,0.0,0.0,False
component_20,component_24,19,23,0.005879956028309899,0.0,0.0,False
component_60,component_18,59,17,0.005869342361691661,0.0,0.0,False
component_22,component_49,21,48,0.005865787974296445,0.0,0.0,False
component_39,component_19,38,18,0.005861046063664842,0.0,0.0,False
component_34,component_15,33,14,0.005856118037880046,0.0,0.0,False
component_53,component_16,52,15,0.005843274071219828,0.0,0.0,False
component_32,component_03,31,2,0.005843256478555531,0.0,0.0,False
component_50,component_26,49,25,0.005842386272573735,0.0,0.0,False
component_18,component_27,17,26,0.005831514549366722,0.0,0.0,False
component_19,component_59,18,58,0.005824421190861768,0.0,0.0,False
component_23,component_53,22,52,0.005820471320146558,0.0,0.0,False
component_17,component_55,16,54,0.005814412895215203,0.0,0.0,False
component_43,component_34,42,33,0.005801300339958531,0.0845156656295803,0.0845156656295803,True
component_35,component_50,34,49,0.005792909973547495,0.0,0.0,False
component_12,component_01,11,0,0.005792406191417312,0.0,0.0,False
component_55,component_25,54,24,0.005782112772621987,0.0,0.0,False
component_48,component_37,47,36,0.005780454866207782,-0.0688367681505944,0.0688367681505944,True
component_09,component_46,8,45,0.0057748376120830515,0.0,0.0,False
component_11,component_18,10,17,0.005764387031125255,0.0715583063795259,0.0715583063795259,True
component_32,component_27,31,26,0.005741468972757602,0.0,0.0,False
component_55,component_53,54,52,0.005741461482106493,0.0,0.0,False
component_08,component_48,7,47,0.005740053963451546,0.0,0.0,False
component_32,component_02,31,1,0.005737583856210109,0.0,0.0,False
component_48,component_29,47,28,0.005736422923042043,0.0,0.0,False
component_37,component_19,36,18,0.005735404706397242,0.0,0.0,False
component_44,component_23,43,22,0.005719582155650251,0.0750275372930092,0.0750275372930092,True
component_03,component_36,2,35,0.005718560899041528,0.0,0.0,False
component_10,component_60,9,59,0.005716096961833069,0.0,0.0,False
component_38,component_30,37,29,0.005712159205300634,0.0,0.0,False
component_41,component_01,40,0,0.00570790833555127,0.0,0.0,False
component_34,component_01,33,0,0.005706750965429139,0.0,0.0,False
component_50,component_30,49,29,0.005684233968850396,-0.0860641914231781,0.0860641914231781,True
component_37,component_36,36,35,0.005677460347061668,0.0,0.0,False
component_54,component_20,53,19,0.005668159445341418,-0.0597588025421036,0.0597588025421036,True
component_17,component_50,16,49,0.0056613065644779345,0.0,0.0,False
component_20,component_57,19,56,0.005646331989410262,0.0,0.0,False
component_15,component_50,14,49,0.005637479521432008,0.0,0.0,False
component_22,component_44,21,43,0.005627131774253033,0.0,0.0,False
component_27,component_48,26,47,0.005619623131206322,-0.0782417315003722,0.0782417315003722,True
component_17,component_29,16,28,0.005618546186909464,0.0526933245889408,0.0526933245889408,True
component_37,component_06,36,5,0.005617083386290965,-0.0531936799366619,0.0531936799366619,True
component_57,component_49,56,48,0.00561695591580631,0.0,0.0,False
component_02,component_29,1,28,0.0056061503740460275,0.0,0.0,False
component_51,component_20,50,19,0.0056060229449688866,0.0,0.0,False
component_37,component_38,36,37,0.0055974134209881635,0.0,0.0,False
component_39,component_28,38,27,0.00559723073755148,0.0,0.0,False
component_53,component_51,52,50,0.005594668099395927,0.0,0.0,False
component_01,component_46,0,45,0.005591783277656504,0.0,0.0,False
component_16,component_54,15,53,0.005589572214101027,0.0,0.0,False
component_20,component_45,19,44,0.005577518721470869,0.0,0.0,False
component_41,component_10,40,9,0.005574871283239626,0.0,0.0,False
component_25,component_41,24,40,0.005551833368411882,0.0,0.0,False
component_25,component_15,24,14,0.005550611030578693,0.0,0.0,False
component_46,component_55,45,54,0.00554782575879399,0.0,0.0,False
component_57,component_16,56,15,0.00554732683619294,-0.0653973268840633,0.0653973268840633,True
component_33,component_28,32,27,0.005544208203114726,0.0,0.0,False
component_12,component_14,11,13,0.005542905086355791,0.0,0.0,False
component_15,component_21,14,20,0.005542007216258091,0.0468055791792834,0.0468055791792834,True
component_54,component_55,53,54,0.005540671940422603,0.0,0.0,False
component_10,component_55,9,54,0.005539290627627134,0.0539641782801166,0.0539641782801166,True
component_45,component_60,44,59,0.005537191865532193,-0.0689921692285217,0.0689921692285217,True
component_29,component_42,28,41,0.005529040896702021,0.0,0.0,False
component_17,component_33,16,32,0.0055245694431261365,0.0,0.0,False
component_18,component_02,17,1,0.005511435433844681,-0.0883070988469712,0.0883070988469712,True
component_59,component_22,58,21,0.005511346478036054,0.0,0.0,False
component_49,component_53,48,52,0.005499265224332072,0.0,0.0,False
component_50,component_40,49,39,0.005498848271515565,0.0,0.0,False
component_09,component_54,8,53,0.0054826977112454565,0.0,0.0,False
component_38,component_52,37,51,0.0054808505534600475,0.0,0.0,False
component_57,component_41,56,40,0.005467609306647337,0.0,0.0,False
component_33,component_13,32,12,0.0054672894043191755,0.0761816912238858,0.0761816912238858,True
component_47,component_32,46,31,0.00546208151686764,-0.0803598323077625,0.0803598323077625,True
component_37,component_16,36,15,0.00546040391591422,0.0,0.0,False
component_44,component_35,43,34,0.0054597169957019825,0.0,0.0,False
component_13,component_42,12,41,0.005447019980024026,0.0,0.0,False
component_19,component_49,18,48,0.0054457779434769205,0.0,0.0,False
component_11,component_40,10,39,0.0054445643893217995,0.061503060966025,0.061503060966025,True
component_05,component_51,4,50,0.0054331368748542115,0.0,0.0,False
component_49,component_06,48,5,0.005430741994185844,0.0,0.0,False
component_01,component_47,0,46,0.005426129484377824,0.0,0.0,False
component_39,component_18,38,17,0.005420908871756094,0.0,0.0,False
component_53,component_06,52,5,0.0054164934530971254,0.0486553105273389,0.0486553105273389,True
component_54,component_24,53,23,0.005397777696520677,0.0,0.0,False
component_59,component_06,58,5,0.00539422833247171,0.0,0.0,False
component_26,component_38,25,37,0.00539341071487583,0.0,0.0,False
component_17,component_04,16,3,0.0053898916622674795,-0.0504234547471495,0.0504234547471495,True
component_52,component_08,51,7,0.005384162444048661,0.0,0.0,False
component_05,component_53,4,52,0.0053773341873804385,0.0,0.0,False
component_40,component_38,39,37,0.00537154774097579,0.0,0.0,False
component_08,component_24,7,23,0.005364764820809715,0.0,0.0,False
component_26,component_57,25,56,0.005360619272277076,0.0,0.0,False
component_09,component_18,8,17,0.005357425554031705,0.0,0.0,False
component_59,component_54,58,53,0.00535482423285993,0.0,0.0,False
component_04,component_36,3,35,0.005349489729072762,0.0958943033182732,0.0958943033182732,True
component_32,component_38,31,37,0.0053479974231324294,0.0,0.0,False
component_13,component_36,12,35,0.005346496944462794,0.0,0.0,False
component_55,component_15,54,14,0.005335142325296072,0.0,0.0,False
component_48,component_02,47,1,0.005334972280111203,0.0563311607221062,0.0563311607221062,True
component_33,component_50,32,49,0.005318324339678496,0.0806083627562325,0.0806083627562325,True
component_08,component_28,7,27,0.005314803025943037,-0.0663692416729013,0.0663692416729013,True
component_11,component_21,10,20,0.005309736277981434,0.0,0.0,False
component_10,component_42,9,41,0.0053040603994076296,0.0,0.0,False
component_47,component_60,46,59,0.005303037508774203,0.0461390556952309,0.0461390556952309,True
component_34,component_13,33,12,0.005302530424364319,0.0,0.0,False
component_49,component_52,48,51,0.0052826422592727185,-0.0542856868019752,0.0542856868019752,True
component_51,component_02,50,1,0.005277493889642116,0.0,0.0,False
component_40,component_27,39,26,0.005271254330652999,0.0,0.0,False
component_17,component_21,16,20,0.0052711493164291625,0.0,0.0,False
component_09,component_34,8,33,0.005269026739690933,0.0,0.0,False
component_42,component_30,41,29,0.005264130878663495,0.0,0.0,False
component_02,component_03,1,2,0.005259683757631611,0.0868589954307972,0.0868589954307972,True
component_53,component_20,52,19,0.0052552383504452325,-0.0794766803642837,0.0794766803642837,True
component_47,component_01,46,0,0.005253647585222403,-0.0734441693744916,0.0734441693744916,True
component_27,component_41,26,40,0.005242768877360976,0.0,0.0,False
component_27,component_34,26,33,0.005241594174048026,0.0,0.0,False
component_25,component_47,24,46,0.005240401451312826,0.0,0.0,False
component_35,component_13,34,12,0.005238680195758166,0.0,0.0,False
component_11,component_59,10,58,0.005232489847932927,0.0,0.0,False
component_34,component_58,33,57,0.005227230794841226,0.0,0.0,False
component_40,component_32,39,31,0.005217089737769465,0.0,0.0,False
component_56,component_04,55,3,0.005204462981012814,0.0,0.0,False
component_11,component_25,10,24,0.005202851437669928,-0.0593023915952403,0.0593023915952403,True
component_41,component_02,40,1,0.005198930740539327,0.0,0.0,False
component_25,component_12,24,11,0.005197765625255107,0.0,0.0,False
component_24,component_33,23,32,0.005189388298916164,0.0,0.0,False
component_39,component_06,38,5,0.005177942563238336,0.0,0.0,False
component_45,component_39,44,38,0.005156080284531356,0.0,0.0,False
component_56,component_17,55,16,0.005123173613043225,0.0,0.0,False
component_41,component_52,40,51,0.0051182537701247015,0.0,0.0,False
component_35,component_52,34,51,0.005115548560018254,0.0,0.0,False
component_07,component_43,6,42,0.005113614871355012,0.0,0.0,False
component_25,component_60,24,59,0.005102560634260168,0.0,0.0,False
component_58,component_29,57,28,0.005077355456117705,-0.0900013728988524,0.0900013728988524,True
component_25,component_04,24,3,0.005074484268041144,0.0,0.0,False
component_29,component_21,28,20,0.005067711169695994,0.067399381584491,0.067399381584491,True
component_28,component_38,27,37,0.005065033047827652,0.0,0.0,False
component_31,component_10,30,9,0.0050609477277418335,0.0,0.0,False
component_45,component_40,44,39,0.00505933765604154,0.0,0.0,False
component_48,component_04,47,3,0.005055230326779694,0.0671267901830207,0.0671267901830207,True
component_28,component_05,27,4,0.005054234262441691,0.0,0.0,False
component_25,component_57,24,56,0.005049038920575911,0.0671091410600591,0.0671091410600591,True
component_01,component_58,0,57,0.005048882049020893,0.0,0.0,False
component_49,component_09,48,8,0.00504456510732262,-0.0623697358915943,0.0623697358915943,True
component_30,component_51,29,50,0.005041410152651067,0.0,0.0,False
component_04,component_32,3,31,0.00503287075529642,-0.0821856422233911,0.0821856422233911,True
component_47,component_55,46,54,0.005030879168187672,-0.0935082732030807,0.0935082732030807,True
component_57,component_14,56,13,0.005027454071882714,-0.0463159754813958,0.0463159754813958,True
component_30,component_17,29,16,0.005023980706922461,0.0,0.0,False
component_46,component_02,45,1,0.005018057571300247,-0.0935252032694185,0.0935252032694185,True
component_24,component_45,23,44,0.005006984026613955,0.0,0.0,False
component_41,component_19,40,18,0.005004011084039842,0.0,0.0,False
component_47,component_06,46,5,0.0050019935795412454,0.0,0.0,False
component_51,component_01,50,0,0.004998231721373776,0.0,0.0,False
component_15,component_48,14,47,0.004978445796623068,0.0,0.0,False
component_10,component_09,9,8,0.004971554325420444,0.0,0.0,False
component_22,component_35,21,34,0.004971182470103149,0.0,0.0,False
component_04,component_06,3,5,0.004960534724181046,0.0,0.0,False
component_07,component_36,6,35,0.004951998077031283,0.0,0.0,False
component_12,component_03,11,2,0.0049516762136967395,0.0,0.0,False
component_31,component_04,30,3,0.004947979535179161,0.0,0.0,False
component_58,component_38,57,37,0.004947832041023505,0.0,0.0,False
component_29,component_34,28,33,0.0049470150895471075,0.0,0.0,False
component_41,component_11,40,10,0.00494445996390922,0.0,0.0,False
component_17,component_10,16,9,0.004931019818276167,0.055732730780705,0.055732730780705,True
component_27,component_51,26,50,0.004930312833942023,0.0,0.0,False
component_47,component_21,46,20,0.004929836057334866,0.0,0.0,False
component_19,component_11,18,10,0.004929685932876028,0.0,0.0,False
component_34,component_42,33,41,0.004928390715382007,0.0,0.0,False
component_27,component_15,26,14,0.004927069056011719,0.0,0.0,False
component_27,component_50,26,49,0.004926332612116106,0.0,0.0,False
component_35,component_55,34,54,0.004920531791885192,0.0,0.0,False
component_12,component_41,11,40,0.0049188724501791565,0.0,0.0,False
component_44,component_42,43,41,0.004915945419086804,0.0,0.0,False
component_18,component_56,17,55,0.004899173125333573,0.0,0.0,False
component_26,component_36,25,35,0.004898390580554607,0.0,0.0,False
component_07,component_29,6,28,0.004895869237101761,0.0,0.0,False
component_55,component_43,54,42,0.004890062245841816,-0.0689952958505337,0.0689952958505337,True
component_26,component_55,25,54,0.004889352131746087,0.0,0.0,False
component_38,component_48,37,47,0.004885693687442199,0.0,0.0,False
component_11,component_13,10,12,0.004877966203539414,0.0,0.0,False
component_04,component_49,3,48,0.004876477528729368,0.0,0.0,False
component_32,component_40,31,39,0.004871993746517502,0.0,0.0,False
component_59,component_10,58,9,0.004867179164630517,0.0,0.0,False
component_08,component_51,7,50,0.004861773542394818,0.0,0.0,False
component_59,component_25,58,24,0.004860699185092564,0.0,0.0,False
component_20,component_52,19,51,0.004854139601479138,0.0,0.0,False
component_53,component_32,52,31,0.004853660264230176,0.0,0.0,False
component_08,component_04,7,3,0.004849328479550031,-0.0989154371658612,0.0989154371658612,True
component_16,component_57,15,56,0.004846406534385377,0.0,0.0,False
component_60,component_41,59,40,0.004844820626337294,0.0,0.0,False
component_23,component_17,22,16,0.004843851669607398,0.0,0.0,False
component_10,component_16,9,15,0.004833630761280954,0.0,0.0,False
component_19,component_20,18,19,0.0048286069210820015,-0.0907886678843758,0.0907886678843758,True
component_07,component_08,6,7,0.004819527109658549,-0.0693710989573972,0.0693710989573972,True
component_26,component_47,25,46,0.004817635328027887,0.0,0.0,False
component_25,component_58,24,57,0.004817223543439743,0.0,0.0,False
component_56,component_53,55,52,0.004815381309316223,0.0,0.0,False
component_03,component_01,2,0,0.004814191698090627,0.0,0.0,False
component_33,component_24,32,23,0.004809190418116251,0.0,0.0,False
component_06,component_53,5,52,0.004807008679200414,0.0,0.0,False
component_07,component_25,6,24,0.004805108832813411,0.0862783357481458,0.0862783357481458,True
component_56,component_43,55,42,0.004798215575685437,0.0,0.0,False
component_57,component_40,56,39,0.00478179494064278,0.0,0.0,False
component_49,component_46,48,45,0.004780945082082877,0.0,0.0,False
component_28,component_03,27,2,0.004780210569411467,0.0902155488121747,0.0902155488121747,True
component_34,component_44,33,43,0.0047772423745223985,0.0,0.0,False
component_26,component_12,25,11,0.004774609581653939,-0.0611522588604777,0.0611522588604777,True
component_14,component_29,13,28,0.004769781326294947,0.0,0.0,False
component_09,component_39,8,38,0.0047564680946026545,0.0,0.0,False
component_47,component_22,46,21,0.0047409521228436065,0.0710506720801828,0.0710506720801828,True
component_12,component_57,11,56,0.004735397141757647,0.0758605499626314,0.0758605499626314,True
component_35,component_36,34,35,0.004733370240112194,0.0,0.0,False
component_44,component_31,43,30,0.004732862845015104,0.0692251805470764,0.0692251805470764,True
component_45,component_16,44,15,0.004722463579513333,0.0,0.0,False
component_54,component_06,53,5,0.004717092973590545,0.0,0.0,False
component_13,component_45,12,44,0.00471415545609711,0.0,0.0,False
component_31,component_42,30,41,0.004709549544197354,0.0,0.0,False
component_04,component_37,3,36,0.004707693681829221,0.0435350134994242,0.0435350134994242,True
component_19,component_04,18,3,0.0047045593547945,0.0848325853518352,0.0848325853518352,True
component_49,component_04,48,3,0.004703969541190064,0.0704526507112141,0.0704526507112141,True
component_42,component_46,41,45,0.004702316606998814,0.0,0.0,False
component_20,component_27,19,26,0.004699497852006677,0.0,0.0,False
component_42,component_36,41,35,0.004699280500777749,0.0,0.0,False
component_27,component_28,26,27,0.004683420529992109,0.0,0.0,False
component_40,component_41,39,40,0.004683327283776073,0.0,0.0,False
component_15,component_04,14,3,0.004679257485137762,0.0,0.0,False
component_18,component_37,17,36,0.004676881091837487,0.0,0.0,False
component_31,component_19,30,18,0.004676140494997461,-0.079056074290035,0.079056074290035,True
component_59,component_55,58,54,0.004672791618762023,0.0,0.0,False
component_34,component_27,33,26,0.004672453788522306,0.0,0.0,False
component_30,component_48,29,47,0.004669334640964242,0.0,0.0,False
component_08,component_55,7,54,0.004662031361595511,0.0,0.0,False
component_46,component_25,45,24,0.004660899708508428,0.0,0.0,False
component_18,component_01,17,0,0.004635865446249671,-0.0864335083872417,0.0864335083872417,True
component_24,component_03,23,2,0.004620336560234887,0.0,0.0,False
component_48,component_59,47,58,0.00461958153546176,0.0,0.0,False
component_15,component_30,14,29,0.00461157093807751,0.0,0.0,False
component_04,component_14,3,13,0.00460958895985193,-0.0696960079107139,0.0696960079107139,True
component_30,component_10,29,9,0.004607752251976304,0.0,0.0,False
component_07,component_27,6,26,0.004606272252209205,0.0,0.0,False
component_34,component_25,33,24,0.004602139982609526,0.0,0.0,False
component_05,component_37,4,36,0.004598181338929466,0.0,0.0,False
component_43,component_07,42,6,0.004592385174253524,0.0,0.0,False
component_26,component_58,25,57,0.004590977539658213,0.0,0.0,False
component_28,component_07,27,6,0.004586309141242528,0.0,0.0,False
component_44,component_57,43,56,0.004583664466500736,0.0,0.0,False
component_39,component_52,38,51,0.0045831828026858075,0.0,0.0,False
component_37,component_09,36,8,0.004582980866010604,0.0,0.0,False
component_33,component_20,32,19,0.004580410436970071,0.0,0.0,False
component_44,component_51,43,50,0.004577316730005002,0.0,0.0,False
component_33,component_21,32,20,0.004567259961199357,0.0,0.0,False
component_41,component_07,40,6,0.004564798384531743,0.0,0.0,False
component_06,component_25,5,24,0.004557802318979428,0.0,0.0,False
component_57,component_06,56,5,0.004542712764910952,-0.063473005197925,0.063473005197925,True
component_06,component_17,5,16,0.004542127658113468,0.0,0.0,False
component_59,component_02,58,1,0.004531042806928622,0.0,0.0,False
component_41,component_38,40,37,0.004505349640368982,0.0,0.0,False
component_20,component_47,19,46,0.004496454666828718,0.0764356709403965,0.0764356709403965,True
component_48,component_60,47,59,0.00449390151898731,0.0,0.0,False
component_23,component_29,22,28,0.004490500227485195,0.0,0.0,False
component_52,component_58,51,57,0.004488946398388366,0.0,0.0,False
component_25,component_29,24,28,0.004476646250385475,-0.0572632939592477,0.0572632939592477,True
component_12,component_29,11,28,0.004475605390691514,0.0,0.0,False
component_03,component_11,2,10,0.004464485213572265,0.0,0.0,False
component_46,component_15,45,14,0.004462554688662952,0.0,0.0,False
component_42,component_27,41,26,0.0044625314629825,0.0,0.0,False
component_21,component_02,20,1,0.004460155969655779,0.0,0.0,False
component_54,component_25,53,24,0.004458855165763435,0.0,0.0,False
component_22,component_17,21,16,0.00445164459649189,0.0,0.0,False
component_12,component_47,11,46,0.004447700293613417,0.0,0.0,False
component_32,component_26,31,25,0.004444993740860966,0.0,0.0,False
component_31,component_51,30,50,0.004436362401540492,0.0,0.0,False
component_21,component_49,20,48,0.00443186549035232,0.0,0.0,False
component_18,component_20,17,19,0.004429362754248928,0.0585425833605315,0.0585425833605315,True
component_46,component_50,45,49,0.004424856039996012,0.0,0.0,False
component_33,component_03,32,2,0.004416904239482737,0.0,0.0,False
component_42,component_28,41,27,0.004415271131199138,0.0,0.0,False
component_48,component_40,47,39,0.004413190754292349,0.0,0.0,False
component_15,component_58,14,57,0.00441313485259065,0.0,0.0,False
component_60,component_58,59,57,0.00441149905473903,0.0,0.0,False
component_29,component_30,28,29,0.0044103845783673235,0.0,0.0,False
component_44,component_60,43,59,0.004408903856490893,0.0,0.0,False
component_49,component_60,48,59,0.004399511334057197,0.0,0.0,False
component_04,component_51,3,50,0.0043916270636308995,0.0,0.0,False
component_50,component_56,49,55,0.004376262311442109,0.0,0.0,False
component_53,component_07,52,6,0.004373467055536625,0.0,0.0,False
component_15,component_46,14,45,0.0043563090052587475,0.0,0.0,False
component_36,component_55,35,54,0.004355757452739042,0.0,0.0,False
component_48,component_51,47,50,0.00435569996548175,-0.0659872159981603,0.0659872159981603,True
component_60,component_46,59,45,0.00434892710334456,0.0,0.0,False
component_06,component_36,5,35,0.004348791515037886,-0.0616550750598561,0.0616550750598561,True
component_29,component_51,28,50,0.004340046493895478,-0.0928238720293625,0.0928238720293625,True
component_16,component_32,15,31,0.004330312297226572,0.0,0.0,False
component_51,component_53,50,52,0.004327701831989033,0.0,0.0,False
component_28,component_17,27,16,0.004321003647771689,0.0,0.0,False
component_29,component_03,28,2,0.00431547170309295,0.0,0.0,False
component_48,component_18,47,17,0.004306890451497078,0.0,0.0,False
component_30,component_60,29,59,0.004303857362697702,0.0,0.0,False
component_08,component_43,7,42,0.004302657018871608,0.0,0.0,False
component_32,component_30,31,29,0.004298660890124217,0.0,0.0,False
component_49,component_27,48,26,0.004298630922736347,0.0,0.0,False
component_11,component_19,10,18,0.004289032102254682,0.0,0.0,False
component_54,component_45,53,44,0.004280320321057675,0.0,0.0,False
component_15,component_36,14,35,0.004280049817625468,0.0,0.0,False
component_52,component_15,51,14,0.004268061963975977,0.0,0.0,False
component_02,component_30,1,29,0.004255645886276661,0.0,0.0,False
component_23,component_41,22,40,0.0042459934524249655,0.0,0.0,False
component_14,component_51,13,50,0.004242536169825228,0.0,0.0,False
component_44,component_29,43,28,0.004239614542656069,0.0,0.0,False
component_16,component_08,15,7,0.004232551750674441,-0.0691643937349569,0.0691643937349569,True
component_32,component_49,31,48,0.004231296202567533,0.0,0.0,False
component_31,component_29,30,28,0.004230699013626141,0.0,0.0,False
component_43,component_02,42,1,0.004230290452792036,0.0933080256544626,0.0933080256544626,True
component_29,component_35,28,34,0.00422491508887251,0.0,0.0,False
component_60,component_10,59,9,0.004218923992577711,0.0,0.0,False
component_43,component_33,42,32,0.004211231865229478,0.0,0.0,False
component_25,component_37,24,36,0.004203107666791239,0.0,0.0,False
component_27,component_25,26,24,0.004192778581722598,0.0,0.0,False
component_01,component_05,0,4,0.004186188546198048,0.0,0.0,False
component_13,component_44,12,43,0.004176093925780777,0.0,0.0,False
component_40,component_22,39,21,0.004172229687861696,0.0,0.0,False
component_46,component_27,45,26,0.004165002217400156,0.0,0.0,False
component_50,component_32,49,31,0.004161477187989173,0.0,0.0,False
component_10,component_37,9,36,0.004160562809856688,0.0,0.0,False
component_18,component_28,17,27,0.004159265793280145,-0.0395335256929095,0.0395335256929095,True
component_48,component_35,47,34,0.004157444844461065,0.0,0.0,False
component_21,component_48,20,47,0.0041569695970534015,0.0,0.0,False
component_36,component_31,35,30,0.004154225211309468,-0.0482100962697734,0.0482100962697734,True
component_19,component_05,18,4,0.004143798348558872,0.0,0.0,False
component_20,component_42,19,41,0.004141359921948635,0.0,0.0,False
component_45,component_42,44,41,0.004136073923609899,0.0,0.0,False
component_33,component_43,32,42,0.004135940619907207,0.0,0.0,False
component_40,component_34,39,33,0.0041328404246770145,0.0,0.0,False
component_29,component_02,28,1,0.004129563001559611,0.0,0.0,False
component_10,component_08,9,7,0.00412587297846682,0.0,0.0,False
component_21,component_22,20,21,0.004120262874787285,0.0,0.0,False
component_35,component_38,34,37,0.004119861567863008,0.0,0.0,False
component_01,component_45,0,44,0.004117829942771618,0.0,0.0,False
component_25,component_42,24,41,0.004114706989489479,0.0,0.0,False
component_04,component_08,3,7,0.004097835447555663,0.0,0.0,False
component_39,component_29,38,28,0.0040930607547408114,0.0,0.0,False
component_12,component_02,11,1,0.004092584612239532,0.0,0.0,False
component_08,component_47,7,46,0.004091765974863381,0.0,0.0,False
component_26,component_44,25,43,0.004081559324835982,0.0,0.0,False
component_27,component_53,26,52,0.004075409407648661,0.0,0.0,False
component_56,component_33,55,32,0.004060788808741294,0.0461864113477563,0.0461864113477563,True
component_43,component_35,42,34,0.004058273307343777,-0.0557147514375721,0.0557147514375721,True
component_31,component_25,30,24,0.0040560100041679426,0.0,0.0,False
component_05,component_38,4,37,0.004055655883016961,0.0,0.0,False
component_10,component_01,9,0,0.0040501778047217826,0.0,0.0,False
component_13,component_10,12,9,0.0040496629313400674,0.0,0.0,False
component_31,component_22,30,21,0.004046492846145685,0.0,0.0,False
component_50,component_12,49,11,0.004044427556381015,0.0,0.0,False
component_24,component_20,23,19,0.0040439692716810645,0.0,0.0,False
component_43,component_53,42,52,0.004018520204644273,0.0,0.0,False
component_47,component_51,46,50,0.004017758631156479,0.0,0.0,False
component_05,component_59,4,58,0.004006678981708845,0.0,0.0,False
component_43,component_20,42,19,0.003998517417763687,0.0,0.0,False
component_52,component_39,51,38,0.003994058987567092,0.0,0.0,False
component_09,component_15,8,14,0.0039920476656734585,0.0425360308456063,0.0425360308456063,True
component_46,component_03,45,2,0.003990325759458829,0.0,0.0,False
component_23,component_07,22,6,0.003987735957988944,0.0,0.0,False
component_18,component_16,17,15,0.00398744162382774,0.0,0.0,False
component_33,component_14,32,13,0.0039859174947251925,0.0,0.0,False
component_52,component_04,51,3,0.003985064580606546,0.0,0.0,False
component_59,component_50,58,49,0.00398493626647137,0.0,0.0,False
component_46,component_18,45,17,0.003982074278308425,0.0660765419817063,0.0660765419817063,True
component_48,component_28,47,27,0.003969479958139821,0.0,0.0,False
component_29,component_31,28,30,0.003968059393296248,0.0,0.0,False
component_10,component_59,9,58,0.003958524003078154,0.0,0.0,False
component_24,component_35,23,34,0.003957904373986267,-0.0445225302989409,0.0445225302989409,True
component_19,component_02,18,1,0.003955809698360686,0.0,0.0,False
component_42,component_45,41,44,0.003954425634226067,0.0,0.0,False
component_09,component_59,8,58,0.003947593646533791,0.0,0.0,False
component_48,component_17,47,16,0.003947550356260494,0.0,0.0,False
component_16,component_09,15,8,0.003946799790614995,0.0,0.0,False
component_34,component_29,33,28,0.003940770964153205,0.0,0.0,False
component_56,component_27,55,26,0.003937005591975681,0.0,0.0,False
component_51,component_40,50,39,0.003936091372272939,0.0,0.0,False
component_11,component_34,10,33,0.00393138238668916,0.0,0.0,False
component_37,component_18,36,17,0.0039208464402493955,0.0551576956058387,0.0551576956058387,True
component_48,component_07,47,6,0.003919333003473387,0.0448503518187851,0.0448503518187851,True
component_43,component_59,42,58,0.003917478347597695,0.0,0.0,False
component_49,component_16,48,15,0.003913216121246126,0.0,0.0,False
component_10,component_05,9,4,0.003912507903304285,0.0,0.0,False
component_35,component_04,34,3,0.00390781171123924,-0.1074027334199704,0.1074027334199704,True
component_41,component_46,40,45,0.0039027554911872935,0.0,0.0,False
component_50,component_15,49,14,0.003901885119200081,-0.0562359265472113,0.0562359265472113,True
component_25,component_34,24,33,0.0038899758733745154,0.0,0.0,False
component_58,component_37,57,36,0.0038860499333052863,0.0,0.0,False
component_59,component_40,58,39,0.003883040763260933,0.0,0.0,False
component_48,component_23,47,22,0.0038709246112456804,0.0,0.0,False
component_40,component_25,39,24,0.0038707463926408074,0.0,0.0,False
component_10,component_31,9,30,0.003858440149187039,0.0,0.0,False
component_38,component_06,37,5,0.0038475231504332985,0.0,0.0,False
component_28,component_15,27,14,0.0038458660097888085,0.0,0.0,False
component_08,component_19,7,18,0.0038444928680243257,0.0,0.0,False
component_09,component_35,8,34,0.0038352813169989933,0.0,0.0,False
component_02,component_27,1,26,0.003823125676608338,0.0,0.0,False
component_30,component_22,29,21,0.0038207521207762403,0.0,0.0,False
component_12,component_13,11,12,0.0038157598774402847,0.0,0.0,False
component_60,component_34,59,33,0.0038121503359351975,0.0,0.0,False
component_57,component_56,56,55,0.003803979995093406,0.0,0.0,False
component_41,component_51,40,50,0.003801284909293569,0.0,0.0,False
component_27,component_39,26,38,0.0037960330526908928,0.0,0.0,False
component_16,component_04,15,3,0.0037939879130096557,0.0,0.0,False
component_22,component_43,21,42,0.0037794081035274815,0.0,0.0,False
component_22,component_31,21,30,0.0037792052350385987,0.0,0.0,False
component_11,component_16,10,15,0.003779032360416138,0.0,0.0,False
component_37,component_50,36,49,0.003768486970957809,0.0,0.0,False
component_20,component_36,19,35,0.003767264367150686,0.0,0.0,False
component_54,component_14,53,13,0.003765673739772449,0.0,0.0,False
component_59,component_44,58,43,0.0037645155287254766,0.0,0.0,False
component_05,component_23,4,22,0.0037642223051379494,0.0,0.0,False
component_15,component_53,14,52,0.0037619468621943562,0.0,0.0,False
component_01,component_44,0,43,0.003761225713166604,0.0,0.0,False
component_12,component_04,11,3,0.003759606670560251,0.0,0.0,False
component_54,component_16,53,15,0.0037578137677653067,0.0,0.0,False
component_41,component_32,40,31,0.003754201943397613,0.0,0.0,False
component_43,component_10,42,9,0.003751707101141054,0.0,0.0,False
component_54,component_38,53,37,0.0037489607226701676,0.0,0.0,False
component_29,component_53,28,52,0.0037482579809113028,0.0,0.0,False
component_30,component_38,29,37,0.003748045918931518,0.0,0.0,False
component_43,component_26,42,25,0.003744432715284849,0.0,0.0,False
component_26,component_25,25,24,0.0037429125703368734,0.0,0.0,False
component_09,component_17,8,16,0.003737186411731224,0.0,0.0,False
component_01,component_16,0,15,0.003736614208087045,0.0,0.0,False
component_55,component_08,54,7,0.0037326965665820744,0.0,0.0,False
component_42,component_57,41,56,0.00373177219194439,0.0,0.0,False
component_24,component_58,23,57,0.003724340014294372,0.0,0.0,False
component_47,component_14,46,13,0.0037231414820969363,0.0712932940138441,0.0712932940138441,True
component_21,component_23,20,22,0.003710278086332035,0.0,0.0,False
component_39,component_60,38,59,0.0037101170342614636,0.0,0.0,False
component_47,component_25,46,24,0.003708522637503592,0.0,0.0,False
component_33,component_47,32,46,0.0037083874213523675,0.0,0.0,False
component_12,component_53,11,52,0.003707782110084678,-0.0753117552813565,0.0753117552813565,True
component_07,component_33,6,32,0.003700497889346588,0.0,0.0,False
component_32,component_60,31,59,0.0036987554390014105,0.0,0.0,False
component_44,component_21,43,20,0.003698302359345767,0.0,0.0,False
component_50,component_20,49,19,0.003694011538658695,0.0,0.0,False
component_19,component_52,18,51,0.003692311922242439,0.0,0.0,False
component_60,component_26,59,25,0.0036804176801039567,0.0,0.0,False
component_42,component_26,41,25,0.0036791693366918163,0.0,0.0,False
component_07,component_06,6,5,0.0036780947945270937,0.0,0.0,False
component_18,component_23,17,22,0.0036774268551711515,0.0,0.0,False
component_08,component_36,7,35,0.003676511395973944,0.0,0.0,False
component_31,component_06,30,5,0.0036757099227976127,0.0,0.0,False
component_53,component_21,52,20,0.0036689554738757093,0.0,0.0,False
component_33,component_49,32,48,0.003667892772827295,0.0,0.0,False
component_13,component_30,12,29,0.0036616175950345245,0.0535211998232899,0.0535211998232899,True
component_09,component_28,8,27,0.003660873333897066,-0.0870080906133138,0.0870080906133138,True
component_08,component_59,7,58,0.003657908119401328,0.0,0.0,False
component_59,component_34,58,33,0.0036570271225747045,0.0,0.0,False
component_42,component_51,41,50,0.003651270194085093,0.0,0.0,False
component_58,component_32,57,31,0.00364304349577852,0.0,0.0,False
component_17,component_11,16,10,0.00363934564841042,0.0410723055758653,0.0410723055758653,True
component_06,component_45,5,44,0.0036380287794031173,0.0,0.0,False
component_38,component_16,37,15,0.003636889451244195,0.0,0.0,False
component_51,component_14,50,13,0.0036339620128008677,0.0,0.0,False
component_26,component_14,25,13,0.00363296731305962,0.0,0.0,False
component_32,component_34,31,33,0.003624135353492294,0.0,0.0,False
component_14,component_01,13,0,0.003617639076113147,0.0,0.0,False
component_25,component_54,24,53,0.0036125403127631878,0.0,0.0,False
component_12,component_59,11,58,0.003612007562538832,0.0,0.0,False
component_36,component_04,35,3,0.0036056925783372286,0.0,0.0,False
component_36,component_33,35,32,0.0036011989760635376,0.0,0.0,False
component_09,component_33,8,32,0.003601137114469659,0.0,0.0,False
component_17,component_14,16,13,0.0035980993089755366,0.0,0.0,False
component_43,component_47,42,46,0.003594713924591347,0.0,0.0,False
component_27,component_55,26,54,0.003592885856216791,0.0,0.0,False
component_46,component_34,45,33,0.0035916731025524315,0.0,0.0,False
component_47,component_49,46,48,0.0035905315185808147,0.0,0.0,False
component_53,component_40,52,39,0.0035856500007694476,-0.054402774531763,0.054402774531763,True
component_28,component_60,27,59,0.003584713472372182,0.0,0.0,False
component_22,component_40,21,39,0.0035827657268701994,0.0546045382880292,0.0546045382880292,True
component_33,component_57,32,56,0.0035748423125628627,0.0,0.0,False
component_35,component_06,34,5,0.003571133996765107,0.0430881544636697,0.0430881544636697,True
component_52,component_28,51,27,0.0035620023333657186,0.0,0.0,False
component_60,component_02,59,1,0.0035602470246764192,0.0,0.0,False
component_38,component_41,37,40,0.0035579456564980524,0.0,0.0,False
component_49,component_14,48,13,0.003556189901579456,0.0,0.0,False
component_45,component_30,44,29,0.00355031598825765,-0.0640654873250449,0.0640654873250449,True
component_08,component_29,7,28,0.0035481233991628397,0.0,0.0,False
component_36,component_30,35,29,0.003548110808490767,0.0,0.0,False
component_17,component_35,16,34,0.0035479333673211857,0.0,0.0,False
component_25,component_33,24,32,0.0035476840124243746,0.0,0.0,False
component_23,component_51,22,50,0.0035450903244003697,0.0,0.0,False
component_29,component_26,28,25,0.0035410185102559017,0.0,0.0,False
component_46,component_31,45,30,0.0035382421606638373,0.0,0.0,False
component_38,component_33,37,32,0.003538127171629774,0.0,0.0,False
component_07,component_39,6,38,0.003527331766437222,0.0,0.0,False
component_17,component_52,16,51,0.003526030495778487,0.0,0.0,False
component_35,component_29,34,28,0.003524242980360099,0.0,0.0,False
component_13,component_38,12,37,0.0035214851100540197,0.0,0.0,False
component_08,component_07,7,6,0.0035136841428204217,0.0,0.0,False
component_26,component_07,25,6,0.0035113303814761207,0.0576472800451468,0.0576472800451468,True
component_53,component_24,52,23,0.003505810269673863,0.0,0.0,False
component_06,component_02,5,1,0.0035032203017513934,0.0,0.0,False
component_17,component_58,16,57,0.0034989265654841507,0.0,0.0,False
component_22,component_25,21,24,0.0034949370485202478,-0.0431058542446336,0.0431058542446336,True
component_25,component_27,24,26,0.0034948690871563336,0.0,0.0,False
component_57,component_58,56,57,0.0034944196423806915,0.0,0.0,False
component_59,component_37,58,36,0.0034931827513787926,0.0,0.0,False
component_08,component_52,7,51,0.0034915560811357676,0.0,0.0,False
component_21,component_10,20,9,0.0034881099613566897,0.0,0.0,False
component_34,component_28,33,27,0.003487237234042423,0.0,0.0,False
component_15,component_06,14,5,0.0034803806862559045,0.0,0.0,False
component_52,component_45,51,44,0.0034751193689990883,0.0,0.0,False
component_19,component_44,18,43,0.0034739770654480103,0.0,0.0,False
component_50,component_48,49,47,0.0034688889995659867,0.0,0.0,False
component_49,component_34,48,33,0.0034597523829954773,0.0,0.0,False
component_31,component_36,30,35,0.003459325225013171,0.0,0.0,False
component_41,component_48,40,47,0.003450574708196043,0.0,0.0,False
component_45,component_08,44,7,0.003432298377779072,-0.0479891222639238,0.0479891222639238,True
component_24,component_52,23,51,0.0034243682856649168,0.0,0.0,False
component_19,component_37,18,36,0.003422296133437384,0.0,0.0,False
component_45,component_38,44,37,0.0034148056817279934,0.0,0.0,False
component_32,component_18,31,17,0.003414186505178655,0.0,0.0,False
component_02,component_23,1,22,0.0034094755516856498,0.1169952261966167,0.1169952261966167,True
component_01,component_24,0,23,0.0034089555967945643,-0.2006396598932806,0.2006396598932806,True
component_47,component_39,46,38,0.0034074785512755654,0.0,0.0,False
component_11,component_07,10,6,0.0034057060946660793,0.0,0.0,False
component_32,component_15,31,14,0.003396260205658955,0.0754101111858288,0.0754101111858288,True
component_04,component_31,3,30,0.0033948811950371203,0.0,0.0,False
component_35,component_57,34,56,0.003392042217957492,0.0,0.0,False
component_05,component_42,4,41,0.003386658934617744,0.0,0.0,False
component_10,component_40,9,39,0.003380460242216936,0.0,0.0,False
component_24,component_51,23,50,0.003376770701717603,0.0,0.0,False
component_42,component_38,41,37,0.003363191187377325,0.0,0.0,False
component_20,component_17,19,16,0.003363006480018057,0.0,0.0,False
component_39,component_17,38,16,0.0033599341469394165,0.0,0.0,False
component_02,component_49,1,48,0.0033563199794006413,0.0,0.0,False
component_41,component_58,40,57,0.0033559413066740597,0.0,0.0,False
component_47,component_31,46,30,0.0033517114929538473,0.0618784420988105,0.0618784420988105,True
component_40,component_03,39,2,0.003350646405886778,0.0,0.0,False
component_15,component_08,14,7,0.003343700112782143,-0.0706128511920535,0.0706128511920535,True
component_57,component_37,56,36,0.0033384808902492263,0.0,0.0,False
component_12,component_46,11,45,0.003318152563117455,0.0,0.0,False
component_06,component_49,5,48,0.0033138814656367764,0.0,0.0,False
component_36,component_48,35,47,0.0033119200975896402,-0.0600270233068628,0.0600270233068628,True
component_44,component_59,43,58,0.003299711789406394,0.0,0.0,False
component_21,component_18,20,17,0.0032978784982150614,0.0,0.0,False
component_49,component_01,48,0,0.0032928666905803474,0.0,0.0,False
component_02,component_34,1,33,0.0032908357407135875,0.0,0.0,False
component_30,component_16,29,15,0.003288181102363132,0.0,0.0,False
component_36,component_24,35,23,0.003279207065186506,0.0,0.0,False
component_54,component_58,53,57,0.0032714921325190617,0.0,0.0,False
component_40,component_35,39,34,0.0032701712942417374,0.0476853996263157,0.0476853996263157,True
component_35,component_10,34,9,0.003266623787628135,0.0,0.0,False
component_59,component_41,58,40,0.003263021998737539,0.0,0.0,False
component_28,component_51,27,50,0.0032548515358544663,0.0,0.0,False
component_54,component_50,53,49,0.0032465945449906145,0.0,0.0,False
component_42,component_34,41,33,0.003245131812737266,0.0,0.0,False
component_57,component_48,56,47,0.0032441009535846247,-0.0490741983654272,0.0490741983654272,True
component_38,component_21,37,20,0.003242459805178578,0.0471342286913965,0.0471342286913965,True
component_05,component_60,4,59,0.003242287549859531,0.0,0.0,False
component_06,component_12,5,11,0.0032392726962291217,0.0,0.0,False
component_58,component_11,57,10,0.0032378520606253388,0.0,0.0,False
component_21,component_37,20,36,0.003231717351085667,0.0678964653067519,0.0678964653067519,True
component_38,component_01,37,0,0.0032258118074016367,0.0,0.0,False
component_37,component_07,36,6,0.003225389345245015,0.0,0.0,False
component_26,component_28,25,27,0.0032204430079395717,0.0,0.0,False
component_28,component_29,27,28,0.0032202686029059917,0.0,0.0,False
component_01,component_13,0,12,0.0032117605743991933,0.0,0.0,False
component_55,component_14,54,13,0.0032112032424048095,0.0,0.0,False
component_44,component_12,43,11,0.0032085278700452516,0.0,0.0,False
component_59,component_29,58,28,0.003204212766586053,0.0,0.0,False
component_45,component_04,44,3,0.003199550631396595,0.0,0.0,False
component_58,component_13,57,12,0.003198254043887435,0.0,0.0,False
component_03,component_58,2,57,0.003195975687582166,-0.0858267902900563,0.0858267902900563,True
component_43,component_58,42,57,0.0031923042910607445,0.0,0.0,False
component_60,component_35,59,34,0.003191940977475943,0.0,0.0,False
component_01,component_39,0,38,0.0031840243189770355,0.1468047358291148,0.1468047358291148,True
component_13,component_57,12,56,0.003180914931001217,0.0,0.0,False
component_32,component_36,31,35,0.0031722467555641517,-0.0437311966438133,0.0437311966438133,True
component_31,component_17,30,16,0.0031690545298083857,0.0,0.0,False
component_44,component_33,43,32,0.0031686928588567894,0.0,0.0,False
component_13,component_59,12,58,0.0031680666455009116,0.0,0.0,False
component_25,component_43,24,42,0.003160522520397307,0.0,0.0,False
component_47,component_59,46,58,0.003160384443439011,0.0,0.0,False
component_17,component_40,16,39,0.003153951526952913,0.0,0.0,False
component_54,component_11,53,10,0.003150025551451761,0.0,0.0,False
component_38,component_22,37,21,0.0031455867613814966,0.0,0.0,False
component_26,component_02,25,1,0.00314116087197669,0.0544761540041178,0.0544761540041178,True
component_18,component_07,17,6,0.0031401512152051006,0.0,0.0,False
component_55,component_21,54,20,0.0031370874126201986,0.0,0.0,False
component_19,component_55,18,54,0.0031356278184017632,0.0,0.0,False
component_48,component_34,47,33,0.0031350498876000932,0.0,0.0,False
component_26,component_41,25,40,0.0031232669541846124,0.0,0.0,False
component_16,component_18,15,17,0.003118038207987617,0.0,0.0,False
component_05,component_20,4,19,0.0031175060468653475,0.0,0.0,False
component_04,component_28,3,27,0.0031103866347303552,0.0,0.0,False
component_28,component_11,27,10,0.0031099750625372133,0.0,0.0,False
component_16,component_45,15,44,0.0030990656444523893,0.0,0.0,False
component_11,component_45,10,44,0.0030976158472868034,0.0,0.0,False
component_32,component_07,31,6,0.0030970866947771175,0.0511869328717437,0.0511869328717437,True
component_25,component_16,24,15,0.003095117887929678,0.0,0.0,False
component_34,component_35,33,34,0.0030874920855636745,0.0494377113820906,0.0494377113820906,True
component_49,component_54,48,53,0.003086063547663197,0.0,0.0,False
component_30,component_25,29,24,0.0030837108497774567,0.0,0.0,False
component_39,component_36,38,35,0.003080240232171287,0.0,0.0,False
component_04,component_20,3,19,0.003077977830983618,0.0,0.0,False
component_56,component_37,55,36,0.0030748889550127416,0.0,0.0,False
component_27,component_08,26,7,0.003070919270918292,0.0,0.0,False
component_53,component_34,52,33,0.003070225828168259,0.0,0.0,False
component_26,component_30,25,29,0.003069412737356717,0.0,0.0,False
component_11,component_41,10,40,0.0030681948508028945,0.0,0.0,False
component_23,component_09,22,8,0.003065468223101786,0.0,0.0,False
component_16,component_28,15,27,0.0030630064182963672,0.0,0.0,False
component_38,component_57,37,56,0.0030498097978315262,0.0,0.0,False
component_11,component_22,10,21,0.003042643222483623,0.0,0.0,False
component_30,component_37,29,36,0.0030347485192297368,0.0,0.0,False
component_14,component_15,13,14,0.0030292308721303323,0.0,0.0,False
component_50,component_45,49,44,0.0030267434893278804,0.0,0.0,False
component_25,component_19,24,18,0.0030266912203392032,0.0,0.0,False
component_59,component_14,58,13,0.0030257800542692415,0.0,0.0,False
component_32,component_08,31,7,0.0030239612787416924,0.0,0.0,False
component_47,component_15,46,14,0.003023447794618702,0.0,0.0,False
component_41,component_03,40,2,0.0030190418358337686,0.0,0.0,False
component_08,component_35,7,34,0.0030155432669373245,0.0,0.0,False
component_53,component_46,52,45,0.003013016615524482,0.0,0.0,False
component_20,component_34,19,33,0.003008878518682517,0.0,0.0,False
component_24,component_06,23,5,0.0030078241155453386,0.0,0.0,False
component_02,component_17,1,16,0.003007513081718109,0.0,0.0,False
component_04,component_41,3,40,0.002999254512921069,0.0,0.0,False
component_08,component_39,7,38,0.002996324595852231,0.0,0.0,False
component_43,component_36,42,35,0.002992310259284664,0.0,0.0,False
component_36,component_15,35,14,0.002985814688869379,0.0,0.0,False
component_47,component_40,46,39,0.002980464663605167,0.0,0.0,False
component_36,component_52,35,51,0.0029803147282493727,0.0,0.0,False
component_29,component_28,28,27,0.0029718639307459195,0.0,0.0,False
component_22,component_50,21,49,0.0029696490723654916,0.0,0.0,False
component_26,component_08,25,7,0.002968952879808747,0.0,0.0,False
component_08,component_38,7,37,0.0029663742967131566,0.0,0.0,False
component_43,component_37,42,36,0.0029616069756808264,0.0,0.0,False
component_19,component_48,18,47,0.0029563303953295712,0.0,0.0,False
component_07,component_37,6,36,0.002952468340007774,0.0,0.0,False
component_02,component_44,1,43,0.00295059766663313,0.0,0.0,False
component_21,component_44,20,43,0.002950190736023123,-0.1022585043718189,0.1022585043718189,True
component_04,component_11,3,10,0.0029494827216858662,0.0,0.0,False
component_08,component_15,7,14,0.0029331159207352767,0.0,0.0,False
component_39,component_11,38,10,0.0029307332789723205,0.0,0.0,False
component_23,component_45,22,44,0.0029231211509745184,0.0,0.0,False
component_41,component_44,40,43,0.0029185309242819955,0.0,0.0,False
component_16,component_22,15,21,0.002916685280899575,0.0,0.0,False
component_46,component_49,45,48,0.0029147388484238755,0.0,0.0,False
component_11,component_44,10,43,0.002912560788773176,0.0,0.0,False
component_26,component_42,25,41,0.0029123762438364896,0.0,0.0,False
component_33,component_19,32,18,0.002910963524129669,-0.0432504318155011,0.0432504318155011,True
component_21,component_31,20,30,0.002908112251278864,0.0,0.0,False
component_36,component_47,35,46,0.0028986748085256496,0.0,0.0,False
component_43,component_51,42,50,0.002898594764422541,0.0,0.0,False
component_38,component_51,37,50,0.002895281663823753,0.0,0.0,False
component_54,component_43,53,42,0.00288967145423313,0.0,0.0,False
component_22,component_39,21,38,0.002886339490914593,0.0,0.0,False
component_25,component_24,24,23,0.0028821719109162793,0.0,0.0,False
component_41,component_27,40,26,0.002879598933502068,0.0,0.0,False
component_59,component_13,58,12,0.002879589101586735,0.0,0.0,False
component_10,component_51,9,50,0.0028750256066099435,0.0,0.0,False
component_31,component_26,30,25,0.002872270965001288,0.0,0.0,False
component_53,component_48,52,47,0.0028721121509788583,0.0,0.0,False
component_18,component_19,17,18,0.0028605265654614203,0.0,0.0,False
component_26,component_33,25,32,0.0028496756563334245,0.0,0.0,False
component_28,component_43,27,42,0.002848618457559639,0.0608900440502795,0.0608900440502795,True
component_09,component_53,8,52,0.0028468122741079982,0.0,0.0,False
component_42,component_49,41,48,0.0028457392176354894,0.0,0.0,False
component_24,component_41,23,40,0.002845283651517993,0.0,0.0,False
component_43,component_11,42,10,0.0028172659189769,0.0,0.0,False
component_39,component_26,38,25,0.002815111284887886,0.0,0.0,False
component_15,component_49,14,48,0.002815070673987911,-0.0456864512789307,0.0456864512789307,True
component_30,component_43,29,42,0.002811469688672581,0.0,0.0,False
component_58,component_50,57,49,0.002808676112466458,0.0,0.0,False
component_27,component_05,26,4,0.0028057546821240484,0.0,0.0,False
component_12,component_28,11,27,0.0028038457950400326,0.0,0.0,False
component_52,component_05,51,4,0.0028006272805182774,0.0,0.0,False
component_41,component_25,40,24,0.0027996598377602834,0.0,0.0,False
component_49,component_51,48,50,0.002797626329822833,0.0,0.0,False
component_32,component_54,31,53,0.0027966478297407633,0.0,0.0,False
component_13,component_11,12,10,0.002793499662808831,0.0451637347950319,0.0451637347950319,True
component_45,component_32,44,31,0.0027917939092857464,0.0,0.0,False
component_10,component_04,9,3,0.0027901477543573324,0.0,0.0,False
component_27,component_58,26,57,0.0027883615994075176,-0.0570031111117029,0.0570031111117029,True
component_54,component_19,53,18,0.002781331285250134,0.0,0.0,False
component_26,component_52,25,51,0.002780528886778407,0.0,0.0,False
component_36,component_59,35,58,0.002767664104762851,0.0,0.0,False
component_20,component_08,19,7,0.002763655622309369,0.0,0.0,False
component_35,component_60,34,59,0.0027608065392099755,0.0,0.0,False
component_24,component_16,23,15,0.002757069123954345,0.0413867142081955,0.0413867142081955,True
component_46,component_45,45,44,0.002753009765639414,0.0,0.0,False
component_24,component_50,23,49,0.0027476771151800678,0.0,0.0,False
component_47,component_37,46,36,0.002746609627392879,0.0,0.0,False
component_02,component_28,1,27,0.0027465357610358355,0.0,0.0,False
component_05,component_50,4,49,0.0027416696714689386,0.0,0.0,False
component_52,component_42,51,41,0.0027392221222620017,0.0,0.0,False
component_36,component_21,35,20,0.0027377767268501833,0.0,0.0,False
component_47,component_50,46,49,0.0027373244563119554,0.0,0.0,False
component_51,component_36,50,35,0.00273586994028673,-0.0600559851661753,0.0600559851661753,True
component_48,component_11,47,10,0.002734339163222601,0.0,0.0,False
component_19,component_34,18,33,0.0027298526140760357,0.0,0.0,False
component_57,component_35,56,34,0.002727702226169292,0.0,0.0,False
component_05,component_12,4,11,0.002724367897551399,0.0,0.0,False
component_11,component_20,10,19,0.002722220518782108,0.0,0.0,False
component_54,component_41,53,40,0.002718785699582145,-0.0629175365107289,0.0629175365107289,True
component_09,component_29,8,28,0.0027140889570084104,0.0,0.0,False
component_47,component_17,46,16,0.0027066894917111193,0.0,0.0,False
component_60,component_03,59,2,0.0027059929619659496,0.0,0.0,False
component_05,component_18,4,17,0.002705102740482557,0.0,0.0,False
component_07,component_42,6,41,0.002704436092311959,-0.1153242887326439,0.1153242887326439,True
component_53,component_57,52,56,0.002701891355152436,0.0,0.0,False
component_06,component_43,5,42,0.0026973139704557373,0.0920162844255646,0.0920162844255646,True
component_02,component_05,1,4,0.002694173957895008,0.0,0.0,False
component_05,component_27,4,26,0.0026925332389313196,0.0,0.0,False
component_29,component_57,28,56,0.0026873490047612655,0.0,0.0,False
component_11,component_01,10,0,0.002674606309930322,0.0,0.0,False
component_29,component_18,28,17,0.002673206906467102,0.0,0.0,False
component_51,component_05,50,4,0.0026697221647555515,0.0,0.0,False
component_15,component_07,14,6,0.0026674799800182458,0.0,0.0,False
component_19,component_41,18,40,0.002667402019672838,0.0,0.0,False
component_47,component_18,46,17,0.00266695246573068,0.0,0.0,False
component_32,component_21,31,20,0.0026649342077360166,0.0,0.0,False
component_49,component_18,48,17,0.0026600074814396627,0.0,0.0,False
component_43,component_21,42,20,0.002659327305378139,0.0,0.0,False
component_60,component_36,59,35,0.0026555585961289064,0.0,0.0,False
component_27,component_24,26,23,0.002655273417729355,0.0,0.0,False
component_32,component_14,31,13,0.002653681490960959,0.0,0.0,False
component_09,component_08,8,7,0.0026529030913262403,0.0,0.0,False
component_37,component_60,36,59,0.002643714087261147,0.0,0.0,False
component_35,component_43,34,42,0.002640883345810848,0.0,0.0,False
component_47,component_28,46,27,0.002635175353650942,0.0,0.0,False
component_10,component_43,9,42,0.0026308775799258844,0.0,0.0,False
component_56,component_58,55,57,0.0026300510336655127,0.0,0.0,False
component_10,component_06,9,5,0.002628595665923961,0.0,0.0,False
component_15,component_23,14,22,0.002624516771935617,0.0,0.0,False
component_59,component_57,58,56,0.002620326072847779,0.0,0.0,False
component_41,component_14,40,13,0.0026191369569492427,0.0,0.0,False
component_45,component_23,44,22,0.0026161700158332866,0.0784078809923835,0.0784078809923835,True
component_56,component_54,55,53,0.0026116416041650327,0.0,0.0,False
component_48,component_10,47,9,0.0026081285420559374,0.0,0.0,False
component_35,component_22,34,21,0.0026047617631538137,0.0,0.0,False
component_16,component_02,15,1,0.002604107265495232,0.0,0.0,False
component_34,component_47,33,46,0.002596555057689822,0.0,0.0,False
component_29,component_60,28,59,0.002592010848181667,0.0,0.0,False
component_38,component_28,37,27,0.0025870589013288017,0.0,0.0,False
component_06,component_47,5,46,0.0025864887150703567,0.0,0.0,False
component_17,component_59,16,58,0.0025819579630282415,0.0,0.0,False
component_35,component_34,34,33,0.002580104254906472,0.0,0.0,False
component_22,component_41,21,40,0.0025798888089279695,0.0,0.0,False
component_31,component_54,30,53,0.0025796536696787668,0.0,0.0,False
component_47,component_09,46,8,0.0025792124799470456,0.0,0.0,False
component_48,component_05,47,4,0.0025781970722760063,0.0,0.0,False
component_24,component_49,23,48,0.0025741311068997897,0.0,0.0,False
component_32,component_29,31,28,0.002571890808750328,0.0436477349390446,0.0436477349390446,True
component_18,component_30,17,29,0.002566855353516506,0.0,0.0,False
component_07,component_05,6,4,0.002566087379035452,0.0,0.0,False
component_48,component_44,47,43,0.002563732867348626,0.0,0.0,False
component_11,component_05,10,4,0.0025603818568168176,0.0,0.0,False
component_05,component_11,4,10,0.0025558903140982317,0.0,0.0,False
component_53,component_60,52,59,0.0025542415813436976,0.0,0.0,False
component_18,component_06,17,5,0.0025506018276096037,0.0,0.0,False
component_15,component_29,14,28,0.00254718152487559,0.0,0.0,False
component_19,component_39,18,38,0.0025404537162464847,0.0,0.0,False
component_49,component_03,48,2,0.0025394673426558756,0.0513548653440563,0.0513548653440563,True
component_25,component_10,24,9,0.0025375830580992072,0.0,0.0,False
component_07,component_54,6,53,0.002537062984049823,0.0,0.0,False
component_49,component_44,48,43,0.002533751842068003,0.0,0.0,False
component_58,component_30,57,29,0.00253268991922951,0.0,0.0,False
component_13,component_02,12,1,0.0025308440981699955,0.0,0.0,False
component_50,component_10,49,9,0.002530763031043678,0.0,0.0,False
component_32,component_43,31,42,0.0025276640190813014,0.0,0.0,False
component_33,component_38,32,37,0.00252621717982699,0.0,0.0,False
component_10,component_02,9,1,0.0025187067513092695,0.1347207297541057,0.1347207297541057,True
component_53,component_56,52,55,0.0025176994243606243,0.0,0.0,False
component_44,component_09,43,8,0.0025168715430154685,0.0,0.0,False
component_23,component_39,22,38,0.0025163898499372425,0.0,0.0,False
component_36,component_09,35,8,0.0025082506327516667,0.0666585398193482,0.0666585398193482,True
component_24,component_27,23,26,0.002507173602722188,0.0,0.0,False
component_58,component_15,57,14,0.002505624635280558,0.0,0.0,False
component_29,component_07,28,6,0.00250364365826837,0.0,0.0,False
component_39,component_58,38,57,0.0024953501635499257,0.0,0.0,False
component_48,component_36,47,35,0.002493785603892894,0.0,0.0,False
component_58,component_27,57,26,0.0024918329016274674,0.0,0.0,False
component_27,component_30,26,29,0.0024878871886263696,0.0,0.0,False
component_29,component_12,28,11,0.0024868822343502074,0.0,0.0,False
component_47,component_24,46,23,0.0024858005610069274,0.0,0.0,False
component_35,component_20,34,19,0.0024853412745032173,0.0,0.0,False
component_45,component_41,44,40,0.0024827812706648823,0.0,0.0,False
component_13,component_03,12,2,0.002481561039052909,0.0,0.0,False
component_32,component_28,31,27,0.0024763277657148175,0.0,0.0,False
component_54,component_21,53,20,0.0024758783488266012,0.0,0.0,False
component_07,component_26,6,25,0.002475677435335704,0.0925633530438472,0.0925633530438472,True
component_18,component_17,17,16,0.002472117489734359,0.0,0.0,False
component_58,component_04,57,3,0.0024697181676353354,-0.0736721099175023,0.0736721099175023,True
component_50,component_17,49,16,0.002468506000894613,0.0,0.0,False
component_50,component_43,49,42,0.002468213226925653,0.0,0.0,False
component_33,component_18,32,17,0.0024680379049866544,0.0,0.0,False
component_30,component_50,29,49,0.002463980815759926,0.0,0.0,False
component_18,component_52,17,51,0.0024597094336991855,0.0,0.0,False
component_39,component_50,38,49,0.0024520677678515194,0.0,0.0,False
component_47,component_58,46,57,0.0024433782003642,0.0,0.0,False
component_11,component_38,10,37,0.002443180546950219,0.0,0.0,False
component_53,component_04,52,3,0.002441642293394776,0.0,0.0,False
component_19,component_24,18,23,0.0024386993606063073,-0.0664280401112523,0.0664280401112523,True
component_28,component_47,27,46,0.0024381802717553655,0.0,0.0,False
component_13,component_32,12,31,0.0024348143926040565,0.0,0.0,False
component_56,component_52,55,51,0.0024297846439699225,0.0,0.0,False
component_29,component_17,28,16,0.002421306332838681,0.0,0.0,False
component_39,component_05,38,4,0.0024193475131701024,0.0,0.0,False
component_19,component_45,18,44,0.0024189708974927857,0.0,0.0,False
component_09,component_14,8,13,0.0024147234163470485,0.0,0.0,False
component_39,component_22,38,21,0.0024129033388566594,0.0691214561329287,0.0691214561329287,True
component_25,component_01,24,0,0.0024125264370746585,0.0,0.0,False
component_02,component_11,1,10,0.0024073824784178787,0.0,0.0,False
component_35,component_42,34,41,0.0024065195960578977,0.0,0.0,False
component_40,component_42,39,41,0.002404997429714664,0.0,0.0,False
component_21,component_15,20,14,0.0024031739356543446,0.0,0.0,False
component_13,component_50,12,49,0.002398516311968652,0.0,0.0,False
component_54,component_29,53,28,0.0023900553994275742,0.0,0.0,False
component_41,component_08,40,7,0.0023889169737509957,0.0,0.0,False
component_54,component_22,53,21,0.0023877618720902897,0.0,0.0,False
component_33,component_04,32,3,0.0023873594183307736,0.0536812016224082,0.0536812016224082,True
component_11,component_60,10,59,0.0023847288248709233,0.0,0.0,False
component_56,component_05,55,4,0.002383968453288856,0.0,0.0,False
component_13,component_28,12,27,0.002383647910078553,0.0,0.0,False
component_28,component_12,27,11,0.0023813325540635484,0.0543182641304525,0.0543182641304525,True
component_45,component_09,44,8,0.0023801256806576555,-0.0455264653072801,0.0455264653072801,True
component_09,component_26,8,25,0.002377628355609665,0.0,0.0,False
component_43,component_31,42,30,0.0023770304850688254,0.0,0.0,False
component_10,component_44,9,43,0.002375487078062564,0.0,0.0,False
component_04,component_21,3,20,0.002373968333965164,0.0,0.0,False
component_48,component_50,47,49,0.0023735740969118013,0.0,0.0,False
component_50,component_14,49,13,0.0023734430307251002,0.0,0.0,False
component_10,component_36,9,35,0.0023659470271526766,0.0,0.0,False
component_44,component_04,43,3,0.0023650621141823305,0.0,0.0,False
component_40,component_20,39,19,0.0023614293614334157,0.0,0.0,False
component_36,component_26,35,25,0.0023605445097201147,0.0,0.0,False
component_54,component_28,53,27,0.002355379826908261,0.0,0.0,False
component_02,component_45,1,44,0.0023487165021688393,-0.0993773874472394,0.0993773874472394,True
component_15,component_02,14,1,0.002344979584476483,0.0,0.0,False
component_17,component_09,16,8,0.0023420307909087475,0.0,0.0,False
component_23,component_49,22,48,0.002341122119571325,0.0,0.0,False
component_53,component_17,52,16,0.0023387981852217954,0.0,0.0,False
component_50,component_44,49,43,0.0023351719949975275,-0.0596523963571285,0.0596523963571285,True
component_24,component_25,23,24,0.0023345151610516947,0.044504510014525,0.044504510014525,True
component_57,component_05,56,4,0.0023340161381648094,0.0,0.0,False
component_38,component_58,37,57,0.0023314096920949187,0.0,0.0,False
component_24,component_57,23,56,0.002330817802097271,0.0,0.0,False
component_36,component_40,35,39,0.0023297795415972693,0.0,0.0,False
component_19,component_51,18,50,0.002328089864495504,0.0,0.0,False
component_05,component_52,4,51,0.0023259238527968155,0.0,0.0,False
component_11,component_23,10,22,0.002325578651824915,0.0,0.0,False
component_33,component_32,32,31,0.0023250696730435045,0.0,0.0,False
component_34,component_51,33,50,0.002323603456189791,0.0,0.0,False
component_28,component_22,27,21,0.0023195563334919896,0.0,0.0,False
component_23,component_05,22,4,0.0023173182351526535,0.0,0.0,False
component_19,component_40,18,39,0.0023099032941711005,0.0,0.0,False
component_32,component_19,31,18,0.0023072542197167837,0.0,0.0,False
component_37,component_59,36,58,0.0022986854801884562,0.0,0.0,False
component_21,component_01,20,0,0.00229669870628322,0.0,0.0,False
component_54,component_27,53,26,0.002295487288522798,0.0,0.0,False
component_49,component_36,48,35,0.002295474579098603,0.0,0.0,False
component_23,component_11,22,10,0.0022948910749633804,0.0,0.0,False
component_09,component_44,8,43,0.0022910617115036304,0.0,0.0,False
component_18,component_51,17,50,0.0022891700316749323,0.0,0.0,False
component_16,component_38,15,37,0.0022877786620392818,0.0,0.0,False
component_40,component_18,39,17,0.0022875389341522772,0.0,0.0,False
component_41,component_26,40,25,0.002286542820516988,0.0,0.0,False
component_34,component_12,33,11,0.00228274356726416,0.0,0.0,False
component_17,component_15,16,14,0.0022824855646553116,0.0,0.0,False
component_19,component_01,18,0,0.002281162777533912,0.0,0.0,False
component_39,component_54,38,53,0.0022803053598530617,0.0,0.0,False
component_11,component_30,10,29,0.002278763026222872,0.0,0.0,False
component_45,component_12,44,11,0.0022777981474547313,0.0,0.0,False
component_45,component_34,44,33,0.0022710665838100875,0.0,0.0,False
component_43,component_16,42,15,0.0022682541978353253,0.0,0.0,False
component_59,component_24,58,23,0.0022672375769741517,0.0451684461108355,0.0451684461108355,True
component_57,component_02,56,1,0.0022582273182124666,0.0,0.0,False
component_40,component_60,39,59,0.002251530146892097,0.0,0.0,False
component_60,component_45,59,44,0.0022502754024873563,0.0,0.0,False
component_15,component_09,14,8,0.0022501026734333624,-0.0399776159818753,0.0399776159818753,True
component_23,component_55,22,54,0.002247280539812803,0.0,0.0,False
component_53,component_36,52,35,0.0022469436571994515,0.0,0.0,False
component_23,component_58,22,57,0.0022448484361494493,0.0,0.0,False
component_10,component_07,9,6,0.0022443580712879475,0.0,0.0,False
component_32,component_44,31,43,0.002243198038762358,0.0,0.0,False
component_54,component_56,53,55,0.002241741857816085,0.0,0.0,False
component_45,component_35,44,34,0.002240613182785561,0.0,0.0,False
component_13,component_39,12,38,0.002237111751474922,0.0,0.0,False
component_57,component_12,56,11,0.0022337919184663158,0.0,0.0,False
component_60,component_05,59,4,0.002232369930555323,0.0,0.0,False
component_49,component_07,48,6,0.0022290770313138815,0.0,0.0,False
component_15,component_51,14,50,0.0022268516518604772,0.0,0.0,False
component_49,component_41,48,40,0.0022253569875579403,0.0,0.0,False
component_56,component_07,55,6,0.00222001574715293,0.0,0.0,False
component_06,component_10,5,9,0.0022181796945443346,0.0,0.0,False
component_31,component_50,30,49,0.0022175250922292834,-0.1238703749297752,0.1238703749297752,True
component_32,component_09,31,8,0.002216907945229438,0.0,0.0,False
component_47,component_44,46,43,0.0022164482889324598,0.0,0.0,False
component_56,component_29,55,28,0.002215150504831972,0.0,0.0,False
component_55,component_51,54,50,0.0022134148236541635,0.0,0.0,False
component_15,component_38,14,37,0.002210553538803521,0.0,0.0,False
component_44,component_48,43,47,0.0022101615160569693,0.0,0.0,False
component_55,component_06,54,5,0.002204411835357477,0.0,0.0,False
component_31,component_57,30,56,0.002203905431855617,0.0,0.0,False
component_57,component_25,56,24,0.0022019380868538055,0.0,0.0,False
component_18,component_42,17,41,0.002199779441535872,0.0,0.0,False
component_33,component_08,32,7,0.0021996523302439718,0.0,0.0,False
component_18,component_58,17,57,0.002197498325014645,0.0,0.0,False
component_40,component_30,39,29,0.002195715429547586,0.0,0.0,False
component_51,component_28,50,27,0.0021939243432483493,0.0,0.0,False
component_20,component_55,19,54,0.002192573816402853,0.0,0.0,False
component_56,component_14,55,13,0.0021900930523435663,0.0,0.0,False
component_54,component_49,53,48,0.002188269317381088,0.0,0.0,False
component_17,component_03,16,2,0.002186902013362042,0.0,0.0,False
component_42,component_12,41,11,0.0021862470438258398,0.0,0.0,False
component_21,component_24,20,23,0.0021836812221466342,0.0,0.0,False
component_29,component_58,28,57,0.0021810472520157444,0.0,0.0,False
component_37,component_15,36,14,0.0021800320847649144,0.0,0.0,False
component_35,component_03,34,2,0.002179073160096796,0.0,0.0,False
component_42,component_10,41,9,0.0021723729618973926,0.0,0.0,False
component_49,component_26,48,25,0.0021721299228109085,0.0,0.0,False
component_23,component_04,22,3,0.00216393434283731,0.0,0.0,False
component_56,component_40,55,39,0.002161224572591998,0.0,0.0,False
component_31,component_39,30,38,0.002156955175736478,0.0,0.0,False
component_23,component_47,22,46,0.002150756312823596,0.0,0.0,False
component_23,component_32,22,31,0.0021463344753502984,0.0,0.0,False
component_55,component_35,54,34,0.002144172696631379,0.0,0.0,False
component_31,component_21,30,20,0.0021437716862363083,0.0,0.0,False
component_54,component_05,53,4,0.0021424395395243686,-0.0900801315205811,0.0900801315205811,True
component_56,component_18,55,17,0.0021230604996073303,0.0,0.0,False
component_39,component_44,38,43,0.0021173517671033036,0.0,0.0,False
component_25,component_09,24,8,0.0021164889923708094,0.0,0.0,False
component_56,component_25,55,24,0.002116066093660606,-0.085901383842059,0.085901383842059,True
component_49,component_12,48,11,0.0021148684429795586,0.0,0.0,False
component_47,component_07,46,6,0.002112610338488713,0.0,0.0,False
component_16,component_06,15,5,0.0021107421184687405,0.0511394816139559,0.0511394816139559,True
component_13,component_27,12,26,0.002109822915099502,0.0,0.0,False
component_03,component_23,2,22,0.002106889234014952,0.0,0.0,False
component_46,component_30,45,29,0.0021063419466586532,0.0,0.0,False
component_29,component_46,28,45,0.002105915334384194,0.0,0.0,False
component_01,component_11,0,10,0.002102380926935906,0.0,0.0,False
component_54,component_42,53,41,0.0021022218708808267,0.0,0.0,False
component_08,component_54,7,53,0.0021008975470363624,0.0,0.0,False
component_26,component_19,25,18,0.002098828468824574,0.0,0.0,False
component_52,component_40,51,39,0.002096431661444894,0.0,0.0,False
component_36,component_34,35,33,0.0020946792446649674,-0.0466292201559269,0.0466292201559269,True
component_40,component_56,39,55,0.0020930604620969483,0.0,0.0,False
component_42,component_55,41,54,0.00209273712513679,0.0,0.0,False
component_33,component_22,32,21,0.0020898186875161822,0.0,0.0,False
component_26,component_01,25,0,0.002088219885067748,0.0,0.0,False
component_34,component_40,33,39,0.0020872573293775547,0.0,0.0,False
component_23,component_59,22,58,0.0020861476804394687,0.0,0.0,False
component_34,component_24,33,23,0.0020860527090079146,0.0,0.0,False
component_20,component_31,19,30,0.0020847924123716206,0.0,0.0,False
component_15,component_14,14,13,0.0020842982105278005,0.0,0.0,False
component_05,component_32,4,31,0.0020833549230481795,0.0,0.0,False
component_02,component_07,1,6,0.002082121251831543,0.0,0.0,False
component_40,component_10,39,9,0.0020808279265069024,0.0518661518235158,0.0518661518235158,True
component_28,component_14,27,13,0.002080731713010333,0.0,0.0,False
component_57,component_15,56,14,0.0020783533212067927,0.0,0.0,False
component_41,component_57,40,56,0.0020776587419611943,0.0,0.0,False
component_51,component_48,50,47,0.0020701136774188156,0.0486447582754011,0.0486447582754011,True
component_27,component_21,26,20,0.00206917933699337,-0.0435776199593116,0.0435776199593116,True
component_33,component_40,32,39,0.0020689116374591073,0.0,0.0,False
component_46,component_51,45,50,0.0020669331065818904,0.0,0.0,False
component_47,component_53,46,52,0.002065212740319563,0.0,0.0,False
component_52,component_47,51,46,0.0020627029520916486,0.0,0.0,False
component_10,component_46,9,45,0.0020613135669842802,0.0,0.0,False
component_20,component_25,19,24,0.0020598312583055257,0.0,0.0,False
component_34,component_09,33,8,0.0020575969169014507,0.0,0.0,False
component_15,component_22,14,21,0.0020561438536180203,0.0,0.0,False
component_45,component_18,44,17,0.002053848593781415,0.0,0.0,False
component_38,component_44,37,43,0.002051349659106077,0.0,0.0,False
component_55,component_41,54,40,0.0020508415472377797,0.0,0.0,False
component_48,component_21,47,20,0.0020489014954466005,0.0,0.0,False
component_30,component_53,29,52,0.002045741705858781,0.0,0.0,False
component_38,component_49,37,48,0.002042614165979326,0.0,0.0,False
component_50,component_03,49,2,0.002042608220043022,0.0,0.0,False
component_31,component_46,30,45,0.0020410966343032484,0.0,0.0,False
component_51,component_30,50,29,0.002041037358177923,0.0,0.0,False
component_11,component_26,10,25,0.002040888449243185,0.0,0.0,False
component_43,component_03,42,2,0.0020397864889198153,0.0,0.0,False
component_03,component_55,2,54,0.002037415531876015,0.0,0.0,False
component_52,component_34,51,33,0.0020368364636193766,0.0,0.0,False
component_14,component_59,13,58,0.0020314356792385034,0.0,0.0,False
component_11,component_14,10,13,0.0020301175161142214,0.0,0.0,False
component_20,component_18,19,17,0.0020292197404224704,0.0,0.0,False
component_05,component_28,4,27,0.0020265412102083774,0.0,0.0,False
component_28,component_50,27,49,0.002026431341926183,0.0,0.0,False
component_43,component_55,42,54,0.002023823671560892,0.0,0.0,False
component_56,component_20,55,19,0.0020238131221716024,0.0,0.0,False
component_58,component_12,57,11,0.0020234118074112916,0.0,0.0,False
component_35,component_16,34,15,0.0020224560759059852,0.0,0.0,False
component_30,component_26,29,25,0.002019136392889467,0.0,0.0,False
component_03,component_29,2,28,0.002018806403480524,0.0,0.0,False
component_57,component_23,56,22,0.002018168448366243,0.0,0.0,False
component_60,component_51,59,50,0.002015705141863668,0.0,0.0,False
component_10,component_19,9,18,0.0020142013871072444,0.0,0.0,False
component_49,component_24,48,23,0.0020130796329224706,0.0,0.0,False
component_04,component_35,3,34,0.0020130629065601845,0.0445662454546215,0.0445662454546215,True
component_52,component_60,51,59,0.002009342510581485,0.0,0.0,False
component_44,component_19,43,18,0.002009180620946907,0.0,0.0,False
component_02,component_13,1,12,0.0020063292367692356,0.0,0.0,False
component_40,component_29,39,28,0.002002519648430818,0.0,0.0,False
component_17,component_42,16,41,0.002000003438813725,0.0,0.0,False
component_08,component_17,7,16,0.0019996619350847915,0.0781183006312232,0.0781183006312232,True
component_44,component_49,43,48,0.0019996155207058393,0.0,0.0,False
component_29,component_41,28,40,0.0019988234718729637,0.0,0.0,False
component_58,component_16,57,15,0.0019965520540084583,0.0,0.0,False
component_60,component_57,59,56,0.001992369837161046,0.0,0.0,False
component_38,component_07,37,6,0.0019885882678127246,0.0,0.0,False
component_49,component_13,48,12,0.00198634451671365,0.0,0.0,False
component_48,component_25,47,24,0.001983403300791908,0.0,0.0,False
component_18,component_35,17,34,0.0019810876826125133,0.0,0.0,False
component_30,component_44,29,43,0.001979671496440935,0.0,0.0,False
component_27,component_20,26,19,0.0019779400754814237,0.0,0.0,False
component_47,component_26,46,25,0.001973542878971578,0.0,0.0,False
component_26,component_05,25,4,0.001972890653356919,-0.0782225213974298,0.0782225213974298,True
component_03,component_39,2,38,0.0019725756350173,0.0,0.0,False
component_45,component_36,44,35,0.0019707795403737607,0.0,0.0,False
component_59,component_60,58,59,0.001968650676083038,0.0,0.0,False
component_44,component_02,43,1,0.001968306018241762,-0.0440562792048686,0.0440562792048686,True
component_34,component_32,33,31,0.0019662994248701264,0.0,0.0,False
component_32,component_23,31,22,0.001964059284609323,0.0,0.0,False
component_59,component_08,58,7,0.0019548529687567814,0.0497874104386874,0.0497874104386874,True
component_07,component_34,6,33,0.0019515836828997585,0.0,0.0,False
component_28,component_48,27,47,0.001949708577220299,0.0,0.0,False
component_22,component_04,21,3,0.0019474262930592044,0.0,0.0,False
component_49,component_42,48,41,0.0019404953132852256,0.0,0.0,False
component_08,component_60,7,59,0.0019376609159336199,0.0,0.0,False
component_13,component_14,12,13,0.0019323630841531915,0.0,0.0,False
component_30,component_27,29,26,0.001929961950814269,0.0,0.0,False
component_47,component_05,46,4,0.0019288395296302792,0.0,0.0,False
component_32,component_05,31,4,0.0019287670246018562,-0.0673944523461841,0.0673944523461841,True
component_48,component_06,47,5,0.001927333782911872,0.0,0.0,False
component_37,component_58,36,57,0.0019249112392443388,0.0,0.0,False
component_30,component_49,29,48,0.0019241784030438426,0.0,0.0,False
component_06,component_13,5,12,0.0019237139212344321,0.0,0.0,False
component_52,component_23,51,22,0.0019218322451438048,0.0,0.0,False
component_52,component_36,51,35,0.0019194931570429604,-0.0597735791320444,0.0597735791320444,True
component_09,component_12,8,11,0.001916226780027181,0.0,0.0,False
component_03,component_41,2,40,0.0019154553275978704,0.0,0.0,False
component_22,component_13,21,12,0.001907924369017905,0.0,0.0,False
component_07,component_50,6,49,0.0019044407570013083,0.0,0.0,False
component_39,component_16,38,15,0.0019007730944119825,0.0,0.0,False
component_28,component_58,27,57,0.0018997441267407586,0.0,0.0,False
component_57,component_47,56,46,0.0018941052201702673,0.0,0.0,False
component_36,component_51,35,50,0.0018937177086944966,0.0549637283259194,0.0549637283259194,True
component_51,component_23,50,22,0.0018885646353258932,0.0,0.0,False
component_35,component_46,34,45,0.0018878702670481376,0.0,0.0,False
component_46,component_29,45,28,0.001885929081939428,0.0,0.0,False
component_53,component_15,52,14,0.0018794546662717316,0.0,0.0,False
component_55,component_36,54,35,0.0018776020186387268,0.0,0.0,False
component_08,component_26,7,25,0.0018773677797293289,0.0,0.0,False
component_17,component_08,16,7,0.0018739998694812209,0.0,0.0,False
component_50,component_08,49,7,0.0018739400340058315,0.0,0.0,False
component_21,component_14,20,13,0.001868678417786633,0.0,0.0,False
component_14,component_27,13,26,0.0018660618222568089,0.0,0.0,False
component_17,component_56,16,55,0.0018633068946848925,0.0,0.0,False
component_52,component_50,51,49,0.0018571883796355778,0.0,0.0,False
component_26,component_03,25,2,0.0018568717143402505,0.0,0.0,False
component_12,component_34,11,33,0.0018531834671832786,0.0,0.0,False
component_44,component_25,43,24,0.0018512430341624487,0.0,0.0,False
component_31,component_02,30,1,0.0018509535470912007,0.0,0.0,False
component_15,component_60,14,59,0.0018459091970342775,0.0,0.0,False
component_07,component_09,6,8,0.0018452827199313222,0.0,0.0,False
component_37,component_26,36,25,0.0018404275224668141,0.0,0.0,False
component_59,component_04,58,3,0.0018391754921473526,0.0,0.0,False
component_53,component_10,52,9,0.0018385029114399787,0.0,0.0,False
component_01,component_21,0,20,0.0018355286966205277,0.0,0.0,False
component_30,component_09,29,8,0.0018282112814065911,0.0,0.0,False
component_28,component_04,27,3,0.001821893351449222,0.0,0.0,False
component_10,component_03,9,2,0.0018218542614441414,0.0,0.0,False
component_33,component_16,32,15,0.0018197475257881836,0.0,0.0,False
component_10,component_13,9,12,0.001816556738879877,0.0,0.0,False
component_42,component_13,41,12,0.0018121583883763577,0.0,0.0,False
component_51,component_59,50,58,0.0018091873719411704,0.0,0.0,False
component_08,component_13,7,12,0.001809127036613914,0.0,0.0,False
component_42,component_14,41,13,0.0018072244137890899,0.0,0.0,False
component_04,component_18,3,17,0.0018061079583567298,0.0,0.0,False
component_03,component_46,2,45,0.0018044243437144193,0.0,0.0,False
component_49,component_35,48,34,0.0018039706836005041,0.0916348904784032,0.0916348904784032,True
component_11,component_47,10,46,0.0018018691428006795,0.0,0.0,False
component_08,component_23,7,22,0.001798533428940235,0.0,0.0,False
component_04,component_43,3,42,0.001795347583672152,0.0,0.0,False
component_39,component_20,38,19,0.001793632698909353,0.0,0.0,False
component_56,component_41,55,40,0.001793544541701464,0.0,0.0,False
component_40,component_23,39,22,0.0017845849169549127,0.0,0.0,False
component_41,component_05,40,4,0.0017839316491523214,0.0,0.0,False
component_04,component_48,3,47,0.0017801871288535493,0.0,0.0,False
component_51,component_04,50,3,0.00177298158716244,0.0,0.0,False
component_29,component_45,28,44,0.001771473012553631,0.0,0.0,False
component_23,component_42,22,41,0.001769772267500642,0.0,0.0,False
component_21,component_47,20,46,0.001768145242440431,0.0,0.0,False
component_50,component_52,49,51,0.0017667977615888927,0.0,0.0,False
component_28,component_34,27,33,0.001764893570053788,0.0,0.0,False
component_16,component_19,15,18,0.001763188012629531,0.0,0.0,False
component_22,component_06,21,5,0.0017573552941277672,0.0,0.0,False
component_47,component_52,46,51,0.0017565670807951545,0.0,0.0,False
component_25,component_28,24,27,0.0017550444192605348,0.0,0.0,False
component_36,component_23,35,22,0.001754144032188599,0.0,0.0,False
component_14,component_21,13,20,0.0017505481725664193,0.0,0.0,False
component_55,component_29,54,28,0.0017491699104039866,0.0,0.0,False
component_06,component_20,5,19,0.0017487064337578608,0.0,0.0,False
component_04,component_01,3,0,0.0017484814981494046,0.0,0.0,False
component_59,component_17,58,16,0.0017444844267058596,0.0,0.0,False
component_39,component_03,38,2,0.0017431155270499596,0.0,0.0,False
component_55,component_02,54,1,0.0017423750681311088,0.0,0.0,False
component_48,component_19,47,18,0.0017419898903528364,0.0,0.0,False
component_10,component_32,9,31,0.0017400179046367448,0.0,0.0,False
component_38,component_20,37,19,0.0017398961757069808,0.0,0.0,False
component_55,component_19,54,18,0.0017383377068972451,0.0,0.0,False
component_29,component_54,28,53,0.001737255308025275,0.0,0.0,False
component_29,component_09,28,8,0.0017364673503644876,0.0,0.0,False
component_58,component_40,57,39,0.0017359578109822605,0.0,0.0,False
component_36,component_08,35,7,0.001733867325955049,0.0488732020845551,0.0488732020845551,True
component_46,component_58,45,57,0.0017333784657847695,0.0698791777418907,0.0698791777418907,True
component_17,component_41,16,40,0.0017300784503720796,0.0,0.0,False
component_20,component_10,19,9,0.0017297985873462585,0.0,0.0,False
component_50,component_34,49,33,0.0017264223529448656,0.0,0.0,False
component_24,component_04,23,3,0.0017240938860274423,0.0,0.0,False
component_15,component_20,14,19,0.0017189102338181928,0.0,0.0,False
component_39,component_45,38,44,0.0017154168999038997,0.0,0.0,False
component_55,component_40,54,39,0.0017152230391716834,0.0,0.0,False
component_54,component_18,53,17,0.0017110139109435874,0.0,0.0,False
component_53,component_28,52,27,0.0017085974382155082,0.0,0.0,False
component_51,component_50,50,49,0.001707651040157975,0.0,0.0,False
component_56,component_09,55,8,0.0017023697363000745,0.0,0.0,False
component_54,component_51,53,50,0.0017001927847216628,0.0,0.0,False
component_14,component_39,13,38,0.0016983621355115368,0.0,0.0,False
component_51,component_27,50,26,0.0016982020632396646,0.0,0.0,False
component_52,component_19,51,18,0.0016966868046998712,0.0,0.0,False
component_16,component_26,15,25,0.001695452156141735,0.0,0.0,False
component_06,component_42,5,41,0.0016937873443838983,0.0539032097155419,0.0539032097155419,True
component_58,component_35,57,34,0.001690140072170269,0.0495172858646032,0.0495172858646032,True
component_15,component_27,14,26,0.0016891983541342682,0.0,0.0,False
component_25,component_18,24,17,0.0016886705410915459,0.0851305314530505,0.0851305314530505,True
component_09,component_40,8,39,0.001688022499563214,0.0,0.0,False
component_26,component_10,25,9,0.0016871518585660208,0.0,0.0,False
component_25,component_06,24,5,0.0016870691355947783,0.0,0.0,False
component_49,component_48,48,47,0.0016864529102094076,0.0,0.0,False
component_39,component_38,38,37,0.0016847593859281933,0.0522760828124405,0.0522760828124405,True
component_21,component_54,20,53,0.0016845482020886612,0.0,0.0,False
component_45,component_21,44,20,0.0016838010704338918,0.0,0.0,False
component_56,component_03,55,2,0.001682987466624672,0.0,0.0,False
component_59,component_49,58,48,0.0016813779294782964,0.0,0.0,False
component_20,component_26,19,25,0.0016794742361649609,0.0,0.0,False
component_53,component_29,52,28,0.0016761066445419315,0.0,0.0,False
component_40,component_09,39,8,0.0016752089792071154,0.0,0.0,False
component_33,component_31,32,30,0.0016737206991298673,0.0,0.0,False
component_25,component_22,24,21,0.0016713711745305945,-0.0795872681988552,0.0795872681988552,True
component_25,component_51,24,50,0.0016701068697010605,0.0,0.0,False
component_15,component_34,14,33,0.0016686832213304865,0.0,0.0,False
component_31,component_11,30,10,0.0016654943841614084,0.0,0.0,False
component_02,component_60,1,59,0.001662851407939685,-0.0539853569367858,0.0539853569367858,True
component_49,component_39,48,38,0.0016609117626779396,0.0,0.0,False
component_50,component_41,49,40,0.0016604104344854322,0.0,0.0,False
component_59,component_12,58,11,0.001660145196873702,0.0,0.0,False
component_52,component_59,51,58,0.0016562125683299816,0.0,0.0,False
component_40,component_47,39,46,0.0016546439749442455,0.0,0.0,False
component_07,component_32,6,31,0.0016542938159306016,0.0,0.0,False
component_37,component_57,36,56,0.0016537831631549724,0.0,0.0,False
component_57,component_43,56,42,0.0016524727652678015,0.0,0.0,False
component_43,component_50,42,49,0.0016523515655574722,0.0,0.0,False
component_06,component_50,5,49,0.0016519441597511553,0.0,0.0,False
component_03,component_51,2,50,0.0016483131242612792,-0.0584641518464767,0.0584641518464767,True
component_23,component_20,22,19,0.0016474124737677225,0.0,0.0,False
component_52,component_33,51,32,0.0016472076380594214,0.0,0.0,False
component_41,component_34,40,33,0.0016463295671053399,0.0,0.0,False
component_50,component_04,49,3,0.0016456915153946097,-0.0459502235464815,0.0459502235464815,True
component_59,component_45,58,44,0.0016393455583529044,0.0,0.0,False
component_31,component_13,30,12,0.0016388011302065288,-0.0537221395764886,0.0537221395764886,True
component_18,component_31,17,30,0.0016371230961339748,0.0,0.0,False
component_48,component_33,47,32,0.0016290570289812954,0.0,0.0,False
component_37,component_40,36,39,0.0016229772052051383,0.0,0.0,False
component_12,component_56,11,55,0.0016211397602510413,0.0,0.0,False
component_07,component_18,6,17,0.0016206463499392363,0.0,0.0,False
component_42,component_35,41,34,0.0016203099824902598,0.0,0.0,False
component_38,component_25,37,24,0.0016187878149756662,0.0,0.0,False
component_51,component_41,50,40,0.0016163965614012597,0.0819988209580829,0.0819988209580829,True
component_35,component_18,34,17,0.0016149889130807715,0.0,0.0,False
component_13,component_60,12,59,0.001614397413875999,0.0,0.0,False
component_56,component_36,55,35,0.00161304475145747,0.0,0.0,False
component_21,component_40,20,39,0.0016118537996427397,0.0,0.0,False
component_14,component_19,13,18,0.0016110415180537415,0.0,0.0,False
component_39,component_41,38,40,0.0016073185803897423,0.0,0.0,False
component_11,component_04,10,3,0.0016049035641161656,0.0,0.0,False
component_13,component_08,12,7,0.0016033369149216535,0.0,0.0,False
component_41,component_23,40,22,0.0016031117737167894,0.0,0.0,False
component_33,component_11,32,10,0.0016005660259606816,0.0,0.0,False
component_15,component_03,14,2,0.0015967051908301981,-0.0567986712628651,0.0567986712628651,True
component_47,component_46,46,45,0.0015940536897060317,0.0,0.0,False
component_34,component_07,33,6,0.0015847702342575423,0.0,0.0,False
component_21,component_36,20,35,0.001584631235273348,0.0,0.0,False
component_52,component_53,51,52,0.0015843411036043622,0.0,0.0,False
component_33,component_05,32,4,0.0015842033288345548,0.0,0.0,False
component_20,component_39,19,38,0.0015831927274413092,0.0,0.0,False
component_09,component_49,8,48,0.0015811291159672346,0.0,0.0,False
component_60,component_20,59,19,0.0015800414481994957,0.0,0.0,False
component_27,component_44,26,43,0.0015785843807549493,0.0,0.0,False
component_13,component_12,12,11,0.0015776716444137534,0.0,0.0,False
component_05,component_14,4,13,0.0015745833363755637,0.0,0.0,False
component_33,component_39,32,38,0.0015732345825404202,0.0,0.0,False
component_32,component_56,31,55,0.001572073734678302,0.0,0.0,False
component_09,component_01,8,0,0.0015701432228501884,0.0,0.0,False
component_45,component_29,44,28,0.001566304068983119,0.0,0.0,False
component_03,component_50,2,49,0.0015660147639215574,0.0,0.0,False
component_59,component_18,58,17,0.0015649929985373926,0.0,0.0,False
component_05,component_43,4,42,0.0015645689389601875,0.0,0.0,False
component_44,component_18,43,17,0.00156285587748266,0.0,0.0,False
component_27,component_26,26,25,0.001562626673805399,-0.0482295703669267,0.0482295703669267,True
component_16,component_07,15,6,0.0015622641043784554,0.0,0.0,False
component_45,component_49,44,48,0.0015602140108899737,0.0,0.0,False
component_28,component_32,27,31,0.0015579946176062143,0.0,0.0,False
component_28,component_16,27,15,0.0015569197593673606,0.0,0.0,False
component_21,component_25,20,24,0.0015539450204247243,0.0,0.0,False
component_54,component_03,53,2,0.0015515538929216787,0.0,0.0,False
component_52,component_11,51,10,0.00155095634526025,0.0,0.0,False
component_44,component_03,43,2,0.0015508819526644556,0.0414394554906429,0.0414394554906429,True
component_26,component_27,25,26,0.0015506479218974109,0.0,0.0,False
component_03,component_05,2,4,0.001550054166626803,0.0,0.0,False
component_49,component_31,48,30,0.0015496401668324672,0.0,0.0,False
component_55,component_09,54,8,0.001544966119446848,0.0,0.0,False
component_36,component_50,35,49,0.0015442484583402258,0.0,0.0,False
component_40,component_45,39,44,0.0015438421070577163,0.0,0.0,False
component_59,component_42,58,41,0.0015429098822541457,0.0,0.0,False
component_33,component_26,32,25,0.001542890948283885,0.0,0.0,False
component_41,component_35,40,34,0.0015427952539182038,0.0,0.0,False
component_29,component_44,28,43,0.0015425755213055992,0.0,0.0,False
component_60,component_11,59,10,0.0015421722086739389,0.0,0.0,False
component_60,component_30,59,29,0.0015397743546995868,0.0,0.0,False
component_04,component_38,3,37,0.0015389019323339722,0.0,0.0,False
component_14,component_06,13,5,0.0015385561391297689,0.0,0.0,False
component_51,component_56,50,55,0.0015380896655354365,0.0,0.0,False
component_38,component_05,37,4,0.0015363374918134,0.0,0.0,False
component_28,component_19,27,18,0.0015358602892541523,0.0685220657612064,0.0685220657612064,True
component_59,component_15,58,14,0.0015340849143150941,0.0,0.0,False
component_35,component_51,34,50,0.0015324186918497169,0.0,0.0,False
component_26,component_34,25,33,0.001530390304675995,0.0,0.0,False
component_25,component_03,24,2,0.0015298981283238806,0.0,0.0,False
component_33,component_29,32,28,0.001528740790245054,0.0,0.0,False
component_08,component_09,7,8,0.0015278427823060383,0.0,0.0,False
component_04,component_54,3,53,0.0015274447382861013,0.0,0.0,False
component_45,component_17,44,16,0.0015264556872069952,0.0,0.0,False
component_47,component_13,46,12,0.001525160818111681,-0.0397400531894837,0.0397400531894837,True
component_27,component_14,26,13,0.0015249840688093784,0.0,0.0,False
component_46,component_32,45,31,0.0015241044243346274,0.0,0.0,False
component_15,component_43,14,42,0.0015239690436276104,0.0,0.0,False
component_21,component_56,20,55,0.001523096029854584,0.0,0.0,False
component_19,component_15,18,14,0.0015212132620720023,0.0,0.0,False
component_20,component_09,19,8,0.001520521259025906,0.0,0.0,False
component_50,component_22,49,21,0.0015191824991441143,0.0,0.0,False
component_43,component_17,42,16,0.0015182798027011438,0.0,0.0,False
component_51,component_22,50,21,0.0015179102657376905,0.0,0.0,False
component_42,component_32,41,31,0.001516460179022969,0.0,0.0,False
component_27,component_03,26,2,0.0015154009778572549,-0.0519010434898281,0.0519010434898281,True
component_57,component_42,56,41,0.0015152607676914437,0.0,0.0,False
component_14,component_11,13,10,0.0015121479905941307,0.0,0.0,False
component_19,component_06,18,5,0.0015118109873635598,0.0,0.0,False
component_54,component_44,53,43,0.0015117113610676927,0.0,0.0,False
component_33,component_48,32,47,0.0015094508995905755,0.0,0.0,False
component_05,component_35,4,34,0.0015084103923578359,0.0,0.0,False
component_22,component_02,21,1,0.0015080136033872038,0.0,0.0,False
component_41,component_17,40,16,0.0015067560975473488,0.0,0.0,False
component_44,component_53,43,52,0.0015041658306718013,0.0,0.0,False
component_19,component_10,18,9,0.0015023449878346809,0.0,0.0,False
component_18,component_40,17,39,0.0014990748784800567,0.0,0.0,False
component_06,component_55,5,54,0.0014965896087272162,0.0,0.0,False
component_12,component_30,11,29,0.0014947237774643528,0.0,0.0,False
component_48,component_31,47,30,0.0014935078369191146,0.0,0.0,False
component_45,component_53,44,52,0.0014931887918354244,0.0,0.0,False
component_58,component_07,57,6,0.0014930455493385728,-0.0681854497736415,0.0681854497736415,True
component_02,component_40,1,39,0.0014888444952198749,0.0,0.0,False
component_46,component_42,45,41,0.0014883529206606814,0.0,0.0,False
component_31,component_01,30,0,0.0014874530753359715,0.0,0.0,False
component_24,component_14,23,13,0.0014862128054740228,0.0,0.0,False
component_32,component_16,31,15,0.001478576713312165,0.0,0.0,False
component_23,component_30,22,29,0.0014776236223492196,0.0,0.0,False
component_46,component_57,45,56,0.001474710228776717,0.0,0.0,False
component_12,component_54,11,53,0.0014712654551090605,0.0,0.0,False
component_59,component_28,58,27,0.001469378838289365,0.0,0.0,False
component_55,component_17,54,16,0.0014682978007471003,0.0,0.0,False
component_03,component_33,2,32,0.0014668199515106193,0.0,0.0,False
component_57,component_04,56,3,0.0014661169167368886,0.0587644951031251,0.0587644951031251,True
component_28,component_45,27,44,0.0014646891638068304,0.0,0.0,False
component_54,component_04,53,3,0.0014641066262087374,0.0,0.0,False
component_59,component_07,58,6,0.0014628087799142225,0.0,0.0,False
component_03,component_02,2,1,0.0014610382751836072,0.0,0.0,False
component_04,component_27,3,26,0.0014606920027226905,0.0,0.0,False
component_39,component_47,38,46,0.0014592197765589676,0.0,0.0,False
component_03,component_59,2,58,0.001458678470223362,0.0,0.0,False
component_29,component_43,28,42,0.0014556664930848594,0.0,0.0,False
component_36,component_14,35,13,0.0014531784130251304,0.0,0.0,False
component_54,component_15,53,14,0.0014506972046457811,0.0,0.0,False
component_06,component_33,5,32,0.0014505695875996066,0.0,0.0,False
component_02,component_59,1,58,0.00144926728441377,0.0,0.0,False
component_09,component_13,8,12,0.0014486589530441668,0.0,0.0,False
component_53,component_52,52,51,0.0014478960749516605,0.0,0.0,False
component_26,component_48,25,47,0.0014467251702919163,0.0,0.0,False
component_32,component_11,31,10,0.001443318801871505,0.0,0.0,False
component_50,component_09,49,8,0.0014423223023791504,0.0,0.0,False
component_55,component_47,54,46,0.0014417483909994514,0.0,0.0,False
component_16,component_23,15,22,0.0014412763333498217,0.0,0.0,False
component_37,component_53,36,52,0.0014349567284432509,0.0,0.0,False
component_59,component_52,58,51,0.0014346832423211896,-0.0736982020862939,0.0736982020862939,True
component_55,component_16,54,15,0.0014336120617654165,0.0,0.0,False
component_24,component_59,23,58,0.0014322579815793635,0.0,0.0,False
component_25,component_11,24,10,0.0014288885328476498,0.0,0.0,False
component_30,component_20,29,19,0.0014246983767670566,0.0,0.0,False
component_12,component_08,11,7,0.0014237196543731177,0.0,0.0,False
component_22,component_38,21,37,0.0014230760340714446,0.0,0.0,False
component_40,component_24,39,23,0.001423046770975395,0.0,0.0,False
component_55,component_01,54,0,0.001422703327262519,0.0,0.0,False
component_58,component_25,57,24,0.0014208283646454465,0.0,0.0,False
component_32,component_55,31,54,0.0014184263342158776,0.0,0.0,False
component_48,component_53,47,52,0.0014165421283448831,0.0,0.0,False
component_49,component_37,48,36,0.00141542647007898,0.0,0.0,False
component_60,component_47,59,46,0.001414978592360237,0.0,0.0,False
component_42,component_29,41,28,0.001412212424348048,0.0,0.0,False
component_42,component_25,41,24,0.0014113694471057365,0.0,0.0,False
component_44,component_05,43,4,0.0014076189519763688,0.05532628261488,0.05532628261488,True
component_20,component_19,19,18,0.001405344857694564,0.0,0.0,False
component_06,component_51,5,50,0.0014024497610085876,0.0,0.0,False
component_37,component_46,36,45,0.0014016366761204547,0.0,0.0,False
component_25,component_53,24,52,0.0013993383987099266,0.0,0.0,False
component_55,component_26,54,25,0.0013978896922407702,-0.051631282525618,0.051631282525618,True
component_50,component_49,49,48,0.0013978882178909324,-0.0868289729129777,0.0868289729129777,True
component_38,component_50,37,49,0.0013974593037705983,0.0,0.0,False
component_22,component_19,21,18,0.0013952524034056984,0.0,0.0,False
component_41,component_55,40,54,0.001393823981049548,0.0,0.0,False
component_27,component_40,26,39,0.0013927807351003334,0.0,0.0,False
component_51,component_44,50,43,0.0013894393071180403,0.0,0.0,False
component_59,component_53,58,52,0.0013889204964395822,0.0,0.0,False
component_33,component_25,32,24,0.001386463351028315,0.0,0.0,False
component_34,component_54,33,53,0.0013847731837049885,0.0,0.0,False
component_44,component_17,43,16,0.0013824059415450361,0.0,0.0,False
component_04,component_10,3,9,0.001379516019753601,0.0,0.0,False
component_60,component_52,59,51,0.0013788530153496612,0.0,0.0,False
component_18,component_33,17,32,0.0013786075363451048,0.0,0.0,False
component_41,component_47,40,46,0.0013783074570932882,0.0,0.0,False
component_33,component_27,32,26,0.001377866751365018,0.0,0.0,False
component_52,component_32,51,31,0.0013769353264377702,0.0,0.0,False
component_57,component_11,56,10,0.0013738233590673997,-0.0755802521003376,0.0755802521003376,True
component_03,component_07,2,6,0.0013702149965353115,0.0,0.0,False
component_13,component_17,12,16,0.0013658230789477456,0.0,0.0,False
component_38,component_43,37,42,0.001363379780917539,0.0,0.0,False
component_58,component_19,57,18,0.001363066915412262,0.0,0.0,False
component_52,component_07,51,6,0.0013630377489754313,0.0,0.0,False
component_48,component_09,47,8,0.0013616651117335115,0.0,0.0,False
component_19,component_33,18,32,0.001359494097813449,0.0,0.0,False
component_08,component_18,7,17,0.0013591118509935275,0.0,0.0,False
component_26,component_32,25,31,0.0013574575508665957,0.0,0.0,False
component_13,component_06,12,5,0.0013569923414872885,0.0474357278342092,0.0474357278342092,True
component_36,component_53,35,52,0.0013525264949298672,0.0,0.0,False
component_29,component_15,28,14,0.0013516869035082996,0.0,0.0,False
component_05,component_06,4,5,0.0013478030894952388,0.0,0.0,False
component_37,component_03,36,2,0.0013466280189346504,0.0,0.0,False
component_37,component_11,36,10,0.001346380518500698,0.0,0.0,False
component_40,component_43,39,42,0.0013411535405529987,0.0,0.0,False
component_42,component_24,41,23,0.0013405656200646647,0.0,0.0,False
component_32,component_41,31,40,0.0013405277472754973,0.0,0.0,False
component_16,component_31,15,30,0.0013401018333877583,0.0,0.0,False
component_11,component_57,10,56,0.0013383040941113713,0.0,0.0,False
component_33,component_06,32,5,0.0013378857899297508,-0.0608037377233458,0.0608037377233458,True
component_21,component_43,20,42,0.001335786548664244,0.0640062134307599,0.0640062134307599,True
component_54,component_23,53,22,0.001335329414050115,0.0,0.0,False
component_13,component_40,12,39,0.0013346404850270717,0.0,0.0,False
component_33,component_51,32,50,0.001334294840533031,0.0,0.0,False
component_31,component_41,30,40,0.0013333469764574856,0.0,0.0,False
component_58,component_51,57,50,0.0013308888918415391,0.0,0.0,False
component_18,component_44,17,43,0.0013291241380740271,0.0,0.0,False
component_37,component_28,36,27,0.001327364629206787,0.0,0.0,False
component_07,component_46,6,45,0.0013267103043164653,0.0,0.0,False
component_42,component_07,41,6,0.0013235119323264208,0.0,0.0,False
component_20,component_16,19,15,0.0013226672958527317,0.0,0.0,False
component_28,component_33,27,32,0.001318073817088584,0.0,0.0,False
component_32,component_04,31,3,0.001316717270552777,0.0,0.0,False
component_09,component_43,8,42,0.0013167033240394808,-0.0574206453071904,0.0574206453071904,True
component_40,component_02,39,1,0.0013116462907909387,0.0,0.0,False
component_50,component_24,49,23,0.0013104220978387925,0.0,0.0,False
component_45,component_19,44,18,0.0013071742034470911,0.0,0.0,False
component_06,component_18,5,17,0.0013069670361830728,0.0,0.0,False
component_14,component_30,13,29,0.0013046503844445947,-0.0761198619442156,0.0761198619442156,True
component_36,component_10,35,9,0.0013039695819005183,-0.0613005313483973,0.0613005313483973,True
component_36,component_06,35,5,0.0013035731099802028,0.0,0.0,False
component_60,component_23,59,22,0.00130259887024594,0.0,0.0,False
component_47,component_43,46,42,0.0013017094616115162,0.0,0.0,False
component_01,component_15,0,14,0.0013000192170529467,0.0,0.0,False
component_14,component_49,13,48,0.001299516284923516,0.0,0.0,False
component_02,component_51,1,50,0.0012984766435742724,0.0,0.0,False
component_56,component_31,55,30,0.0012984598517986226,0.0,0.0,False
component_38,component_59,37,58,0.0012963468584591006,0.0,0.0,False
component_55,component_22,54,21,0.001293038739978881,0.0,0.0,False
component_35,component_11,34,10,0.0012911769482622077,0.0,0.0,False
component_12,component_48,11,47,0.0012904903295777542,0.0,0.0,False
component_31,component_16,30,15,0.001288637354499974,0.0,0.0,False
component_44,component_52,43,51,0.0012847665606643241,0.0,0.0,False
component_09,component_60,8,59,0.0012822088638852675,-0.0594135195767205,0.0594135195767205,True
component_17,component_18,16,17,0.0012815283884093742,0.0,0.0,False
component_36,component_01,35,0,0.0012789874016256742,0.0,0.0,False
component_42,component_31,41,30,0.001276386167972671,0.0,0.0,False
component_32,component_22,31,21,0.0012757137803309404,0.0,0.0,False
component_34,component_33,33,32,0.0012740245004623754,0.0,0.0,False
component_31,component_28,30,27,0.0012715181172410685,0.0,0.0,False
component_40,component_01,39,0,0.001268302058766962,0.0,0.0,False
component_27,component_33,26,32,0.0012681814043387484,0.0,0.0,False
component_40,component_14,39,13,0.0012675488844426444,0.0,0.0,False
component_41,component_28,40,27,0.001267013340352608,0.0,0.0,False
component_47,component_41,46,40,0.0012669412547147677,0.0,0.0,False
component_52,component_56,51,55,0.0012655553411841324,0.0,0.0,False
component_22,component_18,21,17,0.0012642540387305021,0.0,0.0,False
component_01,component_27,0,26,0.0012638607596186019,0.0,0.0,False
component_11,component_10,10,9,0.001263756733094747,0.0,0.0,False
component_37,component_47,36,46,0.0012625559251541265,0.0,0.0,False
component_57,component_28,56,27,0.0012615109160185175,0.0,0.0,False
component_31,component_03,30,2,0.0012591284241758544,0.0,0.0,False
component_36,component_02,35,1,0.001258436774887684,0.0,0.0,False
component_57,component_13,56,12,0.0012579065248037868,0.0,0.0,False
component_41,component_49,40,48,0.0012565433275149858,0.0,0.0,False
component_50,component_31,49,30,0.001256219662569091,0.0,0.0,False
component_38,component_10,37,9,0.0012539557410902263,0.0417561231938734,0.0417561231938734,True
component_36,component_27,35,26,0.0012492541301421527,0.0,0.0,False
component_34,component_14,33,13,0.0012457456089937382,0.0,0.0,False
component_60,component_22,59,21,0.0012447827435352055,0.0,0.0,False
component_53,component_09,52,8,0.0012439527292656778,0.0,0.0,False
component_21,component_32,20,31,0.0012434112201140846,0.0,0.0,False
component_38,component_02,37,1,0.001241313276748713,0.0,0.0,False
component_19,component_57,18,56,0.0012384379518493287,0.0,0.0,False
component_37,component_14,36,13,0.0012382762348985582,0.0,0.0,False
component_55,component_07,54,6,0.0012364072415387592,0.0,0.0,False
component_45,component_55,44,54,0.0012361301034198259,0.0,0.0,False
component_51,component_45,50,44,0.0012346752556718736,0.0,0.0,False
component_39,component_37,38,36,0.001233805353415108,0.0,0.0,False
component_36,component_60,35,59,0.0012335737087852863,0.0,0.0,False
component_52,component_03,51,2,0.0012334818210496625,0.0,0.0,False
component_09,component_36,8,35,0.0012323463221367414,0.0,0.0,False
component_31,component_47,30,46,0.0012312452833546789,0.0,0.0,False
component_30,component_01,29,0,0.0012300161288801605,0.0468207497014732,0.0468207497014732,True
component_05,component_08,4,7,0.0012282821450804813,0.0,0.0,False
component_55,component_03,54,2,0.0012282498275091984,0.0,0.0,False
component_31,component_23,30,22,0.0012278740867513577,0.0,0.0,False
component_33,component_56,32,55,0.0012266729594562096,0.0,0.0,False
component_26,component_22,25,21,0.0012252959090139441,0.0,0.0,False
component_49,component_38,48,37,0.001223707304271094,0.0,0.0,False
component_21,component_34,20,33,0.001223356687834913,0.0,0.0,False
component_17,component_27,16,26,0.0012207754347762837,0.0,0.0,False
component_46,component_06,45,5,0.0012202728122983615,0.0,0.0,False
component_25,component_13,24,12,0.0012201211866739471,0.057267041615284,0.057267041615284,True
component_36,component_11,35,10,0.0012184561810476887,0.0,0.0,False
component_54,component_31,53,30,0.0012170655727882051,0.0,0.0,False
component_38,component_60,37,59,0.0012168804534178704,0.0,0.0,False
component_44,component_43,43,42,0.00121669387214793,0.0,0.0,False
component_22,component_32,21,31,0.0012163666321674171,0.0,0.0,False
component_08,component_46,7,45,0.0012150110486750564,0.0,0.0,False
component_26,component_53,25,52,0.0012141323399256876,0.0,0.0,False
component_14,component_10,13,9,0.001213272115445376,0.0,0.0,False
component_29,component_36,28,35,0.0012132153581777192,0.0,0.0,False
component_52,component_01,51,0,0.0012124167676977314,0.0,0.0,False
component_09,component_02,8,1,0.001211661872957676,0.0,0.0,False
component_56,component_23,55,22,0.0012114427512593263,0.0,0.0,False
component_26,component_21,25,20,0.001203926232675953,0.0,0.0,False
component_36,component_46,35,45,0.0012021277844130019,0.0,0.0,False
component_51,component_06,50,5,0.0012001586179684071,0.0,0.0,False
component_19,component_47,18,46,0.0011978911164250282,0.0,0.0,False
component_32,component_13,31,12,0.0011975732625898355,0.0,0.0,False
component_21,component_17,20,16,0.0011968517306562882,-0.0501873951884313,0.0501873951884313,True
component_45,component_59,44,58,0.0011938740754652002,0.0,0.0,False
component_45,component_27,44,26,0.001193055937588966,0.0,0.0,False
component_32,component_31,31,30,0.001190002729553069,0.0,0.0,False
component_55,component_56,54,55,0.0011855601542660435,0.0,0.0,False
component_10,component_12,9,11,0.0011853483498768923,0.0,0.0,False
component_30,component_56,29,55,0.0011847924612919767,0.0,0.0,False
component_36,component_39,35,38,0.0011847243464464287,0.0,0.0,False
component_24,component_36,23,35,0.001183826523076122,0.0710474025363864,0.0710474025363864,True
component_56,component_02,55,1,0.001183292065577588,0.0,0.0,False
component_13,component_15,12,14,0.0011816270364207373,0.0,0.0,False
component_37,component_35,36,34,0.0011773665226166136,0.0,0.0,False
component_34,component_30,33,29,0.0011748514542085375,0.0,0.0,False
component_58,component_33,57,32,0.0011707439014999096,0.0,0.0,False
component_29,component_16,28,15,0.001170119097993591,0.0,0.0,False
component_18,component_45,17,44,0.001168499533777699,0.0,0.0,False
component_42,component_21,41,20,0.001168382727281406,0.0,0.0,False
component_53,component_33,52,32,0.001165051221220805,0.0,0.0,False
component_04,component_47,3,46,0.0011619531316941405,0.0,0.0,False
component_08,component_03,7,2,0.0011564078504190233,0.0579127515640891,0.0579127515640891,True
component_35,component_14,34,13,0.00115475725590144,0.0,0.0,False
component_01,component_52,0,51,0.001153946260070029,0.0,0.0,False
component_32,component_53,31,52,0.0011514043930035119,0.0,0.0,False
component_52,component_48,51,47,0.00115125554330297,0.0,0.0,False
component_39,component_46,38,45,0.001151125666082494,0.0,0.0,False
component_20,component_28,19,27,0.0011491221623787492,0.0,0.0,False
component_50,component_05,49,4,0.0011427037072307903,0.0,0.0,False
component_44,component_15,43,14,0.0011417701256444006,0.0,0.0,False
component_35,component_48,34,47,0.0011415157022144522,0.0,0.0,False
component_35,component_58,34,57,0.0011399086287699023,0.0,0.0,False
component_16,component_36,15,35,0.0011395833019021949,0.0,0.0,False
component_10,component_17,9,16,0.0011376923337571274,0.0,0.0,False
component_45,component_20,44,19,0.0011367685699757665,0.0,0.0,False
component_27,component_54,26,53,0.0011356573367593255,0.0,0.0,False
component_29,component_25,28,24,0.0011335427643161884,0.0,0.0,False
component_09,component_04,8,3,0.0011324839659240843,0.0,0.0,False
component_56,component_35,55,34,0.0011324063156191652,0.0,0.0,False
component_25,component_21,24,20,0.0011317215373818695,0.0,0.0,False
component_25,component_46,24,45,0.0011306274373283358,-0.0550172635039623,0.0550172635039623,True
component_25,component_35,24,34,0.0011260253879577043,0.0,0.0,False
component_23,component_12,22,11,0.0011191563178766062,0.0,0.0,False
component_22,component_27,21,26,0.001119101826108053,0.0,0.0,False
component_47,component_11,46,10,0.0011183231801109102,0.0,0.0,False
component_05,component_19,4,18,0.0011172759322731138,0.0,0.0,False
component_53,component_03,52,2,0.001112761547701025,0.0,0.0,False
component_40,component_39,39,38,0.0011107746184245391,0.0,0.0,False
component_40,component_26,39,25,0.0011086345220589042,0.0,0.0,False
component_45,component_03,44,2,0.0011066604327055315,0.0,0.0,False
component_09,component_03,8,2,0.0011040529131100293,0.0,0.0,False
component_46,component_28,45,27,0.0011010260598041592,-0.0538088635589623,0.0538088635589623,True
component_02,component_53,1,52,0.0010995133457937115,0.0,0.0,False
component_39,component_24,38,23,0.0010985372803300202,0.0,0.0,False
component_46,component_12,45,11,0.0010968734870835757,0.0,0.0,False
component_40,component_15,39,14,0.001096768624457954,0.0,0.0,False
component_05,component_03,4,2,0.0010957602757539942,0.0,0.0,False
component_31,component_24,30,23,0.0010947858985802504,-0.0552421016850909,0.0552421016850909,True
component_13,component_51,12,50,0.0010943403552555308,0.0,0.0,False
component_19,component_23,18,22,0.001091978607113326,0.0,0.0,False
component_20,component_44,19,43,0.0010901354072647574,0.0,0.0,False
component_38,component_36,37,35,0.001088331991129136,0.0,0.0,False
component_47,component_36,46,35,0.0010866776203256585,0.0,0.0,False
component_15,component_45,14,44,0.0010852208157559968,0.0,0.0,False
component_55,component_39,54,38,0.0010840484250617642,0.0,0.0,False
component_24,component_28,23,27,0.001078863232338494,0.0,0.0,False
component_15,component_32,14,31,0.001078700908430941,0.0,0.0,False
component_18,component_25,17,24,0.0010757654905190948,0.0,0.0,False
component_55,component_45,54,44,0.0010755416860565173,0.0,0.0,False
component_32,component_20,31,19,0.0010749922041894855,0.0,0.0,False
component_21,component_29,20,28,0.0010742918811104522,0.0,0.0,False
component_37,component_30,36,29,0.001072136215760937,0.0,0.0,False
component_18,component_08,17,7,0.0010703068321379788,0.0,0.0,False
component_17,component_36,16,35,0.0010685757002309915,0.0,0.0,False
component_48,component_46,47,45,0.001067761929436738,0.0,0.0,False
component_59,component_01,58,0,0.0010670953962965022,0.0,0.0,False
component_39,component_34,38,33,0.0010607993883340102,0.0,0.0,False
component_29,component_04,28,3,0.0010601420231232594,0.0,0.0,False
component_21,component_11,20,10,0.001059744069351439,0.0,0.0,False
component_54,component_17,53,16,0.0010582369150887215,0.0,0.0,False
component_13,component_25,12,24,0.0010566772356314464,0.0,0.0,False
component_51,component_47,50,46,0.0010541044423153325,0.0,0.0,False
component_15,component_13,14,12,0.0010505548573404508,-0.0579979996344436,0.0579979996344436,True
component_20,component_23,19,22,0.001047398855930743,0.0,0.0,False
component_57,component_20,56,19,0.001044226403680879,0.0,0.0,False
component_57,component_60,56,59,0.0010423484866330247,0.0,0.0,False
component_10,component_30,9,29,0.0010413488132430268,0.0,0.0,False
component_06,component_05,5,4,0.0010387399970290877,0.0,0.0,False
component_01,component_09,0,8,0.0010350083877444772,0.0,0.0,False
component_34,component_18,33,17,0.001031471886464508,0.0,0.0,False
component_31,component_30,30,29,0.0010310470287128797,0.0,0.0,False
component_51,component_12,50,11,0.0010303485012193164,0.0,0.0,False
component_29,component_50,28,49,0.001030065036593247,0.0,0.0,False
component_25,component_50,24,49,0.0010295626620557467,0.0,0.0,False
component_31,component_43,30,42,0.0010290435874455977,0.0,0.0,False
component_47,component_54,46,53,0.0010263256300188245,0.06296853057836,0.06296853057836,True
component_50,component_60,49,59,0.0010261336280876282,0.0,0.0,False
component_55,component_54,54,53,0.0010252970608839276,0.0,0.0,False
component_19,component_14,18,13,0.0010243433516726377,0.0,0.0,False
component_52,component_22,51,21,0.0010225490750444045,0.0399319732503226,0.0399319732503226,True
component_56,component_51,55,50,0.0010217860985441301,0.0,0.0,False
component_28,component_30,27,29,0.0010212250018215379,0.0,0.0,False
component_06,component_60,5,59,0.0010210312340064095,0.0,0.0,False
component_37,component_10,36,9,0.001018111891581687,0.0,0.0,False
component_11,component_55,10,54,0.001017126762202631,0.0,0.0,False
component_46,component_37,45,36,0.0010165259102896899,0.0,0.0,False
component_40,component_11,39,10,0.0010157207563458075,0.0,0.0,False
component_04,component_05,3,4,0.0010152996244239586,0.0,0.0,False
component_39,component_43,38,42,0.0010152140457128905,0.0,0.0,False
component_02,component_22,1,21,0.0010131925394713877,0.0,0.0,False
component_45,component_05,44,4,0.0010119231958510232,0.0,0.0,False
component_52,component_37,51,36,0.001011489208650747,0.0,0.0,False
component_48,component_57,47,56,0.00101135013126357,0.0,0.0,False
component_54,component_39,53,38,0.0010091768648998346,0.0,0.0,False
component_04,component_17,3,16,0.0010049707015335075,0.0,0.0,False
component_11,component_51,10,50,0.0010038110751275028,0.0,0.0,False
component_58,component_46,57,45,0.0010014008585690778,0.0,0.0,False
component_53,component_58,52,57,0.0010010202646937643,0.0,0.0,False
component_22,component_52,21,51,0.0009993088004410242,0.0,0.0,False
component_21,component_60,20,59,0.000997089214538225,0.0,0.0,False
component_43,component_04,42,3,0.0009934223822666917,0.0,0.0,False
component_37,component_39,36,38,0.000992750931093836,0.0,0.0,False
component_22,component_51,21,50,0.0009922536343243832,0.0,0.0,False
component_50,component_07,49,6,0.0009912361799776308,0.0,0.0,False
component_51,component_29,50,28,0.000990054192948555,0.0,0.0,False
component_27,component_52,26,51,0.0009897355595682457,0.0,0.0,False
component_59,component_48,58,47,0.000983657453378851,0.0,0.0,False
component_50,component_13,49,12,0.00098346425753661,0.0,0.0,False
component_17,component_20,16,19,0.0009810159321987702,0.0,0.0,False
component_19,component_54,18,53,0.0009810090206849558,0.0,0.0,False
component_56,component_48,55,47,0.0009807471721352734,0.0,0.0,False
component_57,component_08,56,7,0.0009807160852198563,0.0,0.0,False
component_43,component_46,42,45,0.0009757966838643736,0.0,0.0,False
component_59,component_27,58,26,0.0009744445898510935,0.0,0.0,False
component_15,component_44,14,43,0.0009738682994233126,0.0,0.0,False
component_36,component_20,35,19,0.0009728530885226657,0.0,0.0,False
component_16,component_51,15,50,0.0009717575919018827,0.0,0.0,False
component_39,component_09,38,8,0.0009693649046313963,0.0,0.0,False
component_21,component_12,20,11,0.0009682253797757241,0.0,0.0,False
component_20,component_30,19,29,0.0009660620164027454,0.0,0.0,False
component_14,component_23,13,22,0.0009601495477558003,0.0,0.0,False
component_34,component_56,33,55,0.0009592673343320822,0.0,0.0,False
component_46,component_39,45,38,0.0009584100491186892,0.0,0.0,False
component_13,component_23,12,22,0.0009567526862438458,0.0,0.0,False
component_07,component_15,6,14,0.0009565197343192007,-0.0799697305903409,0.0799697305903409,True
component_39,component_27,38,26,0.0009546670338153269,0.0,0.0,False
component_42,component_11,41,10,0.0009533366824015067,0.0,0.0,False
component_28,component_59,27,58,0.0009530308449386581,0.0,0.0,False
component_54,component_46,53,45,0.0009512616154597791,0.0,0.0,False
component_07,component_28,6,27,0.0009505893904260244,0.0,0.0,False
component_42,component_17,41,16,0.0009502438211155655,0.0,0.0,False
component_11,component_31,10,30,0.000949894936322964,0.0,0.0,False
component_24,component_08,23,7,0.0009481420894266228,0.0,0.0,False
component_34,component_06,33,5,0.0009471745008347993,0.0,0.0,False
component_01,component_07,0,6,0.000945732539042304,0.0,0.0,False
component_36,component_22,35,21,0.0009449086087605622,0.0539917422393438,0.0539917422393438,True
component_13,component_09,12,8,0.0009440024071971185,0.0,0.0,False
component_48,component_38,47,37,0.0009432204194630422,-0.0656958063537713,0.0656958063537713,True
component_32,component_17,31,16,0.0009428891640642868,0.0,0.0,False
component_54,component_08,53,7,0.0009420710718048774,0.0,0.0,False
component_36,component_49,35,48,0.0009395222749751465,0.0,0.0,False
component_21,component_06,20,5,0.0009385336499523557,0.0,0.0,False
component_28,component_56,27,55,0.0009378858806078791,0.0,0.0,False
component_45,component_10,44,9,0.0009373595866704356,0.0,0.0,False
component_44,component_54,43,53,0.0009369062620474711,0.0,0.0,False
component_51,component_57,50,56,0.000933781512590122,0.0,0.0,False
component_13,component_54,12,53,0.0009330307181108901,0.0,0.0,False
component_26,component_37,25,36,0.000931477263307213,0.0,0.0,False
component_27,component_29,26,28,0.0009302414549467437,0.0,0.0,False
component_57,component_01,56,0,0.0009295347754952197,0.0,0.0,False
component_55,component_30,54,29,0.0009290143635263048,0.0,0.0,False
component_18,component_05,17,4,0.0009288812544345609,0.0,0.0,False
component_24,component_55,23,54,0.0009280370972017209,0.0,0.0,False
component_57,component_26,56,25,0.0009265872455051206,0.0,0.0,False
component_33,component_60,32,59,0.0009264522734523364,0.0,0.0,False
component_26,component_60,25,59,0.0009259293750680591,0.0,0.0,False
component_11,component_27,10,26,0.000925587412636317,0.0,0.0,False
component_08,component_02,7,1,0.0009248340754937064,0.0,0.0,False
component_59,component_21,58,20,0.0009240912568216171,-0.0459213935618599,0.0459213935618599,True
component_49,component_55,48,54,0.0009223612860580334,0.0,0.0,False
component_26,component_51,25,50,0.000921381595066905,0.0,0.0,False
component_43,component_42,42,41,0.0009194022454072458,0.0,0.0,False
component_53,component_26,52,25,0.0009187909955970246,0.0,0.0,False
component_60,component_59,59,58,0.0009180178517285082,0.0,0.0,False
component_38,component_14,37,13,0.0009162590013710187,0.0,0.0,False
component_26,component_43,25,42,0.0009161829761225075,0.0,0.0,False
component_15,component_18,14,17,0.0009159716478485699,0.0,0.0,False
component_34,component_03,33,2,0.0009157658527321926,0.0,0.0,False
component_57,component_52,56,51,0.0009157571127281494,0.0,0.0,False
component_39,component_30,38,29,0.0009156666654358118,0.0,0.0,False
component_32,component_10,31,9,0.00091510173347985,0.0,0.0,False
component_15,component_11,14,10,0.0009137878043939331,0.0,0.0,False
component_30,component_47,29,46,0.0009133012144172337,0.0,0.0,False
component_07,component_44,6,43,0.0009131936536324009,0.0,0.0,False
component_05,component_33,4,32,0.0009122834688010763,0.0,0.0,False
component_05,component_04,4,3,0.0009121519208522319,0.0,0.0,False
component_19,component_43,18,42,0.0009109969606560682,0.0,0.0,False
component_46,component_08,45,7,0.0009106190703425522,0.0,0.0,False
component_58,component_05,57,4,0.0009096089022547771,0.0,0.0,False
component_48,component_14,47,13,0.0009081738868330658,0.0,0.0,False
component_40,component_16,39,15,0.0009079313117442799,0.0,0.0,False
component_57,component_39,56,38,0.0009072269725407266,0.0,0.0,False
component_20,component_03,19,2,0.0009071649281420632,0.0,0.0,False
component_60,component_54,59,53,0.0009067656670819388,0.0,0.0,False
component_36,component_38,35,37,0.0009056479594983495,0.0,0.0,False
component_24,component_53,23,52,0.0009055854920067828,0.0,0.0,False
component_32,component_45,31,44,0.0009055687353989351,0.0,0.0,False
component_45,component_26,44,25,0.0009039404966923559,0.0,0.0,False
component_20,component_32,19,31,0.0009032537874772615,0.0423592523549328,0.0423592523549328,True
component_58,component_17,57,16,0.0009022864499468092,0.0,0.0,False
component_50,component_57,49,56,0.0009015763949984539,0.0,0.0,False
component_40,component_08,39,7,0.0008977591466585986,0.0,0.0,False
component_55,component_23,54,22,0.0008960426238139514,0.0,0.0,False
component_02,component_57,1,56,0.0008957026678106069,0.0,0.0,False
component_07,component_47,6,46,0.0008955468972429293,0.0,0.0,False
component_41,component_16,40,15,0.0008938734584768612,0.0,0.0,False
component_40,component_05,39,4,0.0008934740815845586,0.0,0.0,False
component_19,component_38,18,37,0.0008924716523320702,0.0,0.0,False
component_21,component_58,20,57,0.0008917903170993412,0.0,0.0,False
component_55,component_38,54,37,0.0008913831405863432,0.0,0.0,False
component_30,component_21,29,20,0.000890260064038042,0.0,0.0,False
component_58,component_41,57,40,0.0008896539530574792,-0.0662611296900425,0.0662611296900425,True
component_41,component_56,40,55,0.0008891347422917385,0.0,0.0,False
component_44,component_11,43,10,0.0008888751037792775,0.0,0.0,False
component_43,component_06,42,5,0.0008888081293914048,0.0,0.0,False
component_04,component_23,3,22,0.0008849648684452657,0.0,0.0,False
component_48,component_58,47,57,0.0008838207628864492,0.0,0.0,False
component_27,component_06,26,5,0.0008825700968416166,0.0,0.0,False
component_58,component_28,57,27,0.000882466931220964,0.0,0.0,False
component_17,component_39,16,38,0.0008823151724854704,0.0,0.0,False
component_39,component_15,38,14,0.0008816887793081457,0.0,0.0,False
component_44,component_22,43,21,0.0008810668091721231,0.0,0.0,False
component_35,component_53,34,52,0.0008798573490411124,0.0,0.0,False
component_05,component_56,4,55,0.0008798440435012236,0.0,0.0,False
component_59,component_56,58,55,0.0008783039508276162,0.0,0.0,False
component_14,component_26,13,25,0.0008772539154892375,0.0,0.0,False
component_20,component_58,19,57,0.0008769270898220859,0.0,0.0,False
component_16,component_53,15,52,0.0008765983105555739,0.0,0.0,False
component_36,component_07,35,6,0.000874744789075992,-0.0447801296339374,0.0447801296339374,True
component_15,component_37,14,36,0.0008746885192083458,0.0,0.0,False
component_52,component_13,51,12,0.0008737993768995578,0.0,0.0,False
component_59,component_30,58,29,0.0008729713434446069,0.0,0.0,False
component_48,component_43,47,42,0.000872859641859061,0.0,0.0,False
component_32,component_06,31,5,0.0008697704516911038,0.0,0.0,False
component_11,component_32,10,31,0.000867312583667278,0.0,0.0,False
component_41,component_37,40,36,0.0008667230512682404,0.0,0.0,False
component_19,component_53,18,52,0.0008665820294711242,0.0,0.0,False
component_18,component_50,17,49,0.0008664459382701464,0.0,0.0,False
component_07,component_30,6,29,0.0008634918317220742,0.0,0.0,False
component_12,component_16,11,15,0.0008628432773579466,0.0,0.0,False
component_43,component_29,42,28,0.000862695897057945,0.0,0.0,False
component_05,component_02,4,1,0.0008597205138084302,0.0,0.0,False
component_57,component_46,56,45,0.0008595040526745191,0.0,0.0,False
component_01,component_41,0,40,0.0008588231025460397,0.0,0.0,False
component_13,component_05,12,4,0.0008570979158761254,0.0,0.0,False
component_35,component_17,34,16,0.0008560350229615499,0.0,0.0,False
component_34,component_41,33,40,0.0008556740110173377,0.0,0.0,False
component_44,component_06,43,5,0.0008544528229070228,0.0,0.0,False
component_18,component_26,17,25,0.0008543087103273483,0.0,0.0,False
component_14,component_25,13,24,0.0008508471577874442,0.0,0.0,False
component_27,component_10,26,9,0.0008452907115394208,0.0,0.0,False
component_19,component_29,18,28,0.0008448414897304576,0.0,0.0,False
component_34,component_52,33,51,0.0008448147814844682,0.0,0.0,False
component_38,component_24,37,23,0.0008430469238482043,0.0,0.0,False
component_20,component_12,19,11,0.0008415535000926588,0.0,0.0,False
component_48,component_54,47,53,0.0008413655579652426,0.0,0.0,False
component_06,component_35,5,34,0.0008411662657828282,0.0,0.0,False
component_58,component_60,57,59,0.0008401462889855388,0.0,0.0,False
component_50,component_23,49,22,0.0008387999449177496,0.0,0.0,False
component_28,component_02,27,1,0.0008366318271312195,0.0,0.0,False
component_31,component_35,30,34,0.0008347634607946907,0.0,0.0,False
component_07,component_16,6,15,0.0008329573343865844,0.0,0.0,False
component_48,component_47,47,46,0.0008313813993808939,0.0,0.0,False
component_55,component_12,54,11,0.0008306380375183442,0.0,0.0,False
component_52,component_57,51,56,0.0008298708119561355,0.0,0.0,False
component_21,component_55,20,54,0.0008290164427774321,0.0,0.0,False
component_25,component_55,24,54,0.0008268344212124671,0.0,0.0,False
component_27,component_11,26,10,0.0008267133343835163,0.0,0.0,False
component_47,component_56,46,55,0.0008266625467669255,0.0,0.0,False
component_20,component_54,19,53,0.0008265290973179156,0.0,0.0,False
component_49,component_40,48,39,0.0008244951337967159,0.0,0.0,False
component_51,component_46,50,45,0.0008210675830166987,0.0,0.0,False
component_49,component_57,48,56,0.0008207868284851874,0.0,0.0,False
component_55,component_50,54,49,0.0008187430005152989,0.0,0.0,False
component_35,component_21,34,20,0.0008185267527211294,0.0,0.0,False
component_32,component_47,31,46,0.0008181815033937618,0.0,0.0,False
component_02,component_46,1,45,0.0008179539739188788,0.0,0.0,False
component_11,component_35,10,34,0.0008167688129805037,0.0,0.0,False
component_58,component_26,57,25,0.000816417686814211,0.0,0.0,False
component_40,component_54,39,53,0.0008151749006272182,0.0,0.0,False
component_56,component_49,55,48,0.0008142709280501335,0.0,0.0,False
component_58,component_21,57,20,0.0008138651430276028,-0.0649665299715315,0.0649665299715315,True
component_43,component_12,42,11,0.0008114415480260223,0.0,0.0,False
component_52,component_54,51,53,0.0008109231139459241,0.0,0.0,False
component_12,component_33,11,32,0.0008104901958125388,0.0,0.0,False
component_52,component_20,51,19,0.0008096087931254061,0.0,0.0,False
component_51,component_21,50,20,0.0008076629132648908,0.0,0.0,False
component_18,component_13,17,12,0.0008064149536518986,0.0,0.0,False
component_56,component_22,55,21,0.0008048973552654023,0.0,0.0,False
component_47,component_04,46,3,0.0008036693151310638,0.0,0.0,False
component_46,component_26,45,25,0.0007997809450711957,-0.0871706076939107,0.0871706076939107,True
component_43,component_57,42,56,0.000799257539047952,0.0,0.0,False
component_48,component_27,47,26,0.0007948242747945571,0.0,0.0,False
component_40,component_17,39,16,0.0007939575170282393,0.0,0.0,False
component_34,component_45,33,44,0.0007937827299371075,0.0,0.0,False
component_05,component_44,4,43,0.0007936704660135468,0.0,0.0,False
component_09,component_57,8,56,0.0007935266455550378,0.0,0.0,False
component_19,component_60,18,59,0.0007916599476936882,0.0,0.0,False
component_30,component_07,29,6,0.0007911683831277568,0.0,0.0,False
component_36,component_29,35,28,0.0007906407089955266,0.0,0.0,False
component_34,component_11,33,10,0.0007902876056797421,-0.0887521623147872,0.0887521623147872,True
component_06,component_38,5,37,0.0007898792950072304,0.0,0.0,False
component_11,component_52,10,51,0.0007894649650581867,0.0,0.0,False
component_28,component_55,27,54,0.0007882588062517289,0.0,0.0,False
component_48,component_01,47,0,0.0007877890886427986,0.0,0.0,False
component_53,component_22,52,21,0.0007864607247370459,0.0,0.0,False
component_43,component_32,42,31,0.0007850593558271545,0.0,0.0,False
component_14,component_45,13,44,0.0007819941892115486,0.0,0.0,False
component_19,component_30,18,29,0.0007814612419840068,0.0,0.0,False
component_23,component_52,22,51,0.0007797755596712381,0.0,0.0,False
component_53,component_30,52,29,0.0007797717586368301,0.0,0.0,False
component_47,component_35,46,34,0.0007783730368715941,0.0,0.0,False
component_44,component_41,43,40,0.0007773904382014361,0.0,0.0,False
component_60,component_07,59,6,0.0007769470468628506,0.0,0.0,False
component_28,component_57,27,56,0.0007756728744744338,0.0,0.0,False
component_10,component_15,9,14,0.000775114155131122,0.0,0.0,False
component_41,component_53,40,52,0.0007747012965049465,0.0,0.0,False
component_44,component_16,43,15,0.0007742879820724711,0.0,0.0,False
component_52,component_43,51,42,0.0007720263804578014,0.0,0.0,False
component_30,component_34,29,33,0.0007707542796421708,0.0,0.0,False
component_25,component_31,24,30,0.0007696542782140085,0.0,0.0,False
component_10,component_45,9,44,0.0007687857578021174,0.0,0.0,False
component_19,component_32,18,31,0.0007683160813119522,0.0,0.0,False
component_51,component_09,50,8,0.0007683017260908781,0.0,0.0,False
component_41,component_54,40,53,0.0007656568043616038,0.0,0.0,False
component_35,component_27,34,26,0.0007618126745661368,0.0,0.0,False
component_26,component_06,25,5,0.0007576883791111618,0.0,0.0,False
component_16,component_14,15,13,0.000755770693100942,0.0,0.0,False
component_59,component_19,58,18,0.0007556687231216257,0.0635406261387171,0.0635406261387171,True
component_46,component_40,45,39,0.0007550717916004802,0.0,0.0,False
component_48,component_56,47,55,0.0007544121926638099,0.0,0.0,False
component_31,component_12,30,11,0.0007530662422301337,0.0,0.0,False
component_13,component_22,12,21,0.0007527964885539681,0.0,0.0,False
component_36,component_18,35,17,0.0007495263456552512,0.0,0.0,False
component_25,component_44,24,43,0.000747708136576067,0.0,0.0,False
component_14,component_20,13,19,0.000746781765022624,0.0,0.0,False
component_20,component_07,19,6,0.0007457093150493316,0.0,0.0,False
component_05,component_34,4,33,0.0007444768409394077,0.0,0.0,False
component_27,component_22,26,21,0.0007421838152625725,0.0,0.0,False
component_26,component_49,25,48,0.0007376658546402394,0.0,0.0,False
component_21,component_30,20,29,0.0007370598047203781,0.0,0.0,False
component_33,component_55,32,54,0.000736398430878529,0.0,0.0,False
component_14,component_33,13,32,0.0007362485455394796,0.0,0.0,False
component_41,component_43,40,42,0.0007341634998270581,0.0,0.0,False
component_07,component_40,6,39,0.0007341052043070922,0.0649546334106214,0.0649546334106214,True
component_06,component_34,5,33,0.0007334929782480911,0.0,0.0,False
component_11,component_24,10,23,0.0007321087885400445,0.0,0.0,False
component_18,component_38,17,37,0.0007296848749433598,0.0,0.0,False
component_01,component_25,0,24,0.0007294004368400273,0.0,0.0,False
component_38,component_15,37,14,0.0007277557008014195,0.0,0.0,False
component_58,component_53,57,52,0.0007257395622430429,0.0,0.0,False
component_32,component_46,31,45,0.0007236905176627934,0.0,0.0,False
component_16,component_50,15,49,0.0007210918206473358,0.0,0.0,False
component_17,component_23,16,22,0.0007209910098167167,0.0,0.0,False
component_42,component_48,41,47,0.0007181679974648423,0.0,0.0,False
component_36,component_16,35,15,0.0007172530988159064,0.0,0.0,False
component_58,component_55,57,54,0.0007169510650152909,0.0,0.0,False
component_53,component_05,52,4,0.0007163199241631986,0.0,0.0,False
component_46,component_01,45,0,0.0007161667808539194,0.0,0.0,False
component_02,component_24,1,23,0.0007130824642239155,0.0,0.0,False
component_29,component_24,28,23,0.0007119964048972437,0.0,0.0,False
component_59,component_35,58,34,0.0007119327369706376,0.0,0.0,False
component_02,component_25,1,24,0.0007118730859048806,0.0,0.0,False
component_30,component_35,29,34,0.0007114404790011792,0.0,0.0,False
component_35,component_08,34,7,0.0007096196630248064,0.0,0.0,False
component_15,component_55,14,54,0.0007089012671533564,0.0,0.0,False
component_26,component_13,25,12,0.0007084620629763912,0.0,0.0,False
component_58,component_09,57,8,0.000707165112331747,0.0,0.0,False
component_55,component_34,54,33,0.000705141194494024,0.0,0.0,False
component_25,component_23,24,22,0.0007018432834371435,-0.0702476316790892,0.0702476316790892,True
component_06,component_40,5,39,0.0007016772767266884,0.0,0.0,False
component_42,component_39,41,38,0.0007016768809072223,0.0,0.0,False
component_46,component_13,45,12,0.0007012220172958903,0.0,0.0,False
component_42,component_43,41,42,0.000701193435460004,0.0,0.0,False
component_46,component_56,45,55,0.0007008291005122332,0.0,0.0,False
component_11,component_06,10,5,0.0007004008473814753,0.0,0.0,False
component_26,component_18,25,17,0.0006994970102271527,0.0,0.0,False
component_28,component_21,27,20,0.0006975402897967868,0.0491842232922301,0.0491842232922301,True
component_25,component_52,24,51,0.0006930947110032023,0.0,0.0,False
component_46,component_41,45,40,0.0006928533577379135,0.0,0.0,False
component_26,component_11,25,10,0.0006923426162813703,0.0,0.0,False
component_24,component_39,23,38,0.0006917440650957749,0.0,0.0,False
component_37,component_48,36,47,0.0006917173469662667,-0.0520129042508667,0.0520129042508667,True
component_14,component_16,13,15,0.0006913507697022646,0.0553337630731112,0.0553337630731112,True
component_59,component_16,58,15,0.0006911546998544372,0.0,0.0,False
component_24,component_07,23,6,0.0006900239384314188,0.0,0.0,False
component_36,component_17,35,16,0.0006899748460185355,0.0754035942999963,0.0754035942999963,True
component_10,component_20,9,19,0.0006894039154510083,0.0,0.0,False
component_36,component_35,35,34,0.0006884498061375737,0.0,0.0,False
component_22,component_12,21,11,0.0006884125141631733,0.0,0.0,False
component_59,component_20,58,19,0.0006869899811324787,0.0,0.0,False
component_44,component_20,43,19,0.0006856341329617183,0.0,0.0,False
component_22,component_11,21,10,0.0006828933892324745,0.0,0.0,False
component_28,component_13,27,12,0.0006828390471103046,0.0,0.0,False
component_37,component_54,36,53,0.0006826454258030742,0.0,0.0,False
component_12,component_39,11,38,0.0006820367827859015,-0.0503191141575363,0.0503191141575363,True
component_04,component_07,3,6,0.0006811337318579625,0.0,0.0,False
component_42,component_33,41,32,0.0006802110521330618,0.0,0.0,False
component_21,component_03,20,2,0.0006798062968122463,0.051205037389072,0.051205037389072,True
component_07,component_52,6,51,0.0006792574280884978,0.0,0.0,False
component_53,component_47,52,46,0.0006787507841813799,0.0,0.0,False
component_35,component_31,34,30,0.0006771038464640777,0.0,0.0,False
component_33,component_58,32,57,0.0006758041345887947,0.0,0.0,False
component_52,component_29,51,28,0.0006752598913622649,0.0,0.0,False
component_31,component_48,30,47,0.000675161869475369,0.0,0.0,False
component_19,component_16,18,15,0.0006745398755894002,0.0893029798317051,0.0893029798317051,True
component_21,component_13,20,12,0.0006701470043484686,0.0,0.0,False
component_08,component_58,7,57,0.0006690154618811781,0.0,0.0,False
component_44,component_10,43,9,0.0006677604239832037,0.0,0.0,False
component_45,component_51,44,50,0.0006675567569985772,0.0,0.0,False
component_44,component_37,43,36,0.0006675164535152912,0.0,0.0,False
component_41,component_29,40,28,0.0006667417446004731,0.0,0.0,False
component_24,component_11,23,10,0.0006667141027062804,0.0,0.0,False
component_44,component_30,43,29,0.0006663740595222261,0.0,0.0,False
component_16,component_33,15,32,0.0006648428737143757,0.0,0.0,False
component_13,component_49,12,48,0.0006647643353047961,0.0,0.0,False
component_06,component_09,5,8,0.0006627522345192761,0.0,0.0,False
component_39,component_32,38,31,0.0006620305273847792,0.0,0.0,False
component_27,component_56,26,55,0.0006615392066699422,0.0,0.0,False
component_37,component_32,36,31,0.0006609626723616493,0.0,0.0,False
component_02,component_37,1,36,0.00065996264496494,0.0,0.0,False
component_57,component_22,56,21,0.0006583946933901232,0.0,0.0,False
component_60,component_19,59,18,0.0006582592262122044,0.0,0.0,False
component_17,component_19,16,18,0.0006580186121277003,0.0,0.0,False
component_20,component_38,19,37,0.0006573936321125324,0.0,0.0,False
component_36,component_58,35,57,0.0006562083608292553,0.0,0.0,False
component_41,component_15,40,14,0.0006550329731330194,0.0,0.0,False
component_26,component_40,25,39,0.0006550028098133061,0.0,0.0,False
component_46,component_14,45,13,0.0006543473201901463,0.0,0.0,False
component_26,component_20,25,19,0.0006533587107080423,0.0,0.0,False
component_26,component_29,25,28,0.0006525138809271287,0.0,0.0,False
component_51,component_58,50,57,0.0006505787855694148,0.0,0.0,False
component_38,component_54,37,53,0.0006495476492470504,0.0,0.0,False
component_32,component_51,31,50,0.0006488332991689241,0.0,0.0,False
component_22,component_23,21,22,0.0006466876394116933,0.0,0.0,False
component_33,component_52,32,51,0.000645556191401729,0.0,0.0,False
component_60,component_21,59,20,0.0006451778429687652,0.0,0.0,False
component_31,component_44,30,43,0.000644937360413632,0.0,0.0,False
component_53,component_50,52,49,0.0006426545269006999,0.0,0.0,False
component_26,component_09,25,8,0.0006417834235748667,0.0,0.0,False
component_59,component_47,58,46,0.0006398270801480077,0.0,0.0,False
component_26,component_46,25,45,0.0006366617833493898,0.0,0.0,False
component_40,component_13,39,12,0.0006366523592418829,0.0,0.0,False
component_26,component_04,25,3,0.0006364078930925774,0.0,0.0,False
component_31,component_05,30,4,0.0006359434410796467,0.0,0.0,False
component_50,component_39,49,38,0.0006356287987417729,0.0,0.0,False
component_42,component_09,41,8,0.000634769145585377,0.0655123234473245,0.0655123234473245,True
component_34,component_38,33,37,0.0006345017583216518,0.0,0.0,False
component_44,component_08,43,7,0.0006341573846699489,0.0,0.0,False
component_52,component_17,51,16,0.0006324999522065446,0.0,0.0,False
component_57,component_55,56,54,0.0006322779947787853,0.0,0.0,False
component_32,component_25,31,24,0.0006322732659111048,0.0,0.0,False
component_30,component_02,29,1,0.0006318728369550673,0.0,0.0,False
component_54,component_10,53,9,0.0006310812716742857,0.0,0.0,False
component_23,component_38,22,37,0.0006300785236697125,0.0,0.0,False
component_10,component_56,9,55,0.0006295897415011493,0.0,0.0,False
component_53,component_44,52,43,0.0006267013827338604,0.0,0.0,False
component_34,component_08,33,7,0.0006259464562445296,0.0,0.0,False
component_50,component_11,49,10,0.0006255737740647511,0.0,0.0,False
component_08,component_37,7,36,0.0006248132563849064,0.0791306319955665,0.0791306319955665,True
component_27,component_17,26,16,0.000622798292617783,0.0,0.0,False
component_11,component_46,10,45,0.000621917243491773,0.0,0.0,False
component_51,component_19,50,18,0.0006208145225359647,0.0,0.0,False
component_05,component_57,4,56,0.0006176005904093309,0.0,0.0,False
component_57,component_10,56,9,0.0006166929070911594,0.0,0.0,False
component_21,component_08,20,7,0.0006164331176990422,0.0,0.0,False
component_48,component_49,47,48,0.0006145487900645749,0.0,0.0,False
component_08,component_06,7,5,0.000613644731489928,0.0,0.0,False
component_24,component_42,23,41,0.0006136116676679352,0.0,0.0,False
component_20,component_01,19,0,0.0006134481039787279,-0.0579372823585108,0.0579372823585108,True
component_13,component_16,12,15,0.000612163713961658,0.0,0.0,False
component_36,component_43,35,42,0.000611281962467767,0.0,0.0,False
component_38,component_31,37,30,0.0006109266267976885,0.0,0.0,False
component_13,component_07,12,6,0.0006108845500206775,0.0883412079833053,0.0883412079833053,True
component_54,component_37,53,36,0.0006090930723221343,0.0,0.0,False
component_46,component_35,45,34,0.0006066589103715826,0.0,0.0,False
component_26,component_45,25,44,0.0006063508741960382,0.0,0.0,False
component_35,component_05,34,4,0.0006062999617093574,0.0,0.0,False
component_35,component_28,34,27,0.0006059400138769624,0.0,0.0,False
component_50,component_42,49,41,0.0006044370190663678,0.0,0.0,False
component_36,component_25,35,24,0.0006037127723936249,0.0,0.0,False
component_47,component_27,46,26,0.0006017584374959123,0.0,0.0,False
component_17,component_30,16,29,0.000600577625294133,0.0,0.0,False
component_43,component_13,42,12,0.0006000699918845,0.0,0.0,False
component_03,component_44,2,43,0.0005998712250636638,0.0,0.0,False
component_49,component_29,48,28,0.0005982854671809044,0.0,0.0,False
component_40,component_50,39,49,0.0005982027982955206,0.0,0.0,False
component_51,component_54,50,53,0.0005975124372529642,0.0,0.0,False
component_20,component_02,19,1,0.000595994866938188,0.0,0.0,False
component_20,component_22,19,21,0.0005944206837705348,0.0,0.0,False
component_35,component_19,34,18,0.0005937229932902785,0.0,0.0,False
component_53,component_59,52,58,0.0005931447297817707,0.0,0.0,False
component_01,component_35,0,34,0.000589554880611098,0.0,0.0,False
component_22,component_21,21,20,0.0005895090619589069,0.0,0.0,False
component_27,component_49,26,48,0.0005892694254687641,0.0,0.0,False
component_20,component_59,19,58,0.0005864947881584744,0.0,0.0,False
component_17,component_51,16,50,0.0005863334867920192,0.0,0.0,False
component_59,component_31,58,30,0.000584618684073562,0.0,0.0,False
component_38,component_12,37,11,0.0005808666981101541,0.0,0.0,False
component_15,component_24,14,23,0.0005802066640414518,-0.0636416621986608,0.0636416621986608,True
component_15,component_16,14,15,0.0005777506561239137,0.0,0.0,False
component_25,component_32,24,31,0.0005762104279390604,0.0,0.0,False
component_45,component_14,44,13,0.000576136255462099,0.0,0.0,False
component_44,component_26,43,25,0.0005758259314586119,0.0,0.0,False
component_50,component_47,49,46,0.0005751484953579649,0.0,0.0,False
component_48,component_42,47,41,0.0005747578173721211,0.0,0.0,False
component_37,component_22,36,21,0.0005725419119862857,-0.068625362135669,0.068625362135669,True
component_27,component_47,26,46,0.0005721620268536281,0.0,0.0,False
component_40,component_28,39,27,0.0005713530330049444,0.0,0.0,False
component_50,component_18,49,17,0.0005705164391230171,0.0,0.0,False
component_22,component_58,21,57,0.0005683069032123815,0.0,0.0,False
component_09,component_48,8,47,0.0005662567636769459,0.0,0.0,False
component_57,component_33,56,32,0.0005639188133708663,0.0,0.0,False
component_27,component_09,26,8,0.0005632937488071375,0.0,0.0,False
component_56,component_11,55,10,0.0005621370657965551,0.0,0.0,False
component_30,component_28,29,27,0.0005596132024645721,0.0,0.0,False
component_52,component_18,51,17,0.0005594086081337686,0.0,0.0,False
component_08,component_40,7,39,0.0005592471560824986,0.0,0.0,False
component_38,component_26,37,25,0.0005567540520019117,0.0,0.0,False
component_17,component_02,16,1,0.000556376332559173,-0.0474511920384157,0.0474511920384157,True
component_38,component_08,37,7,0.000554835758731407,-0.0509323159810068,0.0509323159810068,True
component_39,component_13,38,12,0.000554734338642379,0.0,0.0,False
component_24,component_29,23,28,0.0005547228190633886,0.0,0.0,False
component_22,component_53,21,52,0.0005540759424936103,0.0,0.0,False
component_11,component_15,10,14,0.0005540278229791177,0.0,0.0,False
component_40,component_57,39,56,0.0005540177606511655,0.0,0.0,False
component_40,component_19,39,18,0.0005528652326575159,0.0,0.0,False
component_56,component_57,55,56,0.00055178197082104,0.0,0.0,False
component_50,component_02,49,1,0.0005508819240866905,0.0,0.0,False
component_54,component_13,53,12,0.0005494806900222917,0.0,0.0,False
component_19,component_58,18,57,0.0005494153003667647,0.0,0.0,False
component_49,component_05,48,4,0.0005489579386496881,0.0,0.0,False
component_37,component_55,36,54,0.0005487510557176613,0.0,0.0,False
component_46,component_21,45,20,0.0005481977162691638,0.0,0.0,False
component_58,component_24,57,23,0.000544998639046187,0.0,0.0,False
component_57,component_59,56,58,0.0005429740834904605,0.0,0.0,False
component_53,component_55,52,54,0.0005420289830135854,0.0,0.0,False
component_60,component_13,59,12,0.0005413308067578003,0.0,0.0,False
component_22,component_45,21,44,0.0005398340545153292,0.0,0.0,False
component_22,component_20,21,19,0.0005396502291524749,0.0,0.0,False
component_12,component_50,11,49,0.0005387641034539708,0.0,0.0,False
component_30,component_31,29,30,0.0005375236492154848,-0.04049016176939,0.04049016176939,True
component_30,component_12,29,11,0.000537279651688631,0.0,0.0,False
component_56,component_13,55,12,0.0005372001417119998,0.0,0.0,False
component_21,component_26,20,25,0.0005371501190314968,0.0,0.0,False
component_28,component_09,27,8,0.0005371044641550708,0.0,0.0,False
component_46,component_23,45,22,0.0005334800301472447,0.0,0.0,False
component_39,component_56,38,55,0.0005334228503672774,0.0,0.0,False
component_44,component_46,43,45,0.0005329105080238931,0.0,0.0,False
component_17,component_48,16,47,0.0005315917033826196,0.0,0.0,False
component_45,component_57,44,56,0.0005293373230842844,0.0,0.0,False
component_48,component_15,47,14,0.0005284936927948841,0.0,0.0,False
component_14,component_34,13,33,0.0005278390099163661,0.0,0.0,False
component_60,component_53,59,52,0.0005271859929690719,0.0,0.0,False
component_37,component_13,36,12,0.0005269588616390758,0.0,0.0,False
component_42,component_52,41,51,0.0005263721162964346,0.0,0.0,False
component_11,component_28,10,27,0.0005255248369524684,0.0,0.0,False
component_49,component_20,48,19,0.0005241491434662461,0.0,0.0,False
component_33,component_01,32,0,0.0005222138369104033,0.0,0.0,False
component_42,component_58,41,57,0.000519688643431447,0.0,0.0,False
component_36,component_28,35,27,0.0005166047170766037,0.0,0.0,False
component_51,component_18,50,17,0.0005165790628771233,-0.0496233113816821,0.0496233113816821,True
component_18,component_59,17,58,0.0005163772560973914,0.0,0.0,False
component_48,component_55,47,54,0.0005149825685167894,0.0,0.0,False
component_25,component_05,24,4,0.0005138247151106122,0.0,0.0,False
component_11,component_56,10,55,0.00051205847254159,0.0,0.0,False
component_43,component_45,42,44,0.0005114016825311116,0.0,0.0,False
component_26,component_16,25,15,0.0005102201607123287,0.0,0.0,False
component_01,component_20,0,19,0.0005098944074138735,0.0,0.0,False
component_23,component_50,22,49,0.0005095045968894379,0.0,0.0,False
component_12,component_20,11,19,0.000509407813312845,0.0,0.0,False
component_43,component_09,42,8,0.0005086690985066857,0.0,0.0,False
component_20,component_06,19,5,0.0005077710015460577,0.0,0.0,False
component_52,component_30,51,29,0.0005050738035691958,0.0,0.0,False
component_41,component_31,40,30,0.0005040188500389359,0.0,0.0,False
component_27,component_18,26,17,0.0005033211030134814,0.0,0.0,False
component_41,component_39,40,38,0.0005028067283789631,0.0,0.0,False
component_09,component_23,8,22,0.0005021358734048771,0.0,0.0,False
component_38,component_32,37,31,0.0005010063303575131,0.0,0.0,False
component_43,component_44,42,43,0.0005001962943415926,0.0,0.0,False
component_41,component_36,40,35,0.0004990846331946404,0.0,0.0,False
component_55,component_57,54,56,0.0004983968352956405,0.0,0.0,False
component_46,component_44,45,43,0.0004981750512763912,0.0,0.0,False
component_51,component_03,50,2,0.0004973385446145498,0.0,0.0,False
component_08,component_49,7,48,0.0004957720033896689,-0.0639654698476958,0.0639654698476958,True
component_55,component_28,54,27,0.0004956569744908133,0.0,0.0,False
component_46,component_10,45,9,0.0004910612227486668,0.0,0.0,False
component_30,component_13,29,12,0.0004909965198038322,0.0,0.0,False
component_30,component_18,29,17,0.0004908199796789922,0.0,0.0,False
component_57,component_30,56,29,0.0004895843777916039,0.0,0.0,False
component_12,component_10,11,9,0.0004870295429698507,0.0,0.0,False
component_38,component_34,37,33,0.0004868192429546232,0.0,0.0,False
component_50,component_36,49,35,0.000486000988386269,0.0,0.0,False
component_52,component_38,51,37,0.00048589597091624006,0.0,0.0,False
component_41,component_33,40,32,0.0004857457784762942,0.0,0.0,False
component_38,component_37,37,36,0.000485331993546935,0.0,0.0,False
component_47,component_19,46,18,0.0004853070535870216,0.0,0.0,False
component_39,component_08,38,7,0.0004848294983333396,0.0,0.0,False
component_12,component_32,11,31,0.00048427204701426607,0.0,0.0,False
component_43,component_27,42,26,0.00048201243328732803,0.0,0.0,False
component_27,component_36,26,35,0.0004818849589646687,0.0,0.0,False
component_09,component_24,8,23,0.0004816816582655781,0.0,0.0,False
component_44,component_32,43,31,0.00047919480382238957,-0.0574444464884347,0.0574444464884347,True
component_37,component_34,36,33,0.000478180191237148,0.0,0.0,False
component_30,component_24,29,23,0.000477326204296065,0.0,0.0,False
component_24,component_18,23,17,0.00047607198077724783,0.0,0.0,False
component_18,component_11,17,10,0.00047550025623973604,0.0,0.0,False
component_48,component_03,47,2,0.0004752259632270072,0.0,0.0,False
component_40,component_46,39,45,0.0004746680032002434,0.0,0.0,False
component_32,component_37,31,36,0.0004729197233915651,0.0,0.0,False
component_35,component_41,34,40,0.00047027496929175517,0.0,0.0,False
component_54,component_48,53,47,0.00047008476976746934,0.0,0.0,False
component_25,component_02,24,1,0.00046829562907703046,0.0,0.0,False
component_38,component_23,37,22,0.00046750915330824377,0.0,0.0,False
component_09,component_20,8,19,0.0004669062415293296,0.0,0.0,False
component_16,component_13,15,12,0.00046466015085798527,0.0,0.0,False
component_28,component_23,27,22,0.00046459086894722675,0.0,0.0,False
component_32,component_48,31,47,0.0004640255974226441,0.0,0.0,False
component_17,component_44,16,43,0.0004624974914458396,0.0,0.0,False
component_12,component_19,11,18,0.0004624172651068757,0.0,0.0,False
component_37,component_29,36,28,0.00046205912895976335,0.0,0.0,False
component_41,component_24,40,23,0.00046064975281166493,0.0,0.0,False
component_25,component_20,24,19,0.00045593327109754204,0.0,0.0,False
component_18,component_14,17,13,0.000454753765477466,0.0,0.0,False
component_57,component_50,56,49,0.00045431158409201113,0.0,0.0,False
component_14,component_08,13,7,0.0004533023610093802,0.0,0.0,False
component_36,component_32,35,31,0.00045324041374090497,0.0,0.0,False
component_52,component_26,51,25,0.0004524568996448812,0.0,0.0,False
component_53,component_35,52,34,0.00045197262352174886,0.0,0.0,False
component_24,component_38,23,37,0.0004517379151815395,0.0,0.0,False
component_20,component_05,19,4,0.00045020475648284127,0.0,0.0,False
component_09,component_05,8,4,0.00044984833288626053,0.0,0.0,False
component_39,component_33,38,32,0.00044938427015469266,0.0,0.0,False
component_11,component_54,10,53,0.00044798617810081485,0.0,0.0,False
component_34,component_31,33,30,0.00044678940488552914,0.0,0.0,False
component_04,component_34,3,33,0.000446101076465778,0.0,0.0,False
component_57,component_45,56,44,0.00044585317565358387,0.0,0.0,False
component_35,component_32,34,31,0.00044386127762073417,0.0,0.0,False
component_52,component_06,51,5,0.0004415018319968827,0.0,0.0,False
component_13,component_31,12,30,0.00044070164495504797,0.0,0.0,False
component_26,component_31,25,30,0.0004403410727034175,0.0,0.0,False
component_54,component_35,53,34,0.00044018822360493014,0.0,0.0,False
component_10,component_24,9,23,0.0004390524791895831,0.0,0.0,False
component_45,component_52,44,51,0.0004386149617479542,0.0,0.0,False
component_07,component_38,6,37,0.0004384748461120102,0.0,0.0,False
component_03,component_54,2,53,0.00043809622809816613,0.0,0.0,False
component_14,component_24,13,23,0.0004337746957506724,0.0583031918453312,0.0583031918453312,True
component_50,component_37,49,36,0.0004326834474744578,0.0,0.0,False
component_51,component_33,50,32,0.0004321364381004233,0.0,0.0,False
component_20,component_15,19,14,0.0004320347625578734,0.0542826096705791,0.0542826096705791,True
component_39,component_07,38,6,0.00043115613274480867,0.0,0.0,False
component_36,component_12,35,11,0.00042689805197263045,0.0,0.0,False
component_45,component_24,44,23,0.00042608389984209727,0.0,0.0,False
component_50,component_38,49,37,0.00042379337456947743,0.0,0.0,False
component_40,component_59,39,58,0.0004222491827975289,0.0,0.0,False
component_43,component_49,42,48,0.0004216495730908687,0.0,0.0,False
component_21,component_41,20,40,0.00042164192024018445,0.0,0.0,False
component_23,component_48,22,47,0.00042071522153558436,0.0,0.0,False
component_42,component_03,41,2,0.00042064974643484757,0.0,0.0,False
component_46,component_33,45,32,0.00042046354820706084,0.0,0.0,False
component_41,component_06,40,5,0.00042024472114893024,0.0,0.0,False
component_32,component_39,31,38,0.00041993832638715273,0.0,0.0,False
component_18,component_24,17,23,0.0004197880409339712,0.0,0.0,False
component_32,component_35,31,34,0.0004197057321756924,0.0,0.0,False
component_48,component_45,47,44,0.0004190218864821895,0.0,0.0,False
component_14,component_54,13,53,0.00041701418795585753,0.0,0.0,False
component_13,component_37,12,36,0.0004163739803555029,0.0,0.0,False
component_13,component_55,12,54,0.000415653043947657,0.0,0.0,False
component_13,component_20,12,19,0.0004153489771117657,0.0,0.0,False
component_38,component_13,37,12,0.0004140774772566591,0.0,0.0,False
component_08,component_56,7,55,0.00041327985834784225,0.0,0.0,False
component_18,component_39,17,38,0.0004123933916489345,0.0,0.0,False
component_54,component_53,53,52,0.0004120844239412957,0.0,0.0,False
component_24,component_21,23,20,0.00040672271493752746,0.0,0.0,False
component_44,component_36,43,35,0.0004060708598514464,0.0,0.0,False
component_17,component_54,16,53,0.0004058123249978895,0.0,0.0,False
component_16,component_29,15,28,0.0004052736281814931,0.0,0.0,False
component_50,component_35,49,34,0.00040520227186171984,0.0,0.0,False
component_51,component_10,50,9,0.00040425031445482496,0.0,0.0,False
component_28,component_36,27,35,0.00040052721536294007,0.0,0.0,False
component_52,component_44,51,43,0.0003986661941733084,0.07247595410183,0.07247595410183,True
component_09,component_06,8,5,0.00039812061798029667,0.0,0.0,False
component_31,component_58,30,57,0.0003975265434238398,0.0,0.0,False
component_04,component_53,3,52,0.00039748710966112564,-0.0846646823531866,0.0846646823531866,True
component_17,component_31,16,30,0.00039735173496043544,0.0,0.0,False
component_27,component_46,26,45,0.00039666572380560593,0.0,0.0,False
component_23,component_34,22,33,0.0003965283775133798,0.0,0.0,False
component_03,component_12,2,11,0.0003952387580037174,0.0,0.0,False
component_06,component_32,5,31,0.00039477115019794407,0.0,0.0,False
component_24,component_37,23,36,0.0003942309650306669,0.0,0.0,False
component_34,component_43,33,42,0.00039420357298962345,0.0,0.0,False
component_28,component_31,27,30,0.00039385748154245614,0.0,0.0,False
component_60,component_28,59,27,0.00039249011742206426,0.0,0.0,False
component_01,component_57,0,56,0.0003921873229962179,0.0,0.0,False
component_50,component_58,49,57,0.0003905708085506583,0.0,0.0,False
component_46,component_16,45,15,0.00039043403114795796,0.0,0.0,False
component_03,component_21,2,20,0.00038858013339038963,0.0,0.0,False
component_05,component_45,4,44,0.00038772894378216066,0.0,0.0,False
component_24,component_19,23,18,0.00038663654419764977,0.0,0.0,False
component_59,component_38,58,37,0.0003856292176944153,0.0,0.0,False
component_41,component_13,40,12,0.00038404538089588337,0.0,0.0,False
component_45,component_43,44,42,0.00038365963539716474,0.0,0.0,False
component_16,component_24,15,23,0.00038359932865159556,0.0,0.0,False
component_01,component_06,0,5,0.0003833742295565087,0.0,0.0,False
component_01,component_17,0,16,0.00038326763823636313,0.0,0.0,False
component_44,component_40,43,39,0.00038306585100424193,0.0,0.0,False
component_35,component_37,34,36,0.00038231472174733375,0.0,0.0,False
component_10,component_29,9,28,0.0003821427506650688,0.0,0.0,False
component_37,component_21,36,20,0.0003814124055631885,0.0,0.0,False
component_18,component_49,17,48,0.0003812701869443269,0.0,0.0,False
component_53,component_25,52,24,0.00038044107413159206,0.0,0.0,False
component_44,component_56,43,55,0.00038016986280915303,0.0,0.0,False
component_12,component_21,11,20,0.00037931174124289894,0.0,0.0,False
component_37,component_56,36,55,0.0003791233223574182,0.0,0.0,False
component_47,component_16,46,15,0.0003790332142516685,0.0,0.0,False
component_32,component_24,31,23,0.00037748822950288196,0.0,0.0,False
component_03,component_37,2,36,0.0003741987320526226,0.0,0.0,False
component_35,component_33,34,32,0.0003738931372252171,0.0,0.0,False
component_15,component_39,14,38,0.0003731061398207516,0.0,0.0,False
component_30,component_46,29,45,0.0003719416131742785,0.0,0.0,False
component_27,component_42,26,41,0.00036879526025003566,0.0,0.0,False
component_59,component_36,58,35,0.00036583447022378417,0.0,0.0,False
component_20,component_35,19,34,0.00036450373856999695,0.0,0.0,False
component_14,component_22,13,21,0.0003644603270781595,0.0,0.0,False
component_12,component_36,11,35,0.0003631325441510112,0.0,0.0,False
component_09,component_37,8,36,0.0003627461217310666,0.0,0.0,False
component_30,component_15,29,14,0.0003616568364499542,0.0,0.0,False
component_16,component_15,15,14,0.0003615547747636123,0.0,0.0,False
component_33,component_36,32,35,0.0003611716055986978,0.0,0.0,False
component_01,component_56,0,55,0.0003604593165293702,0.0,0.0,False
component_21,component_20,20,19,0.00035921425437897893,0.0,0.0,False
component_06,component_48,5,47,0.0003588310322914642,0.0,0.0,False
component_15,component_33,14,32,0.00035736063947643777,0.0,0.0,False
component_58,component_34,57,33,0.0003555636489134019,0.0,0.0,False
component_50,component_29,49,28,0.00035262971915594056,0.0,0.0,False
component_57,component_54,56,53,0.00035171332235275237,0.0,0.0,False
component_06,component_52,5,51,0.00035100079842481635,0.0,0.0,False
component_39,component_55,38,54,0.000350645142346754,0.0,0.0,False
component_23,component_57,22,56,0.00035038808716878953,0.0,0.0,False
component_46,component_22,45,21,0.000348405058429896,0.0,0.0,False
component_27,component_16,26,15,0.0003478675404300814,0.0,0.0,False
component_58,component_36,57,35,0.0003476373889180324,0.0,0.0,False
component_16,component_01,15,0,0.00034753479704600297,0.0653650143826448,0.0653650143826448,True
component_49,component_28,48,27,0.0003474355159068149,0.0,0.0,False
component_60,component_43,59,42,0.0003473630811306495,0.0,0.0,False
component_19,component_21,18,20,0.00034579284274806137,0.0,0.0,False
component_25,component_17,24,16,0.00034536735698710607,0.0,0.0,False
component_30,component_06,29,5,0.0003448309178587324,0.0,0.0,False
component_03,component_26,2,25,0.00034365257577325607,0.0,0.0,False
component_13,component_34,12,33,0.0003434798361772267,0.0,0.0,False
component_51,component_35,50,34,0.0003421249380537089,0.0,0.0,False
component_34,component_17,33,16,0.000339660434837629,0.0,0.0,False
component_34,component_19,33,18,0.00033934653590291663,0.0,0.0,False
component_27,component_60,26,59,0.00033900953019502876,0.0,0.0,False
component_21,component_33,20,32,0.00033868946143364323,0.0,0.0,False
component_46,component_09,45,8,0.00033865725561468184,0.0,0.0,False
component_50,component_21,49,20,0.00033781109585382334,0.0,0.0,False
component_50,component_16,49,15,0.00033780077044736885,0.0,0.0,False
component_49,component_33,48,32,0.00033750923122346176,0.0,0.0,False
component_19,component_28,18,27,0.00033465050878956563,0.0,0.0,False
component_28,component_24,27,23,0.00033432090645927806,0.0,0.0,False
component_01,component_26,0,25,0.000334123719733859,0.0,0.0,False
component_34,component_26,33,25,0.00033321719469226125,0.0,0.0,False
component_32,component_52,31,51,0.0003318027636790989,0.0,0.0,False
component_06,component_04,5,3,0.00032963030549899554,0.0,0.0,False
component_56,component_44,55,43,0.0003295060241126537,0.0,0.0,False
component_60,component_17,59,16,0.00032922842019258644,0.0,0.0,False
component_13,component_56,12,55,0.00032796680376092756,0.0,0.0,False
component_26,component_56,25,55,0.0003279220885460991,0.0,0.0,False
component_30,component_59,29,58,0.0003259941895814219,0.0,0.0,False
component_29,component_14,28,13,0.00032587670551823076,0.0,0.0,False
component_55,component_31,54,30,0.00032558525618747063,0.0,0.0,False
component_28,component_01,27,0,0.00032448379572885236,0.0,0.0,False
component_59,component_09,58,8,0.00032442303174324324,0.0,0.0,False
component_54,component_32,53,31,0.0003243445370881909,0.0,0.0,False
component_18,component_53,17,52,0.0003234459230671401,0.0,0.0,False
component_41,component_60,40,59,0.0003229707484657381,0.0,0.0,False
component_34,component_46,33,45,0.00032249321298991897,0.0,0.0,False
component_45,component_15,44,14,0.00032228480420264387,0.0,0.0,False
component_45,component_47,44,46,0.0003214749653374824,0.0,0.0,False
component_01,component_59,0,58,0.00032109246112252215,0.0,0.0,False
component_18,component_36,17,35,0.0003202860186195234,0.0,0.0,False
component_19,component_07,18,6,0.0003188499852711228,0.0,0.0,False
component_57,component_18,56,17,0.0003188126932218146,0.0,0.0,False
component_09,component_22,8,21,0.00031875010528656513,0.0,0.0,False
component_40,component_55,39,54,0.00031861059180369225,0.0,0.0,False
component_06,component_11,5,10,0.0003185362907674082,0.0,0.0,False
component_54,component_40,53,39,0.0003177658538179949,0.0,0.0,False
component_50,component_27,49,26,0.00031699297916166005,0.0,0.0,False
component_45,component_58,44,57,0.0003162593120574058,0.0,0.0,False
component_33,component_41,32,40,0.00031590348482345306,0.0,0.0,False
component_04,component_45,3,44,0.0003141969247537037,0.0,0.0,False
component_11,component_42,10,41,0.00031273750536611294,0.0,0.0,False
component_27,component_59,26,58,0.00031196093065091957,0.0,0.0,False
component_01,component_03,0,2,0.000310116058234412,0.0,0.0,False
component_26,component_23,25,22,0.0003085883219832609,0.0,0.0,False
component_49,component_47,48,46,0.000307904420337497,0.0,0.0,False
component_38,component_19,37,18,0.00030575962345181834,0.0,0.0,False
component_45,component_06,44,5,0.0003053893117103467,0.0,0.0,False
component_17,component_46,16,45,0.00030445791074044774,0.0,0.0,False
component_30,component_05,29,4,0.00030401480366257043,0.0,0.0,False
component_56,component_38,55,37,0.00030397874226930385,0.0,0.0,False
component_48,component_22,47,21,0.0003037015535240069,0.0,0.0,False
component_21,component_45,20,44,0.00030306205527850475,0.0,0.0,False
component_46,component_20,45,19,0.00030300944613832385,0.0,0.0,False
component_31,component_60,30,59,0.00030272683775674344,0.0,0.0,False
component_23,component_25,22,24,0.0003023592508175194,0.0,0.0,False
component_05,component_58,4,57,0.0003021755099790173,0.0,0.0,False
component_20,component_37,19,36,0.00030182353419016525,0.0,0.0,False
component_06,component_15,5,14,0.0003010133029908256,0.0,0.0,False
component_53,component_14,52,13,0.00030041118073809175,0.0,0.0,False
component_29,component_32,28,31,0.0003004110420768397,0.0,0.0,False
component_06,component_24,5,23,0.0003002712224568577,0.0,0.0,False
component_12,component_31,11,30,0.0002987411546296055,0.0,0.0,False
component_16,component_05,15,4,0.00029742496070274415,0.0,0.0,False
component_02,component_36,1,35,0.0002971069802370642,-0.0642965651916911,0.0642965651916911,True
component_27,component_13,26,12,0.0002947686438679283,0.0,0.0,False
component_01,component_40,0,39,0.00029472497537270947,0.0,0.0,False
component_25,component_36,24,35,0.0002945238836935453,0.0,0.0,False
component_46,component_52,45,51,0.0002934798860259188,0.0,0.0,False
component_16,component_20,15,19,0.00029269584633104094,-0.0691373364135792,0.0691373364135792,True
component_39,component_48,38,47,0.00028952820519521905,0.0,0.0,False
component_26,component_24,25,23,0.0002887018250551093,0.0,0.0,False
component_57,component_53,56,52,0.0002881022855156848,0.0,0.0,False
component_03,component_04,2,3,0.0002879325720855754,0.0,0.0,False
component_14,component_52,13,51,0.0002869554544471373,0.0,0.0,False
component_34,component_59,33,58,0.0002868237089400107,0.0,0.0,False
component_56,component_01,55,0,0.00028573220686222485,0.0,0.0,False
component_51,component_11,50,10,0.0002851328528522143,0.0,0.0,False
component_45,component_28,44,27,0.00028474498753919714,0.0,0.0,False
component_22,component_48,21,47,0.00028392456597314163,0.0,0.0,False
component_54,component_57,53,56,0.00028260124400643545,0.0,0.0,False
component_10,component_57,9,56,0.0002825068971871922,0.0,0.0,False
component_44,component_07,43,6,0.000280650657068181,0.0,0.0,False
component_49,component_11,48,10,0.0002799742562552736,0.0,0.0,False
component_17,component_37,16,36,0.00027980633185465325,0.0,0.0,False
component_01,component_32,0,31,0.00027972615692970474,0.0,0.0,False
component_59,component_05,58,4,0.00027924487317168464,0.0,0.0,False
component_39,component_31,38,30,0.00027876953646232807,0.0,0.0,False
component_53,component_27,52,26,0.0002780425777678566,0.0,0.0,False
component_45,component_25,44,24,0.00027605261571667236,0.0,0.0,False
component_16,component_41,15,40,0.000275760271206625,0.0,0.0,False
component_55,component_27,54,26,0.0002752457386212402,0.0,0.0,False
component_52,component_51,51,50,0.0002744486796750446,0.0,0.0,False
component_19,component_13,18,12,0.0002727080753176158,0.0,0.0,False
component_44,component_28,43,27,0.0002724282923028849,0.0,0.0,False
component_39,component_40,38,39,0.0002720447936394835,0.0,0.0,False
component_04,component_33,3,32,0.000271351601758952,0.0,0.0,False
component_08,component_12,7,11,0.00027125263020872585,-0.0572064191152459,0.0572064191152459,True
component_24,component_02,23,1,0.0002710054419084489,0.0,0.0,False
component_40,component_58,39,57,0.00027060364721870583,0.0,0.0,False
component_31,component_52,30,51,0.0002702054677794513,0.0,0.0,False
component_31,component_07,30,6,0.00026635411107333174,0.0,0.0,False
component_44,component_27,43,26,0.000266281436191249,0.0,0.0,False
component_26,component_15,25,14,0.0002659373781308984,0.0,0.0,False
component_27,component_57,26,56,0.00026578132397888586,0.0,0.0,False
component_57,component_07,56,6,0.0002651849034569477,0.0,0.0,False
component_10,component_35,9,34,0.00026461501776966866,0.0,0.0,False
component_21,component_59,20,58,0.00026239329943499403,0.0,0.0,False
component_05,component_01,4,0,0.00026209345550232463,0.0,0.0,False
component_14,component_44,13,43,0.00026125449323269,0.0,0.0,False
component_59,component_32,58,31,0.0002608113180125961,0.0,0.0,False
component_30,component_55,29,54,0.0002594034476079812,0.0,0.0,False
component_37,component_02,36,1,0.0002593535187128665,0.0,0.0,False
component_06,component_27,5,26,0.00025924057679735325,0.0,0.0,False
component_35,component_40,34,39,0.0002590473128490762,0.0,0.0,False
component_58,component_57,57,56,0.00025856056575714644,0.0,0.0,False
component_31,component_09,30,8,0.00025795611458443205,0.0,0.0,False
component_60,component_42,59,41,0.0002558440988472478,0.0,0.0,False
component_16,component_40,15,39,0.00025441121323212647,0.0,0.0,False
component_43,component_14,42,13,0.0002542635751832212,0.0,0.0,False
component_40,component_44,39,43,0.00025397474506315984,0.0,0.0,False
component_26,component_54,25,53,0.0002530929607668899,0.0,0.0,False
component_39,component_21,38,20,0.0002517652021247176,0.0,0.0,False
component_20,component_04,19,3,0.00025122047508361256,0.0,0.0,False
component_54,component_01,53,0,0.00025046098212438766,0.0,0.0,False
component_56,component_16,55,15,0.00024927725750121686,0.0,0.0,False
component_39,component_01,38,0,0.000249134870518811,0.0,0.0,False
component_46,component_47,45,46,0.0002490192182553423,0.0,0.0,False
component_36,component_54,35,53,0.00024847572985618955,0.0,0.0,False
component_28,component_08,27,7,0.00024827464876125266,0.0,0.0,False
component_10,component_41,9,40,0.000247980427988122,0.0,0.0,False
component_01,component_33,0,32,0.00024595231373428233,0.0652251039356903,0.0652251039356903,True
component_41,component_59,40,58,0.00024382942473661002,0.0,0.0,False
component_44,component_55,43,54,0.0002433381945558607,0.0,0.0,False
component_56,component_60,55,59,0.0002430545332525341,0.0,0.0,False
component_24,component_17,23,16,0.0002427252144851759,0.0,0.0,False
component_25,component_30,24,29,0.00024168673360172783,0.0,0.0,False
component_37,component_41,36,40,0.0002413357383380108,0.0,0.0,False
component_17,component_01,16,0,0.0002404439701820321,0.0,0.0,False
component_29,component_27,28,26,0.00023758728803279901,0.0,0.0,False
component_56,component_28,55,27,0.00023682988207718514,0.0,0.0,False
component_52,component_41,51,40,0.00023652432998370288,0.0,0.0,False
component_54,component_26,53,25,0.0002345493460510733,0.0520041374960713,0.0520041374960713,True
component_19,component_18,18,17,0.00023453899313861004,0.0,0.0,False
component_55,component_58,54,57,0.00023448648503661282,0.0,0.0,False
component_37,component_42,36,41,0.00023422616341551466,0.0,0.0,False
component_21,component_39,20,38,0.0002327070965815775,0.0,0.0,False
component_13,component_26,12,25,0.00023190509735768755,0.0,0.0,False
component_37,component_24,36,23,0.00023157415073275239,0.0,0.0,False
component_17,component_24,16,23,0.00023002830933004754,0.0,0.0,False
component_52,component_02,51,1,0.00022914585584858226,0.0,0.0,False
component_32,component_58,31,57,0.00022854568731480173,0.0,0.0,False
component_55,component_33,54,32,0.00022765411301216184,0.0,0.0,False
component_48,component_39,47,38,0.00022575707689567306,0.0,0.0,False
component_22,component_28,21,27,0.00022553786406739684,0.0,0.0,False
component_24,component_05,23,4,0.00022542076207459304,0.0,0.0,False
component_18,component_15,17,14,0.00022510344075247265,0.0,0.0,False
component_20,component_33,19,32,0.00022489649097687473,0.0,0.0,False
component_11,component_48,10,47,0.0002247027352428511,0.0,0.0,False
component_54,component_09,53,8,0.00022440926263349212,0.0,0.0,False
component_21,component_05,20,4,0.00022372357237037695,0.0,0.0,False
component_31,component_08,30,7,0.00022234056450051986,0.0,0.0,False
component_48,component_08,47,7,0.00022109362376309142,0.0,0.0,False
component_02,component_47,1,46,0.00022092714555374803,0.0,0.0,False
component_55,component_18,54,17,0.0002202102404026698,0.0,0.0,False
component_02,component_55,1,54,0.000219667950705798,0.0,0.0,False
component_56,component_39,55,38,0.00021945522580411967,0.0,0.0,False
component_49,component_43,48,42,0.0002188816100879752,0.0,0.0,False
component_11,component_49,10,48,0.0002187635333894113,0.0,0.0,False
component_52,component_21,51,20,0.00021770315786233586,0.0,0.0,False
component_11,component_58,10,57,0.0002176263696834499,0.0,0.0,False
component_36,component_05,35,4,0.0002173555438428266,0.0,0.0,False
component_08,component_21,7,20,0.00021687106599186512,0.0,0.0,False
component_14,component_07,13,6,0.00021365364527304524,0.0,0.0,False
component_15,component_26,14,25,0.000213438898865429,0.0,0.0,False
component_46,component_59,45,58,0.00021339178725950894,0.0,0.0,False
component_41,component_09,40,8,0.00021169880907392747,0.0,0.0,False
component_55,component_32,54,31,0.00021114143176163873,0.0,0.0,False
component_02,component_56,1,55,0.0002108524602878709,0.0,0.0,False
component_35,component_54,34,53,0.0002102913768397823,0.0,0.0,False
component_16,component_12,15,11,0.00020858616262607593,0.0,0.0,False
component_16,component_03,15,2,0.00020822798422264093,0.0,0.0,False
component_39,component_10,38,9,0.00020817169528833623,0.0,0.0,False
component_37,component_49,36,48,0.00020680521449636358,0.0,0.0,False
component_32,component_59,31,58,0.00020498626935691773,0.0,0.0,False
component_12,component_06,11,5,0.00020420530504137028,0.0,0.0,False
component_44,component_38,43,37,0.00020383536806306568,0.0,0.0,False
component_58,component_47,57,46,0.0002031186423396295,0.0,0.0,False
component_26,component_39,25,38,0.00020154146808232254,0.0,0.0,False
component_41,component_04,40,3,0.00020096031351761898,0.0429977478366326,0.0429977478366326,True
component_06,component_26,5,25,0.00020080831714210638,0.0,0.0,False
component_55,component_52,54,51,0.00020006330636728983,0.0,0.0,False
component_12,component_60,11,59,0.00019879650944065361,0.0,0.0,False
component_31,component_33,30,32,0.00019846769633888534,0.0,0.0,False
component_16,component_37,15,36,0.00019843446869321024,0.0,0.0,False
component_44,component_58,43,57,0.00019760944674937465,0.0,0.0,False
component_51,component_15,50,14,0.00019728044212724512,0.0,0.0,False
component_45,component_01,44,0,0.00019681550684395578,0.0,0.0,False
component_46,component_48,45,47,0.00019630843403176815,0.0,0.0,False
component_23,component_24,22,23,0.00019545799435343825,0.0,0.0,False
component_24,component_60,23,59,0.00019476372127519217,0.0,0.0,False
component_57,component_19,56,18,0.00019368639650802735,0.0,0.0,False
component_15,component_56,14,55,0.00019341995721202268,0.0,0.0,False
component_59,component_03,58,2,0.0001917142980863276,0.0,0.0,False
component_30,component_40,29,39,0.00018932546336846944,0.0,0.0,False
component_47,component_20,46,19,0.00018867558771094186,0.0,0.0,False
component_36,component_19,35,18,0.00018754402163401678,0.0,0.0,False
component_48,component_12,47,11,0.00018734357880795282,0.0,0.0,False
component_46,component_38,45,37,0.00018587161855777143,0.0,0.0,False
component_17,component_34,16,33,0.00018484055789842917,0.0,0.0,False
component_55,component_24,54,23,0.00018394692797144726,0.0,0.0,False
component_56,component_24,55,23,0.0001836122125727,0.0,0.0,False
component_40,component_51,39,50,0.00018228165487258044,0.0,0.0,False
component_22,component_09,21,8,0.00018142899422653338,0.0,0.0,False
component_59,component_58,58,57,0.00018097355703222491,0.0,0.0,False
component_44,component_01,43,0,0.0001809730396064677,0.0,0.0,False
component_10,component_22,9,21,0.00018049919386301926,-0.0703118931379865,0.0703118931379865,True
component_37,component_25,36,24,0.00017986029123225647,0.0,0.0,False
component_60,component_06,59,5,0.00017925571728795144,0.0,0.0,False
component_47,component_03,46,2,0.0001776001528854547,0.0,0.0,False
component_52,component_14,51,13,0.00017691335578101837,0.0,0.0,False
component_51,component_13,50,12,0.00017608822563036576,0.0,0.0,False
component_02,component_35,1,34,0.0001751288955858004,0.0,0.0,False
component_31,component_38,30,37,0.0001749976789421739,-0.0457140945589432,0.0457140945589432,True
component_46,component_19,45,18,0.0001747306409959507,0.0,0.0,False
component_60,component_50,59,49,0.00017454169229938683,0.0,0.0,False
component_25,component_56,24,55,0.00017372698127216576,0.0,0.0,False
component_17,component_13,16,12,0.000171944947512676,0.0,0.0,False
component_10,component_28,9,27,0.0001707570968643405,0.0,0.0,False
component_52,component_46,51,45,0.000169964424889291,0.0,0.0,False
component_54,component_52,53,51,0.00016864171097468402,0.0,0.0,False
component_01,component_14,0,13,0.00016853388477275144,0.0,0.0,False
component_36,component_44,35,43,0.00016725257679638589,0.0,0.0,False
component_56,component_21,55,20,0.0001650572980554416,0.0,0.0,False
component_47,component_45,46,44,0.00016461454583801036,0.0,0.0,False
component_46,component_04,45,3,0.00016417402260318685,0.0,0.0,False
component_17,component_60,16,59,0.00016409825964648636,0.0,0.0,False
component_27,component_07,26,6,0.0001635510365096028,0.0,0.0,False
component_35,component_44,34,43,0.00016311784500749134,0.0,0.0,False
component_51,component_49,50,48,0.0001624113017623317,0.0,0.0,False
component_30,component_39,29,38,0.0001604052095854419,0.0,0.0,False
component_09,component_51,8,50,0.00016015087356633864,0.0,0.0,False
component_50,component_33,49,32,0.0001599088031888664,0.0,0.0,False
component_45,component_11,44,10,0.00015935519756893546,0.0,0.0,False
component_35,component_59,34,58,0.0001583463474589626,0.0,0.0,False
component_02,component_43,1,42,0.0001580798853757811,0.0809007779653818,0.0809007779653818,True
component_30,component_58,29,57,0.00015799376593313787,0.0,0.0,False
component_42,component_05,41,4,0.00015733477372386478,0.0,0.0,False
component_12,component_25,11,24,0.0001566482326272468,0.0,0.0,False
component_47,component_02,46,1,0.00015393956531461526,0.0,0.0,False
component_19,component_31,18,30,0.00015337665231249673,0.0,0.0,False
component_35,component_39,34,38,0.00015317698010051186,0.0,0.0,False
component_13,component_48,12,47,0.0001530463348911357,0.0,0.0,False
component_28,component_10,27,9,0.00015232088796457408,0.0,0.0,False
component_12,component_17,11,16,0.0001521299179883029,0.0,0.0,False
component_35,component_49,34,48,0.0001509553998091248,0.0,0.0,False
component_06,component_39,5,38,0.00015073891733023058,0.0,0.0,False
component_33,component_17,32,16,0.00015066560073003708,0.0,0.0,False
component_33,component_23,32,22,0.0001487797561188028,0.0,0.0,False
component_55,component_42,54,41,0.0001481774331875273,0.0,0.0,False
component_27,component_45,26,44,0.00014670999765262468,0.0,0.0,False
component_53,component_37,52,36,0.00014566901772969804,0.0,0.0,False
component_56,component_15,55,14,0.0001442753339722526,0.0,0.0,False
component_14,component_57,13,56,0.00014426307796792386,0.0,0.0,False
component_39,component_02,38,1,0.00014337430616003427,0.0,0.0,False
component_40,component_49,39,48,0.00014098441298664153,0.0,0.0,False
component_07,component_55,6,54,0.0001405141396423413,0.0,0.0,False
component_06,component_03,5,2,0.00013965341689957378,0.0,0.0,False
component_12,component_38,11,37,0.00013937558203804465,0.0,0.0,False
component_19,component_17,18,16,0.00013621286481902762,0.0,0.0,False
component_53,component_13,52,12,0.0001353313217558251,0.0,0.0,False
component_44,component_47,43,46,0.0001345556872258115,0.0,0.0,False
component_35,component_26,34,25,0.00013433597822158237,0.0,0.0,False
component_58,component_14,57,13,0.00013281503510648943,0.0,0.0,False
component_41,component_21,40,20,0.00013159058326011442,0.0,0.0,False
component_57,component_09,56,8,0.0001299076603222365,0.0,0.0,False
component_11,component_29,10,28,0.00012843622530470241,0.0,0.0,False
component_55,component_59,54,58,0.00012633618307602732,0.0,0.0,False
component_31,component_56,30,55,0.0001259192288261807,0.0,0.0,False
component_47,component_12,46,11,0.00012554976488092062,0.0,0.0,False
component_54,component_02,53,1,0.0001252847339744669,0.0,0.0,False
component_06,component_19,5,18,0.0001245909253842001,0.0,0.0,False
component_56,component_19,55,18,0.00012458815297375524,0.0,0.0,False
component_39,component_23,38,22,0.00012442412417505708,0.0,0.0,False
component_17,component_57,16,56,0.00012407310290406221,0.0,0.0,False
component_07,component_41,6,40,0.0001227884113095566,0.0,0.0,False
component_52,component_12,51,11,0.00012255305315538658,0.0,0.0,False
component_14,component_47,13,46,0.00012081410337305938,0.0,0.0,False
component_09,component_16,8,15,0.00011976964103040683,0.0,0.0,False
component_34,component_05,33,4,0.00011895889565741143,0.0,0.0,False
component_31,component_59,30,58,0.00011873531072881222,0.0,0.0,False
component_54,component_12,53,11,0.00011624492090699622,0.0,0.0,False
component_60,component_09,59,8,0.00011585624889101932,0.0,0.0,False
component_53,component_39,52,38,0.00011579410090361993,0.0,0.0,False
component_35,component_25,34,24,0.00011444026373742447,0.0,0.0,False
component_04,component_12,3,11,0.00011325128642217347,0.0,0.0,False
component_59,component_23,58,22,0.00011084169148748086,0.0,0.0,False
component_22,component_05,21,4,0.00011040342177714855,0.0,0.0,False
component_58,component_44,57,43,0.00010793745551856874,0.0,0.0,False
component_43,component_40,42,39,0.0001072303392513158,0.0,0.0,False
component_46,component_05,45,4,0.00010687170624319888,0.0,0.0,False
component_21,component_09,20,8,0.0001066525681163659,0.0,0.0,False
component_39,component_53,38,52,0.00010603429027672786,0.0,0.0,False
component_39,component_42,38,41,0.00010466769115481897,0.0,0.0,False
component_28,component_27,27,26,0.00010289288760614358,0.0,0.0,False
component_60,component_32,59,31,0.00010198239470388008,0.0,0.0,False
component_06,component_54,5,53,0.00010003185442688208,0.0,0.0,False
component_28,component_25,27,24,9.83148898076259e-05,0.0,0.0,False
component_43,component_05,42,4,9.732820812863671e-05,-0.0570101000551936,0.0570101000551936,True
component_34,component_39,33,38,9.631805477673477e-05,0.0,0.0,False
component_57,component_34,56,33,9.598900677453141e-05,0.0,0.0,False
component_04,component_56,3,55,9.516935362211566e-05,0.0,0.0,False
component_60,component_48,59,47,9.458294369544805e-05,0.0,0.0,False
component_21,component_38,20,37,8.8248069163552e-05,-0.0671950737931674,0.0671950737931674,True
component_40,component_48,39,47,8.755443908239393e-05,0.0,0.0,False
component_39,component_25,38,24,8.717337324317054e-05,0.0,0.0,False
component_12,component_18,11,17,8.555617057804955e-05,0.0,0.0,False
component_53,component_45,52,44,8.418355189463819e-05,0.0,0.0,False
component_44,component_13,43,12,8.386197936750826e-05,0.0,0.0,False
component_14,component_60,13,59,8.317471138879039e-05,0.0,0.0,False
component_15,component_35,14,34,8.30857279724616e-05,0.0,0.0,False
component_56,component_12,55,11,8.267896853433107e-05,0.0,0.0,False
component_10,component_27,9,26,8.005766293420801e-05,0.0,0.0,False
component_56,component_06,55,5,7.92075452014531e-05,0.0,0.0,False
component_51,component_43,50,42,7.741346519805964e-05,0.0,0.0,False
component_57,component_27,56,26,7.05561554265331e-05,0.0,0.0,False
component_28,component_39,27,38,7.024877373923712e-05,0.0,0.0,False
component_03,component_48,2,47,6.982049392393778e-05,0.0,0.0,False
component_28,component_42,27,41,6.771815578544061e-05,0.0,0.0,False
component_23,component_56,22,55,6.725814153650649e-05,0.0,0.0,False
component_59,component_43,58,42,6.678249604865879e-05,0.0,0.0,False
component_53,component_41,52,40,6.339834176273143e-05,0.0,0.0,False
component_54,component_07,53,6,6.085412322952841e-05,0.0,0.0,False
component_10,component_14,9,13,6.04291535926807e-05,0.0,0.0,False
component_28,component_37,27,36,5.723477884322047e-05,0.0,0.0,False
component_15,component_17,14,16,5.532836223780676e-05,0.0,0.0,False
component_17,component_25,16,24,5.3121905070343116e-05,0.0,0.0,False
component_52,component_31,51,30,5.239250585370591e-05,0.0,0.0,False
component_52,component_16,51,15,5.189516186076012e-05,0.0,0.0,False
component_17,component_38,16,37,5.1458585088857417e-05,0.0,0.0,False
component_47,component_23,46,22,4.9621988864095044e-05,0.0,0.0,False
component_10,component_11,9,10,4.869654698419163e-05,0.0,0.0,False
component_54,component_33,53,32,4.7754612377742066e-05,0.0,0.0,False
component_37,component_05,36,4,4.743434529054463e-05,0.0,0.0,False
component_14,component_43,13,42,4.2576205280043784e-05,0.0,0.0,False
component_28,component_41,27,40,4.1115595265607356e-05,0.0,0.0,False
component_52,component_09,51,8,4.088176600886077e-05,0.0,0.0,False
component_27,component_19,26,18,3.669463846047177e-05,0.0,0.0,False
component_25,component_14,24,13,3.478447342803333e-05,0.0,0.0,False
component_33,component_54,32,53,3.4033812698362347e-05,0.0,0.0,False
component_20,component_46,19,45,3.162533748706354e-05,0.085806408327136,0.085806408327136,True
component_07,component_14,6,13,3.159431991697412e-05,0.0,0.0,False
component_38,component_11,37,10,2.547984289076835e-05,0.0,0.0,False
component_31,component_15,30,14,2.5044177117443107e-05,0.0,0.0,False
component_40,component_07,39,6,2.416834756379437e-05,0.0,0.0,False
component_49,component_21,48,20,2.314892746855015e-05,0.0,0.0,False
component_17,component_07,16,6,2.2799558603538693e-05,0.0,0.0,False
component_37,component_51,36,50,2.229394281649685e-05,0.0,0.0,False
component_08,component_45,7,44,2.1822588214680477e-05,-0.0934254944377156,0.0934254944377156,True
component_07,component_31,6,30,1.386790462298966e-05,0.0,0.0,False
component_09,component_30,8,29,1.3539650874158015e-05,0.0,0.0,False
component_56,component_32,55,31,2.4393432313443218e-06,0.0780292715299764,0.0780292715299764,True
