source,target,source_index,target_index,ei,bias_correction
component_04,component_04,3,3,0.5356062155756942,0.00012214486198658392
component_05,component_05,4,4,0.41720484299540517,0.00012214486198658392
component_13,component_13,12,12,0.3530018854697165,0.00012214486198658392
component_16,component_16,15,15,0.31156779580269317,0.00012214486198658392
component_10,component_10,9,9,0.30399789862545323,0.00012214486198658392
component_25,component_25,24,24,0.2645892489973177,0.00012214486198658392
component_24,component_24,23,23,0.24434839781889256,0.00012214486198658392
component_12,component_12,11,11,0.2411998105686352,0.00012214486198658392
component_01,component_01,0,0,0.23651946641717417,0.00012214486198658392
component_11,component_11,10,10,0.22792997462765516,0.00012214486198658392
component_18,component_18,17,17,0.21930912796240754,0.00012214486198658392
component_06,component_06,5,5,0.2163237394483631,0.00012214486198658392
component_09,component_09,8,8,0.20501871347648234,0.00012214486198658392
component_17,component_17,16,16,0.20073789492547378,0.00012214486198658392
component_46,component_46,45,45,0.18748343609039025,0.00012214486198658392
component_32,component_32,31,31,0.18397058358536683,0.00012214486198658392
component_02,component_02,1,1,0.17904147536272758,0.00012214486198658392
component_31,component_31,30,30,0.17840468709949397,0.00012214486198658392
component_22,component_22,21,21,0.1781262872957481,0.00012214486198658392
component_39,component_39,38,38,0.17619527492560405,0.00012214486198658392
component_23,component_23,22,22,0.17238647370084026,0.00012214486198658392
component_53,component_53,52,52,0.17120680623988827,0.00012214486198658392
component_14,component_14,13,13,0.16582748896700997,0.00012214486198658392
component_33,component_33,32,32,0.1599597754043523,0.00012214486198658392
component_26,component_26,25,25,0.15431173743579352,0.00012214486198658392
component_41,component_41,40,40,0.14945839387752988,0.00012214486198658392
component_58,component_58,57,57,0.1479679318345346,0.00012214486198658392
component_21,component_21,20,20,0.14482920761506377,0.00012214486198658392
component_40,component_40,39,39,0.14305801773522586,0.00012214486198658392
component_28,component_28,27,27,0.1412521840958895,0.00012214486198658392
component_56,component_56,55,55,0.13899794256484826,0.00012214486198658392
component_36,component_36,35,35,0.1382783201919402,0.00012214486198658392
component_38,component_38,37,37,0.13734257909724457,0.00012214486198658392
component_03,component_03,2,2,0.1356387175387331,0.00012214486198658392
component_35,component_35,34,34,0.13127963772447615,0.00012214486198658392
component_50,component_50,49,49,0.12839285731168754,0.00012214486198658392
component_07,component_07,6,6,0.1279881381798199,0.00012214486198658392
component_34,component_34,33,33,0.12512428450374685,0.00012214486198658392
component_20,component_20,19,19,0.12191792423008166,0.00012214486198658392
component_45,component_45,44,44,0.12091887237977397,0.00012214486198658392
component_49,component_49,48,48,0.12075871970869063,0.00012214486198658392
component_48,component_48,47,47,0.11308807390481729,0.00012214486198658392
component_08,component_08,7,7,0.11182283093607426,0.00012214486198658392
component_43,component_43,42,42,0.10969739153245327,0.00012214486198658392
component_30,component_30,29,29,0.10547242397780623,0.00012214486198658392
component_37,component_37,36,36,0.10029001816054264,0.00012214486198658392
component_19,component_19,18,18,0.09480103895159821,0.00012214486198658392
component_01,component_14,0,13,0.09334738600962554,0.00012214486198658392
component_14,component_19,13,18,0.0929483556150612,0.00012214486198658392
component_55,component_55,54,54,0.09269677086829237,0.00012214486198658392
component_42,component_42,41,41,0.08926972773576343,0.00012214486198658392
component_30,component_44,29,43,0.08749701997581516,0.00012214486198658392
component_60,component_60,59,59,0.08641991869784271,0.00012214486198658392
component_51,component_51,50,50,0.07922167302116476,0.00012214486198658392
component_27,component_27,26,26,0.07495873937617512,0.00012214486198658392
component_16,component_47,15,46,0.07178000563312656,0.00012214486198658392
component_25,component_15,24,14,0.06801066370870079,0.00012214486198658392
component_15,component_15,14,14,0.0652022339183731,0.00012214486198658392
component_44,component_44,43,43,0.06104356976647555,0.00012214486198658392
component_52,component_52,51,51,0.06067110793761633,0.00012214486198658392
component_54,component_54,53,53,0.06002494598066346,0.00012214486198658392
component_29,component_29,28,28,0.05893636676169788,0.00012214486198658392
component_01,component_27,0,26,0.058689354663633814,0.00012214486198658392
component_19,component_45,18,44,0.05806341176852521,0.00012214486198658392
component_13,component_25,12,24,0.04979746543406459,0.00012214486198658392
component_57,component_57,56,56,0.04939790352490733,0.00012214486198658392
component_08,component_54,7,53,0.04859957491144476,0.00012214486198658392
component_01,component_41,0,40,0.047541093844482796,0.00012214486198658392
component_08,component_19,7,18,0.0460572714826879,0.00012214486198658392
component_12,component_29,11,28,0.04602013475538173,0.00012214486198658392
component_47,component_47,46,46,0.04595454521150208,0.00012214486198658392
component_04,component_45,3,44,0.044300407813081435,0.00012214486198658392
component_19,component_17,18,16,0.044107261826964575,0.00012214486198658392
component_14,component_30,13,29,0.04388182627954364,0.00012214486198658392
component_08,component_06,7,5,0.041882374462328786,0.00012214486198658392
component_07,component_03,6,2,0.04160941919985654,0.00012214486198658392
component_43,component_22,42,21,0.040750166916133854,0.00012214486198658392
component_06,component_52,5,51,0.037004371351570566,0.00012214486198658392
component_27,component_57,26,56,0.03649544269647617,0.00012214486198658392
component_02,component_29,1,28,0.03529143550801572,0.00012214486198658392
component_59,component_59,58,58,0.03502846304266087,0.00012214486198658392
component_17,component_20,16,19,0.034881989344689786,0.00012214486198658392
component_08,component_35,7,34,0.03469109752808777,0.00012214486198658392
component_44,component_07,43,6,0.0337991892667556,0.00012214486198658392
component_30,component_12,29,11,0.03281723169236549,0.00012214486198658392
component_02,component_12,1,11,0.032688177668289756,0.00012214486198658392
component_30,component_45,29,44,0.03143035924827038,0.00012214486198658392
component_34,component_56,33,55,0.031202667064653435,0.00012214486198658392
component_07,component_50,6,49,0.03115497959618328,0.00012214486198658392
component_25,component_34,24,33,0.030933682307268555,0.00012214486198658392
component_46,component_23,45,22,0.030628448262192486,0.00012214486198658392
component_15,component_03,14,2,0.030617450944879797,0.00012214486198658392
component_18,component_24,17,23,0.030482439589382376,0.00012214486198658392
component_19,component_30,18,29,0.030440368825238706,0.00012214486198658392
component_13,component_50,12,49,0.03040051763527269,0.00012214486198658392
component_01,component_02,0,1,0.030215418224024786,0.00012214486198658392
component_09,component_36,8,35,0.029380476681993395,0.00012214486198658392
component_10,component_39,9,38,0.028842482932220206,0.00012214486198658392
component_18,component_23,17,22,0.02806714286589904,0.00012214486198658392
component_14,component_03,13,2,0.027842672412071206,0.00012214486198658392
component_31,component_41,30,40,0.02773090745970874,0.00012214486198658392
component_19,component_57,18,56,0.027392079138466426,0.00012214486198658392
component_33,component_37,32,36,0.02676710491910253,0.00012214486198658392
component_14,component_17,13,16,0.026759467105738864,0.00012214486198658392
component_01,component_58,0,57,0.02675870984479755,0.00012214486198658392
component_48,component_11,47,10,0.026378520332615996,0.00012214486198658392
component_23,component_10,22,9,0.025704665352195153,0.00012214486198658392
component_08,component_27,7,26,0.025460761220361502,0.00012214486198658392
component_44,component_43,43,42,0.025182877945008918,0.00012214486198658392
component_15,component_02,14,1,0.0251376034128699,0.00012214486198658392
component_33,component_20,32,19,0.025042954348737097,0.00012214486198658392
component_19,component_42,18,41,0.025033946966086,0.00012214486198658392
component_25,component_02,24,1,0.02443593398105098,0.00012214486198658392
component_03,component_57,2,56,0.024211904450678785,0.00012214486198658392
component_27,component_33,26,32,0.02404063464620946,0.00012214486198658392
component_11,component_34,10,33,0.023993904541584968,0.00012214486198658392
component_19,component_08,18,7,0.02396168811632176,0.00012214486198658392
component_12,component_44,11,43,0.023859468919678325,0.00012214486198658392
component_16,component_36,15,35,0.023439589547784224,0.00012214486198658392
component_13,component_18,12,17,0.023354958900542094,0.00012214486198658392
component_03,component_55,2,54,0.023152494686644712,0.00012214486198658392
component_33,component_43,32,42,0.022838116078633224,0.00012214486198658392
component_33,component_44,32,43,0.022426075962012675,0.00012214486198658392
component_37,component_43,36,42,0.02199382119079871,0.00012214486198658392
component_26,component_36,25,35,0.021909965606853474,0.00012214486198658392
component_15,component_07,14,6,0.02178898061216475,0.00012214486198658392
component_57,component_58,56,57,0.021588374849361467,0.00012214486198658392
component_26,component_56,25,55,0.021305204434415775,0.00012214486198658392
component_07,component_20,6,19,0.021128349558393267,0.00012214486198658392
component_36,component_09,35,8,0.021075161356374574,0.00012214486198658392
component_07,component_35,6,34,0.020983371500477965,0.00012214486198658392
component_54,component_36,53,35,0.02065031567263321,0.00012214486198658392
component_45,component_38,44,37,0.020587521755928005,0.00012214486198658392
component_01,component_55,0,54,0.020531854649794307,0.00012214486198658392
component_33,component_19,32,18,0.02009666957327146,0.00012214486198658392
component_54,component_47,53,46,0.019772454082785232,0.00012214486198658392
component_25,component_13,24,12,0.01973838041760359,0.00012214486198658392
component_22,component_28,21,27,0.01973341570622294,0.00012214486198658392
component_26,component_42,25,41,0.019381344474478382,0.00012214486198658392
component_16,component_60,15,59,0.01925831852966859,0.00012214486198658392
component_01,component_57,0,56,0.019243834750282244,0.00012214486198658392
component_60,component_51,59,50,0.019202091880871963,0.00012214486198658392
component_05,component_31,4,30,0.019122122254177643,0.00012214486198658392
component_02,component_38,1,37,0.018955680161056372,0.00012214486198658392
component_33,component_28,32,27,0.01885826403120041,0.00012214486198658392
component_15,component_26,14,25,0.018787256260629454,0.00012214486198658392
component_33,component_17,32,16,0.01862853845417703,0.00012214486198658392
component_29,component_07,28,6,0.018516735627995017,0.00012214486198658392
component_08,component_20,7,19,0.018354908200085868,0.00012214486198658392
component_25,component_08,24,7,0.01815729330376288,0.00012214486198658392
component_08,component_59,7,58,0.018071740640869825,0.00012214486198658392
component_15,component_23,14,22,0.018063914621178553,0.00012214486198658392
component_32,component_52,31,51,0.01792194213245094,0.00012214486198658392
component_17,component_58,16,57,0.017885855483594656,0.00012214486198658392
component_28,component_38,27,37,0.017820844596126432,0.00012214486198658392
component_17,component_44,16,43,0.017740596924484698,0.00012214486198658392
component_06,component_14,5,13,0.017693327229526212,0.00012214486198658392
component_02,component_08,1,7,0.017576116295926918,0.00012214486198658392
component_10,component_23,9,22,0.01754537304939368,0.00012214486198658392
component_57,component_23,56,22,0.017285716206240545,0.00012214486198658392
component_36,component_41,35,40,0.01721226694543338,0.00012214486198658392
component_19,component_34,18,33,0.017183565651785866,0.00012214486198658392
component_04,component_30,3,29,0.01717418292167886,0.00012214486198658392
component_18,component_51,17,50,0.01717245032568523,0.00012214486198658392
component_19,component_58,18,57,0.017130028709949844,0.00012214486198658392
component_25,component_07,24,6,0.017092565175966874,0.00012214486198658392
component_52,component_22,51,21,0.016925915229493355,0.00012214486198658392
component_50,component_35,49,34,0.01688865233336951,0.00012214486198658392
component_05,component_15,4,14,0.016879131138420315,0.00012214486198658392
component_27,component_06,26,5,0.01685756749195327,0.00012214486198658392
component_17,component_32,16,31,0.01683387484580215,0.00012214486198658392
component_14,component_20,13,19,0.01682038519650453,0.00012214486198658392
component_19,component_59,18,58,0.01660526329129068,0.00012214486198658392
component_40,component_57,39,56,0.016565248467475643,0.00012214486198658392
component_05,component_24,4,23,0.016532480370184347,0.00012214486198658392
component_04,component_57,3,56,0.0164995158197457,0.00012214486198658392
component_38,component_37,37,36,0.016498347175497675,0.00012214486198658392
component_47,component_11,46,10,0.016417595457366575,0.00012214486198658392
component_01,component_36,0,35,0.01640273983517595,0.00012214486198658392
component_59,component_27,58,26,0.01639816293965091,0.00012214486198658392
component_57,component_49,56,48,0.016345787039563082,0.00012214486198658392
component_30,component_38,29,37,0.016212982723126136,0.00012214486198658392
component_38,component_09,37,8,0.016137242184751252,0.00012214486198658392
component_52,component_27,51,26,0.016052559172149684,0.00012214486198658392
component_47,component_21,46,20,0.016051809450626415,0.00012214486198658392
component_36,component_21,35,20,0.015989092924614264,0.00012214486198658392
component_01,component_50,0,49,0.01592134439111072,0.00012214486198658392
component_19,component_28,18,27,0.01589960314553476,0.00012214486198658392
component_34,component_40,33,39,0.01588933112447031,0.00012214486198658392
component_36,component_26,35,25,0.015836258425705123,0.00012214486198658392
component_01,component_22,0,21,0.01582281321348838,0.00012214486198658392
component_25,component_03,24,2,0.015795314117714555,0.00012214486198658392
component_28,component_37,27,36,0.0157598362316797,0.00012214486198658392
component_38,component_48,37,47,0.01561603192923752,0.00012214486198658392
component_52,component_06,51,5,0.015567962347512806,0.00012214486198658392
component_16,component_35,15,34,0.015562482150173185,0.00012214486198658392
component_54,component_37,53,36,0.015531993663420281,0.00012214486198658392
component_23,component_34,22,33,0.015523364031282738,0.00012214486198658392
component_36,component_48,35,47,0.015472941822782357,0.00012214486198658392
component_10,component_06,9,5,0.01539859323831149,0.00012214486198658392
component_02,component_59,1,58,0.015292603489634512,0.00012214486198658392
component_47,component_13,46,12,0.015202197215476606,0.00012214486198658392
component_28,component_56,27,55,0.015178769895841986,0.00012214486198658392
component_09,component_47,8,46,0.015118965772630132,0.00012214486198658392
component_03,component_42,2,41,0.015081280306150205,0.00012214486198658392
component_07,component_59,6,58,0.015051001701514216,0.00012214486198658392
component_38,component_40,37,39,0.014988971420210658,0.00012214486198658392
component_10,component_41,9,40,0.014885438442079747,0.00012214486198658392
component_15,component_01,14,0,0.014834384969606082,0.00012214486198658392
component_18,component_34,17,33,0.014766170695413737,0.00012214486198658392
component_14,component_22,13,21,0.014685002537086399,0.00012214486198658392
component_45,component_55,44,54,0.014647873650143847,0.00012214486198658392
component_18,component_15,17,14,0.014628237130574113,0.00012214486198658392
component_25,component_11,24,10,0.014567607759515567,0.00012214486198658392
component_15,component_40,14,39,0.014496165650974342,0.00012214486198658392
component_08,component_48,7,47,0.014399315335694286,0.00012214486198658392
component_16,component_10,15,9,0.014346678913519605,0.00012214486198658392
component_14,component_04,13,3,0.014237907528678744,0.00012214486198658392
component_44,component_02,43,1,0.014220294220699894,0.00012214486198658392
component_40,component_26,39,25,0.014203555457167437,0.00012214486198658392
component_39,component_47,38,46,0.014131187020853482,0.00012214486198658392
component_08,component_29,7,28,0.014130390039543254,0.00012214486198658392
component_42,component_52,41,51,0.01408774107512803,0.00012214486198658392
component_15,component_60,14,59,0.014085125496080778,0.00012214486198658392
component_28,component_45,27,44,0.01407130524988818,0.00012214486198658392
component_36,component_01,35,0,0.01407100280164577,0.00012214486198658392
component_13,component_21,12,20,0.014055627330874015,0.00012214486198658392
component_22,component_32,21,31,0.013997663633510685,0.00012214486198658392
component_05,component_40,4,39,0.013949867124454838,0.00012214486198658392
component_18,component_46,17,45,0.013801697808488177,0.00012214486198658392
component_29,component_08,28,7,0.013798625147668248,0.00012214486198658392
component_06,component_16,5,15,0.013724030214210675,0.00012214486198658392
component_41,component_32,40,31,0.013685849137645461,0.00012214486198658392
component_40,component_15,39,14,0.01362158309296001,0.00012214486198658392
component_01,component_37,0,36,0.013502209860991862,0.00012214486198658392
component_52,component_41,51,40,0.013478849161246182,0.00012214486198658392
component_17,component_33,16,32,0.013467449087782316,0.00012214486198658392
component_36,component_16,35,15,0.013429415884279487,0.00012214486198658392
component_44,component_42,43,41,0.0133991525340328,0.00012214486198658392
component_02,component_28,1,27,0.013316183663710107,0.00012214486198658392
component_38,component_08,37,7,0.013177157190846625,0.00012214486198658392
component_51,component_05,50,4,0.013165426215699286,0.00012214486198658392
component_34,component_25,33,24,0.013156884196059596,0.00012214486198658392
component_40,component_36,39,35,0.013105304473061555,0.00012214486198658392
component_44,component_27,43,26,0.013087412387267634,0.00012214486198658392
component_54,component_26,53,25,0.013082365076006254,0.00012214486198658392
component_18,component_13,17,12,0.012994406144324401,0.00012214486198658392
component_32,component_45,31,44,0.012916533537775146,0.00012214486198658392
component_25,component_18,24,17,0.012825052127203085,0.00012214486198658392
component_01,component_42,0,41,0.012815651437815618,0.00012214486198658392
component_06,component_59,5,58,0.012760587519535715,0.00012214486198658392
component_46,component_50,45,49,0.012721984291698237,0.00012214486198658392
component_25,component_01,24,0,0.012714177143661938,0.00012214486198658392
component_06,component_27,5,26,0.012652650106313095,0.00012214486198658392
component_34,component_50,33,49,0.012623895714227066,0.00012214486198658392
component_33,component_12,32,11,0.012491690961945068,0.00012214486198658392
component_03,component_11,2,10,0.01236658655150391,0.00012214486198658392
component_03,component_20,2,19,0.012336859944110224,0.00012214486198658392
component_44,component_03,43,2,0.012266570780663366,0.00012214486198658392
component_30,component_60,29,59,0.012236653148944112,0.00012214486198658392
component_22,component_52,21,51,0.012165350517084053,0.00012214486198658392
component_11,component_47,10,46,0.012146826657007805,0.00012214486198658392
component_28,component_54,27,53,0.012129276768391045,0.00012214486198658392
component_50,component_52,49,51,0.012036073074167267,0.00012214486198658392
component_24,component_46,23,45,0.01197550350954511,0.00012214486198658392
component_16,component_20,15,19,0.011967120623375006,0.00012214486198658392
component_10,component_21,9,20,0.01193288545892595,0.00012214486198658392
component_43,component_55,42,54,0.011928198109924683,0.00012214486198658392
component_02,component_51,1,50,0.011682862414797377,0.00012214486198658392
component_03,component_05,2,4,0.011678001919223083,0.00012214486198658392
component_49,component_51,48,50,0.01166076214376869,0.00012214486198658392
component_47,component_49,46,48,0.01155769978983497,0.00012214486198658392
component_17,component_37,16,36,0.0115093255981558,0.00012214486198658392
component_12,component_09,11,8,0.011485845365293637,0.00012214486198658392
component_47,component_46,46,45,0.011475584482879771,0.00012214486198658392
component_30,component_08,29,7,0.011427459381488089,0.00012214486198658392
component_08,component_60,7,59,0.011406861651694671,0.00012214486198658392
component_22,component_44,21,43,0.011361866410329621,0.00012214486198658392
component_58,component_33,57,32,0.011356601815179734,0.00012214486198658392
component_33,component_22,32,21,0.011354950740974569,0.00012214486198658392
component_16,component_39,15,38,0.011352200554017042,0.00012214486198658392
component_53,component_59,52,58,0.011349800125956322,0.00012214486198658392
component_25,component_38,24,37,0.011339346713628115,0.00012214486198658392
component_53,component_16,52,15,0.01128244166073139,0.00012214486198658392
component_30,component_19,29,18,0.01126955873813169,0.00012214486198658392
component_53,component_39,52,38,0.01117794780808004,0.00012214486198658392
component_29,component_03,28,2,0.011144808275214385,0.00012214486198658392
component_02,component_19,1,18,0.011080320668606349,0.00012214486198658392
component_56,component_23,55,22,0.011043540424628573,0.00012214486198658392
component_10,component_36,9,35,0.011013223076525903,0.00012214486198658392
component_10,component_31,9,30,0.010994299247982526,0.00012214486198658392
component_04,component_28,3,27,0.01099222568931139,0.00012214486198658392
component_35,component_48,34,47,0.010964259557164525,0.00012214486198658392
component_23,component_60,22,59,0.01092483219416076,0.00012214486198658392
component_05,component_51,4,50,0.010895111946639793,0.00012214486198658392
component_35,component_52,34,51,0.010873354167285364,0.00012214486198658392
component_26,component_18,25,17,0.010859518045315146,0.00012214486198658392
component_29,component_53,28,52,0.010849619620272602,0.00012214486198658392
component_30,component_43,29,42,0.010837865763693926,0.00012214486198658392
component_41,component_01,40,0,0.010805895389826629,0.00012214486198658392
component_58,component_35,57,34,0.010804916760654825,0.00012214486198658392
component_12,component_19,11,18,0.010774307562221346,0.00012214486198658392
component_08,component_55,7,54,0.010765209484691191,0.00012214486198658392
component_05,component_55,4,54,0.01074679354286295,0.00012214486198658392
component_12,component_14,11,13,0.010654830079552959,0.00012214486198658392
component_59,component_57,58,56,0.010600783735494664,0.00012214486198658392
component_02,component_54,1,53,0.010590077766358931,0.00012214486198658392
component_18,component_25,17,24,0.010516487456413925,0.00012214486198658392
component_06,component_56,5,55,0.010512305575063958,0.00012214486198658392
component_12,component_37,11,36,0.010438280090500657,0.00012214486198658392
component_01,component_54,0,53,0.010398039223432954,0.00012214486198658392
component_09,component_08,8,7,0.010381457393659154,0.00012214486198658392
component_55,component_09,54,8,0.01037491707427801,0.00012214486198658392
component_36,component_06,35,5,0.010369797963177668,0.00012214486198658392
component_09,component_43,8,42,0.010348718807361958,0.00012214486198658392
component_57,component_14,56,13,0.010299248776351739,0.00012214486198658392
component_06,component_39,5,38,0.010249370876054861,0.00012214486198658392
component_54,component_29,53,28,0.010194794764020632,0.00012214486198658392
component_10,component_03,9,2,0.01017781781976497,0.00012214486198658392
component_22,component_30,21,29,0.010144855906872686,0.00012214486198658392
component_59,component_30,58,29,0.010138651195610488,0.00012214486198658392
component_15,component_53,14,52,0.010110257517242632,0.00012214486198658392
component_32,component_33,31,32,0.010094105662019216,0.00012214486198658392
component_19,component_14,18,13,0.010079553928291482,0.00012214486198658392
component_36,component_24,35,23,0.010075191263149997,0.00012214486198658392
component_56,component_10,55,9,0.010050529594424866,0.00012214486198658392
component_54,component_12,53,11,0.009976006389498181,0.00012214486198658392
component_11,component_25,10,24,0.009966823864247163,0.00012214486198658392
component_30,component_58,29,57,0.009879847569350847,0.00012214486198658392
component_07,component_21,6,20,0.00983495449271517,0.00012214486198658392
component_33,component_27,32,26,0.009809429257948563,0.00012214486198658392
component_08,component_10,7,9,0.009807776795373023,0.00012214486198658392
component_09,component_10,8,9,0.009796847021690232,0.00012214486198658392
component_08,component_42,7,41,0.009794636984496657,0.00012214486198658392
component_42,component_18,41,17,0.009772333631725898,0.00012214486198658392
component_07,component_11,6,10,0.009738097873859822,0.00012214486198658392
component_43,component_32,42,31,0.0097355999260072,0.00012214486198658392
component_07,component_54,6,53,0.00973263570858404,0.00012214486198658392
component_53,component_18,52,17,0.009681285894578368,0.00012214486198658392
component_02,component_58,1,57,0.009666197237418697,0.00012214486198658392
component_12,component_45,11,44,0.009653745015196643,0.00012214486198658392
component_44,component_20,43,19,0.009626327825576729,0.00012214486198658392
component_17,component_12,16,11,0.009587895145364247,0.00012214486198658392
component_11,component_18,10,17,0.009550845455787778,0.00012214486198658392
component_01,component_17,0,16,0.009527556746415195,0.00012214486198658392
component_15,component_47,14,46,0.009523994665947492,0.00012214486198658392
component_42,component_33,41,32,0.009480272542063232,0.00012214486198658392
component_25,component_23,24,22,0.009478081271738069,0.00012214486198658392
component_51,component_39,50,38,0.00947374788772352,0.00012214486198658392
component_27,component_22,26,21,0.009459490850565397,0.00012214486198658392
component_51,component_55,50,54,0.00945777120725012,0.00012214486198658392
component_46,component_48,45,47,0.009446586555352316,0.00012214486198658392
component_45,component_20,44,19,0.009425988064327009,0.00012214486198658392
component_13,component_51,12,50,0.00941568857636832,0.00012214486198658392
component_35,component_55,34,54,0.009403582439545772,0.00012214486198658392
component_17,component_40,16,39,0.009324201060985941,0.00012214486198658392
component_56,component_48,55,47,0.009284248004179613,0.00012214486198658392
component_04,component_26,3,25,0.009284044955587527,0.00012214486198658392
component_47,component_34,46,33,0.009239357520521633,0.00012214486198658392
component_28,component_27,27,26,0.009222812981364405,0.00012214486198658392
component_36,component_46,35,45,0.009198465640563924,0.00012214486198658392
component_38,component_12,37,11,0.009174883636506878,0.00012214486198658392
component_02,component_37,1,36,0.009164954229740601,0.00012214486198658392
component_24,component_15,23,14,0.009002984304487795,0.00012214486198658392
component_20,component_37,19,36,0.008965186975826968,0.00012214486198658392
component_03,component_27,2,26,0.008948604440931361,0.00012214486198658392
component_42,component_30,41,29,0.008929072912895311,0.00012214486198658392
component_26,component_08,25,7,0.008892833788577114,0.00012214486198658392
component_41,component_53,40,52,0.008889533449901777,0.00012214486198658392
component_24,component_38,23,37,0.008861506606101018,0.00012214486198658392
component_06,component_49,5,48,0.008835134605616479,0.00012214486198658392
component_29,component_17,28,16,0.008791214912909327,0.00012214486198658392
component_10,component_38,9,37,0.00879079371113315,0.00012214486198658392
component_10,component_28,9,27,0.008789443285285501,0.00012214486198658392
component_28,component_19,27,18,0.008784186864690749,0.00012214486198658392
component_14,component_07,13,6,0.008774756653012052,0.00012214486198658392
component_12,component_32,11,31,0.008759082021370566,0.00012214486198658392
component_30,component_37,29,36,0.008747721088223378,0.00012214486198658392
component_50,component_55,49,54,0.00872314107766247,0.00012214486198658392
component_47,component_03,46,2,0.008720282475780813,0.00012214486198658392
component_42,component_08,41,7,0.008709126031507312,0.00012214486198658392
component_39,component_49,38,48,0.008701952365111848,0.00012214486198658392
component_39,component_23,38,22,0.008686065666856493,0.00012214486198658392
component_28,component_42,27,41,0.0086556077802493,0.00012214486198658392
component_48,component_35,47,34,0.008644483282907973,0.00012214486198658392
component_14,component_50,13,49,0.008635906850920173,0.00012214486198658392
component_20,component_09,19,8,0.008619112539816627,0.00012214486198658392
component_19,component_37,18,36,0.00859231398025761,0.00012214486198658392
component_39,component_44,38,43,0.00857258598881981,0.00012214486198658392
component_32,component_14,31,13,0.00856858685327678,0.00012214486198658392
component_56,component_46,55,45,0.008562023085616408,0.00012214486198658392
component_36,component_52,35,51,0.008505599732314458,0.00012214486198658392
component_43,component_59,42,58,0.008491835369181158,0.00012214486198658392
component_30,component_54,29,53,0.008490411069691622,0.00012214486198658392
component_29,component_43,28,42,0.008486995939481103,0.00012214486198658392
component_16,component_21,15,20,0.008474352749254784,0.00012214486198658392
component_51,component_60,50,59,0.008427007050873193,0.00012214486198658392
component_30,component_28,29,27,0.00842360660604221,0.00012214486198658392
component_43,component_60,42,59,0.008393358528838645,0.00012214486198658392
component_42,component_54,41,53,0.00834476654944964,0.00012214486198658392
component_04,component_22,3,21,0.008313165951015705,0.00012214486198658392
component_26,component_22,25,21,0.008299476902676402,0.00012214486198658392
component_02,component_34,1,33,0.008270858515063935,0.00012214486198658392
component_21,component_35,20,34,0.008265212849521225,0.00012214486198658392
component_53,component_01,52,0,0.00825022637616571,0.00012214486198658392
component_44,component_35,43,34,0.008222357667686447,0.00012214486198658392
component_58,component_44,57,43,0.008221175652846401,0.00012214486198658392
component_06,component_08,5,7,0.008215692907366227,0.00012214486198658392
component_14,component_01,13,0,0.008197286680450855,0.00012214486198658392
component_43,component_52,42,51,0.008176624382428319,0.00012214486198658392
component_48,component_21,47,20,0.00815379969153121,0.00012214486198658392
component_01,component_39,0,38,0.008140626476456884,0.00012214486198658392
component_28,component_49,27,48,0.008119614591634213,0.00012214486198658392
component_45,component_42,44,41,0.008095651064332791,0.00012214486198658392
component_54,component_35,53,34,0.008064883732562048,0.00012214486198658392
component_10,component_47,9,46,0.008023056564266821,0.00012214486198658392
component_54,component_27,53,26,0.00798910601361528,0.00012214486198658392
component_07,component_29,6,28,0.007988746181707234,0.00012214486198658392
component_17,component_22,16,21,0.007980721046421748,0.00012214486198658392
component_12,component_17,11,16,0.007954529260408837,0.00012214486198658392
component_36,component_59,35,58,0.007887261930068144,0.00012214486198658392
component_26,component_32,25,31,0.00787532878307664,0.00012214486198658392
component_30,component_39,29,38,0.007817244433675166,0.00012214486198658392
component_25,component_24,24,23,0.007778912782449842,0.00012214486198658392
component_14,component_51,13,50,0.0077737488295395365,0.00012214486198658392
component_24,component_48,23,47,0.007753693005016897,0.00012214486198658392
component_19,component_06,18,5,0.0077450665251242645,0.00012214486198658392
component_38,component_30,37,29,0.0077267431667403024,0.00012214486198658392
component_13,component_52,12,51,0.007717392213897411,0.00012214486198658392
component_25,component_56,24,55,0.007714481356227899,0.00012214486198658392
component_15,component_09,14,8,0.0076751436434647205,0.00012214486198658392
component_02,component_24,1,23,0.0076542965380234276,0.00012214486198658392
component_49,component_47,48,46,0.0076534111893991705,0.00012214486198658392
component_11,component_13,10,12,0.007650333463839946,0.00012214486198658392
component_42,component_44,41,43,0.007648486912249381,0.00012214486198658392
component_07,component_26,6,25,0.0076469657547916835,0.00012214486198658392
component_36,component_18,35,17,0.007614768547193234,0.00012214486198658392
component_45,component_29,44,28,0.007610224603131141,0.00012214486198658392
component_16,component_32,15,31,0.007601966787404195,0.00012214486198658392
component_21,component_23,20,22,0.007589171295735125,0.00012214486198658392
component_42,component_46,41,45,0.00756889020844098,0.00012214486198658392
component_04,component_23,3,22,0.007549587054151298,0.00012214486198658392
component_45,component_54,44,53,0.007532089874111492,0.00012214486198658392
component_29,component_58,28,57,0.007490906592442892,0.00012214486198658392
component_47,component_25,46,24,0.00748864065357937,0.00012214486198658392
component_17,component_30,16,29,0.007479778312813153,0.00012214486198658392
component_14,component_32,13,31,0.0074773297731756325,0.00012214486198658392
component_25,component_09,24,8,0.007442389571090563,0.00012214486198658392
component_53,component_48,52,47,0.007441293310877908,0.00012214486198658392
component_48,component_56,47,55,0.007428138259211023,0.00012214486198658392
component_21,component_39,20,38,0.007422227798230581,0.00012214486198658392
component_45,component_33,44,32,0.007419748820606168,0.00012214486198658392
component_19,component_22,18,21,0.007366835685142201,0.00012214486198658392
component_23,component_25,22,24,0.007356817195024236,0.00012214486198658392
component_55,component_51,54,50,0.007350504478487995,0.00012214486198658392
component_01,component_38,0,37,0.007340333065613518,0.00012214486198658392
component_02,component_53,1,52,0.007311132458255178,0.00012214486198658392
component_49,component_41,48,40,0.007299536821045473,0.00012214486198658392
component_59,component_26,58,25,0.007281978849852131,0.00012214486198658392
component_16,component_06,15,5,0.0072567402903370454,0.00012214486198658392
component_17,component_29,16,28,0.007252052586818146,0.00012214486198658392
component_21,component_18,20,17,0.007237389222187752,0.00012214486198658392
component_38,component_47,37,46,0.007234159909751556,0.00012214486198658392
component_37,component_51,36,50,0.007221976200803453,0.00012214486198658392
component_38,component_57,37,56,0.007202271888582912,0.00012214486198658392
component_25,component_16,24,15,0.007201771833112285,0.00012214486198658392
component_25,component_47,24,46,0.007138454938245974,0.00012214486198658392
component_42,component_34,41,33,0.007137655514870607,0.00012214486198658392
component_03,component_38,2,37,0.007121640471472315,0.00012214486198658392
component_58,component_01,57,0,0.0071111073331397365,0.00012214486198658392
component_29,component_60,28,59,0.007097641985301464,0.00012214486198658392
component_21,component_27,20,26,0.007095373681278445,0.00012214486198658392
component_04,component_12,3,11,0.00708617086051559,0.00012214486198658392
component_16,component_37,15,36,0.0070661568909465115,0.00012214486198658392
component_05,component_48,4,47,0.006995542778784798,0.00012214486198658392
component_16,component_01,15,0,0.006979673237939302,0.00012214486198658392
component_09,component_57,8,56,0.006975056453944373,0.00012214486198658392
component_57,component_37,56,36,0.0069717978802954095,0.00012214486198658392
component_48,component_17,47,16,0.006970071036522232,0.00012214486198658392
component_15,component_25,14,24,0.006952734384345207,0.00012214486198658392
component_53,component_35,52,34,0.006906203741674215,0.00012214486198658392
component_58,component_30,57,29,0.006902969385335214,0.00012214486198658392
component_44,component_37,43,36,0.0069024505567976575,0.00012214486198658392
component_34,component_15,33,14,0.006896181050901163,0.00012214486198658392
component_11,component_15,10,14,0.00689297027246975,0.00012214486198658392
component_13,component_40,12,39,0.006892236296528414,0.00012214486198658392
component_30,component_17,29,16,0.006886554769275817,0.00012214486198658392
component_47,component_16,46,15,0.0068484340032613795,0.00012214486198658392
component_47,component_10,46,9,0.006837002242168689,0.00012214486198658392
component_50,component_37,49,36,0.006828704149932607,0.00012214486198658392
component_19,component_40,18,39,0.006799184384569746,0.00012214486198658392
component_09,component_27,8,26,0.0067937248486699894,0.00012214486198658392
component_30,component_07,29,6,0.006784482578325004,0.00012214486198658392
component_58,component_03,57,2,0.006780858640083952,0.00012214486198658392
component_52,component_26,51,25,0.006780677507035467,0.00012214486198658392
component_04,component_25,3,24,0.00676751223256058,0.00012214486198658392
component_47,component_02,46,1,0.006763355532195338,0.00012214486198658392
component_03,component_44,2,43,0.00674414889899348,0.00012214486198658392
component_47,component_39,46,38,0.006738973721063591,0.00012214486198658392
component_17,component_38,16,37,0.00671058314268,0.00012214486198658392
component_52,component_42,51,41,0.006709451440625919,0.00012214486198658392
component_45,component_59,44,58,0.006697725038730419,0.00012214486198658392
component_10,component_14,9,13,0.006687384681191839,0.00012214486198658392
component_38,component_04,37,3,0.006649290149557707,0.00012214486198658392
component_22,component_23,21,22,0.006647077941347381,0.00012214486198658392
component_31,component_59,30,58,0.006644793506809186,0.00012214486198658392
component_03,component_13,2,12,0.0066409615616422725,0.00012214486198658392
component_19,component_03,18,2,0.006640020678930392,0.00012214486198658392
component_24,component_56,23,55,0.0066159777376788844,0.00012214486198658392
component_02,component_23,1,22,0.006608440646526844,0.00012214486198658392
component_15,component_12,14,11,0.006604837117990838,0.00012214486198658392
component_31,component_40,30,39,0.006598239762732628,0.00012214486198658392
component_47,component_22,46,21,0.006575400364821593,0.00012214486198658392
component_24,component_39,23,38,0.006563806834278391,0.00012214486198658392
component_08,component_09,7,8,0.006560338405212827,0.00012214486198658392
component_24,component_49,23,48,0.006550117280160628,0.00012214486198658392
component_11,component_21,10,20,0.0065493528044270385,0.00012214486198658392
component_09,component_16,8,15,0.006547501847044243,0.00012214486198658392
component_12,component_35,11,34,0.006542976129589153,0.00012214486198658392
component_49,component_52,48,51,0.006531970068143815,0.00012214486198658392
component_03,component_36,2,35,0.006527658900447918,0.00012214486198658392
component_01,component_59,0,58,0.006515516080488112,0.00012214486198658392
component_01,component_12,0,11,0.006512181285444446,0.00012214486198658392
component_50,component_05,49,4,0.006486515790231288,0.00012214486198658392
component_26,component_48,25,47,0.0064865091841202,0.00012214486198658392
component_32,component_57,31,56,0.006477995229034429,0.00012214486198658392
component_34,component_10,33,9,0.0064585618974330955,0.00012214486198658392
component_51,component_44,50,43,0.006453879868298188,0.00012214486198658392
component_54,component_20,53,19,0.0064492247980129066,0.00012214486198658392
component_06,component_01,5,0,0.006448207744111436,0.00012214486198658392
component_03,component_56,2,55,0.006442042237864239,0.00012214486198658392
component_60,component_16,59,15,0.006409376398090428,0.00012214486198658392
component_37,component_42,36,41,0.006405866526442857,0.00012214486198658392
component_05,component_18,4,17,0.006393786247484205,0.00012214486198658392
component_24,component_31,23,30,0.006382347141821126,0.00012214486198658392
component_01,component_56,0,55,0.0063618339008916355,0.00012214486198658392
component_48,component_25,47,24,0.006353389525469054,0.00012214486198658392
component_58,component_22,57,21,0.006347043877267554,0.00012214486198658392
component_50,component_11,49,10,0.006329481069881824,0.00012214486198658392
component_11,component_35,10,34,0.006308085534855904,0.00012214486198658392
component_19,component_43,18,42,0.006294442689204281,0.00012214486198658392
component_17,component_42,16,41,0.006275191534854964,0.00012214486198658392
component_08,component_01,7,0,0.0062744374279067126,0.00012214486198658392
component_15,component_56,14,55,0.006251887813118851,0.00012214486198658392
component_48,component_24,47,23,0.006238246207481153,0.00012214486198658392
component_29,component_20,28,19,0.006235870292326935,0.00012214486198658392
component_58,component_56,57,55,0.006229881607557576,0.00012214486198658392
component_28,component_59,27,58,0.0061950780070378,0.00012214486198658392
component_42,component_55,41,54,0.006159656412454506,0.00012214486198658392
component_08,component_57,7,56,0.006150264279003629,0.00012214486198658392
component_50,component_31,49,30,0.006135675475292043,0.00012214486198658392
component_44,component_30,43,29,0.006133017932533181,0.00012214486198658392
component_39,component_36,38,35,0.0061179320288001935,0.00012214486198658392
component_47,component_05,46,4,0.0061093860824199195,0.00012214486198658392
component_05,component_49,4,48,0.006106224074287552,0.00012214486198658392
component_13,component_31,12,30,0.006102884671802001,0.00012214486198658392
component_45,component_23,44,22,0.006102439891172484,0.00012214486198658392
component_08,component_14,7,13,0.006093373337898094,0.00012214486198658392
component_06,component_02,5,1,0.00608255214852808,0.00012214486198658392
component_25,component_52,24,51,0.0060822381610495645,0.00012214486198658392
component_44,component_29,43,28,0.0060755261112335635,0.00012214486198658392
component_39,component_60,38,59,0.006070301699077978,0.00012214486198658392
component_37,component_32,36,31,0.006061872131587116,0.00012214486198658392
component_55,component_08,54,7,0.006043188783170242,0.00012214486198658392
component_05,component_13,4,12,0.006041397082669764,0.00012214486198658392
component_57,component_20,56,19,0.006032797547540548,0.00012214486198658392
component_58,component_47,57,46,0.006025147255934744,0.00012214486198658392
component_53,component_21,52,20,0.006024659496814574,0.00012214486198658392
component_05,component_52,4,51,0.006024495760224903,0.00012214486198658392
component_49,component_27,48,26,0.006016919397730641,0.00012214486198658392
component_03,component_08,2,7,0.006003967877011044,0.00012214486198658392
component_24,component_51,23,50,0.005997369134354899,0.00012214486198658392
component_01,component_24,0,23,0.005992445532081014,0.00012214486198658392
component_57,component_30,56,29,0.005988740709336865,0.00012214486198658392
component_52,component_33,51,32,0.005979948183573116,0.00012214486198658392
component_56,component_35,55,34,0.00596558534789955,0.00012214486198658392
component_53,component_29,52,28,0.005962628250088276,0.00012214486198658392
component_41,component_26,40,25,0.005934403415606207,0.00012214486198658392
component_26,component_57,25,56,0.005921718618912769,0.00012214486198658392
component_46,component_56,45,55,0.005920473068904249,0.00012214486198658392
component_47,component_60,46,59,0.005906930277902317,0.00012214486198658392
component_14,component_44,13,43,0.0058940569745486796,0.00012214486198658392
component_03,component_46,2,45,0.005893581066376325,0.00012214486198658392
component_30,component_02,29,1,0.005864519084986787,0.00012214486198658392
component_54,component_08,53,7,0.0058571863408458736,0.00012214486198658392
component_53,component_44,52,43,0.005856739820215251,0.00012214486198658392
component_41,component_55,40,54,0.0058502078908526465,0.00012214486198658392
component_27,component_17,26,16,0.005827544766151827,0.00012214486198658392
component_55,component_39,54,38,0.005826299966680316,0.00012214486198658392
component_47,component_24,46,23,0.005813974253398589,0.00012214486198658392
component_13,component_36,12,35,0.005812601672797072,0.00012214486198658392
component_37,component_20,36,19,0.005807422637244618,0.00012214486198658392
component_59,component_19,58,18,0.00580549411904732,0.00012214486198658392
component_46,component_16,45,15,0.005804956300328476,0.00012214486198658392
component_45,component_43,44,42,0.005796328223737738,0.00012214486198658392
component_54,component_59,53,58,0.005786601086346751,0.00012214486198658392
component_12,component_43,11,42,0.005784794995521919,0.00012214486198658392
component_10,component_26,9,25,0.005774423775658978,0.00012214486198658392
component_33,component_52,32,51,0.005769557057731736,0.00012214486198658392
component_03,component_51,2,50,0.005765269923104825,0.00012214486198658392
component_50,component_34,49,33,0.0057629828470611945,0.00012214486198658392
component_12,component_10,11,9,0.005746966518860074,0.00012214486198658392
component_17,component_28,16,27,0.005744657885696304,0.00012214486198658392
component_42,component_02,41,1,0.005743310627276373,0.00012214486198658392
component_42,component_22,41,21,0.005730129655853855,0.00012214486198658392
component_22,component_33,21,32,0.005716888463033498,0.00012214486198658392
component_22,component_20,21,19,0.005691841822248396,0.00012214486198658392
component_02,component_49,1,48,0.005685207131929684,0.00012214486198658392
component_56,component_60,55,59,0.0056825169472895,0.00012214486198658392
component_50,component_01,49,0,0.005672797119292693,0.00012214486198658392
component_26,component_39,25,38,0.005670174586337385,0.00012214486198658392
component_44,component_60,43,59,0.0056390699709220355,0.00012214486198658392
component_49,component_26,48,25,0.00562530240122103,0.00012214486198658392
component_27,component_32,26,31,0.005600239555647379,0.00012214486198658392
component_04,component_18,3,17,0.005582184119243019,0.00012214486198658392
component_56,component_03,55,2,0.005579707345327468,0.00012214486198658392
component_56,component_31,55,30,0.005560860511763766,0.00012214486198658392
component_57,component_27,56,26,0.005558213951810935,0.00012214486198658392
component_58,component_57,57,56,0.005548985423036957,0.00012214486198658392
component_04,component_36,3,35,0.005534444644799129,0.00012214486198658392
component_18,component_59,17,58,0.0055263928547744645,0.00012214486198658392
component_54,component_38,53,37,0.005525856994633091,0.00012214486198658392
component_58,component_07,57,6,0.005525788471190778,0.00012214486198658392
component_21,component_13,20,12,0.00549790246983635,0.00012214486198658392
component_30,component_55,29,54,0.005482090198029116,0.00012214486198658392
component_29,component_49,28,48,0.005468729375179528,0.00012214486198658392
component_52,component_48,51,47,0.005465199496110726,0.00012214486198658392
component_56,component_20,55,19,0.005455355337278426,0.00012214486198658392
component_06,component_26,5,25,0.005441797365909332,0.00012214486198658392
component_59,component_20,58,19,0.0054055740564139115,0.00012214486198658392
component_16,component_14,15,13,0.005395708301301348,0.00012214486198658392
component_40,component_46,39,45,0.005392974937778837,0.00012214486198658392
component_08,component_02,7,1,0.005383834739422787,0.00012214486198658392
component_54,component_55,53,54,0.005383826911546931,0.00012214486198658392
component_17,component_47,16,46,0.005383436683029251,0.00012214486198658392
component_32,component_49,31,48,0.005382116471087018,0.00012214486198658392
component_57,component_45,56,44,0.005375045938322394,0.00012214486198658392
component_26,component_33,25,32,0.005346946588940579,0.00012214486198658392
component_21,component_24,20,23,0.005341758458491619,0.00012214486198658392
component_08,component_26,7,25,0.005336801805417234,0.00012214486198658392
component_27,component_20,26,19,0.005331070010118481,0.00012214486198658392
component_31,component_55,30,54,0.0053136630608775146,0.00012214486198658392
component_12,component_08,11,7,0.005298608162817259,0.00012214486198658392
component_41,component_02,40,1,0.005297790021375323,0.00012214486198658392
component_32,component_43,31,42,0.005296919225539596,0.00012214486198658392
component_59,component_44,58,43,0.005279790034133811,0.00012214486198658392
component_52,component_43,51,42,0.005274949937999299,0.00012214486198658392
component_36,component_47,35,46,0.005201012907953366,0.00012214486198658392
component_38,component_27,37,26,0.005196708753845287,0.00012214486198658392
component_58,component_34,57,33,0.005193364922506629,0.00012214486198658392
component_04,component_20,3,19,0.005187844447630505,0.00012214486198658392
component_30,component_14,29,13,0.005178723062976668,0.00012214486198658392
component_44,component_01,43,0,0.005164240664852302,0.00012214486198658392
component_01,component_25,0,24,0.005162390353142635,0.00012214486198658392
component_22,component_37,21,36,0.005158112331532224,0.00012214486198658392
component_08,component_37,7,36,0.005109154163981286,0.00012214486198658392
component_37,component_33,36,32,0.00510615655255576,0.00012214486198658392
component_50,component_13,49,12,0.005098625389967632,0.00012214486198658392
component_37,component_53,36,52,0.005090211293417215,0.00012214486198658392
component_14,component_59,13,58,0.005081846493158189,0.00012214486198658392
component_23,component_18,22,17,0.005081363251090473,0.00012214486198658392
component_20,component_60,19,59,0.005081057918532833,0.00012214486198658392
component_23,component_47,22,46,0.005080760706977327,0.00012214486198658392
component_37,component_27,36,26,0.0050711381024124026,0.00012214486198658392
component_04,component_15,3,14,0.00506814813279402,0.00012214486198658392
component_31,component_19,30,18,0.005060144271468635,0.00012214486198658392
component_38,component_28,37,27,0.005052961236313255,0.00012214486198658392
component_56,component_16,55,15,0.005033786028525762,0.00012214486198658392
component_57,component_59,56,58,0.005033445158647364,0.00012214486198658392
component_20,component_42,19,41,0.005016691304826673,0.00012214486198658392
component_10,component_30,9,29,0.005015718805572489,0.00012214486198658392
component_49,component_32,48,31,0.005001806317248509,0.00012214486198658392
component_53,component_52,52,51,0.004999052082248123,0.00012214486198658392
component_49,component_38,48,37,0.0049982586699594735,0.00012214486198658392
component_23,component_46,22,45,0.0049972083711977335,0.00012214486198658392
component_57,component_32,56,31,0.00499037917043915,0.00012214486198658392
component_22,component_12,21,11,0.0049792481135484245,0.00012214486198658392
component_53,component_60,52,59,0.004968571343384823,0.00012214486198658392
component_12,component_39,11,38,0.004965477598159101,0.00012214486198658392
component_49,component_35,48,34,0.0049625314753586015,0.00012214486198658392
component_48,component_07,47,6,0.0049528469597969645,0.00012214486198658392
component_17,component_54,16,53,0.00494317930246931,0.00012214486198658392
component_23,component_35,22,34,0.0049278833726578005,0.00012214486198658392
component_60,component_46,59,45,0.004927259902265077,0.00012214486198658392
component_09,component_15,8,14,0.004919800883339144,0.00012214486198658392
component_25,component_42,24,41,0.004896432288886514,0.00012214486198658392
component_06,component_40,5,39,0.0048957323567742714,0.00012214486198658392
component_58,component_11,57,10,0.004893192376654944,0.00012214486198658392
component_24,component_09,23,8,0.004892463921130812,0.00012214486198658392
component_27,component_07,26,6,0.004878858390056836,0.00012214486198658392
component_09,component_31,8,30,0.00487214643163893,0.00012214486198658392
component_02,component_15,1,14,0.004868759122569975,0.00012214486198658392
component_26,component_16,25,15,0.004866679650065133,0.00012214486198658392
component_44,component_08,43,7,0.004864662770657453,0.00012214486198658392
component_38,component_02,37,1,0.004862686484775053,0.00012214486198658392
component_25,component_41,24,40,0.004857022710305079,0.00012214486198658392
component_15,component_54,14,53,0.004855526379113362,0.00012214486198658392
component_05,component_07,4,6,0.004814719310437069,0.00012214486198658392
component_02,component_03,1,2,0.004814108486060774,0.00012214486198658392
component_05,component_42,4,41,0.004812581600042475,0.00012214486198658392
component_60,component_55,59,54,0.004804578994810748,0.00012214486198658392
component_32,component_36,31,35,0.00479593498514672,0.00012214486198658392
component_26,component_40,25,39,0.00478867760778962,0.00012214486198658392
component_29,component_11,28,10,0.004786961199968404,0.00012214486198658392
component_43,component_28,42,27,0.004785101794768201,0.00012214486198658392
component_53,component_42,52,41,0.004781929694072893,0.00012214486198658392
component_38,component_20,37,19,0.004778750681556766,0.00012214486198658392
component_07,component_06,6,5,0.004775090138950445,0.00012214486198658392
component_48,component_43,47,42,0.004773429733075787,0.00012214486198658392
component_31,component_57,30,56,0.004764971055711233,0.00012214486198658392
component_38,component_18,37,17,0.004762729959481973,0.00012214486198658392
component_46,component_40,45,39,0.004737701460732091,0.00012214486198658392
component_23,component_04,22,3,0.00471831451321199,0.00012214486198658392
component_47,component_18,46,17,0.004715846638228678,0.00012214486198658392
component_45,component_57,44,56,0.004704420316667529,0.00012214486198658392
component_50,component_18,49,17,0.0047029791374240725,0.00012214486198658392
component_16,component_46,15,45,0.004702477595962254,0.00012214486198658392
component_25,component_40,24,39,0.004695460651509225,0.00012214486198658392
component_45,component_27,44,26,0.004695011020182451,0.00012214486198658392
component_40,component_60,39,59,0.0046937760777351085,0.00012214486198658392
component_25,component_04,24,3,0.004689133001029773,0.00012214486198658392
component_32,component_44,31,43,0.004685946534605849,0.00012214486198658392
component_47,component_50,46,49,0.004664951804799992,0.00012214486198658392
component_48,component_51,47,50,0.004661868898843459,0.00012214486198658392
component_39,component_59,38,58,0.0046423013961047425,0.00012214486198658392
component_24,component_59,23,58,0.004637808043457363,0.00012214486198658392
component_06,component_55,5,54,0.004635297948282256,0.00012214486198658392
component_20,component_51,19,50,0.0046351595457937815,0.00012214486198658392
component_35,component_19,34,18,0.004631251198083351,0.00012214486198658392
component_13,component_12,12,11,0.0046291011368305175,0.00012214486198658392
component_50,component_57,49,56,0.004622197886669854,0.00012214486198658392
component_02,component_21,1,20,0.0046002261103114585,0.00012214486198658392
component_28,component_08,27,7,0.004597468303571155,0.00012214486198658392
component_08,component_07,7,6,0.004588653166279644,0.00012214486198658392
component_46,component_54,45,53,0.004573534696034338,0.00012214486198658392
component_56,component_28,55,27,0.004552774272121375,0.00012214486198658392
component_18,component_53,17,52,0.004549974632808653,0.00012214486198658392
component_37,component_15,36,14,0.004540130816053919,0.00012214486198658392
component_30,component_06,29,5,0.0045281950089237815,0.00012214486198658392
component_38,component_59,37,58,0.00451938061352992,0.00012214486198658392
component_06,component_12,5,11,0.0045086003470322464,0.00012214486198658392
component_13,component_46,12,45,0.004507650882516805,0.00012214486198658392
component_02,component_56,1,55,0.004505347238162347,0.00012214486198658392
component_47,component_52,46,51,0.004504848727373189,0.00012214486198658392
component_48,component_19,47,18,0.004500174804004969,0.00012214486198658392
component_27,component_52,26,51,0.004498709650731087,0.00012214486198658392
component_36,component_35,35,34,0.004488038064966677,0.00012214486198658392
component_58,component_02,57,1,0.00447427176011465,0.00012214486198658392
component_50,component_54,49,53,0.004472690057934086,0.00012214486198658392
component_44,component_28,43,27,0.004463192267391272,0.00012214486198658392
component_06,component_19,5,18,0.004456335500655048,0.00012214486198658392
component_26,component_25,25,24,0.004454770554624261,0.00012214486198658392
component_27,component_59,26,58,0.004453242918584264,0.00012214486198658392
component_35,component_02,34,1,0.00444817210705592,0.00012214486198658392
component_20,component_53,19,52,0.004437041874807826,0.00012214486198658392
component_24,component_26,23,25,0.004429872194826014,0.00012214486198658392
component_20,component_01,19,0,0.004427126578348789,0.00012214486198658392
component_45,component_52,44,51,0.004424853405827162,0.00012214486198658392
component_36,component_42,35,41,0.004416986489698852,0.00012214486198658392
component_56,component_59,55,58,0.004396426903227189,0.00012214486198658392
component_28,component_40,27,39,0.004390304017967933,0.00012214486198658392
component_23,component_48,22,47,0.004380601681317834,0.00012214486198658392
component_38,component_06,37,5,0.004372365809116309,0.00012214486198658392
component_56,component_51,55,50,0.0043551127560239825,0.00012214486198658392
component_49,component_60,48,59,0.0043519073556067,0.00012214486198658392
component_35,component_39,34,38,0.004347634888287108,0.00012214486198658392
component_52,component_01,51,0,0.004341636236319589,0.00012214486198658392
component_31,component_48,30,47,0.004339451139539041,0.00012214486198658392
component_02,component_25,1,24,0.004322618981308701,0.00012214486198658392
component_33,component_25,32,24,0.0043198534287307,0.00012214486198658392
component_57,component_34,56,33,0.004310585049057646,0.00012214486198658392
component_08,component_43,7,42,0.004299638310459784,0.00012214486198658392
component_59,component_17,58,16,0.0042647278227216645,0.00012214486198658392
component_20,component_30,19,29,0.004258731993914672,0.00012214486198658392
component_25,component_39,24,38,0.004254817493219116,0.00012214486198658392
component_40,component_41,39,40,0.004232098369256337,0.00012214486198658392
component_28,component_44,27,43,0.004219814382887136,0.00012214486198658392
component_43,component_14,42,13,0.0042174017278808085,0.00012214486198658392
component_13,component_59,12,58,0.00419592049654746,0.00012214486198658392
component_10,component_49,9,48,0.004195911580953292,0.00012214486198658392
component_37,component_11,36,10,0.00419511177078825,0.00012214486198658392
component_39,component_28,38,27,0.004186332055326443,0.00012214486198658392
component_08,component_18,7,17,0.00418084696724116,0.00012214486198658392
component_15,component_22,14,21,0.0041660538100321,0.00012214486198658392
component_26,component_11,25,10,0.004161630057528216,0.00012214486198658392
component_51,component_47,50,46,0.00415992157691678,0.00012214486198658392
component_07,component_55,6,54,0.004155388345746275,0.00012214486198658392
component_56,component_22,55,21,0.004153601199448847,0.00012214486198658392
component_13,component_19,12,18,0.004133617962806467,0.00012214486198658392
component_57,component_25,56,24,0.004128878398724066,0.00012214486198658392
component_10,component_60,9,59,0.004125108625660167,0.00012214486198658392
component_05,component_44,4,43,0.004125003528091607,0.00012214486198658392
component_17,component_14,16,13,0.004122428681424422,0.00012214486198658392
component_56,component_50,55,49,0.004111109359032967,0.00012214486198658392
component_57,component_51,56,50,0.004105972571444081,0.00012214486198658392
component_51,component_15,50,14,0.004103524674084665,0.00012214486198658392
component_15,component_16,14,15,0.004089355639523471,0.00012214486198658392
component_40,component_50,39,49,0.004087312792697566,0.00012214486198658392
component_38,component_41,37,40,0.004079861276516778,0.00012214486198658392
component_37,component_18,36,17,0.004078381246749885,0.00012214486198658392
component_34,component_52,33,51,0.004071648933370937,0.00012214486198658392
component_01,component_49,0,48,0.004070094217379073,0.00012214486198658392
component_38,component_34,37,33,0.004067956525287793,0.00012214486198658392
component_30,component_56,29,55,0.00406395973199906,0.00012214486198658392
component_05,component_08,4,7,0.0040612454441648176,0.00012214486198658392
component_47,component_27,46,26,0.004060990620410728,0.00012214486198658392
component_38,component_29,37,28,0.0040503108734566105,0.00012214486198658392
component_21,component_59,20,58,0.004046678091164586,0.00012214486198658392
component_02,component_36,1,35,0.004045231657846382,0.00012214486198658392
component_48,component_03,47,2,0.004045085544268676,0.00012214486198658392
component_01,component_47,0,46,0.004044584891253979,0.00012214486198658392
component_50,component_49,49,48,0.004029108112376735,0.00012214486198658392
component_36,component_10,35,9,0.004028853669971758,0.00012214486198658392
component_30,component_03,29,2,0.004027346539008861,0.00012214486198658392
component_17,component_43,16,42,0.004023276093055261,0.00012214486198658392
component_44,component_45,43,44,0.004022995717877432,0.00012214486198658392
component_10,component_50,9,49,0.004022849007465357,0.00012214486198658392
component_06,component_54,5,53,0.004020149397693704,0.00012214486198658392
component_54,component_09,53,8,0.004019049482323404,0.00012214486198658392
component_04,component_09,3,8,0.004018432156893719,0.00012214486198658392
component_32,component_17,31,16,0.004007078995886102,0.00012214486198658392
component_05,component_50,4,49,0.0040046269903022,0.00012214486198658392
component_05,component_22,4,21,0.004003476221763764,0.00012214486198658392
component_26,component_55,25,54,0.003998690112034335,0.00012214486198658392
component_60,component_14,59,13,0.00399159079204737,0.00012214486198658392
component_09,component_60,8,59,0.003988109148828968,0.00012214486198658392
component_59,component_50,58,49,0.003984518424014569,0.00012214486198658392
component_44,component_48,43,47,0.003978367985326771,0.00012214486198658392
component_10,component_08,9,7,0.0039702300218159995,0.00012214486198658392
component_21,component_33,20,32,0.003968995182632549,0.00012214486198658392
component_28,component_41,27,40,0.003957891009531078,0.00012214486198658392
component_17,component_08,16,7,0.003952632213391707,0.00012214486198658392
component_51,component_31,50,30,0.003937716861918062,0.00012214486198658392
component_11,component_10,10,9,0.003936633612369979,0.00012214486198658392
component_13,component_34,12,33,0.0039362696494814,0.00012214486198658392
component_12,component_28,11,27,0.003923956741451903,0.00012214486198658392
component_17,component_34,16,33,0.003916442506507908,0.00012214486198658392
component_28,component_48,27,47,0.003911184571944471,0.00012214486198658392
component_29,component_14,28,13,0.003910204374446901,0.00012214486198658392
component_28,component_50,27,49,0.003909232612241327,0.00012214486198658392
component_17,component_52,16,51,0.0039032381799789496,0.00012214486198658392
component_04,component_31,3,30,0.003896803986792055,0.00012214486198658392
component_48,component_49,47,48,0.0038890595280091818,0.00012214486198658392
component_55,component_57,54,56,0.0038843670797964257,0.00012214486198658392
component_14,component_29,13,28,0.0038835762380025696,0.00012214486198658392
component_01,component_09,0,8,0.0038809330014542964,0.00012214486198658392
component_54,component_46,53,45,0.0038585890796427632,0.00012214486198658392
component_26,component_47,25,46,0.0038554808754445117,0.00012214486198658392
component_06,component_57,5,56,0.003846677521901979,0.00012214486198658392
component_49,component_21,48,20,0.0038322974693742675,0.00012214486198658392
component_42,component_15,41,14,0.0038267693618606476,0.00012214486198658392
component_11,component_40,10,39,0.0038163774352584045,0.00012214486198658392
component_59,component_42,58,41,0.003809657085550214,0.00012214486198658392
component_53,component_09,52,8,0.0038044997226338267,0.00012214486198658392
component_59,component_18,58,17,0.0038039239026617542,0.00012214486198658392
component_44,component_16,43,15,0.0038013568162133748,0.00012214486198658392
component_36,component_37,35,36,0.003797273969655954,0.00012214486198658392
component_13,component_43,12,42,0.0037943759032979174,0.00012214486198658392
component_19,component_12,18,11,0.0037933763567039583,0.00012214486198658392
component_27,component_14,26,13,0.003793247127933882,0.00012214486198658392
component_60,component_32,59,31,0.0037884047058046205,0.00012214486198658392
component_17,component_16,16,15,0.0037817142051570184,0.00012214486198658392
component_52,component_50,51,49,0.003769728901430636,0.00012214486198658392
component_45,component_28,44,27,0.0037688660368682,0.00012214486198658392
component_15,component_37,14,36,0.003755215688426453,0.00012214486198658392
component_03,component_49,2,48,0.0037526446550875787,0.00012214486198658392
component_34,component_18,33,17,0.0037447671098239203,0.00012214486198658392
component_04,component_29,3,28,0.0037421296029255305,0.00012214486198658392
component_05,component_33,4,32,0.0037340318251762013,0.00012214486198658392
component_11,component_37,10,36,0.0037282583376028536,0.00012214486198658392
component_06,component_60,5,59,0.0037274327180664125,0.00012214486198658392
component_19,component_50,18,49,0.0037198276637893327,0.00012214486198658392
component_15,component_08,14,7,0.003716379676720645,0.00012214486198658392
component_25,component_51,24,50,0.0037115417275850873,0.00012214486198658392
component_10,component_01,9,0,0.003706999381372828,0.00012214486198658392
component_04,component_39,3,38,0.0037066677429740784,0.00012214486198658392
component_54,component_03,53,2,0.0037046040230900804,0.00012214486198658392
component_19,component_27,18,26,0.0036997082735987915,0.00012214486198658392
component_44,component_39,43,38,0.0036934898299445136,0.00012214486198658392
component_06,component_28,5,27,0.0036887793580420635,0.00012214486198658392
component_08,component_38,7,37,0.00368597969253777,0.00012214486198658392
component_19,component_39,18,38,0.0036779311232953754,0.00012214486198658392
component_15,component_33,14,32,0.003675276412351665,0.00012214486198658392
component_56,component_01,55,0,0.0036627027850273048,0.00012214486198658392
component_26,component_13,25,12,0.00366219585135261,0.00012214486198658392
component_60,component_13,59,12,0.003650921996371014,0.00012214486198658392
component_22,component_17,21,16,0.003650857332019086,0.00012214486198658392
component_31,component_34,30,33,0.0036281681236486974,0.00012214486198658392
component_43,component_39,42,38,0.0036254490307191497,0.00012214486198658392
component_04,component_07,3,6,0.003621578309628801,0.00012214486198658392
component_35,component_12,34,11,0.0035965843641410362,0.00012214486198658392
component_32,component_13,31,12,0.003594987851279651,0.00012214486198658392
component_05,component_10,4,9,0.0035943621696536716,0.00012214486198658392
component_11,component_20,10,19,0.003592757655402831,0.00012214486198658392
component_28,component_29,27,28,0.0035902592655310235,0.00012214486198658392
component_23,component_36,22,35,0.00358984371029461,0.00012214486198658392
component_11,component_46,10,45,0.0035766706658023313,0.00012214486198658392
component_37,component_03,36,2,0.003575607084945431,0.00012214486198658392
component_36,component_43,35,42,0.003564715225579165,0.00012214486198658392
component_56,component_40,55,39,0.0035605855693972848,0.00012214486198658392
component_14,component_48,13,47,0.003559734326075403,0.00012214486198658392
component_07,component_16,6,15,0.0035596736710913814,0.00012214486198658392
component_49,component_59,48,58,0.0035535533386656967,0.00012214486198658392
component_41,component_10,40,9,0.003552661056833311,0.00012214486198658392
component_20,component_27,19,26,0.003542781424248304,0.00012214486198658392
component_43,component_47,42,46,0.0035413574915842422,0.00012214486198658392
component_31,component_36,30,35,0.0035347327286037906,0.00012214486198658392
component_23,component_49,22,48,0.003534267551256333,0.00012214486198658392
component_42,component_09,41,8,0.0035331647927575646,0.00012214486198658392
component_47,component_01,46,0,0.0035291762485145234,0.00012214486198658392
component_59,component_43,58,42,0.0035265158938131346,0.00012214486198658392
component_40,component_37,39,36,0.003520966536774649,0.00012214486198658392
component_16,component_38,15,37,0.00352025319414995,0.00012214486198658392
component_15,component_11,14,10,0.003519825773007528,0.00012214486198658392
component_36,component_02,35,1,0.0035176665290087734,0.00012214486198658392
component_25,component_55,24,54,0.0035162028440699575,0.00012214486198658392
component_11,component_53,10,52,0.0035064920627063127,0.00012214486198658392
component_25,component_27,24,26,0.003502310489787496,0.00012214486198658392
component_18,component_10,17,9,0.003502236947323301,0.00012214486198658392
component_21,component_48,20,47,0.003498889876424427,0.00012214486198658392
component_51,component_42,50,41,0.0034940298517279634,0.00012214486198658392
component_55,component_26,54,25,0.0034882325223946874,0.00012214486198658392
component_55,component_52,54,51,0.003486339415940683,0.00012214486198658392
component_46,component_49,45,48,0.0034822316348275166,0.00012214486198658392
component_35,component_16,34,15,0.003478676155437841,0.00012214486198658392
component_28,component_24,27,23,0.003470970296873535,0.00012214486198658392
component_05,component_46,4,45,0.0034664215870808014,0.00012214486198658392
component_19,component_18,18,17,0.0034632877230881534,0.00012214486198658392
component_40,component_58,39,57,0.0034605505263228054,0.00012214486198658392
component_04,component_11,3,10,0.0034584963829969637,0.00012214486198658392
component_17,component_41,16,40,0.003451270605528501,0.00012214486198658392
component_25,component_54,24,53,0.0034357111647612608,0.00012214486198658392
component_37,component_02,36,1,0.003434449927652923,0.00012214486198658392
component_23,component_12,22,11,0.0034334931567253676,0.00012214486198658392
component_43,component_27,42,26,0.0034320439484317533,0.00012214486198658392
component_50,component_06,49,5,0.0034201817223525046,0.00012214486198658392
component_03,component_01,2,0,0.0034183655020075614,0.00012214486198658392
component_26,component_17,25,16,0.0034165109695730427,0.00012214486198658392
component_15,component_35,14,34,0.003405343239935732,0.00012214486198658392
component_12,component_47,11,46,0.003405064269500007,0.00012214486198658392
component_12,component_50,11,49,0.0033926484926830266,0.00012214486198658392
component_43,component_10,42,9,0.003387284789619021,0.00012214486198658392
component_35,component_33,34,32,0.0033833690794201534,0.00012214486198658392
component_24,component_43,23,42,0.00338183559075036,0.00012214486198658392
component_40,component_31,39,30,0.0033750925396026973,0.00012214486198658392
component_14,component_02,13,1,0.0033731165622564877,0.00012214486198658392
component_42,component_04,41,3,0.003358959298403027,0.00012214486198658392
component_60,component_10,59,9,0.0033570843741455025,0.00012214486198658392
component_07,component_33,6,32,0.0033564778483995573,0.00012214486198658392
component_37,component_17,36,16,0.003349967098265889,0.00012214486198658392
component_09,component_32,8,31,0.0033453043127954617,0.00012214486198658392
component_60,component_26,59,25,0.003327774503623572,0.00012214486198658392
component_51,component_25,50,24,0.00331782552738194,0.00012214486198658392
component_53,component_34,52,33,0.003316260346996397,0.00012214486198658392
component_17,component_49,16,48,0.003314982767563244,0.00012214486198658392
component_54,component_23,53,22,0.0033147360329526814,0.00012214486198658392
component_16,component_19,15,18,0.0032942439202567654,0.00012214486198658392
component_60,component_01,59,0,0.0032936287828310203,0.00012214486198658392
component_12,component_06,11,5,0.0032927198692128267,0.00012214486198658392
component_47,component_48,46,47,0.0032904427483195497,0.00012214486198658392
component_19,component_54,18,53,0.003288338234270086,0.00012214486198658392
component_16,component_12,15,11,0.0032878490022571734,0.00012214486198658392
component_28,component_17,27,16,0.003284368436070978,0.00012214486198658392
component_34,component_60,33,59,0.003275758733255666,0.00012214486198658392
component_25,component_35,24,34,0.0032755270035173746,0.00012214486198658392
component_42,component_01,41,0,0.0032521249596589655,0.00012214486198658392
component_10,component_52,9,51,0.0032515306569067754,0.00012214486198658392
component_21,component_44,20,43,0.003247802984335028,0.00012214486198658392
component_55,component_10,54,9,0.0032465959197141526,0.00012214486198658392
component_27,component_54,26,53,0.003243824186463134,0.00012214486198658392
component_50,component_60,49,59,0.003241038071311873,0.00012214486198658392
component_36,component_19,35,18,0.003240233805110847,0.00012214486198658392
component_23,component_15,22,14,0.003239086435380266,0.00012214486198658392
component_44,component_09,43,8,0.0032386228939755932,0.00012214486198658392
component_07,component_01,6,0,0.003234336761304835,0.00012214486198658392
component_23,component_28,22,27,0.003232022200346082,0.00012214486198658392
component_10,component_58,9,57,0.0032299602997168933,0.00012214486198658392
component_27,component_04,26,3,0.0032108688985797995,0.00012214486198658392
component_54,component_42,53,41,0.0032107345253516617,0.00012214486198658392
component_12,component_16,11,15,0.0032090235593657205,0.00012214486198658392
component_55,component_22,54,21,0.003208984170122221,0.00012214486198658392
component_55,component_54,54,53,0.003208585690414386,0.00012214486198658392
component_49,component_37,48,36,0.003208308908198029,0.00012214486198658392
component_47,component_51,46,50,0.0032026718488303105,0.00012214486198658392
component_26,component_14,25,13,0.0032022200793323284,0.00012214486198658392
component_55,component_15,54,14,0.0032020536529673406,0.00012214486198658392
component_24,component_53,23,52,0.0031979845679895786,0.00012214486198658392
component_40,component_17,39,16,0.0031940397876908657,0.00012214486198658392
component_39,component_18,38,17,0.0031935915066223703,0.00012214486198658392
component_58,component_09,57,8,0.003191077495293712,0.00012214486198658392
component_15,component_06,14,5,0.003186684029825036,0.00012214486198658392
component_23,component_54,22,53,0.0031848690480865646,0.00012214486198658392
component_48,component_20,47,19,0.003182653832739169,0.00012214486198658392
component_55,component_34,54,33,0.003180599024418673,0.00012214486198658392
component_36,component_58,35,57,0.0031784705039611992,0.00012214486198658392
component_58,component_54,57,53,0.003176175424977698,0.00012214486198658392
component_49,component_44,48,43,0.0031755359143757073,0.00012214486198658392
component_36,component_51,35,50,0.0031746394547997733,0.00012214486198658392
component_52,component_38,51,37,0.00317387024637655,0.00012214486198658392
component_09,component_02,8,1,0.0031738099650970263,0.00012214486198658392
component_42,component_40,41,39,0.0031732052535007943,0.00012214486198658392
component_31,component_08,30,7,0.00316336941600581,0.00012214486198658392
component_03,component_18,2,17,0.0031614524993024357,0.00012214486198658392
component_49,component_53,48,52,0.003160331724647567,0.00012214486198658392
component_45,component_22,44,21,0.0031570210647729373,0.00012214486198658392
component_32,component_06,31,5,0.003153643753048742,0.00012214486198658392
component_11,component_50,10,49,0.0031533752781405513,0.00012214486198658392
component_08,component_39,7,38,0.0031487913158525878,0.00012214486198658392
component_09,component_21,8,20,0.0031461194960734472,0.00012214486198658392
component_05,component_39,4,38,0.0031391424889383648,0.00012214486198658392
component_46,component_44,45,43,0.0031338666375849192,0.00012214486198658392
component_37,component_01,36,0,0.003125406701514652,0.00012214486198658392
component_44,component_21,43,20,0.003120411426291268,0.00012214486198658392
component_40,component_53,39,52,0.0031188563625253306,0.00012214486198658392
component_57,component_52,56,51,0.003117947219011306,0.00012214486198658392
component_43,component_40,42,39,0.0031161151867921547,0.00012214486198658392
component_12,component_03,11,2,0.0031134038988217907,0.00012214486198658392
component_09,component_41,8,40,0.003106168382558094,0.00012214486198658392
component_36,component_11,35,10,0.003104301363148477,0.00012214486198658392
component_53,component_57,52,56,0.0031026828102937902,0.00012214486198658392
component_44,component_17,43,16,0.0030975902306190073,0.00012214486198658392
component_10,component_29,9,28,0.0030879728899415367,0.00012214486198658392
component_36,component_14,35,13,0.003085056354550887,0.00012214486198658392
component_32,component_42,31,41,0.003084796236187385,0.00012214486198658392
component_42,component_39,41,38,0.0030842814970502095,0.00012214486198658392
component_57,component_43,56,42,0.003084099756619554,0.00012214486198658392
component_38,component_13,37,12,0.0030838344880095223,0.00012214486198658392
component_10,component_24,9,23,0.003083371999864479,0.00012214486198658392
component_10,component_53,9,52,0.0030823525852598523,0.00012214486198658392
component_34,component_23,33,22,0.0030816720969413887,0.00012214486198658392
component_20,component_29,19,28,0.0030812943586368802,0.00012214486198658392
component_01,component_51,0,50,0.0030773027165776606,0.00012214486198658392
component_03,component_41,2,40,0.003075790184496365,0.00012214486198658392
component_33,component_56,32,55,0.0030725535459889437,0.00012214486198658392
component_27,component_44,26,43,0.003070642018839653,0.00012214486198658392
component_14,component_57,13,56,0.0030704694222797157,0.00012214486198658392
component_02,component_26,1,25,0.0030687087044537504,0.00012214486198658392
component_56,component_18,55,17,0.003068437364132228,0.00012214486198658392
component_13,component_49,12,48,0.003065833868242685,0.00012214486198658392
component_16,component_51,15,50,0.0030629173133280797,0.00012214486198658392
component_46,component_51,45,50,0.0030626637605031736,0.00012214486198658392
component_36,component_15,35,14,0.0030614164692039352,0.00012214486198658392
component_26,component_28,25,27,0.0030605030187844367,0.00012214486198658392
component_14,component_38,13,37,0.003059697263008584,0.00012214486198658392
component_60,component_33,59,32,0.0030592553698730175,0.00012214486198658392
component_38,component_10,37,9,0.003056557267889316,0.00012214486198658392
component_52,component_53,51,52,0.0030543063612650193,0.00012214486198658392
component_05,component_16,4,15,0.0030542598718092248,0.00012214486198658392
component_52,component_24,51,23,0.0030537730628800272,0.00012214486198658392
component_38,component_54,37,53,0.0030528076847828817,0.00012214486198658392
component_57,component_56,56,55,0.0030497067763933187,0.00012214486198658392
component_31,component_42,30,41,0.003049644580188705,0.00012214486198658392
component_20,component_13,19,12,0.003048441833452643,0.00012214486198658392
component_08,component_56,7,55,0.0030469983580571104,0.00012214486198658392
component_02,component_06,1,5,0.0030316808087717645,0.00012214486198658392
component_09,component_07,8,6,0.0030143861031368055,0.00012214486198658392
component_54,component_51,53,50,0.0030088047050685265,0.00012214486198658392
component_43,component_35,42,34,0.0030044443660782304,0.00012214486198658392
component_50,component_51,49,50,0.0029958171423238224,0.00012214486198658392
component_48,component_47,47,46,0.0029955535720352787,0.00012214486198658392
component_26,component_31,25,30,0.0029776530776583774,0.00012214486198658392
component_06,component_10,5,9,0.002971055298807086,0.00012214486198658392
component_11,component_33,10,32,0.002970457436609866,0.00012214486198658392
component_46,component_08,45,7,0.0029689533917850266,0.00012214486198658392
component_39,component_43,38,42,0.002967697911055252,0.00012214486198658392
component_06,component_13,5,12,0.0029653838020975943,0.00012214486198658392
component_01,component_44,0,43,0.0029651533435338176,0.00012214486198658392
component_44,component_57,43,56,0.0029625909420830437,0.00012214486198658392
component_48,component_28,47,27,0.0029606430449581594,0.00012214486198658392
component_15,component_55,14,54,0.0029474187141762523,0.00012214486198658392
component_28,component_35,27,34,0.0029386133245870674,0.00012214486198658392
component_15,component_38,14,37,0.00293090771465643,0.00012214486198658392
component_35,component_25,34,24,0.0029288160215691856,0.00012214486198658392
component_56,component_32,55,31,0.0029280471147289885,0.00012214486198658392
component_37,component_58,36,57,0.002926460967758748,0.00012214486198658392
component_17,component_24,16,23,0.002917100203264817,0.00012214486198658392
component_41,component_54,40,53,0.0029165968469448437,0.00012214486198658392
component_19,component_04,18,3,0.002910868049216163,0.00012214486198658392
component_56,component_47,55,46,0.0029081766026952966,0.00012214486198658392
component_33,component_15,32,14,0.0029070567437384587,0.00012214486198658392
component_35,component_47,34,46,0.002903696854890853,0.00012214486198658392
component_59,component_52,58,51,0.0028985072244815924,0.00012214486198658392
component_57,component_06,56,5,0.0028966885868151864,0.00012214486198658392
component_16,component_09,15,8,0.002883977875649939,0.00012214486198658392
component_03,component_19,2,18,0.002879498196723457,0.00012214486198658392
component_07,component_51,6,50,0.0028740817525597494,0.00012214486198658392
component_58,component_43,57,42,0.002872766573417534,0.00012214486198658392
component_37,component_07,36,6,0.0028725046399685284,0.00012214486198658392
component_51,component_58,50,57,0.0028716129654856844,0.00012214486198658392
component_54,component_33,53,32,0.002866150681278801,0.00012214486198658392
component_57,component_47,56,46,0.0028649817298085434,0.00012214486198658392
component_38,component_51,37,50,0.0028641457423444123,0.00012214486198658392
component_08,component_13,7,12,0.0028627074436977486,0.00012214486198658392
component_55,component_31,54,30,0.0028626223605265734,0.00012214486198658392
component_46,component_09,45,8,0.0028539161404502146,0.00012214486198658392
component_60,component_12,59,11,0.0028519430396713504,0.00012214486198658392
component_15,component_30,14,29,0.002850528503142367,0.00012214486198658392
component_45,component_06,44,5,0.0028487721756718497,0.00012214486198658392
component_46,component_18,45,17,0.0028456498968984054,0.00012214486198658392
component_35,component_45,34,44,0.00284406544682744,0.00012214486198658392
component_17,component_59,16,58,0.0028411187043160613,0.00012214486198658392
component_52,component_13,51,12,0.0028386085327795794,0.00012214486198658392
component_27,component_47,26,46,0.002834935969846201,0.00012214486198658392
component_13,component_38,12,37,0.002827496782748942,0.00012214486198658392
component_49,component_40,48,39,0.00282550180698966,0.00012214486198658392
component_04,component_37,3,36,0.0028222847443483213,0.00012214486198658392
component_51,component_20,50,19,0.0028192977194836715,0.00012214486198658392
component_16,component_28,15,27,0.0028182381739780115,0.00012214486198658392
component_05,component_57,4,56,0.0028173586821263826,0.00012214486198658392
component_51,component_28,50,27,0.002812749045670877,0.00012214486198658392
component_02,component_07,1,6,0.0028096474727926247,0.00012214486198658392
component_15,component_59,14,58,0.00279995569496665,0.00012214486198658392
component_42,component_56,41,55,0.002798336637247068,0.00012214486198658392
component_48,component_18,47,17,0.00278988686681314,0.00012214486198658392
component_06,component_09,5,8,0.0027870736975897457,0.00012214486198658392
component_06,component_15,5,14,0.002786593569179507,0.00012214486198658392
component_15,component_50,14,49,0.002783688773372733,0.00012214486198658392
component_11,component_08,10,7,0.002783066874836047,0.00012214486198658392
component_19,component_02,18,1,0.002781872357564944,0.00012214486198658392
component_39,component_45,38,44,0.002779499688417227,0.00012214486198658392
component_01,component_05,0,4,0.0027767330308262,0.00012214486198658392
component_11,component_23,10,22,0.002771831260984446,0.00012214486198658392
component_36,component_34,35,33,0.0027702896637442644,0.00012214486198658392
component_35,component_38,34,37,0.002754403089972602,0.00012214486198658392
component_14,component_54,13,53,0.0027533773387068616,0.00012214486198658392
component_13,component_03,12,2,0.002752104715664239,0.00012214486198658392
component_02,component_13,1,12,0.002749163581850635,0.00012214486198658392
component_31,component_09,30,8,0.00273687952400903,0.00012214486198658392
component_22,component_08,21,7,0.002736366645718815,0.00012214486198658392
component_49,component_43,48,42,0.002733772961327278,0.00012214486198658392
component_49,component_28,48,27,0.002731896357200135,0.00012214486198658392
component_59,component_06,58,5,0.0027283172599081706,0.00012214486198658392
component_09,component_33,8,32,0.0027265923565144234,0.00012214486198658392
component_12,component_01,11,0,0.0027240515427761234,0.00012214486198658392
component_12,component_58,11,57,0.0027207888843051252,0.00012214486198658392
component_48,component_60,47,59,0.0027199871859259588,0.00012214486198658392
component_11,component_02,10,1,0.0027160162154092867,0.00012214486198658392
component_12,component_22,11,21,0.0027148236248039073,0.00012214486198658392
component_19,component_38,18,37,0.002708928732666642,0.00012214486198658392
component_60,component_38,59,37,0.002708781160488418,0.00012214486198658392
component_50,component_17,49,16,0.002708494286996669,0.00012214486198658392
component_14,component_21,13,20,0.002705182571024968,0.00012214486198658392
component_53,component_23,52,22,0.0027051543576732265,0.00012214486198658392
component_30,component_47,29,46,0.002702627321514177,0.00012214486198658392
component_34,component_54,33,53,0.0027005705789815,0.00012214486198658392
component_37,component_05,36,4,0.0026992651300673273,0.00012214486198658392
component_58,component_46,57,45,0.0026905341667322943,0.00012214486198658392
component_58,component_26,57,25,0.002690308222007611,0.00012214486198658392
component_45,component_21,44,20,0.002689612171236128,0.00012214486198658392
component_11,component_52,10,51,0.0026870546970864475,0.00012214486198658392
component_55,component_27,54,26,0.0026856332833073916,0.00012214486198658392
component_34,component_39,33,38,0.002682235126453732,0.00012214486198658392
component_31,component_49,30,48,0.002676755264405767,0.00012214486198658392
component_18,component_55,17,54,0.0026767414414702773,0.00012214486198658392
component_27,component_35,26,34,0.0026744851579327067,0.00012214486198658392
component_53,component_12,52,11,0.002671695111608227,0.00012214486198658392
component_60,component_24,59,23,0.00267059573433271,0.00012214486198658392
component_38,component_55,37,54,0.002668413320613271,0.00012214486198658392
component_09,component_52,8,51,0.00266247777163103,0.00012214486198658392
component_36,component_33,35,32,0.0026608831451790777,0.00012214486198658392
component_46,component_02,45,1,0.002649567404136981,0.00012214486198658392
component_03,component_54,2,53,0.0026474467540148158,0.00012214486198658392
component_15,component_43,14,42,0.0026444106899249187,0.00012214486198658392
component_23,component_22,22,21,0.002640496110136996,0.00012214486198658392
component_42,component_25,41,24,0.0026282604839834517,0.00012214486198658392
component_45,component_34,44,33,0.0026241855617740893,0.00012214486198658392
component_51,component_53,50,52,0.0026236753790680172,0.00012214486198658392
component_54,component_14,53,13,0.002620396334872208,0.00012214486198658392
component_41,component_42,40,41,0.0026195664121295274,0.00012214486198658392
component_54,component_21,53,20,0.0026189342782269157,0.00012214486198658392
component_21,component_12,20,11,0.002616177839667149,0.00012214486198658392
component_17,component_05,16,4,0.0026146692046466477,0.00012214486198658392
component_27,component_28,26,27,0.002607138059403915,0.00012214486198658392
component_24,component_08,23,7,0.0026038973077338176,0.00012214486198658392
component_16,component_42,15,41,0.0025951159004236777,0.00012214486198658392
component_18,component_33,17,32,0.002585142030415193,0.00012214486198658392
component_45,component_50,44,49,0.002581591081451198,0.00012214486198658392
component_60,component_18,59,17,0.0025811036952956903,0.00012214486198658392
component_07,component_30,6,29,0.002580541766200638,0.00012214486198658392
component_09,component_01,8,0,0.0025791268262418906,0.00012214486198658392
component_55,component_33,54,32,0.002570942626477887,0.00012214486198658392
component_23,component_07,22,6,0.002567330337143567,0.00012214486198658392
component_04,component_17,3,16,0.0025669273568599627,0.00012214486198658392
component_07,component_27,6,26,0.002561032856675198,0.00012214486198658392
component_41,component_34,40,33,0.0025588677844113174,0.00012214486198658392
component_09,component_19,8,18,0.0025481010004060767,0.00012214486198658392
component_59,component_28,58,27,0.002542035851362259,0.00012214486198658392
component_29,component_37,28,36,0.0025406300046547895,0.00012214486198658392
component_43,component_57,42,56,0.0025385176189773595,0.00012214486198658392
component_21,component_41,20,40,0.002537176796620036,0.00012214486198658392
component_47,component_44,46,43,0.0025368630692979024,0.00012214486198658392
component_04,component_14,3,13,0.002534604039446762,0.00012214486198658392
component_51,component_52,50,51,0.002533913535705835,0.00012214486198658392
component_51,component_38,50,37,0.0025326077892047177,0.00012214486198658392
component_08,component_15,7,14,0.0025323385654547944,0.00012214486198658392
component_37,component_13,36,12,0.002526244011990959,0.00012214486198658392
component_59,component_56,58,55,0.0025246742238724577,0.00012214486198658392
component_60,component_21,59,20,0.002521585546094434,0.00012214486198658392
component_29,component_19,28,18,0.0025206312800913197,0.00012214486198658392
component_55,component_45,54,44,0.0025170605038300907,0.00012214486198658392
component_20,component_35,19,34,0.0025162319406257126,0.00012214486198658392
component_24,component_14,23,13,0.002516018932101054,0.00012214486198658392
component_07,component_08,6,7,0.002515962778590961,0.00012214486198658392
component_56,component_52,55,51,0.002515699529902124,0.00012214486198658392
component_16,component_15,15,14,0.0025142486191506355,0.00012214486198658392
component_04,component_03,3,2,0.0025104741599822574,0.00012214486198658392
component_23,component_24,22,23,0.002509139598824971,0.00012214486198658392
component_44,component_15,43,14,0.0025061799505740386,0.00012214486198658392
component_03,component_60,2,59,0.0025061090337817424,0.00012214486198658392
component_24,component_36,23,35,0.0025032515657982058,0.00012214486198658392
component_50,component_20,49,19,0.0024976126571077096,0.00012214486198658392
component_35,component_46,34,45,0.0024971675959728256,0.00012214486198658392
component_60,component_37,59,36,0.002490694461646565,0.00012214486198658392
component_22,component_43,21,42,0.002478809062036816,0.00012214486198658392
component_24,component_10,23,9,0.002476051413889932,0.00012214486198658392
component_21,component_07,20,6,0.0024714359498975006,0.00012214486198658392
component_03,component_48,2,47,0.0024570265512104004,0.00012214486198658392
component_35,component_60,34,59,0.0024562310053325613,0.00012214486198658392
component_56,component_19,55,18,0.0024559386439214183,0.00012214486198658392
component_24,component_05,23,4,0.002452353282632395,0.00012214486198658392
component_16,component_18,15,17,0.0024377110896585674,0.00012214486198658392
component_50,component_23,49,22,0.0024340335076353985,0.00012214486198658392
component_18,component_56,17,55,0.002429047080263082,0.00012214486198658392
component_15,component_31,14,30,0.0024289941100948407,0.00012214486198658392
component_32,component_47,31,46,0.0024276067476366884,0.00012214486198658392
component_15,component_13,14,12,0.002426199783894421,0.00012214486198658392
component_50,component_45,49,44,0.0024254488259117233,0.00012214486198658392
component_12,component_53,11,52,0.0024204845187741344,0.00012214486198658392
component_12,component_49,11,48,0.0024170333739712197,0.00012214486198658392
component_04,component_05,3,4,0.0024096817617189964,0.00012214486198658392
component_36,component_30,35,29,0.0024094326941093347,0.00012214486198658392
component_54,component_17,53,16,0.0024071980316866374,0.00012214486198658392
component_40,component_34,39,33,0.002399842303020039,0.00012214486198658392
component_09,component_11,8,10,0.00239949631813319,0.00012214486198658392
component_46,component_04,45,3,0.0023985756402156683,0.00012214486198658392
component_33,component_45,32,44,0.002395854859807165,0.00012214486198658392
component_02,component_60,1,59,0.0023924167820757506,0.00012214486198658392
component_46,component_26,45,25,0.002390143946808631,0.00012214486198658392
component_23,component_40,22,39,0.002383243792171013,0.00012214486198658392
component_44,component_54,43,53,0.0023818448667927293,0.00012214486198658392
component_20,component_02,19,1,0.002378186329953689,0.00012214486198658392
component_16,component_27,15,26,0.002378028916528752,0.00012214486198658392
component_46,component_24,45,23,0.002377291186716881,0.00012214486198658392
component_42,component_36,41,35,0.002375984910171998,0.00012214486198658392
component_19,component_52,18,51,0.0023743407177654963,0.00012214486198658392
component_03,component_39,2,38,0.0023715304877630003,0.00012214486198658392
component_60,component_48,59,47,0.002371108047952333,0.00012214486198658392
component_33,component_35,32,34,0.0023646930308546437,0.00012214486198658392
component_31,component_56,30,55,0.002362549894093349,0.00012214486198658392
component_36,component_50,35,49,0.0023576015832651545,0.00012214486198658392
component_22,component_34,21,33,0.002351626524348007,0.00012214486198658392
component_17,component_03,16,2,0.0023411493949173096,0.00012214486198658392
component_15,component_18,14,17,0.0023411460854472653,0.00012214486198658392
component_56,component_06,55,5,0.0023406363520059974,0.00012214486198658392
component_08,component_21,7,20,0.0023388026234498413,0.00012214486198658392
component_11,component_28,10,27,0.002337042980097853,0.00012214486198658392
component_22,component_47,21,46,0.0023308178753534453,0.00012214486198658392
component_21,component_08,20,7,0.002329157789273492,0.00012214486198658392
component_01,component_04,0,3,0.0023205755090967587,0.00012214486198658392
component_06,component_21,5,20,0.0023177387047521106,0.00012214486198658392
component_40,component_27,39,26,0.002310698557390429,0.00012214486198658392
component_16,component_08,15,7,0.0023091045309252957,0.00012214486198658392
component_49,component_46,48,45,0.0023078289951005654,0.00012214486198658392
component_44,component_10,43,9,0.002304594452512861,0.00012214486198658392
component_41,component_48,40,47,0.002302377824117047,0.00012214486198658392
component_39,component_16,38,15,0.002301934797289352,0.00012214486198658392
component_58,component_42,57,41,0.002300312277482673,0.00012214486198658392
component_37,component_41,36,40,0.002295878557851065,0.00012214486198658392
component_01,component_07,0,6,0.0022942611479263952,0.00012214486198658392
component_20,component_22,19,21,0.002292636875481539,0.00012214486198658392
component_17,component_56,16,55,0.002289736158123812,0.00012214486198658392
component_06,component_29,5,28,0.002287037327803774,0.00012214486198658392
component_18,component_57,17,56,0.002279781049419321,0.00012214486198658392
component_46,component_38,45,37,0.0022794012757987817,0.00012214486198658392
component_60,component_59,59,58,0.0022790956097121203,0.00012214486198658392
component_30,component_46,29,45,0.0022783510472062225,0.00012214486198658392
component_26,component_06,25,5,0.0022749032706274657,0.00012214486198658392
component_52,component_58,51,57,0.002270717522711125,0.00012214486198658392
component_06,component_30,5,29,0.0022641087711897075,0.00012214486198658392
component_16,component_34,15,33,0.0022601644633434524,0.00012214486198658392
component_47,component_06,46,5,0.0022585786040530405,0.00012214486198658392
component_14,component_27,13,26,0.002255950768094187,0.00012214486198658392
component_25,component_31,24,30,0.002255340938535415,0.00012214486198658392
component_18,component_50,17,49,0.0022504390668336297,0.00012214486198658392
component_48,component_12,47,11,0.002250239899608663,0.00012214486198658392
component_04,component_08,3,7,0.002248044094606507,0.00012214486198658392
component_17,component_53,16,52,0.002244914745245023,0.00012214486198658392
component_26,component_15,25,14,0.0022308878225216736,0.00012214486198658392
component_32,component_12,31,11,0.0022304557267992997,0.00012214486198658392
component_13,component_23,12,22,0.002225995990204479,0.00012214486198658392
component_22,component_45,21,44,0.0022254455834703067,0.00012214486198658392
component_52,component_34,51,33,0.0022166620470992692,0.00012214486198658392
component_39,component_46,38,45,0.002215832892683757,0.00012214486198658392
component_21,component_57,20,56,0.0022124560597696213,0.00012214486198658392
component_33,component_32,32,31,0.0022109217846937156,0.00012214486198658392
component_15,component_41,14,40,0.0022091528046165707,0.00012214486198658392
component_16,component_02,15,1,0.0022076742172464333,0.00012214486198658392
component_14,component_11,13,10,0.002203015914653539,0.00012214486198658392
component_23,component_30,22,29,0.002195184297559714,0.00012214486198658392
component_16,component_03,15,2,0.0021950807915290687,0.00012214486198658392
component_03,component_58,2,57,0.0021889862064746876,0.00012214486198658392
component_27,component_31,26,30,0.0021862845190339136,0.00012214486198658392
component_38,component_11,37,10,0.002184712581218859,0.00012214486198658392
component_37,component_12,36,11,0.0021844686428561153,0.00012214486198658392
component_56,component_07,55,6,0.0021808770416984506,0.00012214486198658392
component_60,component_54,59,53,0.0021804987327615193,0.00012214486198658392
component_53,component_55,52,54,0.0021773082879540107,0.00012214486198658392
component_32,component_58,31,57,0.0021757799436774097,0.00012214486198658392
component_48,component_01,47,0,0.0021703794882788298,0.00012214486198658392
component_12,component_30,11,29,0.0021696013986514037,0.00012214486198658392
component_36,component_54,35,53,0.002164060910861147,0.00012214486198658392
component_42,component_43,41,42,0.0021637697952606068,0.00012214486198658392
component_28,component_21,27,20,0.002161755808855603,0.00012214486198658392
component_40,component_20,39,19,0.0021614622819628826,0.00012214486198658392
component_20,component_08,19,7,0.002160132413104119,0.00012214486198658392
component_28,component_10,27,9,0.002159020945178531,0.00012214486198658392
component_13,component_42,12,41,0.0021570458185220134,0.00012214486198658392
component_06,component_07,5,6,0.002156583923055809,0.00012214486198658392
component_11,component_09,10,8,0.0021538420650725754,0.00012214486198658392
component_39,component_31,38,30,0.0021527794716483216,0.00012214486198658392
component_06,component_36,5,35,0.0021410332440110285,0.00012214486198658392
component_24,component_41,23,40,0.0021303719948560064,0.00012214486198658392
component_03,component_16,2,15,0.002128783255609636,0.00012214486198658392
component_35,component_22,34,21,0.0021262511022995074,0.00012214486198658392
component_13,component_01,12,0,0.0021249691030934045,0.00012214486198658392
component_54,component_30,53,29,0.002122931879492074,0.00012214486198658392
component_06,component_03,5,2,0.002118650808383207,0.00012214486198658392
component_60,component_19,59,18,0.002117358082905033,0.00012214486198658392
component_14,component_37,13,36,0.002115533318459763,0.00012214486198658392
component_54,component_34,53,33,0.0021109528522599277,0.00012214486198658392
component_04,component_43,3,42,0.0021109091706316475,0.00012214486198658392
component_06,component_48,5,47,0.0021059056574260445,0.00012214486198658392
component_54,component_49,53,48,0.0021055049004181027,0.00012214486198658392
component_09,component_06,8,5,0.002088291969197481,0.00012214486198658392
component_38,component_26,37,25,0.002087466189654273,0.00012214486198658392
component_56,component_34,55,33,0.0020869043366025506,0.00012214486198658392
component_17,component_02,16,1,0.002083759975777145,0.00012214486198658392
component_07,component_42,6,41,0.0020828434101017425,0.00012214486198658392
component_57,component_44,56,43,0.0020773849081466593,0.00012214486198658392
component_06,component_18,5,17,0.002074123343446114,0.00012214486198658392
component_53,component_08,52,7,0.002073178288237657,0.00012214486198658392
component_01,component_34,0,33,0.0020727997241534405,0.00012214486198658392
component_26,component_52,25,51,0.002064106562744745,0.00012214486198658392
component_16,component_53,15,52,0.0020572029905284927,0.00012214486198658392
component_06,component_42,5,41,0.0020562995819007404,0.00012214486198658392
component_05,component_01,4,0,0.0020544798085950296,0.00012214486198658392
component_56,component_29,55,28,0.002054353631729341,0.00012214486198658392
component_02,component_31,1,30,0.0020528835458108454,0.00012214486198658392
component_50,component_39,49,38,0.002045707808033225,0.00012214486198658392
component_12,component_23,11,22,0.0020422172144670056,0.00012214486198658392
component_50,component_56,49,55,0.0020378760469415094,0.00012214486198658392
component_40,component_08,39,7,0.0020371313782839287,0.00012214486198658392
component_27,component_50,26,49,0.0020360247259902085,0.00012214486198658392
component_01,component_08,0,7,0.002033859862922278,0.00012214486198658392
component_21,component_47,20,46,0.002029335148746589,0.00012214486198658392
component_20,component_45,19,44,0.0020272803561231824,0.00012214486198658392
component_35,component_37,34,36,0.0020208101648938387,0.00012214486198658392
component_32,component_19,31,18,0.0020200956830306815,0.00012214486198658392
component_16,component_41,15,40,0.002018978305028737,0.00012214486198658392
component_37,component_56,36,55,0.00201205592345559,0.00012214486198658392
component_29,component_21,28,20,0.0020072433843667014,0.00012214486198658392
component_12,component_60,11,59,0.0020067042103472,0.00012214486198658392
component_22,component_21,21,20,0.0020019854996212376,0.00012214486198658392
component_49,component_34,48,33,0.002000215227648471,0.00012214486198658392
component_10,component_59,9,58,0.0019972005640563908,0.00012214486198658392
component_19,component_24,18,23,0.0019971804040706843,0.00012214486198658392
component_37,component_44,36,43,0.001994538541832734,0.00012214486198658392
component_11,component_01,10,0,0.0019932639688158157,0.00012214486198658392
component_46,component_07,45,6,0.001993053619838255,0.00012214486198658392
component_34,component_13,33,12,0.0019906660333094085,0.00012214486198658392
component_46,component_27,45,26,0.0019881619463869822,0.00012214486198658392
component_42,component_60,41,59,0.0019876810259334696,0.00012214486198658392
component_02,component_16,1,15,0.0019875205982056265,0.00012214486198658392
component_43,component_34,42,33,0.0019872505868802027,0.00012214486198658392
component_46,component_17,45,16,0.001985860804475278,0.00012214486198658392
component_60,component_50,59,49,0.001985589523700773,0.00012214486198658392
component_18,component_16,17,15,0.0019791540670763604,0.00012214486198658392
component_55,component_43,54,42,0.0019789622619310688,0.00012214486198658392
component_05,component_58,4,57,0.001978700852108449,0.00012214486198658392
component_19,component_41,18,40,0.0019742633911465153,0.00012214486198658392
component_08,component_52,7,51,0.0019697935211211272,0.00012214486198658392
component_41,component_23,40,22,0.0019697219897154487,0.00012214486198658392
component_22,component_15,21,14,0.0019665152726805113,0.00012214486198658392
component_30,component_20,29,19,0.0019627769359533884,0.00012214486198658392
component_40,component_32,39,31,0.0019616562094651956,0.00012214486198658392
component_16,component_52,15,51,0.0019499740550890964,0.00012214486198658392
component_32,component_11,31,10,0.0019473919977002897,0.00012214486198658392
component_15,component_21,14,20,0.0019429987588894916,0.00012214486198658392
component_11,component_16,10,15,0.0019415221785002708,0.00012214486198658392
component_55,component_41,54,40,0.0019324414366349758,0.00012214486198658392
component_51,component_46,50,45,0.0019227058285777264,0.00012214486198658392
component_26,component_21,25,20,0.001918051254966887,0.00012214486198658392
component_30,component_16,29,15,0.0019164230844525662,0.00012214486198658392
component_23,component_38,22,37,0.0019155481422663883,0.00012214486198658392
component_16,component_54,15,53,0.001913128997732959,0.00012214486198658392
component_52,component_45,51,44,0.001901378214741662,0.00012214486198658392
component_46,component_25,45,24,0.0018989042358831172,0.00012214486198658392
component_54,component_28,53,27,0.0018912393510898738,0.00012214486198658392
component_55,component_13,54,12,0.0018906632097346755,0.00012214486198658392
component_13,component_16,12,15,0.0018902051580174262,0.00012214486198658392
component_41,component_44,40,43,0.0018898775275962246,0.00012214486198658392
component_32,component_28,31,27,0.0018849002169987724,0.00012214486198658392
component_25,component_14,24,13,0.0018813035829087928,0.00012214486198658392
component_08,component_51,7,50,0.001879963538040669,0.00012214486198658392
component_26,component_46,25,45,0.0018760078063413763,0.00012214486198658392
component_53,component_24,52,23,0.0018722213338024777,0.00012214486198658392
component_05,component_56,4,55,0.0018637273888569036,0.00012214486198658392
component_60,component_28,59,27,0.0018634902640968548,0.00012214486198658392
component_35,component_32,34,31,0.0018633909614285456,0.00012214486198658392
component_60,component_20,59,19,0.0018615847192053287,0.00012214486198658392
component_55,component_12,54,11,0.001861516502323893,0.00012214486198658392
component_46,component_36,45,35,0.0018581510218008816,0.00012214486198658392
component_60,component_06,59,5,0.001853269879681302,0.00012214486198658392
component_28,component_47,27,46,0.0018514363504805466,0.00012214486198658392
component_10,component_33,9,32,0.0018445701217427225,0.00012214486198658392
component_46,component_60,45,59,0.0018444409163458787,0.00012214486198658392
component_27,component_03,26,2,0.0018442359947148245,0.00012214486198658392
component_49,component_08,48,7,0.001835898846651638,0.00012214486198658392
component_30,component_09,29,8,0.0018344684760011887,0.00012214486198658392
component_28,component_60,27,59,0.0018300489538411052,0.00012214486198658392
component_37,component_46,36,45,0.0018284768694543522,0.00012214486198658392
component_25,component_53,24,52,0.0018274232507808047,0.00012214486198658392
component_05,component_60,4,59,0.0018272766704166082,0.00012214486198658392
component_37,component_04,36,3,0.0018268011494254406,0.00012214486198658392
component_18,component_22,17,21,0.0018267242841958505,0.00012214486198658392
component_07,component_31,6,30,0.0018254914993960285,0.00012214486198658392
component_51,component_45,50,44,0.0018199880415290712,0.00012214486198658392
component_03,component_29,2,28,0.0018199740203591248,0.00012214486198658392
component_34,component_31,33,30,0.0018146196039591509,0.00012214486198658392
component_20,component_16,19,15,0.0018093770200270725,0.00012214486198658392
component_50,component_21,49,20,0.0018056566063043504,0.00012214486198658392
component_08,component_34,7,33,0.0018008867896110922,0.00012214486198658392
component_04,component_58,3,57,0.0017903256841560748,0.00012214486198658392
component_41,component_16,40,15,0.0017894235757409194,0.00012214486198658392
component_24,component_07,23,6,0.0017890720295017939,0.00012214486198658392
component_23,component_09,22,8,0.0017884606181113917,0.00012214486198658392
component_17,component_57,16,56,0.0017874006845022693,0.00012214486198658392
component_16,component_33,15,32,0.0017830083709436122,0.00012214486198658392
component_41,component_08,40,7,0.0017785002437066114,0.00012214486198658392
component_31,component_25,30,24,0.0017736967194081899,0.00012214486198658392
component_05,component_03,4,2,0.0017672382456773307,0.00012214486198658392
component_22,component_31,21,30,0.0017643857182418467,0.00012214486198658392
component_54,component_52,53,51,0.0017625251197031003,0.00012214486198658392
component_19,component_32,18,31,0.0017613667066596794,0.00012214486198658392
component_02,component_14,1,13,0.001759572580917045,0.00012214486198658392
component_02,component_42,1,41,0.0017541352625309696,0.00012214486198658392
component_34,component_27,33,26,0.0017529706432667085,0.00012214486198658392
component_30,component_26,29,25,0.0017493352755975603,0.00012214486198658392
component_53,component_38,52,37,0.001746445517716685,0.00012214486198658392
component_31,component_32,30,31,0.0017445338542288712,0.00012214486198658392
component_50,component_30,49,29,0.0017442427149178266,0.00012214486198658392
component_14,component_42,13,41,0.0017440687760692192,0.00012214486198658392
component_53,component_30,52,29,0.00173722263692181,0.00012214486198658392
component_34,component_42,33,41,0.001736920572252872,0.00012214486198658392
component_57,component_26,56,25,0.0017332977340870086,0.00012214486198658392
component_14,component_47,13,46,0.0017330310175704409,0.00012214486198658392
component_49,component_39,48,38,0.0017311808593017423,0.00012214486198658392
component_58,component_04,57,3,0.0017300040777040045,0.00012214486198658392
component_45,component_58,44,57,0.0017220266733087228,0.00012214486198658392
component_17,component_11,16,10,0.0017215111003473405,0.00012214486198658392
component_36,component_56,35,55,0.0017212777005733684,0.00012214486198658392
component_39,component_33,38,32,0.0017177034314829155,0.00012214486198658392
component_57,component_42,56,41,0.0017135925930996847,0.00012214486198658392
component_03,component_53,2,52,0.0017089805804209224,0.00012214486198658392
component_40,component_47,39,46,0.0017064822843356644,0.00012214486198658392
component_09,component_54,8,53,0.0017045152959528494,0.00012214486198658392
component_38,component_15,37,14,0.0016997783220038484,0.00012214486198658392
component_15,component_58,14,57,0.0016993370885552833,0.00012214486198658392
component_54,component_40,53,39,0.0016981391499491481,0.00012214486198658392
component_09,component_46,8,45,0.001697872118360875,0.00012214486198658392
component_47,component_30,46,29,0.0016958283260153327,0.00012214486198658392
component_29,component_04,28,3,0.0016948836873048809,0.00012214486198658392
component_56,component_21,55,20,0.0016871108388277155,0.00012214486198658392
component_29,component_13,28,12,0.0016864510215973386,0.00012214486198658392
component_09,component_59,8,58,0.0016858774657200054,0.00012214486198658392
component_28,component_25,27,24,0.0016833289973726797,0.00012214486198658392
component_17,component_09,16,8,0.0016798754681216386,0.00012214486198658392
component_19,component_51,18,50,0.0016785278739942194,0.00012214486198658392
component_57,component_55,56,54,0.0016768188092234932,0.00012214486198658392
component_48,component_55,47,54,0.001673345618234659,0.00012214486198658392
component_42,component_35,41,34,0.0016651429672131287,0.00012214486198658392
component_29,component_24,28,23,0.0016636058282177525,0.00012214486198658392
component_40,component_43,39,42,0.001662257422937596,0.00012214486198658392
component_48,component_26,47,25,0.0016616096053710338,0.00012214486198658392
component_08,component_45,7,44,0.001661065962888903,0.00012214486198658392
component_41,component_22,40,21,0.0016602025503674922,0.00012214486198658392
component_58,component_24,57,23,0.0016587910728614941,0.00012214486198658392
component_10,component_07,9,6,0.0016564067484047301,0.00012214486198658392
component_29,component_01,28,0,0.0016561252755836827,0.00012214486198658392
component_36,component_12,35,11,0.0016555256045366125,0.00012214486198658392
component_26,component_19,25,18,0.001648695353864032,0.00012214486198658392
component_21,component_25,20,24,0.0016474598525274473,0.00012214486198658392
component_02,component_43,1,42,0.0016462943504747022,0.00012214486198658392
component_10,component_40,9,39,0.0016461647174983967,0.00012214486198658392
component_05,component_32,4,31,0.0016431247082904041,0.00012214486198658392
component_07,component_09,6,8,0.0016426381045255912,0.00012214486198658392
component_10,component_46,9,45,0.0016402823446852019,0.00012214486198658392
component_28,component_30,27,29,0.0016390133937819558,0.00012214486198658392
component_41,component_52,40,51,0.0016370150602588087,0.00012214486198658392
component_13,component_10,12,9,0.0016345705554813225,0.00012214486198658392
component_01,component_48,0,47,0.0016334566702087758,0.00012214486198658392
component_28,component_18,27,17,0.0016318062539679465,0.00012214486198658392
component_38,component_36,37,35,0.0016317631291766018,0.00012214486198658392
component_57,component_41,56,40,0.001628749568448965,0.00012214486198658392
component_48,component_08,47,7,0.001627986168910819,0.00012214486198658392
component_05,component_54,4,53,0.0016251152453441416,0.00012214486198658392
component_09,component_03,8,2,0.0016191498412801192,0.00012214486198658392
component_60,component_44,59,43,0.0016128594770427299,0.00012214486198658392
component_43,component_24,42,23,0.0016102960421308125,0.00012214486198658392
component_28,component_12,27,11,0.0016073665723539505,0.00012214486198658392
component_04,component_38,3,37,0.0016065980755616044,0.00012214486198658392
component_48,component_16,47,15,0.0016065038436379846,0.00012214486198658392
component_32,component_01,31,0,0.0016057932710893535,0.00012214486198658392
component_34,component_22,33,21,0.001601697907169105,0.00012214486198658392
component_59,component_47,58,46,0.0016009839457655352,0.00012214486198658392
component_31,component_46,30,45,0.0015985708125460505,0.00012214486198658392
component_35,component_44,34,43,0.0015980961093751658,0.00012214486198658392
component_08,component_32,7,31,0.0015971086016847373,0.00012214486198658392
component_25,component_22,24,21,0.0015952438256461214,0.00012214486198658392
component_12,component_51,11,50,0.0015940894768119473,0.00012214486198658392
component_16,component_48,15,47,0.0015910010895332097,0.00012214486198658392
component_50,component_41,49,40,0.0015902400738911828,0.00012214486198658392
component_33,component_57,32,56,0.0015901911921660126,0.00012214486198658392
component_57,component_38,56,37,0.001580319040777597,0.00012214486198658392
component_60,component_49,59,48,0.0015794127423207306,0.00012214486198658392
component_52,component_15,51,14,0.0015778106644842467,0.00012214486198658392
component_58,component_37,57,36,0.0015722067085478793,0.00012214486198658392
component_29,component_09,28,8,0.001564141617265944,0.00012214486198658392
component_22,component_11,21,10,0.0015622105362273716,0.00012214486198658392
component_08,component_04,7,3,0.0015580012570334224,0.00012214486198658392
component_22,component_42,21,41,0.0015554481142175509,0.00012214486198658392
component_21,component_30,20,29,0.0015523537493012188,0.00012214486198658392
component_18,component_17,17,16,0.001550359466319089,0.00012214486198658392
component_21,component_49,20,48,0.0015473714775994356,0.00012214486198658392
component_26,component_51,25,50,0.001544917952431525,0.00012214486198658392
component_54,component_39,53,38,0.0015446551917597372,0.00012214486198658392
component_34,component_49,33,48,0.0015432286525638064,0.00012214486198658392
component_53,component_06,52,5,0.0015425564117694064,0.00012214486198658392
component_58,component_17,57,16,0.0015397546629849698,0.00012214486198658392
component_01,component_43,0,42,0.001535237831249421,0.00012214486198658392
component_32,component_18,31,17,0.001527694870312809,0.00012214486198658392
component_48,component_45,47,44,0.001525886082063084,0.00012214486198658392
component_45,component_12,44,11,0.0015214063035884793,0.00012214486198658392
component_53,component_43,52,42,0.0015161186528515067,0.00012214486198658392
component_24,component_58,23,57,0.0015155702392964801,0.00012214486198658392
component_01,component_06,0,5,0.0015138131014125682,0.00012214486198658392
component_22,component_10,21,9,0.0015130737869401163,0.00012214486198658392
component_24,component_11,23,10,0.0015127699633398339,0.00012214486198658392
component_29,component_52,28,51,0.001510831141514995,0.00012214486198658392
component_29,component_44,28,43,0.0015104240313757633,0.00012214486198658392
component_09,component_29,8,28,0.0015079810180220288,0.00012214486198658392
component_32,component_09,31,8,0.0015004118789402408,0.00012214486198658392
component_55,component_19,54,18,0.0014995378473373214,0.00012214486198658392
component_50,component_12,49,11,0.001499439589133504,0.00012214486198658392
component_29,component_47,28,46,0.0014991864583292222,0.00012214486198658392
component_27,component_05,26,4,0.0014972005973177822,0.00012214486198658392
component_60,component_42,59,41,0.0014897099792753636,0.00012214486198658392
component_42,component_27,41,26,0.001488438400010699,0.00012214486198658392
component_52,component_21,51,20,0.0014839025732346226,0.00012214486198658392
component_25,component_45,24,44,0.0014818744883788792,0.00012214486198658392
component_12,component_18,11,17,0.001481639259616384,0.00012214486198658392
component_51,component_23,50,22,0.0014809816679905471,0.00012214486198658392
component_04,component_55,3,54,0.0014801999254784788,0.00012214486198658392
component_53,component_15,52,14,0.0014801673210321556,0.00012214486198658392
component_37,component_40,36,39,0.0014791861572546164,0.00012214486198658392
component_53,component_33,52,32,0.0014760644039321972,0.00012214486198658392
component_26,component_12,25,11,0.001474947110547398,0.00012214486198658392
component_19,component_60,18,59,0.0014726616295009617,0.00012214486198658392
component_60,component_40,59,39,0.001471148932975723,0.00012214486198658392
component_14,component_10,13,9,0.0014692414517695942,0.00012214486198658392
component_21,component_60,20,59,0.0014684362985046063,0.00012214486198658392
component_38,component_45,37,44,0.0014681090708465092,0.00012214486198658392
component_11,component_24,10,23,0.0014671310475775827,0.00012214486198658392
component_54,component_53,53,52,0.0014634624947943797,0.00012214486198658392
component_17,component_60,16,59,0.0014618820292591843,0.00012214486198658392
component_13,component_48,12,47,0.0014600375841230199,0.00012214486198658392
component_27,component_58,26,57,0.0014596295744017027,0.00012214486198658392
component_53,component_41,52,40,0.001458787972581928,0.00012214486198658392
component_46,component_22,45,21,0.0014434175790521086,0.00012214486198658392
component_33,component_09,32,8,0.0014430644433107917,0.00012214486198658392
component_07,component_46,6,45,0.0014416471191107743,0.00012214486198658392
component_50,component_48,49,47,0.001438884989752363,0.00012214486198658392
component_15,component_57,14,56,0.001438824723214271,0.00012214486198658392
component_31,component_02,30,1,0.001437896730697108,0.00012214486198658392
component_56,component_09,55,8,0.0014351372908299152,0.00012214486198658392
component_25,component_19,24,18,0.0014348058147507644,0.00012214486198658392
component_18,component_27,17,26,0.0014321147661503135,0.00012214486198658392
component_54,component_15,53,14,0.0014305360074988748,0.00012214486198658392
component_10,component_48,9,47,0.001419953533937026,0.00012214486198658392
component_22,component_55,21,54,0.0014187085002982515,0.00012214486198658392
component_58,component_60,57,59,0.0014175733885118625,0.00012214486198658392
component_12,component_41,11,40,0.0014170172844655499,0.00012214486198658392
component_45,component_09,44,8,0.001414940748036727,0.00012214486198658392
component_50,component_43,49,42,0.0014148306743075921,0.00012214486198658392
component_59,component_11,58,10,0.0014108102966819923,0.00012214486198658392
component_30,component_29,29,28,0.0014101193998215388,0.00012214486198658392
component_14,component_43,13,42,0.0014096558212306379,0.00012214486198658392
component_52,component_46,51,45,0.0014078442075304782,0.00012214486198658392
component_45,component_24,44,23,0.0014066249660608173,0.00012214486198658392
component_46,component_57,45,56,0.0014045786757249244,0.00012214486198658392
component_36,component_22,35,21,0.001404221644417657,0.00012214486198658392
component_40,component_28,39,27,0.0014020833654247336,0.00012214486198658392
component_26,component_60,25,59,0.0014015977737745111,0.00012214486198658392
component_58,component_06,57,5,0.0014014872097399243,0.00012214486198658392
component_24,component_25,23,24,0.0013968248172801432,0.00012214486198658392
component_57,component_19,56,18,0.0013959968580061278,0.00012214486198658392
component_08,component_30,7,29,0.001394538051108184,0.00012214486198658392
component_44,component_56,43,55,0.0013938179414008638,0.00012214486198658392
component_05,component_09,4,8,0.0013934674608625335,0.00012214486198658392
component_12,component_02,11,1,0.0013918249221967541,0.00012214486198658392
component_48,component_57,47,56,0.0013906799823699455,0.00012214486198658392
component_27,component_19,26,18,0.0013881050613691072,0.00012214486198658392
component_23,component_19,22,18,0.001388071971638221,0.00012214486198658392
component_15,component_24,14,23,0.0013873966266058889,0.00012214486198658392
component_07,component_48,6,47,0.0013867686750510134,0.00012214486198658392
component_23,component_31,22,30,0.0013857800927757993,0.00012214486198658392
component_27,component_43,26,42,0.0013841243175758437,0.00012214486198658392
component_48,component_22,47,21,0.0013826545156149055,0.00012214486198658392
component_35,component_13,34,12,0.001375390973734649,0.00012214486198658392
component_09,component_22,8,21,0.0013748067227470485,0.00012214486198658392
component_49,component_16,48,15,0.0013728204419888362,0.00012214486198658392
component_58,component_19,57,18,0.00136555365115207,0.00012214486198658392
component_03,component_17,2,16,0.0013608237865495893,0.00012214486198658392
component_14,component_58,13,57,0.001357955781491242,0.00012214486198658392
component_45,component_14,44,13,0.001356703940326175,0.00012214486198658392
component_41,component_39,40,38,0.0013541044596570486,0.00012214486198658392
component_32,component_02,31,1,0.0013532662818380261,0.00012214486198658392
component_43,component_37,42,36,0.0013529642741735598,0.00012214486198658392
component_25,component_33,24,32,0.0013508103343610467,0.00012214486198658392
component_16,component_25,15,24,0.001349779308449982,0.00012214486198658392
component_30,component_21,29,20,0.0013489143780125979,0.00012214486198658392
component_04,component_13,3,12,0.0013474470304703442,0.00012214486198658392
component_19,component_56,18,55,0.0013470466976477037,0.00012214486198658392
component_07,component_45,6,44,0.0013462461638279583,0.00012214486198658392
component_58,component_18,57,17,0.0013436520158478414,0.00012214486198658392
component_43,component_56,42,55,0.001339971266773438,0.00012214486198658392
component_46,component_53,45,52,0.0013354287604334283,0.00012214486198658392
component_14,component_60,13,59,0.0013331058395191007,0.00012214486198658392
component_19,component_29,18,28,0.001328539768100045,0.00012214486198658392
component_08,component_12,7,11,0.0013274844763830167,0.00012214486198658392
component_26,component_24,25,23,0.001326025881208518,0.00012214486198658392
component_10,component_12,9,11,0.0013204562143387874,0.00012214486198658392
component_14,component_28,13,27,0.0013194964345000259,0.00012214486198658392
component_06,component_34,5,33,0.0013188301342948621,0.00012214486198658392
component_02,component_11,1,10,0.0013144860021856,0.00012214486198658392
component_16,component_23,15,22,0.001313719675854338,0.00012214486198658392
component_20,component_43,19,42,0.0013119630370911903,0.00012214486198658392
component_03,component_32,2,31,0.0013108993419055105,0.00012214486198658392
component_51,component_08,50,7,0.0013054785059005763,0.00012214486198658392
component_47,component_07,46,6,0.0013047371693009739,0.00012214486198658392
component_19,component_47,18,46,0.0013042140346252828,0.00012214486198658392
component_09,component_20,8,19,0.0013037778093955951,0.00012214486198658392
component_06,component_45,5,44,0.0013008934260705805,0.00012214486198658392
component_27,component_51,26,50,0.001300186104247209,0.00012214486198658392
component_06,component_17,5,16,0.0012957357466896013,0.00012214486198658392
component_34,component_53,33,52,0.0012950953068212423,0.00012214486198658392
component_33,component_11,32,10,0.0012919260524768875,0.00012214486198658392
component_06,component_50,5,49,0.0012877326984687722,0.00012214486198658392
component_41,component_12,40,11,0.001287619769333748,0.00012214486198658392
component_03,component_52,2,51,0.001286701196673388,0.00012214486198658392
component_17,component_45,16,44,0.0012865630237586176,0.00012214486198658392
component_22,component_19,21,18,0.001283433859088319,0.00012214486198658392
component_38,component_21,37,20,0.0012824922237532769,0.00012214486198658392
component_47,component_08,46,7,0.0012799315215534775,0.00012214486198658392
component_31,component_22,30,21,0.0012794414790710206,0.00012214486198658392
component_03,component_47,2,46,0.0012769412301496122,0.00012214486198658392
component_05,component_30,4,29,0.0012759668721013032,0.00012214486198658392
component_34,component_08,33,7,0.0012717950717835214,0.00012214486198658392
component_13,component_29,12,28,0.0012716008990200668,0.00012214486198658392
component_42,component_17,41,16,0.0012708438371513446,0.00012214486198658392
component_48,component_52,47,51,0.0012691224525696971,0.00012214486198658392
component_35,component_04,34,3,0.001267961179699921,0.00012214486198658392
component_52,component_11,51,10,0.0012657915436775284,0.00012214486198658392
component_02,component_40,1,39,0.0012653589795278296,0.00012214486198658392
component_15,component_29,14,28,0.0012651911319861518,0.00012214486198658392
component_27,component_09,26,8,0.0012613714647986378,0.00012214486198658392
component_21,component_51,20,50,0.0012603353932476259,0.00012214486198658392
component_41,component_19,40,18,0.0012600971127774072,0.00012214486198658392
component_09,component_24,8,23,0.0012593748648620973,0.00012214486198658392
component_37,component_31,36,30,0.0012587040737952753,0.00012214486198658392
component_05,component_20,4,19,0.0012579427738907993,0.00012214486198658392
component_39,component_55,38,54,0.00125764636283235,0.00012214486198658392
component_24,component_35,23,34,0.0012572013696856054,0.00012214486198658392
component_39,component_32,38,31,0.0012554595017106717,0.00012214486198658392
component_16,component_55,15,54,0.0012552626915863202,0.00012214486198658392
component_46,component_34,45,33,0.0012507434280764754,0.00012214486198658392
component_11,component_14,10,13,0.001249987032028393,0.00012214486198658392
component_41,component_14,40,13,0.0012450998641262102,0.00012214486198658392
component_57,component_54,56,53,0.0012450426123289105,0.00012214486198658392
component_50,component_36,49,35,0.001244586213332065,0.00012214486198658392
component_39,component_21,38,20,0.0012434087801657175,0.00012214486198658392
component_54,component_05,53,4,0.0012408182900584988,0.00012214486198658392
component_47,component_26,46,25,0.0012407068967090558,0.00012214486198658392
component_20,component_28,19,27,0.001240300214740856,0.00012214486198658392
component_27,component_02,26,1,0.0012402498909560547,0.00012214486198658392
component_48,component_30,47,29,0.0012396375055641739,0.00012214486198658392
component_28,component_51,27,50,0.001236263625023279,0.00012214486198658392
component_07,component_49,6,48,0.0012361764158780367,0.00012214486198658392
component_38,component_49,37,48,0.0012298067102950757,0.00012214486198658392
component_26,component_01,25,0,0.001228297684115361,0.00012214486198658392
component_27,component_16,26,15,0.0012279989545581934,0.00012214486198658392
component_15,component_52,14,51,0.001226999756156675,0.00012214486198658392
component_09,component_14,8,13,0.0012245332161651534,0.00012214486198658392
component_56,component_37,55,36,0.0012239848341258717,0.00012214486198658392
component_27,component_39,26,38,0.001223604656054438,0.00012214486198658392
component_12,component_52,11,51,0.0012223371980763112,0.00012214486198658392
component_23,component_57,22,56,0.001217536205587671,0.00012214486198658392
component_12,component_26,11,25,0.0012168561313373224,0.00012214486198658392
component_31,component_33,30,32,0.0012129025908544388,0.00012214486198658392
component_02,component_44,1,43,0.0012112800135274026,0.00012214486198658392
component_10,component_51,9,50,0.0012109730830726303,0.00012214486198658392
component_49,component_57,48,56,0.001210823393027462,0.00012214486198658392
component_51,component_56,50,55,0.0012077950206832962,0.00012214486198658392
component_39,component_34,38,33,0.0012064649570152327,0.00012214486198658392
component_48,component_36,47,35,0.001203258363110372,0.00012214486198658392
component_29,component_18,28,17,0.0011971738140775857,0.00012214486198658392
component_18,component_49,17,48,0.0011965872174359684,0.00012214486198658392
component_46,component_21,45,20,0.00119261612989142,0.00012214486198658392
component_50,component_03,49,2,0.0011877893330566223,0.00012214486198658392
component_32,component_05,31,4,0.0011862201411049706,0.00012214486198658392
component_46,component_29,45,28,0.0011855808788893759,0.00012214486198658392
component_20,component_26,19,25,0.0011844591638554818,0.00012214486198658392
component_10,component_34,9,33,0.0011837110230179296,0.00012214486198658392
component_11,component_17,10,16,0.0011819450027578111,0.00012214486198658392
component_51,component_18,50,17,0.0011816093444410986,0.00012214486198658392
component_05,component_29,4,28,0.001181161385202835,0.00012214486198658392
component_49,component_19,48,18,0.0011798220798883306,0.00012214486198658392
component_59,component_49,58,48,0.0011786051260535694,0.00012214486198658392
component_33,component_53,32,52,0.0011767357859408726,0.00012214486198658392
component_32,component_07,31,6,0.0011766682908777371,0.00012214486198658392
component_02,component_55,1,54,0.001176401977708067,0.00012214486198658392
component_10,component_35,9,34,0.0011739394787681741,0.00012214486198658392
component_48,component_39,47,38,0.0011725982464951654,0.00012214486198658392
component_60,component_56,59,55,0.0011723270021795661,0.00012214486198658392
component_49,component_30,48,29,0.0011715877406637265,0.00012214486198658392
component_32,component_37,31,36,0.0011701948674747423,0.00012214486198658392
component_28,component_46,27,45,0.0011670745070195385,0.00012214486198658392
component_20,component_33,19,32,0.0011651502339756177,0.00012214486198658392
component_22,component_58,21,57,0.0011644376136057807,0.00012214486198658392
component_31,component_24,30,23,0.0011639225024373868,0.00012214486198658392
component_51,component_54,50,53,0.0011633742191661225,0.00012214486198658392
component_41,component_04,40,3,0.0011631902692743785,0.00012214486198658392
component_28,component_58,27,57,0.0011613034204929103,0.00012214486198658392
component_59,component_09,58,8,0.001159639923764943,0.00012214486198658392
component_13,component_35,12,34,0.0011583682161533321,0.00012214486198658392
component_15,component_28,14,27,0.0011517951922977421,0.00012214486198658392
component_33,component_21,32,20,0.001150381933309012,0.00012214486198658392
component_53,component_26,52,25,0.0011487743067713548,0.00012214486198658392
component_56,component_17,55,16,0.0011487322636744976,0.00012214486198658392
component_21,component_31,20,30,0.0011482800557115068,0.00012214486198658392
component_26,component_38,25,37,0.0011465376686442376,0.00012214486198658392
component_23,component_11,22,10,0.0011455141105589802,0.00012214486198658392
component_45,component_05,44,4,0.0011443454984823025,0.00012214486198658392
component_24,component_55,23,54,0.001139509772236346,0.00012214486198658392
component_34,component_20,33,19,0.0011376407567890122,0.00012214486198658392
component_20,component_57,19,56,0.0011352653232406537,0.00012214486198658392
component_07,component_22,6,21,0.0011341160892581188,0.00012214486198658392
component_39,component_10,38,9,0.0011328469239193322,0.00012214486198658392
component_06,component_25,5,24,0.0011325488493655468,0.00012214486198658392
component_52,component_60,51,59,0.0011320380989165496,0.00012214486198658392
component_15,component_20,14,19,0.0011292953036653483,0.00012214486198658392
component_11,component_27,10,26,0.0011276372559709431,0.00012214486198658392
component_45,component_36,44,35,0.0011220270630892296,0.00012214486198658392
component_31,component_52,30,51,0.00111961193463068,0.00012214486198658392
component_41,component_47,40,46,0.0011193910798089034,0.00012214486198658392
component_16,component_04,15,3,0.0011128460252798277,0.00012214486198658392
component_19,component_13,18,12,0.0011118564003236135,0.00012214486198658392
component_02,component_20,1,19,0.0011093356014909136,0.00012214486198658392
component_22,component_24,21,23,0.001109043804072802,0.00012214486198658392
component_18,component_04,17,3,0.0011085391115941861,0.00012214486198658392
component_39,component_27,38,26,0.001107729052099005,0.00012214486198658392
component_43,component_25,42,24,0.0011061170248466007,0.00012214486198658392
component_32,component_56,31,55,0.0011036068255661886,0.00012214486198658392
component_19,component_31,18,30,0.0011034415391916437,0.00012214486198658392
component_21,component_50,20,49,0.0011008264830790352,0.00012214486198658392
component_10,component_25,9,24,0.0011001247604103615,0.00012214486198658392
component_06,component_33,5,32,0.0010973843542126972,0.00012214486198658392
component_53,component_02,52,1,0.00109714395578872,0.00012214486198658392
component_32,component_04,31,3,0.0010962141600004863,0.00012214486198658392
component_38,component_17,37,16,0.0010935208318905891,0.00012214486198658392
component_57,component_46,56,45,0.0010917558042015409,0.00012214486198658392
component_14,component_05,13,4,0.0010901031425422378,0.00012214486198658392
component_19,component_55,18,54,0.001089404225767185,0.00012214486198658392
component_40,component_18,39,17,0.0010859962364257085,0.00012214486198658392
component_19,component_01,18,0,0.0010794078877040352,0.00012214486198658392
component_16,component_57,15,56,0.0010791746656159272,0.00012214486198658392
component_53,component_28,52,27,0.0010723479030257622,0.00012214486198658392
component_35,component_58,34,57,0.001071976131191523,0.00012214486198658392
component_48,component_15,47,14,0.0010710284865603173,0.00012214486198658392
component_13,component_26,12,25,0.001071012368611112,0.00012214486198658392
component_34,component_06,33,5,0.0010700153017998847,0.00012214486198658392
component_60,component_02,59,1,0.00106751827408813,0.00012214486198658392
component_14,component_34,13,33,0.001062033234830499,0.00012214486198658392
component_24,component_42,23,41,0.001061511966241133,0.00012214486198658392
component_28,component_55,27,54,0.0010604076985820635,0.00012214486198658392
component_12,component_40,11,39,0.0010586604999128439,0.00012214486198658392
component_07,component_28,6,27,0.0010584578458787308,0.00012214486198658392
component_47,component_31,46,30,0.001054808544702253,0.00012214486198658392
component_20,component_31,19,30,0.001052403758724165,0.00012214486198658392
component_21,component_05,20,4,0.001051525347566397,0.00012214486198658392
component_31,component_15,30,14,0.0010480064161850992,0.00012214486198658392
component_09,component_56,8,55,0.0010462644729487334,0.00012214486198658392
component_10,component_32,9,31,0.0010454641020944365,0.00012214486198658392
component_34,component_43,33,42,0.0010438765616591255,0.00012214486198658392
component_32,component_39,31,38,0.0010415460298306657,0.00012214486198658392
component_22,component_29,21,28,0.0010412180105807472,0.00012214486198658392
component_59,component_33,58,32,0.0010396114059301417,0.00012214486198658392
component_59,component_16,58,15,0.0010369529732887125,0.00012214486198658392
component_18,component_21,17,20,0.0010354222064237642,0.00012214486198658392
component_39,component_08,38,7,0.0010343436888933146,0.00012214486198658392
component_55,component_24,54,23,0.0010283714384601425,0.00012214486198658392
component_28,component_07,27,6,0.0010277636276049356,0.00012214486198658392
component_31,component_29,30,28,0.0010276763798703456,0.00012214486198658392
component_17,component_18,16,17,0.0010271392769361852,0.00012214486198658392
component_18,component_11,17,10,0.0010265921736439267,0.00012214486198658392
component_24,component_54,23,53,0.0010238686097814424,0.00012214486198658392
component_31,component_28,30,27,0.001022348245833122,0.00012214486198658392
component_08,component_53,7,52,0.0010215380608715684,0.00012214486198658392
component_55,component_36,54,35,0.0010210934691247617,0.00012214486198658392
component_31,component_20,30,19,0.0010198995408360594,0.00012214486198658392
component_58,component_20,57,19,0.0010198313129685932,0.00012214486198658392
component_51,component_07,50,6,0.0010172651594346658,0.00012214486198658392
component_43,component_12,42,11,0.0010165243297691898,0.00012214486198658392
component_19,component_26,18,25,0.0010160962082990375,0.00012214486198658392
component_25,component_57,24,56,0.0010156769932179613,0.00012214486198658392
component_57,component_10,56,9,0.0010136401225648228,0.00012214486198658392
component_59,component_40,58,39,0.0010122808591090018,0.00012214486198658392
component_52,component_17,51,16,0.0010114614164730728,0.00012214486198658392
component_38,component_16,37,15,0.0010031975358925289,0.00012214486198658392
component_54,component_43,53,42,0.0010025421899866472,0.00012214486198658392
component_13,component_07,12,6,0.001002359832564165,0.00012214486198658392
component_36,component_04,35,3,0.0010017681294810202,0.00012214486198658392
component_50,component_10,49,9,0.0010008538956519546,0.00012214486198658392
component_42,component_45,41,44,0.001000099133591707,0.00012214486198658392
component_29,component_54,28,53,0.0009999187677524513,0.00012214486198658392
component_60,component_34,59,33,0.000996392918773218,0.00012214486198658392
component_32,component_27,31,26,0.0009961996931840563,0.00012214486198658392
component_09,component_28,8,27,0.0009952983117884184,0.00012214486198658392
component_28,component_33,27,32,0.0009936775621663583,0.00012214486198658392
component_46,component_42,45,41,0.000989513909121048,0.00012214486198658392
component_05,component_11,4,10,0.0009886918960290046,0.00012214486198658392
component_22,component_16,21,15,0.0009874158873758572,0.00012214486198658392
component_03,component_06,2,5,0.0009853312896059287,0.00012214486198658392
component_53,component_37,52,36,0.0009815830383601814,0.00012214486198658392
component_12,component_25,11,24,0.0009806680577399488,0.00012214486198658392
component_59,component_35,58,34,0.0009806260267985643,0.00012214486198658392
component_22,component_18,21,17,0.0009804664967315883,0.00012214486198658392
component_39,component_03,38,2,0.0009804134472861604,0.00012214486198658392
component_36,component_08,35,7,0.0009783240996053908,0.00012214486198658392
component_44,component_11,43,10,0.0009779236247810985,0.00012214486198658392
component_19,component_07,18,6,0.000976966906394924,0.00012214486198658392
component_35,component_57,34,56,0.0009744527422910656,0.00012214486198658392
component_27,component_29,26,28,0.0009733224964345386,0.00012214486198658392
component_06,component_04,5,3,0.0009688229464716395,0.00012214486198658392
component_17,component_48,16,47,0.0009656335828446096,0.00012214486198658392
component_38,component_23,37,22,0.0009652994189100483,0.00012214486198658392
component_01,component_60,0,59,0.000964011243608036,0.00012214486198658392
component_40,component_14,39,13,0.0009624833424522234,0.00012214486198658392
component_03,component_21,2,20,0.0009622719929908175,0.00012214486198658392
component_33,component_30,32,29,0.0009616916834899168,0.00012214486198658392
component_19,component_35,18,34,0.0009603434369024016,0.00012214486198658392
component_03,component_59,2,58,0.0009580837132184893,0.00012214486198658392
component_11,component_58,10,57,0.0009560610227975677,0.00012214486198658392
component_34,component_41,33,40,0.0009544592906330912,0.00012214486198658392
component_55,component_58,54,57,0.0009462843352048696,0.00012214486198658392
component_54,component_01,53,0,0.0009455103910305482,0.00012214486198658392
component_07,component_44,6,43,0.0009449047039077035,0.00012214486198658392
component_31,component_35,30,34,0.0009441676197396396,0.00012214486198658392
component_07,component_60,6,59,0.0009436260520317653,0.00012214486198658392
component_27,component_24,26,23,0.0009428329943053788,0.00012214486198658392
component_19,component_11,18,10,0.0009427577316854262,0.00012214486198658392
component_44,component_52,43,51,0.000942648969556179,0.00012214486198658392
component_32,component_31,31,30,0.0009416343075453281,0.00012214486198658392
component_23,component_51,22,50,0.0009369024933603715,0.00012214486198658392
component_14,component_39,13,38,0.0009364486172091462,0.00012214486198658392
component_20,component_04,19,3,0.0009362828283130815,0.00012214486198658392
component_08,component_22,7,21,0.0009345679187444456,0.00012214486198658392
component_04,component_06,3,5,0.0009290671512660466,0.00012214486198658392
component_20,component_14,19,13,0.0009286783478358459,0.00012214486198658392
component_27,component_55,26,54,0.0009254104183986384,0.00012214486198658392
component_45,component_17,44,16,0.0009227939217908091,0.00012214486198658392
component_03,component_34,2,33,0.0009216402610902273,0.00012214486198658392
component_29,component_48,28,47,0.0009214715692837264,0.00012214486198658392
component_51,component_37,50,36,0.000920739448170241,0.00012214486198658392
component_10,component_05,9,4,0.0009174133123570644,0.00012214486198658392
component_40,component_42,39,41,0.0009166081259024167,0.00012214486198658392
component_16,component_56,15,55,0.0009137780584716555,0.00012214486198658392
component_43,component_29,42,28,0.0009122966046999275,0.00012214486198658392
component_51,component_34,50,33,0.000911100000896859,0.00012214486198658392
component_55,component_47,54,46,0.0009096730659474864,0.00012214486198658392
component_39,component_38,38,37,0.000907938729976206,0.00012214486198658392
component_11,component_60,10,59,0.0009077725381950166,0.00012214486198658392
component_23,component_01,22,0,0.0009058822138154771,0.00012214486198658392
component_52,component_30,51,29,0.0008977566642517947,0.00012214486198658392
component_09,component_37,8,36,0.0008958118794002872,0.00012214486198658392
component_58,component_08,57,7,0.0008956213184598923,0.00012214486198658392
component_26,component_45,25,44,0.0008915736650337205,0.00012214486198658392
component_18,component_31,17,30,0.0008881468974194996,0.00012214486198658392
component_34,component_38,33,37,0.0008854148435301018,0.00012214486198658392
component_12,component_20,11,19,0.0008853163988446538,0.00012214486198658392
component_58,component_28,57,27,0.0008831442135826173,0.00012214486198658392
component_55,component_53,54,52,0.0008809160232770421,0.00012214486198658392
component_45,component_26,44,25,0.0008786192775274693,0.00012214486198658392
component_33,component_47,32,46,0.0008783721703611948,0.00012214486198658392
component_07,component_36,6,35,0.0008781510931193568,0.00012214486198658392
component_05,component_35,4,34,0.0008760459201272575,0.00012214486198658392
component_20,component_18,19,17,0.0008750741171494173,0.00012214486198658392
component_12,component_54,11,53,0.0008728905386211595,0.00012214486198658392
component_23,component_32,22,31,0.0008728510596180926,0.00012214486198658392
component_17,component_13,16,12,0.000870110790441962,0.00012214486198658392
component_50,component_33,49,32,0.0008661295625051611,0.00012214486198658392
component_26,component_07,25,6,0.0008642162755614496,0.00012214486198658392
component_52,component_28,51,27,0.0008617903276750431,0.00012214486198658392
component_58,component_55,57,54,0.0008569596037928401,0.00012214486198658392
component_39,component_06,38,5,0.0008555926065671818,0.00012214486198658392
component_04,component_41,3,40,0.0008537470161238897,0.00012214486198658392
component_48,component_23,47,22,0.0008509821625781075,0.00012214486198658392
component_58,component_21,57,20,0.0008505953430203672,0.00012214486198658392
component_11,component_12,10,11,0.0008504714156191461,0.00012214486198658392
component_40,component_39,39,38,0.0008503501467139553,0.00012214486198658392
component_52,component_12,51,11,0.0008496297616291802,0.00012214486198658392
component_36,component_53,35,52,0.0008479731960017495,0.00012214486198658392
component_40,component_02,39,1,0.0008471472718720935,0.00012214486198658392
component_49,component_54,48,53,0.0008455479117605311,0.00012214486198658392
component_01,component_16,0,15,0.0008452555841997775,0.00012214486198658392
component_40,component_12,39,11,0.0008418282280205388,0.00012214486198658392
component_38,component_43,37,42,0.0008416910285735143,0.00012214486198658392
component_22,component_39,21,38,0.0008416741072185572,0.00012214486198658392
component_30,component_36,29,35,0.000839810055807209,0.00012214486198658392
component_35,component_09,34,8,0.0008393754426384884,0.00012214486198658392
component_09,component_38,8,37,0.000838295645745708,0.00012214486198658392
component_14,component_33,13,32,0.0008358377413617794,0.00012214486198658392
component_55,component_30,54,29,0.0008358139910700365,0.00012214486198658392
component_59,component_31,58,30,0.000834372487254173,0.00012214486198658392
component_37,component_19,36,18,0.0008321758163806566,0.00012214486198658392
component_29,component_55,28,54,0.0008321362763228824,0.00012214486198658392
component_31,component_60,30,59,0.000831036119876809,0.00012214486198658392
component_33,component_26,32,25,0.0008293926209861993,0.00012214486198658392
component_60,component_36,59,35,0.0008291079932095701,0.00012214486198658392
component_48,component_46,47,45,0.000827077977511788,0.00012214486198658392
component_50,component_04,49,3,0.0008270495343298317,0.00012214486198658392
component_32,component_03,31,2,0.0008252497314388408,0.00012214486198658392
component_60,component_31,59,30,0.0008246067048789724,0.00012214486198658392
component_44,component_33,43,32,0.0008230296384596067,0.00012214486198658392
component_34,component_30,33,29,0.0008219192375061799,0.00012214486198658392
component_35,component_18,34,17,0.0008213652057002712,0.00012214486198658392
component_36,component_39,35,38,0.0008199051290246329,0.00012214486198658392
component_42,component_10,41,9,0.0008176379841496642,0.00012214486198658392
component_55,component_42,54,41,0.0008171647747275382,0.00012214486198658392
component_33,component_04,32,3,0.0008157042429621072,0.00012214486198658392
component_13,component_30,12,29,0.0008138435811905165,0.00012214486198658392
component_44,component_25,43,24,0.0008126639094620868,0.00012214486198658392
component_12,component_57,11,56,0.0008122244606084954,0.00012214486198658392
component_07,component_15,6,14,0.0008119181282287616,0.00012214486198658392
component_39,component_41,38,40,0.0008097493007771596,0.00012214486198658392
component_31,component_04,30,3,0.0008073887600098355,0.00012214486198658392
component_33,component_54,32,53,0.0008061652157707556,0.00012214486198658392
component_29,component_10,28,9,0.000803887386846126,0.00012214486198658392
component_07,component_52,6,51,0.0008030859952067996,0.00012214486198658392
component_56,component_55,55,54,0.0007977607486589749,0.00012214486198658392
component_29,component_30,28,29,0.0007960959760565597,0.00012214486198658392
component_31,component_43,30,42,0.0007953768221567746,0.00012214486198658392
component_05,component_47,4,46,0.0007945810558539539,0.00012214486198658392
component_06,component_22,5,21,0.0007927201704936836,0.00012214486198658392
component_13,component_41,12,40,0.0007909298947046548,0.00012214486198658392
component_17,component_04,16,3,0.0007906174587628908,0.00012214486198658392
component_38,component_39,37,38,0.0007863107581205143,0.00012214486198658392
component_58,component_59,57,58,0.0007854879296220895,0.00012214486198658392
component_56,component_39,55,38,0.0007841064789409095,0.00012214486198658392
component_40,component_38,39,37,0.0007837680235578684,0.00012214486198658392
component_44,component_12,43,11,0.0007831000214477752,0.00012214486198658392
component_34,component_36,33,35,0.0007807030634909691,0.00012214486198658392
component_34,component_02,33,1,0.0007789415668384771,0.00012214486198658392
component_52,component_35,51,34,0.0007750584437868777,0.00012214486198658392
component_35,component_24,34,23,0.0007748937143448839,0.00012214486198658392
component_10,component_56,9,55,0.0007743481251231864,0.00012214486198658392
component_29,component_16,28,15,0.000773202908939147,0.00012214486198658392
component_31,component_17,30,16,0.0007711429312560406,0.00012214486198658392
component_11,component_55,10,54,0.0007655835596728786,0.00012214486198658392
component_39,component_48,38,47,0.0007649829919223883,0.00012214486198658392
component_40,component_55,39,54,0.0007644932109883756,0.00012214486198658392
component_59,component_15,58,14,0.0007623134796890269,0.00012214486198658392
component_30,component_11,29,10,0.0007613828850541729,0.00012214486198658392
component_44,component_23,43,22,0.000760727704126167,0.00012214486198658392
component_24,component_45,23,44,0.0007601219188115926,0.00012214486198658392
component_20,component_56,19,55,0.000759791303018427,0.00012214486198658392
component_08,component_36,7,35,0.0007594788485337648,0.00012214486198658392
component_30,component_35,29,34,0.0007593809270466573,0.00012214486198658392
component_45,component_18,44,17,0.0007585716717073516,0.00012214486198658392
component_29,component_42,28,41,0.0007582836812996684,0.00012214486198658392
component_18,component_09,17,8,0.0007580453478477533,0.00012214486198658392
component_23,component_39,22,38,0.0007565687905158327,0.00012214486198658392
component_34,component_24,33,23,0.0007540346954652897,0.00012214486198658392
component_16,component_59,15,58,0.0007525481091143398,0.00012214486198658392
component_18,component_36,17,35,0.0007510617389526971,0.00012214486198658392
component_06,component_43,5,42,0.0007501096821625915,0.00012214486198658392
component_38,component_25,37,24,0.0007495606126892436,0.00012214486198658392
component_51,component_02,50,1,0.0007491487427038906,0.00012214486198658392
component_17,component_51,16,50,0.0007477512124596283,0.00012214486198658392
component_48,component_33,47,32,0.0007476309551708708,0.00012214486198658392
component_56,component_42,55,41,0.0007403644297072334,0.00012214486198658392
component_29,component_25,28,24,0.0007394714972443781,0.00012214486198658392
component_59,component_14,58,13,0.0007388827650278091,0.00012214486198658392
component_27,component_01,26,0,0.000735859825541154,0.00012214486198658392
component_40,component_44,39,43,0.0007351371408678394,0.00012214486198658392
component_50,component_58,49,57,0.0007324391315097927,0.00012214486198658392
component_33,component_41,32,40,0.0007317831514316367,0.00012214486198658392
component_05,component_37,4,36,0.0007312297272582297,0.00012214486198658392
component_38,component_44,37,43,0.0007283917943949448,0.00012214486198658392
component_35,component_51,34,50,0.0007283819483578064,0.00012214486198658392
component_12,component_33,11,32,0.000726573383295641,0.00012214486198658392
component_38,component_05,37,4,0.0007256898484385611,0.00012214486198658392
component_15,component_04,14,3,0.0007238858101140187,0.00012214486198658392
component_54,component_16,53,15,0.0007238649099518317,0.00012214486198658392
component_36,component_17,35,16,0.0007229183439194653,0.00012214486198658392
component_58,component_40,57,39,0.0007227439997385488,0.00012214486198658392
component_02,component_10,1,9,0.0007209469891788603,0.00012214486198658392
component_26,component_50,25,49,0.0007172472064082664,0.00012214486198658392
component_53,component_54,52,53,0.0007116477214009695,0.00012214486198658392
component_13,component_11,12,10,0.0007115309428662554,0.00012214486198658392
component_33,component_58,32,57,0.0007102415326028269,0.00012214486198658392
component_42,component_41,41,40,0.0007102401721455644,0.00012214486198658392
component_04,component_24,3,23,0.0007082694770389852,0.00012214486198658392
component_47,component_40,46,39,0.0007071704258885018,0.00012214486198658392
component_60,component_45,59,44,0.0007047396842261175,0.00012214486198658392
component_08,component_24,7,23,0.0007045967485973987,0.00012214486198658392
component_04,component_47,3,46,0.0007041764391970073,0.00012214486198658392
component_32,component_40,31,39,0.0007027422108396653,0.00012214486198658392
component_03,component_37,2,36,0.0007027382845613158,0.00012214486198658392
component_56,component_24,55,23,0.000702143169675228,0.00012214486198658392
component_17,component_07,16,6,0.0007019294781887817,0.00012214486198658392
component_41,component_51,40,50,0.0006987289185344163,0.00012214486198658392
component_23,component_27,22,26,0.0006959526591315192,0.00012214486198658392
component_52,component_54,51,53,0.0006931425394013479,0.00012214486198658392
component_21,component_01,20,0,0.0006927595444288425,0.00012214486198658392
component_05,component_19,4,18,0.0006920384760602379,0.00012214486198658392
component_19,component_25,18,24,0.0006893821555852297,0.00012214486198658392
component_30,component_59,29,58,0.0006882535511211548,0.00012214486198658392
component_51,component_30,50,29,0.000685998465860877,0.00012214486198658392
component_22,component_51,21,50,0.0006839149790197493,0.00012214486198658392
component_27,component_08,26,7,0.0006828522380743547,0.00012214486198658392
component_35,component_53,34,52,0.00068052974300401,0.00012214486198658392
component_01,component_31,0,30,0.0006766550754271536,0.00012214486198658392
component_19,component_48,18,47,0.0006750663411498487,0.00012214486198658392
component_08,component_16,7,15,0.0006739732672089598,0.00012214486198658392
component_47,component_37,46,36,0.0006730925731588181,0.00012214486198658392
component_55,component_60,54,59,0.0006729079696257616,0.00012214486198658392
component_19,component_33,18,32,0.0006713087611230927,0.00012214486198658392
component_50,component_46,49,45,0.000668062339658197,0.00012214486198658392
component_01,component_18,0,17,0.0006662112994201064,0.00012214486198658392
component_14,component_08,13,7,0.00066510512663343,0.00012214486198658392
component_49,component_48,48,47,0.0006644632137281637,0.00012214486198658392
component_03,component_02,2,1,0.000663539592658957,0.00012214486198658392
component_50,component_27,49,26,0.0006614368666205998,0.00012214486198658392
component_59,component_58,58,57,0.0006573151844202992,0.00012214486198658392
component_02,component_52,1,51,0.0006572095306027744,0.00012214486198658392
component_60,component_43,59,42,0.0006568649465676773,0.00012214486198658392
component_50,component_42,49,41,0.0006557042415400281,0.00012214486198658392
component_44,component_49,43,48,0.0006535206823281479,0.00012214486198658392
component_50,component_15,49,14,0.0006521844068349,0.00012214486198658392
component_38,component_60,37,59,0.0006518390344944776,0.00012214486198658392
component_59,component_13,58,12,0.0006504725508436549,0.00012214486198658392
component_27,component_12,26,11,0.0006496896939053253,0.00012214486198658392
component_35,component_40,34,39,0.0006488327674093948,0.00012214486198658392
component_41,component_43,40,42,0.0006488125462778924,0.00012214486198658392
component_11,component_06,10,5,0.0006477450035865758,0.00012214486198658392
component_57,component_60,56,59,0.0006470573571294006,0.00012214486198658392
component_42,component_23,41,22,0.0006464798327668185,0.00012214486198658392
component_45,component_46,44,45,0.0006398591072654097,0.00012214486198658392
component_42,component_16,41,15,0.0006389818138969719,0.00012214486198658392
component_27,component_13,26,12,0.0006381330610331572,0.00012214486198658392
component_57,component_36,56,35,0.0006361420333680367,0.00012214486198658392
component_03,component_40,2,39,0.000635679946904361,0.00012214486198658392
component_51,component_04,50,3,0.0006354644509082836,0.00012214486198658392
component_18,component_35,17,34,0.0006352645824753975,0.00012214486198658392
component_15,component_51,14,50,0.0006345922459863838,0.00012214486198658392
component_11,component_59,10,58,0.0006317241835290539,0.00012214486198658392
component_08,component_49,7,48,0.0006298490141771096,0.00012214486198658392
component_18,component_54,17,53,0.0006293456035949978,0.00012214486198658392
component_10,component_17,9,16,0.0006291228584677907,0.00012214486198658392
component_41,component_09,40,8,0.0006287304469228232,0.00012214486198658392
component_29,component_22,28,21,0.00062673977663789,0.00012214486198658392
component_26,component_29,25,28,0.0006261714708311745,0.00012214486198658392
component_30,component_10,29,9,0.0006256047045424653,0.00012214486198658392
component_58,component_49,57,48,0.000623880964840997,0.00012214486198658392
component_26,component_05,25,4,0.0006238096666657427,0.00012214486198658392
component_37,component_25,36,24,0.00062234062085209,0.00012214486198658392
component_34,component_45,33,44,0.000617885039267172,0.00012214486198658392
component_53,component_50,52,49,0.0006144320823490184,0.00012214486198658392
component_29,component_46,28,45,0.0006139227003637117,0.00012214486198658392
component_59,component_22,58,21,0.0006136883933981548,0.00012214486198658392
component_41,component_15,40,14,0.0006079791034490533,0.00012214486198658392
component_17,component_50,16,49,0.0006064966054656764,0.00012214486198658392
component_24,component_16,23,15,0.0006034564308621836,0.00012214486198658392
component_37,component_48,36,47,0.0006023641325948059,0.00012214486198658392
component_17,component_01,16,0,0.0006023411939148383,0.00012214486198658392
component_21,component_09,20,8,0.000599870149866734,0.00012214486198658392
component_20,component_05,19,4,0.0005981713383189319,0.00012214486198658392
component_19,component_46,18,45,0.0005949535050534903,0.00012214486198658392
component_31,component_26,30,25,0.0005948153259650274,0.00012214486198658392
component_41,component_37,40,36,0.0005945300339622919,0.00012214486198658392
component_29,component_28,28,27,0.0005931713728261625,0.00012214486198658392
component_08,component_05,7,4,0.0005930827429416096,0.00012214486198658392
component_48,component_10,47,9,0.0005916308952873962,0.00012214486198658392
component_20,component_03,19,2,0.0005904579681728846,0.00012214486198658392
component_29,component_26,28,25,0.0005882227475191531,0.00012214486198658392
component_24,component_40,23,39,0.000588041901580213,0.00012214486198658392
component_48,component_29,47,28,0.0005878919949840874,0.00012214486198658392
component_34,component_46,33,45,0.0005865978090231939,0.00012214486198658392
component_45,component_49,44,48,0.0005863623413837414,0.00012214486198658392
component_39,component_19,38,18,0.0005862234924683879,0.00012214486198658392
component_56,component_57,55,56,0.0005851499288198456,0.00012214486198658392
component_48,component_34,47,33,0.0005827631892614391,0.00012214486198658392
component_56,component_14,55,13,0.0005815624066636577,0.00012214486198658392
component_52,component_29,51,28,0.0005807727984420945,0.00012214486198658392
component_34,component_01,33,0,0.0005807133903160676,0.00012214486198658392
component_32,component_22,31,21,0.0005805966416254252,0.00012214486198658392
component_02,component_09,1,8,0.0005801927768928107,0.00012214486198658392
component_12,component_55,11,54,0.0005797981413809446,0.00012214486198658392
component_24,component_28,23,27,0.0005795030396551314,0.00012214486198658392
component_32,component_34,31,33,0.0005749495326330244,0.00012214486198658392
component_36,component_07,35,6,0.0005749418996535767,0.00012214486198658392
component_35,component_08,34,7,0.0005743424410911638,0.00012214486198658392
component_51,component_49,50,48,0.000574024390916657,0.00012214486198658392
component_38,component_24,37,23,0.000573205889392405,0.00012214486198658392
component_28,component_03,27,2,0.0005712262152432622,0.00012214486198658392
component_52,component_55,51,54,0.0005709812121030952,0.00012214486198658392
component_18,component_42,17,41,0.0005706020203945128,0.00012214486198658392
component_23,component_58,22,57,0.0005698157974395324,0.00012214486198658392
component_29,component_27,28,26,0.000569768343043216,0.00012214486198658392
component_34,component_58,33,57,0.0005681018411211312,0.00012214486198658392
component_22,component_48,21,47,0.0005666641304190537,0.00012214486198658392
component_41,component_58,40,57,0.000564380773019504,0.00012214486198658392
component_14,component_41,13,40,0.0005621408529687713,0.00012214486198658392
component_12,component_36,11,35,0.0005617249730476644,0.00012214486198658392
component_14,component_46,13,45,0.0005609103095367614,0.00012214486198658392
component_49,component_18,48,17,0.0005601261666227312,0.00012214486198658392
component_14,component_18,13,17,0.0005592551847032521,0.00012214486198658392
component_60,component_27,59,26,0.0005586303777933151,0.00012214486198658392
component_41,component_20,40,19,0.0005584719974126409,0.00012214486198658392
component_49,component_15,48,14,0.0005583323896011783,0.00012214486198658392
component_18,component_41,17,40,0.0005568708597480621,0.00012214486198658392
component_28,component_14,27,13,0.0005567726142511643,0.00012214486198658392
component_49,component_24,48,23,0.0005563604972022521,0.00012214486198658392
component_55,component_11,54,10,0.0005528876203586571,0.00012214486198658392
component_10,component_16,9,15,0.0005527812727466587,0.00012214486198658392
component_39,component_05,38,4,0.0005523350772284415,0.00012214486198658392
component_44,component_22,43,21,0.0005522237884993126,0.00012214486198658392
component_49,component_56,48,55,0.0005520602803563908,0.00012214486198658392
component_23,component_45,22,44,0.0005519495572941545,0.00012214486198658392
component_49,component_29,48,28,0.000550623953968752,0.00012214486198658392
component_30,component_41,29,40,0.0005495350474209819,0.00012214486198658392
component_25,component_10,24,9,0.0005492787143869754,0.00012214486198658392
component_43,component_23,42,22,0.0005484410815379962,0.00012214486198658392
component_41,component_33,40,32,0.0005471769416906908,0.00012214486198658392
component_27,component_37,26,36,0.0005448620854186452,0.00012214486198658392
component_46,component_41,45,40,0.0005440528489929165,0.00012214486198658392
component_10,component_55,9,54,0.0005425305860557747,0.00012214486198658392
component_18,component_08,17,7,0.0005424833824914808,0.00012214486198658392
component_59,component_36,58,35,0.0005421041368445951,0.00012214486198658392
component_02,component_35,1,34,0.0005414791170373415,0.00012214486198658392
component_33,component_38,32,37,0.0005410607473096685,0.00012214486198658392
component_17,component_36,16,35,0.0005404272533736647,0.00012214486198658392
component_08,component_11,7,10,0.0005387071452357087,0.00012214486198658392
component_33,component_36,32,35,0.0005384487235490275,0.00012214486198658392
component_05,component_02,4,1,0.0005381238274027119,0.00012214486198658392
component_47,component_04,46,3,0.0005363107185061498,0.00012214486198658392
component_57,component_33,56,32,0.0005325778389314005,0.00012214486198658392
component_32,component_59,31,58,0.0005306295691367733,0.00012214486198658392
component_55,component_05,54,4,0.0005303979571391994,0.00012214486198658392
component_39,component_30,38,29,0.0005289681714161572,0.00012214486198658392
component_43,component_38,42,37,0.0005286753001572266,0.00012214486198658392
component_40,component_23,39,22,0.0005260514125052513,0.00012214486198658392
component_47,component_57,46,56,0.0005250705934786778,0.00012214486198658392
component_19,component_16,18,15,0.0005243795300309734,0.00012214486198658392
component_49,component_07,48,6,0.0005229845125633113,0.00012214486198658392
component_25,component_06,24,5,0.0005224229765105456,0.00012214486198658392
component_49,component_03,48,2,0.0005223632270496148,0.00012214486198658392
component_48,component_37,47,36,0.0005222646958169931,0.00012214486198658392
component_23,component_14,22,13,0.0005221072932258525,0.00012214486198658392
component_37,component_16,36,15,0.0005214265578503009,0.00012214486198658392
component_57,component_11,56,10,0.0005213990971155316,0.00012214486198658392
component_18,component_30,17,29,0.000519422001659731,0.00012214486198658392
component_47,component_38,46,37,0.0005179295266411844,0.00012214486198658392
component_33,component_29,32,28,0.0005145905021166759,0.00012214486198658392
component_01,component_13,0,12,0.0005139054336314093,0.00012214486198658392
component_43,component_46,42,45,0.0005137243046471867,0.00012214486198658392
component_45,component_32,44,31,0.0005126371210443096,0.00012214486198658392
component_55,component_48,54,47,0.0005122127105141618,0.00012214486198658392
component_41,component_03,40,2,0.0005118846799686127,0.00012214486198658392
component_16,component_05,15,4,0.0005118795047344276,0.00012214486198658392
component_40,component_48,39,47,0.0005109736225879006,0.00012214486198658392
component_52,component_16,51,15,0.000509812096938945,0.00012214486198658392
component_41,component_07,40,6,0.0005096866702801219,0.00012214486198658392
component_41,component_56,40,55,0.0005095765064661672,0.00012214486198658392
component_03,component_30,2,29,0.0005090381229266804,0.00012214486198658392
component_24,component_20,23,19,0.0005059186266860808,0.00012214486198658392
component_11,component_07,10,6,0.0005055733207622691,0.00012214486198658392
component_57,component_18,56,17,0.0005044394691254194,0.00012214486198658392
component_14,component_56,13,55,0.0005036695649884826,0.00012214486198658392
component_38,component_53,37,52,0.0005025218087974867,0.00012214486198658392
component_60,component_09,59,8,0.0005023632376915776,0.00012214486198658392
component_18,component_37,17,36,0.000501296142602918,0.00012214486198658392
component_09,component_49,8,48,0.0005003893279316679,0.00012214486198658392
component_18,component_06,17,5,0.0004998865282073801,0.00012214486198658392
component_12,component_46,11,45,0.0004994681509223962,0.00012214486198658392
component_58,component_12,57,11,0.000498348188348847,0.00012214486198658392
component_60,component_47,59,46,0.0004980543267228794,0.00012214486198658392
component_11,component_05,10,4,0.0004966187140546597,0.00012214486198658392
component_34,component_19,33,18,0.0004958839443688978,0.00012214486198658392
component_48,component_31,47,30,0.0004954287852013991,0.00012214486198658392
component_29,component_39,28,38,0.0004947512204780636,0.00012214486198658392
component_46,component_01,45,0,0.0004944205290407623,0.00012214486198658392
component_31,component_45,30,44,0.0004935657185191466,0.00012214486198658392
component_29,component_05,28,4,0.0004934845536196223,0.00012214486198658392
component_20,component_15,19,14,0.0004909570891651997,0.00012214486198658392
component_54,component_32,53,31,0.0004886783089739016,0.00012214486198658392
component_30,component_24,29,23,0.0004874946789353391,0.00012214486198658392
component_57,component_40,56,39,0.000486929800119685,0.00012214486198658392
component_21,component_29,20,28,0.0004845978676474933,0.00012214486198658392
component_33,component_40,32,39,0.00048395427104881136,0.00012214486198658392
component_34,component_48,33,47,0.0004838367352732776,0.00012214486198658392
component_42,component_58,41,57,0.00048109117676799,0.00012214486198658392
component_34,component_29,33,28,0.0004792985876304911,0.00012214486198658392
component_31,component_16,30,15,0.0004791083982418291,0.00012214486198658392
component_35,component_50,34,49,0.0004788993412853642,0.00012214486198658392
component_18,component_43,17,42,0.0004748672896961233,0.00012214486198658392
component_25,component_29,24,28,0.00047434204981464513,0.00012214486198658392
component_46,component_35,45,34,0.0004722746626061281,0.00012214486198658392
component_48,component_13,47,12,0.00047199615638053165,0.00012214486198658392
component_33,component_01,32,0,0.00047197789009970905,0.00012214486198658392
component_26,component_09,25,8,0.00047139209792384525,0.00012214486198658392
component_55,component_17,54,16,0.0004708296798154378,0.00012214486198658392
component_30,component_51,29,50,0.00047003702958756376,0.00012214486198658392
component_60,component_17,59,16,0.0004677174380737315,0.00012214486198658392
component_02,component_50,1,49,0.0004674703018146652,0.00012214486198658392
component_59,component_37,58,36,0.00046735111636324496,0.00012214486198658392
component_07,component_56,6,55,0.0004669300827325125,0.00012214486198658392
component_60,component_05,59,4,0.0004644891459335181,0.00012214486198658392
component_40,component_13,39,12,0.00046272458294501124,0.00012214486198658392
component_41,component_17,40,16,0.00046140162740238965,0.00012214486198658392
component_34,component_33,33,32,0.00045995231158542425,0.00012214486198658392
component_18,component_52,17,51,0.000459610693758345,0.00012214486198658392
component_22,component_26,21,25,0.00045866909559836043,0.00012214486198658392
component_23,component_06,22,5,0.0004584866937115801,0.00012214486198658392
component_08,component_33,7,32,0.0004581312076597177,0.00012214486198658392
component_52,component_59,51,58,0.00045786604840619206,0.00012214486198658392
component_32,component_50,31,49,0.00045783043293955747,0.00012214486198658392
component_49,component_55,48,54,0.00045702237476687375,0.00012214486198658392
component_52,component_49,51,48,0.00045544138189980324,0.00012214486198658392
component_40,component_24,39,23,0.00045516186237973114,0.00012214486198658392
component_40,component_52,39,51,0.0004535034542292387,0.00012214486198658392
component_44,component_55,43,54,0.000453417960368714,0.00012214486198658392
component_20,component_48,19,47,0.0004530597167620152,0.00012214486198658392
component_57,component_05,56,4,0.0004502218874632051,0.00012214486198658392
component_41,component_38,40,37,0.0004479695441768957,0.00012214486198658392
component_43,component_07,42,6,0.0004479231755885379,0.00012214486198658392
component_36,component_49,35,48,0.0004473559941809576,0.00012214486198658392
component_60,component_35,59,34,0.0004454063316447981,0.00012214486198658392
component_43,component_26,42,25,0.000445390354839273,0.00012214486198658392
component_31,component_03,30,2,0.0004447041866450822,0.00012214486198658392
component_06,component_24,5,23,0.00044349123056711397,0.00012214486198658392
component_12,component_05,11,4,0.00044168144483381705,0.00012214486198658392
component_19,component_44,18,43,0.0004407519218663369,0.00012214486198658392
component_40,component_54,39,53,0.00043929904356633195,0.00012214486198658392
component_07,component_04,6,3,0.0004389081111248396,0.00012214486198658392
component_44,component_40,43,39,0.00043797775605308503,0.00012214486198658392
component_55,component_29,54,28,0.00043775564837414047,0.00012214486198658392
component_58,component_14,57,13,0.00043665606170290353,0.00012214486198658392
component_47,component_32,46,31,0.0004363735858486236,0.00012214486198658392
component_40,component_56,39,55,0.000433941935406524,0.00012214486198658392
component_12,component_21,11,20,0.000433224397409904,0.00012214486198658392
component_20,component_24,19,23,0.0004327506939587548,0.00012214486198658392
component_58,component_48,57,47,0.000432326860392004,0.00012214486198658392
component_43,component_54,42,53,0.00043210461197595,0.00012214486198658392
component_02,component_30,1,29,0.0004316087900828982,0.00012214486198658392
component_29,component_02,28,1,0.00043132233512398313,0.00012214486198658392
component_09,component_51,8,50,0.0004310149551141084,0.00012214486198658392
component_53,component_45,52,44,0.0004297931613882087,0.00012214486198658392
component_58,component_13,57,12,0.00042889007589692267,0.00012214486198658392
component_27,component_41,26,40,0.0004282914318184673,0.00012214486198658392
component_31,component_05,30,4,0.00042825237707480135,0.00012214486198658392
component_51,component_29,50,28,0.00042722447625733655,0.00012214486198658392
component_16,component_50,15,49,0.0004267777248422135,0.00012214486198658392
component_13,component_15,12,14,0.00042575585439104293,0.00012214486198658392
component_47,component_59,46,58,0.0004253973901668179,0.00012214486198658392
component_02,component_18,1,17,0.0004243710873099554,0.00012214486198658392
component_17,component_23,16,22,0.00042394037170508743,0.00012214486198658392
component_47,component_54,46,53,0.00042318926237152926,0.00012214486198658392
component_36,component_40,35,39,0.00042298491011102046,0.00012214486198658392
component_46,component_10,45,9,0.00042225531778101,0.00012214486198658392
component_37,component_23,36,22,0.0004213993646800672,0.00012214486198658392
component_06,component_41,5,40,0.0004205162931729424,0.00012214486198658392
component_40,component_49,39,48,0.00041776153635285894,0.00012214486198658392
component_56,component_25,55,24,0.0004161920096567613,0.00012214486198658392
component_01,component_46,0,45,0.00041468141399194063,0.00012214486198658392
component_25,component_46,24,45,0.0004145036858660765,0.00012214486198658392
component_16,component_40,15,39,0.0004140766346794733,0.00012214486198658392
component_12,component_59,11,58,0.00041400943469688104,0.00012214486198658392
component_03,component_50,2,49,0.0004128560661568788,0.00012214486198658392
component_47,component_36,46,35,0.00041190269658205713,0.00012214486198658392
component_53,component_40,52,39,0.0004111207216946146,0.00012214486198658392
component_07,component_41,6,40,0.00041098086904114544,0.00012214486198658392
component_16,component_13,15,12,0.00041018988301086217,0.00012214486198658392
component_58,component_29,57,28,0.00040994123810123365,0.00012214486198658392
component_59,component_51,58,50,0.00040811105889365255,0.00012214486198658392
component_13,component_24,12,23,0.0004066999227013324,0.00012214486198658392
component_48,component_53,47,52,0.00040611307798518823,0.00012214486198658392
component_38,component_35,37,34,0.00040552852945423577,0.00012214486198658392
component_35,component_43,34,42,0.0004052836132392591,0.00012214486198658392
component_32,component_26,31,25,0.0004043078896930346,0.00012214486198658392
component_08,component_50,7,49,0.0004037886445736824,0.00012214486198658392
component_47,component_41,46,40,0.00040364527884931343,0.00012214486198658392
component_43,component_45,42,44,0.00040358575378510707,0.00012214486198658392
component_39,component_01,38,0,0.00040345986753539313,0.00012214486198658392
component_49,component_23,48,22,0.00040301609343893136,0.00012214486198658392
component_33,component_50,32,49,0.000401334417077813,0.00012214486198658392
component_05,component_23,4,22,0.0004005539807579911,0.00012214486198658392
component_27,component_18,26,17,0.00040053293301086485,0.00012214486198658392
component_24,component_06,23,5,0.00040019415356486475,0.00012214486198658392
component_45,component_10,44,9,0.0003992815292593003,0.00012214486198658392
component_02,component_33,1,32,0.0003986261413702309,0.00012214486198658392
component_13,component_32,12,31,0.00039799787833388954,0.00012214486198658392
component_08,component_44,7,43,0.000397426538598458,0.00012214486198658392
component_51,component_24,50,23,0.0003950423268897224,0.00012214486198658392
component_03,component_10,2,9,0.0003949616043823975,0.00012214486198658392
component_16,component_22,15,21,0.00039476607220494185,0.00012214486198658392
component_58,component_51,57,50,0.00039395584236847763,0.00012214486198658392
component_26,component_34,25,33,0.0003936610152189244,0.00012214486198658392
component_03,component_23,2,22,0.0003935554247491132,0.00012214486198658392
component_37,component_26,36,25,0.00039285492894703875,0.00012214486198658392
component_54,component_07,53,6,0.00039240260296585663,0.00012214486198658392
component_57,component_28,56,27,0.00039120717304494206,0.00012214486198658392
component_34,component_44,33,43,0.00039029215527835006,0.00012214486198658392
component_34,component_17,33,16,0.0003893022862353718,0.00012214486198658392
component_58,component_23,57,22,0.0003886643325660012,0.00012214486198658392
component_27,component_46,26,45,0.0003885664984982171,0.00012214486198658392
component_03,component_31,2,30,0.0003883687113809337,0.00012214486198658392
component_20,component_36,19,35,0.00038767678232863167,0.00012214486198658392
component_35,component_05,34,4,0.0003871245779937603,0.00012214486198658392
component_15,component_36,14,35,0.0003868348640053882,0.00012214486198658392
component_40,component_06,39,5,0.00038637024556122026,0.00012214486198658392
component_30,component_34,29,33,0.0003863600175558013,0.00012214486198658392
component_07,component_53,6,52,0.000386035463220334,0.00012214486198658392
component_28,component_57,27,56,0.00038583695691416734,0.00012214486198658392
component_03,component_14,2,13,0.0003857885334180892,0.00012214486198658392
component_03,component_15,2,14,0.00038387497151192134,0.00012214486198658392
component_44,component_50,43,49,0.00038385467504403097,0.00012214486198658392
component_23,component_26,22,25,0.00038345122312720707,0.00012214486198658392
component_43,component_15,42,14,0.00038329184815298145,0.00012214486198658392
component_42,component_57,41,56,0.00038327231492566084,0.00012214486198658392
component_01,component_40,0,39,0.00038273146038376646,0.00012214486198658392
component_37,component_38,36,37,0.0003810867036144942,0.00012214486198658392
component_21,component_26,20,25,0.0003796640942343749,0.00012214486198658392
component_31,component_50,30,49,0.00037626333009419357,0.00012214486198658392
component_55,component_38,54,37,0.00037551740523164735,0.00012214486198658392
component_40,component_51,39,50,0.00037549887654863293,0.00012214486198658392
component_25,component_36,24,35,0.00037306898635042066,0.00012214486198658392
component_21,component_40,20,39,0.000372923295565523,0.00012214486198658392
component_07,component_25,6,24,0.0003727582658872554,0.00012214486198658392
component_32,component_48,31,47,0.0003725874484693646,0.00012214486198658392
component_32,component_29,31,28,0.0003717483953247441,0.00012214486198658392
component_58,component_41,57,40,0.000371375454450746,0.00012214486198658392
component_35,component_17,34,16,0.00037039451659275487,0.00012214486198658392
component_33,component_46,32,45,0.00037011365842961176,0.00012214486198658392
component_48,component_27,47,26,0.000367652938808439,0.00012214486198658392
component_28,component_43,27,42,0.00036681368868066654,0.00012214486198658392
component_45,component_40,44,39,0.00036556513503178804,0.00012214486198658392
component_11,component_32,10,31,0.0003638147687430926,0.00012214486198658392
component_21,component_45,20,44,0.0003625614616655945,0.00012214486198658392
component_54,component_57,53,56,0.0003624811315130767,0.00012214486198658392
component_56,component_05,55,4,0.000361383714665815,0.00012214486198658392
component_52,component_09,51,8,0.00036099085219798557,0.00012214486198658392
component_04,component_21,3,20,0.0003609406598205869,0.00012214486198658392
component_47,component_29,46,28,0.0003608705061093274,0.00012214486198658392
component_43,component_13,42,12,0.00036065510340732923,0.00012214486198658392
component_07,component_38,6,37,0.0003601774514635225,0.00012214486198658392
component_35,component_15,34,14,0.0003599956975680747,0.00012214486198658392
component_03,component_45,2,44,0.00035939300470974145,0.00012214486198658392
component_01,component_33,0,32,0.00035936949725726933,0.00012214486198658392
component_24,component_37,23,36,0.0003590729926408549,0.00012214486198658392
component_31,component_38,30,37,0.00035886529606104394,0.00012214486198658392
component_15,component_48,14,47,0.0003580864097831901,0.00012214486198658392
component_07,component_17,6,16,0.0003573534419020146,0.00012214486198658392
component_55,component_40,54,39,0.000357189750854353,0.00012214486198658392
component_38,component_56,37,55,0.0003557980819600359,0.00012214486198658392
component_14,component_16,13,15,0.00035383162808748326,0.00012214486198658392
component_52,component_14,51,13,0.00035286711362849093,0.00012214486198658392
component_43,component_18,42,17,0.0003499181837159378,0.00012214486198658392
component_59,component_54,58,53,0.000348830823693074,0.00012214486198658392
component_53,component_56,52,55,0.0003479793099733801,0.00012214486198658392
component_59,component_12,58,11,0.0003474870919174146,0.00012214486198658392
component_42,component_12,41,11,0.00034739208451613766,0.00012214486198658392
component_01,component_30,0,29,0.0003472677706751655,0.00012214486198658392
component_24,component_19,23,18,0.00034726430046828644,0.00012214486198658392
component_01,component_20,0,19,0.0003472486589517331,0.00012214486198658392
component_48,component_44,47,43,0.0003468374154974776,0.00012214486198658392
component_38,component_07,37,6,0.00034651741337520556,0.00012214486198658392
component_44,component_18,43,17,0.0003458196419147061,0.00012214486198658392
component_14,component_09,13,8,0.00034487288662697017,0.00012214486198658392
component_33,component_05,32,4,0.0003441449966074447,0.00012214486198658392
component_49,component_05,48,4,0.00034376661873289,0.00012214486198658392
component_58,component_32,57,31,0.0003431509993024515,0.00012214486198658392
component_31,component_44,30,43,0.0003431132796894666,0.00012214486198658392
component_35,component_03,34,2,0.00034092331558263644,0.00012214486198658392
component_50,component_59,49,58,0.00034067486433208237,0.00012214486198658392
component_15,component_27,14,26,0.00033803984560169223,0.00012214486198658392
component_22,component_50,21,49,0.00033745668455363435,0.00012214486198658392
component_21,component_28,20,27,0.0003349311651181077,0.00012214486198658392
component_04,component_34,3,33,0.00033467736339391264,0.00012214486198658392
component_11,component_51,10,50,0.00033382411874874167,0.00012214486198658392
component_52,component_04,51,3,0.00033283850105061193,0.00012214486198658392
component_32,component_46,31,45,0.00033255517741589144,0.00012214486198658392
component_54,component_10,53,9,0.00033160812194775485,0.00012214486198658392
component_46,component_59,45,58,0.00033148608822562687,0.00012214486198658392
component_15,component_19,14,18,0.0003305393735187582,0.00012214486198658392
component_02,component_32,1,31,0.00032914674126785916,0.00012214486198658392
component_51,component_40,50,39,0.0003275005066149416,0.00012214486198658392
component_41,component_24,40,23,0.0003248352430533408,0.00012214486198658392
component_54,component_41,53,40,0.00032464014804727285,0.00012214486198658392
component_31,component_39,30,38,0.0003233251179883434,0.00012214486198658392
component_14,component_15,13,14,0.000322577745045034,0.00012214486198658392
component_33,component_55,32,54,0.00032125299748146684,0.00012214486198658392
component_18,component_45,17,44,0.0003209684269853126,0.00012214486198658392
component_59,component_48,58,47,0.0003187838999625219,0.00012214486198658392
component_09,component_40,8,39,0.00031778267396580977,0.00012214486198658392
component_14,component_36,13,35,0.00031707934909672565,0.00012214486198658392
component_21,component_58,20,57,0.00031666333475188963,0.00012214486198658392
component_49,component_50,48,49,0.00031627731194239196,0.00012214486198658392
component_41,component_28,40,27,0.00031575717000685056,0.00012214486198658392
component_22,component_59,21,58,0.0003143190984019053,0.00012214486198658392
component_35,component_07,34,6,0.00031358921534719566,0.00012214486198658392
component_47,component_23,46,22,0.00031249646582704707,0.00012214486198658392
component_15,component_17,14,16,0.000312423699702054,0.00012214486198658392
component_53,component_17,52,16,0.0003122490646342307,0.00012214486198658392
component_09,component_30,8,29,0.00031068944901586513,0.00012214486198658392
component_04,component_19,3,18,0.0003104375425680926,0.00012214486198658392
component_39,component_42,38,41,0.0003096695943343294,0.00012214486198658392
component_49,component_25,48,24,0.0003094555145866061,0.00012214486198658392
component_24,component_12,23,11,0.00030943579643956257,0.00012214486198658392
component_58,component_38,57,37,0.0003085668050054539,0.00012214486198658392
component_26,component_43,25,42,0.00030855716059697105,0.00012214486198658392
component_36,component_28,35,27,0.0003071319385167056,0.00012214486198658392
component_07,component_13,6,12,0.00030617902660044934,0.00012214486198658392
component_18,component_40,17,39,0.00030600255670472284,0.00012214486198658392
component_54,component_25,53,24,0.0003044832603347962,0.00012214486198658392
component_06,component_47,5,46,0.00030419677342481395,0.00012214486198658392
component_07,component_14,6,13,0.000303946456259112,0.00012214486198658392
component_05,component_59,4,58,0.00030346012010160084,0.00012214486198658392
component_44,component_51,43,50,0.0003030992907835185,0.00012214486198658392
component_43,component_06,42,5,0.00030227454115713175,0.00012214486198658392
component_10,component_11,9,10,0.000302227332459684,0.00012214486198658392
component_42,component_07,41,6,0.00029997509211023834,0.00012214486198658392
component_11,component_22,10,21,0.00029943142470304754,0.00012214486198658392
component_13,component_27,12,26,0.0002989536287066286,0.00012214486198658392
component_50,component_26,49,25,0.0002982860286263187,0.00012214486198658392
component_09,component_44,8,43,0.00029806488861388615,0.00012214486198658392
component_13,component_04,12,3,0.0002980374663344162,0.00012214486198658392
component_05,component_43,4,42,0.0002977186100197321,0.00012214486198658392
component_47,component_17,46,16,0.000296726500905881,0.00012214486198658392
component_25,component_60,24,59,0.0002954494173764456,0.00012214486198658392
component_59,component_24,58,23,0.00029537119250282114,0.00012214486198658392
component_27,component_36,26,35,0.00029517549032665076,0.00012214486198658392
component_46,component_19,45,18,0.0002947857326698494,0.00012214486198658392
component_12,component_04,11,3,0.0002945162559725019,0.00012214486198658392
component_54,component_06,53,5,0.0002924471619921368,0.00012214486198658392
component_04,component_10,3,9,0.0002907339021833038,0.00012214486198658392
component_11,component_39,10,38,0.00029039099140286265,0.00012214486198658392
component_31,component_58,30,57,0.00028983457331484643,0.00012214486198658392
component_37,component_14,36,13,0.000288773281959514,0.00012214486198658392
component_57,component_13,56,12,0.0002880226816413406,0.00012214486198658392
component_39,component_26,38,25,0.00028758680490612335,0.00012214486198658392
component_56,component_08,55,7,0.0002862961721581035,0.00012214486198658392
component_56,component_11,55,10,0.0002862681455231841,0.00012214486198658392
component_51,component_06,50,5,0.0002855193599413345,0.00012214486198658392
component_12,component_24,11,23,0.00028481741931225997,0.00012214486198658392
component_58,component_10,57,9,0.0002841595107385715,0.00012214486198658392
component_19,component_49,18,48,0.00028399905386035926,0.00012214486198658392
component_44,component_36,43,35,0.0002835979916930044,0.00012214486198658392
component_23,component_02,22,1,0.0002834611975024168,0.00012214486198658392
component_20,component_55,19,54,0.00028236940630777565,0.00012214486198658392
component_18,component_26,17,25,0.00028177038561141485,0.00012214486198658392
component_15,component_05,14,4,0.00028159158006791317,0.00012214486198658392
component_04,component_40,3,39,0.00028146122043128634,0.00012214486198658392
component_49,component_11,48,10,0.0002814587252242556,0.00012214486198658392
component_50,component_19,49,18,0.0002807507023771565,0.00012214486198658392
component_05,component_04,4,3,0.0002802891180432887,0.00012214486198658392
component_39,component_51,38,50,0.00028015187404687174,0.00012214486198658392
component_55,component_14,54,13,0.0002796577628809533,0.00012214486198658392
component_25,component_49,24,48,0.00027864008339328265,0.00012214486198658392
component_57,component_22,56,21,0.0002784965667859367,0.00012214486198658392
component_39,component_15,38,14,0.00027816168182043797,0.00012214486198658392
component_04,component_48,3,47,0.0002774381579639679,0.00012214486198658392
component_41,component_29,40,28,0.00027720689429561483,0.00012214486198658392
component_39,component_17,38,16,0.0002763337378784231,0.00012214486198658392
component_33,component_16,32,15,0.0002762887720690291,0.00012214486198658392
component_51,component_10,50,9,0.0002739587866362151,0.00012214486198658392
component_17,component_06,16,5,0.00027256930365373764,0.00012214486198658392
component_49,component_12,48,11,0.00027219197778708895,0.00012214486198658392
component_49,component_10,48,9,0.0002712452735296664,0.00012214486198658392
component_44,component_32,43,31,0.00027071262605101506,0.00012214486198658392
component_51,component_01,50,0,0.00027068573458017403,0.00012214486198658392
component_55,component_35,54,34,0.0002693725553094821,0.00012214486198658392
component_23,component_37,22,36,0.00026931143623307136,0.00012214486198658392
component_13,component_22,12,21,0.0002682783555759336,0.00012214486198658392
component_31,component_12,30,11,0.0002643169016435334,0.00012214486198658392
component_27,component_42,26,41,0.0002617773497629888,0.00012214486198658392
component_06,component_05,5,4,0.0002607648069461303,0.00012214486198658392
component_24,component_01,23,0,0.00026062442275669493,0.00012214486198658392
component_48,component_50,47,49,0.00026026768897399017,0.00012214486198658392
component_21,component_43,20,42,0.00025897155538935564,0.00012214486198658392
component_08,component_28,7,27,0.00025832778642660497,0.00012214486198658392
component_01,component_21,0,20,0.00025806286250634877,0.00012214486198658392
component_15,component_46,14,45,0.0002579134051168639,0.00012214486198658392
component_12,component_15,11,14,0.0002574086499461558,0.00012214486198658392
component_52,component_39,51,38,0.00025730430513040887,0.00012214486198658392
component_33,component_18,32,17,0.00025618526259736467,0.00012214486198658392
component_01,component_32,0,31,0.00025592320074972817,0.00012214486198658392
component_42,component_48,41,47,0.0002553411715929398,0.00012214486198658392
component_35,component_11,34,10,0.00025484390161791264,0.00012214486198658392
component_19,component_15,18,14,0.0002548377050258624,0.00012214486198658392
component_33,component_08,32,7,0.00025461766236701465,0.00012214486198658392
component_53,component_22,52,21,0.00025437229444475525,0.00012214486198658392
component_50,component_22,49,21,0.0002543016713823876,0.00012214486198658392
component_36,component_20,35,19,0.0002537626372463371,0.00012214486198658392
component_18,component_38,17,37,0.0002529829094964545,0.00012214486198658392
component_24,component_34,23,33,0.0002525203008591117,0.00012214486198658392
component_42,component_13,41,12,0.0002524684337302271,0.00012214486198658392
component_13,component_28,12,27,0.00025202582374229704,0.00012214486198658392
component_11,component_26,10,25,0.0002517927999682491,0.00012214486198658392
component_30,component_25,29,24,0.0002517188322997637,0.00012214486198658392
component_30,component_01,29,0,0.0002511288462864419,0.00012214486198658392
component_37,component_29,36,28,0.00025086077879735863,0.00012214486198658392
component_43,component_41,42,40,0.00025081970124468596,0.00012214486198658392
component_57,component_31,56,30,0.0002494423359713006,0.00012214486198658392
component_03,component_43,2,42,0.00024923886715732646,0.00012214486198658392
component_13,component_54,12,53,0.00024887327281101644,0.00012214486198658392
component_07,component_40,6,39,0.0002476645574267934,0.00012214486198658392
component_45,component_08,44,7,0.00024734210042568356,0.00012214486198658392
component_43,component_48,42,47,0.00024378997013707498,0.00012214486198658392
component_37,component_47,36,46,0.00024212226063000607,0.00012214486198658392
component_44,component_04,43,3,0.00024198675163058912,0.00012214486198658392
component_11,component_38,10,37,0.00024180605188070373,0.00012214486198658392
component_26,component_27,25,26,0.00024137355840440276,0.00012214486198658392
component_22,component_57,21,56,0.00024126428411866069,0.00012214486198658392
component_58,component_39,57,38,0.00024124458279152586,0.00012214486198658392
component_53,component_46,52,45,0.00023828192477018924,0.00012214486198658392
component_24,component_50,23,49,0.0002380893316272116,0.00012214486198658392
component_25,component_12,24,11,0.00023780293231116497,0.00012214486198658392
component_01,component_03,0,2,0.00023676314298436284,0.00012214486198658392
component_55,component_02,54,1,0.00023540007682517185,0.00012214486198658392
component_21,component_36,20,35,0.000235072931381664,0.00012214486198658392
component_47,component_28,46,27,0.0002327194440605165,0.00012214486198658392
component_11,component_29,10,28,0.00023240382007583344,0.00012214486198658392
component_60,component_25,59,24,0.00023192902843075782,0.00012214486198658392
component_43,component_08,42,7,0.0002318279783810574,0.00012214486198658392
component_13,component_05,12,4,0.00023095093338261824,0.00012214486198658392
component_27,component_21,26,20,0.00023057723319595298,0.00012214486198658392
component_25,component_30,24,29,0.00023024064992112732,0.00012214486198658392
component_06,component_23,5,22,0.00022947831231304983,0.00012214486198658392
component_53,component_07,52,6,0.0002265903525140647,0.00012214486198658392
component_16,component_30,15,29,0.00022579783641364081,0.00012214486198658392
component_47,component_35,46,34,0.00022379205599327924,0.00012214486198658392
component_39,component_14,38,13,0.0002230678193005861,0.00012214486198658392
component_53,component_27,52,26,0.0002223738763379764,0.00012214486198658392
component_57,component_08,56,7,0.0002221922882998422,0.00012214486198658392
component_58,component_50,57,49,0.00022201602800607897,0.00012214486198658392
component_26,component_49,25,48,0.00022174094525475322,0.00012214486198658392
component_20,component_47,19,46,0.00022169925748640438,0.00012214486198658392
component_28,component_53,27,52,0.0002212907012036533,0.00012214486198658392
component_38,component_14,37,13,0.00022021279758200317,0.00012214486198658392
component_04,component_32,3,31,0.00022005991105943093,0.00012214486198658392
component_32,component_10,31,9,0.00021996987465114243,0.00012214486198658392
component_05,component_41,4,40,0.0002185045310748652,0.00012214486198658392
component_32,component_23,31,22,0.0002183047292854365,0.00012214486198658392
component_59,component_07,58,6,0.00021788335109050719,0.00012214486198658392
component_32,component_38,31,37,0.00021782602188103739,0.00012214486198658392
component_01,component_10,0,9,0.00021736584864294557,0.00012214486198658392
component_02,component_41,1,40,0.0002173545666336688,0.00012214486198658392
component_60,component_08,59,7,0.00021710456667256356,0.00012214486198658392
component_49,component_04,48,3,0.00021680561651297116,0.00012214486198658392
component_47,component_20,46,19,0.0002166254583818293,0.00012214486198658392
component_14,component_53,13,52,0.00021600961289081042,0.00012214486198658392
component_45,component_16,44,15,0.00021544227151180554,0.00012214486198658392
component_54,component_02,53,1,0.0002148659614408536,0.00012214486198658392
component_23,component_55,22,54,0.0002137658208711771,0.00012214486198658392
component_37,component_09,36,8,0.00021224394089492738,0.00012214486198658392
component_44,component_53,43,52,0.00021160842358284855,0.00012214486198658392
component_06,component_51,5,50,0.00021097069500649714,0.00012214486198658392
component_08,component_31,7,30,0.00021095778709578073,0.00012214486198658392
component_05,component_06,4,5,0.00020932685597350371,0.00012214486198658392
component_25,component_05,24,4,0.0002087041392626967,0.00012214486198658392
component_35,component_30,34,29,0.00020710576387472445,0.00012214486198658392
component_20,component_54,19,53,0.00020589622936930156,0.00012214486198658392
component_45,component_39,44,38,0.00020557403575141342,0.00012214486198658392
component_45,component_60,44,59,0.00020512333962616005,0.00012214486198658392
component_27,component_34,26,33,0.0002050200947233574,0.00012214486198658392
component_25,component_58,24,57,0.00020441805275613406,0.00012214486198658392
component_52,component_40,51,39,0.00020402745039990803,0.00012214486198658392
component_06,component_38,5,37,0.00020401901790481034,0.00012214486198658392
component_48,component_14,47,13,0.00020370131192374772,0.00012214486198658392
component_53,component_19,52,18,0.00020337697795071069,0.00012214486198658392
component_41,component_57,40,56,0.00020300904343126486,0.00012214486198658392
component_37,component_45,36,44,0.00020271341018979411,0.00012214486198658392
component_22,component_41,21,40,0.00020184000859856167,0.00012214486198658392
component_53,component_11,52,10,0.00020146958516257778,0.00012214486198658392
component_10,component_20,9,19,0.0002011315954289443,0.00012214486198658392
component_21,component_53,20,52,0.00019863950144568217,0.00012214486198658392
component_02,component_27,1,26,0.0001972137871388804,0.00012214486198658392
component_48,component_54,47,53,0.00019678321026471654,0.00012214486198658392
component_44,component_24,43,23,0.00019673058247970704,0.00012214486198658392
component_31,component_06,30,5,0.00019537158947418795,0.00012214486198658392
component_29,component_45,28,44,0.00019488388066570927,0.00012214486198658392
component_56,component_53,55,52,0.00019437953138365624,0.00012214486198658392
component_22,component_40,21,39,0.00019352467868694834,0.00012214486198658392
component_59,component_53,58,52,0.00019301069123293138,0.00012214486198658392
component_60,component_39,59,38,0.00019240767420101087,0.00012214486198658392
component_06,component_58,5,57,0.00019235155138855466,0.00012214486198658392
component_39,component_56,38,55,0.00019167541100012327,0.00012214486198658392
component_13,component_60,12,59,0.00019062504492020833,0.00012214486198658392
component_42,component_14,41,13,0.0001904877025281471,0.00012214486198658392
component_38,component_19,37,18,0.0001898018664928493,0.00012214486198658392
component_41,component_40,40,39,0.00018980116813832468,0.00012214486198658392
component_24,component_52,23,51,0.00018914238478797034,0.00012214486198658392
component_20,component_19,19,18,0.00018899042392365843,0.00012214486198658392
component_23,component_03,22,2,0.00018762744467552847,0.00012214486198658392
component_60,component_58,59,57,0.0001865896847407839,0.00012214486198658392
component_41,component_46,40,45,0.0001861684009770152,0.00012214486198658392
component_34,component_07,33,6,0.00018542006841634154,0.00012214486198658392
component_50,component_40,49,39,0.00018509664061590694,0.00012214486198658392
component_50,component_32,49,31,0.0001845697964485452,0.00012214486198658392
component_58,component_31,57,30,0.0001841973329462992,0.00012214486198658392
component_50,component_24,49,23,0.00018215371251564816,0.00012214486198658392
component_21,component_02,20,1,0.0001820659736258501,0.00012214486198658392
component_31,component_13,30,12,0.00018099817123498266,0.00012214486198658392
component_37,component_36,36,35,0.00018084274988427527,0.00012214486198658392
component_26,component_20,25,19,0.00018036652009251468,0.00012214486198658392
component_11,component_04,10,3,0.00017985414350355706,0.00012214486198658392
component_01,component_29,0,28,0.0001792807131104362,0.00012214486198658392
component_14,component_25,13,24,0.00017922685341788646,0.00012214486198658392
component_06,component_53,5,52,0.00017869837171386813,0.00012214486198658392
component_34,component_35,33,34,0.00017851482076067398,0.00012214486198658392
component_54,component_19,53,18,0.0001777646710243037,0.00012214486198658392
component_55,component_16,54,15,0.00017656598913767468,0.00012214486198658392
component_25,component_21,24,20,0.00017647562514169784,0.00012214486198658392
component_20,component_23,19,22,0.00017622583733593983,0.00012214486198658392
component_47,component_15,46,14,0.00017586030037548177,0.00012214486198658392
component_58,component_16,57,15,0.00017572207180565694,0.00012214486198658392
component_24,component_03,23,2,0.0001754008460272744,0.00012214486198658392
component_41,component_49,40,48,0.00017454385193507813,0.00012214486198658392
component_11,component_19,10,18,0.0001744571087618871,0.00012214486198658392
component_40,component_01,39,0,0.00017424125860364268,0.00012214486198658392
component_46,component_52,45,51,0.00017389205552702567,0.00012214486198658392
component_44,component_46,43,45,0.00017303577024987296,0.00012214486198658392
component_18,component_12,17,11,0.00017187676976598008,0.00012214486198658392
component_59,component_38,58,37,0.00017173745123370287,0.00012214486198658392
component_37,component_54,36,53,0.00017066608970700803,0.00012214486198658392
component_07,component_34,6,33,0.0001705741676630756,0.00012214486198658392
component_50,component_07,49,6,0.00016855844553963662,0.00012214486198658392
component_22,component_35,21,34,0.00016845473933909687,0.00012214486198658392
component_34,component_03,33,2,0.00016663554472227192,0.00012214486198658392
component_05,component_34,4,33,0.00016653657206606442,0.00012214486198658392
component_57,component_15,56,14,0.00016627281132268012,0.00012214486198658392
component_09,component_35,8,34,0.00016519770790772648,0.00012214486198658392
component_07,component_19,6,18,0.00016496626086427387,0.00012214486198658392
component_55,component_32,54,31,0.00016271346103882036,0.00012214486198658392
component_29,component_56,28,55,0.00016202948553309567,0.00012214486198658392
component_30,component_32,29,31,0.00016168622198200368,0.00012214486198658392
component_09,component_34,8,33,0.00016120139201257865,0.00012214486198658392
component_19,component_20,18,19,0.00016044788961615324,0.00012214486198658392
component_52,component_51,51,50,0.0001602883267293308,0.00012214486198658392
component_46,component_58,45,57,0.00015974577684685397,0.00012214486198658392
component_20,component_46,19,45,0.00015901173859579024,0.00012214486198658392
component_27,component_23,26,22,0.0001584947533239972,0.00012214486198658392
component_01,component_28,0,27,0.00015819924601098126,0.00012214486198658392
component_36,component_25,35,24,0.00015805634101476992,0.00012214486198658392
component_05,component_17,4,16,0.0001572917262230366,0.00012214486198658392
component_51,component_59,50,58,0.00015652392230603546,0.00012214486198658392
component_37,component_52,36,51,0.00015638269664294236,0.00012214486198658392
component_37,component_10,36,9,0.00015586000680408167,0.00012214486198658392
component_36,component_55,35,54,0.00015501267983695195,0.00012214486198658392
component_27,component_48,26,47,0.00015081575643729485,0.00012214486198658392
component_13,component_37,12,36,0.00015050548986371366,0.00012214486198658392
component_49,component_14,48,13,0.00015011312045825972,0.00012214486198658392
component_27,component_38,26,37,0.00014959861211285525,0.00012214486198658392
component_59,component_60,58,59,0.00014919557845050714,0.00012214486198658392
component_48,component_04,47,3,0.00014577018817734538,0.00012214486198658392
component_55,component_07,54,6,0.0001455101921208517,0.00012214486198658392
component_19,component_10,18,9,0.0001452248819341106,0.00012214486198658392
component_08,component_03,7,2,0.00014444632107395435,0.00012214486198658392
component_50,component_28,49,27,0.00014421082614686915,0.00012214486198658392
component_53,component_03,52,2,0.00014416210310758807,0.00012214486198658392
component_46,component_33,45,32,0.00014304062425713797,0.00012214486198658392
component_02,component_05,1,4,0.00014277151799491015,0.00012214486198658392
component_06,component_44,5,43,0.00014168510882962826,0.00012214486198658392
component_35,component_59,34,58,0.00014129415731604713,0.00012214486198658392
component_07,component_32,6,31,0.00014106816439043795,0.00012214486198658392
component_13,component_39,12,38,0.00014025698490775296,0.00012214486198658392
component_09,component_42,8,41,0.0001397225841113827,0.00012214486198658392
component_42,component_24,41,23,0.0001393287160057018,0.00012214486198658392
component_55,component_25,54,24,0.00013846962753034367,0.00012214486198658392
component_13,component_17,12,16,0.0001384408370285926,0.00012214486198658392
component_44,component_47,43,46,0.00013840088893959517,0.00012214486198658392
component_09,component_50,8,49,0.00013739328624838625,0.00012214486198658392
component_18,component_60,17,59,0.00013725264845320436,0.00012214486198658392
component_30,component_22,29,21,0.00013704653550746025,0.00012214486198658392
component_34,component_09,33,8,0.00013700689932241616,0.00012214486198658392
component_14,component_49,13,48,0.00013591298702898843,0.00012214486198658392
component_49,component_06,48,5,0.00013574549868339533,0.00012214486198658392
component_29,component_50,28,49,0.0001355031207354841,0.00012214486198658392
component_32,component_08,31,7,0.00013452106324220427,0.00012214486198658392
component_43,component_11,42,10,0.0001344185421148409,0.00012214486198658392
component_11,component_30,10,29,0.00013433469476679336,0.00012214486198658392
component_60,component_41,59,40,0.0001339663051988302,0.00012214486198658392
component_29,component_06,28,5,0.00013390206385336214,0.00012214486198658392
component_47,component_33,46,32,0.00013312694131513642,0.00012214486198658392
component_03,component_04,2,3,0.00013289681534772632,0.00012214486198658392
component_60,component_29,59,28,0.00013228404849701506,0.00012214486198658392
component_49,component_36,48,35,0.00013150171478197155,0.00012214486198658392
component_43,component_20,42,19,0.00012897083903810837,0.00012214486198658392
component_48,component_05,47,4,0.0001288453556783446,0.00012214486198658392
component_47,component_42,46,41,0.0001284231185298319,0.00012214486198658392
component_40,component_35,39,34,0.00012696239437904783,0.00012214486198658392
component_56,component_02,55,1,0.0001267969287694104,0.00012214486198658392
component_53,component_31,52,30,0.0001263651567057007,0.00012214486198658392
component_04,component_59,3,58,0.000126124315887902,0.00012214486198658392
component_03,component_28,2,27,0.00012563907107755726,0.00012214486198658392
component_37,component_28,36,27,0.0001241251170631687,0.00012214486198658392
component_43,component_33,42,32,0.00012392506835031775,0.00012214486198658392
component_27,component_40,26,39,0.0001238134197422264,0.00012214486198658392
component_22,component_49,21,48,0.0001236796174294646,0.00012214486198658392
component_48,component_40,47,39,0.00012357610511776288,0.00012214486198658392
component_49,component_17,48,16,0.0001231586275064684,0.00012214486198658392
component_22,component_14,21,13,0.00012301068380064092,0.00012214486198658392
component_53,component_14,52,13,0.00012232951846843362,0.00012214486198658392
component_07,component_58,6,57,0.00012173812236940514,0.00012214486198658392
component_55,component_44,54,43,0.00012150224497608545,0.00012214486198658392
component_39,component_22,38,21,0.00012149290299118146,0.00012214486198658392
component_05,component_36,4,35,0.0001205632983293437,0.00012214486198658392
component_59,component_39,58,38,0.00011982404841798355,0.00012214486198658392
component_44,component_34,43,33,0.00011946606654204454,0.00012214486198658392
component_37,component_34,36,33,0.00011943426970990022,0.00012214486198658392
component_39,component_02,38,1,0.00011916051717663449,0.00012214486198658392
component_55,component_59,54,58,0.00011887123094874992,0.00012214486198658392
component_37,component_30,36,29,0.00011717750632046076,0.00012214486198658392
component_37,component_39,36,38,0.0001165437609952199,0.00012214486198658392
component_51,component_14,50,13,0.00011644240177727198,0.00012214486198658392
component_31,component_37,30,36,0.0001156796350387252,0.00012214486198658392
component_10,component_27,9,26,0.00011523298193196523,0.00012214486198658392
component_06,component_32,5,31,0.00011489812013015728,0.00012214486198658392
component_46,component_05,45,4,0.00011354399675430252,0.00012214486198658392
component_58,component_15,57,14,0.0001128077073218243,0.00012214486198658392
component_04,component_35,3,34,0.00011213720880452443,0.00012214486198658392
component_10,component_04,9,3,0.00011186069523298344,0.00012214486198658392
component_14,component_26,13,25,0.00011107039301853856,0.00012214486198658392
component_07,component_24,6,23,0.00010993140516098957,0.00012214486198658392
component_19,component_21,18,20,0.00010920690873307814,0.00012214486198658392
component_13,component_45,12,44,0.00010880786863925405,0.00012214486198658392
component_21,component_20,20,19,0.00010848663752554248,0.00012214486198658392
component_60,component_57,59,56,0.00010814955699903642,0.00012214486198658392
component_30,component_05,29,4,0.0001073513261178409,0.00012214486198658392
component_52,component_36,51,35,0.00010712410157286755,0.00012214486198658392
component_56,component_30,55,29,0.00010708912806496227,0.00012214486198658392
component_33,component_34,32,33,0.0001070322787312911,0.00012214486198658392
component_05,component_21,4,20,0.00010596343537706151,0.00012214486198658392
component_14,component_45,13,44,0.00010534784696274708,0.00012214486198658392
component_45,component_44,44,43,0.00010511214277403847,0.00012214486198658392
component_16,component_11,15,10,0.0001045985705751291,0.00012214486198658392
component_30,component_23,29,22,0.0001036468912846874,0.00012214486198658392
component_09,component_23,8,22,0.00010361486765566701,0.00012214486198658392
component_59,component_45,58,44,0.0001019657688704393,0.00012214486198658392
component_32,component_25,31,24,0.00010171231221881968,0.00012214486198658392
component_40,component_25,39,24,0.00010156260261142596,0.00012214486198658392
component_09,component_58,8,57,0.00010154912041590092,0.00012214486198658392
component_48,component_42,47,41,9.934324058556609e-05,0.00012214486198658392
component_13,component_58,12,57,9.926737853609057e-05,0.00012214486198658392
component_14,component_24,13,23,9.905118678465348e-05,0.00012214486198658392
component_36,component_44,35,43,9.838631652134942e-05,0.00012214486198658392
component_04,component_56,3,55,9.80497531496662e-05,0.00012214486198658392
component_08,component_40,7,39,9.68714608523296e-05,0.00012214486198658392
component_39,component_37,38,36,9.677842244558952e-05,0.00012214486198658392
component_39,component_50,38,49,9.550330737414083e-05,0.00012214486198658392
component_40,component_05,39,4,9.533277487955134e-05,0.00012214486198658392
component_08,component_58,7,57,9.525794016642999e-05,0.00012214486198658392
component_20,component_38,19,37,9.471321907196796e-05,0.00012214486198658392
component_15,component_32,14,31,9.436016306679516e-05,0.00012214486198658392
component_21,component_38,20,37,9.432500083793316e-05,0.00012214486198658392
component_39,component_25,38,24,9.31703909468231e-05,0.00012214486198658392
component_19,component_05,18,4,9.287216207441877e-05,0.00012214486198658392
component_54,component_18,53,17,9.259496432654103e-05,0.00012214486198658392
component_07,component_02,6,1,9.122564928153837e-05,0.00012214486198658392
component_17,component_10,16,9,8.90294827005882e-05,0.00012214486198658392
component_54,component_22,53,21,8.900467917769626e-05,0.00012214486198658392
component_47,component_58,46,57,8.868659976873125e-05,0.00012214486198658392
component_23,component_59,22,58,8.834870171810878e-05,0.00012214486198658392
component_26,component_30,25,29,8.787231906403728e-05,0.00012214486198658392
component_26,component_02,25,1,8.776462030412626e-05,0.00012214486198658392
component_36,component_32,35,31,8.752644253061883e-05,0.00012214486198658392
component_57,component_29,56,28,8.674113245155133e-05,0.00012214486198658392
component_50,component_14,49,13,8.599354170283683e-05,0.00012214486198658392
component_41,component_11,40,10,8.440932771261017e-05,0.00012214486198658392
component_50,component_47,49,46,8.396243797348466e-05,0.00012214486198658392
component_49,component_01,48,0,8.351962690325907e-05,0.00012214486198658392
component_52,component_18,51,17,8.257725884021144e-05,0.00012214486198658392
component_39,component_57,38,56,8.225156761530882e-05,0.00012214486198658392
component_42,component_49,41,48,8.217258337878607e-05,0.00012214486198658392
component_43,component_53,42,52,8.206376726428483e-05,0.00012214486198658392
component_34,component_55,33,54,8.170447952576875e-05,0.00012214486198658392
component_45,component_04,44,3,8.129856494897244e-05,0.00012214486198658392
component_46,component_28,45,27,8.129639193820554e-05,0.00012214486198658392
component_32,component_21,31,20,8.014504194138743e-05,0.00012214486198658392
component_42,component_32,41,31,7.891959587395491e-05,0.00012214486198658392
component_11,component_48,10,47,7.88972187507868e-05,0.00012214486198658392
component_25,component_37,24,36,7.812922783855198e-05,0.00012214486198658392
component_30,component_57,29,56,7.657032991051032e-05,0.00012214486198658392
component_01,component_52,0,51,7.58758906424082e-05,0.00012214486198658392
component_51,component_12,50,11,7.582848230999257e-05,0.00012214486198658392
component_28,component_15,27,14,7.567860705693993e-05,0.00012214486198658392
component_09,component_05,8,4,7.55518282384996e-05,0.00012214486198658392
component_46,component_55,45,54,7.464519851507702e-05,0.00012214486198658392
component_59,component_41,58,40,7.347734137990781e-05,0.00012214486198658392
component_38,component_32,37,31,7.332263923392137e-05,0.00012214486198658392
component_28,component_09,27,8,7.082491533566765e-05,0.00012214486198658392
component_43,component_02,42,1,7.043274160411982e-05,0.00012214486198658392
component_51,component_27,50,26,7.008445008782797e-05,0.00012214486198658392
component_32,component_41,31,40,6.898491849609297e-05,0.00012214486198658392
component_09,component_53,8,52,6.874459679336262e-05,0.00012214486198658392
component_50,component_53,49,52,6.809353908292245e-05,0.00012214486198658392
component_35,component_42,34,41,6.779766006729206e-05,0.00012214486198658392
component_33,component_10,32,9,6.74701646290795e-05,0.00012214486198658392
component_17,component_39,16,38,6.733174560618588e-05,0.00012214486198658392
component_35,component_01,34,0,6.648777065584174e-05,0.00012214486198658392
component_06,component_37,5,36,6.573524382812285e-05,0.00012214486198658392
component_22,component_38,21,37,6.55457429823128e-05,0.00012214486198658392
component_45,component_48,44,47,6.511992557195183e-05,0.00012214486198658392
component_20,component_21,19,20,6.502262080022885e-05,0.00012214486198658392
component_23,component_44,22,43,6.429323304113084e-05,0.00012214486198658392
component_51,component_36,50,35,6.384560246330603e-05,0.00012214486198658392
component_29,component_12,28,11,6.342423781645083e-05,0.00012214486198658392
component_24,component_29,23,28,6.261535455748802e-05,0.00012214486198658392
component_32,component_53,31,52,6.245964989143524e-05,0.00012214486198658392
component_02,component_47,1,46,6.243780901741083e-05,0.00012214486198658392
component_39,component_07,38,6,6.215816699658912e-05,0.00012214486198658392
component_42,component_28,41,27,6.190292804354324e-05,0.00012214486198658392
component_04,component_52,3,51,6.074412379283712e-05,0.00012214486198658392
component_34,component_21,33,20,6.054108388420205e-05,0.00012214486198658392
component_58,component_53,57,52,6.0228626598585064e-05,0.00012214486198658392
component_57,component_16,56,15,6.007081760784288e-05,0.00012214486198658392
component_25,component_59,24,58,5.951179559273199e-05,0.00012214486198658392
component_45,component_11,44,10,5.940743891237588e-05,0.00012214486198658392
component_56,component_36,55,35,5.8695533487686285e-05,0.00012214486198658392
component_35,component_27,34,26,5.8497799029628126e-05,0.00012214486198658392
component_52,component_47,51,46,5.8367746757048456e-05,0.00012214486198658392
component_27,component_25,26,24,5.821915389803476e-05,0.00012214486198658392
component_11,component_42,10,41,5.8124538392308113e-05,0.00012214486198658392
component_41,component_06,40,5,5.6964842425913105e-05,0.00012214486198658392
component_24,component_57,23,56,5.6670203851497e-05,0.00012214486198658392
component_31,component_23,30,22,5.651727602933691e-05,0.00012214486198658392
component_16,component_07,15,6,5.649519891912636e-05,0.00012214486198658392
component_45,component_47,44,46,5.6481281308119584e-05,0.00012214486198658392
component_28,component_31,27,30,5.610523911600638e-05,0.00012214486198658392
component_52,component_07,51,6,5.574077758475901e-05,0.00012214486198658392
component_03,component_07,2,6,5.561607866317762e-05,0.00012214486198658392
component_10,component_15,9,14,5.538091156704109e-05,0.00012214486198658392
component_51,component_11,50,10,5.457480622419103e-05,0.00012214486198658392
component_42,component_59,41,58,5.396826550156073e-05,0.00012214486198658392
component_37,component_50,36,49,5.347451699145477e-05,0.00012214486198658392
component_01,component_15,0,14,5.245493878344083e-05,0.00012214486198658392
component_16,component_29,15,28,5.1944416375306876e-05,0.00012214486198658392
component_52,component_56,51,55,5.1295463680312925e-05,0.00012214486198658392
component_13,component_47,12,46,5.0836775100930094e-05,0.00012214486198658392
component_40,component_45,39,44,5.0828585948541364e-05,0.00012214486198658392
component_12,component_56,11,55,5.064816273977907e-05,0.00012214486198658392
component_18,component_01,17,0,4.922907427835118e-05,0.00012214486198658392
component_44,component_58,43,57,4.866053787880867e-05,0.00012214486198658392
component_59,component_34,58,33,4.816087561790278e-05,0.00012214486198658392
component_26,component_23,25,22,4.746584882643382e-05,0.00012214486198658392
component_46,component_20,45,19,4.7345369614158414e-05,0.00012214486198658392
component_29,component_34,28,33,4.501669380403998e-05,0.00012214486198658392
component_34,component_11,33,10,4.3312985002496554e-05,0.00012214486198658392
component_36,component_31,35,30,4.316471086250793e-05,0.00012214486198658392
component_38,component_52,37,51,4.2495936046971385e-05,0.00012214486198658392
component_23,component_52,22,51,4.203210790166217e-05,0.00012214486198658392
component_39,component_35,38,34,4.1875778771115955e-05,0.00012214486198658392
component_57,component_17,56,16,4.077462876992077e-05,0.00012214486198658392
component_07,component_57,6,56,4.0597421654109514e-05,0.00012214486198658392
component_37,component_06,36,5,4.027971658660407e-05,0.00012214486198658392
component_02,component_45,1,44,3.984144042086719e-05,0.00012214486198658392
component_57,component_24,56,23,3.970012628904578e-05,0.00012214486198658392
component_29,component_23,28,22,3.9589771617998964e-05,0.00012214486198658392
component_37,component_21,36,20,3.954239867497687e-05,0.00012214486198658392
component_33,component_03,32,2,3.9350569287594205e-05,0.00012214486198658392
component_49,component_42,48,41,3.8708742454392735e-05,0.00012214486198658392
component_47,component_55,46,54,3.862863017197848e-05,0.00012214486198658392
component_27,component_15,26,14,3.8408177022239236e-05,0.00012214486198658392
component_22,component_07,21,6,3.833494020459899e-05,0.00012214486198658392
component_36,component_57,35,56,3.812767197362905e-05,0.00012214486198658392
component_35,component_23,34,22,3.811711673254651e-05,0.00012214486198658392
component_36,component_03,35,2,3.7782533217819005e-05,0.00012214486198658392
component_05,component_14,4,13,3.7582295360772766e-05,0.00012214486198658392
component_35,component_31,34,30,3.746550423245091e-05,0.00012214486198658392
component_44,component_26,43,25,3.69577163375121e-05,0.00012214486198658392
component_13,component_55,12,54,3.54105310377387e-05,0.00012214486198658392
component_13,component_20,12,19,3.539759521762058e-05,0.00012214486198658392
component_59,component_23,58,22,3.431078749078752e-05,0.00012214486198658392
component_22,component_25,21,24,3.4216813845164274e-05,0.00012214486198658392
component_25,component_48,24,47,3.420346937295615e-05,0.00012214486198658392
component_42,component_11,41,10,3.345641626432169e-05,0.00012214486198658392
component_24,component_33,23,32,3.229334483674954e-05,0.00012214486198658392
component_31,component_54,30,53,3.168167392459534e-05,0.00012214486198658392
component_42,component_20,41,19,3.052307821682415e-05,0.00012214486198658392
component_41,component_45,40,44,3.011192400736827e-05,0.00012214486198658392
component_31,component_27,30,26,2.96701531719734e-05,0.00012214486198658392
component_54,component_31,53,30,2.8643540164684375e-05,0.00012214486198658392
component_17,component_15,16,14,2.8566567031465155e-05,0.00012214486198658392
component_20,component_58,19,57,2.78728332998376e-05,0.00012214486198658392
component_33,component_14,32,13,2.7830953311492175e-05,0.00012214486198658392
component_11,component_36,10,35,2.7116485505486253e-05,0.00012214486198658392
component_53,component_36,52,35,2.592386025285261e-05,0.00012214486198658392
component_11,component_44,10,43,2.5298279176668315e-05,0.00012214486198658392
component_13,component_08,12,7,2.4400897937430218e-05,0.00012214486198658392
component_48,component_41,47,40,2.420932914795062e-05,0.00012214486198658392
component_08,component_23,7,22,2.3950076670281573e-05,0.00012214486198658392
component_20,component_07,19,6,2.3224178737144517e-05,0.00012214486198658392
component_17,component_46,16,45,2.314182908973281e-05,0.00012214486198658392
component_17,component_35,16,34,2.3050377191017723e-05,0.00012214486198658392
component_54,component_24,53,23,2.254823290858348e-05,0.00012214486198658392
component_03,component_26,2,25,2.2002622590442116e-05,0.00012214486198658392
component_35,component_20,34,19,2.1987427032098e-05,0.00012214486198658392
component_46,component_14,45,13,2.178629458024812e-05,0.00012214486198658392
component_22,component_06,21,5,2.121563685174093e-05,0.00012214486198658392
component_37,component_59,36,58,2.078163138617139e-05,0.00012214486198658392
component_46,component_15,45,14,2.0163123761589562e-05,0.00012214486198658392
component_23,component_21,22,20,2.0151649463324013e-05,0.00012214486198658392
component_45,component_13,44,12,1.9966544569021717e-05,0.00012214486198658392
component_10,component_54,9,53,1.9955075986855854e-05,0.00012214486198658392
component_51,component_35,50,34,1.9610306476936342e-05,0.00012214486198658392
component_31,component_14,30,13,1.9401335616683343e-05,0.00012214486198658392
component_41,component_21,40,20,1.9010065567556778e-05,0.00012214486198658392
component_14,component_13,13,12,1.8896874171931582e-05,0.00012214486198658392
component_22,component_46,21,45,1.816297424927718e-05,0.00012214486198658392
component_55,component_28,54,27,1.8036418732323475e-05,0.00012214486198658392
component_38,component_46,37,45,1.76319998498836e-05,0.00012214486198658392
component_30,component_40,29,39,1.7113091445013532e-05,0.00012214486198658392
component_09,component_04,8,3,1.6641677115878767e-05,0.00012214486198658392
component_58,component_05,57,4,1.5719264890605872e-05,0.00012214486198658392
component_41,component_27,40,26,1.567625698550932e-05,0.00012214486198658392
component_46,component_39,45,38,1.496657596689651e-05,0.00012214486198658392
component_23,component_29,22,28,1.4390255113655627e-05,0.00012214486198658392
component_47,component_56,46,55,1.3614408790807014e-05,0.00012214486198658392
component_02,component_39,1,38,1.2227698820425046e-05,0.00012214486198658392
component_32,component_16,31,15,1.2218533147027595e-05,0.00012214486198658392
component_52,component_37,51,36,1.1943504506405582e-05,0.00012214486198658392
component_31,component_21,30,20,1.1383578740886008e-05,0.00012214486198658392
component_04,component_51,3,50,1.1331995369655924e-05,0.00012214486198658392
component_60,component_04,59,3,1.0933554670266503e-05,0.00012214486198658392
component_36,component_38,35,37,1.0333154544047113e-05,0.00012214486198658392
component_20,component_12,19,11,9.90491078645898e-06,0.00012214486198658392
component_49,component_09,48,8,9.78546288523416e-06,0.00012214486198658392
component_47,component_14,46,13,9.737084352313795e-06,0.00012214486198658392
component_31,component_30,30,29,9.653575014382094e-06,0.00012214486198658392
component_57,component_03,56,2,9.449731863829614e-06,0.00012214486198658392
component_24,component_23,23,22,9.38328156798994e-06,0.00012214486198658392
component_21,component_16,20,15,9.18930313323059e-06,0.00012214486198658392
component_24,component_30,23,29,9.01241688809463e-06,0.00012214486198658392
component_28,component_16,27,15,8.190202940313793e-06,0.00012214486198658392
component_12,component_11,11,10,7.604047839478015e-06,0.00012214486198658392
component_30,component_18,29,17,6.5770598211104556e-06,0.00012214486198658392
component_54,component_44,53,43,6.28649951825151e-06,0.00012214486198658392
component_33,component_59,32,58,6.0844203222895925e-06,0.00012214486198658392
component_57,component_50,56,49,5.899735931472547e-06,0.00012214486198658392
component_26,component_44,25,43,5.881379137077317e-06,0.00012214486198658392
component_43,component_01,42,0,5.715410572210909e-06,0.00012214486198658392
component_25,component_20,24,19,5.557671945466961e-06,0.00012214486198658392
component_09,component_55,8,54,5.536431172974761e-06,0.00012214486198658392
component_58,component_25,57,24,5.525798116080046e-06,0.00012214486198658392
component_43,component_50,42,49,4.6980639573429225e-06,0.00012214486198658392
component_60,component_23,59,22,4.640364334446411e-06,0.00012214486198658392
component_52,component_23,51,22,3.648986054011964e-06,0.00012214486198658392
component_50,component_02,49,1,3.6411005897033974e-06,0.00012214486198658392
component_51,component_48,50,47,3.4027293516836004e-06,0.00012214486198658392
component_59,component_02,58,1,3.1368844315495816e-06,0.00012214486198658392
component_18,component_44,17,43,2.5862527980737666e-06,0.00012214486198658392
component_40,component_16,39,15,2.1288063219743354e-06,0.00012214486198658392
component_31,component_51,30,50,1.9973302768107033e-06,0.00012214486198658392
component_42,component_06,41,5,1.7931078556284417e-06,0.00012214486198658392
component_22,component_54,21,53,1.2473898784439656e-06,0.00012214486198658392
component_12,component_42,11,41,7.034232168035991e-07,0.00012214486198658392
component_46,component_43,45,42,2.877555862875402e-07,0.00012214486198658392
component_18,component_07,17,6,2.410802334853828e-07,0.00012214486198658392
component_21,component_11,20,10,0.0,0.00012214486198658392
component_57,component_07,56,6,0.0,0.00012214486198658392
component_21,component_10,20,9,0.0,0.00012214486198658392
component_21,component_03,20,2,0.0,0.00012214486198658392
component_21,component_15,20,14,0.0,0.00012214486198658392
component_21,component_14,20,13,0.0,0.00012214486198658392
component_21,component_06,20,5,0.0,0.00012214486198658392
component_20,component_59,19,58,0.0,0.00012214486198658392
component_57,component_12,56,11,0.0,0.00012214486198658392
component_21,component_04,20,3,0.0,0.00012214486198658392
component_57,component_09,56,8,0.0,0.00012214486198658392
component_20,component_17,19,16,0.0,0.00012214486198658392
component_20,component_52,19,51,0.0,0.00012214486198658392
component_20,component_50,19,49,0.0,0.00012214486198658392
component_19,component_09,18,8,0.0,0.00012214486198658392
component_18,component_58,17,57,0.0,0.00012214486198658392
component_18,component_48,17,47,0.0,0.00012214486198658392
component_18,component_47,17,46,0.0,0.00012214486198658392
component_18,component_39,17,38,0.0,0.00012214486198658392
component_57,component_48,56,47,0.0,0.00012214486198658392
component_18,component_32,17,31,0.0,0.00012214486198658392
component_18,component_29,17,28,0.0,0.00012214486198658392
component_18,component_28,17,27,0.0,0.00012214486198658392
component_57,component_53,56,52,0.0,0.00012214486198658392
component_18,component_20,17,19,0.0,0.00012214486198658392
component_18,component_19,17,18,0.0,0.00012214486198658392
component_18,component_14,17,13,0.0,0.00012214486198658392
component_18,component_05,17,4,0.0,0.00012214486198658392
component_18,component_03,17,2,0.0,0.00012214486198658392
component_19,component_23,18,22,0.0,0.00012214486198658392
component_19,component_36,18,35,0.0,0.00012214486198658392
component_57,component_39,56,38,0.0,0.00012214486198658392
component_20,component_34,19,33,0.0,0.00012214486198658392
component_57,component_21,56,20,0.0,0.00012214486198658392
component_20,component_49,19,48,0.0,0.00012214486198658392
component_20,component_44,19,43,0.0,0.00012214486198658392
component_20,component_41,19,40,0.0,0.00012214486198658392
component_20,component_40,19,39,0.0,0.00012214486198658392
component_20,component_39,19,38,0.0,0.00012214486198658392
component_20,component_32,19,31,0.0,0.00012214486198658392
component_19,component_53,18,52,0.0,0.00012214486198658392
component_20,component_25,19,24,0.0,0.00012214486198658392
component_01,component_35,0,34,0.0,0.00012214486198658392
component_20,component_11,19,10,0.0,0.00012214486198658392
component_20,component_10,19,9,0.0,0.00012214486198658392
component_57,component_35,56,34,0.0,0.00012214486198658392
component_20,component_06,19,5,0.0,0.00012214486198658392
component_21,component_17,20,16,0.0,0.00012214486198658392
component_49,component_33,48,32,0.0,0.00012214486198658392
component_57,component_04,56,3,0.0,0.00012214486198658392
component_23,component_43,22,42,0.0,0.00012214486198658392
component_24,component_13,23,12,0.0,0.00012214486198658392
component_24,component_04,23,3,0.0,0.00012214486198658392
component_56,component_04,55,3,0.0,0.00012214486198658392
component_24,component_02,23,1,0.0,0.00012214486198658392
component_23,component_56,22,55,0.0,0.00012214486198658392
component_23,component_53,22,52,0.0,0.00012214486198658392
component_23,component_50,22,49,0.0,0.00012214486198658392
component_23,component_42,22,41,0.0,0.00012214486198658392
component_23,component_13,22,12,0.0,0.00012214486198658392
component_23,component_41,22,40,0.0,0.00012214486198658392
component_56,component_12,55,11,0.0,0.00012214486198658392
component_56,component_13,55,12,0.0,0.00012214486198658392
component_23,component_33,22,32,0.0,0.00012214486198658392
component_56,component_15,55,14,0.0,0.00012214486198658392
component_23,component_20,22,19,0.0,0.00012214486198658392
component_23,component_17,22,16,0.0,0.00012214486198658392
component_24,component_17,23,16,0.0,0.00012214486198658392
component_24,component_18,23,17,0.0,0.00012214486198658392
component_24,component_21,23,20,0.0,0.00012214486198658392
component_24,component_22,23,21,0.0,0.00012214486198658392
component_25,component_44,24,43,0.0,0.00012214486198658392
component_25,component_43,24,42,0.0,0.00012214486198658392
component_25,component_32,24,31,0.0,0.00012214486198658392
component_25,component_28,24,27,0.0,0.00012214486198658392
component_25,component_26,24,25,0.0,0.00012214486198658392
component_55,component_46,54,45,0.0,0.00012214486198658392
component_25,component_17,24,16,0.0,0.00012214486198658392
component_24,component_60,23,59,0.0,0.00012214486198658392
component_55,component_49,54,48,0.0,0.00012214486198658392
component_55,component_50,54,49,0.0,0.00012214486198658392
component_24,component_47,23,46,0.0,0.00012214486198658392
component_24,component_44,23,43,0.0,0.00012214486198658392
component_24,component_32,23,31,0.0,0.00012214486198658392
component_24,component_27,23,26,0.0,0.00012214486198658392
component_55,component_56,54,55,0.0,0.00012214486198658392
component_23,component_16,22,15,0.0,0.00012214486198658392
component_23,component_08,22,7,0.0,0.00012214486198658392
component_57,component_02,56,1,0.0,0.00012214486198658392
component_21,component_42,20,41,0.0,0.00012214486198658392
component_22,component_01,21,0,0.0,0.00012214486198658392
component_21,component_56,20,55,0.0,0.00012214486198658392
component_21,component_55,20,54,0.0,0.00012214486198658392
component_56,component_49,55,48,0.0,0.00012214486198658392
component_21,component_54,20,53,0.0,0.00012214486198658392
component_18,component_02,17,1,0.0,0.00012214486198658392
component_21,component_46,20,45,0.0,0.00012214486198658392
component_56,component_54,55,53,0.0,0.00012214486198658392
component_23,component_05,22,4,0.0,0.00012214486198658392
component_21,component_37,20,36,0.0,0.00012214486198658392
component_21,component_34,20,33,0.0,0.00012214486198658392
component_21,component_32,20,31,0.0,0.00012214486198658392
component_56,component_58,55,57,0.0,0.00012214486198658392
component_21,component_22,20,21,0.0,0.00012214486198658392
component_21,component_19,20,18,0.0,0.00012214486198658392
component_57,component_01,56,0,0.0,0.00012214486198658392
component_56,component_45,55,44,0.0,0.00012214486198658392
component_56,component_44,55,43,0.0,0.00012214486198658392
component_56,component_43,55,42,0.0,0.00012214486198658392
component_22,component_02,21,1,0.0,0.00012214486198658392
component_22,component_60,21,59,0.0,0.00012214486198658392
component_22,component_56,21,55,0.0,0.00012214486198658392
component_56,component_26,55,25,0.0,0.00012214486198658392
component_56,component_27,55,26,0.0,0.00012214486198658392
component_22,component_53,21,52,0.0,0.00012214486198658392
component_22,component_36,21,35,0.0,0.00012214486198658392
component_22,component_27,21,26,0.0,0.00012214486198658392
component_56,component_33,55,32,0.0,0.00012214486198658392
component_22,component_13,21,12,0.0,0.00012214486198658392
component_22,component_09,21,8,0.0,0.00012214486198658392
component_22,component_05,21,4,0.0,0.00012214486198658392
component_56,component_38,55,37,0.0,0.00012214486198658392
component_22,component_04,21,3,0.0,0.00012214486198658392
component_22,component_03,21,2,0.0,0.00012214486198658392
component_56,component_41,55,40,0.0,0.00012214486198658392
component_21,component_52,20,51,0.0,0.00012214486198658392
component_16,component_17,15,16,0.0,0.00012214486198658392
component_17,component_55,16,54,0.0,0.00012214486198658392
component_60,component_07,59,6,0.0,0.00012214486198658392
component_07,component_39,6,38,0.0,0.00012214486198658392
component_07,component_37,6,36,0.0,0.00012214486198658392
component_07,component_23,6,22,0.0,0.00012214486198658392
component_07,component_18,6,17,0.0,0.00012214486198658392
component_60,component_03,59,2,0.0,0.00012214486198658392
component_07,component_12,6,11,0.0,0.00012214486198658392
component_07,component_10,6,9,0.0,0.00012214486198658392
component_07,component_05,6,4,0.0,0.00012214486198658392
component_07,component_47,6,46,0.0,0.00012214486198658392
component_06,component_46,5,45,0.0,0.00012214486198658392
component_06,component_35,5,34,0.0,0.00012214486198658392
component_60,component_11,59,10,0.0,0.00012214486198658392
component_06,component_31,5,30,0.0,0.00012214486198658392
component_06,component_20,5,19,0.0,0.00012214486198658392
component_06,component_11,5,10,0.0,0.00012214486198658392
component_60,component_15,59,14,0.0,0.00012214486198658392
component_07,component_43,6,42,0.0,0.00012214486198658392
component_08,component_17,7,16,0.0,0.00012214486198658392
component_05,component_45,4,44,0.0,0.00012214486198658392
component_09,component_18,8,17,0.0,0.00012214486198658392
component_10,component_09,9,8,0.0,0.00012214486198658392
component_10,component_02,9,1,0.0,0.00012214486198658392
component_09,component_48,8,47,0.0,0.00012214486198658392
component_09,component_45,8,44,0.0,0.00012214486198658392
component_09,component_39,8,38,0.0,0.00012214486198658392
component_09,component_26,8,25,0.0,0.00012214486198658392
component_09,component_25,8,24,0.0,0.00012214486198658392
component_09,component_17,8,16,0.0,0.00012214486198658392
component_59,component_55,58,54,0.0,0.00012214486198658392
component_59,component_46,58,45,0.0,0.00012214486198658392
component_09,component_13,8,12,0.0,0.00012214486198658392
component_09,component_12,8,11,0.0,0.00012214486198658392
component_08,component_47,7,46,0.0,0.00012214486198658392
component_08,component_46,7,45,0.0,0.00012214486198658392
component_08,component_41,7,40,0.0,0.00012214486198658392
component_08,component_25,7,24,0.0,0.00012214486198658392
component_05,component_53,4,52,0.0,0.00012214486198658392
component_05,component_38,4,37,0.0,0.00012214486198658392
component_10,component_13,9,12,0.0,0.00012214486198658392
component_02,component_48,1,47,0.0,0.00012214486198658392
component_03,component_33,2,32,0.0,0.00012214486198658392
component_03,component_25,2,24,0.0,0.00012214486198658392
component_03,component_24,2,23,0.0,0.00012214486198658392
component_03,component_22,2,21,0.0,0.00012214486198658392
component_03,component_12,2,11,0.0,0.00012214486198658392
component_03,component_09,2,8,0.0,0.00012214486198658392
component_02,component_57,1,56,0.0,0.00012214486198658392
component_02,component_46,1,45,0.0,0.00012214486198658392
component_04,component_01,3,0,0.0,0.00012214486198658392
component_60,component_52,59,51,0.0,0.00012214486198658392
component_60,component_53,59,52,0.0,0.00012214486198658392
component_02,component_22,1,21,0.0,0.00012214486198658392
component_02,component_17,1,16,0.0,0.00012214486198658392
component_02,component_04,1,3,0.0,0.00012214486198658392
component_01,component_53,0,52,0.0,0.00012214486198658392
component_02,component_01,1,0,0.0,0.00012214486198658392
component_03,component_35,2,34,0.0,0.00012214486198658392
component_04,component_02,3,1,0.0,0.00012214486198658392
component_05,component_28,4,27,0.0,0.00012214486198658392
component_04,component_53,3,52,0.0,0.00012214486198658392
component_05,component_27,4,26,0.0,0.00012214486198658392
component_05,component_26,4,25,0.0,0.00012214486198658392
component_60,component_22,59,21,0.0,0.00012214486198658392
component_05,component_25,4,24,0.0,0.00012214486198658392
component_05,component_12,4,11,0.0,0.00012214486198658392
component_04,component_60,3,59,0.0,0.00012214486198658392
component_04,component_54,3,53,0.0,0.00012214486198658392
component_60,component_30,59,29,0.0,0.00012214486198658392
component_04,component_16,3,15,0.0,0.00012214486198658392
component_04,component_50,3,49,0.0,0.00012214486198658392
component_04,component_49,3,48,0.0,0.00012214486198658392
component_04,component_46,3,45,0.0,0.00012214486198658392
component_04,component_44,3,43,0.0,0.00012214486198658392
component_04,component_42,3,41,0.0,0.00012214486198658392
component_04,component_33,3,32,0.0,0.00012214486198658392
component_04,component_27,3,26,0.0,0.00012214486198658392
component_01,component_45,0,44,0.0,0.00012214486198658392
component_10,component_18,9,17,0.0,0.00012214486198658392
component_17,component_31,16,30,0.0,0.00012214486198658392
component_14,component_31,13,30,0.0,0.00012214486198658392
component_15,component_34,14,33,0.0,0.00012214486198658392
component_15,component_14,14,13,0.0,0.00012214486198658392
component_15,component_10,14,9,0.0,0.00012214486198658392
component_14,component_55,13,54,0.0,0.00012214486198658392
component_14,component_52,13,51,0.0,0.00012214486198658392
component_14,component_40,13,39,0.0,0.00012214486198658392
component_14,component_35,13,34,0.0,0.00012214486198658392
component_58,component_36,57,35,0.0,0.00012214486198658392
component_15,component_39,14,38,0.0,0.00012214486198658392
component_14,component_23,13,22,0.0,0.00012214486198658392
component_14,component_12,13,11,0.0,0.00012214486198658392
component_14,component_06,13,5,0.0,0.00012214486198658392
component_13,component_57,12,56,0.0,0.00012214486198658392
component_13,component_56,12,55,0.0,0.00012214486198658392
component_13,component_53,12,52,0.0,0.00012214486198658392
component_13,component_44,12,43,0.0,0.00012214486198658392
component_58,component_27,57,26,0.0,0.00012214486198658392
component_15,component_42,14,41,0.0,0.00012214486198658392
component_13,component_33,12,32,0.0,0.00012214486198658392
component_16,component_45,15,44,0.0,0.00012214486198658392
component_17,component_27,16,26,0.0,0.00012214486198658392
component_17,component_26,16,25,0.0,0.00012214486198658392
component_17,component_25,16,24,0.0,0.00012214486198658392
component_17,component_21,16,20,0.0,0.00012214486198658392
component_17,component_19,16,18,0.0,0.00012214486198658392
component_16,component_58,15,57,0.0,0.00012214486198658392
component_16,component_49,15,48,0.0,0.00012214486198658392
component_16,component_44,15,43,0.0,0.00012214486198658392
component_15,component_44,14,43,0.0,0.00012214486198658392
component_16,component_43,15,42,0.0,0.00012214486198658392
component_16,component_31,15,30,0.0,0.00012214486198658392
component_16,component_26,15,25,0.0,0.00012214486198658392
component_16,component_24,15,23,0.0,0.00012214486198658392
component_26,component_03,25,2,0.0,0.00012214486198658392
component_15,component_49,14,48,0.0,0.00012214486198658392
component_15,component_45,14,44,0.0,0.00012214486198658392
component_58,component_45,57,44,0.0,0.00012214486198658392
component_13,component_14,12,13,0.0,0.00012214486198658392
component_59,component_32,58,31,0.0,0.00012214486198658392
component_10,component_45,9,44,0.0,0.00012214486198658392
component_11,component_45,10,44,0.0,0.00012214486198658392
component_11,component_43,10,42,0.0,0.00012214486198658392
component_11,component_41,10,40,0.0,0.00012214486198658392
component_11,component_31,10,30,0.0,0.00012214486198658392
component_11,component_03,10,2,0.0,0.00012214486198658392
component_10,component_57,9,56,0.0,0.00012214486198658392
component_59,component_21,58,20,0.0,0.00012214486198658392
component_10,component_44,9,43,0.0,0.00012214486198658392
component_11,component_54,10,53,0.0,0.00012214486198658392
component_59,component_25,58,24,0.0,0.00012214486198658392
component_10,component_43,9,42,0.0,0.00012214486198658392
component_10,component_42,9,41,0.0,0.00012214486198658392
component_10,component_37,9,36,0.0,0.00012214486198658392
component_59,component_29,58,28,0.0,0.00012214486198658392
component_10,component_22,9,21,0.0,0.00012214486198658392
component_10,component_19,9,18,0.0,0.00012214486198658392
component_11,component_49,10,48,0.0,0.00012214486198658392
component_59,component_10,58,9,0.0,0.00012214486198658392
component_13,component_09,12,8,0.0,0.00012214486198658392
component_12,component_27,11,26,0.0,0.00012214486198658392
component_13,component_06,12,5,0.0,0.00012214486198658392
component_13,component_02,12,1,0.0,0.00012214486198658392
component_58,component_52,57,51,0.0,0.00012214486198658392
component_12,component_48,11,47,0.0,0.00012214486198658392
component_12,component_38,11,37,0.0,0.00012214486198658392
component_12,component_34,11,33,0.0,0.00012214486198658392
component_12,component_31,11,30,0.0,0.00012214486198658392
component_12,component_13,11,12,0.0,0.00012214486198658392
component_11,component_56,10,55,0.0,0.00012214486198658392
component_59,component_01,58,0,0.0,0.00012214486198658392
component_59,component_03,58,2,0.0,0.00012214486198658392
component_59,component_04,58,3,0.0,0.00012214486198658392
component_59,component_05,58,4,0.0,0.00012214486198658392
component_12,component_07,11,6,0.0,0.00012214486198658392
component_11,component_57,10,56,0.0,0.00012214486198658392
component_59,component_08,58,7,0.0,0.00012214486198658392
component_25,component_50,24,49,0.0,0.00012214486198658392
component_27,component_45,26,44,0.0,0.00012214486198658392
component_55,component_37,54,36,0.0,0.00012214486198658392
component_42,component_53,41,52,0.0,0.00012214486198658392
component_41,component_59,40,58,0.0,0.00012214486198658392
component_41,component_50,40,49,0.0,0.00012214486198658392
component_51,component_32,50,31,0.0,0.00012214486198658392
component_51,component_33,50,32,0.0,0.00012214486198658392
component_41,component_36,40,35,0.0,0.00012214486198658392
component_41,component_35,40,34,0.0,0.00012214486198658392
component_41,component_31,40,30,0.0,0.00012214486198658392
component_41,component_30,40,29,0.0,0.00012214486198658392
component_41,component_25,40,24,0.0,0.00012214486198658392
component_51,component_41,50,40,0.0,0.00012214486198658392
component_51,component_43,50,42,0.0,0.00012214486198658392
component_41,component_18,40,17,0.0,0.00012214486198658392
component_41,component_13,40,12,0.0,0.00012214486198658392
component_41,component_05,40,4,0.0,0.00012214486198658392
component_40,component_59,39,58,0.0,0.00012214486198658392
component_40,component_33,39,32,0.0,0.00012214486198658392
component_51,component_50,50,49,0.0,0.00012214486198658392
component_41,component_60,40,59,0.0,0.00012214486198658392
component_42,component_03,41,2,0.0,0.00012214486198658392
component_42,component_05,41,4,0.0,0.00012214486198658392
component_51,component_16,50,15,0.0,0.00012214486198658392
component_51,component_09,50,8,0.0,0.00012214486198658392
component_42,component_50,41,49,0.0,0.00012214486198658392
component_42,component_47,41,46,0.0,0.00012214486198658392
component_42,component_38,41,37,0.0,0.00012214486198658392
component_51,component_13,50,12,0.0,0.00012214486198658392
component_42,component_37,41,36,0.0,0.00012214486198658392
component_42,component_31,41,30,0.0,0.00012214486198658392
component_51,component_17,50,16,0.0,0.00012214486198658392
component_51,component_26,50,25,0.0,0.00012214486198658392
component_42,component_29,41,28,0.0,0.00012214486198658392
component_51,component_19,50,18,0.0,0.00012214486198658392
component_42,component_26,41,25,0.0,0.00012214486198658392
component_51,component_21,50,20,0.0,0.00012214486198658392
component_51,component_22,50,21,0.0,0.00012214486198658392
component_42,component_21,41,20,0.0,0.00012214486198658392
component_42,component_19,41,18,0.0,0.00012214486198658392
component_40,component_30,39,29,0.0,0.00012214486198658392
component_40,component_29,39,28,0.0,0.00012214486198658392
component_40,component_22,39,21,0.0,0.00012214486198658392
component_39,component_04,38,3,0.0,0.00012214486198658392
component_39,component_20,38,19,0.0,0.00012214486198658392
component_39,component_13,38,12,0.0,0.00012214486198658392
component_39,component_12,38,11,0.0,0.00012214486198658392
component_52,component_19,51,18,0.0,0.00012214486198658392
component_52,component_20,51,19,0.0,0.00012214486198658392
component_39,component_11,38,10,0.0,0.00012214486198658392
component_39,component_09,38,8,0.0,0.00012214486198658392
component_52,component_25,51,24,0.0,0.00012214486198658392
component_39,component_29,38,28,0.0,0.00012214486198658392
component_38,component_58,37,57,0.0,0.00012214486198658392
component_38,component_50,37,49,0.0,0.00012214486198658392
component_38,component_42,37,41,0.0,0.00012214486198658392
component_38,component_33,37,32,0.0,0.00012214486198658392
component_52,component_31,51,30,0.0,0.00012214486198658392
component_52,component_32,51,31,0.0,0.00012214486198658392
component_38,component_31,37,30,0.0,0.00012214486198658392
component_39,component_24,38,23,0.0,0.00012214486198658392
component_39,component_40,38,39,0.0,0.00012214486198658392
component_40,component_21,39,20,0.0,0.00012214486198658392
component_52,component_03,51,2,0.0,0.00012214486198658392
component_40,component_19,39,18,0.0,0.00012214486198658392
component_51,component_57,50,56,0.0,0.00012214486198658392
component_40,component_11,39,10,0.0,0.00012214486198658392
component_40,component_10,39,9,0.0,0.00012214486198658392
component_40,component_09,39,8,0.0,0.00012214486198658392
component_40,component_07,39,6,0.0,0.00012214486198658392
component_52,component_02,51,1,0.0,0.00012214486198658392
component_40,component_04,39,3,0.0,0.00012214486198658392
component_39,component_52,38,51,0.0,0.00012214486198658392
component_52,component_05,51,4,0.0,0.00012214486198658392
component_40,component_03,39,2,0.0,0.00012214486198658392
component_39,component_58,38,57,0.0,0.00012214486198658392
component_52,component_08,51,7,0.0,0.00012214486198658392
component_39,component_54,38,53,0.0,0.00012214486198658392
component_52,component_10,51,9,0.0,0.00012214486198658392
component_39,component_53,38,52,0.0,0.00012214486198658392
component_42,component_51,41,50,0.0,0.00012214486198658392
component_43,component_03,42,2,0.0,0.00012214486198658392
component_38,component_03,37,2,0.0,0.00012214486198658392
component_43,component_04,42,3,0.0,0.00012214486198658392
component_46,component_45,45,44,0.0,0.00012214486198658392
component_46,component_37,45,36,0.0,0.00012214486198658392
component_46,component_32,45,31,0.0,0.00012214486198658392
component_46,component_31,45,30,0.0,0.00012214486198658392
component_46,component_30,45,29,0.0,0.00012214486198658392
component_50,component_08,49,7,0.0,0.00012214486198658392
component_50,component_09,49,8,0.0,0.00012214486198658392
component_46,component_13,45,12,0.0,0.00012214486198658392
component_46,component_12,45,11,0.0,0.00012214486198658392
component_46,component_11,45,10,0.0,0.00012214486198658392
component_46,component_06,45,5,0.0,0.00012214486198658392
component_50,component_16,49,15,0.0,0.00012214486198658392
component_46,component_03,45,2,0.0,0.00012214486198658392
component_45,component_56,44,55,0.0,0.00012214486198658392
component_45,component_53,44,52,0.0,0.00012214486198658392
component_45,component_51,44,50,0.0,0.00012214486198658392
component_01,component_11,0,10,0.0,0.00012214486198658392
component_46,component_47,45,46,0.0,0.00012214486198658392
component_49,component_58,48,57,0.0,0.00012214486198658392
component_47,component_09,46,8,0.0,0.00012214486198658392
component_49,component_45,48,44,0.0,0.00012214486198658392
component_49,component_22,48,21,0.0,0.00012214486198658392
component_49,component_20,48,19,0.0,0.00012214486198658392
component_49,component_13,48,12,0.0,0.00012214486198658392
component_49,component_02,48,1,0.0,0.00012214486198658392
component_48,component_59,47,58,0.0,0.00012214486198658392
component_48,component_58,47,57,0.0,0.00012214486198658392
component_48,component_38,47,37,0.0,0.00012214486198658392
component_48,component_32,47,31,0.0,0.00012214486198658392
component_47,component_12,46,11,0.0,0.00012214486198658392
component_48,component_09,47,8,0.0,0.00012214486198658392
component_48,component_06,47,5,0.0,0.00012214486198658392
component_48,component_02,47,1,0.0,0.00012214486198658392
component_47,component_53,46,52,0.0,0.00012214486198658392
component_47,component_45,46,44,0.0,0.00012214486198658392
component_47,component_43,46,42,0.0,0.00012214486198658392
component_47,component_19,46,18,0.0,0.00012214486198658392
component_45,component_41,44,40,0.0,0.00012214486198658392
component_45,component_37,44,36,0.0,0.00012214486198658392
component_45,component_35,44,34,0.0,0.00012214486198658392
component_43,component_31,42,30,0.0,0.00012214486198658392
component_44,component_05,43,4,0.0,0.00012214486198658392
component_43,component_58,42,57,0.0,0.00012214486198658392
component_43,component_51,42,50,0.0,0.00012214486198658392
component_43,component_49,42,48,0.0,0.00012214486198658392
component_43,component_44,42,43,0.0,0.00012214486198658392
component_43,component_42,42,41,0.0,0.00012214486198658392
component_43,component_36,42,35,0.0,0.00012214486198658392
component_43,component_30,42,29,0.0,0.00012214486198658392
component_44,component_13,43,12,0.0,0.00012214486198658392
component_43,component_21,42,20,0.0,0.00012214486198658392
component_43,component_19,42,18,0.0,0.00012214486198658392
component_43,component_17,42,16,0.0,0.00012214486198658392
component_43,component_16,42,15,0.0,0.00012214486198658392
component_43,component_09,42,8,0.0,0.00012214486198658392
component_43,component_05,42,4,0.0,0.00012214486198658392
component_51,component_03,50,2,0.0,0.00012214486198658392
component_44,component_06,43,5,0.0,0.00012214486198658392
component_50,component_44,49,43,0.0,0.00012214486198658392
component_50,component_25,49,24,0.0,0.00012214486198658392
component_45,component_03,44,2,0.0,0.00012214486198658392
component_45,component_31,44,30,0.0,0.00012214486198658392
component_45,component_30,44,29,0.0,0.00012214486198658392
component_45,component_25,44,24,0.0,0.00012214486198658392
component_50,component_29,49,28,0.0,0.00012214486198658392
component_45,component_19,44,18,0.0,0.00012214486198658392
component_45,component_15,44,14,0.0,0.00012214486198658392
component_45,component_07,44,6,0.0,0.00012214486198658392
component_45,component_02,44,1,0.0,0.00012214486198658392
component_44,component_14,43,13,0.0,0.00012214486198658392
component_45,component_01,44,0,0.0,0.00012214486198658392
component_44,component_59,43,58,0.0,0.00012214486198658392
component_50,component_38,49,37,0.0,0.00012214486198658392
component_44,component_41,43,40,0.0,0.00012214486198658392
component_44,component_38,43,37,0.0,0.00012214486198658392
component_44,component_31,43,30,0.0,0.00012214486198658392
component_44,component_19,43,18,0.0,0.00012214486198658392
component_38,component_22,37,21,0.0,0.00012214486198658392
component_38,component_01,37,0,0.0,0.00012214486198658392
component_26,component_04,25,3,0.0,0.00012214486198658392
component_31,component_47,30,46,0.0,0.00012214486198658392
component_29,component_51,28,50,0.0,0.00012214486198658392
component_29,component_41,28,40,0.0,0.00012214486198658392
component_29,component_40,28,39,0.0,0.00012214486198658392
component_29,component_38,28,37,0.0,0.00012214486198658392
component_29,component_36,28,35,0.0,0.00012214486198658392
component_29,component_35,28,34,0.0,0.00012214486198658392
component_29,component_33,28,32,0.0,0.00012214486198658392
component_29,component_32,28,31,0.0,0.00012214486198658392
component_29,component_31,28,30,0.0,0.00012214486198658392
component_54,component_45,53,44,0.0,0.00012214486198658392
component_29,component_15,28,14,0.0,0.00012214486198658392
component_28,component_52,27,51,0.0,0.00012214486198658392
component_54,component_48,53,47,0.0,0.00012214486198658392
component_28,component_39,27,38,0.0,0.00012214486198658392
component_54,component_50,53,49,0.0,0.00012214486198658392
component_28,component_36,27,35,0.0,0.00012214486198658392
component_28,component_34,27,33,0.0,0.00012214486198658392
component_29,component_57,28,56,0.0,0.00012214486198658392
component_29,component_59,28,58,0.0,0.00012214486198658392
component_30,component_04,29,3,0.0,0.00012214486198658392
component_30,component_50,29,49,0.0,0.00012214486198658392
component_54,component_11,53,10,0.0,0.00012214486198658392
component_31,component_11,30,10,0.0,0.00012214486198658392
component_54,component_13,53,12,0.0,0.00012214486198658392
component_31,component_10,30,9,0.0,0.00012214486198658392
component_31,component_07,30,6,0.0,0.00012214486198658392
component_30,component_53,29,52,0.0,0.00012214486198658392
component_30,component_52,29,51,0.0,0.00012214486198658392
component_30,component_49,29,48,0.0,0.00012214486198658392
component_30,component_13,29,12,0.0,0.00012214486198658392
component_30,component_48,29,47,0.0,0.00012214486198658392
component_01,component_26,0,25,0.0,0.00012214486198658392
component_30,component_42,29,41,0.0,0.00012214486198658392
component_30,component_33,29,32,0.0,0.00012214486198658392
component_30,component_31,29,30,0.0,0.00012214486198658392
component_30,component_27,29,26,0.0,0.00012214486198658392
component_30,component_15,29,14,0.0,0.00012214486198658392
component_28,component_32,27,31,0.0,0.00012214486198658392
component_28,component_26,27,25,0.0,0.00012214486198658392
component_28,component_23,27,22,0.0,0.00012214486198658392
component_27,component_10,26,9,0.0,0.00012214486198658392
component_55,component_18,54,17,0.0,0.00012214486198658392
component_27,component_30,26,29,0.0,0.00012214486198658392
component_55,component_20,54,19,0.0,0.00012214486198658392
component_55,component_21,54,20,0.0,0.00012214486198658392
component_27,component_26,26,25,0.0,0.00012214486198658392
component_55,component_23,54,22,0.0,0.00012214486198658392
component_27,component_11,26,10,0.0,0.00012214486198658392
component_26,component_59,25,58,0.0,0.00012214486198658392
component_27,component_49,26,48,0.0,0.00012214486198658392
component_26,component_58,25,57,0.0,0.00012214486198658392
component_26,component_54,25,53,0.0,0.00012214486198658392
component_26,component_53,25,52,0.0,0.00012214486198658392
component_26,component_41,25,40,0.0,0.00012214486198658392
component_26,component_37,25,36,0.0,0.00012214486198658392
component_26,component_35,25,34,0.0,0.00012214486198658392
component_26,component_10,25,9,0.0,0.00012214486198658392
component_49,component_31,48,30,0.0,0.00012214486198658392
component_27,component_53,26,52,0.0,0.00012214486198658392
component_54,component_56,53,55,0.0,0.00012214486198658392
component_28,component_13,27,12,0.0,0.00012214486198658392
component_28,component_22,27,21,0.0,0.00012214486198658392
component_54,component_58,53,57,0.0,0.00012214486198658392
component_28,component_20,27,19,0.0,0.00012214486198658392
component_54,component_60,53,59,0.0,0.00012214486198658392
component_55,component_01,54,0,0.0,0.00012214486198658392
component_55,component_03,54,2,0.0,0.00012214486198658392
component_55,component_04,54,3,0.0,0.00012214486198658392
component_55,component_06,54,5,0.0,0.00012214486198658392
component_27,component_56,26,55,0.0,0.00012214486198658392
component_28,component_11,27,10,0.0,0.00012214486198658392
component_28,component_06,27,5,0.0,0.00012214486198658392
component_28,component_05,27,4,0.0,0.00012214486198658392
component_28,component_04,27,3,0.0,0.00012214486198658392
component_28,component_02,27,1,0.0,0.00012214486198658392
component_28,component_01,27,0,0.0,0.00012214486198658392
component_27,component_60,26,59,0.0,0.00012214486198658392
component_31,component_18,30,17,0.0,0.00012214486198658392
component_54,component_04,53,3,0.0,0.00012214486198658392
component_37,component_60,36,59,0.0,0.00012214486198658392
component_31,component_53,30,52,0.0,0.00012214486198658392
component_35,component_41,34,40,0.0,0.00012214486198658392
component_35,component_36,34,35,0.0,0.00012214486198658392
component_35,component_34,34,33,0.0,0.00012214486198658392
component_53,component_04,52,3,0.0,0.00012214486198658392
component_53,component_05,52,4,0.0,0.00012214486198658392
component_35,component_29,34,28,0.0,0.00012214486198658392
component_35,component_28,34,27,0.0,0.00012214486198658392
component_35,component_26,34,25,0.0,0.00012214486198658392
component_35,component_21,34,20,0.0,0.00012214486198658392
component_53,component_10,52,9,0.0,0.00012214486198658392
component_35,component_14,34,13,0.0,0.00012214486198658392
component_53,component_13,52,12,0.0,0.00012214486198658392
component_35,component_10,34,9,0.0,0.00012214486198658392
component_35,component_06,34,5,0.0,0.00012214486198658392
component_34,component_59,33,58,0.0,0.00012214486198658392
component_34,component_57,33,56,0.0,0.00012214486198658392
component_34,component_51,33,50,0.0,0.00012214486198658392
component_35,component_49,34,48,0.0,0.00012214486198658392
component_35,component_54,34,53,0.0,0.00012214486198658392
component_35,component_56,34,55,0.0,0.00012214486198658392
component_37,component_22,36,21,0.0,0.00012214486198658392
component_37,component_57,36,56,0.0,0.00012214486198658392
component_37,component_55,36,54,0.0,0.00012214486198658392
component_37,component_49,36,48,0.0,0.00012214486198658392
component_01,component_19,0,18,0.0,0.00012214486198658392
component_52,component_44,51,43,0.0,0.00012214486198658392
component_37,component_35,36,34,0.0,0.00012214486198658392
component_37,component_24,36,23,0.0,0.00012214486198658392
component_37,component_08,36,7,0.0,0.00012214486198658392
component_52,component_57,51,56,0.0,0.00012214486198658392
component_36,component_60,35,59,0.0,0.00012214486198658392
component_36,component_45,35,44,0.0,0.00012214486198658392
component_36,component_29,35,28,0.0,0.00012214486198658392
component_36,component_27,35,26,0.0,0.00012214486198658392
component_36,component_23,35,22,0.0,0.00012214486198658392
component_36,component_13,35,12,0.0,0.00012214486198658392
component_36,component_05,35,4,0.0,0.00012214486198658392
component_34,component_47,33,46,0.0,0.00012214486198658392
component_53,component_20,52,19,0.0,0.00012214486198658392
component_34,component_37,33,36,0.0,0.00012214486198658392
component_32,component_55,31,54,0.0,0.00012214486198658392
component_33,component_07,32,6,0.0,0.00012214486198658392
component_53,component_47,52,46,0.0,0.00012214486198658392
component_33,component_06,32,5,0.0,0.00012214486198658392
component_53,component_49,52,48,0.0,0.00012214486198658392
component_33,component_02,32,1,0.0,0.00012214486198658392
component_53,component_51,52,50,0.0,0.00012214486198658392
component_32,component_60,31,59,0.0,0.00012214486198658392
component_32,component_54,31,53,0.0,0.00012214486198658392
component_33,component_23,32,22,0.0,0.00012214486198658392
component_32,component_51,31,50,0.0,0.00012214486198658392
component_32,component_35,31,34,0.0,0.00012214486198658392
component_32,component_30,31,29,0.0,0.00012214486198658392
component_53,component_58,52,57,0.0,0.00012214486198658392
component_32,component_24,31,23,0.0,0.00012214486198658392
component_32,component_20,31,19,0.0,0.00012214486198658392
component_32,component_15,31,14,0.0,0.00012214486198658392
component_33,component_13,32,12,0.0,0.00012214486198658392
component_33,component_24,32,23,0.0,0.00012214486198658392
component_34,component_32,33,31,0.0,0.00012214486198658392
component_34,component_04,33,3,0.0,0.00012214486198658392
component_34,component_28,33,27,0.0,0.00012214486198658392
component_34,component_26,33,25,0.0,0.00012214486198658392
component_53,component_25,52,24,0.0,0.00012214486198658392
component_34,component_16,33,15,0.0,0.00012214486198658392
component_34,component_14,33,13,0.0,0.00012214486198658392
component_34,component_12,33,11,0.0,0.00012214486198658392
component_34,component_05,33,4,0.0,0.00012214486198658392
component_33,component_60,32,59,0.0,0.00012214486198658392
component_33,component_31,32,30,0.0,0.00012214486198658392
component_53,component_32,52,31,0.0,0.00012214486198658392
component_33,component_51,32,50,0.0,0.00012214486198658392
component_33,component_49,32,48,0.0,0.00012214486198658392
component_33,component_48,32,47,0.0,0.00012214486198658392
component_33,component_42,32,41,0.0,0.00012214486198658392
component_33,component_39,32,38,0.0,0.00012214486198658392
component_01,component_23,0,22,0.0,0.00012214486198658392
component_31,component_01,30,0,0.0,0.00012214486198658392
