source,target,source_index,target_index,total_effect
component_01,component_02,0,1,0.0419596911340357
component_01,component_03,0,2,0.0016081319425019335
component_01,component_04,0,3,4.3237234403813945e-05
component_01,component_05,0,4,5.564206356812967e-05
component_01,component_06,0,5,1.9866191236932288e-05
component_01,component_07,0,6,0.001590115619091734
component_01,component_08,0,7,2.891921025392685e-05
component_01,component_09,0,8,0.0033255565753089107
component_01,component_10,0,9,0.0032418643060120223
component_01,component_11,0,10,7.812579645515797e-05
component_01,component_12,0,11,0.0009180458838973806
component_01,component_13,0,12,2.9131859258894206e-06
component_01,component_14,0,13,0.0006127137973459144
component_01,component_15,0,14,4.89791201159637e-05
component_01,component_16,0,15,0.002196394712884055
component_01,component_17,0,16,3.0435627881224374e-06
component_01,component_18,0,17,0.041425432774122
component_01,component_19,0,18,0.00011794242522998033
component_01,component_20,0,19,0.001075266689261948
component_01,component_21,0,20,8.333400857625617e-05
component_01,component_22,0,21,0.0593794591355821
component_01,component_23,0,22,0.033056485255433594
component_01,component_24,0,23,2.2264752133019246e-05
component_01,component_25,0,24,0.00014170353043580533
component_01,component_26,0,25,0.00011305551665543607
component_01,component_27,0,26,0.000910340342506034
component_01,component_28,0,27,0.001184131842730297
component_01,component_29,0,28,2.975068873291099e-05
component_01,component_30,0,29,0.0001012647197332827
component_01,component_31,0,30,0.05422494683766138
component_01,component_32,0,31,0.001656248748846012
component_01,component_33,0,32,2.16712033297447e-05
component_01,component_34,0,33,0.002962158176561631
component_01,component_35,0,34,1.416121348257929e-05
component_01,component_36,0,35,8.000530764699912e-05
component_01,component_37,0,36,4.977564716403793e-05
component_01,component_38,0,37,0.0015716015554149137
component_01,component_39,0,38,9.820500236137853e-06
component_01,component_40,0,39,0.0006072980386883123
component_01,component_41,0,40,2.1136910311013468e-05
component_01,component_42,0,41,4.2276133733332656e-05
component_01,component_43,0,42,0.00014314091188084033
component_01,component_44,0,43,0.00012200634427135534
component_01,component_45,0,44,0.0001306331683109509
component_01,component_46,0,45,5.996128039437403e-05
component_01,component_47,0,46,0.001216975138087884
component_01,component_48,0,47,0.00011775954115330573
component_01,component_49,0,48,0.00012259364527821896
component_01,component_50,0,49,8.781627136104694e-05
component_01,component_51,0,50,3.9847800985112214e-05
component_01,component_52,0,51,0.002131536253428058
component_01,component_53,0,52,0.0009952793864794823
component_01,component_54,0,53,0.0027751511970229114
component_01,component_55,0,54,0.0012179599458031656
component_01,component_56,0,55,7.665580529050315e-05
component_01,component_57,0,56,4.1730383084021775e-05
component_01,component_58,0,57,0.00012823040896621784
component_01,component_59,0,58,8.698628262818383e-05
component_01,component_60,0,59,0.00015125071068679573
component_02,component_01,1,0,8.954905744778033e-05
component_02,component_03,1,2,0.0015464868393119803
component_02,component_04,1,3,0.0006166587052962372
component_02,component_05,1,4,1.0357665635835506e-05
component_02,component_06,1,5,7.453653502839373e-07
component_02,component_07,1,6,9.736567776415745e-06
component_02,component_08,1,7,5.292404559221492e-05
component_02,component_09,1,8,0.05913492492830904
component_02,component_10,1,9,0.00011417087929660874
component_02,component_11,1,10,1.204511454177752e-05
component_02,component_12,1,11,5.005926604330299e-05
component_02,component_13,1,12,3.76413229506605e-05
component_02,component_14,1,13,0.00011299093113028027
component_02,component_15,1,14,2.7448500985990183e-05
component_02,component_16,1,15,0.0523461561177539
component_02,component_17,1,16,1.962146700482263e-05
component_02,component_18,1,17,0.0009067680454398955
component_02,component_19,1,18,0.0016667187405469519
component_02,component_20,1,19,9.73920706609828e-05
component_02,component_21,1,20,1.3766803321067193e-05
component_02,component_22,1,21,0.000159728821692632
component_02,component_23,1,22,0.00010850483104046419
component_02,component_24,1,23,0.000432477666491517
component_02,component_25,1,24,0.0005046387703020166
component_02,component_26,1,25,3.632804038354571e-05
component_02,component_27,1,26,0.001475505391714505
component_02,component_28,1,27,3.886802378784813e-06
component_02,component_29,1,28,1.5143874742803498e-05
component_02,component_30,1,29,0.001604746506235376
component_02,component_31,1,30,0.0009272075956925648
component_02,component_32,1,31,7.036646055312072e-05
component_02,component_33,1,32,3.459611045005146e-05
component_02,component_34,1,33,0.0006028684109442278
component_02,component_35,1,34,2.1214557968838725e-05
component_02,component_36,1,35,0.0007846445570769927
component_02,component_37,1,36,2.6932423357927656e-05
component_02,component_38,1,37,0.035010263042932865
component_02,component_39,1,38,2.1456487235004485e-05
component_02,component_40,1,39,1.7743052053220396e-05
component_02,component_41,1,40,3.4926212796918565e-05
component_02,component_42,1,41,3.6647152912723055e-05
component_02,component_43,1,42,0.00015002387477898937
component_02,component_44,1,43,0.002249065838477237
component_02,component_45,1,44,0.0024437489912636284
component_02,component_46,1,45,0.0007350133052018024
component_02,component_47,1,46,0.0005817797051804844
component_02,component_48,1,47,0.0023196270903549946
component_02,component_49,1,48,0.0014336388228911273
component_02,component_50,1,49,0.0011431223718431653
component_02,component_51,1,50,2.5616676123914723e-05
component_02,component_52,1,51,0.05073454029089755
component_02,component_53,1,52,3.0078798320318508e-05
component_02,component_54,1,53,0.03859493545996478
component_02,component_55,1,54,0.0006593213390062266
component_02,component_56,1,55,0.00130236338919991
component_02,component_57,1,56,3.554636357817939e-05
component_02,component_58,1,57,0.002570669170442164
component_02,component_59,1,58,0.0004226254913197704
component_02,component_60,1,59,0.0001121664339476527
component_03,component_01,2,0,0.00011244165554293014
component_03,component_02,2,1,1.0253496217811227e-05
component_03,component_04,2,3,0.0008973294513950547
component_03,component_05,2,4,5.49642908833288e-06
component_03,component_06,2,5,3.8297127920544555e-06
component_03,component_07,2,6,6.10702745982795e-05
component_03,component_08,2,7,2.9698592108572634e-05
component_03,component_09,2,8,6.380031775712266e-05
component_03,component_10,2,9,0.037324437974027125
component_03,component_11,2,10,1.1802433419482751e-05
component_03,component_12,2,11,0.00010077385916914428
component_03,component_13,2,12,7.277130516970744e-05
component_03,component_14,2,13,0.03706057464028575
component_03,component_15,2,14,5.25101441465137e-06
component_03,component_16,2,15,5.367228469208033e-07
component_03,component_17,2,16,3.127545658000139e-05
component_03,component_18,2,17,0.003091240983011443
component_03,component_19,2,18,1.8095394347504492e-05
component_03,component_20,2,19,0.04125246775097531
component_03,component_21,2,20,0.0009329400260076887
component_03,component_22,2,21,2.7838622147811594e-05
component_03,component_23,2,22,0.0022214432310495606
component_03,component_24,2,23,0.001431693045717502
component_03,component_25,2,24,0.0021827963057434335
component_03,component_26,2,25,0.0013030095406315668
component_03,component_27,2,26,6.0130979781948155e-05
component_03,component_28,2,27,7.957535855301133e-05
component_03,component_29,2,28,0.0009763688503803638
component_03,component_30,2,29,0.00016997341275196539
component_03,component_31,2,30,0.0015250364413786862
component_03,component_32,2,31,0.00013819071467929738
component_03,component_33,2,32,6.487997621776675e-06
component_03,component_34,2,33,0.00012959849070555846
component_03,component_35,2,34,1.752546296930897e-05
component_03,component_36,2,35,6.936106362876087e-05
component_03,component_37,2,36,5.048578794172795e-05
component_03,component_38,2,37,0.003743760277291072
component_03,component_39,2,38,7.73762412073118e-05
component_03,component_40,2,39,0.0008870657528674162
component_03,component_41,2,40,0.0007031461486011108
component_03,component_42,2,41,0.00013674639185510284
component_03,component_43,2,42,0.08836206506840384
component_03,component_44,2,43,8.504209586954656e-05
component_03,component_45,2,44,7.962957355663385e-05
component_03,component_46,2,45,0.0007718856045710591
component_03,component_47,2,46,0.00368326518602777
component_03,component_48,2,47,0.0024376450228322183
component_03,component_49,2,48,6.234056453623317e-06
component_03,component_50,2,49,6.979700975036705e-05
component_03,component_51,2,50,0.0013932169641545846
component_03,component_52,2,51,2.331232219799034e-05
component_03,component_53,2,52,0.0006489858326365703
component_03,component_54,2,53,0.0012551088838316893
component_03,component_55,2,54,5.0470132567184365e-05
component_03,component_56,2,55,0.004144368955200455
component_03,component_57,2,56,2.625951079895744e-05
component_03,component_58,2,57,3.1708545415762917e-06
component_03,component_59,2,58,5.92790602740565e-05
component_03,component_60,2,59,0.05679203215091584
component_04,component_01,3,0,6.681615837259832e-06
component_04,component_02,3,1,1.3275342215638193e-05
component_04,component_03,3,2,0.044764869863101464
component_04,component_05,3,4,0.0006391313786713189
component_04,component_06,3,5,3.0415843072452754e-07
component_04,component_07,3,6,5.011996900678138e-06
component_04,component_08,3,7,3.1689177111585106e-06
component_04,component_09,3,8,1.2521524895183012e-05
component_04,component_10,3,9,0.0016863801532079222
component_04,component_11,3,10,0.00037929670330679664
component_04,component_12,3,11,5.0908097646160825e-05
component_04,component_13,3,12,1.6459569064301313e-05
component_04,component_14,3,13,0.002682186306728305
component_04,component_15,3,14,2.6279104498149575e-06
component_04,component_16,3,15,6.949024329328946e-07
component_04,component_17,3,16,0.0009226775193669495
component_04,component_18,3,17,0.00016635080441762884
component_04,component_19,3,18,6.009312891373466e-06
component_04,component_20,3,19,0.0025986791468873183
component_04,component_21,3,20,8.939347707209284e-05
component_04,component_22,3,21,1.7206587484617006e-05
component_04,component_23,3,22,0.00011712210237599954
component_04,component_24,3,23,0.0005278079071401705
component_04,component_25,3,24,0.00013257629494177974
component_04,component_26,3,25,0.00010288270134859619
component_04,component_27,3,26,2.3242703369427747e-05
component_04,component_28,3,27,4.195485691817228e-06
component_04,component_29,3,28,8.851681835529093e-05
component_04,component_30,3,29,0.03951319514853935
component_04,component_31,3,30,0.0001367550743385783
component_04,component_32,3,31,4.5634927193371265e-05
component_04,component_33,3,32,0.0007482841839474044
component_04,component_34,3,33,0.0007194997944432112
component_04,component_35,3,34,1.9699960738793276e-06
component_04,component_36,3,35,0.000533764826895338
component_04,component_37,3,36,0.0013383345435081925
component_04,component_38,3,37,0.00019228973320091882
component_04,component_39,3,38,3.88310631639663e-05
component_04,component_40,3,39,0.00014191449791351135
component_04,component_41,3,40,0.000598953274636159
component_04,component_42,3,41,1.2697771878435443e-05
component_04,component_43,3,42,0.004594037767734018
component_04,component_44,3,43,0.0463026409060883
component_04,component_45,3,44,0.000956723696310152
component_04,component_46,3,45,0.03504298708457355
component_04,component_47,3,46,0.00021145796820511468
component_04,component_48,3,47,0.000837321841300428
component_04,component_49,3,48,1.7237284225010847e-06
component_04,component_50,3,49,0.00042544781240924905
component_04,component_51,3,50,9.502172094456666e-05
component_04,component_52,3,51,2.8436752511666356e-05
component_04,component_53,3,52,7.414966306173377e-05
component_04,component_54,3,53,0.0006417169326116961
component_04,component_55,3,54,0.05412338939410081
component_04,component_56,3,55,0.0002988933676065114
component_04,component_57,3,56,0.0006811996940260476
component_04,component_58,3,57,6.837561110164931e-07
component_04,component_59,3,58,1.403663543795674e-05
component_04,component_60,3,59,0.004509650918095595
component_05,component_01,4,0,1.4177657693260784e-05
component_05,component_02,4,1,2.4265986611904966e-05
component_05,component_03,4,2,7.691464669937924e-05
component_05,component_04,4,3,0.0004393428860654354
component_05,component_06,4,5,9.952894068495475e-07
component_05,component_07,4,6,4.182030946469575e-05
component_05,component_08,4,7,2.744741020200137e-05
component_05,component_09,4,8,2.0293007082818543e-06
component_05,component_10,4,9,4.5899944020259325e-05
component_05,component_11,4,10,1.4622583525213277e-05
component_05,component_12,4,11,0.0011709353399072552
component_05,component_13,4,12,6.559273143668404e-07
component_05,component_14,4,13,0.00042980960965143905
component_05,component_15,4,14,7.131019743618922e-05
component_05,component_16,4,15,1.270211559161616e-06
component_05,component_17,4,16,0.0005057778862966903
component_05,component_18,4,17,1.3404493724755511e-05
component_05,component_19,4,18,2.151198199314211e-05
component_05,component_20,4,19,0.0007426738335166804
component_05,component_21,4,20,0.0010776313206145116
component_05,component_22,4,21,1.9428002776390928e-05
component_05,component_23,4,22,5.234173234392856e-05
component_05,component_24,4,23,1.9460784132404246e-06
component_05,component_25,4,24,2.4213559263301783e-05
component_05,component_26,4,25,0.05721739475425283
component_05,component_27,4,26,9.615463251347325e-05
component_05,component_28,4,27,1.874957712327398e-06
component_05,component_29,4,28,1.8320075874216345e-05
component_05,component_30,4,29,0.0004954555846775698
component_05,component_31,4,30,0.04134825224819656
component_05,component_32,4,31,0.00040117613285618785
component_05,component_33,4,32,6.059939823854072e-05
component_05,component_34,4,33,0.0007307139960356906
component_05,component_35,4,34,0.0010692803797233475
component_05,component_36,4,35,0.004712086936398334
component_05,component_37,4,36,0.002947898840734863
component_05,component_38,4,37,0.00034028503990276595
component_05,component_39,4,38,0.03677489076010149
component_05,component_40,4,39,0.09824447075096387
component_05,component_41,4,40,8.572038871789061e-05
component_05,component_42,4,41,5.1802090022562704e-05
component_05,component_43,4,42,7.66121783429556e-06
component_05,component_44,4,43,0.00010169160258385757
component_05,component_45,4,44,2.6371342151028652e-05
component_05,component_46,4,45,4.749473783970547e-05
component_05,component_47,4,46,0.0007591942909769973
component_05,component_48,4,47,1.3982547545959904e-06
component_05,component_49,4,48,0.0006654055254198691
component_05,component_50,4,49,0.0004999963913464403
component_05,component_51,4,50,0.0006042671085215657
component_05,component_52,4,51,8.096691561588346e-05
component_05,component_53,4,52,0.0007001169603020009
component_05,component_54,4,53,0.05292589837665817
component_05,component_55,4,54,3.2849986340903847e-05
component_05,component_56,4,55,2.2233128518635996e-05
component_05,component_57,4,56,7.802227148325602e-05
component_05,component_58,4,57,9.129790572378665e-08
component_05,component_59,4,58,0.0014087583784276405
component_05,component_60,4,59,1.7226294009567632e-05
component_06,component_01,5,0,4.332402610400527e-06
component_06,component_02,5,1,3.0940064065354874e-05
component_06,component_03,5,2,3.72538150645769e-05
component_06,component_04,5,3,0.00026208577640451794
component_06,component_05,5,4,1.7959764397425553e-05
component_06,component_07,5,6,0.0003233220749155814
component_06,component_08,5,7,1.0746026318910862e-06
component_06,component_09,5,8,9.906538577350277e-06
component_06,component_10,5,9,1.4706630528314584e-05
component_06,component_11,5,10,0.0001539156669714625
component_06,component_12,5,11,0.00030714809684109377
component_06,component_13,5,12,2.3179519094752088e-07
component_06,component_14,5,13,1.0328539854075499e-05
component_06,component_15,5,14,1.609913718666946e-05
component_06,component_16,5,15,1.6195684785276273e-06
component_06,component_17,5,16,0.00032014406023005425
component_06,component_18,5,17,0.0002303231319242337
component_06,component_19,5,18,8.179672656229729e-06
component_06,component_20,5,19,3.617247357777636e-05
component_06,component_21,5,20,0.014013032995137138
component_06,component_22,5,21,1.2567781025430211e-05
component_06,component_23,5,22,2.29877568319847e-05
component_06,component_24,5,23,1.0002282449150655e-05
component_06,component_25,5,24,2.7713202415453685e-05
component_06,component_26,5,25,0.0005326174507715686
component_06,component_27,5,26,0.0003641956432993061
component_06,component_28,5,27,8.234552054568385e-07
component_06,component_29,5,28,6.037845448296467e-06
component_06,component_30,5,29,0.0002460793931343806
component_06,component_31,5,30,2.5169330890445112e-05
component_06,component_32,5,31,1.6733327459457398e-05
component_06,component_33,5,32,0.0004298994739161502
component_06,component_34,5,33,0.0005931413405355161
component_06,component_35,5,34,1.2708660508407637e-05
component_06,component_36,5,35,3.462993355930394e-05
component_06,component_37,5,36,0.025408424377857036
component_06,component_38,5,37,1.5945619792428698e-05
component_06,component_39,5,38,0.00011266386752766604
component_06,component_40,5,39,0.00031934205951964303
component_06,component_41,5,40,0.01864051135552806
component_06,component_42,5,41,0.0008887216745089323
component_06,component_43,5,42,2.4135160240025986e-05
component_06,component_44,5,43,0.00044462285313154445
component_06,component_45,5,44,0.00019221407627704603
component_06,component_46,5,45,0.0011413921235529864
component_06,component_47,5,46,1.5338284598724468e-05
component_06,component_48,5,47,1.4368434585128895e-06
component_06,component_49,5,48,2.444870919527505e-05
component_06,component_50,5,49,0.0008166354594789593
component_06,component_51,5,50,0.0004615409148710012
component_06,component_52,5,51,0.0007921197768051295
component_06,component_53,5,52,1.9794704467268768e-05
component_06,component_54,5,53,2.369839805767243e-05
component_06,component_55,5,54,3.649235962574567e-05
component_06,component_56,5,55,0.06177961653630768
component_06,component_57,5,56,0.00030025764505494176
component_06,component_58,5,57,2.7923462416481327e-07
component_06,component_59,5,58,0.014677345954604652
component_06,component_60,5,59,3.980777774113729e-06
component_07,component_01,6,0,0.0013772047829652286
component_07,component_02,6,1,7.602213820036332e-05
component_07,component_03,6,2,0.054069941437195006
component_07,component_04,6,3,6.768700245604095e-05
component_07,component_05,6,4,6.619425589813243e-05
component_07,component_06,6,5,1.7261824216482723e-05
component_07,component_08,6,7,5.169422826190872e-06
component_07,component_09,6,8,0.0010788822393114753
component_07,component_10,6,9,0.0039294060333589145
component_07,component_11,6,10,0.04859492090027326
component_07,component_12,6,11,0.0013023654440803324
component_07,component_13,6,12,4.23491085007144e-06
component_07,component_14,6,13,0.0020058333865884408
component_07,component_15,6,14,6.793768317450652e-05
component_07,component_16,6,15,3.979405422028405e-06
component_07,component_17,6,16,1.3578712846121229e-05
component_07,component_18,6,17,0.00022572740982240564
component_07,component_19,6,18,4.4595131896747575e-05
component_07,component_20,6,19,0.0022526521512981775
component_07,component_21,6,20,6.894870467787258e-05
component_07,component_22,6,21,0.02970153578290351
component_07,component_23,6,22,0.029530272752809485
component_07,component_24,6,23,7.84232020340352e-05
component_07,component_25,6,24,0.00021348808106320052
component_07,component_26,6,25,0.00013810253250965722
component_07,component_27,6,26,0.0007805177928973123
component_07,component_28,6,27,0.0010578177329171683
component_07,component_29,6,28,5.748651535011738e-05
component_07,component_30,6,29,2.7428280454321973e-05
component_07,component_31,6,30,0.00019789582984674266
component_07,component_32,6,31,1.0556497914936427e-05
component_07,component_33,6,32,0.0002798292023875516
component_07,component_34,6,33,0.0010133939797553942
component_07,component_35,6,34,2.880612083478825e-05
component_07,component_36,6,35,3.0959489913901635e-05
component_07,component_37,6,36,2.6945678198736913e-05
component_07,component_38,6,37,0.0002587855500103956
component_07,component_39,6,38,0.0016179334973621907
component_07,component_40,6,39,7.047279673898425e-05
component_07,component_41,6,40,3.9347479473560994e-05
component_07,component_42,6,41,1.1722946620072698e-05
component_07,component_43,6,42,0.00478455027357227
component_07,component_44,6,43,4.2597231587443056e-05
component_07,component_45,6,44,3.841938180888621e-05
component_07,component_46,6,45,0.00046907443353966027
component_07,component_47,6,46,0.00039734087288888556
component_07,component_48,6,47,0.00014041686522001874
component_07,component_49,6,48,8.491155955022048e-05
component_07,component_50,6,49,0.0013316555283517117
component_07,component_51,6,50,0.0005556340926019378
component_07,component_52,6,51,5.961105835835158e-06
component_07,component_53,6,52,9.453591238101975e-05
component_07,component_54,6,53,0.0010770661784610923
component_07,component_55,6,54,0.0006189555043995241
component_07,component_56,6,55,0.00022809572730098318
component_07,component_57,6,56,2.4090222484087654e-06
component_07,component_58,6,57,2.616969125654932e-05
component_07,component_59,6,58,0.034503903426548826
component_07,component_60,6,59,0.0030927361736033305
component_08,component_01,7,0,0.02142315783222106
component_08,component_02,7,1,0.0012792819517578559
component_08,component_03,7,2,9.932303646833432e-05
component_08,component_04,7,3,0.0005916574567463104
component_08,component_05,7,4,7.570121783409379e-06
component_08,component_06,7,5,5.779130403067282e-07
component_08,component_07,7,6,0.00036491661039952597
component_08,component_09,7,8,9.454392714450843e-05
component_08,component_10,7,9,0.0004937822467511451
component_08,component_11,7,10,2.7983410781288162e-05
component_08,component_12,7,11,4.225955558355904e-05
component_08,component_13,7,12,2.285136094173135e-07
component_08,component_14,7,13,0.025695439174158674
component_08,component_15,7,14,2.5946668540035242e-06
component_08,component_16,7,15,6.69644613482335e-05
component_08,component_17,7,16,1.248979919946798e-05
component_08,component_18,7,17,0.000899004325799439
component_08,component_19,7,18,0.0002706347712064742
component_08,component_20,7,19,0.00030754586064063384
component_08,component_21,7,20,0.00038800498268374927
component_08,component_22,7,21,0.0012806424182239802
component_08,component_23,7,22,0.0007180132291594299
component_08,component_24,7,23,1.6360291659041496e-06
component_08,component_25,7,24,0.03436007508701867
component_08,component_26,7,25,2.1047155817924027e-05
component_08,component_27,7,26,2.1969664123076166e-05
component_08,component_28,7,27,2.5720288215140265e-05
component_08,component_29,7,28,2.100183536028213e-06
component_08,component_30,7,29,2.7275516151410565e-05
component_08,component_31,7,30,0.0021859830989392247
component_08,component_32,7,31,4.592757219121616e-05
component_08,component_33,7,32,6.412662505814803e-06
component_08,component_34,7,33,0.021693045590514347
component_08,component_35,7,34,1.269756315632717e-05
component_08,component_36,7,35,2.6293414661127175e-05
component_08,component_37,7,36,2.858512897696728e-05
component_08,component_38,7,37,0.0004998940571777424
component_08,component_39,7,38,0.0012084514996389428
component_08,component_40,7,39,0.0003292644099552242
component_08,component_41,7,40,5.974980332846662e-06
component_08,component_42,7,41,8.776693143301418e-06
component_08,component_43,7,42,1.7238589772621348e-05
component_08,component_44,7,43,3.2158624309161726e-05
component_08,component_45,7,44,1.2803531696691889e-05
component_08,component_46,7,45,0.00046354364989833184
component_08,component_47,7,46,6.768063129839496e-05
component_08,component_48,7,47,9.741818551725488e-06
component_08,component_49,7,48,2.5227123073878553e-05
component_08,component_50,7,49,0.027062123095768126
component_08,component_51,7,50,0.00043256124531621806
component_08,component_52,7,51,7.394093306127635e-05
component_08,component_53,7,52,0.0009092063265983222
component_08,component_54,7,53,9.461339964052588e-05
component_08,component_55,7,54,0.0004764522294026644
component_08,component_56,7,55,0.0004714223330417885
component_08,component_57,7,56,9.898036368771724e-06
component_08,component_58,7,57,3.747721581575107e-06
component_08,component_59,7,58,0.0006247342470623287
component_08,component_60,7,59,2.7648555926904422e-05
component_09,component_01,8,0,0.0007250369513983847
component_09,component_02,8,1,3.245128529087956e-05
component_09,component_03,8,2,3.7238799237088714e-05
component_09,component_04,8,3,5.408884222831947e-06
component_09,component_05,8,4,4.136041031508017e-06
component_09,component_06,8,5,8.767758812012644e-07
component_09,component_07,8,6,4.454194218485986e-05
component_09,component_08,8,7,0.0005377131431689174
component_09,component_10,8,9,6.888112878787778e-05
component_09,component_11,8,10,1.321506361760142e-05
component_09,component_12,8,11,1.0811638016800816e-05
component_09,component_13,8,12,1.0323576799140696e-07
component_09,component_14,8,13,0.00018269737792032554
component_09,component_15,8,14,5.92520710539908e-07
component_09,component_16,8,15,1.6986738823099781e-06
component_09,component_17,8,16,1.1720790163153422e-05
component_09,component_18,8,17,3.2332383840963525e-05
component_09,component_19,8,18,0.0281681670559847
component_09,component_20,8,19,0.00028146963553731566
component_09,component_21,8,20,9.986690563725808e-06
component_09,component_22,8,21,0.0011658676729296236
component_09,component_23,8,22,0.0008161758669667019
component_09,component_24,8,23,9.087971050333683e-06
component_09,component_25,8,24,0.001014482567226333
component_09,component_26,8,25,1.20963112841328e-05
component_09,component_27,8,26,2.0763642267292255e-05
component_09,component_28,8,27,2.9236618045604786e-05
component_09,component_29,8,28,9.510872720256501e-07
component_09,component_30,8,29,1.1085225152648483e-05
component_09,component_31,8,30,0.015546825163115527
component_09,component_32,8,31,0.0001478619552854232
component_09,component_33,8,32,8.104187793476737e-06
component_09,component_34,8,33,9.143257968268562e-05
component_09,component_35,8,34,8.526169990841679e-07
component_09,component_36,8,35,0.0005818282849338855
component_09,component_37,8,36,2.4433201131312297e-05
component_09,component_38,8,37,2.3223198444814127e-05
component_09,component_39,8,38,4.139373880565473e-05
component_09,component_40,8,39,0.00017730813093771533
component_09,component_41,8,40,1.312346415689168e-05
component_09,component_42,8,41,2.177756965504191e-05
component_09,component_43,8,42,1.1297004627361877e-05
component_09,component_44,8,43,0.0009779952348108398
component_09,component_45,8,44,0.029996311820961862
component_09,component_46,8,45,0.00043848116930760256
component_09,component_47,8,46,2.3667727773562503e-05
component_09,component_48,8,47,4.396128860986908e-06
component_09,component_49,8,48,2.3481357444400265e-06
component_09,component_50,8,49,0.01812801652280762
component_09,component_51,8,50,0.00028047815844014747
component_09,component_52,8,51,2.3321898957064604e-06
component_09,component_53,8,52,0.000260481933011092
component_09,component_54,8,53,0.001133533550888417
component_09,component_55,8,54,0.000303609370362237
component_09,component_56,8,55,0.0011076944507703219
component_09,component_57,8,56,8.417448359100792e-06
component_09,component_58,8,57,0.0240881959991743
component_09,component_59,8,58,0.0007368553994407731
component_09,component_60,8,59,1.7505568409003333e-05
component_10,component_01,9,0,1.7639574457622615e-06
component_10,component_02,9,1,5.628679662032026e-05
component_10,component_03,9,2,0.0008985212602512176
component_10,component_04,9,3,0.00039812223428084163
component_10,component_05,9,4,4.835846797786697e-06
component_10,component_06,9,5,3.676464695148514e-05
component_10,component_07,9,6,0.00033122391977277255
component_10,component_08,9,7,2.9211445657035823e-05
component_10,component_09,9,8,1.6742762612026747e-05
component_10,component_11,9,10,2.8200528599878486e-05
component_10,component_12,9,11,2.798973741472136e-05
component_10,component_13,9,12,7.39953652880919e-05
component_10,component_14,9,13,6.409052378040523e-05
component_10,component_15,9,14,1.823178626708977e-06
component_10,component_16,9,15,2.946352062200247e-06
component_10,component_17,9,16,0.0002861047098637904
component_10,component_18,9,17,0.000628448196509514
component_10,component_19,9,18,3.3014948678528527e-06
component_10,component_20,9,19,0.00010180666229858892
component_10,component_21,9,20,1.4731098482306879e-05
component_10,component_22,9,21,1.4652717313366564e-05
component_10,component_23,9,22,1.9145220089016477e-05
component_10,component_24,9,23,2.5944652855976813e-06
component_10,component_25,9,24,0.03552576413048285
component_10,component_26,9,25,0.033432338362145875
component_10,component_27,9,26,2.160669963116787e-06
component_10,component_28,9,27,6.858098968570096e-07
component_10,component_29,9,28,0.002101020840870934
component_10,component_30,9,29,0.002081659789054681
component_10,component_31,9,30,8.290848441857324e-06
component_10,component_32,9,31,2.4876989886245564e-05
component_10,component_33,9,32,4.713874389177714e-05
component_10,component_34,9,33,0.00043248409327909025
component_10,component_35,9,34,0.0004208304839868596
component_10,component_36,9,35,0.0005982966702229452
component_10,component_37,9,36,1.894674050351877e-05
component_10,component_38,9,37,0.01990501213864387
component_10,component_39,9,38,0.0012512605651382425
component_10,component_40,9,39,0.0003165386589819382
component_10,component_41,9,40,3.965925900435949e-05
component_10,component_42,9,41,0.0019728027805735507
component_10,component_43,9,42,8.676611687940688e-05
component_10,component_44,9,43,3.2502451673213386e-05
component_10,component_45,9,44,0.00039412559500930826
component_10,component_46,9,45,0.0004052027418900057
component_10,component_47,9,46,0.09611476238458928
component_10,component_48,9,47,8.35494524845292e-05
component_10,component_49,9,48,2.2735753554996487e-05
component_10,component_50,9,49,0.00028278640738817385
component_10,component_51,9,50,3.7473149641817504e-05
component_10,component_52,9,51,4.976254502336646e-06
component_10,component_53,9,52,1.084232214313312e-05
component_10,component_54,9,53,0.030220506256339687
component_10,component_55,9,54,2.626316954915928e-05
component_10,component_56,9,55,8.031371610124699e-05
component_10,component_57,9,56,4.117618232723927e-05
component_10,component_58,9,57,2.1173408169853995e-06
component_10,component_59,9,58,0.0009129669768395897
component_10,component_60,9,59,5.298782203971343e-05
component_11,component_01,10,0,9.278330062206067e-05
component_11,component_02,10,1,6.971827604627959e-06
component_11,component_03,10,2,0.020382847817443733
component_11,component_04,10,3,0.0003267754518310118
component_11,component_05,10,4,0.0011933647781256287
component_11,component_06,10,5,5.476447287063125e-07
component_11,component_07,10,6,1.902186695669336e-05
component_11,component_08,10,7,2.4388055587815093e-05
component_11,component_09,10,8,0.022016442932515187
component_11,component_10,10,9,0.0007918614625857983
component_11,component_12,10,11,0.02628871091402728
component_11,component_13,10,12,1.5885492241487919e-06
component_11,component_14,10,13,0.0007684506719458843
component_11,component_15,10,14,0.0013503751430608423
component_11,component_16,10,15,3.6494275520352605e-07
component_11,component_17,10,16,2.2925760890570564e-06
component_11,component_18,10,17,6.75473619447527e-05
component_11,component_19,10,18,0.0008649537752515994
component_11,component_20,10,19,0.0008548791615831498
component_11,component_21,10,20,2.094907457534865e-05
component_11,component_22,10,21,4.427133766509889e-05
component_11,component_23,10,22,0.0008332189686363131
component_11,component_24,10,23,3.6271795466112304e-05
component_11,component_25,10,24,0.0003846651046846287
component_11,component_26,10,25,9.620844425439762e-05
component_11,component_27,10,26,0.0012481305293317929
component_11,component_28,10,27,2.98471269738811e-05
component_11,component_29,10,28,2.026847987460358e-05
component_11,component_30,10,29,1.7028167887250912e-05
component_11,component_31,10,30,0.00048401394041811284
component_11,component_32,10,31,7.340924907642586e-06
component_11,component_33,10,32,6.338186258541405e-06
component_11,component_34,10,33,1.7908904467242488e-05
component_11,component_35,10,34,0.00029961605921917145
component_11,component_36,10,35,2.554137744715252e-05
component_11,component_37,10,36,2.870355865257745e-05
component_11,component_38,10,37,0.00010526501827717264
component_11,component_39,10,38,0.02798956976696695
component_11,component_40,10,39,0.00014326281040755368
component_11,component_41,10,40,1.5106034202836747e-05
component_11,component_42,10,41,3.5829911051697167e-06
component_11,component_43,10,42,0.0018012421313002506
component_11,component_44,10,43,0.0007562265115832023
component_11,component_45,10,44,0.0006687534331633295
component_11,component_46,10,45,4.54753260105658e-05
component_11,component_47,10,46,7.996414852521271e-05
component_11,component_48,10,47,5.5470626028921305e-05
component_11,component_49,10,48,0.0005062354516279856
component_11,component_50,10,49,0.02728174673599392
component_11,component_51,10,50,0.0008371292283358143
component_11,component_52,10,51,1.3896468825067853e-06
component_11,component_53,10,52,2.2142381877007283e-05
component_11,component_54,10,53,0.00013997496333287396
component_11,component_55,10,54,0.0004398915553829078
component_11,component_56,10,55,0.00011843579773041328
component_11,component_57,10,56,1.1033499700866946e-06
component_11,component_58,10,57,0.0005303774014648137
component_11,component_59,10,58,0.0006903946073683917
component_11,component_60,10,59,0.0011734299000917944
component_12,component_01,11,0,0.002814203517516253
component_12,component_02,11,1,0.00013236423183227231
component_12,component_03,11,2,2.9180916079485762e-05
component_12,component_04,11,3,3.460305884484632e-05
component_12,component_05,11,4,0.0452712857313841
component_12,component_06,11,5,1.6920091622402652e-05
component_12,component_07,11,6,1.2420148843016647e-05
component_12,component_08,11,7,3.677704802414632e-06
component_12,component_09,11,8,1.0583796755219534e-05
component_12,component_10,11,9,0.0007846190561552923
component_12,component_11,11,10,6.071372316401804e-06
component_12,component_13,11,12,1.1396719403792835e-07
component_12,component_14,11,13,0.00030978439629049463
component_12,component_15,11,14,0.051117984398039266
component_12,component_16,11,15,6.928652025647079e-06
component_12,component_17,11,16,2.4077709907232215e-05
component_12,component_18,11,17,0.00012895515589767597
component_12,component_19,11,18,4.998155168983911e-06
component_12,component_20,11,19,5.793763905069541e-05
component_12,component_21,11,20,5.7285049152082955e-05
component_12,component_22,11,21,0.0001747485106610144
component_12,component_23,11,22,0.029159819043050282
component_12,component_24,11,23,0.00024049583920183597
component_12,component_25,11,24,3.202983661645934e-05
component_12,component_26,11,25,0.002616421124535659
component_12,component_27,11,26,0.04747920058952475
component_12,component_28,11,27,0.0010445475370510987
component_12,component_29,11,28,3.0013246487872244e-06
component_12,component_30,11,29,3.793747437900543e-05
component_12,component_31,11,30,0.0028921753709658694
component_12,component_32,11,31,3.1364159711372836e-05
component_12,component_33,11,32,7.4430241999593435e-06
component_12,component_34,11,33,0.00046054002646142306
component_12,component_35,11,34,0.0007101563265780669
component_12,component_36,11,35,0.0002334737332649135
component_12,component_37,11,36,0.00013523373005947022
component_12,component_38,11,37,0.00047876319143973976
component_12,component_39,11,38,0.0016698002830298694
component_12,component_40,11,39,0.00447219638582425
component_12,component_41,11,40,5.105711741199934e-06
component_12,component_42,11,41,4.856391843848529e-06
component_12,component_43,11,42,3.283998770270975e-06
component_12,component_44,11,43,0.02737154993770903
component_12,component_45,11,44,0.00023513395882098517
component_12,component_46,11,45,3.8683672078577085e-05
component_12,component_47,11,46,0.00013149687430534396
component_12,component_48,11,47,6.358161349764239e-07
component_12,component_49,11,48,8.527903015166615e-05
component_12,component_50,11,49,0.00026707264500114335
component_12,component_51,11,50,3.856009590642284e-05
component_12,component_52,11,51,1.0546386009245046e-05
component_12,component_53,11,52,9.414424111198918e-05
component_12,component_54,11,53,0.0033660613885767464
component_12,component_55,11,54,9.62124749069067e-06
component_12,component_56,11,55,1.912697616220218e-05
component_12,component_57,11,56,4.43704356956249e-06
component_12,component_58,11,57,4.090894587685058e-07
component_12,component_59,11,58,0.0005888274195624506
component_12,component_60,11,59,2.900038468216701e-06
component_13,component_01,12,0,0.0006649465000243226
component_13,component_02,12,1,3.2952547732608725e-05
component_13,component_03,12,2,0.00048643294259159356
component_13,component_04,12,3,0.010260836087089728
component_13,component_05,12,4,2.0017285088415987e-05
component_13,component_06,12,5,4.918918903085373e-07
component_13,component_07,12,6,2.3493095108411374e-05
component_13,component_08,12,7,1.2163690612129938e-05
component_13,component_09,12,8,6.401775605645559e-06
component_13,component_10,12,9,8.420488425933445e-05
component_13,component_11,12,10,0.00016630995156856758
component_13,component_12,12,11,0.00013791970925402776
component_13,component_14,12,13,3.1862158970635566e-05
component_13,component_15,12,14,1.6597681392848236e-05
component_13,component_16,12,15,1.7249126401994099e-06
component_13,component_17,12,16,0.0003851751708979319
component_13,component_18,12,17,3.892870804280655e-05
component_13,component_19,12,18,4.465266748148034e-06
component_13,component_20,12,19,3.519997831149812e-05
component_13,component_21,12,20,6.088465719633996e-06
component_13,component_22,12,21,0.000808272537827445
component_13,component_23,12,22,0.00077196826318551
component_13,component_24,12,23,0.00015263017326775394
component_13,component_25,12,24,0.00017229729761981336
component_13,component_26,12,25,4.200132162623683e-06
component_13,component_27,12,26,0.0005885479954458992
component_13,component_28,12,27,2.7653036762730526e-05
component_13,component_29,12,28,1.8788922491018147e-06
component_13,component_30,12,29,0.000583389091347358
component_13,component_31,12,30,3.878114105785865e-05
component_13,component_32,12,31,9.502843395404527e-06
component_13,component_33,12,32,0.009815311391787469
component_13,component_34,12,33,0.000283403791492084
component_13,component_35,12,34,8.401903318918088e-06
component_13,component_36,12,35,0.00022991735573090922
component_13,component_37,12,36,2.286476540858406e-05
component_13,component_38,12,37,2.3531155741223153e-05
component_13,component_39,12,38,1.5083253695031352e-05
component_13,component_40,12,39,5.299546992128771e-06
component_13,component_41,12,40,1.1919850824284711e-05
component_13,component_42,12,41,2.4878874426075296e-06
component_13,component_43,12,42,0.00031460910828095466
component_13,component_44,12,43,0.00048327283376957647
component_13,component_45,12,44,2.1668265992403277e-05
component_13,component_46,12,45,0.014874433892995208
component_13,component_47,12,46,3.4511429175641344e-05
component_13,component_48,12,47,1.9218983428660078e-05
component_13,component_49,12,48,0.0005505188594396959
component_13,component_50,12,49,2.2511391306360502e-05
component_13,component_51,12,50,8.217653578929515e-06
component_13,component_52,12,51,0.01942909312671478
component_13,component_53,12,52,0.00016898367994642896
component_13,component_54,12,53,0.0008230942284063333
component_13,component_55,12,54,0.00080349829643112
component_13,component_56,12,55,8.578798800825614e-06
component_13,component_57,12,56,1.2137076956365577e-05
component_13,component_58,12,57,0.022293093128245907
component_13,component_59,12,58,0.000504835927938804
component_13,component_60,12,59,5.6897384982263205e-05
component_14,component_01,13,0,0.00023191974636623138
component_14,component_02,13,1,1.9207814765012803e-05
component_14,component_03,13,2,0.0009971741839264812
component_14,component_04,13,3,0.021917503596962894
component_14,component_05,13,4,3.534708880570186e-05
component_14,component_06,13,5,4.952712806381908e-06
component_14,component_07,13,6,1.6943241635827363e-06
component_14,component_08,13,7,0.00043567303948886164
component_14,component_09,13,8,6.179914754102688e-06
component_14,component_10,13,9,4.260706329503131e-05
component_14,component_11,13,10,0.0001876026089089961
component_14,component_12,13,11,0.0003635893433338707
component_14,component_13,13,12,5.211971475669531e-07
component_14,component_15,13,14,1.85595022109762e-05
component_14,component_16,13,15,1.005439784129144e-06
component_14,component_17,13,16,0.00045039650779374297
component_14,component_18,13,17,4.4917035030989804e-05
component_14,component_19,13,18,0.00042171913703680164
component_14,component_20,13,19,0.0007570323629658607
component_14,component_21,13,20,2.5587727075047705e-05
component_14,component_22,13,21,1.4318907601875314e-05
component_14,component_23,13,22,2.8412694367567644e-05
component_14,component_24,13,23,1.2070708835285057e-05
component_14,component_25,13,24,3.350436687032857e-05
component_14,component_26,13,25,0.00015859928695185265
component_14,component_27,13,26,1.8325672934183364e-05
component_14,component_28,13,27,1.0177844340807647e-06
component_14,component_29,13,28,2.7001192597486745e-06
component_14,component_30,13,29,0.000868825086214487
component_14,component_31,13,30,0.03910829870768889
component_14,component_32,13,31,0.00037957032581885613
component_14,component_33,13,32,2.0926899423546474e-05
component_14,component_34,13,33,0.00019652619371633777
component_14,component_35,13,34,2.2698729239591176e-06
component_14,component_36,13,35,0.00027871750899275213
component_14,component_37,13,36,4.574828304362297e-05
component_14,component_38,13,37,0.00022918069682751317
component_14,component_39,13,38,7.762765597536905e-06
component_14,component_40,13,39,0.0004261433293555378
component_14,component_41,13,40,2.8887137224305435e-05
component_14,component_42,13,41,0.00026496385347409164
component_14,component_43,13,42,0.000404675029757189
component_14,component_44,13,43,0.0010254654481556614
component_14,component_45,13,44,3.5424128627655434e-05
component_14,component_46,13,45,0.017335902356022535
component_14,component_47,13,46,2.0991807186679784e-05
component_14,component_48,13,47,2.673619878816885e-05
component_14,component_49,13,48,2.616623371065099e-07
component_14,component_50,13,49,0.0002751791482132332
component_14,component_51,13,50,2.9836128507795178e-05
component_14,component_52,13,51,2.415783959192399e-06
component_14,component_53,13,52,0.017349932289226645
component_14,component_54,13,53,0.0002632705193070311
component_14,component_55,13,54,0.001190579150678138
component_14,component_56,13,55,0.0180209532792725
component_14,component_57,13,56,2.6210365011851038e-05
component_14,component_58,13,57,1.8248128091371497e-07
component_14,component_59,13,58,7.053166447079833e-06
component_14,component_60,13,59,0.0001109467260981734
component_15,component_01,14,0,0.021963549323196847
component_15,component_02,14,1,0.0009206596510895737
component_15,component_03,14,2,3.88218763907951e-05
component_15,component_04,14,3,1.0506471499968394e-05
component_15,component_05,14,4,0.010325311790369628
component_15,component_06,14,5,7.026363696298426e-07
component_15,component_07,14,6,3.7513067951613064e-05
component_15,component_08,14,7,7.969037197528155e-06
component_15,component_09,14,8,7.490272512523948e-05
component_15,component_10,14,9,8.215389478708133e-05
component_15,component_11,14,10,8.945883685371086e-05
component_15,component_12,14,11,0.01352505552347068
component_15,component_13,14,12,7.816620864920681e-08
component_15,component_14,14,13,0.00019162680330116178
component_15,component_16,14,15,4.819225154826179e-05
component_15,component_17,14,16,8.570934752876386e-06
component_15,component_18,14,17,0.0009090985853676707
component_15,component_19,14,18,9.684596101731672e-06
component_15,component_20,14,19,0.0003271661995898392
component_15,component_21,14,20,2.1718936547008756e-05
component_15,component_22,14,21,0.001302549191601355
component_15,component_23,14,22,0.0011171263210302533
component_15,component_24,14,23,3.871751891634356e-06
component_15,component_25,14,24,7.689811792698486e-06
component_15,component_26,14,25,0.0005935474420678977
component_15,component_27,14,26,0.000660588304753463
component_15,component_28,14,27,4.00171052325242e-05
component_15,component_29,14,28,1.0214224174410227e-06
component_15,component_30,14,29,9.231383415626903e-06
component_15,component_31,14,30,0.018389842071655598
component_15,component_32,14,31,0.00019872369621911663
component_15,component_33,14,32,8.411286748388309e-05
component_15,component_34,14,33,8.037653102335322e-05
component_15,component_35,14,34,2.102385487459492e-05
component_15,component_36,14,35,5.9454439497519545e-05
component_15,component_37,14,36,3.915845048678241e-05
component_15,component_38,14,37,4.97156202639132e-05
component_15,component_39,14,38,0.0004554554860993898
component_15,component_40,14,39,0.0012081700518684437
component_15,component_41,14,40,6.526320824143386e-06
component_15,component_42,14,41,3.107109170826286e-06
component_15,component_43,14,42,5.7160914308878335e-06
component_15,component_44,14,43,0.00037275546172132524
component_15,component_45,14,44,6.592493642581239e-06
component_15,component_46,14,45,0.00012522818928007373
component_15,component_47,14,46,3.5927250453234036e-05
component_15,component_48,14,47,2.6774244625167185e-06
component_15,component_49,14,48,1.1667623997069394e-05
component_15,component_50,14,49,1.4934751523354467e-05
component_15,component_51,14,50,0.00014537963971475435
component_15,component_52,14,51,4.7929661084287506e-05
component_15,component_53,14,52,0.00030852984521134296
component_15,component_54,14,53,0.0006220503343619264
component_15,component_55,14,54,2.7449274275499804e-05
component_15,component_56,14,55,5.582310345230389e-06
component_15,component_57,14,56,5.6036197085358855e-06
component_15,component_58,14,57,2.8604974253041516e-06
component_15,component_59,14,58,0.010054454856001531
component_15,component_60,14,59,8.334870833017124e-06
component_16,component_01,15,0,0.0006461339817141749
component_16,component_02,15,1,5.0113740164069046e-05
component_16,component_03,15,2,2.8543366167665302e-05
component_16,component_04,15,3,2.9758292538009034e-05
component_16,component_05,15,4,1.4541244055253342e-06
component_16,component_06,15,5,6.79973113771851e-06
component_16,component_07,15,6,2.2238056224931675e-05
component_16,component_08,15,7,1.2483792641972693e-06
component_16,component_09,15,8,4.204377882488202e-06
component_16,component_10,15,9,6.798676907682337e-05
component_16,component_11,15,10,9.786681824662555e-06
component_16,component_12,15,11,2.1057216321599104e-05
component_16,component_13,15,12,0.0007053344702243611
component_16,component_14,15,13,0.0007327533982636998
component_16,component_15,15,14,1.1084637845516564e-06
component_16,component_17,15,16,1.5441569249462038e-05
component_16,component_18,15,17,5.041723190617524e-05
component_16,component_19,15,18,7.2064471562495805e-06
component_16,component_20,15,19,2.3234176492646898e-05
component_16,component_21,15,20,2.6325020424275796e-05
component_16,component_22,15,21,0.0007953883533170479
component_16,component_23,15,22,0.0007413864801131281
component_16,component_24,15,23,0.0008652592618444253
component_16,component_25,15,24,1.0549919519403807e-05
component_16,component_26,15,25,0.0005961866681640117
component_16,component_27,15,26,1.954895835340731e-05
component_16,component_28,15,27,2.6557552386105048e-05
component_16,component_29,15,28,8.703034069847639e-06
component_16,component_30,15,29,0.023413617477161745
component_16,component_31,15,30,6.452009749928187e-05
component_16,component_32,15,31,0.0006871225226328676
component_16,component_33,15,32,0.0004520265405255039
component_16,component_34,15,33,0.0008642693123157946
component_16,component_35,15,34,7.596014567716769e-06
component_16,component_36,15,35,2.6081855533573225e-05
component_16,component_37,15,36,1.6689984147561908e-06
component_16,component_38,15,37,8.131187224243984e-06
component_16,component_39,15,38,4.357077772922764e-06
component_16,component_40,15,39,6.847478517279014e-06
component_16,component_41,15,40,0.00032522905129214524
component_16,component_42,15,41,0.0003420177376551278
component_16,component_43,15,42,9.940063538039896e-06
component_16,component_44,15,43,0.04069651833983494
component_16,component_45,15,44,0.0006613668094244476
component_16,component_46,15,45,0.00040623588458130796
component_16,component_47,15,46,3.875567476968461e-05
component_16,component_48,15,47,0.04406034686914732
component_16,component_49,15,48,1.949795899492866e-06
component_16,component_50,15,49,0.0006755960402553197
component_16,component_51,15,50,1.7425648837415646e-05
component_16,component_52,15,51,1.6852700293886906e-05
component_16,component_53,15,52,3.919810508404025e-05
component_16,component_54,15,53,0.0006293500286668608
component_16,component_55,15,54,2.8168922682415666e-05
component_16,component_56,15,55,0.023273142009343824
component_16,component_57,15,56,0.00041574713784189095
component_16,component_58,15,57,0.02189681673330374
component_16,component_59,15,58,0.0005034293486440836
component_16,component_60,15,59,2.986849342349406e-06
component_17,component_01,16,0,5.012379279700402e-05
component_17,component_02,16,1,2.0047415249700774e-05
component_17,component_03,16,2,3.2663525116887855e-05
component_17,component_04,16,3,2.613183038223216e-05
component_17,component_05,16,4,0.01220532870460465
component_17,component_06,16,5,1.4090645500417416e-05
component_17,component_07,16,6,7.649578221115591e-06
component_17,component_08,16,7,8.578406646119706e-06
component_17,component_09,16,8,2.4350056982186473e-06
component_17,component_10,16,9,0.0005697072913218822
component_17,component_11,16,10,4.380228325023375e-06
component_17,component_12,16,11,0.017698868542419314
component_17,component_13,16,12,2.0832545502596876e-05
component_17,component_14,16,13,2.6851783201425617e-05
component_17,component_15,16,14,0.0009033807109499216
component_17,component_16,16,15,1.049388965251874e-06
component_17,component_18,16,17,5.665663798002003e-05
component_17,component_19,16,18,2.614944968710386e-06
component_17,component_20,16,19,3.351532684482877e-05
component_17,component_21,16,20,2.63315693793072e-05
component_17,component_22,16,21,0.00024234652643585463
component_17,component_23,16,22,0.0005159166029871532
component_17,component_24,16,23,1.1244652000669904e-05
component_17,component_25,16,24,2.3525569351198517e-05
component_17,component_26,16,25,0.0007209467703541561
component_17,component_27,16,26,0.0008394839029122922
component_17,component_28,16,27,1.848089030245328e-05
component_17,component_29,16,28,0.0005916879367681559
component_17,component_30,16,29,0.0005146790655326231
component_17,component_31,16,30,0.0005235492521391937
component_17,component_32,16,31,0.01977988426471616
component_17,component_33,16,32,0.0002310298684255898
component_17,component_34,16,33,5.167962306923659e-05
component_17,component_35,16,34,2.5016253702957164e-05
component_17,component_36,16,35,7.893765578909979e-05
component_17,component_37,16,36,3.694033847198868e-05
component_17,component_38,16,37,0.00041794324694904454
component_17,component_39,16,38,0.00044993085454841486
component_17,component_40,16,39,0.0011998563584311333
component_17,component_41,16,40,9.070459585730471e-06
component_17,component_42,16,41,0.00074035309338485
component_17,component_43,16,42,9.056886121277938e-06
component_17,component_44,16,43,0.0012402544614453558
component_17,component_45,16,44,0.023179429093611027
component_17,component_46,16,45,0.00033794742713171927
component_17,component_47,16,46,0.026691757969529994
component_17,component_48,16,47,2.3155758881804037e-05
component_17,component_49,16,48,9.159084565474028e-06
component_17,component_50,16,49,0.0002417785501142718
component_17,component_51,16,50,1.2151941866861841e-05
component_17,component_52,16,51,2.7015048063517124e-06
component_17,component_53,16,52,1.4437659740151762e-05
component_17,component_54,16,53,0.0010596824669337848
component_17,component_55,16,54,1.0032057589652856e-05
component_17,component_56,16,55,0.0003998914822402227
component_17,component_57,16,56,0.0004590727369452019
component_17,component_58,16,57,5.460339462181164e-07
component_17,component_59,16,58,4.1564122667527344e-05
component_17,component_60,16,59,2.7248853513189052e-06
component_18,component_01,17,0,8.009099020261402e-05
component_18,component_02,17,1,0.00042559396024627273
component_18,component_03,17,2,2.720072913535947e-05
component_18,component_04,17,3,2.6632049827037768e-05
component_18,component_05,17,4,0.0009460397178344878
component_18,component_06,17,5,1.327887700341112e-05
component_18,component_07,17,6,1.1399729776734867e-05
component_18,component_08,17,7,2.947043921370706e-05
component_18,component_09,17,8,0.02038520119344194
component_18,component_10,17,9,0.0008954295895969924
component_18,component_11,17,10,1.163801125279712e-06
component_18,component_12,17,11,0.020927937544568936
component_18,component_13,17,12,1.6624446876828434e-05
component_18,component_14,17,13,2.4138048817221317e-05
component_18,component_15,17,14,0.0010680573384242965
component_18,component_16,17,15,2.227786475201333e-05
component_18,component_17,17,16,1.4212768339803657e-06
component_18,component_19,17,18,0.0005886011043490197
component_18,component_20,17,19,0.0003029166961511257
component_18,component_21,17,20,0.0004251899852779165
component_18,component_22,17,21,2.828876402242321e-05
component_18,component_23,17,22,0.0006265083569532685
component_18,component_24,17,23,5.845368765669381e-06
component_18,component_25,17,24,5.769886124957316e-05
component_18,component_26,17,25,8.451051019188118e-05
component_18,component_27,17,26,0.0009933539165993327
component_18,component_28,17,27,2.2442449324919122e-05
component_18,component_29,17,28,0.0004717641119002102
component_18,component_30,17,29,0.00040263267300498615
component_18,component_31,17,30,0.00037921129032638144
component_18,component_32,17,31,0.027596821519377205
component_18,component_33,17,32,0.0003156454150983036
component_18,component_34,17,33,0.023040381255766015
component_18,component_35,17,34,1.5243160935817962e-05
component_18,component_36,17,35,3.012070683821493e-05
component_18,component_37,17,36,4.354492100863305e-06
component_18,component_38,17,37,0.0003586133932420887
component_18,component_39,17,38,3.711055613014088e-05
component_18,component_40,17,39,9.768521974236892e-05
component_18,component_41,17,40,1.1386658260403263e-05
component_18,component_42,17,41,0.0006933541710083606
component_18,component_43,17,42,2.8797754077395773e-06
component_18,component_44,17,43,0.0005943348966976934
component_18,component_45,17,44,0.0006283215232834665
component_18,component_46,17,45,2.6127043441379677e-05
component_18,component_47,17,46,0.021040629758464085
component_18,component_48,17,47,1.935368044713501e-05
component_18,component_49,17,48,2.7322668498037076e-06
component_18,component_50,17,49,0.0006818740997580905
component_18,component_51,17,50,2.8851367415215438e-05
component_18,component_52,17,51,3.130230306668826e-05
component_18,component_53,17,52,0.00048350104481907153
component_18,component_54,17,53,0.0001366289101629871
component_18,component_55,17,54,1.291086920002932e-05
component_18,component_56,17,55,3.9269891520002095e-05
component_18,component_57,17,56,0.0006426636893837841
component_18,component_58,17,57,0.0004918985766509528
component_18,component_59,17,58,3.858756441630597e-05
component_18,component_60,17,59,6.774423766478462e-06
component_19,component_01,18,0,0.0004046490865023955
component_19,component_02,18,1,3.7923087953035604e-05
component_19,component_03,18,2,0.0001943031264336697
component_19,component_04,18,3,3.6360982563122e-05
component_19,component_05,18,4,4.770574010187681e-06
component_19,component_06,18,5,8.299721770655273e-06
component_19,component_07,18,6,0.00027287609827620436
component_19,component_08,18,7,0.018864619183646777
component_19,component_09,18,8,3.850347095838341e-06
component_19,component_10,18,9,2.129744060663396e-05
component_19,component_11,18,10,2.155492628685761e-05
component_19,component_12,18,11,9.818295710709774e-06
component_19,component_13,18,12,2.0693240579924362e-07
component_19,component_14,18,13,0.0004926494892570536
component_19,component_15,18,14,8.246523552638386e-07
component_19,component_16,18,15,1.9850973070848044e-06
component_19,component_17,18,16,1.3733913682977053e-05
component_19,component_18,18,17,5.5699984639776563e-05
component_19,component_20,18,19,3.460038277698529e-05
component_19,component_21,18,20,1.830389533367186e-05
component_19,component_22,18,21,3.2635981679729695e-05
component_19,component_23,18,22,2.2427268892104767e-05
component_19,component_24,18,23,7.836095380419665e-07
component_19,component_25,18,24,0.028997109785621453
component_19,component_26,18,25,0.0001876950157958772
component_19,component_27,18,26,4.635400500725369e-06
component_19,component_28,18,27,8.0337770441734e-07
component_19,component_29,18,28,3.4025082511589538e-06
component_19,component_30,18,29,5.16215416915992e-06
component_19,component_31,18,30,5.9622047887554856e-05
component_19,component_32,18,31,4.430115913381317e-06
component_19,component_33,18,32,7.636911948838857e-06
component_19,component_34,18,33,0.0006110541030120861
component_19,component_35,18,34,1.2596020123178962e-05
component_19,component_36,18,35,0.01943987626184081
component_19,component_37,18,36,0.00026600425349533434
component_19,component_38,18,37,0.000369457436515763
component_19,component_39,18,38,0.0010197358037968064
component_19,component_40,18,39,0.0002628528368848523
component_19,component_41,18,40,0.0002740919502221613
component_19,component_42,18,41,0.00044480485183247346
component_19,component_43,18,42,2.3649729432965883e-05
component_19,component_44,18,43,6.7407082846358605e-06
component_19,component_45,18,44,9.80332340900913e-06
component_19,component_46,18,45,0.0003552102008847901
component_19,component_47,18,46,3.7054466596746076e-06
component_19,component_48,18,47,5.578546008801925e-06
component_19,component_49,18,48,1.8636035053133087e-05
component_19,component_50,18,49,0.02314303008062649
component_19,component_51,18,50,0.0003562163752983454
component_19,component_52,18,51,7.394285532199368e-06
component_19,component_53,18,52,2.184405602716938e-05
component_19,component_54,18,53,8.53095618295669e-06
component_19,component_55,18,54,0.0003601018443194848
component_19,component_56,18,55,0.021713765301645153
component_19,component_57,18,56,0.0001562931193593201
component_19,component_58,18,57,1.4079640291893288e-07
component_19,component_59,18,58,0.0005297029465053079
component_19,component_60,18,59,2.4466443607937712e-05
component_20,component_01,19,0,8.215559164921288e-06
component_20,component_02,19,1,9.807003242090457e-07
component_20,component_03,19,2,0.00012329898152841558
component_20,component_04,19,3,0.0009243988110426527
component_20,component_05,19,4,1.322345751232863e-05
component_20,component_06,19,5,3.0021095612202027e-07
component_20,component_07,19,6,0.0009758261777673582
component_20,component_08,19,7,1.4752659776348217e-05
component_20,component_09,19,8,4.789024758142086e-06
component_20,component_10,19,9,7.82389983326925e-06
component_20,component_11,19,10,5.2366354907247017e-05
component_20,component_12,19,11,0.0002733943263182209
component_20,component_13,19,12,9.111226121146289e-06
component_20,component_14,19,13,0.023923766800614994
component_20,component_15,19,14,1.4210607715126068e-05
component_20,component_16,19,15,5.133510158918211e-08
component_20,component_17,19,16,1.7994922526670446e-05
component_20,component_18,19,17,0.00017575736012516454
component_20,component_19,19,18,1.0887410561427086e-05
component_20,component_21,19,20,0.022333627075323742
component_20,component_22,19,21,3.6598734420179955e-05
component_20,component_23,19,22,3.752576030544074e-05
component_20,component_24,19,23,0.00039463568932729246
component_20,component_25,19,24,0.0010549738244323506
component_20,component_26,19,25,9.52942209331387e-06
component_20,component_27,19,26,3.5316473608754284e-05
component_20,component_28,19,27,1.3442278378047766e-06
component_20,component_29,19,28,0.00025828594958524266
component_20,component_30,19,29,0.0002517194693663903
component_20,component_31,19,30,0.0023845313102243974
component_20,component_32,19,31,3.3870347631277415e-05
component_20,component_33,19,32,1.2242650948657201e-05
component_20,component_34,19,33,1.635102722544808e-05
component_20,component_35,19,34,1.0023030765072544e-06
component_20,component_36,19,35,3.701762997235937e-05
component_20,component_37,19,36,0.0005574817979205376
component_20,component_38,19,37,0.0005104078486696846
component_20,component_39,19,38,3.923187735140541e-05
component_20,component_40,19,39,0.0005578121434113258
component_20,component_41,19,40,0.016967339954946974
component_20,component_42,19,41,1.4951733540569701e-05
component_20,component_43,19,42,1.9103747926851603e-05
component_20,component_44,19,43,7.536482400489208e-05
component_20,component_45,19,44,0.0001750875356311012
component_20,component_46,19,45,0.0004497102509621116
component_20,component_47,19,46,1.527554465354107e-05
component_20,component_48,19,47,1.1190518267144508e-05
component_20,component_49,19,48,1.4889774798659355e-05
component_20,component_50,19,49,1.6322535239341052e-05
component_20,component_51,19,50,0.033700912406590934
component_20,component_52,19,51,0.0004996048221647727
component_20,component_53,19,52,0.0004390823392647009
component_20,component_54,19,53,2.4264584140280228e-05
component_20,component_55,19,54,5.6965171472289615e-05
component_20,component_56,19,55,0.0009785221908407704
component_20,component_57,19,56,0.0004761649726479013
component_20,component_58,19,57,3.195972950523269e-07
component_20,component_59,19,58,4.836232969027078e-05
component_20,component_60,19,59,0.01579328562998586
component_21,component_01,20,0,3.73325012075509e-05
component_21,component_02,20,1,2.4498166143697326e-06
component_21,component_03,20,2,0.0023312563340908655
component_21,component_04,20,3,0.01751629943015257
component_21,component_05,20,4,1.662354286403002e-05
component_21,component_06,20,5,5.09532272089594e-07
component_21,component_07,20,6,0.022865324418499613
component_21,component_08,20,7,1.4784243297890863e-05
component_21,component_09,20,8,2.508187625439257e-05
component_21,component_10,20,9,0.000142454125932957
component_21,component_11,20,10,0.0011170603284703965
component_21,component_12,20,11,4.7040830439595796e-05
component_21,component_13,20,12,1.4423550540406666e-05
component_21,component_14,20,13,0.00011306008511058953
component_21,component_15,20,14,1.318470376240041e-05
component_21,component_16,20,15,1.2823650779861376e-07
component_21,component_17,20,16,2.0143167060018732e-05
component_21,component_18,20,17,1.6972239081699828e-05
component_21,component_19,20,18,1.6249790819988235e-06
component_21,component_20,20,19,0.00012771150991067106
component_21,component_22,20,21,0.0006972850359246652
component_21,component_23,20,22,0.0006849168065346697
component_21,component_24,20,23,0.00017746967959522065
component_21,component_25,20,24,0.0006520012376336845
component_21,component_26,20,25,6.245122499364375e-06
component_21,component_27,20,26,0.0006578789497580406
component_21,component_28,20,27,2.4534725757195778e-05
component_21,component_29,20,28,0.0003998150305981664
component_21,component_30,20,29,0.000696223452947081
component_21,component_31,20,30,0.0008066693214376145
component_21,component_32,20,31,0.0002757288714896625
component_21,component_33,20,32,2.660793403779936e-05
component_21,component_34,20,33,3.742316320397744e-05
component_21,component_35,20,34,9.848345363759712e-06
component_21,component_36,20,35,0.000405591186523536
component_21,component_37,20,36,0.0003343106657711212
component_21,component_38,20,37,0.00029632904366458634
component_21,component_39,20,38,6.0456587802611305e-05
component_21,component_40,20,39,1.929424266568339e-05
component_21,component_41,20,40,1.7522026322719333e-05
component_21,component_42,20,41,6.131563776565887e-06
component_21,component_43,20,42,0.00021744165352525694
component_21,component_44,20,43,0.0008219676937843416
component_21,component_45,20,44,2.307283917263221e-05
component_21,component_46,20,45,0.0006309356240179872
component_21,component_47,20,46,1.9598043526582706e-05
component_21,component_48,20,47,3.7306891797098934e-05
component_21,component_49,20,48,0.0006210563782049418
component_21,component_50,20,49,5.620350183315167e-05
component_21,component_51,20,50,0.018664640989856835
component_21,component_52,20,51,0.021903188601742334
component_21,component_53,20,52,1.705009712278109e-05
component_21,component_54,20,53,4.2529425483371374e-05
component_21,component_55,20,54,0.001223916903277921
component_21,component_56,20,55,2.4176997744372707e-05
component_21,component_57,20,56,0.0211133889215014
component_21,component_58,20,57,9.285230304133535e-07
component_21,component_59,20,58,0.0008009549648482459
component_21,component_60,20,59,0.00017709740303316544
component_22,component_01,21,0,4.878237326026963e-05
component_22,component_02,21,1,0.0005890527539007317
component_22,component_03,21,2,0.025948671608097284
component_22,component_04,21,3,5.037487655849625e-05
component_22,component_05,21,4,0.00023449313399543045
component_22,component_06,21,5,1.969694080117144e-06
component_22,component_07,21,6,0.02676382145830512
component_22,component_08,21,7,1.9200250349235106e-05
component_22,component_09,21,8,6.562375692190819e-05
component_22,component_10,21,9,0.03932122142888407
component_22,component_11,21,10,0.0013002476144131257
component_22,component_12,21,11,5.2578222853705464e-05
component_22,component_13,21,12,9.358236756174349e-06
component_22,component_14,21,13,0.000979434904306322
component_22,component_15,21,14,2.768745808328021e-06
component_22,component_16,21,15,3.083417249532366e-05
component_22,component_17,21,16,1.7787911021314852e-05
component_22,component_18,21,17,0.00010695258345808838
component_22,component_19,21,18,1.9118304034451595e-05
component_22,component_20,21,19,0.0017423887193410213
component_22,component_21,21,20,0.0006170928047731456
component_22,component_23,21,22,0.0008452229824272497
component_22,component_24,21,23,5.888657231940575e-05
component_22,component_25,21,24,0.0014301339778354945
component_22,component_26,21,25,0.0013294548551681506
component_22,component_27,21,26,3.093010948454828e-05
component_22,component_28,21,27,3.0277128374834185e-05
component_22,component_29,21,28,0.00011757778215309887
component_22,component_30,21,29,8.873732781241732e-05
component_22,component_31,21,30,5.576948241596889e-05
component_22,component_32,21,31,9.117303347351628e-06
component_22,component_33,21,32,1.555897899665462e-05
component_22,component_34,21,33,0.033171843097546574
component_22,component_35,21,34,1.7688581763107964e-05
component_22,component_36,21,35,2.7958011299472374e-05
component_22,component_37,21,36,0.0004947691942911087
component_22,component_38,21,37,0.0008889633790752935
component_22,component_39,21,38,0.00010197471893023012
component_22,component_40,21,39,6.969198979492992e-05
component_22,component_41,21,40,3.121425615203331e-05
component_22,component_42,21,41,7.954168066389279e-05
component_22,component_43,21,42,0.0022929306110041573
component_22,component_44,21,43,1.533651545488584e-05
component_22,component_45,21,44,1.9998886200746772e-05
component_22,component_46,21,45,4.879979217244991e-05
component_22,component_47,21,46,0.0037760824681619554
component_22,component_48,21,47,0.00033072494497891057
component_22,component_49,21,48,4.925985912425956e-06
component_22,component_50,21,49,5.023282936191712e-05
component_22,component_51,21,50,8.38399672530591e-05
component_22,component_52,21,51,5.299290840197377e-05
component_22,component_53,21,52,0.0006965884025831865
component_22,component_54,21,53,0.0012503156163201083
component_22,component_55,21,54,0.020041164849258046
component_22,component_56,21,55,0.00013729521700584914
component_22,component_57,21,56,1.4953284601532735e-05
component_22,component_58,21,57,2.464053462215101e-06
component_22,component_59,21,58,0.0009594912652593539
component_22,component_60,21,59,0.0022082507503255046
component_23,component_01,22,0,0.046604424044281265
component_23,component_02,22,1,0.001965101692537164
component_23,component_03,22,2,0.0001162630912753965
component_23,component_04,22,3,1.759260803920404e-05
component_23,component_05,22,4,2.529884783744798e-05
component_23,component_06,22,5,0.0005794615967231625
component_23,component_07,22,6,8.725699731191378e-05
component_23,component_08,22,7,5.709868891803927e-05
component_23,component_09,22,8,0.00015616994188566796
component_23,component_10,22,9,0.026459561564403516
component_23,component_11,22,10,1.2042712809059734e-05
component_23,component_12,22,11,0.000532509340627768
component_23,component_13,22,12,2.434784372885252e-06
component_23,component_14,22,13,3.6506162656828184e-05
component_23,component_15,22,14,5.997329497964403e-05
component_23,component_16,22,15,0.00010286393562766448
component_23,component_17,22,16,1.9784939702733117e-05
component_23,component_18,22,17,0.001951835232642599
component_23,component_19,22,18,3.2841794957732616e-05
component_23,component_20,22,19,5.9278418065988475e-05
component_23,component_21,22,20,2.540284248085417e-05
component_23,component_22,22,21,0.0028119011410382955
component_23,component_24,22,23,1.2818343243048937e-06
component_23,component_25,22,24,0.0009426651195904892
component_23,component_26,22,25,0.0008847129581033053
component_23,component_27,22,26,0.024426823534857513
component_23,component_28,22,27,0.03588642426389494
component_23,component_29,22,28,6.652965275239571e-05
component_23,component_30,22,29,0.0003466808024255203
component_23,component_31,22,30,0.002531074972795315
component_23,component_32,22,31,7.838986652370167e-05
component_23,component_33,22,32,1.0419272331883264e-05
component_23,component_34,22,33,0.0005904986771733285
component_23,component_35,22,34,0.00035146505695164053
component_23,component_36,22,35,0.0006561055533486338
component_23,component_37,22,36,3.925039606537802e-05
component_23,component_38,22,37,0.0008437106379628231
component_23,component_39,22,38,3.663406475846316e-05
component_23,component_40,22,39,0.0005029626199625958
component_23,component_41,22,40,2.5829938825785982e-05
component_23,component_42,22,41,6.78533623612819e-05
component_23,component_43,22,42,1.8777497679746416e-05
component_23,component_44,22,43,2.104573483177654e-05
component_23,component_45,22,44,2.550132843244446e-05
component_23,component_46,22,45,0.00046587616442597386
component_23,component_47,22,46,0.0030273136488551556
component_23,component_48,22,47,8.375822528672924e-06
component_23,component_49,22,48,0.001888833718175131
component_23,component_50,22,49,5.8892427127251765e-05
component_23,component_51,22,50,7.947375052225298e-06
component_23,component_52,22,51,0.00010104467096856145
component_23,component_53,22,52,0.001156571412969695
component_23,component_54,22,53,0.032820215288658035
component_23,component_55,22,54,5.9363921759517686e-05
component_23,component_56,22,55,4.661899728462843e-05
component_23,component_57,22,56,1.3484515578680105e-05
component_23,component_58,22,57,6.06687260340011e-06
component_23,component_59,22,58,0.0003255875625428714
component_23,component_60,22,59,9.606675391842238e-06
component_24,component_01,23,0,1.2658970882893685e-06
component_24,component_02,23,1,3.4430495557050616e-05
component_24,component_03,23,2,0.0003596582894799709
component_24,component_04,23,3,2.8817077251163225e-05
component_24,component_05,23,4,3.5151202355691996e-06
component_24,component_06,23,5,9.996727559848748e-06
component_24,component_07,23,6,0.00034288396714965457
component_24,component_08,23,7,8.869913471838865e-06
component_24,component_09,23,8,3.396323582422119e-06
component_24,component_10,23,9,0.0010486167893149266
component_24,component_11,23,10,1.9620888124061725e-05
component_24,component_12,23,11,1.0523766704365707e-05
component_24,component_13,23,12,2.0265925631384526e-05
component_24,component_14,23,13,0.0005374575065684246
component_24,component_15,23,14,5.403179357865765e-07
component_24,component_16,23,15,1.8022763361606866e-06
component_24,component_17,23,16,1.429963011521075e-06
component_24,component_18,23,17,4.5631624076087056e-05
component_24,component_19,23,18,3.199082221632804e-06
component_24,component_20,23,19,4.983445838081914e-05
component_24,component_21,23,20,3.163304871146768e-05
component_24,component_22,23,21,0.012789448836767563
component_24,component_23,23,22,1.1236103419962539e-05
component_24,component_25,23,24,4.077440431730324e-05
component_24,component_26,23,25,3.5740895159242426e-05
component_24,component_27,23,26,1.0446434699549354e-06
component_24,component_28,23,27,4.0249372384807443e-07
component_24,component_29,23,28,0.0005737891873568732
component_24,component_30,23,29,0.019027422282219323
component_24,component_31,23,30,2.174915391787627e-05
component_24,component_32,23,31,6.071990283187807e-06
component_24,component_33,23,32,0.00035513888363548755
component_24,component_34,23,33,0.00125842899196892
component_24,component_35,23,34,4.948271181940688e-07
component_24,component_36,23,35,0.0006195540403650259
component_24,component_37,23,36,1.4747378344415179e-05
component_24,component_38,23,37,0.00040599842733700495
component_24,component_39,23,38,4.366802334258295e-06
component_24,component_40,23,39,6.040467617755157e-06
component_24,component_41,23,40,0.0002733220572515233
component_24,component_42,23,41,0.0005362408011119685
component_24,component_43,23,42,3.2452714486891276e-05
component_24,component_44,23,43,0.02611950663478185
component_24,component_45,23,44,0.000487295370936274
component_24,component_46,23,45,3.7464517106745044e-05
component_24,component_47,23,46,0.025963047556112964
component_24,component_48,23,47,2.6428112851518395e-05
component_24,component_49,23,48,1.878206921376509e-07
component_24,component_50,23,49,0.00023276776479116555
component_24,component_51,23,50,9.600055300179608e-06
component_24,component_52,23,51,3.113561623962493e-06
component_24,component_53,23,52,4.090043588273817e-05
component_24,component_54,23,53,0.0319306510449909
component_24,component_55,23,54,0.0002612498348622557
component_24,component_56,23,55,3.697103123461517e-05
component_24,component_57,23,56,0.00033033120247991365
component_24,component_58,23,57,5.730325383535866e-07
component_24,component_59,23,58,0.0003110840753338178
component_24,component_60,23,59,3.041521818980602e-05
component_25,component_01,24,0,1.3846621940283561e-05
component_25,component_02,24,1,4.174590882496864e-06
component_25,component_03,24,2,0.00106577787078781
component_25,component_04,24,3,0.0006062059340958899
component_25,component_05,24,4,6.486021896316939e-06
component_25,component_06,24,5,2.1643914103460286e-07
component_25,component_07,24,6,0.009216405441713127
component_25,component_08,24,7,9.23746333849738e-06
component_25,component_09,24,8,1.86298960765003e-05
component_25,component_10,24,9,6.939353139357967e-05
component_25,component_11,24,10,0.0005368023724294693
component_25,component_12,24,11,0.00012783654380954022
component_25,component_13,24,12,1.0108851788128063e-07
component_25,component_14,24,13,4.185155083844556e-05
component_25,component_15,24,14,1.7524422752230165e-05
component_25,component_16,24,15,2.1852042031197406e-07
component_25,component_17,24,16,1.2939940523772925e-05
component_25,component_18,24,17,0.00032249640230534667
component_25,component_19,24,18,9.209731740611924e-07
component_25,component_20,24,19,4.7108487343999916e-05
component_25,component_21,24,20,9.587252568152272e-05
component_25,component_22,24,21,0.00029214406023580824
component_25,component_23,24,22,0.00028211217028789034
component_25,component_24,24,23,2.0074545768311373e-06
component_25,component_26,24,25,2.8226724023826223e-06
component_25,component_27,24,26,1.6590019586030127e-05
component_25,component_28,24,27,1.0105672199518937e-05
component_25,component_29,24,28,1.3863589841704044e-06
component_25,component_30,24,29,2.5991094782255157e-05
component_25,component_31,24,30,0.0001315962470877821
component_25,component_32,24,31,1.0511568033873954e-05
component_25,component_33,24,32,8.67407286889742e-05
component_25,component_34,24,33,2.0438685216442157e-05
component_25,component_35,24,34,0.0003526933443838768
component_25,component_36,24,35,0.00033899217925519216
component_25,component_37,24,36,0.0002749867813412761
component_25,component_38,24,37,0.012443553628880794
component_25,component_39,24,38,0.03509761018690463
component_25,component_40,24,39,0.00885642677368094
component_25,component_41,24,40,5.9285893340589416e-06
component_25,component_42,24,41,2.878015682305427e-06
component_25,component_43,24,42,0.0001010699325339209
component_25,component_44,24,43,4.343004342503318e-05
component_25,component_45,24,44,0.00022520703695485327
component_25,component_46,24,45,0.00037947131235832214
component_25,component_47,24,46,1.4071167767913709e-05
component_25,component_48,24,47,3.321231732729541e-06
component_25,component_49,24,48,0.0006335242178742264
component_25,component_50,24,49,3.0632558172325005e-05
component_25,component_51,24,50,0.0006435683714135728
component_25,component_52,24,51,7.548710831258432e-06
component_25,component_53,24,52,5.005868451651122e-06
component_25,component_54,24,53,2.0935689973857608e-05
component_25,component_55,24,54,3.921553488734605e-05
component_25,component_56,24,55,1.2410058428120584e-05
component_25,component_57,24,56,5.418481082636841e-06
component_25,component_58,24,57,4.557935523980195e-07
component_25,component_59,24,58,0.01024879742090553
component_25,component_60,24,59,6.198030537557026e-05
component_26,component_01,25,0,9.537222838413658e-06
component_26,component_02,25,1,0.00011044997092289517
component_26,component_03,25,2,0.00024401263563659134
component_26,component_04,25,3,9.567124080801745e-05
component_26,component_05,25,4,0.000107695967193172
component_26,component_06,25,5,2.680907072912378e-07
component_26,component_07,25,6,0.00010096055640323045
component_26,component_08,25,7,1.5766763060038238e-06
component_26,component_09,25,8,1.0924646892462529e-05
component_26,component_10,25,9,1.9179916199307807e-05
component_26,component_11,25,10,7.0162346559618e-05
component_26,component_12,25,11,0.0002683780216522771
component_26,component_13,25,12,2.2885698644548774e-07
component_26,component_14,25,13,9.626490763664342e-06
component_26,component_15,25,14,1.3724947507932653e-05
component_26,component_16,25,15,5.781542371184559e-06
component_26,component_17,25,16,0.008243007027396939
component_26,component_18,25,17,0.00014002585706058665
component_26,component_19,25,18,7.621538731034749e-05
component_26,component_20,25,19,1.2494121053231095e-05
component_26,component_21,25,20,6.3336114832493e-07
component_26,component_22,25,21,6.590766994217355e-06
component_26,component_23,25,22,0.00019519559417463802
component_26,component_24,25,23,7.28858581977417e-07
component_26,component_25,25,24,9.837005839212582e-05
component_26,component_27,25,26,1.7543160351279934e-05
component_26,component_28,25,27,6.992192812902168e-06
component_26,component_29,25,28,5.275850598036846e-06
component_26,component_30,25,29,9.420293873075039e-06
component_26,component_31,25,30,1.4937888468332775e-05
component_26,component_32,25,31,0.00016703752979445468
component_26,component_33,25,32,6.15815525058167e-05
component_26,component_34,25,33,6.979703903717043e-06
component_26,component_35,25,34,0.012211787321808642
component_26,component_36,25,35,5.320556431437326e-06
component_26,component_37,25,36,7.1461686640672766e-06
component_26,component_38,25,37,0.0054063521315454825
component_26,component_39,25,38,6.286490470186572e-05
component_26,component_40,25,39,1.1937437532279908e-05
component_26,component_41,25,40,4.2221852577086137e-07
component_26,component_42,25,41,8.343113281942484e-06
component_26,component_43,25,42,2.5176448537304816e-05
component_26,component_44,25,43,2.1522103225353393e-05
component_26,component_45,25,44,0.0002886354650157395
component_26,component_46,25,45,0.00019837914212484533
component_26,component_47,25,46,0.00022455924883504964
component_26,component_48,25,47,2.9000426298268496e-06
component_26,component_49,25,48,1.6633746501048036e-06
component_26,component_50,25,49,0.008345033020581634
component_26,component_51,25,50,0.0002146040961783076
component_26,component_52,25,51,5.757769548549384e-06
component_26,component_53,25,52,1.7739659883931643e-06
component_26,component_54,25,53,2.4385134073284756e-05
component_26,component_55,25,54,0.00013424813582429903
component_26,component_56,25,55,0.0001478460284748512
component_26,component_57,25,56,4.009278584876243e-06
component_26,component_58,25,57,3.947612817478632e-07
component_26,component_59,25,58,0.007357271382730025
component_26,component_60,25,59,1.8744936401458542e-05
component_27,component_01,26,0,0.0077902833277528945
component_27,component_02,26,1,0.0004521593770047921
component_27,component_03,26,2,0.0004277717340728687
component_27,component_04,26,3,0.0001645320875158271
component_27,component_05,26,4,0.0008554668496896857
component_27,component_06,26,5,6.699527668803499e-06
component_27,component_07,26,6,0.00012340307943107515
component_27,component_08,26,7,9.160266605099358e-07
component_27,component_09,26,8,3.83599983937745e-05
component_27,component_10,26,9,0.0003367034006652501
component_27,component_11,26,10,8.178357614319836e-06
component_27,component_12,26,11,0.01892139158044072
component_27,component_13,26,12,9.180079941423118e-08
component_27,component_14,26,13,2.6256181398644607e-05
component_27,component_15,26,14,0.0009660071868337991
component_27,component_16,26,15,2.3668440786703068e-05
component_27,component_17,26,16,5.474681021527745e-06
component_27,component_18,26,17,0.0005624276294428711
component_27,component_19,26,18,1.6819503470104966e-06
component_27,component_20,26,19,2.6881454236670886e-05
component_27,component_21,26,20,2.486959610612905e-06
component_27,component_22,26,21,0.00046757243702818055
component_27,component_23,26,22,0.011488258023734939
component_27,component_24,26,23,5.4865383179974625e-06
component_27,component_25,26,24,1.2718293856224126e-05
component_27,component_26,26,25,6.162363607903648e-05
component_27,component_28,26,27,0.0004115262720246494
component_27,component_29,26,28,1.513437694074795e-06
component_27,component_30,26,29,1.200718764570073e-05
component_27,component_31,26,30,0.0004744201029883977
component_27,component_32,26,31,2.0142904011599233e-05
component_27,component_33,26,32,6.465066072191063e-07
component_27,component_34,26,33,4.3964162445432385e-05
component_27,component_35,26,34,0.013948457742122378
component_27,component_36,26,35,1.4873682667690252e-05
component_27,component_37,26,36,3.6136495985628366e-06
component_27,component_38,26,37,0.009342295877083578
component_27,component_39,26,38,3.226128961207173e-05
component_27,component_40,26,39,9.45805356789284e-05
component_27,component_41,26,40,9.562478892379949e-07
component_27,component_42,26,41,3.707378815552048e-06
component_27,component_43,26,42,4.126187328153885e-05
component_27,component_44,26,43,0.0005311448203290992
component_27,component_45,26,44,0.00017367516188536796
component_27,component_46,26,45,0.00019038628607344463
component_27,component_47,26,46,5.044637433997941e-05
component_27,component_48,26,47,2.4661634348230898e-06
component_27,component_49,26,48,2.285294035589041e-05
component_27,component_50,26,49,9.079120743208555e-06
component_27,component_51,26,50,1.783633559876944e-06
component_27,component_52,26,51,2.3064073576451302e-05
component_27,component_53,26,52,2.175531434143193e-05
component_27,component_54,26,53,0.0004448997162919615
component_27,component_55,26,54,1.8679865924522467e-05
component_27,component_56,26,55,0.00016573175550559327
component_27,component_57,26,56,8.337320414354601e-07
component_27,component_58,26,57,1.4439530949161506e-06
component_27,component_59,26,58,1.9205036519822966e-05
component_27,component_60,26,59,2.5109164927611088e-05
component_28,component_01,27,0,0.00044672186048100174
component_28,component_02,27,1,2.082474231432206e-05
component_28,component_03,27,2,6.276115573363618e-05
component_28,component_04,27,3,1.4942556723265287e-05
component_28,component_05,27,4,4.835906417636145e-05
component_28,component_06,27,5,0.016112298208573274
component_28,component_07,27,6,4.6498836207815056e-05
component_28,component_08,27,7,0.0015243620950978808
component_28,component_09,27,8,5.111949399621278e-06
component_28,component_10,27,9,0.0009475407440955456
component_28,component_11,27,10,0.00013853173167040683
component_28,component_12,27,11,0.0007780981714733578
component_28,component_13,27,12,2.030772540220297e-07
component_28,component_14,27,13,4.3926704659373176e-05
component_28,component_15,27,14,0.0009519607362891137
component_28,component_16,27,15,1.090078422413559e-06
component_28,component_17,27,16,0.00033005750078869103
component_28,component_18,27,17,4.0826448749473926e-05
component_28,component_19,27,18,0.0007541023304650545
component_28,component_20,27,19,8.397606582320998e-06
component_28,component_21,27,20,0.00036552063135643424
component_28,component_22,27,21,0.0013743030024909132
component_28,component_23,27,22,4.4587752767051606e-05
component_28,component_24,27,23,7.12657899089638e-07
component_28,component_25,27,24,0.00012182181418377014
component_28,component_26,27,25,4.3186664002934616e-05
component_28,component_27,27,26,4.8378981890565304e-05
component_28,component_29,27,28,2.5937865688418026e-06
component_28,component_30,27,29,8.51125743261254e-06
component_28,component_31,27,30,0.00019256096641084803
component_28,component_32,27,31,9.746136570267867e-06
component_28,component_33,27,32,1.2038901837865454e-05
component_28,component_34,27,33,9.261534657249391e-05
component_28,component_35,27,34,1.3201158411561218e-06
component_28,component_36,27,35,0.0006841325361918812
component_28,component_37,27,36,0.0007988308997021881
component_28,component_38,27,37,0.0004049340989434102
component_28,component_39,27,38,1.1830661504421723e-05
component_28,component_40,27,39,0.01295306911947811
component_28,component_41,27,40,0.00031014148774201154
component_28,component_42,27,41,2.1489146391366755e-05
component_28,component_43,27,42,0.0002318893597087177
component_28,component_44,27,43,3.5729747169192276e-05
component_28,component_45,27,44,1.842998182405119e-05
component_28,component_46,27,45,0.012394093339386021
component_28,component_47,27,46,0.00010317949207674319
component_28,component_48,27,47,7.085427281811595e-06
component_28,component_49,27,48,0.05253670260076333
component_28,component_50,27,49,0.0013144260713489175
component_28,component_51,27,50,2.9529217107676077e-05
component_28,component_52,27,51,2.4272578386806125e-05
component_28,component_53,27,52,0.030721837021993183
component_28,component_54,27,53,0.00021777224137003315
component_28,component_55,27,54,4.89115136542194e-05
component_28,component_56,27,55,0.0010170580849530935
component_28,component_57,27,56,1.3551939857818584e-05
component_28,component_58,27,57,1.515161978151184e-07
component_28,component_59,27,58,0.0002639556659560339
component_28,component_60,27,59,5.422900976377218e-06
component_29,component_01,28,0,0.0003147520340934602
component_29,component_02,28,1,3.3319087386880884e-05
component_29,component_03,28,2,2.2452325832198148e-05
component_29,component_04,28,3,0.00037805977109634696
component_29,component_05,28,4,1.7229269368970385e-06
component_29,component_06,28,5,8.06126529175269e-06
component_29,component_07,28,6,8.788050352919005e-06
component_29,component_08,28,7,0.01359266634731361
component_29,component_09,28,8,5.741447259761244e-06
component_29,component_10,28,9,1.576033270490339e-05
component_29,component_11,28,10,0.0001347344875843883
component_29,component_12,28,11,1.8617344406213463e-05
component_29,component_13,28,12,0.03519726070515027
component_29,component_14,28,13,0.00035548153232995116
component_29,component_15,28,14,1.3264937331493327e-06
component_29,component_16,28,15,1.7440992866438275e-06
component_29,component_17,28,16,3.48192617740384e-05
component_29,component_18,28,17,3.957321263150696e-05
component_29,component_19,28,18,7.782879389495369e-06
component_29,component_20,28,19,2.205151373221336e-05
component_29,component_21,28,20,1.1291739714025372e-05
component_29,component_22,28,21,5.171914281808285e-05
component_29,component_23,28,22,3.783080357808374e-05
component_29,component_24,28,23,0.0004482506790608363
component_29,component_25,28,24,0.00048229814432314456
component_29,component_26,28,25,0.0005984285675309967
component_29,component_27,28,26,2.1723889925329966e-05
component_29,component_28,28,27,1.3551549357631977e-06
component_29,component_30,28,29,0.0003439171586532148
component_29,component_31,28,30,3.9419437189695683e-05
component_29,component_32,28,31,0.0005949803880694471
component_29,component_33,28,32,0.00047271410187014524
component_29,component_34,28,33,0.0005822819187937175
component_29,component_35,28,34,8.85452314665794e-06
component_29,component_36,28,35,1.8315709024954146e-05
component_29,component_37,28,36,4.6949829468768245e-06
component_29,component_38,28,37,1.500743386426818e-05
component_29,component_39,28,38,0.00012394583512912363
component_29,component_40,28,39,5.019618941573778e-06
component_29,component_41,28,40,5.545929501065291e-06
component_29,component_42,28,41,0.0004315281610725943
component_29,component_43,28,42,2.3041333108784407e-05
component_29,component_44,28,43,3.0036960109839676e-05
component_29,component_45,28,44,6.291991873108523e-06
component_29,component_46,28,45,0.0011530874514519094
component_29,component_47,28,46,1.5414217438892004e-05
component_29,component_48,28,47,0.038420418510439536
component_29,component_49,28,48,2.1676899427374725e-05
component_29,component_50,28,49,0.0007685643149703815
component_29,component_51,28,50,0.00019348192926809798
component_29,component_52,28,51,0.0006857986208974884
component_29,component_53,28,52,2.6288563248864084e-05
component_29,component_54,28,53,5.455140896859887e-05
component_29,component_55,28,54,4.1541447978046396e-05
component_29,component_56,28,55,0.029598201786612564
component_29,component_57,28,56,1.976032440916154e-05
component_29,component_58,28,57,0.0007848252253876869
component_29,component_59,28,58,0.014196164150123886
component_29,component_60,28,59,3.109609217996877e-06
component_30,component_01,29,0,8.679104251674453e-06
component_30,component_02,29,1,8.924651753383369e-06
component_30,component_03,29,2,0.00026089440807967336
component_30,component_04,29,3,0.00030458260875390093
component_30,component_05,29,4,2.0183295686478774e-05
component_30,component_06,29,5,2.2506460326807124e-07
component_30,component_07,29,6,1.4111504257122573e-05
component_30,component_08,29,7,1.81448787101258e-05
component_30,component_09,29,8,3.4866616707055756e-06
component_30,component_10,29,9,2.4839014727484403e-05
component_30,component_11,29,10,1.0455012041329648e-05
component_30,component_12,29,11,0.0004356049370851627
component_30,component_13,29,12,1.1332204738722765e-05
component_30,component_14,29,13,0.01352936229389615
component_30,component_15,29,14,2.2236191715898465e-05
component_30,component_16,29,15,4.671640185063802e-07
component_30,component_17,29,16,2.34189950999354e-05
component_30,component_18,29,17,0.00013404028017919615
component_30,component_19,29,18,1.347205657445241e-05
component_30,component_20,29,19,2.6369558155534027e-05
component_30,component_21,29,20,0.0004470808986985615
component_30,component_22,29,21,0.00014458151792022414
component_30,component_23,29,22,1.4345075999049016e-05
component_30,component_24,29,23,4.844340896655358e-06
component_30,component_25,29,24,2.5824234338352607e-06
component_30,component_26,29,25,6.259742893955996e-06
component_30,component_27,29,26,2.1153352725112382e-05
component_30,component_28,29,27,5.138616869156696e-07
component_30,component_29,29,28,0.00032134937027235305
component_30,component_31,29,30,0.0005334759824512222
component_30,component_32,29,31,0.00022518200818009518
component_30,component_33,29,32,0.018521194695198136
component_30,component_34,29,33,0.00047025441117961317
component_30,component_35,29,34,3.8297753922612293e-07
component_30,component_36,29,35,0.00034651706428410095
component_30,component_37,29,36,1.2124597393446622e-05
component_30,component_38,29,37,9.316271073007638e-06
component_30,component_39,29,38,1.1801308650032985e-06
component_30,component_40,29,39,0.00024375570655385507
component_30,component_41,29,40,0.013864937402154425
component_30,component_42,29,41,1.1636267808990767e-05
component_30,component_43,29,42,3.9440595641490593e-05
component_30,component_44,29,43,0.0004801784380210502
component_30,component_45,29,44,0.01393819985957518
component_30,component_46,29,45,0.0008977941270845967
component_30,component_47,29,46,9.30109539311147e-06
component_30,component_48,29,47,1.3695971415406126e-05
component_30,component_49,29,48,3.5016556693590425e-07
component_30,component_50,29,49,1.4213838362918583e-05
component_30,component_51,29,50,9.529406774571117e-06
component_30,component_52,29,51,1.0687981488985144e-05
component_30,component_53,29,52,0.0005483993011320279
component_30,component_54,29,53,0.00024102232204255622
component_30,component_55,29,54,1.9723425867273955e-05
component_30,component_56,29,55,0.00048320863533473355
component_30,component_57,29,56,0.017083521599333504
component_30,component_58,29,57,3.4683662263545023e-07
component_30,component_59,29,58,7.671499215221951e-06
component_30,component_60,29,59,1.5772391479510678e-05
component_31,component_01,30,0,0.00022149069916740943
component_31,component_02,30,1,1.1702465188207937e-05
component_31,component_03,30,2,2.783809805132376e-05
component_31,component_04,30,3,0.00023629031942923017
component_31,component_05,30,4,2.594667302442801e-05
component_31,component_06,30,5,1.7902794696761949e-06
component_31,component_07,30,6,2.059547527910212e-05
component_31,component_08,30,7,0.0004157089726939768
component_31,component_09,30,8,1.2317783496780144e-06
component_31,component_10,30,9,2.5293001957106315e-06
component_31,component_11,30,10,3.000439888612073e-06
component_31,component_12,30,11,0.0005680328021106119
component_31,component_13,30,12,3.1398984895311e-07
component_31,component_14,30,13,0.010133883993509635
component_31,component_15,30,14,2.8998806431641787e-05
component_31,component_16,30,15,6.125696346282298e-07
component_31,component_17,30,16,8.492265363900127e-06
component_31,component_18,30,17,2.3278758209496252e-05
component_31,component_19,30,18,0.0004009767000586991
component_31,component_20,30,19,0.017640268435325398
component_31,component_21,30,20,0.0005143895328762808
component_31,component_22,30,21,1.3916340909356234e-05
component_31,component_23,30,22,2.4578084923438826e-05
component_31,component_24,30,23,7.358204541848358e-06
component_31,component_25,30,24,4.567271662311099e-05
component_31,component_26,30,25,3.3046929649286986e-06
component_31,component_27,30,26,3.1892683343058265e-05
component_31,component_28,30,27,8.804230929659856e-07
component_31,component_29,30,28,8.746082009286901e-06
component_31,component_30,30,29,1.5150726297819517e-05
component_31,component_32,30,31,0.009436249169533686
component_31,component_33,30,32,0.00010949719523127436
component_31,component_34,30,33,1.5043090621397813e-05
component_31,component_35,30,34,5.113460003848295e-07
component_31,component_36,30,35,0.0004195586725412976
component_31,component_37,30,36,0.0003306189338301927
component_31,component_38,30,37,0.000212518948682121
component_31,component_39,30,38,2.658080343625606e-06
component_31,component_40,30,39,0.010764048790944123
component_31,component_41,30,40,0.00030536436661471675
component_31,component_42,30,41,9.533443927102649e-05
component_31,component_43,30,42,5.804797047534984e-06
component_31,component_44,30,43,3.232808012381823e-05
component_31,component_45,30,44,7.429106266560989e-06
component_31,component_46,30,45,0.0001832107582559296
component_31,component_47,30,46,1.222911833919457e-06
component_31,component_48,30,47,7.204879034202604e-07
component_31,component_49,30,48,6.069337084222461e-07
component_31,component_50,30,49,0.00012769201895090524
component_31,component_51,30,50,0.0005985986887385752
component_31,component_52,30,51,1.8153265312065724e-05
component_31,component_53,30,52,0.016552372778189207
component_31,component_54,30,53,5.760063512108153e-06
component_31,component_55,30,54,1.525334492299542e-05
component_31,component_56,30,55,0.00020117554256628725
component_31,component_57,30,56,0.0002287147080024671
component_31,component_58,30,57,5.007452249463008e-08
component_31,component_59,30,58,2.968029045050161e-06
component_31,component_60,30,59,0.00028053964797017004
component_32,component_01,31,0,3.701867026378305e-05
component_32,component_02,31,1,0.00022240794979753865
component_32,component_03,31,2,0.0003320785773755827
component_32,component_04,31,3,0.00017355502729463158
component_32,component_05,31,4,0.0005528270095369015
component_32,component_06,31,5,0.00017714073955150933
component_32,component_07,31,6,1.7255722643903718e-05
component_32,component_08,31,7,1.2540273891302943e-05
component_32,component_09,31,8,2.4691129784149283e-05
component_32,component_10,31,9,2.774211488954762e-05
component_32,component_11,31,10,5.090057149523306e-06
component_32,component_12,31,11,0.012183244644915688
component_32,component_13,31,12,1.5118571406649158e-05
component_32,component_14,31,13,2.6175448492590836e-05
component_32,component_15,31,14,0.0006217762868355931
component_32,component_16,31,15,1.1642021946211414e-05
component_32,component_17,31,16,8.038650827166138e-06
component_32,component_18,31,17,0.0005614914625920713
component_32,component_19,31,18,0.00010601697539363885
component_32,component_20,31,19,0.00030502081628735897
component_32,component_21,31,20,0.0005946728482673871
component_32,component_22,31,21,2.9161674327204525e-06
component_32,component_23,31,22,0.00035618892577555795
component_32,component_24,31,23,4.1642815317277175e-06
component_32,component_25,31,24,0.00012890414932215072
component_32,component_26,31,25,3.2979896396847955e-05
component_32,component_27,31,26,0.0005784812188796571
component_32,component_28,31,27,1.275921035704811e-05
component_32,component_29,31,28,0.0004278005676523279
component_32,component_30,31,29,0.00019872893115338125
component_32,component_31,31,30,4.449786454889652e-05
component_32,component_33,31,32,0.011157068814024416
component_32,component_34,31,33,0.0002887042034175224
component_32,component_35,31,34,8.721800982392405e-06
component_32,component_36,31,35,0.0004346524993824583
component_32,component_37,31,36,1.8955793164616056e-05
component_32,component_38,31,37,2.1816575023654878e-05
component_32,component_39,31,38,2.5910002356354496e-05
component_32,component_40,31,39,5.6584013045225455e-05
component_32,component_41,31,40,1.733817752015523e-05
component_32,component_42,31,41,0.0094972522690824
component_32,component_43,31,42,3.466347689353671e-05
component_32,component_44,31,43,0.00034185462488492435
component_32,component_45,31,44,7.035919652966989e-06
component_32,component_46,31,45,0.0002919149425919124
component_32,component_47,31,46,1.549754864542314e-05
component_32,component_48,31,47,2.0259314302028546e-05
component_32,component_49,31,48,1.8422464943559453e-06
component_32,component_50,31,49,0.011078869408603625
component_32,component_51,31,50,0.00018274239918007157
component_32,component_52,31,51,2.495209545130041e-05
component_32,component_53,31,52,0.00019066571713192282
component_32,component_54,31,53,5.461183276607755e-05
component_32,component_55,31,54,0.0001808360174883733
component_32,component_56,31,55,2.847303523411701e-05
component_32,component_57,31,56,0.022731492579048215
component_32,component_58,31,57,1.186537101557628e-06
component_32,component_59,31,58,0.00012825627531875557
component_32,component_60,31,59,2.9988715802176472e-05
component_33,component_01,32,0,0.00025821577563647156
component_33,component_02,32,1,0.0004372742427339958
component_33,component_03,32,2,2.579025957101398e-05
component_33,component_04,32,3,1.8004739564391115e-05
component_33,component_05,32,4,0.000535946972973897
component_33,component_06,32,5,2.9444054306605745e-07
component_33,component_07,32,6,1.1051661141319952e-05
component_33,component_08,32,7,0.0004250797256603298
component_33,component_09,32,8,3.2620085321205846e-05
component_33,component_10,32,9,0.000482012601601623
component_33,component_11,32,10,0.0002747726909426609
component_33,component_12,32,11,0.011691872456755702
component_33,component_13,32,12,4.774979753838868e-07
component_33,component_14,32,13,0.00025328948519996627
component_33,component_15,32,14,0.0005967046939130399
component_33,component_16,32,15,2.2889273225423596e-05
component_33,component_17,32,16,0.0006564469718540653
component_33,component_18,32,17,3.543951487208707e-05
component_33,component_19,32,18,0.0004100026226476232
component_33,component_20,32,19,0.00028984287539640755
component_33,component_21,32,20,0.0004353121374784096
component_33,component_22,32,21,1.845560125110979e-05
component_33,component_23,32,22,0.00035982049618795537
component_33,component_24,32,23,3.4476662161430163e-06
component_33,component_25,32,24,4.424084150426823e-05
component_33,component_26,32,25,4.7099558866267463e-05
component_33,component_27,32,26,0.0005556727671609177
component_33,component_28,32,27,1.2889298541899225e-05
component_33,component_29,32,28,7.350922618644766e-06
component_33,component_30,32,29,0.017079861188923576
component_33,component_31,32,30,5.735130737186179e-05
component_33,component_32,32,31,1.8549854253824564e-05
component_33,component_34,32,33,0.024170272337967112
component_33,component_35,32,34,8.607614729361975e-06
component_33,component_36,32,35,0.0003885753135883843
component_33,component_37,32,36,6.927164544355482e-06
component_33,component_38,32,37,0.0002535829855285293
component_33,component_39,32,38,2.9012124012208373e-05
component_33,component_40,32,39,5.7876566122691877e-05
component_33,component_41,32,40,0.00024698641613148716
component_33,component_42,32,41,4.657495900374903e-06
component_33,component_43,32,42,0.000465256086142258
component_33,component_44,32,43,0.00032976824762014106
component_33,component_45,32,44,0.00026140571214984754
component_33,component_46,32,45,0.025351457789086988
component_33,component_47,32,46,7.06575050368933e-05
component_33,component_48,32,47,1.3953972039521974e-05
component_33,component_49,32,48,2.0998955554788354e-06
component_33,component_50,32,49,3.2518476528294413e-05
component_33,component_51,32,50,1.8802488530246825e-05
component_33,component_52,32,51,3.18516979681202e-05
component_33,component_53,32,52,0.016925517853408473
component_33,component_54,32,53,0.0004521139923777551
component_33,component_55,32,54,2.2258502612104784e-06
component_33,component_56,32,55,2.6797486856349938e-05
component_33,component_57,32,56,0.00030405322408586226
component_33,component_58,32,57,1.2972389585909877e-06
component_33,component_59,32,58,1.2064870556780442e-05
component_33,component_60,32,59,6.102735172190604e-06
component_34,component_01,33,0,0.00027498875222892617
component_34,component_02,33,1,0.01764988477020455
component_34,component_03,33,2,9.828071855088313e-05
component_34,component_04,33,3,0.0003390467287278093
component_34,component_05,33,4,1.8846123035533437e-05
component_34,component_06,33,5,7.561362048149123e-07
component_34,component_07,33,6,0.00041672358689657184
component_34,component_08,33,7,0.0005151981241813598
component_34,component_09,33,8,0.0010448222156425506
component_34,component_10,33,9,0.019468242597072284
component_34,component_11,33,10,2.0916132058384523e-05
component_34,component_12,33,11,0.0004061901445461927
component_34,component_13,33,12,2.462428634473138e-06
component_34,component_14,33,13,0.00030375744590263885
component_34,component_15,33,14,2.1367916281538393e-05
component_34,component_16,33,15,0.0009238893934766084
component_34,component_17,33,16,6.617440012386168e-06
component_34,component_18,33,17,4.831928609212244e-05
component_34,component_19,33,18,0.000523647397429917
component_34,component_20,33,19,0.011906300972577399
component_34,component_21,33,20,0.017672097619663166
component_34,component_22,33,21,3.189011246250485e-05
component_34,component_23,33,22,3.530181545400217e-05
component_34,component_24,33,23,1.5583107193633045e-05
component_34,component_25,33,24,0.0007545150180081969
component_34,component_26,33,25,0.0006514094285551646
component_34,component_27,33,26,5.7161693470546304e-05
component_34,component_28,33,27,1.2645628675359953e-06
component_34,component_29,33,28,5.112924279449128e-05
component_34,component_30,33,29,8.407760437755117e-05
component_34,component_31,33,30,7.533057956905827e-05
component_34,component_32,33,31,7.573079052061719e-06
component_34,component_33,33,32,2.1553337049974713e-06
component_34,component_35,33,34,9.031576206144005e-06
component_34,component_36,33,35,4.275506198152095e-05
component_34,component_37,33,36,1.3512192416518095e-05
component_34,component_38,33,37,0.0012661911706968014
component_34,component_39,33,38,2.7985109684714714e-05
component_34,component_40,33,39,1.568587412140696e-05
component_34,component_41,33,40,0.00020374050191101435
component_34,component_42,33,41,3.949308078105242e-05
component_34,component_43,33,42,9.456828667108791e-06
component_34,component_44,33,43,6.683689892123237e-05
component_34,component_45,33,44,5.788041971281636e-05
component_34,component_46,33,45,4.247629461481035e-05
component_34,component_47,33,46,0.0018781952491317795
component_34,component_48,33,47,4.338670720016195e-05
component_34,component_49,33,48,3.679559562046683e-05
component_34,component_50,33,49,5.2030024168208235e-05
component_34,component_51,33,50,0.0007273103892992116
component_34,component_52,33,51,0.0012824688158437267
component_34,component_53,33,52,0.020450152820346904
component_34,component_54,33,53,0.0012709693441193208
component_34,component_55,33,54,3.5084444566592535e-05
component_34,component_56,33,55,4.7701140762093086e-05
component_34,component_57,33,56,0.000374486550411946
component_34,component_58,33,57,4.5438226510551365e-05
component_34,component_59,33,58,4.0531851323602104e-05
component_34,component_60,33,59,0.00019470783383029373
component_35,component_01,34,0,0.000738759386656866
component_35,component_02,34,1,0.009023413117750696
component_35,component_03,34,2,0.00044533538590803626
component_35,component_04,34,3,9.536637345410045e-06
component_35,component_05,34,4,0.0004337891262182397
component_35,component_06,34,5,1.2078794912506155e-05
component_35,component_07,34,6,0.007945431563002734
component_35,component_08,34,7,1.4904487648078143e-06
component_35,component_09,34,8,0.000542987282381713
component_35,component_10,34,9,0.00043927226945575935
component_35,component_11,34,10,0.0003879890045688053
component_35,component_12,34,11,0.009592429892306811
component_35,component_13,34,12,4.1227534727811415e-07
component_35,component_14,34,13,2.0610534798440698e-05
component_35,component_15,34,14,0.0004902703924352686
component_35,component_16,34,15,0.00047233371667791056
component_35,component_17,34,16,6.168974979094801e-06
component_35,component_18,34,17,5.0308726777955655e-05
component_35,component_19,34,18,1.7303406330077095e-05
component_35,component_20,34,19,2.6443358579654214e-05
component_35,component_21,34,20,3.6285796519856057e-06
component_35,component_22,34,21,0.00028110750227274055
component_35,component_23,34,22,0.015563392552153587
component_35,component_24,34,23,6.837118271100813e-06
component_35,component_25,34,24,2.24930663335292e-05
component_35,component_26,34,25,0.0001382853631763782
component_35,component_27,34,26,0.0008402125647726424
component_35,component_28,34,27,0.0005575035748510909
component_35,component_29,34,28,1.6378999031947358e-06
component_35,component_30,34,29,2.036910585517819e-05
component_35,component_31,34,30,7.569328810778792e-05
component_35,component_32,34,31,2.574311018551469e-06
component_35,component_33,34,32,2.7880779815605165e-06
component_35,component_34,34,33,0.00013273120151517144
component_35,component_36,34,35,2.19918317880294e-05
component_35,component_37,34,36,2.5491461571263438e-06
component_35,component_38,34,37,0.00033488238216573466
component_35,component_39,34,38,2.968189974575648e-05
component_35,component_40,34,39,5.105183502409926e-05
component_35,component_41,34,40,1.2649625280799112e-06
component_35,component_42,34,41,0.0001662020875137896
component_35,component_43,34,42,4.286603517296447e-05
component_35,component_44,34,43,0.0002826343824351543
component_35,component_45,34,44,2.5059642254754965e-05
component_35,component_46,34,45,0.0001932757827278486
component_35,component_47,34,46,5.570293900744765e-05
component_35,component_48,34,47,2.2224905233685794e-05
component_35,component_49,34,48,4.275822061122384e-05
component_35,component_50,34,49,0.0001741149488383115
component_35,component_51,34,50,7.562441284711584e-06
component_35,component_52,34,51,0.0004579136852615918
component_35,component_53,34,52,2.1466782394634415e-05
component_35,component_54,34,53,0.0008834690552777828
component_35,component_55,34,54,1.4294401526712149e-05
component_35,component_56,34,55,0.0114713303507541
component_35,component_57,34,56,6.585529514841398e-07
component_35,component_58,34,57,2.342381888966318e-05
component_35,component_59,34,58,0.00029049310702853974
component_35,component_60,34,59,2.5929557648654753e-05
component_36,component_01,35,0,3.008900762685221e-06
component_36,component_02,35,1,0.00015548746818277678
component_36,component_03,35,2,0.008304231802238018
component_36,component_04,35,3,0.0001277980074224248
component_36,component_05,35,4,1.2245728429082524e-05
component_36,component_06,35,5,0.00012714177306374667
component_36,component_07,35,6,5.581682256796783e-06
component_36,component_08,35,7,2.4941018617714444e-06
component_36,component_09,35,8,2.060796423662029e-05
component_36,component_10,35,9,0.00031100846984914385
component_36,component_11,35,10,4.976659721902899e-07
component_36,component_12,35,11,0.00023255691860926513
component_36,component_13,35,12,5.9293765313667306e-06
component_36,component_14,35,13,0.00031739557334565995
component_36,component_15,35,14,1.1992745613403269e-05
component_36,component_16,35,15,8.139045922560674e-06
component_36,component_17,35,16,0.00014183073749429717
component_36,component_18,35,17,0.0005602122790045698
component_36,component_19,35,18,8.272997077025742e-07
component_36,component_20,35,19,0.0005474225465090392
component_36,component_21,35,20,0.00022159810559197536
component_36,component_22,35,21,2.227701876413381e-06
component_36,component_23,35,22,2.7213442564786344e-05
component_36,component_24,35,23,1.5906073168136876e-05
component_36,component_25,35,24,2.0788630315161544e-05
component_36,component_26,35,25,1.1740470896584138e-05
component_36,component_27,35,26,0.0001799087705187859
component_36,component_28,35,27,9.748254734970274e-07
component_36,component_29,35,28,0.00015917950104217117
component_36,component_30,35,29,0.00018133436257147548
component_36,component_31,35,30,1.7360653384318922e-05
component_36,component_32,35,31,0.00012015509630410846
component_36,component_33,35,32,0.00015611520975846764
component_36,component_34,35,33,2.083561972415525e-05
component_36,component_35,35,34,2.6620302179930685e-06
component_36,component_37,35,36,0.012542520698589256
component_36,component_38,35,37,3.867658025484934e-05
component_36,component_39,35,38,1.2279764918754557e-06
component_36,component_40,35,39,0.00024793315904596264
component_36,component_41,35,40,0.01407406070229026
component_36,component_42,35,41,0.006823676502300483
component_36,component_43,35,42,0.0007338241653286731
component_36,component_44,35,43,0.00022376107942406428
component_36,component_45,35,44,0.00014270395171295903
component_36,component_46,35,45,1.7168145601259537e-05
component_36,component_47,35,46,4.589160395428214e-05
component_36,component_48,35,47,2.653241899018678e-05
component_36,component_49,35,48,7.183211741422132e-06
component_36,component_50,35,49,4.679972342752971e-06
component_36,component_51,35,50,2.2497510968877827e-05
component_36,component_52,35,51,0.0002517120799771436
component_36,component_53,35,52,8.603330055034366e-06
component_36,component_54,35,53,1.9955743647562164e-05
component_36,component_55,35,54,1.0034484123422563e-05
component_36,component_56,35,55,4.9594589855010274e-05
component_36,component_57,35,56,0.008022042760386025
component_36,component_58,35,57,8.066793282190191e-07
component_36,component_59,35,58,4.972354895409283e-06
component_36,component_60,35,59,0.0004750988203194336
component_37,component_01,36,0,0.00010851682539919656
component_37,component_02,36,1,1.5896660113719273e-05
component_37,component_03,36,2,7.2896035058274495e-06
component_37,component_04,36,3,6.590598158645193e-06
component_37,component_05,36,4,0.00015818807989123243
component_37,component_06,36,5,2.570529858698804e-07
component_37,component_07,36,6,4.051133542536713e-06
component_37,component_08,36,7,1.3177591738729337e-05
component_37,component_09,36,8,1.1977610558452466e-06
component_37,component_10,36,9,3.152035413003491e-05
component_37,component_11,36,10,3.662320520131457e-06
component_37,component_12,36,11,0.0005942213688442076
component_37,component_13,36,12,3.018433793230963e-07
component_37,component_14,36,13,0.0001716866417644935
component_37,component_15,36,14,3.967478451751136e-05
component_37,component_16,36,15,8.321162354306792e-07
component_37,component_17,36,16,0.011273224621180763
component_37,component_18,36,17,8.71368417481115e-06
component_37,component_19,36,18,6.637935459223574e-06
component_37,component_20,36,19,1.0468747868619549e-05
component_37,component_21,36,20,9.99945822356082e-06
component_37,component_22,36,21,2.8175590573191682e-05
component_37,component_23,36,22,0.00016414128155594064
component_37,component_24,36,23,0.0002887367135884532
component_37,component_25,36,24,0.0001678945903026425
component_37,component_26,36,25,1.0241876860129334e-05
component_37,component_27,36,26,0.013427519771242395
component_37,component_28,36,27,5.879781734054745e-06
component_37,component_29,36,28,7.106270371731848e-06
component_37,component_30,36,29,0.00021774772815964154
component_37,component_31,36,30,1.9943637775813822e-05
component_37,component_32,36,31,0.0002234337747274505
component_37,component_33,36,32,0.012071277563971656
component_37,component_34,36,33,0.000537235801751186
component_37,component_35,36,34,0.00018730482921088925
component_37,component_36,36,35,6.190141520950285e-06
component_37,component_38,36,37,0.00013568188400200242
component_37,component_39,36,38,1.1826969626682275e-05
component_37,component_40,36,39,1.7433651687078447e-05
component_37,component_41,36,40,3.2857770212631388e-06
component_37,component_42,36,41,8.712691967203178e-06
component_37,component_43,36,42,6.435126924163935e-06
component_37,component_44,36,43,0.01647013919093816
component_37,component_45,36,44,0.0004019695701894416
component_37,component_46,36,45,0.000317112944679561
component_37,component_47,36,46,0.00031112720676808124
component_37,component_48,36,47,3.5053589844256563e-06
component_37,component_49,36,48,0.0005384699360203764
component_37,component_50,36,49,0.00016171488532523815
component_37,component_51,36,50,3.0906282266017367e-06
component_37,component_52,36,51,0.019045097443613802
component_37,component_53,36,52,0.00021257473286813086
component_37,component_54,36,53,3.556861423688071e-05
component_37,component_55,36,54,0.000230565383535356
component_37,component_56,36,55,1.2634579765632117e-05
component_37,component_57,36,56,9.04775749629936e-06
component_37,component_58,36,57,5.3788215706532824e-08
component_37,component_59,36,58,4.399489994669581e-06
component_37,component_60,36,59,8.907330996848187e-06
component_38,component_01,37,0,7.470021419936612e-06
component_38,component_02,37,1,1.2188954956313285e-05
component_38,component_03,37,2,0.043858561568056405
component_38,component_04,37,3,0.017541496906853714
component_38,component_05,37,4,4.188570698088904e-05
component_38,component_06,37,5,6.419843537314519e-07
component_38,component_07,37,6,7.987316049472183e-06
component_38,component_08,37,7,2.118855186949406e-06
component_38,component_09,37,8,0.0005291897611665936
component_38,component_10,37,9,0.0016679821539452122
component_38,component_11,37,10,0.00021153462438847502
component_38,component_12,37,11,0.000554905887821877
component_38,component_13,37,12,4.016690433819977e-06
component_38,component_14,37,13,0.001649657623482466
component_38,component_15,37,14,2.832699939861104e-05
component_38,component_16,37,15,6.380351117482945e-07
component_38,component_17,37,16,0.0005059200037054086
component_38,component_18,37,17,0.025728877365529496
component_38,component_19,37,18,1.6224907211529182e-05
component_38,component_20,37,19,0.001830363237015846
component_38,component_21,37,20,5.3154090531413576e-05
component_38,component_22,37,21,0.0001877117607169461
component_38,component_23,37,22,0.00012295686565082762
component_38,component_24,37,23,7.630368179117819e-05
component_38,component_25,37,24,9.827069194068591e-05
component_38,component_26,37,25,6.338156745943711e-05
component_38,component_27,37,26,2.935059011047247e-05
component_38,component_28,37,27,4.404495480218175e-06
component_38,component_29,37,28,5.619988482260101e-05
component_38,component_30,37,29,0.000714771220223453
component_38,component_31,37,30,7.839499889005656e-05
component_38,component_32,37,31,0.0007228312159018607
component_38,component_33,37,32,2.175790636453717e-05
component_38,component_34,37,33,0.0006332595915807867
component_38,component_35,37,34,1.2928391726933362e-06
component_38,component_36,37,35,0.0002951676869749384
component_38,component_37,37,36,2.9368854664139605e-05
component_38,component_39,37,38,1.0955763461823464e-05
component_38,component_40,37,39,4.3883327271950256e-05
component_38,component_41,37,40,4.5110373107207375e-05
component_38,component_42,37,41,3.0650312010395974e-05
component_38,component_43,37,42,0.004230481402820889
component_38,component_44,37,43,0.0014153927749713387
component_38,component_45,37,44,0.01802012443291057
component_38,component_46,37,45,0.019519143099636704
component_38,component_47,37,46,0.0007226995729130216
component_38,component_48,37,47,0.00012956006276594617
component_38,component_49,37,48,4.972422928876881e-07
component_38,component_50,37,49,4.271520694620245e-05
component_38,component_51,37,50,6.280120720467216e-05
component_38,component_52,37,51,2.4189566186710064e-06
component_38,component_53,37,52,4.226695297707795e-05
component_38,component_54,37,53,0.0006403570984673074
component_38,component_55,37,54,0.0009536635104282954
component_38,component_56,37,55,0.00048591895095254854
component_38,component_57,37,56,3.208925349185772e-05
component_38,component_58,37,57,1.2850673701361576e-05
component_38,component_59,37,58,9.390279442273728e-06
component_38,component_60,37,59,0.002525028390694885
component_39,component_01,38,0,2.0421231116913937e-05
component_39,component_02,38,1,9.175212672325653e-05
component_39,component_03,38,2,0.0005320429833504547
component_39,component_04,38,3,0.010998405700933165
component_39,component_05,38,4,1.5135922489970857e-05
component_39,component_06,38,5,1.4257790308844846e-07
component_39,component_07,38,6,0.0002972364348783623
component_39,component_08,38,7,0.0002588385853132676
component_39,component_09,38,8,8.66759962311724e-06
component_39,component_10,38,9,0.00034815507499191676
component_39,component_11,38,10,0.00013911254463515603
component_39,component_12,38,11,0.00010664034376338592
component_39,component_13,38,12,2.1724291857730928e-07
component_39,component_14,38,13,4.418396768569587e-05
component_39,component_15,38,14,0.0003185491598119384
component_39,component_16,38,15,4.802797174723762e-06
component_39,component_17,38,16,1.7354547524413917e-05
component_39,component_18,38,17,8.898007155702516e-06
component_39,component_19,38,18,4.604727452444058e-06
component_39,component_20,38,19,4.205218400140391e-05
component_39,component_21,38,20,1.8567686395103897e-06
component_39,component_22,38,21,0.0004723191134495544
component_39,component_23,38,22,0.00016485668199114634
component_39,component_24,38,23,6.018737658230468e-06
component_39,component_25,38,24,0.0003851870281093032
component_39,component_26,38,25,1.3593892046361315e-05
component_39,component_27,38,26,1.2492233719314864e-05
component_39,component_28,38,27,5.905408428153778e-06
component_39,component_29,38,28,1.7273889576940961e-06
component_39,component_30,38,29,0.00043742750037299407
component_39,component_31,38,30,0.0006388650017609386
component_39,component_32,38,31,6.860705343248552e-06
component_39,component_33,38,32,0.00012301126985946815
component_39,component_34,38,33,3.355416669503046e-05
component_39,component_35,38,34,0.010042890874530537
component_39,component_36,38,35,9.265711440028905e-06
component_39,component_37,38,36,0.00025097623314238526
component_39,component_38,38,37,0.00023119448696252995
component_39,component_40,38,39,1.2725617567663628e-05
component_39,component_41,38,40,6.9057688049870694e-06
component_39,component_42,38,41,2.5459127423177618e-06
component_39,component_43,38,42,5.716928092715941e-05
component_39,component_44,38,43,0.0005163532965438962
component_39,component_45,38,44,1.516166578159798e-05
component_39,component_46,38,45,0.000557104869482836
component_39,component_47,38,46,3.4446214536675265e-05
component_39,component_48,38,47,9.843149940985886e-06
component_39,component_49,38,48,0.01803186540676646
component_39,component_50,38,49,0.0004423914045696308
component_39,component_51,38,50,0.014717264352073735
component_39,component_52,38,51,9.479221311393214e-06
component_39,component_53,38,52,1.408445995271894e-05
component_39,component_54,38,53,2.8800123769615876e-05
component_39,component_55,38,54,0.0006115539953409275
component_39,component_56,38,55,0.00011914284800302276
component_39,component_57,38,56,7.730634998285642e-06
component_39,component_58,38,57,3.187185594039921e-07
component_39,component_59,38,58,0.013835395175289221
component_39,component_60,38,59,5.262838451307533e-05
component_40,component_01,39,0,3.852379287899788e-05
component_40,component_02,39,1,7.991519786658961e-06
component_40,component_03,39,2,0.00033795226223730097
component_40,component_04,39,3,0.00019464175626573014
component_40,component_05,39,4,0.0005253628045750494
component_40,component_06,39,5,5.008430756371496e-06
component_40,component_07,39,6,0.0002442306914237986
component_40,component_08,39,7,5.412328853793229e-06
component_40,component_09,39,8,1.212674679180973e-06
component_40,component_10,39,9,2.317292233688907e-05
component_40,component_11,39,10,1.212702988933956e-05
component_40,component_12,39,11,0.0115337570866714
component_40,component_13,39,12,3.903013149256541e-07
component_40,component_14,39,13,0.00013709860987716144
component_40,component_15,39,14,0.0005890097753607823
component_40,component_16,39,15,4.1831889923251306e-07
component_40,component_17,39,16,0.00033620299020223083
component_40,component_18,39,17,2.324696259225681e-05
component_40,component_19,39,18,4.8653398203162066e-06
component_40,component_20,39,19,0.00022374824032291469
component_40,component_21,39,20,0.010671322338151221
component_40,component_22,39,21,1.0500484127788342e-05
component_40,component_23,39,22,0.00034821361005485976
component_40,component_24,39,23,1.3792711557084853e-05
component_40,component_25,39,24,1.3532479709348743e-05
component_40,component_26,39,25,3.0886863375028834e-05
component_40,component_27,39,26,0.0009526794213630981
component_40,component_28,39,27,1.2473522836801106e-05
component_40,component_29,39,28,1.0585934553146524e-05
component_40,component_30,39,29,2.122128243718647e-05
component_40,component_31,39,30,0.011434233294457192
component_40,component_32,39,31,0.00012179126579333431
component_40,component_33,39,32,0.0003611492014501109
component_40,component_34,39,33,2.2381022348276053e-05
component_40,component_35,39,34,1.3852317325017793e-05
component_40,component_36,39,35,0.037620235441497354
component_40,component_37,39,36,0.02977862030361923
component_40,component_38,39,37,1.6502104258329765e-05
component_40,component_39,39,38,2.0239122546822205e-05
component_40,component_41,39,40,0.0005330345156176669
component_40,component_42,39,41,0.0002580473502271737
component_40,component_43,39,42,3.0201617844187515e-05
component_40,component_44,39,43,0.0008143516086462747
component_40,component_45,39,44,2.0172940639175654e-05
component_40,component_46,39,45,1.9186020836489125e-05
component_40,component_47,39,46,1.257348065937411e-05
component_40,component_48,39,47,1.5132152447725432e-06
component_40,component_49,39,48,2.3646729755874693e-05
component_40,component_50,39,49,1.0032705278113219e-05
component_40,component_51,39,50,0.00020698024401828304
component_40,component_52,39,51,0.0008010525635766645
component_40,component_53,39,52,0.0001962603069835427
component_40,component_54,39,53,4.095940449174853e-05
component_40,component_55,39,54,2.0451748714886667e-05
component_40,component_56,39,55,5.002495678260068e-06
component_40,component_57,39,56,0.0005294330495261729
component_40,component_58,39,57,4.70651674023064e-08
component_40,component_59,39,58,1.5640947153450118e-05
component_40,component_60,39,59,2.3239114313117453e-05
component_41,component_01,40,0,4.327815443645541e-05
component_41,component_02,40,1,6.497750208843405e-06
component_41,component_03,40,2,1.2248079847147166e-05
component_41,component_04,40,3,7.915889992957185e-06
component_41,component_05,40,4,0.0006897858940136963
component_41,component_06,40,5,5.083710015996008e-07
component_41,component_07,40,6,7.245255093855999e-06
component_41,component_08,40,7,6.566527482267854e-07
component_41,component_09,40,8,0.0001935139599495428
component_41,component_10,40,9,2.488833220141087e-05
component_41,component_11,40,10,2.0026234329382063e-06
component_41,component_12,40,11,0.015258643113237392
component_41,component_13,40,12,3.081877244073232e-07
component_41,component_14,40,13,0.00017568008777061266
component_41,component_15,40,14,0.0007787198016486095
component_41,component_16,40,15,3.4012700805532037e-07
component_41,component_17,40,16,9.803431869944578e-06
component_41,component_18,40,17,0.00948408237332362
component_41,component_19,40,18,5.953442311775237e-06
component_41,component_20,40,19,8.202413775061064e-06
component_41,component_21,40,20,0.00019202625826932076
component_41,component_22,40,21,0.00010284356611583173
component_41,component_23,40,22,0.0004447494525736798
component_41,component_24,40,23,6.642561227871515e-06
component_41,component_25,40,24,1.487633846142312e-06
component_41,component_26,40,25,4.169834785255711e-05
component_41,component_27,40,26,0.0007302091717953585
component_41,component_28,40,27,1.5931578471210776e-05
component_41,component_29,40,28,8.686102800336924e-06
component_41,component_30,40,29,0.012226283155892931
component_41,component_31,40,30,0.00024760159534436974
component_41,component_32,40,31,0.000266966013688814
component_41,component_33,40,32,0.00023550358148227284
component_41,component_34,40,33,0.00024277793535250935
component_41,component_35,40,34,1.0938347495496687e-05
component_41,component_36,40,35,0.0006526345741374126
component_41,component_37,40,36,0.0005087251879327212
component_41,component_38,40,37,1.1121968570492537e-05
component_41,component_39,40,38,2.5545491523615703e-05
component_41,component_40,40,39,0.017079388334066758
component_41,component_42,40,41,1.3509474986975977e-05
component_41,component_43,40,42,3.7138720461498505e-06
component_41,component_44,40,43,0.0007410380795462757
component_41,component_45,40,44,0.009687085669084966
component_41,component_46,40,45,0.00014412151459625665
component_41,component_47,40,46,0.0002044624650849161
component_41,component_48,40,47,4.875168185702384e-07
component_41,component_49,40,48,1.6993730078395956e-06
component_41,component_50,40,49,1.5595848813463824e-05
component_41,component_51,40,50,4.587285534942897e-06
component_41,component_52,40,51,1.4226176142778596e-05
component_41,component_53,40,52,1.6306730359684145e-05
component_41,component_54,40,53,0.00021046237342437125
component_41,component_55,40,54,2.897906571823096e-06
component_41,component_56,40,55,0.00016278823613307306
component_41,component_57,40,56,0.00022388935488822122
component_41,component_58,40,57,4.675693883715154e-06
component_41,component_59,40,58,1.1017347583951916e-05
component_41,component_60,40,59,9.216517381896743e-07
component_42,component_01,41,0,7.180714559003545e-06
component_42,component_02,41,1,0.022736847138763346
component_42,component_03,41,2,0.0008035314740314226
component_42,component_04,41,3,0.0170809596167576
component_42,component_05,41,4,6.744228239265609e-05
component_42,component_06,41,5,0.018631262772210756
component_42,component_07,41,6,3.624564935388536e-05
component_42,component_08,41,7,3.449798264552733e-06
component_42,component_09,41,8,0.002541398047067105
component_42,component_10,41,9,8.444002417440278e-05
component_42,component_11,41,10,1.1238912486774166e-05
component_42,component_12,41,11,0.0012456755131752012
component_42,component_13,41,12,2.3894542384321744e-06
component_42,component_14,41,13,0.0007668605619485139
component_42,component_15,41,14,6.415453946443598e-05
component_42,component_16,41,15,0.0011901682184386852
component_42,component_17,41,16,2.2747545645208084e-05
component_42,component_18,41,17,0.058797560983897226
component_42,component_19,41,18,7.302035966989534e-05
component_42,component_20,41,19,0.030036657553882778
component_42,component_21,41,20,0.0009572293078936497
component_42,component_22,41,21,6.913905439847551e-06
component_42,component_23,41,22,4.282645791806979e-05
component_42,component_24,41,23,3.116847971170703e-05
component_42,component_25,41,24,4.9243284276272724e-05
component_42,component_26,41,25,1.775159874769321e-05
component_42,component_27,41,26,0.0001001199232033057
component_42,component_28,41,27,1.5341066099518177e-06
component_42,component_29,41,28,3.742643884355383e-05
component_42,component_30,41,29,0.0007452097824052476
component_42,component_31,41,30,0.00011760359123897459
component_42,component_32,41,31,0.0016253310296169934
component_42,component_33,41,32,4.045403753297797e-05
component_42,component_34,41,33,0.001391372096227788
component_42,component_35,41,34,1.6778624108272165e-06
component_42,component_36,41,35,3.043524272078127e-05
component_42,component_37,41,36,0.0005137320921898738
component_42,component_38,41,37,0.0008350478563236255
component_42,component_39,41,38,6.604053094273391e-06
component_42,component_40,41,39,3.1227287685926206e-05
component_42,component_41,41,40,0.0008674544216079846
component_42,component_43,41,42,8.284284059852211e-05
component_42,component_44,41,43,0.0008851567294414607
component_42,component_45,41,44,0.00011754324977598867
component_42,component_46,41,45,0.0006498119336103648
component_42,component_47,41,46,0.001253935283207269
component_42,component_48,41,47,6.844067468894309e-05
component_42,component_49,41,48,3.3650522729551245e-05
component_42,component_50,41,49,8.897828874849289e-05
component_42,component_51,41,50,0.001022519095324895
component_42,component_52,41,51,0.0011842690225518445
component_42,component_53,41,52,4.3885409251304995e-05
component_42,component_54,41,53,0.000896643102541846
component_42,component_55,41,54,0.0009399329832081536
component_42,component_56,41,55,0.0012172653793069298
component_42,component_57,41,56,7.00377443686737e-05
component_42,component_58,41,57,8.73126786362211e-05
component_42,component_59,41,58,0.0002869951117632975
component_42,component_60,41,59,0.0005531554894746783
component_43,component_01,42,0,0.0011700203958517868
component_43,component_02,42,1,7.250254363297854e-05
component_43,component_03,42,2,0.0014743902735577458
component_43,component_04,42,3,0.0005980411758873296
component_43,component_05,42,4,3.4334428312661136e-05
component_43,component_06,42,5,1.964705563227324e-05
component_43,component_07,42,6,3.1461374181109954e-06
component_43,component_08,42,7,2.6318990553265158e-06
component_43,component_09,42,8,0.0007091159750480568
component_43,component_10,42,9,0.000751952448893139
component_43,component_11,42,10,1.0408404620445077e-05
component_43,component_12,42,11,0.0007427400584316222
component_43,component_13,42,12,0.0004352926760290404
component_43,component_14,42,13,6.042863520996329e-05
component_43,component_15,42,14,3.8731507948046674e-05
component_43,component_16,42,15,3.7951710129950943e-06
component_43,component_17,42,16,2.76933800918438e-05
component_43,component_18,42,17,0.03460893453021772
component_43,component_19,42,18,2.3401385052233996e-05
component_43,component_20,42,19,8.25341074771983e-05
component_43,component_21,42,20,2.0135119462456884e-05
component_43,component_22,42,21,8.203667445196755e-05
component_43,component_23,42,22,0.025105638086447328
component_43,component_24,42,23,0.00031585498738719405
component_43,component_25,42,24,3.1691435549261654e-05
component_43,component_26,42,25,0.00041739624397144835
component_43,component_27,42,26,0.0006465079988655186
component_43,component_28,42,27,0.0008993208219357881
component_43,component_29,42,28,1.9895970791345158e-05
component_43,component_30,42,29,0.00027326304810628224
component_43,component_31,42,30,7.911581499362542e-05
component_43,component_32,42,31,0.001375291081057017
component_43,component_33,42,32,2.4810175818382752e-05
component_43,component_34,42,33,0.0009714625494526458
component_43,component_35,42,34,1.413121318787498e-05
component_43,component_36,42,35,3.178766381383997e-05
component_43,component_37,42,36,2.4563470545737563e-06
component_43,component_38,42,37,0.03355071020379572
component_43,component_39,42,38,2.7740717467585604e-06
component_43,component_40,42,39,1.7487805915687135e-05
component_43,component_41,42,40,5.998409442492889e-06
component_43,component_42,42,41,0.0002768263043727968
component_43,component_44,42,43,7.685596126759107e-05
component_43,component_45,42,44,0.0006291790545828464
component_43,component_46,42,45,0.0009363042028283525
component_43,component_47,42,46,0.0008177576046618315
component_43,component_48,42,47,0.027160171207600337
component_43,component_49,42,48,4.7653001993387646e-05
component_43,component_50,42,49,0.0002569444255426784
component_43,component_51,42,50,7.056374764417142e-06
component_43,component_52,42,51,1.2622004666739323e-05
component_43,component_53,42,52,5.0194769182687366e-05
component_43,component_54,42,53,0.000862463295414121
component_43,component_55,42,54,3.812253056595719e-05
component_43,component_56,42,55,0.01717133812005565
component_43,component_57,42,56,3.656657226950116e-05
component_43,component_58,42,57,2.686822250582853e-05
component_43,component_59,42,58,1.5372973669531003e-05
component_43,component_60,42,59,8.543434313718755e-05
component_44,component_01,43,0,6.491174158312811e-06
component_44,component_02,43,1,0.00026198989254316954
component_44,component_03,43,2,1.7350677437301935e-05
component_44,component_04,43,3,0.00022865097894043533
component_44,component_05,43,4,2.313136994338403e-06
component_44,component_06,43,5,1.8788988960163648e-07
component_44,component_07,43,6,1.4160727358726002e-05
component_44,component_08,43,7,1.3669994256542527e-05
component_44,component_09,43,8,1.562802991991308e-05
component_44,component_10,43,9,0.0003013611122305846
component_44,component_11,43,10,4.657233680327449e-06
component_44,component_12,43,11,9.962298879040265e-06
component_44,component_13,43,12,2.5449543501526827e-07
component_44,component_14,43,13,0.010199152014667373
component_44,component_15,43,14,5.193559249759786e-07
component_44,component_16,43,15,1.3713952587799562e-05
component_44,component_17,43,16,7.75622329382738e-06
component_44,component_18,43,17,1.8613561442943325e-06
component_44,component_19,43,18,9.254891804912432e-05
component_44,component_20,43,19,0.00018667795964231519
component_44,component_21,43,20,0.0002623736315123619
component_44,component_22,43,21,0.00019782693389267024
component_44,component_23,43,22,1.122346113469771e-06
component_44,component_24,43,23,0.008785429303749193
component_44,component_25,43,24,0.00011291714615893573
component_44,component_26,43,25,1.2978091239149521e-05
component_44,component_27,43,26,1.1292914833476459e-06
component_44,component_28,43,27,4.0204085862567457e-08
component_44,component_29,43,28,5.957585296067798e-06
component_44,component_30,43,29,0.0001784676163651708
component_44,component_31,43,30,0.0004052231516637538
component_44,component_32,43,31,4.18253555984458e-06
component_44,component_33,43,32,4.189077743110163e-06
component_44,component_34,43,33,0.014826247134724767
component_44,component_35,43,34,2.2292515824520932e-07
component_44,component_36,43,35,1.4761548157139237e-05
component_44,component_37,43,36,6.354853658555398e-06
component_44,component_38,43,37,2.7968023444588715e-05
component_44,component_39,43,38,4.851909078540538e-06
component_44,component_40,43,39,5.819893187770285e-06
component_44,component_41,43,40,5.8497961158538785e-06
component_44,component_42,43,41,1.0050493428081665e-05
component_44,component_43,43,42,6.880786598832986e-06
component_44,component_45,43,44,0.008231177087251074
component_44,component_46,43,45,0.0002928536593308907
component_44,component_47,43,46,0.00025836113464845913
component_44,component_48,43,47,3.028929796271982e-06
component_44,component_49,43,48,6.307593165585354e-07
component_44,component_50,43,49,0.008856415474277783
component_44,component_51,43,50,0.00013987357136408248
component_44,component_52,43,51,1.9159221954592578e-05
component_44,component_53,43,52,0.00048009902563610196
component_44,component_54,43,53,0.00043659482342672546
component_44,component_55,43,54,0.00015332978049087737
component_44,component_56,43,55,0.0003215446507209564
component_44,component_57,43,56,8.788439550564011e-06
component_44,component_58,43,57,6.821968839490421e-07
component_44,component_59,43,58,9.404499764305424e-05
component_44,component_60,43,59,9.461838452905376e-06
component_45,component_01,44,0,1.1545246243822985e-06
component_45,component_02,44,1,2.6822516692353452e-05
component_45,component_03,44,2,0.00027603843434837296
component_45,component_04,44,3,1.26131198386426e-05
component_45,component_05,44,4,7.149778623691365e-06
component_45,component_06,44,5,4.584686244136253e-06
component_45,component_07,44,6,0.0002764195385702705
component_45,component_08,44,7,9.544395551510249e-07
component_45,component_09,44,8,5.7163250050760235e-06
component_45,component_10,44,9,0.00042753221988638086
component_45,component_11,44,10,0.0001649337395615061
component_45,component_12,44,11,1.2079388315863452e-05
component_45,component_13,44,12,4.059888138981369e-07
component_45,component_14,44,13,0.0003447975053374213
component_45,component_15,44,14,6.201022317003549e-07
component_45,component_16,44,15,1.4040340206780537e-06
component_45,component_17,44,16,0.0003608090430601329
component_45,component_18,44,17,2.454801833166268e-05
component_45,component_19,44,18,5.516088560588031e-06
component_45,component_20,44,19,3.622956052263763e-05
component_45,component_21,44,20,2.196731524649269e-05
component_45,component_22,44,21,0.01031507411152441
component_45,component_23,44,22,1.548825042862323e-05
component_45,component_24,44,23,0.0002867963194641332
component_45,component_25,44,24,2.1449764277008475e-05
component_45,component_26,44,25,0.00015599767765446778
component_45,component_27,44,26,1.1561648150258097e-06
component_45,component_28,44,27,5.548118736458628e-07
component_45,component_29,44,28,6.793121906778516e-06
component_45,component_30,44,29,0.00015425445006011203
component_45,component_31,44,30,1.4412559455066768e-05
component_45,component_32,44,31,8.203385595799118e-06
component_45,component_33,44,32,4.419770841549931e-06
component_45,component_34,44,33,0.0012008035587999315
component_45,component_35,44,34,1.989358374971944e-06
component_45,component_36,44,35,0.0005138190010051392
component_45,component_37,44,36,1.2046869778034394e-05
component_45,component_38,44,37,2.3775810619061535e-05
component_45,component_39,44,38,6.811150047814764e-06
component_45,component_40,44,39,1.5738943797900311e-06
component_45,component_41,44,40,1.0059906478730513e-05
component_45,component_42,44,41,0.0002456098842716814
component_45,component_43,44,42,0.00027803135135072394
component_45,component_44,44,43,0.032579816705145793
component_45,component_46,44,45,0.013889148211612124
component_45,component_47,44,46,0.00028743345662957207
component_45,component_48,44,47,1.0690596139443627e-05
component_45,component_49,44,48,2.106649666002549e-07
component_45,component_50,44,49,0.0005077672840935145
component_45,component_51,44,50,1.109809696496809e-05
component_45,component_52,44,51,2.0788175100730914e-06
component_45,component_53,44,52,3.063098955890187e-05
component_45,component_54,44,53,0.01637067758622988
component_45,component_55,44,54,0.00021506772322163502
component_45,component_56,44,55,0.01642872703131486
component_45,component_57,44,56,7.396394251790122e-06
component_45,component_58,44,57,1.7746757768288298e-07
component_45,component_59,44,58,0.00016381990761055515
component_45,component_60,44,59,2.383802509888075e-05
component_46,component_01,45,0,2.3770886443355142e-05
component_46,component_02,45,1,7.890772881639836e-06
component_46,component_03,45,2,0.00037002807344227077
component_46,component_04,45,3,1.7254520964993842e-05
component_46,component_05,45,4,0.000329538848180918
component_46,component_06,45,5,2.6711577690811864e-06
component_46,component_07,45,6,6.551704071118424e-07
component_46,component_08,45,7,7.403451036546122e-07
component_46,component_09,45,8,0.00025163961511784924
component_46,component_10,45,9,4.9822060091770486e-05
component_46,component_11,45,10,0.010814980911303746
component_46,component_12,45,11,0.0007594000100410752
component_46,component_13,45,12,8.75481242903346e-06
component_46,component_14,45,13,1.663673236984894e-05
component_46,component_15,45,14,3.887081925906549e-05
component_46,component_16,45,15,4.130452672408814e-07
component_46,component_17,45,16,0.025878520106682762
component_46,component_18,45,17,0.0006428047521898032
component_46,component_19,45,18,9.970643915820249e-06
component_46,component_20,45,19,2.2202570603688145e-05
component_46,component_21,45,20,8.186548693516242e-06
component_46,component_22,45,21,8.30832008317223e-06
component_46,component_23,45,22,0.000481259777784672
component_46,component_24,45,23,6.6907202570676545e-06
component_46,component_25,45,24,6.001244134126519e-06
component_46,component_26,45,25,2.776845439365096e-05
component_46,component_27,45,26,4.967794916552981e-05
component_46,component_28,45,27,1.723943193284485e-05
component_46,component_29,45,28,2.2829442729920268e-05
component_46,component_30,45,29,0.00015475388093656104
component_46,component_31,45,30,2.064143696255466e-05
component_46,component_32,45,31,0.0005388142715954197
component_46,component_33,45,32,1.2344909477934636e-05
component_46,component_34,45,33,0.00022344290935983835
component_46,component_35,45,34,4.198131566314517e-06
component_46,component_36,45,35,0.014651458137310926
component_46,component_37,45,36,0.00018504500899720955
component_46,component_38,45,37,0.000628683227160321
component_46,component_39,45,38,0.0003153939532385226
component_46,component_40,45,39,3.658545675360217e-05
component_46,component_41,45,40,0.00020853513042499034
component_46,component_42,45,41,0.0001284691313460051
component_46,component_43,45,42,0.018295586175643294
component_46,component_44,45,43,4.5038764722309116e-05
component_46,component_45,45,44,0.0006225230137688877
component_46,component_47,45,46,0.0009159075252916746
component_46,component_48,45,47,0.0004977841710607133
component_46,component_49,45,48,6.712681377261268e-06
component_46,component_50,45,49,0.0003060760187251884
component_46,component_51,45,50,1.1690963193436104e-05
component_46,component_52,45,51,4.2735409479949234e-06
component_46,component_53,45,52,5.915834381120026e-06
component_46,component_54,45,53,0.01489957634660121
component_46,component_55,45,54,5.877662933148065e-06
component_46,component_56,45,55,0.00032616052451404817
component_46,component_57,45,56,0.00013240831055725123
component_46,component_58,45,57,6.265724968138831e-06
component_46,component_59,45,58,0.00014295080798151473
component_46,component_60,45,59,2.1331618198501795e-05
component_47,component_01,46,0,7.330977617320188e-06
component_47,component_02,46,1,0.0004676145398137381
component_47,component_03,46,2,0.0006882825383532642
component_47,component_04,46,3,0.0006309304637867307
component_47,component_05,46,4,2.513765851420473e-06
component_47,component_06,46,5,0.00038229541205952273
component_47,component_07,46,6,8.075626610088693e-06
component_47,component_08,46,7,0.0002979392905696749
component_47,component_09,46,8,6.037130782949155e-05
component_47,component_10,46,9,0.02047554713633677
component_47,component_11,46,10,7.070302236912255e-06
component_47,component_12,46,11,4.2834009870024655e-05
component_47,component_13,46,12,0.0007706359844188713
component_47,component_14,46,13,0.00030254979357300683
component_47,component_15,46,14,2.2144163480830325e-06
component_47,component_16,46,15,2.4477446691248345e-05
component_47,component_17,46,16,1.4979716537109376e-05
component_47,component_18,46,17,0.0015999118024991044
component_47,component_19,46,18,2.2240909521073638e-06
component_47,component_20,46,19,0.0006449089649331162
component_47,component_21,46,20,2.9299623596260294e-05
component_47,component_22,46,21,7.052138745753232e-06
component_47,component_23,46,22,4.179312584013108e-06
component_47,component_24,46,23,1.1700268833044167e-05
component_47,component_25,46,24,0.0007380334789463406
component_47,component_26,46,25,0.0006967573170653157
component_47,component_27,46,26,3.3978440042342896e-06
component_47,component_28,46,27,1.4970911375521698e-07
component_47,component_29,46,28,0.021893271052319023
component_47,component_30,46,29,0.018815008716616587
component_47,component_31,46,30,1.4587805559104222e-05
component_47,component_32,46,31,6.16711917545027e-05
component_47,component_33,46,32,0.0003593358677151386
component_47,component_34,46,33,6.818975522032442e-05
component_47,component_35,46,34,8.842105759634265e-06
component_47,component_36,46,35,2.4084802954734046e-05
component_47,component_37,46,36,1.166566007453976e-05
component_47,component_38,46,37,0.015204098174637812
component_47,component_39,46,38,2.8561535101397308e-05
component_47,component_40,46,39,1.2422559463369323e-05
component_47,component_41,46,40,0.0002790406611298601
component_47,component_42,46,41,0.020520132703818098
component_47,component_43,46,42,6.722448828322706e-05
component_47,component_44,46,43,4.93469733294259e-05
component_47,component_45,46,44,0.0005379399018339819
component_47,component_46,46,45,0.00035201707680535395
component_47,component_48,46,47,0.0008444851001349517
component_47,component_49,46,48,1.6401468541000192e-06
component_47,component_50,46,49,2.527722472216391e-05
component_47,component_51,46,50,2.7026949720153905e-05
component_47,component_52,46,51,3.9557516150561786e-05
component_47,component_53,46,52,1.2589781528541348e-05
component_47,component_54,46,53,0.000650245237053895
component_47,component_55,46,54,3.5144654424573655e-05
component_47,component_56,46,55,0.0006892922882590262
component_47,component_57,46,56,0.00032315125207949084
component_47,component_58,46,57,1.9169524187152677e-05
component_47,component_59,46,58,0.0003348716034534264
component_47,component_60,46,59,5.00807111887042e-05
component_48,component_01,47,0,1.1381403347745835e-05
component_48,component_02,47,1,5.413905199297303e-06
component_48,component_03,47,2,2.134851964536399e-05
component_48,component_04,47,3,0.00017052557507933388
component_48,component_05,47,4,1.001368942003186e-05
component_48,component_06,47,5,2.8594287028580306e-06
component_48,component_07,47,6,5.610061227380218e-06
component_48,component_08,47,7,6.516461992268046e-07
component_48,component_09,47,8,6.483369387354287e-07
component_48,component_10,47,9,1.4231854613348965e-05
component_48,component_11,47,10,3.6777311181859644e-06
component_48,component_12,47,11,0.0001961716433598136
component_48,component_13,47,12,0.01600210886742763
component_48,component_14,47,13,0.00011701771872224683
component_48,component_15,47,14,1.016497690384849e-05
component_48,component_16,47,15,2.8339276182485096e-07
component_48,component_17,47,16,8.01619170703176e-05
component_48,component_18,47,17,1.2148428092038853e-05
component_48,component_19,47,18,2.5339719542501436e-06
component_48,component_20,47,19,6.167731414294319e-06
component_48,component_21,47,20,1.3268757430393429e-05
component_48,component_22,47,21,0.00016158773989219407
component_48,component_23,47,22,1.9836772477143403e-05
component_48,component_24,47,23,0.011528504052431074
component_48,component_25,47,24,6.115136418546925e-06
component_48,component_26,47,25,0.00893813517693053
component_48,component_27,47,26,1.868044519647192e-05
component_48,component_28,47,27,7.105823188906765e-07
component_48,component_29,47,28,1.589592235362007e-05
component_48,component_30,47,29,0.008353319127230318
component_48,component_31,47,30,6.021496342287679e-06
component_48,component_32,47,31,0.015431776437250721
component_48,component_33,47,32,0.00048413061536069907
component_48,component_34,47,33,2.7368668956352002e-05
component_48,component_35,47,34,0.00010941481498406237
component_48,component_36,47,35,2.038263128524845e-05
component_48,component_37,47,36,9.904627141574428e-07
component_48,component_38,47,37,5.378378926022971e-05
component_48,component_39,47,38,1.2627044747184533e-06
component_48,component_40,47,39,3.1125100373464743e-06
component_48,component_41,47,40,0.000116160376027217
component_48,component_42,47,41,0.00015286946220464213
component_48,component_43,47,42,6.48798939687299e-06
component_48,component_44,47,43,0.00031807874186026507
component_48,component_45,47,44,0.00012179362430488477
component_48,component_46,47,45,0.00025200874047252647
component_48,component_47,47,46,0.0003020535500186121
component_48,component_49,47,48,8.857437133197637e-06
component_48,component_50,47,49,0.00024861313800701815
component_48,component_51,47,50,5.055933570237546e-06
component_48,component_52,47,51,0.0003114543984507581
component_48,component_53,47,52,1.0583545238161185e-05
component_48,component_54,47,53,0.00038413387648433047
component_48,component_55,47,54,2.00166891021759e-05
component_48,component_56,47,55,6.246215870929894e-06
component_48,component_57,47,56,0.0004933127140522424
component_48,component_58,47,57,0.00035675511684589564
component_48,component_59,47,58,7.945542118116524e-05
component_48,component_60,47,59,2.019018640029734e-06
component_49,component_01,48,0,0.0006897350702562227
component_49,component_02,48,1,5.0375359677675425e-05
component_49,component_03,48,2,0.0006830707454584449
component_49,component_04,48,3,1.6969511230753917e-05
component_49,component_05,48,4,0.00018971243863269175
component_49,component_06,48,5,6.948116851822859e-07
component_49,component_07,48,6,0.0007044825818506683
component_49,component_08,48,7,0.014334717955471445
component_49,component_09,48,8,4.678802128376773e-06
component_49,component_10,48,9,0.017961761786757322
component_49,component_11,48,10,3.817274082400463e-05
component_49,component_12,48,11,0.00023742498651601351
component_49,component_13,48,12,1.5796602070634132e-06
component_49,component_14,48,13,0.00039811243644569686
component_49,component_15,48,14,0.017376233117097146
component_49,component_16,48,15,2.636915827198014e-06
component_49,component_17,48,16,5.8690361375409205e-06
component_49,component_18,48,17,4.2266203996165925e-05
component_49,component_19,48,18,0.00021896967669410357
component_49,component_20,48,19,6.175739906554402e-05
component_49,component_21,48,20,2.2155736415121192e-05
component_49,component_22,48,21,0.025687037889620932
component_49,component_23,48,22,5.189427977427937e-05
component_49,component_24,48,23,2.0314597121158495e-06
component_49,component_25,48,24,0.0013987975079602297
component_49,component_26,48,25,0.0006104030801708256
component_49,component_27,48,26,1.2821994440070176e-05
component_49,component_28,48,27,1.8589293042332245e-06
component_49,component_29,48,28,3.880367246816786e-05
component_49,component_30,48,29,3.812750431616352e-05
component_49,component_31,48,30,0.0003671155038858645
component_49,component_32,48,31,4.98912608550305e-06
component_49,component_33,48,32,4.852476961439433e-06
component_49,component_34,48,33,0.0011697939713109133
component_49,component_35,48,34,8.23828601752863e-06
component_49,component_36,48,35,1.6576034571315722e-05
component_49,component_37,48,36,2.8642821780187266e-05
component_49,component_38,48,37,0.00037577869802917223
component_49,component_39,48,38,6.0364623000208835e-05
component_49,component_40,48,39,3.598813731589505e-05
component_49,component_41,48,40,1.8216968823189422e-06
component_49,component_42,48,41,3.5687373176000124e-05
component_49,component_43,48,42,6.0701086782437865e-05
component_49,component_44,48,43,8.14789004641417e-06
component_49,component_45,48,44,7.638192170671798e-06
component_49,component_46,48,45,2.002069425256625e-05
component_49,component_47,48,46,0.0017238499774860643
component_49,component_48,48,47,1.4856955455906143e-05
component_49,component_50,48,49,0.02397385971452863
component_49,component_51,48,50,0.00035434931618252065
component_49,component_52,48,51,3.61668203441346e-06
component_49,component_53,48,52,3.670886157178434e-05
component_49,component_54,48,53,0.0005555703304500167
component_49,component_55,48,54,0.0008854669618631861
component_49,component_56,48,55,1.6852044590172623e-05
component_49,component_57,48,56,1.3634799953317605e-06
component_49,component_58,48,57,2.0561677210800356e-07
component_49,component_59,48,58,0.00046157071821966686
component_49,component_60,48,59,7.131580651466257e-05
component_50,component_01,49,0,4.35488869687621e-06
component_50,component_02,49,1,4.851201919760317e-07
component_50,component_03,49,2,3.55551806633449e-05
component_50,component_04,49,3,1.2104050557186025e-05
component_50,component_05,49,4,0.0001791565531828416
component_50,component_06,49,5,8.924723399088673e-08
component_50,component_07,49,6,0.00030425075961032326
component_50,component_08,49,7,0.00017205681174663665
component_50,component_09,49,8,2.4891676475484258e-06
component_50,component_10,49,9,2.2893943802552174e-06
component_50,component_11,49,10,0.00010275319921919741
component_50,component_12,49,11,6.295863063819209e-06
component_50,component_13,49,12,3.556153718640881e-06
component_50,component_14,49,13,1.7367871383247363e-05
component_50,component_15,49,14,4.784245206738483e-07
component_50,component_16,49,15,2.539378617840107e-08
component_50,component_17,49,16,1.0473470923331329e-05
component_50,component_18,49,17,9.74658000581346e-06
component_50,component_19,49,18,0.009093550465973738
component_50,component_20,49,19,0.00022476706354505432
component_50,component_21,49,20,6.641872828309026e-06
component_50,component_22,49,21,9.778973310078632e-06
component_50,component_23,49,22,9.548491243288376e-06
component_50,component_24,49,23,1.64553805630668e-05
component_50,component_25,49,24,0.01140483245665278
component_50,component_26,49,25,1.400785185135022e-05
component_50,component_27,49,26,8.803497389127563e-06
component_50,component_28,49,27,3.4204097755222356e-07
component_50,component_29,49,28,8.953581562537362e-06
component_50,component_30,49,29,4.160427860731583e-06
component_50,component_31,49,30,0.0006320325564911271
component_50,component_32,49,31,9.587478473584209e-06
component_50,component_33,49,32,8.92544491657314e-05
component_50,component_34,49,33,8.770621797958243e-06
component_50,component_35,49,34,5.1348706888143325e-06
component_50,component_36,49,35,0.00018376742013408347
component_50,component_37,49,36,0.0006173689446719832
component_50,component_38,49,37,0.0003539872635393618
component_50,component_39,49,38,0.00048212395273526166
component_50,component_40,49,39,0.00013371149404015845
component_50,component_41,49,40,6.455245423473172e-06
component_50,component_42,49,41,4.494668396380593e-06
component_50,component_43,49,42,5.542701738772857e-06
component_50,component_44,49,43,1.1531475876837949e-05
component_50,component_45,49,44,6.890905734834772e-06
component_50,component_46,49,45,0.00013153386633965854
component_50,component_47,49,46,1.2942592925574243e-06
component_50,component_48,49,47,0.00020288775370676677
component_50,component_49,49,48,9.049098980403424e-06
component_50,component_51,49,50,0.014542896459686795
component_50,component_52,49,51,1.1996191589140166e-05
component_50,component_53,49,52,1.2292993995194178e-05
component_50,component_54,49,53,1.2465804415222723e-05
component_50,component_55,49,54,0.01544707575319058
component_50,component_56,49,55,0.00021733377176090247
component_50,component_57,49,56,1.9006936117661672e-06
component_50,component_58,49,57,1.3979188164354414e-07
component_50,component_59,49,58,0.010095791695783373
component_50,component_60,49,59,0.0005638217863118695
component_51,component_01,50,0,3.049985833979451e-05
component_51,component_02,50,1,2.074132848591545e-06
component_51,component_03,50,2,0.0014052424699043224
component_51,component_04,50,3,0.0002812148414651927
component_51,component_05,50,4,5.314672321546036e-06
component_51,component_06,50,5,3.314681366602239e-07
component_51,component_07,50,6,0.013915658866719078
component_51,component_08,50,7,1.8327213086626556e-05
component_51,component_09,50,8,2.2985951651624492e-05
component_51,component_10,50,9,8.033038684570246e-05
component_51,component_11,50,10,0.0006810746454715682
component_51,component_12,50,11,6.282112604728074e-05
component_51,component_13,50,12,1.371204294320873e-07
component_51,component_14,50,13,0.0004888857214913306
component_51,component_15,50,14,3.6441068999689694e-06
component_51,component_16,50,15,1.0857120963815473e-07
component_51,component_17,50,16,0.0001886185779382218
component_51,component_18,50,17,0.0003865539797025745
component_51,component_19,50,18,1.8134269859393037e-05
component_51,component_20,50,19,0.0008136696388021305
component_51,component_21,50,20,2.622371250596561e-05
component_51,component_22,50,21,0.00041718442154088154
component_51,component_23,50,22,0.000416286896779129
component_51,component_24,50,23,7.1673939432965224e-06
component_51,component_25,50,24,0.024354649055584817
component_51,component_26,50,25,3.1856690290796266e-06
component_51,component_27,50,26,0.00022773597243136377
component_51,component_28,50,27,1.491200792759784e-05
component_51,component_29,50,28,2.126094482367742e-06
component_51,component_30,50,29,1.55440232885664e-05
component_51,component_31,50,30,0.04282537412356168
component_51,component_32,50,31,0.0004183124897245057
component_51,component_33,50,32,0.00020410309936572688
component_51,component_34,50,33,3.281744305114591e-05
component_51,component_35,50,34,1.2018322845268918e-05
component_51,component_36,50,35,3.1026145933192956e-05
component_51,component_37,50,36,0.01602344444826361
component_51,component_38,50,37,0.014875277806287867
component_51,component_39,50,38,0.0008770520201283832
component_51,component_40,50,39,0.0006781311835723285
component_51,component_41,50,40,1.4459532447725885e-05
component_51,component_42,50,41,4.895709782876141e-06
component_51,component_43,50,42,0.0001298347517726368
component_51,component_44,50,43,0.00028717455844050164
component_51,component_45,50,44,0.0002750381573324267
component_51,component_46,50,45,0.00031266730094615995
component_51,component_47,50,46,2.132754124589917e-05
component_51,component_48,50,47,3.974296707025462e-06
component_51,component_49,50,48,2.523442924848457e-05
component_51,component_50,50,49,2.763565026373512e-05
component_51,component_52,50,51,0.00030583140108083435
component_51,component_53,50,52,0.0007137763619818586
component_51,component_54,50,53,2.5379041947043453e-05
component_51,component_55,50,54,2.7644132778054774e-05
component_51,component_56,50,55,1.930607027778326e-05
component_51,component_57,50,56,1.0564349865828358e-05
component_51,component_58,50,57,5.591200641625671e-07
component_51,component_59,50,58,0.0007218290885279404
component_51,component_60,50,59,9.27144521897544e-05
component_52,component_01,51,0,0.0002453964398457903
component_52,component_02,51,1,1.4838453126616001e-05
component_52,component_03,51,2,4.364447548024593e-05
component_52,component_04,51,3,1.0943143112094315e-05
component_52,component_05,51,4,0.0001683075151505962
component_52,component_06,51,5,2.9596983064272954e-07
component_52,component_07,51,6,0.00010575334030522947
component_52,component_08,51,7,0.0004051744397734521
component_52,component_09,51,8,1.4324681282516878e-06
component_52,component_10,51,9,0.0005256575494750306
component_52,component_11,51,10,6.110648438974223e-06
component_52,component_12,51,11,0.0005566753452685635
component_52,component_13,51,12,2.9429609557211947e-06
component_52,component_14,51,13,2.047833135465941e-05
component_52,component_15,51,14,0.0005189863220724334
component_52,component_16,51,15,7.767240204549769e-07
component_52,component_17,51,16,3.835343000929759e-06
component_52,component_18,51,17,2.0667386977880618e-05
component_52,component_19,51,18,6.2749013225733034e-06
component_52,component_20,51,19,0.00016705787946547435
component_52,component_21,51,20,5.642953421999733e-06
component_52,component_22,51,21,0.0008384112241865576
component_52,component_23,51,22,0.00033695720900784156
component_52,component_24,51,23,0.0075681988480887025
component_52,component_25,51,24,0.008668209985217988
component_52,component_26,51,25,2.8750397057134544e-05
component_52,component_27,51,26,0.0290160777204508
component_52,component_28,51,27,1.2070302022146416e-05
component_52,component_29,51,28,1.2337865301790458e-05
component_52,component_30,51,29,0.00014705889234171497
component_52,component_31,51,30,3.159388162964037e-05
component_52,component_32,51,31,3.40424556205509e-06
component_52,component_33,51,32,7.2092413532758845e-06
component_52,component_34,51,33,4.441589701215989e-05
component_52,component_35,51,34,0.00040769739553203605
component_52,component_36,51,35,9.414465419902242e-06
component_52,component_37,51,36,0.00029628072226389133
component_52,component_38,51,37,0.0003919435249498626
component_52,component_39,51,38,0.0003105685238992455
component_52,component_40,51,39,0.00010022928721599737
component_52,component_41,51,40,5.008741888751954e-06
component_52,component_42,51,41,5.447873893416314e-06
component_52,component_43,51,42,4.039273486082846e-06
component_52,component_44,51,43,0.0002184653799523459
component_52,component_45,51,44,1.1046675841046595e-05
component_52,component_46,51,45,1.0084572291848743e-05
component_52,component_47,51,46,0.00024691287955455507
component_52,component_48,51,47,0.00015725280339777697
component_52,component_49,51,48,0.0282524183533605
component_52,component_50,51,49,0.0006798084663163261
component_52,component_51,51,50,2.129093581677611e-05
component_52,component_53,51,52,2.256317018418699e-06
component_52,component_54,51,53,0.0002776808342469976
component_52,component_55,51,54,0.011954767629672933
component_52,component_56,51,55,2.069075106960633e-05
component_52,component_57,51,56,2.7801468200239404e-06
component_52,component_58,51,57,1.1710797798690902e-07
component_52,component_59,51,58,0.00010468547858149581
component_52,component_60,51,59,0.00043714814899578185
component_53,component_01,52,0,0.013335929416368995
component_53,component_02,52,1,0.0005690472451109055
component_53,component_03,52,2,0.0005640900062958031
component_53,component_04,52,3,0.00023103278793308352
component_53,component_05,52,4,0.0008865083119251595
component_53,component_06,52,5,8.060730476454334e-07
component_53,component_07,52,6,3.6157611325222004e-05
component_53,component_08,52,7,0.02510696751119045
component_53,component_09,52,8,5.1408332466228836e-05
component_53,component_10,52,9,8.965260125998742e-05
component_53,component_11,52,10,4.907885935512651e-06
component_53,component_12,52,11,0.019600350149898183
component_53,component_13,52,12,9.900454955967223e-08
component_53,component_14,52,13,0.0006793051090375091
component_53,component_15,52,14,0.0010003342297160004
component_53,component_16,52,15,2.9786977138375773e-05
component_53,component_17,52,16,7.3309438998238485e-06
component_53,component_18,52,17,0.000867476677358514
component_53,component_19,52,18,0.024166073941543905
component_53,component_20,52,19,4.559577203793261e-05
component_53,component_21,52,20,1.2836092822355246e-05
component_53,component_22,52,21,0.000793561065684775
component_53,component_23,52,22,0.0010103579386775599
component_53,component_24,52,23,5.976243157930552e-06
component_53,component_25,52,24,0.001550965048222287
component_53,component_26,52,25,5.841218663537449e-05
component_53,component_27,52,26,0.0009407427734936906
component_53,component_28,52,27,3.619250499557533e-05
component_53,component_29,52,28,1.2578628085380904e-06
component_53,component_30,52,29,1.1561008252772001e-05
component_53,component_31,52,30,0.0008027338368751632
component_53,component_32,52,31,3.175741961746795e-05
component_53,component_33,52,32,1.0296152776782033e-06
component_53,component_34,52,33,0.0006039249626557745
component_53,component_35,52,34,1.4695702485467761e-05
component_53,component_36,52,35,0.0004793586363663212
component_53,component_37,52,36,1.0765087276934533e-05
component_53,component_38,52,37,0.01227210020070596
component_53,component_39,52,38,8.731867926590449e-05
component_53,component_40,52,39,0.00011015279144003746
component_53,component_41,52,40,7.68724430936507e-06
component_53,component_42,52,41,1.1966845291148567e-05
component_53,component_43,52,42,5.4574757301978285e-05
component_53,component_44,52,43,0.0005548761861933728
component_53,component_45,52,44,0.00022700299212804882
component_53,component_46,52,45,0.00026003363103907484
component_53,component_47,52,46,2.8643018954191752e-05
component_53,component_48,52,47,3.468701522940625e-06
component_53,component_49,52,48,4.3048950609496446e-06
component_53,component_50,52,49,0.0012329087380197135
component_53,component_51,52,50,2.1294399982824663e-05
component_53,component_52,52,51,2.9356871533420748e-05
component_53,component_54,52,53,0.00011147319903105448
component_53,component_55,52,54,4.777942476338047e-05
component_53,component_56,52,55,0.0005433493275644288
component_53,component_57,52,56,5.0286457818001695e-06
component_53,component_58,52,57,1.8923023904154697e-06
component_53,component_59,52,58,4.0925659787131e-05
component_53,component_60,52,59,3.410744701605022e-05
component_54,component_01,53,0,4.0414946420456365e-06
component_54,component_02,53,1,0.0002517542295145204
component_54,component_03,53,2,0.00017438067895177647
component_54,component_04,53,3,1.9375190344703612e-05
component_54,component_05,53,4,8.726265935573493e-07
component_54,component_06,53,5,7.80430802944576e-06
component_54,component_07,53,6,7.669716391919752e-06
component_54,component_08,53,7,1.1496693753800641e-05
component_54,component_09,53,8,1.733939137209257e-05
component_54,component_10,53,9,0.0005600452753573965
component_54,component_11,53,10,7.91417940287855e-05
component_54,component_12,53,11,1.7414635796689486e-05
component_54,component_13,53,12,1.1037206017089945e-05
component_54,component_14,53,13,0.00013266386318834544
component_54,component_15,53,14,9.216052322797536e-07
component_54,component_16,53,15,1.3178163225404762e-05
component_54,component_17,53,16,6.03567443233347e-06
component_54,component_18,53,17,3.510012417206696e-05
component_54,component_19,53,18,7.447777778486785e-06
component_54,component_20,53,19,0.00018326738832512724
component_54,component_21,53,20,0.00025101073892787546
component_54,component_22,53,21,1.924530306221518e-06
component_54,component_23,53,22,1.3899488182746183e-06
component_54,component_24,53,23,7.299527152265738e-07
component_54,component_25,53,24,2.3943141064747077e-05
component_54,component_26,53,25,1.8985746806036474e-05
component_54,component_27,53,26,4.63671044865651e-06
component_54,component_28,53,27,4.9790007702460864e-08
component_54,component_29,53,28,0.0003130918727170063
component_54,component_30,53,29,0.008997995246307695
component_54,component_31,53,30,1.1198635753713991e-05
component_54,component_32,53,31,5.344061537718456e-06
component_54,component_33,53,32,0.00024257692814710764
component_54,component_34,53,33,0.01372488944562301
component_54,component_35,53,34,9.863741209744345e-07
component_54,component_36,53,35,0.019192282938267115
component_54,component_37,53,36,0.00024293386835407135
component_54,component_38,53,37,0.0002328711529831745
component_54,component_39,53,38,6.871060279737087e-05
component_54,component_40,53,39,7.369374878349868e-06
component_54,component_41,53,40,0.0003976988287445567
component_54,component_42,53,41,0.0004188645227081177
component_54,component_43,53,42,1.7621024286285642e-05
component_54,component_44,53,43,1.0243473382133717e-05
component_54,component_45,53,44,0.000132833107233311
component_54,component_46,53,45,0.00012145316730732123
component_54,component_47,53,46,0.014055851586036991
component_54,component_48,53,47,1.3106388429926574e-05
component_54,component_49,53,48,1.8940656744211156e-06
component_54,component_50,53,49,3.460020586100432e-06
component_54,component_51,53,50,0.0001260484680432187
component_54,component_52,53,51,2.3106144439139243e-05
component_54,component_53,53,52,0.0002869627789233831
component_54,component_55,53,54,1.4159890209443757e-06
component_54,component_56,53,55,1.552784827791391e-05
component_54,component_57,53,56,0.0003126330538563053
component_54,component_58,53,57,9.520745484448641e-07
component_54,component_59,53,58,0.009024927904417921
component_54,component_60,53,59,1.2731338160346308e-05
component_55,component_01,54,0,3.2965754525171664e-06
component_55,component_02,54,1,1.413882559946685e-06
component_55,component_03,54,2,4.1377538293671715e-06
component_55,component_04,54,3,2.1131430570912706e-05
component_55,component_05,54,4,0.011577007898380079
component_55,component_06,54,5,4.048475903446041e-07
component_55,component_07,54,6,1.932567107652823e-05
component_55,component_08,54,7,8.621223025577674e-06
component_55,component_09,54,8,2.0536081660108492e-07
component_55,component_10,54,9,2.814333240546238e-06
component_55,component_11,54,10,1.6138619095084537e-06
component_55,component_12,54,11,4.0709041213037173e-05
component_55,component_13,54,12,0.0002298794338484289
component_55,component_14,54,13,0.00033972450374005956
component_55,component_15,54,14,2.4520465676307355e-06
component_55,component_16,54,15,7.401017727670742e-08
component_55,component_17,54,16,0.00028411278885464387
component_55,component_18,54,17,4.236489504690673e-06
component_55,component_19,54,18,7.579507706943213e-07
component_55,component_20,54,19,0.013729731651045449
component_55,component_21,54,20,0.00032528211185939336
component_55,component_22,54,21,1.5139729139269602e-05
component_55,component_23,54,22,5.7791762308359004e-06
component_55,component_24,54,23,0.0010566701766023666
component_55,component_25,54,24,0.0005433996838888347
component_55,component_26,54,25,0.0007905650103570137
component_55,component_27,54,26,0.00033133436730930696
component_55,component_28,54,27,2.0701857885989232e-07
component_55,component_29,54,28,0.0005744888990761068
component_55,component_30,54,29,0.00014119167830661466
component_55,component_31,54,30,0.000517977571220506
component_55,component_32,54,31,0.00021322832183520525
component_55,component_33,54,32,0.0003037722635463965
component_55,component_34,54,33,3.504730782945322e-05
component_55,component_35,54,34,1.8736579217875338e-05
component_55,component_36,54,35,7.65331332375854e-05
component_55,component_37,54,36,0.024556836927637587
component_55,component_38,54,37,2.197191082263998e-05
component_55,component_39,54,38,0.00044488630121252234
component_55,component_40,54,39,0.0016829180413378175
component_55,component_41,54,40,0.00023592992868576708
component_55,component_42,54,41,2.155174764334936e-05
component_55,component_43,54,42,1.0507312048732663e-06
component_55,component_44,54,43,0.00043368473931532835
component_55,component_45,54,44,1.4735722728354738e-05
component_55,component_46,54,45,3.752218288468661e-05
component_55,component_47,54,46,4.383626437357666e-05
component_55,component_48,54,47,0.013124497560232784
component_55,component_49,54,48,2.157053748049454e-05
component_55,component_50,54,49,2.9967420537720562e-05
component_55,component_51,54,50,0.000470313579494054
component_55,component_52,54,51,0.00047931530175711703
component_55,component_53,54,52,1.9863788036100587e-05
component_55,component_54,54,53,0.0006475646236764876
component_55,component_56,54,55,0.0012598449997508862
component_55,component_57,54,56,1.4719977426465783e-05
component_55,component_58,54,57,5.131243753999991e-06
component_55,component_59,54,58,3.210652465721312e-05
component_55,component_60,54,59,0.03635858565549402
component_56,component_01,55,0,3.1434375065351386e-06
component_56,component_02,55,1,0.000490770132630548
component_56,component_03,55,2,2.068246503779833e-05
component_56,component_04,55,3,0.00024989240211825036
component_56,component_05,55,4,9.44361935958924e-06
component_56,component_06,55,5,0.0002678548626907645
component_56,component_07,55,6,9.199047577001503e-06
component_56,component_08,55,7,7.065146747857177e-06
component_56,component_09,55,8,5.0150958543991806e-05
component_56,component_10,55,9,0.0001818282598998095
component_56,component_11,55,10,0.00016789223241324945
component_56,component_12,55,11,3.5670462879873146e-05
component_56,component_13,55,12,2.3931179305297247e-07
component_56,component_14,55,13,1.438913321597629e-05
component_56,component_15,55,14,1.8387315550048686e-06
component_56,component_16,55,15,2.5689534298711297e-05
component_56,component_17,55,16,0.00046763678713690904
component_56,component_18,55,17,0.0008567679715045889
component_56,component_19,55,18,0.00012488346476636353
component_56,component_20,55,19,0.0005449859111849245
component_56,component_21,55,20,0.00017705803946085463
component_56,component_22,55,21,7.046450778924051e-07
component_56,component_23,55,22,1.0112503545160647e-05
component_56,component_24,55,23,9.1440935614376e-07
component_56,component_25,55,24,0.00015684282081185704
component_56,component_26,55,25,0.008603410177445035
component_56,component_27,55,26,2.992513396096323e-06
component_56,component_28,55,27,3.622447264135393e-07
component_56,component_29,55,28,1.5210869992381224e-06
component_56,component_30,55,29,1.3992088947840676e-05
component_56,component_31,55,30,1.1044923193241361e-05
component_56,component_32,55,31,3.3243067676683546e-05
component_56,component_33,55,32,2.479867741626635e-06
component_56,component_34,55,33,0.009252101467434876
component_56,component_35,55,34,0.00010521670938055262
component_56,component_36,55,35,0.00022760940379210425
component_56,component_37,55,36,1.8428128772423562e-05
component_56,component_38,55,37,8.439043811960884e-05
component_56,component_39,55,38,1.1989327074567456e-05
component_56,component_40,55,39,2.994345259700046e-06
component_56,component_41,55,40,1.7629466649384624e-05
component_56,component_42,55,41,0.014377185990161037
component_56,component_43,55,42,0.0002817085168385888
component_56,component_44,55,43,1.4364449043044286e-05
component_56,component_45,55,44,1.4326567050565986e-05
component_56,component_46,55,45,0.01532558130920394
component_56,component_47,55,46,5.132790690282745e-05
component_56,component_48,55,47,1.1668180369628083e-05
component_56,component_49,55,48,1.0579456618391911e-06
component_56,component_50,55,49,0.013078495272450563
component_56,component_51,55,50,0.0002124549246381704
component_56,component_52,55,51,2.912828429108878e-05
component_56,component_53,55,52,0.00018961470615836294
component_56,component_54,55,53,0.00025313096531799287
component_56,component_55,55,54,0.00021585214308300326
component_56,component_57,55,56,6.549160273074859e-06
component_56,component_58,55,57,1.7754866349522287e-06
component_56,component_59,55,58,0.0002011550296760288
component_56,component_60,55,59,1.7563855497716458e-05
component_57,component_01,56,0,8.965003005226537e-06
component_57,component_02,56,1,6.549974767332644e-06
component_57,component_03,56,2,0.014244351448368579
component_57,component_04,56,3,0.00047101726160919243
component_57,component_05,56,4,7.745227998850522e-06
component_57,component_06,56,5,4.833952866884785e-06
component_57,component_07,56,6,0.0005845204111679964
component_57,component_08,56,7,0.000256323726459213
component_57,component_09,56,8,2.339542960575591e-06
component_57,component_10,56,9,0.0005334623659931631
component_57,component_11,56,10,3.126040841728879e-05
component_57,component_12,56,11,0.00016119897568169016
component_57,component_13,56,12,0.0006628368582081041
component_57,component_14,56,13,0.0005354938010659041
component_57,component_15,56,14,8.512796492539777e-06
component_57,component_16,56,15,3.4286072084129044e-07
component_57,component_17,56,16,4.361030858822602e-06
component_57,component_18,56,17,6.20935047405791e-05
component_57,component_19,56,18,1.7959455285603453e-06
component_57,component_20,56,19,0.0005962082962200274
component_57,component_21,56,20,0.02554362789562054
component_57,component_22,56,21,1.9224504363116766e-05
component_57,component_23,56,22,5.433655806400286e-05
component_57,component_24,56,23,3.3371698341822455e-05
component_57,component_25,56,24,5.831302304049816e-05
component_57,component_26,56,25,3.0307229144091214e-05
component_57,component_27,56,26,2.8702560200104445e-05
component_57,component_28,56,27,1.9464152988670643e-06
component_57,component_29,56,28,0.01881632200049411
component_57,component_30,56,29,3.250286724426846e-05
component_57,component_31,56,30,4.3585365003304305e-05
component_57,component_32,56,31,0.012657191077039054
component_57,component_33,56,32,0.0001534939834355658
component_57,component_34,56,33,1.7745686907599408e-05
component_57,component_35,56,34,8.23208984755722e-07
component_57,component_36,56,35,0.018726629168725993
component_57,component_37,56,36,0.0002441885435326228
component_57,component_38,56,37,6.133395170626682e-05
component_57,component_39,56,38,5.305351654667477e-06
component_57,component_40,56,39,1.8377525403917568e-05
component_57,component_41,56,40,0.00027390580820607435
component_57,component_42,56,41,0.00025778613489275606
component_57,component_43,56,42,0.0012591601528169068
component_57,component_44,56,43,3.1224577088814647e-05
component_57,component_45,56,44,4.5815870382935826e-06
component_57,component_46,56,45,5.258329039818874e-05
component_57,component_47,56,46,5.349049823550845e-05
component_57,component_48,56,47,0.000757575112404161
component_57,component_49,56,48,1.6492184755693628e-05
component_57,component_50,56,49,0.00015687324252502716
component_57,component_51,56,50,0.0005019380197406591
component_57,component_52,56,51,0.0005768702791059192
component_57,component_53,56,52,1.2598000730321165e-05
component_57,component_54,56,53,2.0771691365343933e-05
component_57,component_55,56,54,3.517566871788118e-05
component_57,component_56,56,55,0.0006159902873205186
component_57,component_58,56,57,1.4840408301711504e-05
component_57,component_59,56,58,0.0002896337602178801
component_57,component_60,56,59,0.0008101816232363047
component_58,component_01,57,0,0.029482094950537798
component_58,component_02,57,1,0.001261848763397804
component_58,component_03,57,2,0.0009328017975304158
component_58,component_04,57,3,5.898304195579608e-06
component_58,component_05,57,4,1.0726909862004561e-05
component_58,component_06,57,5,1.9829046180683964e-05
component_58,component_07,57,6,0.0009540965414225884
component_58,component_08,57,7,3.748254706658998e-06
component_58,component_09,57,8,0.00010485657087962763
component_58,component_10,57,9,0.0022992785764941568
component_58,component_11,57,10,0.0002418318618307958
component_58,component_12,57,11,5.263634999978535e-05
component_58,component_13,57,12,7.60495382632808e-07
component_58,component_14,57,13,5.504918635047538e-05
component_58,component_15,57,14,3.8775244069638265e-06
component_58,component_16,57,15,6.605191500416209e-05
component_58,component_17,57,16,8.39645387542081e-06
component_58,component_18,57,17,0.0012249274783512178
component_58,component_19,57,18,5.4497906116817995e-06
component_58,component_20,57,19,9.584174837075257e-05
component_58,component_21,57,20,3.045369495281642e-05
component_58,component_22,57,21,0.0355049920851243
component_58,component_23,57,22,0.033814896871780596
component_58,component_24,57,23,2.680393578341251e-06
component_58,component_25,57,24,9.07029244638772e-05
component_58,component_26,57,25,7.753796137110718e-05
component_58,component_27,57,26,0.000828276533540819
component_58,component_28,57,27,0.001211299260496389
component_58,component_29,57,28,1.4959969459214514e-05
component_58,component_30,57,29,0.0002494085241021834
component_58,component_31,57,30,0.0016107359434989136
component_58,component_32,57,31,4.950113534876827e-05
component_58,component_33,57,32,0.00018697449343736092
component_58,component_34,57,33,0.0015746397973637981
component_58,component_35,57,34,1.4228742534847699e-05
component_58,component_36,57,35,0.0005171233062169305
component_58,component_37,57,36,3.0140277657240078e-05
component_58,component_38,57,37,0.00011188909336309251
component_58,component_39,57,38,0.0001735903216491463
component_58,component_40,57,39,3.622530259356502e-05
component_58,component_41,57,40,1.2719758246838525e-05
component_58,component_42,57,41,1.678717073014122e-05
component_58,component_43,57,42,8.762974885673622e-05
component_58,component_44,57,43,5.2519365652475336e-06
component_58,component_45,57,44,8.953724748222117e-06
component_58,component_46,57,45,0.0002866881469026882
component_58,component_47,57,46,0.000618692635720496
component_58,component_48,57,47,1.5194973432967444e-05
component_58,component_49,57,48,6.860982637480504e-05
component_58,component_50,57,49,1.152152938449035e-05
component_58,component_51,57,50,0.00029059480897599007
component_58,component_52,57,51,6.527161013331157e-05
component_58,component_53,57,52,9.975681304283416e-05
component_58,component_54,57,53,0.02665536674218325
component_58,component_55,57,54,0.0007121243457291022
component_58,component_56,57,55,8.83146186303962e-06
component_58,component_57,57,56,1.0162541636422591e-05
component_58,component_59,57,58,0.022451171976554184
component_58,component_60,57,59,7.960572124498307e-05
component_59,component_01,58,0,3.6965877095941747e-06
component_59,component_02,58,1,4.379690923625389e-06
component_59,component_03,58,2,0.0002011459800915199
component_59,component_04,58,3,8.669325662347879e-05
component_59,component_05,58,4,1.861874236072428e-05
component_59,component_06,58,5,4.3664275027281844e-08
component_59,component_07,58,6,0.0001785425827088325
component_59,component_08,58,7,5.767466718880304e-06
component_59,component_09,58,8,0.00019253198336282684
component_59,component_10,58,9,1.4824906295764355e-05
component_59,component_11,58,10,0.008721568442304714
component_59,component_12,58,11,0.00033059827415556764
component_59,component_13,58,12,1.2356712273645725e-07
component_59,component_14,58,13,1.5346374602091586e-05
component_59,component_15,58,14,1.923093189688513e-05
component_59,component_16,58,15,2.2925645372337313e-07
component_59,component_17,58,16,0.0003115853638701297
component_59,component_18,58,17,1.3368064713348946e-05
component_59,component_19,58,18,1.1117043200456903e-05
component_59,component_20,58,19,2.0543954998741616e-05
component_59,component_21,58,20,4.139185510115859e-06
component_59,component_22,58,21,9.341394802199268e-06
component_59,component_23,58,22,2.2175365276830458e-05
component_59,component_24,58,23,5.521855408489444e-07
component_59,component_25,58,24,0.00031477035924798674
component_59,component_26,58,25,1.6714614964998334e-06
component_59,component_27,58,26,1.8759150161447744e-05
component_59,component_28,58,27,7.943541470173237e-07
component_59,component_29,58,28,5.407929575324133e-07
component_59,component_30,58,29,0.00014336820968217765
component_59,component_31,58,30,0.0005515166861808366
component_59,component_32,58,31,1.1881388199801752e-05
component_59,component_33,58,32,0.008087559679468103
component_59,component_34,58,33,0.00019876352781602463
component_59,component_35,58,34,7.587533679431431e-05
component_59,component_36,58,35,0.0001757899337887422
component_59,component_37,58,36,0.00020709697269033435
component_59,component_38,58,37,0.0002002791566825714
component_59,component_39,58,38,0.007528221852616161
component_59,component_40,58,39,1.0801897556995086e-05
component_59,component_41,58,40,4.806518239882096e-06
component_59,component_42,58,41,1.6567636182562066e-06
component_59,component_43,58,42,0.00023602155397630905
component_59,component_44,58,43,1.707361824288785e-05
component_59,component_45,58,44,1.8750266764522786e-05
component_59,component_46,58,45,0.011951034997803991
component_59,component_47,58,46,1.2528139745380502e-05
component_59,component_48,58,47,6.553441977158011e-06
component_59,component_49,58,48,0.0001358894781197602
component_59,component_50,58,49,0.00024157362843679297
component_59,component_51,58,50,0.012771432863303935
component_59,component_52,58,51,4.259119807005654e-06
component_59,component_53,58,52,0.00014617627700456098
component_59,component_54,58,53,0.0001802684158483387
component_59,component_55,58,54,8.659591945622938e-06
component_59,component_56,58,55,6.172107684818389e-06
component_59,component_57,58,56,4.210679326213222e-06
component_59,component_58,58,57,4.645498267225048e-06
component_59,component_60,58,59,1.1927049893528797e-05
component_60,component_01,59,0,5.869801153716905e-06
component_60,component_02,59,1,1.8240634806660246e-05
component_60,component_03,59,2,3.0376195545326735e-05
component_60,component_04,59,3,2.6828461209428373e-05
component_60,component_05,59,4,8.279552847537149e-06
component_60,component_06,59,5,9.558270034130746e-06
component_60,component_07,59,6,0.00014613068953544595
component_60,component_08,59,7,0.00021498453757393216
component_60,component_09,59,8,2.1675357396317783e-06
component_60,component_10,59,9,3.3677915312985456e-05
component_60,component_11,59,10,1.6278146750212726e-05
component_60,component_12,59,11,0.00017377210539787024
component_60,component_13,59,12,0.000555460530872606
component_60,component_14,59,13,2.199769609598499e-05
component_60,component_15,59,14,9.040235215863044e-06
component_60,component_16,59,15,9.548124108211017e-07
component_60,component_17,59,16,2.1631706788553076e-05
component_60,component_18,59,17,3.58997370141533e-05
component_60,component_19,59,18,4.532970057202464e-06
component_60,component_20,59,19,2.4092177523378473e-05
component_60,component_21,59,20,0.0001657987367923053
component_60,component_22,59,21,0.0003211102072065957
component_60,component_23,59,22,1.0444560943838934e-05
component_60,component_24,59,23,0.024711566668552346
component_60,component_25,59,24,0.014511143865163932
component_60,component_26,59,25,0.00030333615883371416
component_60,component_27,59,26,1.4765038364219272e-05
component_60,component_28,59,27,3.741395100346899e-07
component_60,component_29,59,28,0.0157811111509804
component_60,component_30,59,29,0.00047653766781988394
component_60,component_31,59,30,0.00017212632306882556
component_60,component_32,59,31,1.2610250411269273e-05
component_60,component_33,59,32,2.2894208136886742e-05
component_60,component_34,59,33,0.0003554660162157802
component_60,component_35,59,34,9.046517004359322e-06
component_60,component_36,59,35,0.0005832393615539253
component_60,component_37,59,36,0.0004443625766631161
component_60,component_38,59,37,0.00019376760065891767
component_60,component_39,59,38,0.0005115682999152074
component_60,component_40,59,39,0.014884008109884429
component_60,component_41,59,40,1.5387088338584024e-05
component_60,component_42,59,41,0.0005127304773366412
component_60,component_43,59,42,1.2653828385051599e-05
component_60,component_44,59,43,0.0006587191565690419
component_60,component_45,59,44,1.618416775853817e-05
component_60,component_46,59,45,0.0005459696457148346
component_60,component_47,59,46,0.0006436271749971538
component_60,component_48,59,47,0.0006068831247929351
component_60,component_49,59,48,9.915252254752564e-06
component_60,component_50,59,49,0.00046313624179499094
component_60,component_51,59,50,2.289440362177786e-05
component_60,component_52,59,51,2.380708177827141e-05
component_60,component_53,59,52,1.0839603058342781e-05
component_60,component_54,59,53,0.000799015074194437
component_60,component_55,59,54,1.5316788925902522e-05
component_60,component_56,59,55,0.03446940740120977
component_60,component_57,59,56,1.6581981863957993e-05
component_60,component_58,59,57,1.2455926088771826e-05
component_60,component_59,59,58,0.0003871540065234503
